Video ID,AU01_r,AU02_r,AU04_r,AU05_r,AU06_r,AU07_r,AU09_r,AU10_r,AU12_r,AU14_r,AU15_r,AU17_r,AU20_r,AU23_r,AU25_r,AU26_r,AU45_r,cluster
 -3rGtR_J1rQ,0.23,0.0,0.0,0.0,1.5,1.87,0.7,0.87,1.63,1.46,0.0,2.37,1.93,0.87,0.0,0.0,0.56,1
 -83rdiEyMMY,2.17,0.0,0.9,1.61,0.75,2.06,0.6,1.9,0.77,0.58,1.47,0.8,0.0,3.4,0.95,0.49,0.0,1
 -9AnHP7fGng,2.58,1.0,1.3,2.95,0.72,0.82,0.24,0.32,0.22,1.72,0.73,0.65,1.74,1.02,1.21,3.47,0.69,1
 -9hDaG3nJwg,0.04,0.25,0.33,0.0,0.44,2.3,1.28,1.09,0.0,0.35,2.29,2.37,0.0,1.01,0.0,0.0,0.5,1
 -CNp8hYVIyo,4.02,3.52,0.11,0.84,0.75,1.3,0.76,2.19,1.38,0.45,0.3,0.0,0.41,0.0,0.72,1.25,0.43,1
 -DNUgid1yik,3.07,4.02,0.37,2.84,0.16,0.0,0.87,1.5,1.6,1.28,0.0,0.45,0.57,0.0,2.06,0.7,0.0,1
 -E2Qm5MhU8w,0.89,0.05,0.0,0.0,1.99,0.0,0.79,1.15,1.69,1.26,1.26,2.57,2.44,0.0,1.57,0.0,3.77,0
 -F6GwSrtXhM,1.32,0.0,0.81,0.22,1.9,3.01,0.57,1.4,1.85,0.99,0.0,0.0,0.71,0.0,2.94,1.43,0.83,0
 -FBmCITGFD4,0.42,0.13,1.26,0.0,2.93,3.84,0.93,3.09,3.11,1.66,0.89,0.0,0.64,0.0,3.38,1.36,1.28,0
 -HmG-L3piEE,1.61,1.13,1.17,1.08,2.12,1.93,2.22,1.03,1.87,0.39,1.83,3.08,1.9,0.65,1.66,2.09,1.42,0
 -HqYdiz61kc,1.77,0.92,1.73,1.3,2.91,2.84,1.14,1.31,2.44,2.2,0.91,0.27,1.26,0.1,1.06,1.78,1.52,0
 -Io9ico0m5c,1.46,0.4,0.89,1.16,0.52,1.36,0.0,0.5,0.69,0.09,0.25,1.0,0.7,0.87,0.0,0.0,0.67,1
 -K9-pGT52pE,1.82,0.84,1.17,0.12,2.61,1.59,1.13,2.72,3.39,1.82,0.25,0.56,1.64,0.73,2.31,1.51,1.05,0
 -L4QaGucxdE,0.37,0.26,0.0,1.52,0.24,0.0,0.84,0.0,0.53,0.0,0.75,0.15,1.56,0.0,0.57,0.0,0.0,1
 -N4O6BAzCGM,1.66,1.09,1.12,1.29,0.0,1.69,0.24,0.96,0.0,0.95,1.73,2.31,1.51,0.0,1.08,2.26,0.79,1
 -OJnaNi0Pdg,0.57,0.0,0.39,0.28,0.0,0.0,0.0,0.0,0.0,0.0,0.0,0.0,0.0,0.0,0.88,0.96,0.0,1
 -P495ma86r0,0.0,0.0,0.0,1.33,0.0,0.0,0.11,2.25,0.3,0.25,0.49,0.0,0.99,0.0,1.62,0.31,0.0,1
 -PV5_i_lVmE,1.25,3.01,1.42,1.25,1.44,1.3,0.62,2.07,2.1,1.39,0.65,0.0,0.17,0.45,2.35,0.21,0.0,0
 -W9wcP2CrNQ,1.43,0.78,1.52,0.41,1.48,1.83,1.42,1.38,2.45,0.68,2.13,2.39,1.38,1.05,3.73,2.38,0.59,0
 -XCc67Ijcz8,0.0,0.85,1.62,1.87,1.19,1.53,2.06,2.55,0.12,1.67,0.67,0.51,1.18,0.0,3.99,2.39,0.0,0
 -YnmcFu23MY,3.83,0.88,0.83,1.78,1.39,1.7,0.75,2.35,1.78,0.88,1.66,0.26,1.12,0.96,2.0,1.77,0.49,0
 -ZbKRdpQpLg,1.46,1.27,0.49,2.26,2.89,2.16,2.43,1.76,2.67,1.8,2.16,2.27,0.76,0.83,2.25,1.69,0.51,0
 -Zq3kTQJnfs,0.26,0.03,0.59,0.0,2.5,3.08,0.33,2.05,3.56,1.98,0.0,0.0,0.21,0.2,4.4,2.14,0.36,0
 -bLoqjH-KLY,0.7,0.0,1.53,0.0,2.27,2.6,1.53,1.51,1.16,4.98,1.62,0.97,0.0,1.63,2.14,2.02,1.31,0
 -d0IuFXS8Ws,0.89,1.69,0.63,2.94,1.07,1.24,0.0,2.2,2.04,0.0,0.46,0.0,0.0,0.0,3.14,0.68,0.0,1
 -f2Q1V2NA_w,0.12,0.0,0.25,0.87,1.68,2.77,0.18,2.12,3.06,1.07,0.77,0.0,0.36,0.0,3.05,1.39,0.0,0
 -giaOxJF2as,0.84,1.06,0.0,4.65,0.0,0.0,0.0,0.0,0.0,0.0,0.22,0.0,0.57,0.0,2.28,1.18,0.0,1
 -grZlXvn1Pg,0.75,0.01,1.26,1.45,0.0,0.0,0.0,1.02,0.28,0.58,0.0,0.34,0.0,0.0,1.62,1.03,0.0,1
 -gt1XdBwTvk,0.91,0.37,1.27,0.0,0.02,0.52,0.81,2.82,1.23,1.08,0.72,1.34,0.13,0.68,0.92,2.0,2.22,1
 -hZbzxAx9iA,1.59,1.32,0.5,1.31,0.0,0.0,0.0,0.0,0.12,0.4,1.33,1.77,0.08,0.0,0.0,1.65,0.0,1
 -kFeoZh_x28,0.63,0.68,1.16,0.0,0.44,0.12,0.34,1.2,0.45,0.63,0.5,1.63,0.0,0.02,0.0,0.0,2.01,1
 -kvqIM4VbDs,0.54,0.0,0.0,1.23,1.37,1.29,1.48,0.81,0.95,1.0,1.41,0.49,0.62,0.0,0.0,0.64,0.87,1
 -lJCXAlZAe0,0.74,0.0,0.13,2.28,2.29,2.71,0.46,0.9,2.46,1.32,0.0,0.0,0.32,0.0,1.62,1.35,0.45,0
 -m4_BxX73qY,1.56,1.65,0.0,1.77,0.22,0.0,0.0,1.51,1.35,0.89,0.0,0.0,0.0,0.0,2.83,0.93,0.0,1
 -mEmecb91MQ,0.0,0.0,0.0,0.0,2.21,2.53,0.12,3.31,2.28,1.71,0.1,0.0,0.82,0.0,1.91,0.0,0.0,0
 -nSHPyaoE54,1.77,0.19,2.53,1.03,0.0,0.02,1.62,2.67,0.0,0.09,1.44,0.71,0.0,0.0,0.57,1.08,0.0,1
 -pAw3q_jRNo,0.88,0.0,0.0,0.4,2.66,2.29,0.9,1.4,2.94,1.77,0.22,0.0,0.35,0.18,2.28,0.6,0.0,0
 -q2IoOR3pz4,0.33,0.0,0.8,0.0,1.68,1.35,0.46,2.64,3.03,2.38,0.0,0.0,0.34,0.75,2.41,2.17,1.29,0
 -qN07wMNGHI,0.35,0.0,0.77,0.0,3.1,3.05,1.13,2.97,3.25,0.75,1.33,0.4,0.67,0.98,2.76,0.5,1.07,0
 -qh_ENBmkk0,1.33,0.26,1.73,0.0,2.31,1.6,0.83,1.38,1.1,0.89,0.34,0.0,0.05,0.0,2.03,0.7,0.89,0
 -r0_RiUKMwI,2.2,0.49,0.5,2.34,0.66,0.0,0.4,1.42,0.18,0.0,0.89,0.45,0.0,0.0,1.97,0.65,0.0,1
 -sCaX_y8--A,1.06,0.4,0.71,0.5,0.71,0.04,0.0,0.12,1.27,0.0,1.2,0.0,0.69,0.0,0.71,0.0,1.07,1
 -sLNP_kZwL4,2.87,1.29,0.0,0.09,0.0,0.18,0.0,0.0,1.92,0.2,0.01,0.0,0.0,0.0,2.14,1.35,0.0,1
 -uGZw7dEo0M,0.0,0.0,0.48,0.06,0.0,1.68,1.06,0.0,0.0,0.0,4.94,0.0,0.0,0.25,0.39,2.32,0.54,1
 -uihp4i1xNk,2.18,0.11,1.94,2.57,0.98,2.25,0.77,3.23,1.05,0.04,1.29,1.4,1.28,0.07,2.23,3.56,0.36,0
00RVLaKUzcI,1.29,1.51,1.72,0.6,1.72,2.41,1.18,2.19,2.11,2.49,0.67,1.01,1.42,0.4,3.56,1.01,1.26,0
01KAy1vxr8E,0.0,0.0,2.69,1.7,0.86,2.32,1.72,0.93,0.0,0.0,0.0,0.0,0.0,0.0,4.06,2.57,0.0,1
04rjNrZe9L8,0.96,1.49,0.0,1.82,0.28,0.0,0.0,0.62,0.63,0.0,0.1,0.0,0.0,0.0,1.19,0.0,0.59,1
0AgEOisahXE,1.22,0.0,0.0,0.0,1.26,1.62,1.75,1.23,0.0,0.86,2.66,0.78,0.36,0.16,0.99,0.0,0.23,1
0CcaNf_2SlM,1.81,2.81,2.38,2.75,2.8,1.13,0.41,2.49,3.61,3.75,1.74,2.47,0.69,2.13,3.14,5.0,1.29,0
0FFIcO5KaFg,1.02,0.56,0.1,0.0,3.35,3.13,0.87,3.75,4.16,2.14,0.51,0.1,0.0,0.0,3.93,2.45,2.62,0
0Ixjd5qHGng,0.88,0.22,2.16,1.98,1.02,2.08,1.74,0.0,0.0,0.0,0.46,1.63,0.12,0.31,0.0,0.51,0.0,1
0IyAFtDa1ls,1.56,1.32,0.0,1.15,2.57,2.87,1.33,1.73,2.29,1.75,0.37,0.68,0.78,0.55,2.68,0.84,0.0,0
0KU2pyinDYc,1.13,0.53,0.0,0.91,0.35,1.67,0.87,0.94,0.56,0.18,1.4,0.78,0.0,0.39,0.35,1.6,0.0,1
0MdmKnVutTI,2.18,2.04,0.0,0.28,2.4,1.35,0.52,1.85,2.24,0.54,0.0,0.0,0.79,0.0,4.0,1.26,0.0,0
0NNToG_7RWY,1.34,1.56,0.0,1.76,0.0,0.0,0.34,0.0,0.0,0.83,0.08,0.0,0.28,0.09,0.0,0.08,0.0,1
0P1BkPGY_LE,1.36,0.0,1.12,1.2,0.0,0.0,0.55,1.0,0.28,0.37,0.09,0.62,0.0,0.0,0.31,0.0,0.0,1
0SJ_E6VIB28,0.0,0.0,1.21,1.63,0.0,1.63,0.19,0.68,0.0,2.1,0.7,0.0,2.44,0.0,0.33,0.5,0.0,1
0SuxlU2irSg,0.05,0.0,0.53,0.68,0.0,0.6,0.08,0.0,0.51,0.0,0.6,0.84,0.0,0.28,0.0,0.0,0.0,1
0UN-0TQnN3c,0.79,1.32,2.13,0.07,0.48,1.55,1.75,0.43,0.61,1.07,0.45,0.0,0.75,0.0,2.18,2.15,0.94,1
0_lWvb2wf_I,0.6,0.0,0.0,0.54,0.22,0.71,0.0,0.52,0.43,0.0,0.0,0.0,0.68,0.0,0.04,0.0,0.04,1
0_pTnqziRqo,1.7,0.32,0.67,1.43,1.29,0.43,0.86,1.41,1.84,2.0,0.96,0.47,0.3,0.12,2.45,1.08,0.43,0
0_xtMsHcq7Q,0.0,0.0,0.0,0.0,1.92,2.01,1.71,0.43,2.08,1.27,0.08,0.0,0.0,0.0,2.24,0.58,0.0,0
0lyLi1HPKWs,0.67,0.0,0.7,1.02,0.0,0.0,0.02,0.0,0.0,0.0,0.57,1.1,0.0,0.0,0.0,0.0,0.0,1
0nSdV9DJwow,0.0,0.0,0.44,0.12,0.87,2.22,0.77,0.0,0.32,1.61,0.08,0.0,1.58,0.59,0.44,0.0,0.0,1
0nWyGsI1vWw,0.0,0.0,0.0,2.01,3.12,3.06,1.11,2.3,3.63,2.52,1.72,0.0,0.24,0.5,2.49,2.23,1.68,0
0ozj6mJKjNA,2.74,2.32,1.15,4.15,0.58,1.36,0.78,3.1,1.67,1.81,0.96,1.88,1.23,0.78,4.53,0.9,0.0,0
0qkP7fdD4sk,1.73,2.39,0.0,0.04,0.0,0.0,0.25,0.07,0.0,0.95,0.78,1.54,0.01,0.51,0.26,0.81,1.43,1
0t6q8slqq6A,2.02,1.55,0.0,2.87,0.0,0.0,0.0,0.0,0.0,0.0,0.0,0.0,0.0,0.0,2.95,1.75,0.0,1
0tx11G-3Avo,2.62,2.73,0.0,3.03,0.0,0.0,0.09,0.0,0.0,0.0,1.43,0.15,1.03,0.56,2.77,0.0,0.08,1
0v2WtXVOa_w,2.26,1.2,1.17,1.93,0.62,0.93,1.11,1.43,0.93,2.74,0.76,0.77,1.7,0.36,1.93,1.76,0.95,0
0wmL2otfcdU,0.4,0.5,0.0,0.33,0.34,2.22,0.12,1.13,0.46,0.0,0.28,1.58,0.09,0.57,0.0,0.0,0.0,1
0xCOH15OaqM,1.83,0.39,0.59,2.65,0.23,1.11,0.0,1.96,0.54,0.78,0.37,0.27,0.23,0.0,0.01,1.04,0.0,1
0zLioQ87SI8,0.55,0.0,1.24,1.55,1.12,1.19,1.09,2.8,1.46,0.92,2.04,2.0,2.28,0.65,1.42,0.4,0.4,0
1-B5LQQ1o8c,1.2,2.03,1.11,1.48,1.37,2.52,0.51,2.72,0.83,1.59,2.3,0.45,0.0,0.0,1.19,2.01,1.79,0
10AgA-pblVE,2.33,2.2,0.88,2.28,1.35,1.63,0.0,0.76,2.9,1.88,0.58,0.0,0.95,0.23,3.36,0.98,0.23,0
12cGM8Quszs,1.33,0.64,0.53,3.62,3.48,1.59,0.34,1.95,2.83,1.96,1.41,2.76,1.98,0.97,3.39,3.85,0.92,0
14aJzjoWpZU,1.35,0.4,0.6,3.2,0.18,0.05,0.0,1.73,0.95,0.72,0.43,0.04,1.1,0.55,0.26,0.55,0.0,1
14yUx4IJ0Qg,1.98,0.26,0.81,2.0,1.68,2.25,0.9,1.87,0.78,3.63,0.98,0.56,1.67,1.53,0.84,0.0,0.2,0
15jelO2VXY8,1.31,0.31,0.0,2.09,0.47,2.66,0.0,0.8,0.47,1.25,0.83,0.7,3.26,0.1,0.44,1.17,0.97,1
1BNP-4VTDo8,1.63,0.48,1.59,1.85,1.86,2.72,1.03,2.58,3.0,1.63,0.42,1.68,1.32,0.26,2.49,0.83,0.57,0
1DzsWfHYT-s,2.45,2.89,0.65,4.09,1.54,1.98,0.45,1.18,1.38,0.0,0.6,0.0,0.2,0.03,4.04,2.92,0.0,0
1Es0kYdryIo,1.27,0.0,1.26,1.29,0.0,0.45,0.0,0.0,0.0,0.2,0.97,0.0,0.0,0.0,0.0,0.0,0.07,1
1FJE4khqN8c,0.13,0.43,1.33,2.47,0.62,1.38,1.97,0.0,0.0,0.0,1.77,0.0,0.16,0.0,2.28,0.0,0.0,1
1ID4xsdGV_Y,1.63,1.18,0.0,0.58,1.92,1.33,2.11,0.44,1.78,0.11,2.23,2.94,2.05,0.75,1.57,1.79,1.51,0
1IT2hKxh_Nc,0.26,0.0,3.46,1.0,1.73,1.2,0.0,2.1,1.49,2.62,0.45,2.51,0.0,0.7,0.25,3.48,0.0,0
1Id3LdofBzE,0.98,0.0,0.0,0.96,2.24,3.27,2.17,2.29,1.87,1.49,0.65,1.07,0.95,0.68,1.96,2.99,1.01,0
1IsOL4lFIUI,1.75,1.75,1.76,1.37,0.12,0.0,0.0,0.53,0.76,0.14,0.0,0.2,0.24,0.09,0.44,1.17,0.62,1
1IysclcSEjc,1.49,0.36,0.5,1.03,1.49,1.64,1.41,1.94,0.93,0.66,2.19,2.58,1.28,1.23,0.63,2.43,0.85,0
1J_qscMZfd8,1.4,0.34,0.0,0.67,1.35,1.93,1.46,0.57,1.0,0.71,2.46,2.46,0.76,1.0,0.09,1.3,0.67,1
1MjQUMrI33w,0.3,0.0,1.25,0.63,1.84,1.46,0.71,1.92,1.94,3.15,0.01,0.32,1.2,0.0,1.46,0.0,0.84,0
1QhgYA7ZBMs,0.39,1.58,0.0,0.54,1.92,2.62,1.44,1.97,2.28,1.4,0.66,0.4,0.75,0.0,3.76,0.46,0.09,0
1RE4zVbcthQ,1.51,0.07,2.12,2.08,0.45,1.66,1.49,1.62,0.85,2.36,1.06,1.11,0.6,0.94,0.12,0.23,0.0,1
1SPiVRRk_Ho,0.54,1.2,0.0,0.73,0.39,0.0,0.36,1.27,0.21,0.27,0.75,0.0,1.26,0.0,0.0,0.0,0.0,1
1T6MRWydVog,0.28,0.91,0.9,0.75,1.94,1.73,1.05,1.79,2.78,3.06,0.11,0.04,0.42,0.94,1.8,0.65,0.41,0
1UTvNeM21OU,1.49,1.16,2.42,1.54,0.0,0.0,0.19,0.16,0.64,0.46,0.0,1.1,0.24,0.15,0.0,1.79,0.0,1
1WS4BiqyZCU,1.44,0.28,0.24,2.13,1.86,2.3,1.33,1.43,2.1,3.63,1.11,0.0,0.0,1.31,2.61,0.37,0.34,0
1WX3Fx5hBvY,1.0,0.0,0.0,0.0,0.0,0.0,0.47,0.27,0.0,1.45,0.73,1.46,0.28,0.0,0.0,0.0,0.0,1
1XVs8YSHS64,2.25,0.87,0.67,1.46,0.0,0.06,0.66,1.75,0.0,0.0,1.0,1.44,0.0,0.0,0.28,0.64,1.17,1
1YP6esum2AU,1.78,0.0,0.99,3.49,1.05,1.17,0.91,1.52,2.4,1.27,0.86,0.0,2.47,0.0,2.22,0.0,0.0,0
1_aemBShH1w,1.62,1.09,0.77,2.03,1.0,0.34,3.85,1.48,1.68,0.42,1.68,5.0,2.32,0.0,2.55,3.55,1.91,0
1_vH5Ucxmfs,0.85,0.0,0.0,0.21,0.3,1.24,0.67,0.78,0.0,0.0,0.88,0.52,0.73,0.57,0.0,0.54,0.0,1
1aZblNH361o,0.45,0.34,0.2,0.64,0.0,0.0,0.0,0.0,0.0,0.0,0.14,0.08,0.88,0.32,0.4,1.25,0.29,1
1bhGyLyfxww,1.32,0.8,0.0,2.83,1.03,2.32,0.37,0.46,1.21,0.0,0.15,0.0,0.99,0.0,3.81,2.18,1.08,1
1fGtzDnoLFg,2.2,2.1,0.0,0.57,1.64,1.9,0.0,1.85,2.45,2.17,0.53,0.86,0.34,0.0,2.73,1.11,0.62,0
1igfL2tMxcc,0.0,0.41,1.56,3.07,0.0,2.51,1.67,0.75,0.0,0.0,1.95,1.05,0.33,0.09,3.03,2.02,0.0,1
1kpKO6cY6NM,0.92,0.49,0.0,0.85,0.0,1.09,0.0,0.25,0.0,1.19,0.51,0.3,0.32,0.0,0.05,1.15,0.0,1
1l9OAtbXp-M,0.0,0.0,0.0,0.0,0.92,0.54,0.0,1.27,1.16,0.82,0.0,0.0,0.0,0.0,0.81,0.0,0.0,1
1li1KZjdoJ4,1.53,0.11,2.52,0.75,0.88,1.81,0.54,0.85,1.39,1.85,0.93,2.0,0.11,0.39,0.0,0.5,0.69,1
1mj1e4i_Y3U,1.38,0.36,0.0,3.31,2.99,3.18,1.86,1.91,2.6,0.89,2.12,2.64,1.5,1.24,2.42,1.91,0.58,0
1mqRfhKeQHI,1.17,1.01,1.41,1.34,3.17,4.22,2.31,1.94,0.93,0.59,2.63,2.62,1.87,1.27,1.91,1.54,0.4,0
1pMy5cebiRU,0.85,0.0,0.43,1.55,1.82,2.3,0.99,0.48,0.6,0.55,0.0,0.0,0.0,0.5,2.17,1.73,0.0,1
1rDTRnOUuPc,1.33,0.15,1.94,1.7,1.08,1.67,0.85,2.21,1.67,1.53,0.59,0.86,1.0,0.0,1.67,0.85,0.0,0
1vkmF9Y2d-E,0.44,0.39,0.39,1.9,0.2,0.0,0.0,0.0,0.67,0.0,3.06,0.0,0.0,0.28,1.25,2.53,0.0,1
1vmjukAsKY0,1.0,1.46,0.0,2.64,0.42,0.0,0.2,0.53,0.77,0.0,0.0,0.0,0.0,0.0,2.46,0.6,0.0,1
1wXQDBV0nPA,1.21,0.0,0.0,1.68,1.27,0.0,0.0,0.84,1.89,1.63,0.62,1.09,1.23,0.82,1.02,0.0,0.0,1
1w_XPOGRbe4,0.15,0.18,0.0,0.34,1.34,1.77,1.41,1.5,1.78,2.05,0.0,0.0,0.44,1.07,1.66,0.16,0.29,0
2-jjiuCsfW8,1.48,0.2,0.92,1.23,2.39,2.54,0.16,1.3,2.49,0.6,1.19,0.0,1.76,0.57,1.99,0.72,1.28,0
21Njjpa0gMk,1.48,0.09,0.0,0.21,3.19,1.04,0.0,1.74,3.01,0.44,0.33,0.64,1.07,0.0,2.74,0.0,1.08,0
23ILL-m8NLs,1.08,0.93,0.0,1.16,0.0,0.0,0.0,0.23,0.0,0.0,0.62,0.0,0.75,0.0,0.0,0.0,0.0,1
25Q25Q2anFk,0.66,0.0,0.56,0.0,2.3,2.65,1.02,2.12,1.5,1.3,0.38,0.2,0.82,0.0,2.07,1.05,1.67,0
26KfQBXGHjw,2.46,1.3,1.64,0.54,0.75,1.7,0.0,3.12,3.28,2.68,0.66,2.6,1.71,0.0,0.96,0.54,0.7,0
2An3pAyDcbM,3.2,1.1,0.47,0.11,1.95,2.27,0.68,2.88,2.51,0.96,0.58,1.24,0.44,1.33,4.2,1.78,0.54,0
2CihXRqTstA,2.14,1.54,0.0,1.35,1.74,1.7,1.62,2.09,1.72,0.48,2.27,2.66,0.84,1.02,1.58,1.91,0.45,0
2EIDvLU6NZk,1.97,1.3,1.0,1.63,1.63,1.25,0.82,2.15,1.98,0.5,0.7,0.58,0.0,0.35,2.4,0.62,1.91,0
2EuPeWRBbss,1.44,0.0,0.33,0.41,0.2,0.0,0.0,0.04,1.38,2.2,0.08,0.39,0.0,0.43,0.31,0.0,0.85,1
2GiN6VhfqXY,2.18,0.0,1.54,0.47,0.09,0.72,0.15,1.86,0.86,0.0,0.0,0.0,0.0,0.0,1.29,0.26,0.29,1
2ISlxPR70oo,0.32,0.68,0.43,1.04,0.4,2.2,0.45,0.56,0.55,0.74,1.24,0.77,0.0,0.0,0.0,0.68,0.18,1
2KKLSVvdAu4,1.22,1.13,1.45,1.43,1.73,2.86,2.29,0.47,0.36,0.0,5.0,1.82,0.93,2.19,1.12,4.14,1.51,0
2KMPO_X70aM,0.27,0.0,1.12,0.0,0.0,0.99,0.34,0.0,0.0,0.0,0.4,0.0,0.0,0.0,0.0,0.0,0.45,1
2Kmmzg65nTY,0.37,0.63,0.01,0.65,0.0,0.0,0.34,0.22,0.44,0.62,0.0,0.0,0.0,0.0,0.0,0.0,1.0,1
2LbKewmoPYE,1.78,0.75,1.53,1.97,0.0,0.0,0.0,0.0,1.15,1.34,0.6,1.31,0.34,0.0,1.67,2.25,1.36,1
2NXYIfHnKS0,1.74,0.0,0.0,0.19,0.59,1.17,0.0,0.76,0.85,0.0,0.23,0.0,0.0,0.0,0.57,0.02,0.0,1
2PsANj44N6M,2.3,2.11,0.64,3.31,3.45,3.24,3.28,4.44,1.41,0.21,0.46,0.66,0.0,0.92,2.29,0.0,0.5,0
2Qgww79CbL8,4.07,1.07,2.04,1.99,1.46,1.3,1.12,1.97,1.46,2.52,1.04,1.5,1.46,0.83,1.41,1.38,0.21,0
2_QwPKiMS-M,0.22,0.8,0.0,0.6,0.0,0.69,0.65,0.46,0.52,0.46,0.29,0.76,0.52,0.15,1.4,1.17,1.39,1
2_kq4ZGkhqE,0.32,0.85,1.68,0.22,0.0,0.0,0.0,0.0,0.0,0.0,0.82,1.74,0.0,0.0,0.62,0.23,0.0,1
2bczncKnjPI,2.84,1.39,1.15,1.31,0.0,1.39,0.0,0.63,0.58,1.07,0.89,1.01,1.15,0.29,0.14,0.27,0.51,1
2cYibcf4GH8,0.0,0.0,0.0,0.0,2.45,3.81,1.25,3.24,2.65,3.73,0.48,0.92,0.0,1.24,2.09,0.0,2.11,0
2ccx8UnuM1s,0.0,0.0,0.0,0.0,0.0,0.0,0.0,0.0,0.0,0.0,0.0,0.0,0.48,0.0,0.0,0.6,0.0,1
2cpYe_9vJbc,2.16,0.63,1.23,0.71,2.43,2.12,1.72,3.14,2.8,2.04,0.28,0.73,1.31,0.97,1.97,0.0,0.16,0
2dD8ZEnj2Dg,1.42,0.16,1.85,2.48,1.59,1.26,0.36,0.61,0.0,0.44,1.39,0.35,0.46,0.0,0.0,0.0,0.0,1
2fMz5rTbxSc,0.55,0.0,1.9,0.0,2.7,3.15,2.01,1.88,1.39,1.4,1.15,1.78,0.96,0.58,1.86,1.62,1.44,0
2g3Gu9cA_AU,0.0,0.0,0.0,0.11,0.01,0.25,1.31,0.71,0.65,0.57,0.31,0.0,0.0,0.0,0.84,0.0,0.72,1
2gfLYdwQ404,1.27,1.28,1.15,4.3,1.03,0.74,1.1,1.15,1.31,1.8,0.43,1.36,2.68,0.77,0.94,1.97,0.39,0
2kk1AjUTMKI,0.47,0.0,0.93,0.44,0.45,3.4,0.01,0.67,0.56,0.52,0.71,0.54,1.4,0.16,1.01,0.91,0.17,1
2ohubCIsYIA,1.97,0.17,0.0,1.31,0.7,2.41,0.0,0.21,0.91,0.0,0.27,0.0,0.09,0.0,2.35,0.0,1.07,1
2pPXgKQ-hwE,1.37,0.98,0.08,1.75,1.86,2.24,0.62,2.98,2.46,2.08,0.25,0.0,0.0,0.11,3.07,0.45,1.04,0
2qqc_Mx3zuI,0.73,0.0,0.0,0.0,1.05,1.27,0.0,0.95,2.42,0.85,0.61,0.0,0.36,0.0,1.29,1.06,0.52,1
2s9FCoxOsh0,0.0,0.0,0.0,1.52,0.36,0.0,0.0,0.85,0.93,1.35,0.08,0.0,0.0,0.65,0.0,0.09,0.0,1
2tBJ0vkDgrU,3.33,3.69,2.51,3.27,0.69,2.42,0.07,0.97,1.04,1.81,1.39,1.59,1.2,1.8,0.99,0.35,0.39,0
2ut6U76dAG4,0.0,0.0,0.0,0.99,0.0,0.0,0.0,0.0,0.59,0.0,0.7,0.0,0.0,0.0,0.0,0.0,0.73,1
2xfh3dHDGKE,0.0,0.0,0.89,0.96,0.36,2.96,1.7,2.12,0.5,0.0,0.2,0.92,0.5,0.0,1.74,0.91,1.01,1
2xwN3UTPtw4,3.68,2.83,2.97,0.97,0.91,3.83,1.05,0.96,0.16,0.0,2.11,0.62,1.29,0.01,1.28,2.23,0.0,0
33Q14vlsZqo,1.47,1.45,0.0,0.24,1.48,2.13,0.16,1.14,1.75,0.98,0.13,0.87,0.0,0.11,3.19,2.29,0.83,0
38JwqKI3dsw,0.92,0.67,2.15,0.48,1.69,1.45,0.73,2.27,2.17,2.03,0.0,0.0,0.68,0.39,3.97,0.68,1.57,0
39s28fwxQfM,0.91,0.17,1.01,2.39,0.25,0.9,1.09,0.89,1.62,0.12,0.24,0.75,0.51,0.0,2.32,2.05,0.0,1
3AIDXxMRmVs,0.84,1.01,0.99,2.78,0.0,1.02,1.22,0.32,0.59,2.89,3.07,0.0,0.61,0.0,0.05,2.87,0.98,1
3Cda8dnTx2E,1.01,0.0,1.55,1.0,0.5,2.17,0.67,1.31,0.0,1.2,0.57,0.24,0.46,0.0,0.0,1.23,0.0,1
3DeWMKDjlmE,2.59,3.43,0.48,3.92,1.88,2.65,1.01,1.93,1.43,1.19,0.67,1.95,0.74,0.41,2.45,2.03,1.25,0
3E7o3l_k01w,2.27,0.08,1.0,0.28,1.63,0.74,0.86,0.0,1.51,0.85,0.0,0.0,1.02,0.0,1.52,0.0,1.12,1
3GC5p9QF-AM,0.0,0.0,0.0,0.02,0.43,1.12,0.0,0.37,1.62,0.88,0.0,0.0,0.0,0.2,1.65,0.38,0.37,1
3KRdRku5gvA,1.59,1.15,0.81,0.0,0.0,1.69,0.94,0.16,0.0,0.0,0.0,0.54,0.0,0.0,0.52,2.36,1.75,1
3N6snWMfZTo,0.0,0.0,0.0,0.48,1.09,0.0,1.57,2.23,0.0,1.32,0.92,0.0,0.0,0.2,1.99,1.69,0.7,1
3P4AEIny_T4,0.0,0.0,0.0,0.0,1.49,0.15,0.0,0.0,0.0,0.0,1.16,0.0,0.0,0.87,1.04,0.9,0.0,1
3RNCUZxkeOc,1.35,0.0,1.19,0.0,0.0,1.54,0.06,0.0,0.0,0.0,0.23,0.26,0.0,0.0,0.22,0.0,0.91,1
3Tt8xioiz5o,2.4,1.22,1.0,0.06,0.94,1.35,1.64,1.48,0.54,1.14,0.0,0.0,0.25,0.0,1.18,0.0,1.15,1
3U_mYt1ob60,0.45,1.25,0.81,0.54,2.8,2.0,0.76,2.62,2.69,1.36,0.27,0.0,0.76,0.58,3.05,2.37,1.31,0
3WAZtSUQLIU,0.0,0.0,1.81,1.54,0.0,3.98,0.57,1.42,0.28,0.0,0.27,0.0,0.0,0.0,1.45,2.89,0.0,1
3WYZLzTIvWU,1.15,1.65,0.0,0.92,2.55,1.54,2.01,2.46,2.35,1.84,2.05,2.14,1.07,0.87,1.98,2.58,0.46,0
3YVgNbkEJUE,0.0,0.0,0.54,1.24,2.76,3.3,1.42,2.86,2.31,2.54,0.47,0.0,0.27,0.44,2.85,0.11,0.42,0
3YhCQ4JLphk,1.04,0.0,0.15,1.32,0.89,0.76,0.0,2.06,0.73,1.95,1.59,2.07,0.0,0.11,0.0,1.42,0.0,1
3Zg6UqkTN2k,0.91,0.0,0.27,0.11,1.13,3.37,1.16,1.24,2.49,0.82,0.94,1.21,1.19,1.13,1.02,0.02,0.41,0
3_5eKn_QRD4,1.49,0.39,1.29,1.62,1.16,2.45,1.88,1.38,1.8,0.81,0.94,2.1,0.77,0.0,2.68,1.36,0.17,0
3aFtmti44g8,1.8,2.18,1.72,1.65,1.21,2.01,0.53,1.12,1.81,3.41,0.15,0.0,0.76,0.22,2.82,2.62,1.63,0
3d8oFucVz4g,1.94,2.74,0.09,3.76,0.54,1.06,0.3,0.77,1.38,0.92,1.18,0.33,0.99,0.0,1.76,1.41,1.43,1
3kPcshmL5Ds,1.66,1.1,0.25,3.29,0.85,2.5,0.42,2.29,1.4,1.97,1.55,0.58,0.29,0.0,2.29,1.33,0.55,0
3nQRqUpbFys,1.18,0.05,0.0,0.0,3.9,2.53,0.42,3.27,3.93,3.25,0.5,0.0,0.0,0.0,5.0,0.37,2.67,0
3otFudrZhU8,0.27,0.42,0.0,0.0,2.71,2.82,0.53,1.81,3.72,1.77,0.0,0.43,0.0,0.65,1.98,0.0,0.27,0
3puAu_9P0eM,0.74,1.49,0.0,1.13,0.39,0.35,0.06,0.0,1.13,0.5,1.32,0.0,0.8,0.39,1.24,0.5,0.01,1
3rHC63hre04,0.0,0.0,0.62,0.99,2.41,3.26,1.65,3.32,3.43,2.62,0.0,0.0,0.29,0.33,4.05,0.5,0.0,0
3riCqyVSv-w,0.6,1.26,2.95,1.67,0.18,0.86,0.9,2.86,0.03,0.27,1.06,5.0,5.0,0.0,1.45,5.0,3.75,0
3rl9Acc_Bp8,4.06,0.84,1.58,3.17,1.0,3.63,1.68,0.3,1.82,2.28,0.81,0.45,1.57,0.58,0.72,0.75,1.64,0
3tfzRlSAY1Q,1.41,0.47,1.71,0.72,1.3,1.2,0.61,1.38,0.65,1.66,2.27,3.22,2.14,0.42,0.84,1.14,0.47,0
3uSIf529AOg,1.48,0.18,3.97,0.96,0.66,1.19,0.94,1.02,0.11,1.29,0.41,2.53,0.64,0.24,3.07,2.2,1.72,0
3vsxfxoKTvM,0.25,0.0,0.0,2.12,1.14,0.89,0.23,0.52,0.12,0.02,0.99,0.33,2.55,0.0,0.43,0.0,0.59,1
3wYuHAWwHMk,1.79,0.0,0.97,0.0,0.0,0.09,0.0,2.75,0.0,0.0,1.33,0.0,1.73,0.0,0.0,0.0,0.69,1
41tjmJkpIrU,0.31,0.23,0.34,0.86,2.17,2.65,1.72,1.52,2.47,1.86,0.0,0.0,1.05,0.0,2.73,0.0,0.0,0
42F6Tn5cmcs,2.14,0.89,1.18,2.69,2.31,1.47,0.09,2.02,2.42,1.29,1.17,1.17,1.6,1.32,0.28,0.52,0.7,0
43tAvAvH-Qg,1.14,0.75,1.0,1.38,1.57,1.42,0.9,2.12,2.09,2.5,0.13,0.17,2.33,0.07,1.94,0.0,2.08,0
49Aqyf3qVrg,1.12,0.94,0.0,3.01,0.23,1.98,0.33,0.98,1.39,0.69,0.63,0.1,0.49,0.29,2.09,1.62,0.36,1
4C4KH01N6J4,1.6,0.0,0.77,1.18,1.82,3.13,0.85,2.26,1.73,2.23,1.29,1.99,1.88,0.13,1.89,0.0,0.0,0
4DbxJg7o_Qc,1.29,0.54,0.98,0.8,3.28,2.42,3.1,4.34,1.63,1.04,0.53,0.0,1.95,0.43,3.93,1.24,0.04,0
4DoAEVIEu_s,1.18,0.92,0.0,0.31,1.81,2.55,0.7,1.56,1.54,0.0,0.36,0.0,0.48,0.0,3.0,0.53,0.7,0
4Ekd1OGwPyE,2.74,3.32,0.0,5.0,1.87,1.05,0.0,0.0,3.27,1.22,0.66,0.0,0.45,0.23,1.99,1.76,0.61,0
4JAtNkeh6kE,0.84,0.5,1.97,1.28,0.0,0.0,0.0,0.41,0.59,0.0,0.04,0.0,0.0,0.0,0.05,3.59,0.35,1
4JFahKqOEUo,2.49,0.58,0.85,0.28,0.0,0.0,0.0,0.0,0.0,0.0,0.97,0.0,0.27,0.0,0.02,0.0,1.82,1
4Jv38UQoLs0,2.3,1.25,0.0,2.39,1.24,2.43,0.0,2.38,2.34,0.99,0.0,0.0,0.39,0.06,3.36,0.95,0.82,0
4JyhBkXMymo,0.44,0.26,0.0,1.01,0.0,0.32,0.05,1.47,0.0,0.0,1.37,0.75,0.0,0.72,0.72,2.83,0.25,1
4KZ_bBwg0iA,0.1,0.0,0.97,1.37,1.45,2.72,0.99,1.16,1.08,1.17,2.86,0.77,1.01,1.03,0.53,1.05,0.36,0
4MxQ8RsauA8,0.9,0.24,0.53,0.54,2.35,3.71,0.28,1.07,2.29,1.87,0.88,0.0,1.12,0.0,2.18,2.87,0.37,0
4QMHfDx_LpM,1.22,0.11,1.31,1.9,0.0,1.47,0.49,0.82,0.0,0.0,0.61,0.0,0.0,0.0,1.72,3.19,0.46,1
4XdkQzkWRR4,0.25,0.0,0.39,0.51,2.83,3.34,0.45,3.53,3.62,1.82,0.04,0.59,0.0,0.0,2.36,0.49,1.37,0
4XvO4D1c7yM,2.14,2.2,0.1,1.79,0.0,0.0,0.0,0.0,0.0,0.1,0.0,0.0,0.0,0.13,0.78,0.19,0.0,1
4Ygmiqt32oM,1.99,2.08,0.95,1.02,2.62,2.92,0.65,2.71,3.22,1.1,0.39,0.0,0.73,0.0,2.75,1.18,0.0,0
4_9-clpBZAA,1.81,0.76,1.08,2.64,0.51,1.78,1.02,1.62,0.5,0.82,1.46,1.16,1.16,0.15,0.77,2.34,1.26,1
4aO12pXOdH0,1.51,0.97,0.0,0.8,0.89,2.27,0.33,0.69,0.82,0.0,1.48,1.03,0.84,0.36,1.56,1.0,0.0,1
4aVyw16mMK0,1.14,0.1,1.09,0.22,0.14,0.86,0.0,0.32,1.52,1.57,0.46,0.72,0.64,0.0,0.07,0.19,0.63,1
4bIPofZpTxQ,2.47,0.4,1.99,2.15,2.59,2.24,1.2,1.13,2.03,1.49,1.32,0.0,1.19,0.0,1.76,0.0,0.35,0
4d6LpwgB-IU,2.05,0.46,0.2,2.36,0.85,1.31,0.0,2.36,0.14,1.0,0.79,0.0,0.89,0.02,2.09,1.55,0.0,1
4g5sZ3w9qvY,0.91,0.0,0.0,0.0,0.83,0.07,0.48,0.2,0.47,0.89,0.0,0.0,0.0,0.0,0.22,0.0,0.11,1
4j46tCuU4vM,0.0,0.0,0.0,0.44,1.84,1.63,0.72,2.17,2.29,2.52,0.3,0.0,0.44,0.19,2.98,0.48,0.4,0
4kcgrmnNh4Q,0.63,1.47,0.0,0.55,1.73,2.08,1.02,2.22,1.35,0.69,1.36,0.0,1.87,0.0,1.91,0.79,1.41,0
4lP0sAFzoB0,1.06,0.47,0.74,0.09,2.18,2.42,0.52,2.06,2.45,1.38,0.63,1.38,1.6,0.64,2.82,1.8,0.26,0
4nZdJHjv5As,1.41,1.8,0.0,0.39,0.0,0.0,0.0,1.24,0.0,0.0,1.51,0.94,0.27,0.29,0.69,2.77,0.0,1
4oYO8E_sZGE,1.3,1.19,1.0,0.72,0.0,0.0,0.0,0.03,0.0,0.55,0.37,0.14,0.24,0.17,0.34,0.25,0.36,1
4rDIA40plOA,3.01,1.08,1.77,1.38,0.0,0.0,0.09,2.21,0.26,4.48,1.49,1.38,1.61,2.61,0.22,0.98,1.06,0
4rbQMsxQ5Eo,1.63,2.6,0.26,0.78,3.0,1.61,1.07,2.6,3.06,2.44,0.26,0.25,0.3,0.23,2.03,0.87,1.02,0
4tNSlxqrcLU,0.99,0.11,2.5,2.0,0.51,0.0,0.75,0.16,0.43,1.27,0.01,0.0,1.05,0.0,0.25,0.0,0.0,1
4ze-iguca1E,2.22,2.21,1.17,0.0,2.35,1.05,0.46,1.98,2.45,1.26,0.02,0.94,0.26,0.81,2.47,0.37,0.28,0
51_-TtQFxgc,1.18,0.99,0.0,0.13,1.71,1.96,0.0,2.11,2.2,0.64,0.0,0.0,0.35,0.0,1.88,0.0,0.0,1
52tXvPZB5Q0,0.0,0.0,0.52,0.0,0.4,1.44,0.59,1.02,0.0,0.26,1.21,0.0,0.0,0.15,0.24,1.13,0.27,1
55KA7HoIzQM,0.68,1.25,0.0,0.84,0.0,0.0,0.0,0.9,0.98,2.47,0.27,0.0,0.0,0.78,0.0,0.3,0.0,1
5AwKIt6CUE0,1.43,2.66,2.33,1.57,1.34,1.91,1.22,1.79,1.33,0.57,2.63,2.25,0.95,1.01,0.85,2.07,0.41,0
5BUKv9n3SrE,0.94,0.0,0.15,0.0,0.55,2.37,0.67,0.23,0.86,0.23,0.27,0.98,1.21,0.88,1.08,1.31,1.62,1
5DK0SPq4zRw,0.65,0.0,0.0,0.0,2.64,2.6,2.02,0.75,0.66,0.0,0.47,0.0,0.0,0.68,0.0,0.0,0.0,1
5G9oQvDXHGs,0.09,0.0,1.82,0.9,0.0,0.91,0.23,2.68,0.71,0.62,2.32,1.13,0.26,0.13,0.33,1.34,0.06,1
5LvyL89tVRY,2.26,1.19,0.04,1.19,1.01,0.81,0.55,1.76,2.11,1.78,0.13,0.0,0.76,0.0,1.45,0.0,0.0,1
5Lw_U1JAGno,1.63,1.82,2.0,0.88,0.46,1.28,1.47,1.17,0.0,0.43,0.89,1.12,0.19,0.0,4.21,0.58,0.0,1
5Nd1GcdW7Uw,1.94,1.38,1.42,0.64,1.77,1.21,1.97,2.26,1.94,0.99,1.78,1.05,0.94,1.0,2.63,0.68,1.75,0
5PFIPHS_4vk,0.0,0.0,0.0,0.0,0.09,1.02,0.0,0.0,0.74,0.0,0.0,0.0,0.26,0.0,0.0,0.0,0.0,1
5PzhnVq0heY,1.41,0.01,1.79,1.0,3.14,3.53,1.34,2.35,3.33,1.67,0.39,0.0,1.14,0.48,4.7,0.13,0.61,0
5Rb7adnfzZ4,2.8,1.67,0.0,0.42,0.02,1.38,0.9,0.76,0.22,2.32,0.72,1.22,0.0,0.38,0.95,0.0,0.42,1
5StlXqODnXY,1.37,0.17,0.36,0.0,0.52,0.0,0.0,0.16,0.28,0.0,1.05,2.14,0.0,0.94,0.0,0.46,1.16,1
5VEyq5xGaL4,0.91,1.14,0.93,1.92,2.38,0.06,0.0,1.5,2.23,2.0,0.0,0.0,0.37,0.0,3.5,0.0,0.45,0
5VZ-xg-iCU0,0.0,0.0,0.25,0.48,2.46,1.37,0.31,2.47,1.76,2.05,0.3,1.6,1.93,0.83,0.0,0.48,0.83,0
5XVWLIKIZk4,0.36,1.14,0.38,1.87,0.0,0.12,0.0,0.58,0.35,0.0,0.59,0.87,0.43,0.13,0.86,3.09,0.0,1
5a3TmWMLu5Y,0.91,0.0,1.62,1.12,0.32,0.04,0.32,1.0,0.06,0.66,1.58,0.96,0.0,0.0,0.3,1.29,0.0,1
5c_878zeqJI,1.93,0.71,2.84,2.37,1.31,1.2,0.75,2.06,0.2,1.25,4.8,1.07,0.0,0.33,2.36,1.72,1.19,0
5cdW8xXU9ts,2.02,0.65,1.41,1.46,0.14,0.0,1.55,2.78,1.2,1.79,4.94,4.39,0.14,2.69,1.07,5.0,0.76,0
5d0tbhNppBg,0.32,0.0,0.0,0.0,0.0,0.0,0.0,0.69,0.32,0.27,1.65,0.0,0.0,0.95,0.28,0.0,0.0,1
5fOTfDE1zG4,3.6,3.33,0.0,2.87,0.0,0.0,0.0,0.0,0.0,0.0,1.4,0.02,0.76,0.0,0.01,0.0,0.0,1
5gD0Roib1XE,0.0,0.0,0.0,0.0,0.5,0.0,0.11,0.0,0.33,0.85,0.0,0.14,0.0,0.55,0.0,1.37,0.0,1
5h6dPOq20kc,2.79,0.89,1.29,3.69,1.01,1.18,1.66,1.21,0.62,1.4,1.28,1.43,0.46,0.0,1.47,1.62,0.52,0
5lJUVvBzl1s,0.72,0.0,0.54,1.07,1.45,2.5,0.53,2.49,1.93,1.49,0.44,0.0,0.06,0.0,2.32,0.41,0.0,0
5n1cd_H0cPM,0.85,0.0,0.0,0.26,1.66,3.31,0.02,0.98,0.73,0.83,0.46,0.76,0.6,0.03,0.59,0.68,0.0,1
5oLqpgoOmBE,0.9,1.01,0.0,0.03,0.03,0.0,0.0,0.55,1.23,0.62,0.0,0.0,0.0,0.0,1.17,0.47,1.0,1
5qsCnrYNgkY,0.71,0.84,1.5,2.77,0.0,0.86,0.0,0.04,0.0,0.0,0.64,0.77,0.0,0.35,0.0,0.0,0.28,1
5rlioZwzOoE,0.56,0.0,2.26,0.0,1.98,2.13,0.62,1.38,1.65,2.57,0.04,0.0,1.42,0.0,1.59,0.0,0.76,0
5y8dmtkJ_Ew,0.75,0.0,0.0,0.0,2.41,3.36,1.51,2.63,2.49,3.39,1.37,0.0,3.53,0.0,1.33,0.47,1.11,0
5yfg2IgjcVQ,1.87,0.0,0.0,0.0,1.74,0.17,0.31,2.74,1.36,2.51,0.0,0.0,0.0,0.0,0.88,0.28,0.0,1
6198lr4fKuo,0.96,0.7,0.0,3.11,0.16,0.25,0.83,0.95,0.4,0.36,2.52,0.25,0.64,0.0,2.65,4.65,1.01,1
62cY4Ow_qRk,1.29,1.84,0.82,2.12,1.42,2.1,1.28,1.3,1.02,0.81,2.27,2.33,1.3,0.93,3.78,2.1,0.89,0
64YQnt5_4j8,1.27,1.11,1.22,2.63,2.04,1.55,1.08,1.93,2.32,2.03,0.45,1.2,0.06,0.25,1.81,0.66,0.0,0
656Z4AG4FMg,1.79,0.0,1.38,1.67,0.76,1.08,0.97,1.95,0.62,1.32,1.47,0.72,0.86,0.0,2.47,0.54,0.32,1
65HwtDJwZxA,1.19,1.21,1.02,3.49,1.5,1.86,0.09,0.49,1.67,1.27,0.72,0.0,0.07,0.63,0.65,1.11,0.0,1
68hOr5JFfPo,1.24,0.0,0.82,0.0,3.0,2.09,0.93,1.5,2.7,1.69,0.0,0.0,0.17,0.37,2.26,0.0,0.55,0
68z0w5sU5b8,0.0,0.0,0.0,0.54,0.83,1.67,0.68,0.46,1.47,2.21,0.03,0.17,0.9,0.37,1.25,2.58,1.66,1
6AQMx3em1wQ,2.9,2.83,1.05,1.85,1.77,2.26,0.74,1.95,2.64,1.54,0.43,1.02,0.79,0.35,1.89,2.54,1.78,0
6AoQZ4ZSPIA,0.42,0.74,0.55,0.23,2.0,1.96,2.25,1.66,1.34,0.33,1.82,1.47,1.77,0.0,0.89,0.96,1.35,0
6C9s8-jVXqo,3.06,2.96,0.55,2.61,0.0,1.45,0.13,1.09,0.99,0.69,0.97,0.07,0.72,0.0,1.54,0.22,1.05,1
6H-kftTwyk4,0.6,0.22,0.0,0.47,0.12,1.88,0.79,1.71,1.23,0.0,1.77,1.48,0.72,0.0,0.96,0.0,0.54,1
6JZejj3aQPo,1.84,1.65,0.5,1.29,0.66,2.65,0.83,1.2,1.56,1.45,0.05,1.06,1.06,0.63,1.25,0.61,0.0,0
6MbZlIOM2aY,0.0,0.0,0.0,1.52,0.81,0.0,0.0,1.36,0.51,0.0,0.0,0.0,0.09,0.0,0.0,0.0,0.0,1
6Mku5GTEFz8,2.19,3.42,0.7,4.25,2.47,3.2,2.22,4.25,2.3,2.01,0.4,1.46,1.79,1.54,2.73,1.46,0.62,0
6My0PpizQ-I,1.7,0.23,3.51,2.53,0.43,0.48,0.56,0.97,0.34,2.34,1.09,0.16,1.95,0.57,1.61,1.3,0.95,1
6O4wMWmWXK4,1.86,1.36,1.99,1.11,2.01,1.88,0.4,1.84,2.3,0.24,1.04,0.37,0.6,0.33,2.54,0.04,0.49,0
6PuitXuzrE0,2.85,4.59,1.04,2.54,0.0,0.0,0.0,0.72,0.87,1.01,1.61,1.01,0.76,0.0,0.82,0.08,0.0,1
6S3WSDbaamw,0.35,0.0,0.0,1.29,0.0,1.93,0.58,0.0,0.0,0.0,0.47,1.01,0.0,0.54,0.0,0.0,0.0,1
6U4zA6oe-Co,0.88,0.84,1.43,2.76,1.71,2.05,0.49,3.12,2.31,1.95,0.82,0.0,0.33,0.46,4.1,1.01,0.29,0
6VkDeJuCnuo,0.87,1.27,2.43,0.36,0.0,0.0,0.0,0.11,0.52,0.0,0.44,1.36,0.96,0.27,0.77,0.69,1.84,1
6Xi5e8lpOyo,1.86,0.31,0.41,2.07,0.0,0.0,0.0,1.23,0.0,0.0,1.65,0.79,0.0,0.28,0.91,3.88,0.51,1
6ZFUrHoL2kU,0.0,0.0,1.37,1.32,0.0,0.66,0.87,0.46,0.0,0.0,0.09,0.0,0.0,0.0,0.0,0.0,0.0,1
6_c4PuSVRYw,1.93,3.44,0.24,0.16,2.51,2.38,0.08,1.69,2.15,2.02,0.24,0.0,0.0,0.0,2.67,1.36,1.43,0
6b57EQflHUw,0.93,0.0,0.64,0.24,2.35,5.0,1.79,1.73,2.2,0.8,0.62,0.0,0.11,0.74,1.18,1.09,1.3,0
6bP5nOtqGZ8,3.07,0.0,1.89,0.95,1.16,0.0,0.32,1.42,2.3,1.53,0.02,0.23,0.66,0.57,0.71,0.99,0.3,1
6dY2ipl7DMk,0.73,0.63,0.94,0.46,1.68,1.04,0.46,2.48,1.44,1.68,0.8,0.06,1.44,0.49,2.63,1.51,0.86,0
6duXJoSwYFY,0.0,0.0,0.23,0.0,1.56,2.72,0.06,1.03,2.8,1.72,0.0,0.0,1.11,0.37,2.14,0.0,1.46,0
6eEIRdCVrq8,0.91,0.78,0.0,1.7,0.0,0.0,0.16,0.06,0.0,0.0,0.45,0.0,1.12,0.0,0.49,0.0,0.0,1
6eFZSokAIP8,0.5,0.0,0.0,0.58,0.0,0.36,0.0,0.55,0.18,0.13,0.68,1.48,0.0,0.28,0.0,0.0,0.1,1
6ebDnCcjijM,1.7,0.81,0.91,1.41,0.0,0.0,0.0,0.84,0.63,1.47,0.61,0.73,0.26,0.0,0.14,0.2,0.0,1
6mkXIigG8kY,0.0,0.0,0.86,0.0,0.0,1.26,0.27,0.67,0.0,0.49,0.0,0.0,0.0,0.0,1.14,0.55,1.51,1
6pj2j4_WAs4,0.58,0.0,0.0,0.66,0.89,2.71,0.81,1.8,0.84,0.13,0.41,2.31,0.68,0.75,2.19,1.83,0.8,0
6refuE2GuO4,1.08,0.28,0.92,0.77,0.36,2.87,0.81,0.02,0.35,1.52,2.78,0.39,2.14,0.28,1.96,0.49,1.49,1
6rgRHjMt-No,2.04,0.0,0.15,0.58,1.09,0.68,0.77,1.87,1.7,2.75,1.11,0.0,0.0,0.06,2.82,1.98,0.21,0
6sWZMeb2v4Y,1.45,0.6,2.42,0.19,3.01,0.84,1.15,2.57,2.89,2.48,0.0,0.0,0.46,0.0,2.35,0.2,0.49,0
6tQg-ZNmZxU,3.26,3.43,0.77,1.83,0.56,3.28,0.0,0.95,1.38,0.32,0.0,0.17,1.63,0.39,1.12,1.51,2.43,0
6tg2h-Vc9ho,0.64,0.0,0.97,0.0,2.5,2.38,0.69,2.38,2.47,1.49,0.04,0.47,0.33,0.89,1.54,0.41,0.66,0
6wAzxEtZHSg,1.39,1.09,1.05,1.78,1.31,1.33,1.91,1.17,0.6,1.5,0.14,1.9,0.54,0.03,2.11,1.33,0.1,0
6xJUX88ZbfQ,2.65,0.0,0.0,1.67,1.73,0.85,0.62,1.03,2.52,1.64,0.62,0.18,1.57,0.0,2.14,0.0,0.0,0
6yl-rsVJhb8,0.54,1.1,0.0,1.08,0.14,2.26,0.28,0.95,1.84,2.55,2.18,2.48,0.87,0.0,1.3,0.7,0.0,1
6zEZDVvoM5Y,1.89,1.23,0.22,1.23,0.29,1.05,0.49,1.3,0.36,1.21,0.48,1.13,0.3,0.06,1.36,0.75,1.45,1
71ACko7Xae4,0.0,0.0,0.0,0.0,0.0,1.71,0.83,0.37,0.0,0.0,0.07,0.0,0.09,0.0,1.69,2.04,0.0,1
749yjbn751o,1.75,0.16,0.65,0.75,0.33,0.96,0.0,0.73,0.75,0.67,0.84,0.0,0.62,0.0,0.76,1.01,0.93,1
77a3CJtqZgs,2.49,4.27,0.0,5.0,0.0,0.0,0.0,0.0,0.0,0.0,0.36,0.0,0.0,0.37,0.14,0.0,0.0,1
77uNrf-x5t8,1.83,0.01,3.29,1.53,1.5,1.37,0.71,2.39,1.67,0.71,0.66,0.19,1.32,1.08,4.22,1.1,0.85,0
78nzrhpRg1g,1.66,0.0,0.0,1.14,0.0,0.0,0.0,1.01,0.37,0.0,0.0,0.32,0.31,0.0,0.0,0.0,0.0,1
79EQQxzhClI,2.15,0.0,1.02,1.73,0.55,0.0,0.28,1.62,1.92,1.64,1.19,0.29,0.0,0.0,1.41,0.94,1.38,1
79sBacNtT8Q,1.07,0.0,2.71,0.56,2.93,1.47,1.66,2.58,2.73,3.48,0.4,1.12,1.66,0.2,3.71,1.52,1.21,0
7B3W6Tq54MU,2.81,3.26,0.0,1.76,0.8,0.51,0.0,0.37,1.34,0.36,0.96,0.0,0.0,0.0,1.13,0.55,0.0,1
7D4XwWBi3qw,2.15,0.2,1.62,2.4,0.0,0.71,0.0,0.86,0.09,0.1,1.18,0.59,0.18,0.0,0.7,0.09,0.99,1
7DkmB-btFfY,0.21,0.08,0.0,0.0,2.07,0.0,0.0,1.82,3.31,1.51,0.0,0.0,0.0,0.0,3.5,0.0,2.18,0
7E3ohfJI-Tg,0.83,1.27,0.0,1.89,2.34,2.51,1.04,2.7,3.76,2.13,1.62,0.4,0.92,4.17,4.73,1.57,0.79,0
7EJxqEfLa-A,2.53,2.16,1.03,2.87,1.86,1.84,1.22,2.67,2.25,2.44,5.0,1.59,1.87,3.86,2.11,5.0,0.52,0
7Ebi_4WghzE,1.21,0.21,0.0,1.64,0.0,0.62,0.14,0.02,0.14,0.0,1.33,0.19,2.26,0.06,0.72,1.31,0.0,1
7FT99_QIvGU,1.08,0.0,0.93,0.16,0.83,1.91,0.61,0.0,0.0,0.0,2.71,2.51,0.0,0.39,1.29,0.14,1.06,1
7FYJ_ZmJy7A,1.17,0.09,0.0,0.0,1.92,1.9,0.84,2.53,2.07,2.72,1.42,0.0,0.87,0.0,2.69,0.54,0.0,0
7Ism_fgcFxo,2.35,0.68,0.0,1.21,0.31,1.12,0.29,1.04,0.19,0.0,0.26,0.0,0.29,0.0,0.21,0.0,0.0,1
7L7ll4tqVNg,0.82,0.28,1.33,1.02,2.6,2.74,0.88,1.69,2.18,1.39,1.11,0.22,0.77,1.27,3.67,1.37,0.49,0
7LGKv4A_mx4,1.24,0.07,0.88,1.44,1.52,2.29,0.97,2.62,1.8,1.92,0.33,1.82,0.0,0.61,2.63,0.53,0.48,0
7M6B3zqjc6s,1.29,0.0,1.05,1.2,0.0,0.0,0.0,0.0,0.0,0.28,0.37,0.14,0.0,0.0,0.0,1.11,0.52,1
7N83WgMhGFg,1.71,1.92,0.0,0.8,0.34,0.0,0.0,0.0,0.47,0.29,0.11,0.0,1.3,0.83,0.0,0.11,0.98,1
7NdbqsiwFKw,0.24,0.52,0.0,0.0,0.0,1.02,0.17,0.0,0.01,0.0,0.0,0.27,0.0,0.0,0.5,1.03,1.61,1
7NylnDrB5SU,0.45,0.03,1.19,0.25,0.0,0.32,0.0,0.24,0.16,0.0,0.0,0.0,0.0,0.0,0.0,0.0,0.47,1
7SKGXkZKjV8,0.98,0.54,1.69,0.51,0.89,0.86,0.84,0.84,0.84,0.0,1.39,2.25,1.82,1.34,0.39,0.65,0.46,1
7T2pjvK_SDI,3.2,1.51,1.4,3.03,0.11,1.41,0.0,0.48,0.94,0.59,1.01,0.97,0.21,1.29,0.7,0.82,0.0,1
7U-9cAw11zc,0.0,0.0,0.0,2.8,2.38,2.75,2.28,1.6,2.62,2.68,0.0,0.0,0.2,0.0,2.66,1.21,0.17,0
7UGFCDBcf1w,1.03,0.03,0.72,1.2,0.93,0.93,0.49,1.69,1.11,1.3,1.64,1.82,2.57,1.96,1.16,0.0,0.17,0
7UmdSTenV7I,0.62,0.36,0.48,0.0,1.04,3.47,0.7,1.47,2.65,0.64,0.0,0.0,0.58,0.0,2.9,1.57,0.88,0
7UvubdV9CIk,1.24,0.6,1.65,1.08,1.0,2.98,0.74,0.05,1.46,0.47,1.06,0.57,1.38,0.71,0.61,1.48,0.57,1
7VPx2aCZFlo,1.47,1.33,0.0,0.96,0.35,0.0,0.0,0.23,0.94,0.25,0.61,0.0,0.89,0.0,1.4,0.0,0.83,1
7Wp-L1pvGSM,0.12,1.24,0.13,0.0,0.81,0.44,0.23,0.0,1.88,0.21,0.32,0.45,0.21,0.0,1.68,0.6,0.36,1
7Y0qCUndU6U,0.53,0.0,0.3,0.0,0.0,0.26,0.2,0.21,0.77,1.14,0.27,0.0,0.62,0.0,0.89,0.3,0.0,1
7YOOMGt4nDo,1.08,1.43,0.01,3.05,1.55,2.88,1.43,2.11,1.03,0.77,2.15,2.16,0.89,0.89,3.52,2.2,0.51,0
7YUatj_Uq6c,2.13,1.26,0.0,1.63,1.85,0.52,0.17,1.43,2.03,2.5,0.53,0.0,1.24,0.94,2.09,0.27,1.06,0
7ZbGZppdhKY,0.18,0.0,0.0,0.0,2.69,1.89,0.16,2.2,3.11,0.52,0.0,0.0,0.38,0.0,2.46,0.0,0.0,0
7ZcoBFeiuA8,0.82,0.0,0.89,0.0,3.5,3.19,1.44,2.6,2.87,1.88,0.0,0.0,0.14,0.0,3.11,0.92,0.0,0
7aLmPpGdCfY,1.19,1.69,0.94,0.54,0.0,0.0,0.56,0.1,0.15,0.0,1.17,0.0,0.0,0.0,0.53,0.2,0.45,1
7awq7hypyBE,2.71,0.61,3.3,0.83,2.06,2.26,1.54,2.24,3.0,1.71,1.68,1.34,3.14,0.86,2.37,1.25,1.26,0
7b7gRb_CExc,0.91,0.0,1.21,1.32,0.78,0.6,0.02,2.17,1.97,0.74,0.7,0.78,1.16,0.0,1.28,0.43,1.79,1
7c3fVjA3hsY,1.57,2.6,0.0,1.44,0.0,0.96,0.73,0.0,0.29,0.4,0.0,0.28,0.01,0.32,1.9,0.77,0.0,1
7dRGee6bay8,0.76,0.0,1.0,0.05,0.82,1.45,1.15,0.0,0.63,0.0,1.14,0.0,0.0,0.0,0.17,0.0,0.0,1
7fFlTkr3oO4,0.33,0.14,0.21,0.57,1.99,1.6,1.19,2.28,2.58,1.73,0.27,0.0,0.8,0.0,3.79,0.59,0.85,0
7isroVJXFRs,1.38,0.82,0.0,0.0,0.47,1.38,0.0,0.0,0.22,1.19,0.0,0.0,1.11,0.53,1.65,0.0,0.32,1
7jpvU2TLsIM,1.05,1.67,0.0,0.0,2.71,3.43,1.3,2.28,3.02,3.55,0.58,0.83,2.06,0.67,2.7,2.5,1.58,0
7k-AQ4TzMbs,1.51,1.53,0.0,0.27,1.41,0.85,0.76,1.55,2.21,1.79,0.84,0.0,0.54,0.35,3.32,0.52,1.21,0
7lrZgWyWBIw,0.7,1.97,0.64,1.29,0.0,0.52,0.0,1.41,0.52,0.39,0.82,0.68,0.0,0.0,0.84,1.9,0.66,1
7mFbswax8xU,1.17,2.41,0.0,2.28,2.31,2.68,1.83,2.08,1.95,1.0,1.53,0.0,0.49,0.0,2.74,2.29,0.61,0
7om4gIQdO-o,0.13,0.0,0.0,2.63,0.17,0.0,0.0,0.0,0.95,0.55,0.0,0.42,0.8,0.68,0.0,0.0,0.0,1
7pSGhTgPkzo,0.73,0.0,0.22,0.69,1.39,1.0,1.18,2.09,2.37,2.0,0.37,1.07,1.14,0.95,2.21,0.46,0.89,0
7qr2i8InfE0,0.0,0.12,0.0,0.17,0.51,0.04,0.13,0.0,0.55,1.97,0.71,0.08,0.03,0.17,0.0,0.46,0.0,1
7rEnUDFMHbs,1.26,0.3,0.0,2.56,0.01,0.17,0.49,0.75,0.34,0.0,0.72,0.0,1.53,0.0,2.03,0.11,0.25,1
7tjxU9TqtW8,0.97,1.09,0.0,2.34,0.4,1.26,0.08,1.43,1.76,0.7,0.69,0.47,0.0,0.41,1.72,0.28,0.11,1
7uXjHV-dQyk,0.82,0.0,0.0,1.34,1.0,3.25,0.24,0.59,1.57,0.92,3.38,1.71,0.3,2.65,0.54,0.26,0.0,1
7xmCVS-LMIM,0.94,1.42,1.42,0.73,0.0,1.15,0.1,0.87,1.28,0.99,1.56,2.11,0.3,0.8,0.0,0.95,0.92,1
7yMj3FymG8k,0.98,0.0,0.0,0.0,1.33,1.29,0.29,1.22,0.75,3.13,0.58,0.0,4.31,0.0,1.93,0.0,1.64,0
80tUWDQ9Qyk,0.84,0.0,1.98,0.0,1.72,2.18,1.39,1.12,0.88,2.23,0.18,0.0,1.11,0.0,1.14,0.0,1.01,0
81oKxvD3Y5M,2.02,1.9,2.1,0.13,1.2,1.42,1.05,1.43,1.4,2.93,5.0,0.53,0.9,5.0,3.17,5.0,1.16,0
83jKeR_W4fY,1.41,0.09,1.31,1.49,1.25,2.93,0.55,0.73,1.31,0.02,1.66,0.3,1.25,0.22,0.36,0.0,0.27,1
85dtt14hKlc,0.17,0.0,0.0,0.0,2.66,3.27,0.53,2.48,2.95,1.25,0.29,0.0,0.74,0.2,2.76,0.87,1.17,0
86gs985X5tU,1.37,0.68,1.35,0.3,0.15,1.9,0.08,0.48,1.58,1.23,0.91,1.35,1.28,0.43,0.94,1.38,0.32,1
87evlKKxhBg,0.68,0.4,1.88,0.1,2.76,2.02,1.29,2.95,1.66,0.0,1.34,0.42,0.15,0.34,4.67,1.87,1.09,0
8BvdYZ68KEI,0.14,0.0,0.52,0.0,1.02,1.6,0.0,0.64,0.16,0.64,0.5,0.85,0.69,1.41,0.0,0.0,0.0,1
8E6UFbyjzBY,1.61,2.32,2.88,3.53,0.0,0.0,0.0,0.64,0.39,0.0,1.11,0.0,0.0,0.0,2.62,0.0,0.0,1
8FBGDozHjH0,1.16,1.33,0.0,3.65,0.67,0.51,0.0,1.05,1.85,1.38,0.76,1.04,0.28,0.43,3.87,2.39,0.66,0
8FFY1EsnejA,0.7,1.08,1.0,0.36,1.42,3.24,0.19,1.44,1.79,0.08,0.33,0.0,0.31,0.25,2.2,2.35,0.72,0
8FfwWL4nkO4,1.36,0.0,1.2,0.0,0.0,2.79,0.24,1.12,0.91,1.59,0.98,0.64,1.18,0.44,0.4,2.45,0.3,1
8GrS-ehuhAg,1.34,0.82,0.48,1.23,0.0,0.56,0.23,1.16,2.3,0.27,0.64,1.4,0.0,1.46,1.43,0.24,0.77,1
8HWSQ6sU7ZE,0.58,1.64,0.37,1.42,1.31,0.68,0.66,1.53,1.11,0.51,0.82,0.59,0.56,0.0,2.48,0.0,0.74,1
8KaKs_c9ji8,3.2,3.99,0.0,1.89,0.33,0.0,0.0,1.12,1.35,2.45,0.24,0.0,0.8,0.0,1.35,0.0,0.0,1
8L0WHBuAMOo,0.0,0.0,0.0,0.0,2.23,3.26,0.7,2.03,3.2,0.86,0.19,0.0,0.59,0.12,2.13,0.08,0.0,0
8O_xQqnhio0,2.14,0.97,0.33,2.14,0.31,0.48,0.48,0.59,0.73,0.69,0.93,0.0,0.0,0.0,0.63,0.95,1.09,1
8R-n7sdVt14,2.4,2.56,1.4,2.0,0.0,1.01,1.49,0.53,0.0,0.0,4.3,0.08,1.72,1.83,2.82,5.0,0.27,0
8SvNoyLQAAo,0.0,0.0,0.0,0.01,1.77,0.97,0.68,3.21,2.89,0.34,0.27,0.53,0.0,1.46,2.68,1.73,0.7,0
8Sw9WZeWzdU,0.2,0.0,0.0,0.0,0.0,0.0,0.0,0.2,1.21,1.71,0.53,0.58,1.03,0.39,0.0,0.27,0.0,1
8TuUeyC25hM,1.35,0.0,1.65,1.23,0.71,1.89,1.18,2.01,1.76,1.34,0.84,1.28,1.36,0.39,0.33,0.0,0.73,0
8WROAVdvgC8,2.48,1.09,1.2,2.08,0.0,0.0,0.9,1.59,0.72,2.0,2.33,1.14,1.74,0.0,1.99,1.66,0.0,1
8XxsQRiyzS8,1.25,1.32,0.0,2.46,0.36,0.03,0.01,1.46,0.5,0.5,0.08,0.0,0.34,0.0,0.37,0.0,0.71,1
8Y5kPjK9ARQ,0.4,0.1,0.59,0.02,0.73,1.16,0.74,1.74,0.8,0.35,1.79,1.42,0.0,0.23,1.0,1.01,0.0,1
8b-XmxFurWA,0.61,0.0,2.98,0.32,1.91,3.15,1.08,1.39,2.01,2.12,0.55,1.52,1.14,0.68,1.86,0.21,1.19,0
8cfweBgx41U,1.14,0.0,0.14,0.11,0.0,0.75,0.35,0.4,0.0,0.0,0.0,0.07,0.0,0.0,0.2,0.0,0.0,1
8cnvAxGqx-U,1.66,2.14,0.0,2.01,0.0,0.11,0.0,0.87,0.45,0.0,0.4,0.51,0.0,1.0,1.52,0.82,0.65,1
8dhNmyLgg20,1.12,1.23,0.0,2.36,1.51,2.19,1.78,0.93,1.08,1.45,2.26,2.73,0.53,1.28,0.83,1.62,0.91,0
8iV0Gnw2IYQ,0.3,0.0,1.82,0.0,0.91,0.0,0.54,1.19,0.51,1.27,0.09,0.12,0.0,0.25,0.99,1.01,0.79,1
8ipzwxXjAcA,0.0,0.0,0.0,0.0,2.54,2.39,0.0,1.09,2.78,1.76,0.08,0.0,1.42,0.0,2.41,0.0,0.0,0
8j5LVDVzlY4,0.96,0.04,1.92,1.1,2.24,2.49,0.33,3.45,2.82,3.54,0.12,1.1,0.5,0.0,3.7,0.94,0.88,0
8lIj-pjHonU,0.43,0.0,0.0,1.52,1.52,1.22,0.4,1.64,1.09,2.42,0.87,0.0,0.0,0.0,2.46,3.28,1.45,0
8nEEp3bXVbE,0.0,0.0,0.0,0.0,0.67,0.4,0.12,1.24,0.81,0.0,0.0,0.0,0.0,0.0,1.48,0.0,0.0,1
8oORslFS5oE,2.31,0.6,0.58,2.44,0.0,0.0,0.93,1.05,0.25,0.42,1.68,1.91,0.94,0.64,0.0,1.82,0.07,1
8okXNtmPNiw,0.0,0.0,1.25,0.0,3.17,4.23,1.97,2.6,3.51,1.52,0.24,0.44,0.34,0.86,2.28,0.47,1.79,0
8pEocfz8c5k,0.68,0.0,1.47,2.08,0.41,1.83,0.65,1.51,0.84,0.55,1.25,0.99,1.82,0.41,0.51,1.0,0.02,1
8pPfRksmgUI,1.2,0.0,0.11,0.56,0.02,0.0,0.43,1.19,0.61,0.54,0.37,0.0,0.16,0.0,0.92,0.0,0.11,1
8qCqpy2emLk,1.95,0.08,0.58,2.7,2.93,3.31,1.55,4.26,2.79,2.46,0.15,0.25,0.58,0.0,5.0,0.81,1.47,0
8qbrBlk8Xpc,0.71,0.33,0.0,0.09,0.16,0.0,0.0,0.74,1.23,2.45,0.34,0.12,2.15,0.0,0.36,0.0,0.0,1
8sHWSK1jxoo,1.22,0.0,0.19,0.0,0.0,0.0,0.0,0.0,0.49,1.25,0.26,0.0,1.63,0.0,0.37,0.0,0.55,1
8sadyBef2Ms,0.57,0.0,0.0,0.0,1.03,1.43,0.45,1.46,1.54,0.72,0.18,0.0,0.0,0.0,0.54,0.4,0.43,1
8syzyuem6Xo,2.42,1.75,0.48,1.84,0.0,0.6,0.27,0.85,0.0,0.0,0.62,0.17,0.0,0.0,1.66,1.01,0.0,1
8vf1wrbar_0,0.49,0.0,0.0,0.9,1.18,1.69,0.0,1.83,1.31,2.11,0.62,0.0,0.67,0.0,0.29,0.0,0.13,1
8wlLXq47Cb8,0.31,0.13,1.03,1.47,2.55,2.55,1.23,1.97,1.83,0.39,0.14,0.0,0.69,0.0,5.0,3.17,0.84,0
95cPfaGvGdI,2.12,0.72,1.63,0.49,2.69,2.4,1.22,3.44,3.97,3.35,1.16,0.35,0.0,0.0,2.53,0.91,0.93,0
95frnzvILcw,1.33,0.24,0.35,1.6,1.12,1.44,0.15,2.64,1.53,0.87,0.64,0.19,1.02,0.35,0.59,1.13,1.67,0
97_4I4a02Kc,0.25,0.0,2.8,0.0,1.08,3.67,0.0,0.0,0.76,0.55,0.0,0.0,0.53,0.0,0.89,2.31,1.01,1
99fs2R7d7sQ,0.12,0.0,0.0,0.0,2.79,2.96,0.27,1.43,3.05,0.74,0.0,0.0,0.65,0.0,3.47,0.76,0.0,0
9AYywOvLYb0,0.59,0.0,0.25,0.0,1.31,0.85,0.1,1.56,1.75,0.13,0.61,0.86,1.27,0.0,1.12,2.46,0.34,1
9EnZ42PI86s,1.21,0.0,1.11,1.11,0.19,0.83,0.28,1.02,0.92,1.48,2.16,0.0,1.34,1.02,0.75,1.13,1.19,1
9H7yQE8wY3M,1.92,0.36,1.38,1.66,2.3,3.08,1.76,2.7,2.84,2.16,0.59,0.57,1.49,0.0,2.17,1.02,0.2,0
9Mtu9Qfs84A,1.11,0.15,0.85,0.73,0.32,0.61,0.32,1.99,2.03,0.87,1.08,0.0,0.37,0.0,1.4,0.63,1.29,1
9NUscjF2s6k,1.77,0.14,2.46,1.96,0.02,0.0,0.68,0.0,0.48,1.23,1.06,1.1,0.0,0.0,1.02,0.9,0.45,1
9OtHOfNJoyA,2.7,0.81,1.76,2.24,1.86,2.41,0.83,1.45,1.39,1.69,1.34,0.84,1.22,0.29,3.65,3.63,0.26,0
9RSxZh6d2mQ,0.93,0.42,0.48,1.43,0.35,0.01,0.16,2.39,1.19,1.43,0.6,0.35,1.58,0.0,1.12,1.09,0.51,1
9SJDXgUpuEY,2.76,2.54,0.68,0.66,1.01,2.17,0.69,0.0,0.74,1.06,0.0,0.18,1.01,0.32,0.56,1.05,1.43,1
9TB6G0Q3LDU,2.61,1.3,0.73,0.44,1.17,0.86,0.86,1.8,1.71,2.12,0.46,0.53,0.64,0.72,1.13,0.75,2.8,0
9Ur99JzRwys,0.34,0.0,1.91,1.13,0.33,1.75,0.91,1.42,0.86,1.85,0.26,0.37,0.12,0.07,1.95,1.08,0.41,1
9X6IORMrG8A,1.59,0.09,0.96,0.0,1.48,3.02,1.55,0.88,1.11,1.18,1.12,0.71,2.03,0.01,0.85,2.07,0.41,0
9ZtqbzY6niE,1.38,0.52,0.64,2.08,2.27,3.45,1.63,2.35,1.24,0.71,1.31,2.48,2.69,0.78,2.62,1.86,1.4,0
9ZwpBolj4aQ,0.0,0.0,0.5,1.01,1.35,1.67,1.09,1.33,2.16,1.27,0.65,0.47,0.0,0.04,1.32,0.0,0.0,1
9dGjCGTuhls,4.85,5.0,0.0,5.0,0.56,0.25,0.0,0.43,0.6,1.88,0.31,0.42,0.15,0.0,2.17,0.63,0.0,1
9dUxng6C7HI,1.19,0.37,0.0,0.7,1.21,0.96,0.32,1.05,2.19,1.13,0.6,1.15,0.74,0.11,1.47,2.04,0.0,1
9ec9bVsnpiw,1.63,0.3,0.0,2.6,0.29,0.0,0.0,0.21,0.58,0.97,0.0,0.0,0.41,0.0,1.47,0.15,0.0,1
9fKcl3kItng,1.13,0.0,0.56,2.08,0.4,1.12,0.14,0.1,0.0,0.0,1.15,0.0,0.89,0.0,0.0,0.0,0.0,1
9iZsdoGmU0E,1.18,0.13,0.2,1.39,0.37,2.32,0.14,0.0,0.28,0.0,4.33,0.0,0.0,0.0,0.0,0.0,0.0,1
9jpZL9d4B5M,1.38,0.85,0.0,0.47,1.03,0.27,0.0,2.3,1.28,1.07,2.47,0.0,1.67,0.61,1.04,1.84,0.41,1
9n7MQEeZOyY,0.74,0.35,0.0,0.54,0.82,0.38,0.0,0.85,2.58,1.35,0.0,0.73,1.34,0.21,0.6,0.08,0.0,1
9n8e0KXDYgc,1.02,0.54,1.46,2.31,1.29,2.48,1.31,0.93,1.71,0.34,0.77,0.0,0.39,0.21,3.08,1.66,0.32,0
9oR1N3q9WPQ,1.46,0.0,0.74,0.32,0.44,0.0,0.61,1.98,1.1,0.0,2.47,0.0,0.57,0.0,2.54,0.0,0.67,1
9v5cbDdzKbw,0.0,0.0,0.0,0.27,2.39,3.94,0.38,1.39,2.83,1.54,2.17,1.59,1.77,0.44,1.78,5.0,0.0,0
9wAKRFYDIQ4,0.0,0.0,0.0,0.0,0.0,0.9,1.39,1.02,0.0,0.0,0.66,0.64,1.02,0.0,0.31,0.0,0.0,1
9wfpt2O5Ems,1.15,0.92,1.2,0.45,1.61,3.29,1.8,2.48,3.27,1.09,1.28,0.88,0.52,1.66,2.36,0.95,2.36,0
9x-dH4FrWwM,1.33,0.13,1.32,1.02,0.97,1.44,2.29,1.39,1.86,0.74,5.0,1.84,0.64,4.68,2.34,2.11,0.4,0
9xVyI9F6lK4,3.02,1.83,3.26,1.67,2.43,3.0,1.03,2.17,2.23,1.5,1.53,0.67,1.57,0.07,5.0,1.14,1.13,0
9yMIaUe8UOM,0.83,0.35,2.54,0.06,0.0,0.64,0.32,1.66,0.24,0.0,0.0,0.18,0.0,0.0,1.26,1.46,2.01,1
9zATq_zp0Js,2.79,1.81,0.0,1.82,0.0,0.0,0.0,0.05,0.32,0.32,0.78,1.06,0.0,0.0,1.13,1.72,0.84,1
A-jW_nfBEq4,0.8,1.42,0.0,1.61,3.04,1.02,0.25,0.0,2.58,0.7,0.2,1.2,1.24,2.2,0.73,0.43,2.01,0
A0AcK6cBO-8,2.08,2.63,0.17,0.96,0.32,2.74,0.0,1.0,1.59,0.77,1.75,1.2,1.25,0.0,2.36,0.98,0.28,1
A0iUMPH-unU,2.25,1.16,0.42,1.39,1.37,1.33,0.59,1.88,2.26,2.18,0.57,1.16,1.74,0.52,1.92,0.23,0.59,0
A1KpudH7JUE,2.22,0.74,3.87,1.46,0.71,0.77,0.51,1.64,0.79,1.91,1.66,1.7,1.27,0.0,0.97,0.65,0.0,1
A2Jgvjv3Er8,1.26,1.07,1.01,2.12,1.74,1.0,1.33,1.74,1.46,0.42,0.26,1.16,0.1,0.68,0.69,1.62,0.0,1
A2syNVDncMk,0.87,0.0,0.03,0.57,0.85,0.86,1.16,2.01,0.05,0.0,0.41,0.33,0.0,0.87,1.53,2.73,1.12,1
A3agoGmyAHw,0.32,0.15,0.0,1.43,0.0,0.0,0.0,1.77,0.63,0.14,0.13,0.72,0.0,0.0,1.0,0.01,0.0,1
A4TZKeP7HXo,0.93,0.27,0.86,1.61,0.41,2.11,1.18,0.51,1.13,2.46,1.6,1.18,1.56,1.74,0.25,1.64,0.63,0
A5fwoL64Rsk,1.68,0.72,1.04,0.75,1.53,2.36,0.52,2.38,2.62,2.01,1.27,0.88,0.71,0.23,2.11,1.07,0.08,0
A6JjAVj92GE,1.89,1.59,2.47,2.12,0.31,0.0,0.39,1.14,0.68,0.7,1.55,2.43,0.0,0.77,0.29,0.0,0.35,1
ACxzsWw4Wtg,1.49,0.3,1.28,0.13,1.6,2.66,0.57,1.4,1.2,0.28,0.92,0.69,0.48,0.49,3.69,2.09,0.78,0
AF-b-NaeJgE,1.46,1.28,0.0,0.34,0.0,0.0,0.0,1.49,1.09,1.16,0.0,0.0,0.0,0.0,1.86,0.0,0.0,1
AGfWGmCt46k,0.42,0.0,0.39,0.93,0.12,0.0,0.0,1.01,0.39,0.0,0.0,0.0,0.0,0.0,0.0,0.29,0.87,1
AHzUp3wF1Gw,2.35,0.75,1.82,1.73,0.0,0.84,0.66,0.76,0.6,0.0,3.15,1.08,0.1,0.33,1.29,1.6,0.64,1
ALf7wbf9ZOU,1.59,0.0,0.18,0.47,0.0,0.47,0.08,0.0,0.85,2.23,0.0,0.0,0.0,0.0,0.76,0.0,0.64,1
ALnW-6PzjaI,2.31,1.06,1.73,1.19,1.0,1.8,1.16,0.76,1.3,1.04,0.92,0.52,3.57,1.35,1.04,1.02,0.87,0
AMvxJDDvJdU,2.07,0.0,1.24,0.73,3.19,3.7,1.06,2.3,1.76,1.21,0.35,0.0,1.74,0.0,3.02,0.35,0.59,0
AP4qTHti3NA,1.99,1.89,0.95,1.23,0.01,1.06,0.44,0.61,0.83,1.74,1.14,1.96,0.9,0.33,0.0,0.94,0.3,1
AQTOjytfu-s,1.9,0.01,1.37,0.36,1.2,0.72,0.67,0.1,0.42,2.86,0.55,0.07,0.25,0.29,0.08,1.53,0.31,1
ASS4HIq4zyM,1.15,0.0,0.02,0.73,2.83,3.33,1.32,2.57,2.81,1.95,0.76,0.0,1.8,0.63,2.72,0.67,0.18,0
ATSDoVfhoBI,0.0,0.0,0.0,0.0,1.91,2.75,0.0,1.18,2.78,1.52,0.43,0.0,0.63,0.0,2.09,0.0,0.12,0
AUs6aEaakl4,1.24,1.89,0.68,1.44,0.86,0.15,0.37,0.49,0.45,1.26,0.02,1.31,0.82,0.0,0.19,1.03,0.15,1
AVGPPj3c-b0,0.42,0.0,1.78,0.39,0.14,0.16,0.08,1.35,0.0,0.0,1.06,0.0,0.0,0.0,0.79,0.0,0.0,1
AWIqYmJkncY,0.27,0.44,0.54,0.85,1.5,0.24,1.06,0.9,2.14,1.65,0.61,0.0,1.25,0.0,1.47,0.32,0.0,1
A_HLn0O78ZA,1.3,0.98,0.0,0.55,1.75,1.55,0.79,0.39,0.0,0.23,1.91,1.23,1.02,0.0,0.62,0.2,0.78,1
A_x6b3rsPKA,1.64,0.0,1.18,1.56,0.0,0.0,0.18,0.73,0.76,1.99,2.49,0.7,0.0,0.36,0.0,0.0,0.36,1
AaQKTxGYi2k,1.89,3.33,0.0,2.37,0.39,0.0,0.93,0.24,1.67,1.48,0.91,0.17,0.86,0.0,1.11,0.0,0.0,1
Aaa36c2FuOk,1.42,0.06,0.82,0.0,0.19,0.78,0.69,1.01,0.22,1.47,0.0,1.11,0.75,0.0,0.71,2.8,0.0,1
AbvJ2hjTpo8,1.16,0.0,0.0,0.25,1.21,0.0,0.0,0.92,1.27,1.58,0.46,0.53,0.88,0.12,0.73,0.0,0.0,1
Ad9jG5MpM2E,0.93,0.47,1.51,1.12,0.0,0.0,0.25,0.89,0.0,0.55,0.0,0.09,0.65,0.0,0.99,2.02,0.0,1
Ak0VzdFjJS8,0.0,0.0,0.51,0.0,1.38,1.68,0.2,1.51,2.56,0.47,0.0,0.0,0.48,0.0,2.01,0.0,0.43,1
Al0X79cbxjg,4.36,4.39,0.88,2.09,1.73,1.58,0.0,1.7,2.46,2.99,1.44,1.08,0.04,0.0,2.07,0.44,0.44,0
AlOFJSH84cs,1.32,0.32,0.0,1.07,0.21,0.0,0.0,1.79,0.82,0.01,0.98,0.37,1.32,0.0,0.72,1.39,0.17,1
AlSrber5YNM,2.69,1.09,0.49,2.41,0.2,0.0,0.71,0.82,0.65,0.91,0.44,0.0,1.01,0.0,2.09,0.61,0.61,1
AnUKT7tdoDg,5.0,5.0,2.61,5.0,2.3,5.0,0.0,1.49,4.2,4.74,4.66,0.06,0.13,5.0,5.0,1.65,1.63,0
AnXO5ycu_9Y,1.11,0.11,0.0,0.0,1.58,1.28,1.08,1.49,1.74,1.38,0.77,1.43,0.0,0.12,0.61,0.22,2.13,0
Aq22Qo5L1_4,2.93,2.81,0.49,0.61,1.66,2.01,0.4,3.79,2.9,1.45,1.02,1.47,1.26,0.0,3.04,0.13,1.11,0
AqZEAulmaaU,0.17,0.0,0.0,0.0,1.07,1.05,1.08,2.0,0.45,3.7,1.69,0.42,0.0,1.26,0.19,0.31,0.61,0
Ar0VgO2R6EM,2.17,0.0,1.72,1.27,0.43,0.0,0.47,0.64,0.73,1.79,0.77,0.2,0.21,0.0,1.17,1.0,1.09,1
ArFaYJ_gst4,1.38,1.15,0.72,0.91,2.64,2.02,0.0,2.33,3.13,0.86,0.16,0.54,0.63,0.54,1.79,0.02,0.41,0
Arg2tmo5ja0,0.62,0.74,0.8,2.84,1.77,0.77,1.17,1.98,1.26,0.94,0.72,0.47,0.0,0.91,3.58,2.43,0.0,0
Au_lwwhYCso,1.03,0.16,2.15,0.0,3.29,2.41,1.71,4.11,2.86,2.55,1.14,1.44,1.83,1.3,4.28,1.72,1.03,0
AwYfCWkt7mc,0.19,1.67,1.65,2.91,0.23,1.14,0.53,1.37,0.4,0.42,0.77,1.02,0.5,0.36,1.23,0.75,0.94,1
AxuQqgzlL2o,1.39,0.22,0.26,2.72,3.18,4.18,2.95,2.02,2.49,1.21,2.13,2.34,0.49,0.75,1.82,1.92,1.08,0
AzBBjBanvF8,0.25,0.0,0.0,1.28,1.14,0.12,0.85,0.67,0.58,0.0,0.13,0.0,1.47,0.0,1.48,0.22,0.0,1
B04zftVikas,1.74,1.51,0.0,1.85,0.11,0.47,2.56,2.32,1.16,0.74,0.75,4.33,0.23,0.0,1.01,0.95,0.0,1
B1l6AHEEri0,2.01,1.49,1.6,0.23,1.1,0.66,0.0,1.52,2.12,1.54,0.61,0.0,0.56,0.0,2.03,0.65,0.02,1
B2KB93_8WlE,2.03,0.09,1.96,1.38,0.87,2.43,1.81,1.08,0.48,4.88,1.44,0.12,0.0,1.96,1.02,0.0,0.91,0
B5Dy8RYkYUc,2.24,1.78,1.65,3.97,0.16,0.0,0.0,0.94,1.1,2.38,0.46,1.34,0.28,0.0,0.87,0.48,0.0,1
B6w57nHXjSU,0.0,0.0,0.0,0.0,0.86,1.5,0.09,0.45,1.15,0.98,0.87,1.3,0.1,0.28,0.0,0.99,1.84,1
B98a_jBm8Io,1.89,0.0,0.74,0.45,0.72,2.48,0.02,0.15,0.43,0.0,0.68,0.0,0.0,0.0,0.09,0.91,0.0,1
BB7UNULD-ek,0.89,0.0,1.19,2.92,1.38,0.87,0.31,1.93,1.47,1.56,0.77,0.26,0.57,0.97,3.06,1.59,1.02,0
BFndAL9KPc0,1.66,1.82,0.0,1.99,1.3,1.78,0.0,1.62,3.65,1.26,0.69,0.78,0.27,0.17,2.21,1.4,0.08,0
BFzpPPalcRM,1.36,1.01,1.44,0.86,0.0,1.96,0.34,1.42,0.27,1.38,0.47,0.0,2.64,0.0,1.24,2.17,1.22,1
BGVGKq3rYho,2.14,0.85,2.59,2.02,1.51,2.8,1.0,1.93,1.72,3.52,1.42,1.72,2.48,1.76,1.63,2.15,0.94,0
BGakwYdbe2M,0.0,0.0,0.45,0.0,0.0,0.96,1.59,0.97,0.0,0.0,0.73,1.09,0.0,1.53,0.02,0.05,0.37,1
BGujazrbsyw,0.0,0.56,0.0,1.77,0.0,0.0,0.05,0.0,0.0,0.65,0.16,1.41,0.0,0.5,0.03,0.9,0.0,1
BICAgCoPMtQ,3.14,1.19,0.44,0.7,2.35,3.74,1.7,1.4,1.54,0.35,0.82,1.9,1.51,0.73,1.05,0.0,1.1,0
BIarUjm4U-0,1.98,2.26,0.0,0.38,0.29,0.53,0.0,0.75,1.09,0.0,1.04,0.0,0.0,0.0,1.04,2.08,0.91,1
BIvwtnPDipg,1.49,1.89,0.92,0.59,1.57,1.08,0.6,1.57,1.27,0.91,1.25,0.29,0.33,0.0,1.9,2.03,0.57,0
BKUAS90sXA4,1.41,0.46,1.08,2.07,0.83,2.81,0.37,1.6,1.43,1.17,2.43,1.98,1.72,3.95,1.73,1.57,1.03,0
BMEWBjlmmEo,2.15,0.37,0.79,0.68,0.78,1.4,1.64,1.09,0.0,0.12,1.0,2.81,2.84,0.21,0.18,1.71,0.0,1
BOlcMowlEvY,1.27,0.21,1.13,0.68,2.73,2.01,1.36,2.9,2.53,0.53,2.13,2.28,0.61,0.86,2.3,1.83,1.07,0
BRtPteLyfAw,1.59,0.46,0.0,0.39,1.57,0.0,0.03,0.0,0.16,0.0,0.0,0.51,0.27,0.0,0.0,0.0,0.0,1
BUbieeQkJhg,0.7,0.03,0.0,0.0,1.27,1.5,0.5,1.84,1.6,0.09,0.25,0.8,0.92,0.0,2.61,0.7,0.0,1
BVwdY6WkGxI,1.79,1.77,1.05,2.97,0.23,0.84,0.8,2.41,1.63,1.24,1.23,1.72,0.6,0.58,0.95,0.75,0.0,1
BWcGyLVCwlo,1.94,2.15,0.86,2.69,0.91,1.23,0.86,1.58,1.54,0.65,1.0,0.21,0.58,0.7,2.26,1.89,0.9,0
BWccDzoF8ks,1.15,0.73,1.3,1.07,1.99,3.17,1.4,1.78,2.03,0.9,0.33,0.0,0.57,0.04,2.68,0.71,2.01,0
BYou-_SdroY,1.16,0.0,0.3,1.33,1.9,1.63,2.23,2.09,1.41,3.57,0.72,0.7,1.91,1.02,0.48,0.77,1.77,0
BZIpT4eZsM0,0.76,0.0,0.0,0.0,0.74,1.04,0.0,0.0,1.56,0.0,0.0,0.0,0.31,0.0,0.95,0.0,0.0,1
BbsXiiJMrBM,1.77,1.48,0.74,3.47,0.0,0.0,0.0,0.04,0.22,0.0,1.26,0.59,0.0,0.0,2.82,0.0,0.0,1
Bg14LKTUfCg,1.07,1.1,1.72,1.83,0.12,1.15,0.4,0.85,0.0,0.0,0.97,1.17,0.01,0.8,0.46,0.0,0.94,1
Bh56fa71kZQ,2.2,0.27,1.66,2.03,0.11,0.28,5.0,0.0,0.0,0.0,0.03,2.32,0.0,0.0,0.0,1.6,0.0,1
BifGRphziRc,0.16,0.9,0.95,0.65,1.09,0.14,0.59,0.06,1.37,0.21,2.38,0.91,0.36,0.17,1.34,0.37,1.13,1
Bji8OWzEmoE,2.91,1.58,0.81,1.21,1.08,0.0,1.17,2.07,1.62,2.2,1.12,0.18,0.0,0.0,1.05,1.27,0.03,1
Bldhi-UdqEU,1.0,0.0,1.39,0.12,0.27,1.8,0.0,0.0,0.35,0.68,1.45,0.34,1.35,0.04,0.51,0.76,0.33,1
Bm0ONlju0JA,0.0,0.0,0.0,1.39,0.03,1.43,1.13,0.0,0.0,0.0,0.48,0.0,0.75,0.0,1.87,1.8,0.0,1
BomdsEJjb0E,2.01,0.35,0.64,5.0,1.09,5.0,0.0,2.21,0.91,5.0,5.0,2.68,1.82,3.64,1.4,4.19,0.0,0
BqmsdI98W8U,2.01,2.59,0.0,2.65,0.0,0.0,0.0,0.1,0.23,1.17,0.0,0.56,0.3,0.0,1.58,0.02,0.0,1
BtBg6_e9-iE,0.8,0.71,0.0,0.31,1.6,1.4,1.29,1.55,1.86,0.85,0.0,0.0,0.48,0.66,2.21,1.21,0.39,0
BvBewjMD0vE,2.08,0.16,2.48,2.13,1.1,0.82,1.13,1.45,1.31,3.07,0.41,0.63,0.57,1.05,0.74,1.96,0.73,0
C0sYuAumTXw,1.88,0.54,0.72,1.2,1.78,3.23,1.29,1.85,2.31,1.56,0.58,2.7,0.94,0.35,2.14,1.01,1.1,0
C2Ic0QDQ1ug,0.75,0.0,0.27,0.77,2.5,3.27,1.29,3.17,2.9,2.44,0.34,0.02,0.15,0.76,3.62,2.69,1.04,0
C3WooRrzdBY,1.39,1.83,0.01,3.34,1.6,0.2,0.0,1.23,1.63,2.29,0.27,0.37,0.0,0.0,4.13,1.33,0.0,0
C6VEIWykx0I,1.34,0.0,1.26,0.43,1.36,2.91,1.36,1.61,0.89,0.88,0.57,0.0,0.8,0.0,1.33,0.64,0.63,0
C832X6m5zbE,0.75,1.23,0.0,0.73,1.06,0.0,0.0,1.19,0.83,0.0,4.87,0.0,0.0,0.0,1.54,0.0,0.77,1
C92A_wlcZTk,1.25,1.45,1.14,2.4,1.52,1.27,0.67,1.13,1.98,1.68,0.36,0.0,0.26,0.77,2.0,1.27,1.19,0
CAX1_gf_2f4,2.07,1.99,0.85,2.7,1.77,1.2,0.0,0.39,1.46,0.0,0.0,0.0,0.05,0.0,2.14,0.45,0.0,1
CCz3OhmkIqo,0.93,0.35,0.69,0.65,3.21,3.14,2.19,2.19,2.62,2.01,2.12,2.34,0.8,0.91,2.35,1.95,1.66,0
CD4lt_OQdbI,0.3,0.76,0.85,2.02,2.37,1.2,2.73,1.25,2.09,1.69,2.14,0.0,0.29,0.38,3.03,0.0,0.74,0
CFRBZBhDtGg,1.22,0.0,0.98,1.89,2.07,1.53,1.3,2.15,2.42,2.43,1.41,0.69,1.1,1.16,3.82,2.46,1.17,0
CGUCzt05VNk,2.65,2.47,0.28,1.16,2.22,0.0,0.0,1.98,3.52,2.48,0.0,0.22,1.16,0.0,3.3,0.9,0.0,0
CHCTHOi4ggk,1.11,0.69,0.64,0.93,0.66,1.11,0.29,1.57,1.75,2.13,0.0,0.48,0.29,0.0,2.8,2.26,1.26,0
CHdTSslLRrQ,1.71,3.05,0.25,1.76,1.93,0.95,0.84,0.73,1.81,1.15,0.77,0.3,0.06,0.4,2.08,1.81,0.0,0
CIo7dMaIoiY,1.25,0.86,0.0,0.0,0.0,0.0,0.0,0.07,0.46,0.82,0.0,0.0,0.0,0.0,1.63,0.57,0.92,1
CKIXGJtS36c,0.46,0.0,0.4,2.06,0.48,0.12,0.53,2.27,0.38,1.28,1.11,2.06,0.88,0.44,0.0,1.0,0.53,1
CLt4trXvXU8,1.92,0.31,0.0,2.53,2.93,1.9,2.19,3.12,1.55,1.54,0.92,2.32,0.45,0.81,0.29,0.44,1.44,0
CNRdK2MXW2Y,1.49,1.66,1.52,1.54,1.01,1.5,1.26,1.26,0.73,0.78,1.11,0.0,0.0,0.09,2.69,1.36,2.43,0
CNk5yrXRyD8,2.06,2.11,1.07,0.91,0.0,0.0,0.35,0.1,0.15,0.06,0.0,0.0,0.0,0.0,0.88,0.05,0.06,1
COsIm4yM4W4,1.58,0.59,0.0,0.06,2.01,3.1,0.36,2.4,2.83,1.86,0.66,1.45,1.24,0.46,2.46,0.28,0.55,0
CP6XU_Hymbo,2.76,0.08,0.63,0.19,2.35,2.79,1.26,1.02,1.26,0.0,0.63,0.57,0.38,0.65,1.96,0.66,0.0,0
CRm9AjRcNOE,0.51,0.87,0.0,0.08,0.18,0.2,0.0,1.29,1.51,1.19,0.0,0.0,0.96,0.0,2.92,1.29,0.0,1
CSWCto8e2Ho,2.09,1.15,1.66,2.2,1.1,1.19,1.41,1.21,0.96,0.67,0.0,1.33,0.35,0.28,1.88,0.61,0.0,1
CSzzvrt_5tM,0.66,0.0,0.22,0.0,0.0,1.86,0.43,1.16,0.78,0.0,0.37,0.0,0.0,0.0,2.17,1.27,0.01,1
CT_xbqulfdI,1.2,0.0,1.16,1.46,1.66,1.66,0.0,0.9,0.44,0.0,1.66,0.37,0.9,0.0,1.0,2.29,0.48,1
CUTOxy-ibU8,1.43,2.22,2.9,0.56,0.0,0.95,0.74,0.0,0.0,0.0,1.18,1.49,0.36,0.42,0.96,1.72,1.84,1
CUhep1ZhwFQ,1.43,0.78,0.0,0.58,0.0,0.84,0.02,0.0,0.06,1.0,0.95,0.48,1.4,0.0,0.0,0.18,0.0,1
CWGPc88lYFg,1.15,1.23,0.66,3.53,1.31,2.09,1.55,2.02,1.0,0.96,2.46,2.49,1.31,1.03,3.59,1.33,0.51,0
CXINU6y15HA,1.13,0.15,1.78,1.63,1.29,2.03,0.92,0.91,0.52,0.84,0.22,0.0,0.92,0.33,1.85,1.07,0.9,1
CXRr3bcO7WA,0.56,0.35,0.0,2.59,1.4,3.2,1.51,3.07,1.49,2.0,1.86,0.0,1.08,0.31,3.21,1.17,1.04,0
CZ7-YVIFrBs,0.12,1.35,0.0,3.45,0.0,0.23,0.0,0.28,0.0,0.51,0.37,0.21,1.71,0.0,0.06,1.89,0.0,1
CZJDYpn-htg,1.84,0.0,0.04,2.06,1.62,2.3,0.37,1.02,1.26,0.56,0.55,0.89,0.0,0.8,2.11,3.84,0.19,0
C__iyWJkjgc,0.0,0.0,0.0,2.12,1.34,1.6,0.0,0.14,0.33,0.0,0.0,0.0,1.26,0.0,3.27,0.0,0.0,1
Ca4xzCaIuTk,0.0,0.0,0.0,1.18,0.0,1.23,0.37,1.5,0.82,0.8,1.18,2.57,0.0,0.38,0.0,0.0,0.87,1
CdWigDCFkhI,2.35,0.77,0.48,1.8,1.84,2.55,0.84,2.0,1.98,2.09,0.0,0.59,0.98,0.53,2.41,1.53,0.66,0
CeoIf8m9knQ,1.99,0.0,0.0,2.89,0.4,0.71,0.46,0.54,0.32,1.11,1.19,1.86,0.58,0.23,1.58,1.37,1.2,1
Cf3Xnr120c0,3.29,2.39,0.0,0.56,0.62,5.0,0.0,1.5,1.63,5.0,0.54,0.66,0.09,1.46,1.48,3.69,0.92,0
Cfng_DyCWgc,0.09,0.0,0.0,0.0,3.3,2.69,0.12,2.69,3.41,1.16,0.0,0.0,0.0,0.0,3.53,0.13,0.0,0
CgYpx0eCBFY,1.32,0.0,1.85,0.49,1.49,0.86,0.8,1.62,0.84,1.46,0.68,0.65,0.68,0.0,1.53,1.11,2.33,0
ChIfk49mTYQ,0.66,0.0,1.51,0.85,0.51,1.59,0.29,0.58,1.59,0.45,0.94,1.63,0.18,0.0,0.67,0.0,0.0,1
ChjJi3WLk4g,1.84,1.32,2.6,2.25,0.0,0.44,0.92,0.73,0.59,1.19,0.9,1.45,1.43,0.0,0.91,0.94,1.65,1
CjrzjJ76mys,1.33,0.0,0.51,0.33,2.5,1.15,0.71,2.62,2.34,0.54,0.34,0.0,0.18,0.0,3.96,1.46,0.0,0
Cl5L9va2pco,1.09,0.51,0.0,2.03,2.15,1.46,0.96,1.92,0.73,0.65,0.47,1.97,1.16,0.07,1.2,0.0,0.87,0
ClHHKkRwwW8,1.23,0.04,3.03,3.04,1.55,2.31,0.17,0.9,1.9,1.7,1.02,0.32,2.26,0.86,1.38,1.89,0.72,0
ClPKuIYDIqc,0.55,0.46,0.0,0.0,2.15,1.28,1.26,2.09,2.41,1.61,0.57,0.7,2.0,0.05,0.77,0.0,1.13,0
CmlXldfVwh8,0.12,0.0,0.0,0.0,2.29,1.82,1.96,1.54,2.24,1.62,0.04,1.24,0.1,1.85,0.0,0.0,0.34,0
CptTcOYWfcY,1.03,1.18,1.17,2.23,0.12,0.46,0.91,1.44,0.0,0.9,3.45,0.0,0.0,4.98,1.2,0.0,0.42,1
Cq8QgUPiIkE,0.5,0.0,2.45,0.0,2.58,4.47,4.32,2.28,1.52,2.32,1.13,1.04,1.46,0.18,1.88,1.5,0.39,0
Cs9YEDrJKfc,0.18,0.27,0.08,0.0,1.92,1.8,0.76,3.43,3.64,2.44,0.0,1.5,1.23,0.21,2.57,1.24,1.06,0
Cu6Byq8yaUk,1.66,0.7,0.59,0.78,1.68,1.52,0.0,0.71,2.27,0.49,0.08,0.0,0.05,0.0,1.11,0.03,1.42,1
CuEh6hdvweg,1.98,0.16,1.74,1.94,0.0,0.54,0.13,0.48,0.57,2.8,2.11,4.45,2.02,0.42,0.49,2.22,0.0,1
CuwdMHCVd3U,1.59,1.6,0.06,0.95,0.36,0.0,0.0,0.9,0.88,0.97,0.48,1.82,0.35,0.0,0.58,0.18,0.51,1
CvcYgb69SaY,1.71,1.61,0.28,1.72,0.05,0.0,0.0,0.19,0.48,0.79,0.98,0.15,0.56,0.0,1.08,0.66,0.0,1
Cw2ZCaaesII,0.53,1.79,0.0,2.76,0.0,0.0,0.0,0.0,0.64,0.55,0.02,0.0,0.0,0.0,2.53,2.3,0.0,1
CwlLBToFGQY,1.49,0.73,0.94,0.0,1.89,1.97,0.56,2.34,3.35,2.02,0.22,0.0,0.32,0.0,2.67,1.05,1.13,0
D0vcYrWsmb0,0.0,0.48,1.98,0.58,0.43,0.74,0.0,0.0,0.0,0.0,0.19,0.37,0.48,0.0,0.0,0.0,0.0,1
D3PM2WZotDA,1.99,2.95,0.0,0.96,0.81,1.77,0.0,0.5,1.47,0.95,0.13,0.31,0.65,0.41,1.01,1.7,0.34,1
D3wv2asOl1g,2.1,0.27,1.87,2.13,1.51,2.12,1.45,1.72,1.48,1.92,0.86,0.9,0.0,0.15,1.02,1.46,0.6,0
D4hdYP6O0S8,2.08,1.29,0.24,0.42,0.11,0.03,0.0,1.11,1.2,2.89,0.0,0.84,1.2,0.0,1.27,0.73,3.21,1
D5gHHFW2x3w,0.0,0.0,0.29,0.0,0.0,0.0,1.02,1.12,0.0,0.0,0.0,2.26,0.0,0.52,0.0,0.0,0.14,1
D6is244F6XI,1.25,1.14,2.8,1.75,0.96,2.48,1.48,1.68,2.13,1.49,0.42,0.49,0.68,0.0,3.68,1.56,0.23,0
D728n5siT2g,0.17,0.68,2.21,0.0,0.0,0.09,0.0,0.33,0.0,0.0,0.3,0.35,0.0,0.0,0.0,1.91,1.11,1
DAtMH4R6oQM,0.0,0.45,1.26,0.68,0.56,1.31,1.58,1.0,0.39,1.26,0.0,0.0,0.0,0.0,0.11,0.0,0.0,1
DBTDf1kaquM,1.41,0.65,1.91,1.06,0.72,1.65,0.37,1.15,0.31,0.4,0.75,0.12,0.16,0.02,1.37,1.08,0.0,1
DBySQYEbyDU,0.79,0.13,1.02,0.19,0.0,0.0,0.0,0.78,0.43,0.41,0.96,0.28,1.26,0.21,0.0,0.77,0.0,1
DC6i0yXto_U,2.56,0.83,0.6,0.85,1.1,1.99,0.59,1.11,1.12,1.56,0.67,0.62,0.58,0.46,1.81,0.91,0.08,1
DC9GCvRruUw,1.99,0.29,0.42,1.38,0.96,1.17,0.15,1.01,2.18,1.16,0.0,0.0,0.8,0.15,3.37,0.9,2.45,0
DER85APkZhc,0.0,0.0,1.29,0.15,0.0,0.19,0.0,0.39,0.0,0.0,0.0,0.52,0.0,0.0,0.0,0.49,0.01,1
DGaR41OG13Y,3.14,2.19,0.0,2.65,2.86,1.92,0.0,2.67,3.31,2.23,0.52,1.73,0.0,0.0,3.92,0.98,0.1,0
DIUjAKeL_hA,0.75,0.0,1.25,0.0,0.0,0.0,0.23,1.08,0.0,0.95,1.45,0.88,0.0,0.0,1.01,0.2,3.19,1
DLP4M8gmdOE,0.79,2.14,0.72,1.94,1.06,1.01,0.36,1.9,3.06,2.12,0.83,4.44,0.0,0.55,2.5,0.41,0.26,0
DM0h3NP1FZk,0.0,0.0,0.0,1.19,1.8,0.51,0.97,3.33,1.38,2.2,1.53,1.4,0.15,0.0,0.49,0.23,0.0,0
DQr-6vIUF2Q,0.0,0.0,0.3,0.2,0.0,0.0,0.0,0.0,0.17,1.46,0.44,0.0,1.0,0.0,0.0,0.0,1.14,1
DSp3J_vFO3s,0.66,0.0,1.51,0.13,0.31,0.0,0.0,1.62,0.61,0.0,0.14,0.4,0.62,0.0,1.87,1.33,1.05,1
DUf-cjAt3vI,2.02,1.29,0.75,1.45,0.95,1.53,0.7,1.51,1.11,1.01,0.05,0.34,0.0,0.05,3.83,1.75,0.87,0
DYIi34XeXDw,1.09,0.0,1.41,0.3,2.04,2.06,1.35,3.17,1.56,0.59,1.01,0.0,0.13,0.13,1.41,1.75,0.8,0
DYNkeAIXPY4,1.79,0.62,0.61,0.77,0.88,0.0,0.21,1.65,1.59,1.56,0.0,0.71,0.22,0.34,1.96,0.12,0.0,1
DbaiiUWxSrc,1.95,2.09,0.0,3.77,0.0,0.79,0.0,0.0,0.0,0.0,0.61,0.0,0.0,0.0,0.81,1.07,0.0,1
DbcVUnvsgvs,2.09,1.71,1.09,2.38,0.0,0.0,0.0,1.01,0.81,0.8,1.13,1.68,0.0,1.23,0.0,0.15,0.0,1
Dcg-6EzY-sM,0.07,0.0,0.0,0.21,2.1,2.45,2.03,2.38,2.35,0.98,0.99,0.38,0.74,0.0,1.11,0.0,1.05,0
Dd8xFySnZSA,1.85,0.83,0.17,0.86,2.04,1.62,0.81,1.64,2.57,1.97,0.32,0.64,0.94,0.61,1.8,1.4,0.39,0
DeznyTvQELw,0.1,0.0,1.28,0.0,2.15,3.48,1.5,1.77,0.79,0.58,0.8,0.5,0.74,0.0,0.96,1.63,0.17,0
DhHY8EVKL2s,2.22,1.64,0.23,3.37,1.23,0.58,1.67,2.35,3.09,3.73,0.33,0.99,0.66,0.22,2.48,0.0,0.68,0
Djuxn9IgzNs,0.22,0.0,0.0,0.27,0.08,0.34,0.0,2.25,1.28,2.28,0.97,0.86,1.8,0.37,0.85,0.23,0.88,1
DjyX2TzZVBs,0.0,0.0,0.23,0.56,0.89,0.0,0.04,3.28,0.65,2.38,0.0,0.0,0.0,0.31,0.0,0.0,0.43,1
DmYUC-Aq9nY,1.33,0.16,0.95,1.11,0.56,0.52,5.0,1.83,1.1,1.0,1.49,5.0,4.13,0.95,0.08,5.0,0.09,0
Dn2IQNvbbrs,1.13,0.32,0.07,0.05,2.94,3.39,1.13,1.94,2.14,1.63,0.35,1.25,0.2,0.15,0.36,0.62,1.17,0
DqKAtJZHhlM,0.49,0.0,0.0,0.25,2.32,2.64,0.29,2.19,2.48,1.74,0.0,0.0,0.0,0.27,2.34,0.0,0.0,0
DthnhH46u40,2.12,0.93,1.55,1.71,1.06,3.05,0.45,1.09,0.48,0.63,2.05,0.9,0.34,1.21,1.32,0.67,0.24,1
DuAWwfRoxog,2.09,1.03,1.66,0.26,0.0,0.0,0.0,0.0,1.15,0.12,0.76,0.93,1.67,0.54,0.54,0.63,0.76,1
DuqU3fQvRHE,1.94,0.64,0.0,0.44,2.28,2.83,1.04,1.99,2.89,1.16,0.87,1.13,1.58,0.0,2.29,0.83,1.21,0
DvwI8ZemN78,0.86,1.13,0.96,1.24,0.14,0.57,0.17,0.14,0.27,0.21,0.66,0.61,0.77,0.58,0.0,1.36,0.29,1
DxfXxAfK3Sw,1.77,0.81,1.86,2.88,1.8,0.93,0.72,1.24,1.79,2.08,1.08,0.34,0.78,0.18,1.36,0.01,0.83,0
E25RII9cCqE,1.37,1.03,0.0,0.6,0.13,0.28,0.35,0.0,0.61,0.13,0.86,0.0,0.0,0.0,0.17,0.18,0.44,1
E2uATy7iKkg,0.0,0.0,0.15,1.42,0.0,1.34,1.0,0.35,1.05,1.94,0.96,0.0,0.52,0.37,0.61,0.87,0.0,1
E8QaPTN5uzM,0.37,1.46,2.04,4.42,1.75,0.99,1.15,2.89,1.7,1.74,1.11,0.42,0.79,0.0,3.16,2.11,1.06,0
EAq64uK8GW4,1.1,0.93,1.28,1.85,1.99,2.81,1.16,2.21,2.65,2.17,1.76,0.83,0.81,0.47,1.73,0.74,0.0,0
EB1OQagmK10,1.44,1.13,1.41,1.01,0.36,0.7,1.03,1.07,0.42,0.67,0.89,1.53,0.43,0.05,0.0,0.0,0.0,1
EBg-Mr88yQI,1.99,2.86,0.43,2.25,0.38,0.13,1.29,1.44,0.26,1.86,0.69,1.95,0.55,1.26,0.0,0.87,0.2,1
EDKKOgerD1w,0.0,0.0,0.48,0.0,0.23,1.38,0.42,0.38,0.17,0.0,0.0,0.0,0.0,0.23,0.0,0.09,0.42,1
EFNXGJkg-Z4,0.94,0.0,0.78,1.47,1.03,2.26,0.69,1.55,0.76,1.25,0.83,2.48,1.13,1.31,0.63,2.38,0.07,0
EHxUzMhXrqM,0.5,0.0,0.0,0.0,0.42,0.86,0.0,1.39,1.52,1.62,0.8,0.95,0.25,0.15,1.67,1.87,0.77,1
EJS5DdPtwQA,1.05,0.98,1.07,1.09,1.62,3.22,1.83,2.16,2.36,3.01,2.3,2.23,0.94,0.78,3.75,1.99,0.74,0
ENfsbFs0p-A,1.45,1.94,1.19,3.49,1.71,3.66,1.13,0.95,1.69,1.29,1.27,0.0,1.38,0.49,1.1,0.29,0.38,0
ERzXOeKM4g0,1.36,1.95,0.0,0.31,0.37,1.03,0.0,0.0,1.95,1.16,0.0,0.0,0.81,0.09,1.51,0.22,0.04,1
ESJ0mDbConc,0.75,0.0,0.14,0.02,1.64,1.69,0.61,0.94,1.51,1.41,0.14,1.43,0.84,0.0,1.57,0.48,1.03,0
ESsG2ilidCI,1.19,0.0,0.93,1.63,2.34,2.83,2.19,1.6,1.02,0.84,0.77,0.19,0.86,0.25,2.13,0.69,0.15,0
EUghXA3e1ps,1.2,1.18,2.5,1.17,0.42,1.72,0.66,0.99,0.0,1.14,2.32,2.33,0.64,1.99,1.06,2.66,1.56,0
EV0Rpj0eQvs,1.52,0.92,0.65,1.07,3.03,2.88,0.3,3.89,3.13,1.03,0.0,0.42,2.31,0.36,3.52,2.19,0.63,0
EW7mPiM8QVA,1.69,0.33,0.53,3.18,0.2,2.02,1.59,0.72,0.62,0.0,0.09,0.98,1.37,1.22,0.0,1.81,0.08,1
EWFKEDuHT-o,0.25,0.72,0.31,0.0,0.46,0.0,0.0,0.43,0.0,0.0,0.66,0.0,0.0,0.0,0.05,1.34,0.42,1
EWxc9jvylKA,0.0,0.4,1.06,0.56,2.7,1.14,0.64,2.29,2.64,1.64,1.04,0.0,0.4,0.0,1.36,0.59,0.22,0
EYnqgk8eg8I,2.72,3.08,0.34,1.01,0.4,0.0,0.0,2.03,0.42,0.24,1.05,1.24,1.23,0.0,0.91,0.0,0.0,1
EZ0X643ZK1I,0.19,0.1,0.0,1.95,1.22,0.72,0.0,2.0,2.33,1.7,0.0,0.0,0.27,0.0,4.94,2.07,0.0,0
E_p5G8Afd-Q,0.7,1.13,0.0,4.05,0.0,0.31,0.0,0.0,0.0,0.0,0.16,0.0,0.0,0.0,0.97,0.89,0.0,1
EbS8w9uznRw,1.21,0.0,0.09,1.76,0.0,0.0,0.54,0.23,2.11,1.48,0.04,0.91,0.0,0.31,0.0,0.0,0.0,1
Eg2oX2Bq0pM,0.63,0.39,1.02,1.18,0.7,1.6,0.31,0.5,0.79,0.88,0.23,0.0,0.2,0.27,0.85,1.89,0.54,1
Eie4aiXCVQc,0.0,0.0,2.54,0.29,1.11,0.78,0.83,1.66,1.46,0.41,0.0,0.0,1.03,0.0,3.56,1.97,0.0,0
EiwYfk5QF2o,1.25,0.0,0.45,0.38,0.33,0.42,0.91,0.6,0.79,0.73,0.3,0.21,0.55,0.0,1.37,2.19,0.0,1
EjD6iJPnAHs,1.41,1.76,0.0,1.24,2.34,1.72,0.0,2.01,3.66,0.0,0.58,0.0,0.97,0.0,2.69,0.45,0.0,0
EjhY-9GfWuo,1.19,0.56,0.46,3.07,2.37,3.69,0.9,1.1,2.19,1.67,0.57,0.0,0.35,0.0,2.41,1.07,0.5,0
Ena3q5yMaUs,1.88,2.86,0.5,1.6,1.76,2.67,1.13,1.95,2.21,1.47,0.0,0.0,0.95,0.14,2.62,0.91,0.13,0
EpmSoNqnRqE,0.0,0.0,0.2,1.83,1.76,2.08,0.81,1.58,1.89,0.81,1.12,0.85,1.6,0.3,1.04,1.01,0.63,0
Epqn5OeAV9c,0.89,0.0,0.0,0.19,1.52,2.01,0.0,1.86,3.15,1.2,0.0,0.0,0.0,0.41,2.17,0.0,0.0,0
Eu0MtsnZfZ8,0.54,0.0,2.13,4.27,1.77,3.02,1.6,1.51,0.54,0.52,0.82,0.2,0.5,0.45,1.24,0.72,0.37,0
Ezn90OendIo,1.35,1.78,1.32,2.01,0.89,3.07,0.44,1.02,0.87,0.51,1.08,0.0,1.04,0.54,2.58,1.49,0.59,0
F3JzE5Yp_wU,1.59,0.89,0.04,0.86,0.7,1.2,0.0,2.1,1.69,1.58,0.31,0.29,1.16,0.44,0.22,0.37,0.09,1
F3j5tS_qNyM,1.53,0.48,0.98,0.21,0.21,1.1,0.08,1.07,0.82,0.33,0.18,0.0,0.0,0.32,0.0,0.0,0.5,1
F7-huPqK6No,1.69,0.04,1.63,1.12,0.9,1.64,0.0,0.0,1.34,0.38,0.37,0.05,0.48,0.39,0.47,1.17,0.0,1
F7ptNozujxE,0.56,0.54,0.0,0.89,2.58,1.2,0.0,1.89,2.72,2.05,0.09,1.68,0.0,0.52,0.79,1.27,0.0,0
F8s6yzC67Gw,2.9,2.39,1.0,1.83,0.57,0.62,0.67,0.83,0.61,3.05,1.38,1.07,0.72,0.0,2.55,1.59,0.72,0
F8ymja-HGvk,0.02,0.0,0.0,2.09,0.0,0.49,0.0,0.82,0.0,0.28,0.77,0.0,0.74,0.0,0.17,0.72,0.0,1
FA2MiHkGxlQ,0.3,0.44,0.0,1.39,1.05,2.16,0.32,1.7,1.6,1.2,0.0,0.42,1.39,0.56,1.6,1.08,0.0,1
FAdLpCV4U4s,3.18,1.15,2.11,1.1,1.54,2.8,0.0,1.06,2.01,1.65,1.18,0.15,0.85,0.01,1.5,1.3,0.89,0
FFH8n2NmPR8,2.56,1.74,2.14,4.02,0.0,0.69,0.0,0.32,0.99,0.04,0.72,0.12,0.79,0.25,1.64,1.67,0.98,1
FIKrtOQMXe0,1.0,0.0,2.02,2.47,0.88,3.05,0.48,1.18,0.92,0.48,0.56,0.96,0.64,0.33,0.45,0.81,0.27,1
FLra5yupzGc,2.3,1.25,1.02,0.72,1.7,2.46,0.3,2.46,2.31,2.13,0.67,1.64,1.71,0.32,2.32,0.16,0.42,0
FMAEkQn8208,1.86,0.94,0.0,0.83,0.38,1.98,0.11,0.46,1.16,1.43,0.69,0.43,0.65,0.0,0.64,0.89,0.0,1
FNShpic_21I,1.25,0.21,1.41,0.74,1.44,1.4,1.8,1.42,1.27,0.22,2.41,2.24,1.41,0.71,0.89,1.86,0.48,0
FSogD7bAHF8,0.01,0.29,0.58,2.06,1.74,1.01,0.24,1.59,2.39,2.44,0.89,1.33,0.0,0.55,1.92,2.54,0.0,0
FXNWsQQwDA0,0.91,0.28,1.61,1.93,0.39,1.31,0.42,0.7,0.29,0.17,0.8,1.42,0.0,0.0,0.52,1.47,1.0,1
FZUy0NrBuIw,1.35,0.5,2.55,3.5,1.55,1.47,0.65,1.42,2.84,1.67,0.68,0.44,0.6,0.3,4.36,1.53,0.29,0
Fa49uACjB34,0.66,0.0,0.1,0.0,2.15,3.52,1.23,1.19,0.83,0.67,0.72,0.0,1.29,0.41,1.3,0.0,0.0,0
FdbwFIVdf1o,0.7,0.32,0.51,2.05,0.0,0.28,0.04,1.63,0.51,1.75,0.46,1.38,1.36,0.0,2.3,2.91,0.0,1
FdjQjE6bD_E,1.76,0.17,0.05,1.41,2.08,1.94,1.36,2.32,2.04,1.56,1.31,0.11,0.71,0.25,3.04,0.9,0.0,0
FeV_PvkfUsE,2.0,0.67,0.19,1.38,0.0,1.15,0.0,0.23,0.0,0.28,0.97,0.59,0.4,0.0,1.73,0.85,0.0,1
FemMb4ibGUs,1.25,0.87,3.24,0.53,3.05,3.44,2.04,1.79,1.04,0.79,2.11,2.37,0.66,1.0,3.07,1.78,0.87,0
FgbnOcjt9h8,0.09,0.0,1.22,1.28,0.0,0.0,0.0,0.0,0.0,0.0,0.0,0.0,0.0,0.0,0.0,0.92,0.0,1
FiDU9t_yLbk,0.99,0.0,1.33,0.67,1.99,3.2,0.96,1.62,1.65,1.5,0.59,0.84,1.89,0.27,1.86,1.03,0.2,0
FjOoUAucp5Q,1.18,1.5,0.77,2.38,0.72,0.14,0.5,0.0,0.62,0.0,3.12,1.4,0.0,0.5,1.6,2.36,0.0,1
FjoXOLX5U14,1.01,0.0,0.46,0.59,2.94,2.04,1.28,3.02,2.92,2.9,1.88,3.1,0.47,2.93,3.1,0.34,1.01,0
Fm5BUiNMWSU,0.39,0.0,1.15,0.43,1.58,1.65,1.06,1.63,0.93,1.04,0.59,0.0,1.74,0.37,0.5,0.61,0.13,1
Fmkdv1VjvrQ,0.68,0.0,2.01,2.61,2.28,3.17,2.59,1.25,1.94,1.42,0.47,0.0,0.15,0.57,2.0,1.86,0.77,0
Fmokc58ri-o,0.71,1.73,0.8,0.84,1.51,0.13,0.53,2.91,1.26,1.75,0.1,0.31,0.0,0.0,1.85,0.58,1.53,0
Fo_nS9wrcXM,2.26,0.0,1.64,3.04,1.45,4.2,1.7,0.67,1.17,1.7,2.29,3.53,2.08,1.9,0.25,2.35,0.0,0
FqyXBTLOeRI,0.99,0.0,0.0,0.0,0.0,0.0,0.0,0.07,0.0,0.0,5.0,4.13,5.0,0.0,0.0,0.0,0.0,1
FrBA14llVLs,1.77,0.58,1.58,0.51,0.11,0.0,0.53,1.9,0.24,1.37,0.6,0.0,0.7,0.0,0.62,0.18,0.96,1
FtidO545_xE,0.45,0.38,1.36,0.42,1.03,1.13,0.74,1.36,2.35,2.1,0.49,0.72,0.51,0.1,1.51,1.4,0.24,0
FuIPJ4FCrnM,1.86,0.85,0.6,1.37,2.11,1.02,0.03,1.35,3.26,0.1,0.78,0.0,1.5,0.0,2.92,0.0,0.0,0
FvbS69_O6_M,3.16,1.49,1.77,0.62,1.65,1.21,0.83,3.54,2.44,1.98,0.24,1.03,0.0,0.38,2.05,0.04,1.79,0
FwpUjlMJ47Y,0.94,0.38,2.46,2.27,0.58,0.21,0.3,0.79,0.0,0.0,1.22,0.11,0.83,0.33,0.93,0.99,0.21,1
FzAv4Rl8Pzk,0.74,0.0,0.0,0.43,2.24,3.09,0.75,2.59,3.06,1.42,0.6,0.0,1.06,0.0,2.51,0.49,0.13,0
G0dRdDqLha0,2.63,1.92,1.32,2.74,1.96,2.75,0.48,2.65,3.62,1.8,1.5,1.1,0.79,0.02,2.55,0.0,0.29,0
G1LanThBS9Y,1.46,0.99,0.88,1.79,0.68,1.14,0.02,0.81,1.11,0.98,0.32,0.77,0.12,0.44,0.94,2.83,0.82,1
G1q80doOQNY,0.91,2.2,0.21,1.38,0.79,0.0,0.12,1.42,2.1,0.78,0.79,0.0,0.41,0.0,2.13,0.91,0.0,1
G650mfq9sTI,2.64,2.65,0.0,1.46,0.23,0.0,0.0,0.87,2.08,0.6,0.0,0.0,0.0,0.0,1.03,0.45,0.0,1
G8eoFJEYIjA,2.03,1.35,1.35,3.29,1.13,1.87,1.23,1.93,0.78,0.49,1.02,0.47,1.26,0.0,3.83,2.25,1.36,0
G8gvUb0arjw,1.8,2.29,0.0,3.96,0.0,0.0,0.0,1.07,0.33,0.0,0.0,0.58,0.68,0.46,0.0,1.01,0.0,1
GA0gK6rmqFQ,2.17,0.3,0.65,0.5,2.9,1.29,0.0,1.49,3.1,2.22,0.67,0.12,1.7,1.21,2.72,4.95,0.85,0
GAiD7atwvvY,2.15,0.36,1.37,3.16,0.39,0.85,0.65,2.49,0.79,0.35,1.79,0.84,0.57,2.19,1.55,0.2,0.7,1
GBXtb7l13bY,1.88,0.68,0.87,1.93,0.0,0.0,1.67,1.4,0.0,3.08,3.0,1.99,0.0,3.21,0.9,1.08,1.32,0
GDLlPN-_4U4,0.19,0.0,1.48,0.0,0.17,1.45,0.27,0.0,0.0,0.0,0.63,1.29,0.0,0.0,0.0,1.23,0.98,1
GDSs4WRvx1k,1.06,1.84,1.52,1.86,1.47,2.14,1.1,1.28,1.44,2.19,0.0,0.0,2.78,0.68,2.86,0.52,1.81,0
GFBol7UmE5A,0.0,0.77,0.0,0.74,1.31,0.65,0.0,2.18,2.75,0.96,0.96,1.58,1.84,0.0,2.38,0.34,0.0,0
GHOvkngfvM4,1.81,0.0,1.6,1.99,0.3,0.74,0.93,1.12,0.49,1.47,1.37,1.65,0.53,1.24,1.18,2.57,0.02,1
GK8bMHuVeuc,1.09,0.87,0.0,1.24,0.31,1.01,0.22,1.7,0.36,0.7,0.26,1.44,1.68,0.0,0.0,0.77,0.0,1
GKMc5e2XJWE,0.17,0.0,1.91,0.0,2.57,2.45,1.28,1.96,2.64,0.61,0.09,0.09,1.49,0.15,3.01,0.79,0.17,0
GNKc9zY_xIc,0.45,1.14,0.01,0.0,1.03,1.78,1.44,1.12,1.23,2.2,0.0,0.64,0.06,0.0,0.0,0.19,1.1,1
GO86Dfu89FQ,1.04,0.3,2.06,0.86,3.42,3.07,1.79,2.79,3.12,0.83,0.75,1.04,0.0,0.0,3.29,0.0,0.44,0
GOg5lJ52tCA,1.66,1.19,0.0,0.38,0.0,1.11,0.0,0.0,0.61,0.0,2.52,1.57,1.59,0.27,0.0,0.94,3.2,1
GPvGmO7WRZc,2.62,0.98,2.12,2.68,0.27,1.54,0.17,0.32,1.97,1.87,1.1,1.6,1.26,0.57,0.0,1.1,0.0,1
GSMHCvoZQCk,0.0,0.0,0.0,0.0,0.0,0.53,0.0,0.97,0.25,0.99,1.04,0.43,0.29,0.78,0.16,0.99,0.0,1
GSODQlyKFSo,0.39,0.0,0.21,0.0,1.02,3.11,1.13,0.0,0.0,0.02,1.15,0.22,2.07,0.1,0.34,0.86,1.08,1
GVWOnTjipYU,0.96,0.63,1.86,2.64,1.11,3.32,1.09,1.94,1.74,1.03,1.01,2.7,1.82,1.38,1.83,0.67,0.89,0
GVjNHhIC_9I,1.75,2.24,0.89,0.0,1.48,1.78,0.0,0.05,0.81,0.54,0.0,0.0,0.0,0.0,3.43,0.0,1.52,1
GZOHqqMYu_w,0.99,0.41,0.9,1.01,1.13,2.77,1.27,1.65,1.89,1.47,0.41,0.33,2.59,0.36,1.12,0.83,0.78,0
G_4kOyEUek8,0.0,0.62,0.0,1.64,0.06,0.95,1.07,0.0,0.0,0.24,0.0,0.14,0.0,0.0,0.36,1.2,0.0,1
G_OqY7smE8w,0.64,0.47,1.02,2.02,0.71,0.58,0.48,1.01,0.96,0.48,0.65,0.17,0.51,0.0,0.51,0.61,0.68,1
G_Q0Jjov0lw,0.0,0.0,1.07,0.0,2.24,1.95,1.0,1.16,2.11,1.65,0.0,0.62,0.64,0.51,0.05,0.0,1.7,0
GaxKlSWAE9U,2.12,0.0,0.0,1.01,0.78,1.15,0.98,2.84,1.32,2.2,2.53,1.36,0.62,0.09,2.2,3.66,0.09,0
Gb6Q-wXidU0,0.83,0.0,0.77,1.09,2.79,2.07,0.45,1.12,1.56,1.17,5.0,3.58,0.23,0.88,1.07,0.61,1.18,0
GbOL9vqk2wg,1.18,0.74,0.0,1.42,0.0,0.04,0.76,0.51,0.84,2.03,2.16,0.0,1.13,0.33,0.02,3.07,0.16,1
GdPYH2LGYU8,1.49,2.59,0.53,2.77,0.43,0.06,0.1,0.83,0.58,0.67,1.04,0.22,1.39,0.0,0.59,0.0,0.0,1
GdxiOBvyDZE,2.29,1.33,1.32,2.03,1.21,0.28,0.0,2.14,1.03,1.34,1.18,0.81,0.6,0.0,3.29,0.0,0.77,0
GfOtpM1aOoY,2.41,2.62,0.47,2.6,1.15,0.36,0.0,0.95,0.96,1.51,0.94,0.64,0.96,0.01,2.36,0.0,0.36,1
Gin0c8COhSs,0.81,0.04,0.83,1.45,2.1,3.02,0.74,1.04,1.79,1.48,1.36,1.41,1.67,0.75,0.17,1.05,0.61,0
GjZcP2dt7Lc,1.48,0.12,1.38,0.9,0.74,0.0,0.0,0.8,0.65,0.29,0.38,0.91,0.0,0.0,2.78,1.94,0.3,1
GlMnbkH0564,0.0,0.0,0.0,0.0,0.51,2.3,0.71,1.57,1.94,0.67,0.45,0.49,0.9,0.05,1.67,0.42,1.02,1
GoQW90Rt06Y,2.27,2.49,0.0,1.46,0.31,0.0,0.0,0.54,1.68,0.91,0.0,0.0,0.0,0.0,0.77,0.43,0.0,1
GoocBiBlwCI,1.93,0.07,1.85,1.31,1.65,2.19,0.0,2.16,0.41,1.22,0.95,1.98,0.84,0.49,0.52,0.0,2.49,0
Gov6lYBEPBg,1.55,0.88,0.0,1.71,0.0,0.0,0.68,0.97,0.0,0.0,0.0,0.0,0.0,0.0,0.0,0.8,0.0,1
GpeuqIER7t8,0.3,0.8,0.0,0.0,1.48,0.63,0.0,1.1,1.88,0.17,0.0,0.25,1.0,0.85,1.52,1.56,0.79,1
GqDVqfB5QrM,0.73,0.11,2.57,1.0,1.19,2.97,1.69,1.12,0.26,1.08,1.44,0.89,1.82,0.8,0.3,0.1,1.38,0
GqDnZ8sjulk,2.38,3.05,0.0,3.66,1.2,1.29,0.52,0.93,1.51,1.08,1.1,0.43,0.25,0.49,2.21,0.76,1.36,0
Gqf4xgzPPec,1.82,0.75,0.0,1.92,0.19,0.23,0.0,0.0,1.43,1.29,0.0,0.24,0.2,0.02,0.37,0.71,0.44,1
GspJ_UUOxMI,0.26,0.0,0.42,0.87,1.49,1.57,0.65,2.9,1.06,1.62,1.8,0.0,0.58,0.0,1.89,1.79,0.24,0
GtBth3A_C9A,0.0,0.0,0.0,0.48,0.07,1.85,0.0,0.0,1.5,1.19,0.73,0.0,1.23,0.0,0.92,1.58,0.32,1
GwzXcFbGNwg,2.29,2.55,0.0,2.4,1.45,0.41,0.0,0.36,2.0,1.86,0.19,0.0,1.99,0.0,2.2,0.0,2.71,0
GxzuHLXh1L4,1.0,0.56,0.0,0.29,0.52,0.34,0.98,2.01,1.46,2.11,0.01,0.49,0.07,0.0,1.13,0.56,3.32,0
GzEDwR-zEr8,1.32,0.0,1.22,0.52,0.31,0.02,1.25,1.55,1.71,0.0,1.41,0.72,1.73,0.36,2.37,1.52,1.56,1
H0wALN2S-lw,2.09,0.0,1.15,1.78,0.46,0.0,0.17,1.68,0.42,0.0,0.04,0.57,0.0,0.25,0.14,0.09,0.57,1
H1FKITt3bQA,0.7,0.0,1.19,0.45,0.4,0.0,2.71,0.0,0.58,0.0,0.75,2.34,0.82,0.0,0.69,0.99,0.36,1
H4_rp8w7mfs,0.86,0.26,1.68,1.67,0.65,1.57,0.67,3.38,1.18,0.04,1.42,0.96,0.0,0.57,1.2,1.49,1.31,0
H6iGLlptPpw,1.98,2.13,0.0,1.67,0.0,0.0,0.0,1.02,0.0,0.0,0.92,0.0,0.0,0.0,2.08,0.0,0.0,1
H8rbj6ROmHs,1.17,0.0,0.63,0.47,0.66,1.74,0.83,1.29,0.46,0.65,1.67,2.02,0.71,0.15,0.01,2.37,0.0,1
HAHhUCkPcX4,0.25,0.0,0.65,1.22,1.0,1.79,2.44,1.15,0.47,0.7,0.97,0.0,0.74,0.45,0.11,0.0,0.88,1
HB4poXpS4iw,0.21,0.0,0.33,0.0,2.52,3.51,0.85,2.51,2.89,2.17,0.0,0.0,0.0,0.58,3.26,0.11,1.49,0
HBnq9SVT4jQ,1.45,3.06,2.36,1.36,1.19,1.33,1.48,1.37,0.49,2.48,0.36,0.71,0.32,0.82,1.03,1.73,0.67,0
HEAG70sgyik,3.21,2.6,0.0,2.46,0.0,0.0,0.0,1.72,1.67,1.12,0.37,2.66,1.63,1.15,0.4,0.0,0.0,1
HEIN9hrUUSI,2.69,0.34,1.16,0.62,1.41,1.82,1.33,1.34,1.04,2.27,2.18,2.57,0.53,1.13,1.24,1.65,0.44,0
HF3jAxH1WIg,0.82,0.0,1.01,0.0,1.52,2.15,0.41,0.68,0.48,1.78,0.0,0.0,0.04,0.67,1.31,2.66,0.99,1
HGkmphpe8uM,0.48,0.0,0.0,0.0,1.31,0.0,0.84,2.65,0.72,0.95,0.29,0.76,0.72,0.54,1.05,0.0,0.0,1
HIqbp6Z3LvE,0.83,0.39,0.25,2.75,1.63,3.14,1.55,1.76,1.55,1.77,1.44,1.35,1.35,0.42,2.55,0.32,1.45,0
HMd102XnZxI,1.42,0.08,0.0,0.0,0.96,2.18,1.02,0.35,1.16,0.9,0.0,0.0,0.16,0.0,0.64,0.32,0.0,1
HOSBltLGm0Q,0.84,2.09,0.0,1.94,2.04,1.95,0.99,2.43,2.93,2.1,1.03,0.2,1.86,0.0,2.18,0.89,0.27,0
HReZebELtow,2.28,0.46,1.31,0.49,0.17,0.97,0.0,2.11,0.19,0.34,0.71,0.98,1.96,0.0,0.68,0.69,0.51,1
HSa7IAJLXPM,0.05,0.0,0.0,0.05,1.63,2.49,1.0,2.04,1.82,1.84,0.0,0.0,0.29,0.0,1.16,1.14,0.0,0
HTg90NxwzAA,2.3,0.48,0.21,2.59,1.41,0.6,0.3,1.85,1.47,0.48,4.07,0.45,0.0,4.58,1.32,1.17,0.92,0
HUXcB4GeJYM,1.43,0.0,1.47,0.69,0.0,0.0,0.0,0.02,0.0,0.0,0.41,0.0,1.49,0.34,0.0,0.0,0.0,1
HX6BFryw5sw,0.64,0.0,0.35,0.0,0.45,0.0,0.17,2.38,1.89,1.32,0.41,1.5,1.09,0.8,1.47,0.0,0.92,1
HahnDhTApBk,1.52,0.47,1.36,0.78,0.47,1.01,0.0,1.27,0.26,0.0,0.62,1.73,0.0,0.0,2.48,1.39,0.24,1
HbUbZlLye-4,0.63,0.0,0.0,0.11,1.23,1.52,0.56,0.0,1.63,0.22,0.0,0.0,0.37,0.0,0.99,0.86,0.1,1
HcvgU-dx7wE,0.0,0.0,0.21,0.65,0.0,0.0,0.58,0.73,0.08,0.58,0.56,0.0,0.0,0.12,0.0,0.0,0.0,1
HfM_jRg_4rU,1.73,0.08,0.94,1.32,0.56,1.32,0.49,0.31,0.61,0.11,1.93,0.7,0.78,0.1,0.28,0.94,0.07,1
HjZ7ieWqdu0,0.43,0.0,1.45,0.0,2.09,0.49,1.09,2.79,2.05,0.91,0.0,0.22,0.33,0.14,3.17,0.65,0.7,0
Hjhceja4oLo,0.92,0.64,0.0,1.21,1.73,2.73,1.17,2.22,1.98,2.54,1.18,0.1,1.3,0.2,2.07,0.54,0.48,0
HjsVWP7cyaY,2.08,2.43,1.36,2.66,1.12,0.0,0.57,1.74,0.51,0.0,1.47,1.31,0.26,0.0,1.45,0.0,0.0,1
HkJTvZdXt4Y,1.05,1.08,1.05,1.47,1.15,1.98,0.59,0.05,0.73,0.0,0.0,0.0,0.0,0.14,1.91,0.0,0.24,1
HkosGBi4Ffg,0.97,0.0,2.21,1.55,0.34,1.05,0.0,0.77,1.23,0.0,0.63,1.2,0.0,0.0,0.3,1.85,0.14,1
HlQCejHo2lg,1.1,0.15,0.32,0.0,1.0,1.23,0.27,2.38,1.9,2.85,1.8,0.4,2.66,0.26,2.22,2.14,0.68,0
HmxnQt1Rzu8,1.15,0.43,4.54,0.96,2.19,3.6,1.73,2.74,2.38,1.28,0.6,0.87,1.63,0.17,2.82,1.76,0.41,0
HoxQ7aAcVxE,1.17,0.76,0.96,0.79,0.48,0.0,0.15,0.0,0.23,0.22,1.1,0.73,0.0,0.63,0.0,0.0,0.64,1
Hs752E2p1gI,1.07,0.86,0.82,3.05,1.59,1.57,1.25,1.09,0.38,0.0,0.51,3.11,0.76,0.56,0.35,0.76,0.31,1
HsY1SX7omSU,1.63,0.33,0.92,0.36,0.43,0.94,1.28,1.29,0.5,0.27,1.0,0.88,0.76,0.0,0.92,0.19,0.81,1
HsfYynINzPg,1.27,0.0,2.31,3.24,1.76,1.88,1.23,1.51,2.04,0.57,1.7,2.4,0.58,0.71,1.78,0.65,0.55,0
Hu4uufoly0A,2.15,0.71,0.0,0.01,0.79,0.32,0.24,0.79,0.38,0.87,0.73,0.05,0.0,0.0,0.33,0.0,2.36,1
Hyu6WXJeIA8,0.34,0.58,0.0,2.39,0.82,0.0,0.8,0.74,2.12,2.24,1.49,1.02,0.76,0.37,0.27,0.0,0.0,1
HzVwdTVhrEc,0.59,0.11,0.89,0.0,2.65,1.8,0.0,2.23,2.44,0.91,2.19,0.0,0.81,0.0,4.09,1.24,1.27,0
I-SuzMJZSlA,0.59,0.64,0.0,1.14,0.32,0.0,0.0,1.47,1.22,2.13,0.63,1.69,0.22,0.0,1.69,0.17,0.34,1
I690Z2WXlRo,1.26,0.92,1.0,0.64,3.43,3.27,1.43,1.95,3.06,1.63,2.1,2.12,1.61,0.7,3.32,1.62,1.05,0
ID0C8j6PSTg,0.53,0.36,0.5,0.0,1.82,3.75,1.77,1.68,2.28,2.03,0.56,0.65,1.02,0.33,1.2,0.35,1.61,0
IDgCTvkPjx8,2.1,0.0,2.14,0.0,1.25,2.38,0.66,2.46,0.94,0.0,0.0,0.0,0.0,0.0,1.72,0.05,2.93,0
IDnLLHw-5nc,0.86,0.0,1.31,0.64,1.45,1.73,0.72,1.58,1.37,0.92,0.37,0.67,1.19,0.11,0.54,0.5,0.36,1
IFCqt11SgoE,1.92,1.75,0.37,2.71,1.81,1.58,0.48,1.51,2.61,0.38,0.59,0.39,0.32,1.21,0.61,0.73,0.39,0
IGDtt-MM0Bo,1.27,1.74,0.0,0.8,1.07,0.0,0.0,0.84,1.94,0.89,0.07,0.0,0.43,0.24,0.99,1.33,0.0,1
II7li4s-X6M,1.01,0.17,1.25,1.12,1.44,2.99,1.74,2.55,2.47,2.89,0.87,1.54,1.72,0.96,1.1,0.0,1.85,0
IKTEQo1Pzwk,1.77,0.46,1.29,0.4,1.28,2.26,1.4,0.55,1.42,0.34,2.33,2.56,0.56,1.17,0.97,2.43,0.37,0
IKwx0fGn4OE,2.44,2.57,0.26,1.03,0.64,0.0,0.0,0.0,0.66,0.68,0.75,0.56,0.69,0.0,0.65,0.0,0.0,1
ILZ4l2JNCxE,1.2,0.58,1.38,2.04,2.02,1.37,0.44,1.59,3.51,0.87,0.79,0.47,1.11,0.76,2.78,1.32,0.76,0
IO7c-dqWtQc,1.77,1.32,0.0,0.0,0.0,0.0,3.85,0.0,0.0,0.0,0.1,5.0,5.0,0.0,0.0,5.0,0.0,1
IPqImzA_FZ0,2.34,1.56,0.0,1.15,1.74,2.66,0.0,1.12,2.02,1.54,0.0,0.0,0.41,0.25,2.77,1.15,0.52,0
IR4YfG0EHok,1.7,1.05,0.61,0.72,0.0,0.0,1.12,1.61,0.0,0.89,3.29,1.26,0.0,2.22,0.99,0.0,2.89,1
ISWN1yWnhfA,1.95,0.0,0.44,0.13,1.49,4.12,0.79,2.83,1.08,2.15,0.15,0.92,0.7,0.35,4.54,2.0,1.58,0
IULSU-yGT2Q,3.48,3.85,1.91,2.41,0.0,0.0,0.0,1.06,0.45,1.77,1.13,0.93,0.23,0.0,0.47,0.0,1.67,1
IV4BPgWj4Sk,0.0,0.0,0.0,1.61,0.23,0.0,1.0,2.23,0.9,0.0,0.0,0.6,1.17,0.0,0.11,1.3,0.0,1
IYmduy7pjeo,0.19,0.0,0.37,0.04,1.26,1.98,0.0,0.0,0.0,0.0,5.0,0.0,0.0,0.0,0.0,0.0,0.73,1
IavR6CqZpPQ,0.17,0.5,2.66,1.02,1.3,1.0,0.0,0.6,0.99,0.5,0.3,0.09,0.46,0.33,1.6,0.62,0.02,1
Idov7fMtaww,1.43,0.0,0.0,0.0,1.74,2.97,0.95,0.61,1.14,0.97,2.17,0.48,0.28,0.02,2.5,0.74,1.21,0
Ie7sec_jpBA,0.52,0.0,0.47,4.02,1.08,3.08,0.66,0.66,0.51,0.17,1.19,0.68,1.02,0.55,3.47,2.19,0.0,0
IekYcdU3Pl8,1.2,1.63,0.0,0.58,0.0,0.0,0.0,0.0,0.29,0.56,0.93,0.0,0.0,1.52,0.0,0.33,0.03,1
IgACpf7PL2s,2.22,0.59,0.0,2.9,0.0,0.0,0.0,0.0,0.33,1.13,0.0,0.0,0.11,0.27,0.0,0.0,0.42,1
Ih1t2rUnkco,1.74,1.04,0.1,1.64,1.46,1.05,0.54,1.39,1.16,1.31,2.48,0.0,2.6,1.4,1.48,0.96,0.21,0
Ii8TOPWoE8E,1.97,2.65,0.77,0.38,2.96,3.1,2.06,3.28,3.6,2.51,0.4,1.3,1.35,0.15,3.77,1.34,1.4,0
IiXAxFQaF8w,1.26,0.13,2.41,0.12,0.65,2.4,0.82,1.0,0.0,0.0,2.02,1.1,0.0,0.0,1.82,3.11,0.0,1
Iiqd7FdWrTE,0.63,0.6,0.0,0.15,2.96,3.17,0.15,2.02,2.89,1.03,0.48,0.0,0.0,0.54,2.57,0.24,0.4,0
Ikp2D9egVn8,1.09,0.0,0.0,0.0,0.79,2.25,1.23,0.26,0.67,0.31,1.55,0.99,0.0,0.65,0.64,0.56,0.58,1
IlE8qPRDuug,1.85,1.01,0.0,0.23,0.0,1.19,0.0,0.0,0.85,1.32,1.94,0.93,1.53,0.9,0.6,1.23,2.25,1
Ipj_i8_V3LQ,3.01,0.7,0.26,1.0,0.43,1.05,0.63,0.63,0.77,0.8,0.82,0.0,0.67,0.0,3.11,1.51,0.04,1
IqA_Ae_fso0,2.43,1.13,0.05,1.9,0.79,1.58,0.0,1.12,1.08,1.68,1.99,0.4,1.54,0.71,2.38,1.79,0.32,0
ItbHw7WWijI,1.56,1.0,1.77,2.45,1.93,0.96,0.12,2.5,0.74,0.28,1.15,1.19,0.0,0.37,0.81,1.1,0.26,1
IwmWGR6hLPY,1.13,0.0,1.0,1.16,1.46,1.35,0.0,2.15,0.48,0.0,1.75,0.88,0.0,0.03,0.88,0.78,0.54,1
IxcaA1vnYCM,0.0,0.0,0.31,0.25,2.31,1.99,1.97,3.09,1.76,0.47,0.33,0.0,0.0,0.0,0.73,0.0,0.0,0
IxzFGfQncUQ,1.81,1.81,0.09,0.99,0.47,1.5,0.0,0.0,0.88,0.11,0.41,0.38,0.29,0.26,1.09,1.37,0.64,1
Iz82xzqimBo,0.0,0.0,0.0,1.08,2.73,2.34,0.78,3.07,2.02,1.85,0.72,0.0,0.0,0.0,3.43,0.0,0.0,0
Iz9Bg4PXps4,1.73,1.53,0.87,0.69,2.01,1.68,0.0,3.17,2.5,1.97,0.0,0.0,0.34,0.0,1.93,0.0,1.69,0
J0MajMHaJ8I,0.0,0.0,0.87,0.0,1.65,0.51,0.0,2.04,1.07,0.0,0.0,0.0,0.0,0.0,2.73,1.9,1.91,1
J2vr5AuNAC0,0.44,0.0,0.46,0.45,2.13,2.02,1.24,2.28,1.23,0.96,0.65,0.51,1.82,1.09,1.65,1.06,0.0,0
J4d_nLGfPlw,0.0,0.0,0.06,0.91,3.2,1.11,0.0,2.52,3.12,1.72,0.0,0.0,0.31,0.0,3.18,0.63,0.0,0
JC8RqTQWQsY,2.56,0.26,1.12,0.85,1.86,2.27,0.0,1.01,3.01,1.27,1.22,0.0,1.16,0.19,2.43,0.0,0.47,0
JCNW2zZ2iGE,0.0,0.0,0.0,0.0,2.2,3.48,1.52,1.17,3.19,1.38,0.21,0.83,0.66,0.56,0.2,0.0,0.0,0
JGkhrd5j3Fo,3.1,2.0,0.37,1.64,2.6,0.36,0.0,2.44,4.02,2.81,0.4,0.97,0.0,0.04,3.68,0.11,0.0,0
JM86Os2voBY,0.48,0.34,1.08,0.0,0.0,1.23,0.0,0.0,0.0,0.0,0.0,0.0,0.93,0.0,1.19,0.57,0.97,1
JO-aTkrF9fA,2.48,2.7,2.39,1.66,0.67,1.52,0.17,1.73,1.51,2.62,1.32,1.51,1.07,0.53,1.55,0.93,0.59,0
JQKkic9od7s,0.47,0.01,0.09,0.0,0.63,0.0,0.0,0.0,0.98,1.1,0.0,0.02,0.78,0.0,0.65,1.18,0.13,1
JR0jhnzM5VU,2.28,2.85,2.23,4.59,0.76,2.83,1.71,1.45,1.42,0.88,3.53,1.79,1.19,5.0,0.48,1.49,0.42,0
JTexuaNu03I,1.08,0.65,1.36,0.73,2.58,3.18,2.31,1.39,1.33,0.56,2.29,2.45,0.92,0.96,0.73,2.37,1.61,0
JUNBPg6Dxc4,0.0,0.0,0.0,0.0,1.05,1.4,0.25,1.23,1.61,2.09,0.8,0.8,0.81,0.0,1.21,0.0,0.65,1
JWtWmLE5Ns4,1.53,2.23,0.0,3.11,1.67,2.36,1.03,0.57,1.04,0.54,0.25,0.0,0.97,0.0,4.21,3.11,1.33,0
JXig-kXgJ9o,0.0,0.17,0.0,0.0,0.87,1.08,0.0,0.76,1.69,0.6,0.0,0.0,0.0,0.1,2.08,2.35,1.56,1
JY3UXUTf1lA,0.4,0.97,1.9,0.21,1.03,0.0,0.13,1.99,1.7,2.9,0.75,0.0,2.79,0.0,3.05,0.61,1.41,0
JaQ3U9a_O_8,2.23,1.02,1.06,2.85,0.6,0.94,0.52,0.74,1.29,1.6,0.19,0.0,0.66,0.0,1.44,0.98,0.56,1
JfCJfOmp_eA,0.89,0.0,0.53,1.06,0.48,1.8,0.5,0.63,0.0,0.02,0.0,0.17,0.0,1.04,0.0,0.0,0.19,1
JfbqF_3wxlw,2.9,2.44,0.0,0.36,0.41,0.0,1.11,0.3,1.04,0.6,0.0,0.0,1.48,0.0,0.23,0.06,2.35,1
Jg6HvCdYcdU,1.4,2.59,2.5,0.49,1.03,2.39,1.54,1.66,0.95,0.56,0.0,0.0,1.11,0.0,2.49,2.18,1.61,0
JgBStkx66p8,0.69,0.71,1.39,0.83,0.24,0.17,0.3,0.17,0.56,0.83,0.48,0.49,0.73,0.53,1.19,2.1,0.0,1
JiYHKKDfYpc,1.12,1.33,2.79,0.0,2.84,3.5,2.71,2.92,2.51,2.2,0.25,0.0,1.18,0.12,4.6,0.16,0.22,0
Jk3iWaFsSCo,1.52,0.76,0.0,1.04,0.0,0.67,0.0,0.65,0.04,0.0,0.35,0.57,0.61,0.05,1.62,1.36,2.89,1
Jkt6aje8RZM,0.79,0.0,1.3,0.91,1.82,3.34,1.57,1.22,0.66,0.0,1.6,0.78,0.01,0.0,1.96,0.6,1.8,0
JlFh376OLag,5.0,5.0,2.14,5.0,1.03,5.0,0.18,2.79,1.31,2.03,3.45,0.0,1.56,5.0,3.36,0.52,0.29,0
Jl_tJCXHBxw,2.34,2.41,1.64,1.43,2.12,1.71,1.07,3.3,4.11,2.4,1.76,0.19,0.61,0.0,3.56,1.39,0.92,0
JoZidb1nfus,3.56,3.67,0.01,0.47,0.78,1.53,0.4,0.99,1.7,1.14,0.43,0.58,2.5,0.03,2.43,1.15,2.58,0
Jp7L7w9P38Y,1.67,2.48,0.45,0.45,1.46,1.67,0.51,1.19,2.17,1.6,0.63,0.0,0.16,0.41,1.09,0.2,2.41,0
Jppwo7-7hLs,0.65,0.0,1.41,2.42,0.0,1.3,1.11,1.07,0.0,0.0,0.07,0.0,0.0,0.0,3.81,1.23,0.0,1
Jr0IIm97PjA,1.8,2.21,0.0,0.0,0.1,0.55,0.0,2.64,1.17,0.0,3.7,0.02,1.84,0.0,1.78,3.07,0.57,1
Jr3t3AUC8H4,1.21,1.93,1.46,2.79,1.54,2.67,1.26,1.78,3.35,2.32,3.86,0.99,1.85,2.67,3.58,1.22,0.34,0
Js7aIhIuS1A,0.61,2.43,0.0,1.2,0.1,0.0,0.0,0.0,1.01,0.84,0.0,0.0,0.0,0.0,0.79,0.58,0.0,1
JsEPnwjmMpU,0.37,0.0,1.69,0.0,1.38,2.06,1.37,1.38,0.74,1.18,0.17,0.0,0.0,0.0,2.33,1.72,0.0,0
Jst0fPlwu3A,0.0,0.0,0.0,0.0,2.6,1.57,1.14,1.61,1.68,0.42,0.0,0.0,0.0,0.0,0.91,0.0,2.11,0
JyespbKFTZE,0.74,0.41,0.07,2.87,0.0,0.0,0.8,0.18,0.0,0.0,0.0,0.0,0.15,0.0,2.63,1.16,0.0,1
K-oKuebOakM,2.6,2.1,0.0,2.49,1.12,0.22,0.0,1.72,3.05,0.63,0.0,0.0,0.26,0.0,2.68,0.0,0.37,1
K1BUd-N4Vd0,1.21,1.37,2.59,3.16,2.13,3.25,1.03,2.23,1.5,1.81,0.45,1.62,0.89,0.24,1.95,1.63,0.13,0
K3le2kOi3Uc,2.09,2.58,0.0,1.33,0.26,0.34,0.6,1.01,1.15,0.77,1.4,0.57,0.05,0.58,1.74,1.18,0.86,1
K46V127jtls,1.08,0.61,1.09,0.55,1.85,1.59,1.26,2.11,2.25,0.77,2.13,2.61,0.81,1.27,3.85,1.69,0.64,0
K7fff-RzVAs,0.83,0.0,1.64,0.0,3.15,2.12,1.61,1.45,2.41,0.4,0.0,0.0,1.12,0.0,4.51,0.0,0.33,0
KBm-GReZAqI,0.92,0.0,0.07,1.72,0.0,0.96,1.4,0.8,0.0,0.05,0.07,0.0,0.0,0.61,0.0,0.0,0.0,1
KDQvsM7tFs4,0.31,0.0,0.63,0.0,1.58,1.53,0.4,3.02,1.79,2.27,1.67,0.0,0.57,0.09,1.74,1.91,1.15,0
KFCD-SAdPUc,0.95,0.0,0.26,0.0,1.16,1.3,0.03,1.75,1.85,1.41,0.41,0.0,0.0,0.0,1.38,0.62,0.91,1
KGeSR8cC4rY,0.84,0.0,0.41,1.3,1.37,3.25,0.86,0.99,0.18,1.6,1.81,1.04,2.13,2.91,1.11,1.23,0.71,0
KHYVLlfrlhQ,1.7,0.31,2.04,1.44,1.18,0.68,0.92,1.92,1.7,1.78,1.13,1.0,0.65,0.0,2.18,0.78,1.12,0
KIO4qyxS9qI,1.65,0.87,0.0,1.21,0.8,1.61,0.0,2.19,1.98,0.44,0.0,0.44,0.0,0.48,0.75,0.0,0.0,1
KJokymeZ5fg,2.71,2.51,0.24,2.01,0.0,0.0,0.0,1.46,0.45,0.79,0.17,0.25,0.0,0.75,0.17,0.2,0.51,1
KLy3hhX2GBA,0.07,0.27,1.1,0.0,1.31,1.72,0.0,0.8,1.55,0.85,0.77,0.0,2.1,0.0,1.83,0.0,0.0,1
KPuSGay7OyI,1.11,0.35,0.0,2.53,0.0,2.09,0.0,0.49,1.48,0.15,0.25,0.32,0.59,0.65,1.18,0.45,0.0,1
KTWnt6XxGvU,0.63,0.21,0.54,0.0,0.83,2.01,1.43,1.5,1.13,1.3,0.0,1.5,0.0,1.63,0.0,0.56,2.2,0
KUWHXdT39Rg,1.15,1.14,0.0,3.68,0.0,0.0,0.0,0.0,0.0,0.0,1.97,0.43,2.05,0.0,2.15,0.92,0.0,1
KUwlIGAdyfU,0.9,0.61,0.32,1.02,2.21,3.21,0.73,1.66,1.45,2.54,0.0,0.95,0.34,0.51,1.98,1.51,1.09,0
KV1BZjF6Qo0,1.37,0.0,0.0,0.79,2.45,3.85,0.0,1.24,3.21,1.4,0.0,0.0,0.08,0.14,2.92,0.16,0.0,0
KWkeBaFM25M,1.48,2.95,1.26,0.83,1.01,1.22,1.27,1.06,0.37,0.4,0.85,0.73,1.08,0.1,0.72,1.02,0.0,1
KYOxZlAJ5bQ,2.19,2.75,0.56,1.42,1.51,1.96,0.56,1.49,2.03,2.76,1.52,2.21,1.29,0.81,3.14,2.68,0.74,0
KYQIwUXhDRQ,1.44,0.67,0.19,0.0,1.32,0.96,1.09,1.84,2.11,0.49,0.43,0.0,0.0,0.0,1.81,1.3,0.0,1
KZ2BO_en19A,1.85,0.0,0.51,2.72,2.26,2.56,0.42,2.15,2.27,1.34,1.13,0.0,1.65,0.55,2.48,1.1,1.05,0
KZ2JyTeVveo,0.71,0.0,0.76,0.0,2.79,3.93,2.6,2.2,2.93,1.39,1.96,0.0,0.0,0.07,3.5,2.07,1.08,0
KZiETX7u3qg,0.93,0.0,1.22,4.66,1.47,1.93,0.93,1.26,1.9,1.33,0.68,0.0,0.39,0.04,1.23,1.36,2.11,0
KaXmcmxIyRk,0.8,0.46,0.35,1.38,0.3,0.87,0.42,1.29,0.69,0.0,0.22,0.55,0.0,0.22,0.91,1.34,0.33,1
KdiiRTU4Eqo,0.43,0.85,0.0,0.13,0.0,1.15,0.0,0.0,0.02,0.0,0.13,0.0,0.0,0.0,0.34,0.39,0.31,1
KetxIcAF_0k,1.76,0.7,0.0,3.01,0.0,0.33,0.04,0.08,0.51,1.51,0.0,0.0,0.0,0.7,1.36,1.09,0.0,1
KfVCXZ1BZuo,0.94,0.94,0.0,0.0,2.38,2.08,1.43,1.78,2.8,1.42,0.14,1.06,1.3,0.05,3.55,1.26,1.06,0
KiGludLCcAc,1.63,0.0,0.67,1.23,0.65,2.36,0.84,0.49,0.08,0.0,1.87,2.05,0.06,0.84,0.87,0.0,0.0,1
Kk9_S9XKW-k,0.0,0.0,0.2,0.0,2.86,2.8,1.97,3.96,2.21,2.87,0.11,0.35,1.94,0.0,2.35,0.35,1.25,0
KqL9FLBTkak,0.44,0.06,0.66,0.5,0.0,0.0,0.81,0.99,1.3,0.65,0.0,0.0,0.18,0.02,1.0,0.0,1.02,1
KrPTd2WTJlo,0.91,0.0,0.25,0.0,3.34,3.31,1.15,3.11,3.14,1.23,0.0,0.11,0.11,0.0,3.54,0.01,0.36,0
Ktt6qBKLDl4,2.59,0.25,2.44,2.57,2.95,1.4,0.74,2.95,4.05,2.19,0.83,0.6,0.47,0.92,3.28,0.13,1.37,0
KtyE8CJUnqA,0.84,0.0,0.79,1.47,0.0,0.0,0.02,1.3,0.37,1.11,0.77,0.01,0.0,0.24,0.82,1.33,0.21,1
KvI3OEkYL4A,0.0,0.0,0.0,1.41,2.19,0.84,0.0,2.56,2.55,1.58,0.0,0.99,0.77,0.06,0.0,0.0,0.14,0
Kx6_SSnSOxk,1.54,0.0,1.2,0.38,2.05,1.05,1.29,3.05,2.03,0.7,0.35,0.0,0.0,0.09,4.23,0.44,1.09,0
Kz3L3SRuNw8,1.4,0.0,0.0,0.85,1.59,2.21,1.06,1.04,0.82,0.0,0.95,0.0,0.42,0.23,0.0,0.0,0.0,1
L0kB2UgG7rM,1.01,0.0,0.0,1.97,0.0,0.0,0.0,0.37,0.0,0.0,2.3,2.97,0.0,0.0,0.0,2.32,0.0,1
L0qXE_3zYnE,0.35,0.0,0.59,0.0,0.96,0.04,0.0,1.44,2.78,0.2,0.0,0.0,0.0,0.0,2.06,1.31,0.0,1
L2SGI50Dl5A,0.0,0.0,0.36,0.3,2.42,1.77,0.53,1.31,2.84,1.08,1.1,0.0,0.3,1.28,2.33,4.05,0.73,0
L4-2PXNXz-I,0.72,0.14,1.39,0.0,1.46,0.0,0.0,2.16,3.03,0.64,0.0,0.0,0.0,0.0,3.78,0.0,2.65,0
L5xQrb794aE,2.38,2.46,0.32,5.0,0.06,1.78,0.09,0.12,0.46,1.01,1.32,1.11,1.55,1.14,1.39,0.95,0.11,1
L7xMqiHSzyg,1.13,0.28,1.33,0.73,1.06,0.06,1.04,1.39,1.32,1.64,0.81,0.72,0.89,0.42,1.09,0.76,1.44,1
LBoNmEjGqYk,1.17,1.56,0.32,1.61,2.55,1.6,1.61,0.8,1.78,0.9,2.13,2.2,0.54,0.89,1.34,1.66,1.04,0
LDTH0LpkYRM,1.5,0.0,1.5,3.35,1.12,0.89,2.65,0.47,1.83,0.8,3.74,2.08,0.26,5.0,2.17,1.32,0.31,0
LDg44DQZgVs,1.7,3.91,0.48,2.79,0.08,0.46,0.01,0.0,0.0,0.0,0.0,0.0,0.18,0.0,0.0,0.0,0.08,1
LGz6KqlbXGg,1.31,0.52,1.07,0.76,1.62,1.14,1.27,0.64,2.04,0.98,0.0,0.0,0.0,0.64,1.48,1.02,0.0,1
LJVZTzmf-Yk,1.12,1.3,0.0,0.45,2.78,2.32,1.79,1.61,1.09,1.35,0.0,0.09,1.06,0.0,2.41,3.16,0.83,0
LJe5BW5GL74,0.48,1.16,0.4,4.17,0.0,0.0,0.0,0.4,0.0,0.59,0.0,0.7,0.0,0.0,1.8,0.49,0.0,1
LL1OSB5ao-w,1.51,0.79,1.3,1.92,0.66,0.07,0.0,0.4,0.67,1.5,0.32,1.5,2.68,1.18,0.62,0.47,0.72,1
LLos4boMPdA,0.88,1.42,1.75,1.38,0.95,2.26,2.45,2.27,0.17,0.57,0.22,0.51,0.58,0.0,2.07,0.25,0.48,0
LNc2rkM_b3E,1.15,0.87,0.0,0.0,2.81,0.56,0.1,3.1,3.9,1.14,0.21,0.0,0.0,0.0,3.06,0.27,0.0,0
LP4dvLjrVCE,2.04,2.0,2.34,2.86,1.82,2.53,0.88,2.19,1.14,1.76,0.85,0.75,0.54,0.0,2.93,2.38,1.65,0
LQgt-sV1NY0,1.4,2.07,0.0,1.26,0.15,0.0,0.0,0.82,0.2,0.0,0.28,0.0,0.0,0.0,1.19,0.0,0.0,1
LRI3bk9tYHE,1.92,1.51,0.32,3.43,0.23,1.73,0.27,0.3,0.0,0.36,0.78,0.67,1.36,0.41,0.25,1.34,0.11,1
LU1_eh94nnQ,1.74,0.57,2.99,3.66,0.65,0.44,1.33,1.32,1.23,1.13,1.64,0.0,0.19,0.0,0.94,0.59,0.97,1
LW2x1fz8FDU,0.54,0.86,2.1,1.15,1.23,1.01,0.34,2.26,0.0,0.59,1.93,0.22,0.0,1.0,0.89,0.18,1.17,1
LWG07w7F2tI,0.0,1.59,0.0,3.98,0.0,0.0,0.0,0.0,0.0,0.0,0.38,0.0,0.0,0.0,0.74,0.66,0.0,1
LWG8PiyZRuk,0.86,0.22,0.21,1.06,1.48,2.27,1.52,1.43,1.76,1.11,2.19,2.55,0.28,0.95,2.08,2.07,2.24,0
LWGnOW8aAg4,2.62,0.74,1.28,1.2,1.96,0.37,0.0,0.89,1.21,0.38,0.0,1.29,0.0,1.7,0.0,0.0,0.24,1
LaBK5S-Xt8c,0.13,0.13,0.0,0.3,0.0,0.36,0.95,0.64,0.83,0.26,0.0,0.0,0.0,0.0,1.54,1.14,0.0,1
LgCDPlIZwmw,1.42,0.57,2.93,0.78,1.48,2.1,0.0,1.77,2.14,1.89,0.1,0.0,0.85,0.0,1.99,0.25,0.21,0
LjlXy3sfKo4,1.0,0.35,1.48,3.73,0.96,1.35,0.0,1.17,0.67,1.02,0.72,0.76,0.54,0.73,0.64,0.86,0.53,1
Lkw5hqYyaMI,0.0,0.0,0.0,0.96,0.97,1.67,1.42,1.16,0.33,1.4,0.46,0.64,0.0,0.0,0.0,0.0,0.7,1
LmBtqFkvIn0,0.0,0.96,0.0,0.5,0.0,1.89,1.21,0.55,0.0,0.0,1.1,0.88,0.0,0.48,0.68,1.03,0.25,1
LmPFFqJH6Qw,0.0,0.0,0.0,0.13,0.0,0.16,0.0,1.85,0.23,0.8,0.0,0.64,0.44,0.0,0.0,1.14,0.14,1
LnWyJX4WGV4,1.85,0.53,0.11,0.0,2.09,1.37,0.64,2.33,2.54,1.84,0.0,0.0,0.48,0.04,1.78,0.76,0.0,0
LnmpHtilFG4,1.29,1.91,0.9,0.21,1.53,1.79,1.36,1.43,2.75,1.17,0.64,0.0,0.58,0.0,3.68,1.32,0.74,0
M01Q74AuaEg,2.21,2.5,0.0,2.02,0.0,0.0,0.0,0.06,0.75,0.52,0.58,0.0,0.0,0.0,0.0,0.47,0.0,1
M0cMYrofJtY,1.48,1.03,0.45,1.86,0.27,0.41,0.0,0.13,0.96,0.56,0.0,0.39,0.26,0.0,1.09,0.54,0.54,1
M0lKXfyJh-I,0.0,0.57,1.89,2.17,2.96,1.85,1.12,0.81,2.34,1.99,1.82,0.96,0.0,0.0,1.64,1.1,0.06,0
M2-t1yPt_Kk,0.88,0.95,0.0,0.0,1.1,0.21,0.0,0.81,2.1,1.74,0.0,0.0,0.15,0.0,1.71,1.2,1.66,1
M64O_-b6I5k,1.77,0.0,1.19,1.45,0.78,0.42,0.35,1.84,0.0,0.72,4.33,0.0,0.0,0.0,2.29,3.05,0.74,1
M6wnZCYU-GU,2.24,0.97,2.7,0.0,0.0,0.0,0.0,0.14,0.0,0.0,0.85,0.0,0.49,0.0,1.76,1.9,1.38,1
M80_Zojj-1c,1.32,0.95,0.87,0.29,1.23,1.74,0.88,1.83,1.55,1.7,1.06,1.32,2.02,0.8,1.29,0.64,0.43,0
M8qo6HWcSTQ,1.15,0.0,1.27,1.19,0.64,1.53,0.04,1.82,1.82,0.88,1.36,0.0,2.53,0.0,1.31,0.08,0.63,1
MAhQqNDmfEk,2.94,1.01,0.8,2.54,0.79,0.94,0.0,2.57,1.24,1.44,1.02,0.95,2.49,0.0,1.77,1.08,1.97,0
MB31pMAxATI,1.76,3.07,0.0,1.98,1.45,1.53,1.38,0.34,0.95,0.8,2.44,2.5,0.88,1.01,2.66,2.2,0.45,0
MGQieW-HRww,1.0,0.0,0.69,0.3,1.18,1.11,0.41,2.33,0.89,1.74,1.84,0.0,0.0,0.0,2.19,2.83,0.96,0
MNcMDSvNo_I,0.54,0.0,1.09,0.0,0.34,0.34,0.1,0.84,0.23,0.0,0.68,0.0,0.22,0.0,0.74,0.0,0.0,1
MOFS-EkApAo,1.69,0.96,2.92,3.31,1.57,1.92,1.13,1.87,1.64,0.88,0.43,0.8,1.11,0.36,1.7,0.59,2.52,0
MOXcQotyTHM,0.86,0.02,0.06,1.13,0.0,0.0,0.0,0.85,0.67,2.85,1.0,0.78,0.9,0.0,1.03,0.06,0.0,1
MPPdRfsGDfg,0.0,0.0,0.0,0.47,0.76,0.57,0.27,0.93,0.0,0.0,0.23,0.0,0.0,0.0,0.0,0.0,0.0,1
MPunUmKEyHw,0.92,0.82,0.72,0.0,0.64,2.02,0.0,0.11,0.8,1.56,0.0,0.06,0.68,0.41,1.38,0.24,1.65,1
MQwoxnNUF2Y,0.0,0.0,0.22,0.0,3.5,4.32,1.04,2.44,4.13,2.24,0.0,0.0,0.0,0.43,3.59,1.51,1.45,0
MTf_lXqUjmg,0.63,0.0,1.12,0.56,0.87,1.66,0.0,0.0,0.0,0.0,4.37,1.44,0.0,0.98,1.06,0.0,0.43,1
MUaG1DbMHL8,0.9,0.0,0.0,0.77,1.62,0.72,1.67,1.12,2.19,0.41,0.15,0.14,0.77,0.0,3.07,2.13,0.43,0
MUuNxCftgAo,1.4,0.07,0.51,1.17,0.11,0.0,0.3,0.3,1.15,5.0,1.86,1.34,0.0,2.3,0.89,5.0,0.21,0
MWP5RhSfIdg,0.0,0.0,0.0,1.42,0.79,0.0,0.0,0.19,1.56,2.17,0.17,0.03,0.0,0.03,0.03,0.07,0.0,1
MXCU15B3TMo,2.92,3.21,0.0,0.0,1.37,2.07,0.22,1.92,1.27,1.13,1.9,0.51,0.0,0.53,1.49,1.82,2.02,0
MY0uhQPcRi8,1.67,0.61,1.16,1.24,0.3,1.3,1.49,0.88,0.31,0.21,1.28,0.93,0.89,0.04,0.83,0.88,0.61,1
MY3ALm2maZw,1.74,0.0,0.73,0.0,0.26,0.77,0.1,0.38,0.6,0.61,1.1,0.9,0.0,0.75,0.21,0.0,0.0,1
MYHOPNHCwyE,0.04,0.0,3.0,0.0,3.23,3.56,1.64,1.86,1.96,2.36,0.91,1.34,0.48,0.36,3.19,0.0,0.39,0
MYJJWYYduOI,0.52,0.0,0.0,0.19,2.2,1.67,0.62,1.94,3.19,0.62,1.73,0.05,0.0,0.0,1.91,0.0,0.77,0
MZXIzc6NfHw,0.0,0.0,0.0,0.0,0.36,0.72,2.11,0.0,0.0,0.08,1.0,0.0,0.38,0.0,0.0,0.0,0.0,1
MZyhNjekbJ0,2.62,3.85,1.53,4.04,0.58,1.81,0.82,1.23,1.35,1.55,0.77,0.82,0.56,0.66,1.95,1.31,1.31,0
M_3mjYS0Bno,1.69,0.0,2.07,3.11,0.53,1.14,0.21,0.87,0.88,2.0,1.33,0.97,2.74,0.33,0.57,1.07,1.08,1
MaJ58_NluiY,1.76,0.0,2.34,0.36,1.65,2.1,1.31,1.86,1.48,2.59,2.04,0.11,0.37,0.11,1.99,1.47,1.73,0
MaXpIhc3bDE,1.11,0.82,0.0,2.55,0.86,0.7,0.53,0.0,0.3,0.0,1.1,0.31,0.3,0.0,0.0,0.0,0.0,1
MbDhb5ty-cU,1.63,1.76,1.57,1.84,0.71,2.91,3.11,0.99,0.37,0.0,2.45,2.71,1.59,0.0,0.52,1.22,1.2,0
MfL51n5uSgU,0.63,0.0,1.39,1.21,1.46,3.43,3.24,1.89,0.85,0.73,1.67,5.0,1.0,0.31,0.22,1.82,0.37,0
Mg58cqXP4q4,1.66,2.16,0.57,3.4,1.38,3.24,1.22,1.62,1.8,2.2,0.98,2.36,0.82,0.47,1.87,1.7,0.0,0
MhyIi6VZeco,1.04,0.0,0.92,0.17,0.85,1.98,0.0,0.29,1.77,0.5,0.17,0.33,0.24,0.78,1.02,2.19,0.93,1
MjF1C6lvWI4,2.16,1.87,0.82,4.14,1.2,1.54,0.77,1.98,2.44,1.56,0.8,0.73,0.59,0.45,1.85,1.43,0.0,0
MkUn5pqta3M,1.42,0.1,0.54,1.4,1.26,0.0,0.22,1.83,2.21,0.84,0.0,0.0,0.0,0.52,2.66,1.01,0.62,1
MlQ6hhZxYz4,0.0,0.0,0.0,1.05,0.0,1.19,1.41,1.11,1.21,0.34,1.78,0.0,0.99,0.0,0.84,0.27,0.11,1
MmQI2kvsPsU,2.2,0.88,2.25,1.9,1.07,0.53,1.17,1.08,0.82,0.41,0.25,1.13,0.0,1.16,0.96,4.38,0.49,1
Mp-yqdfa3K8,1.92,0.0,1.57,0.0,0.5,2.44,1.06,0.0,0.44,1.93,0.79,0.0,0.17,1.1,0.27,1.28,0.13,1
MsnU_rv9cwg,0.28,0.71,0.0,0.07,0.0,0.55,0.41,0.57,0.0,0.0,0.8,1.38,0.32,0.48,0.0,0.14,0.23,1
MtY8UxPgAUc,1.49,2.23,1.17,2.21,0.0,0.16,0.0,0.0,0.0,0.0,0.3,0.54,1.4,0.0,0.0,0.0,0.0,1
MttG7NB1ilk,1.61,0.81,1.5,0.72,0.88,2.28,0.07,2.1,1.95,0.86,0.05,1.5,0.0,0.0,1.43,1.81,0.67,0
MvMLNTrBZ5A,1.24,2.53,1.27,2.62,0.0,0.0,1.04,0.0,0.0,0.13,3.73,0.95,0.0,4.28,1.73,1.1,0.08,1
MwGHSqKerOo,0.5,0.0,0.0,0.92,0.83,0.39,1.18,1.26,0.46,0.6,0.0,0.75,0.0,0.0,0.59,0.0,0.4,1
MxVg2WjDkxk,0.83,0.0,0.94,0.93,1.63,0.6,0.0,2.32,1.73,1.62,0.36,0.0,1.38,0.0,4.18,0.33,0.0,0
Mxw5bLTK5pk,2.05,2.38,0.01,2.18,0.0,1.1,0.34,0.16,0.0,1.95,0.66,2.17,1.21,1.07,0.62,1.05,0.0,1
N0oXOhqH1J0,1.77,1.81,0.0,0.0,1.5,0.0,0.42,1.41,2.95,1.0,0.0,0.0,0.0,0.0,2.68,0.96,0.36,1
N0rYRoGE4HE,3.32,2.5,0.0,2.75,1.32,1.15,0.66,1.04,1.11,1.17,0.2,0.0,0.03,0.82,1.68,0.41,0.0,1
N23RE2S0MFY,0.85,0.67,0.0,3.13,0.64,0.62,0.0,1.34,2.09,1.82,0.66,0.0,0.0,0.91,3.44,0.7,0.0,1
N3XyFffjLoQ,0.0,0.0,0.0,0.0,0.0,0.0,0.69,0.46,0.76,0.12,0.19,0.19,0.76,0.69,0.0,0.85,0.35,1
N42JtG3V6Ow,1.23,1.95,0.04,1.04,0.0,0.0,0.35,0.49,0.85,2.31,0.52,0.47,1.46,0.0,2.07,1.24,3.72,1
N5z-vBbwqEw,1.66,1.93,2.65,0.93,2.11,2.95,1.47,2.7,1.78,1.51,2.14,2.34,0.75,1.07,3.0,2.12,1.49,0
N927v_gij30,1.32,0.9,2.48,1.58,1.4,2.39,0.16,2.19,1.53,0.28,1.32,0.22,0.62,0.31,0.77,0.82,0.87,0
N9KOxQznyuk,2.56,0.43,1.0,0.35,0.87,4.95,1.01,0.62,2.04,0.0,0.08,0.4,0.0,0.0,0.36,0.0,1.42,0
NAzpzBI0u-g,2.33,3.28,0.0,4.47,1.02,0.93,0.63,1.55,1.84,0.24,0.0,0.0,0.39,0.17,2.44,1.7,0.0,1
NBn9kQUt1Pk,0.0,0.85,0.0,2.66,0.0,0.0,0.07,0.0,0.0,0.22,1.74,1.08,0.96,0.29,0.0,0.0,0.0,1
NF5KbSs8-c8,0.0,0.48,1.08,0.95,1.73,4.18,1.41,0.95,1.24,1.15,2.47,0.0,0.23,0.29,1.87,2.28,0.45,0
NJFFwTUjvFQ,1.6,2.38,0.07,0.0,0.5,1.72,0.0,0.59,1.13,0.75,0.0,0.0,1.1,0.0,1.45,0.8,0.31,1
NJz1VnMofRQ,1.36,0.0,1.8,1.61,2.01,2.37,0.49,1.42,1.27,1.09,1.46,2.32,1.47,0.53,1.27,0.0,0.09,0
NLq4Ng3O7zw,1.75,1.13,2.07,1.81,1.12,0.79,0.0,2.49,1.37,0.44,0.1,0.26,0.0,0.0,1.94,0.0,0.26,1
NNsL7qOHbDY,1.34,0.77,0.67,0.71,2.57,3.02,1.65,2.16,2.71,1.17,2.12,2.14,0.82,0.8,2.16,1.97,0.85,0
NOJJaHOV7dQ,1.85,0.0,2.64,2.19,1.35,2.76,1.96,1.71,1.1,1.78,1.14,1.03,0.87,0.02,1.46,0.76,1.94,0
NPgGlRbnXSg,1.54,1.78,0.41,2.5,2.78,2.54,2.35,3.07,3.29,1.61,2.28,0.98,2.54,0.2,2.66,1.64,0.4,0
NPoZRm8e3dI,0.87,0.0,0.72,1.07,2.49,3.69,0.5,1.03,2.07,1.8,1.2,0.77,1.58,0.83,2.29,0.0,0.92,0
NQcdVjnybD0,2.71,3.01,0.87,1.32,0.65,0.0,0.0,2.02,1.62,1.09,0.11,1.38,0.0,0.0,1.53,0.65,0.0,1
NSKCIY7TmSA,1.95,0.75,1.01,2.48,0.52,0.89,0.0,0.75,0.4,0.0,1.59,1.36,0.79,0.11,0.12,0.7,0.05,1
NTAnGrxuP0g,1.3,0.31,0.84,2.17,1.14,1.51,1.04,3.15,1.38,1.83,2.41,1.97,1.32,0.0,1.42,0.0,0.0,0
NUqTE93xw7w,1.04,0.83,0.47,0.14,2.22,1.74,1.05,2.93,3.63,2.76,1.82,3.67,1.73,0.94,3.38,0.0,0.78,0
NY7WkZi_KJw,1.9,0.0,2.45,0.1,0.77,1.79,0.58,1.39,0.0,0.95,2.47,0.0,0.33,0.0,2.14,2.0,0.28,1
N_XcWpa1UPM,0.67,0.08,2.58,0.2,2.72,2.89,0.77,3.83,3.12,1.71,1.05,0.0,1.3,0.0,2.45,0.0,1.49,0
NaowzREhCBA,1.17,2.47,0.04,1.29,0.0,1.66,0.0,0.0,0.22,1.1,1.19,0.93,1.9,1.12,2.27,3.48,0.0,1
Nd7SFkREd8k,2.26,2.92,0.0,2.32,0.91,0.0,0.0,0.0,2.4,1.56,0.0,0.6,0.79,0.57,0.14,0.0,0.43,1
Ng7YzMg1ZRA,0.82,0.0,1.38,0.0,0.0,0.0,0.0,0.73,0.82,0.37,0.11,0.0,0.0,0.0,0.0,0.0,1.2,1
NgCJlHS7Xps,1.91,1.59,0.89,0.0,2.04,2.84,0.85,2.15,2.6,2.01,0.53,0.24,0.62,0.15,2.75,1.53,2.28,0
Nj_5DcVKTCo,1.6,1.97,1.71,1.71,1.4,2.46,1.22,0.76,1.09,3.55,2.47,2.56,1.92,1.12,3.16,3.26,0.81,0
Nk-4mQGod7M,2.05,0.37,1.95,1.99,1.88,1.45,0.87,1.99,1.1,2.43,0.93,1.3,1.16,0.64,1.02,1.8,1.09,0
Nk3M8nfWaPY,0.73,0.42,0.0,1.08,2.53,1.1,0.12,2.58,2.65,1.38,0.88,1.27,0.16,1.02,2.45,0.74,0.0,0
NkXFr8d3TFA,1.45,1.38,2.41,0.34,0.39,0.0,0.0,0.74,0.0,1.75,0.0,0.0,0.0,0.0,1.48,0.0,0.61,1
NkyPghe6xCI,0.21,0.0,0.0,0.0,2.32,2.66,1.03,2.62,3.43,1.52,0.0,0.0,0.0,0.0,2.1,0.46,0.0,0
Nl0CNnXWyTI,1.7,2.41,0.0,3.64,1.16,1.64,1.05,0.21,0.0,3.07,2.11,2.87,0.92,0.93,2.57,1.95,0.4,0
NlIm2wakUN4,3.62,1.16,1.52,1.12,0.66,1.73,0.7,1.18,1.59,1.5,0.86,0.75,0.84,0.0,2.8,0.91,0.56,0
NlKkIA5lW-Q,3.06,1.68,0.38,2.78,1.82,2.83,1.14,1.6,1.33,1.35,1.51,0.91,2.77,0.12,1.51,1.1,0.62,0
NnaW8-F3VwM,0.0,0.19,0.97,2.46,0.08,0.39,0.48,0.8,0.0,0.0,0.0,0.0,0.89,0.0,4.25,2.94,0.0,1
NnhXmt5RBTU,1.67,0.3,1.29,1.64,1.32,1.84,1.18,0.6,0.46,0.83,2.07,5.0,1.9,0.0,0.76,3.66,0.01,0
NpWKaeHg_3Q,2.22,0.96,1.89,1.93,2.7,4.81,0.33,2.74,2.89,2.46,0.98,0.0,1.14,0.77,3.45,1.33,0.01,0
Nr0ydGb3c8U,2.39,2.06,0.0,2.62,1.74,0.68,0.0,1.36,2.6,1.31,0.52,1.21,0.91,0.37,1.91,0.17,0.0,0
NrQnfWDQHCk,1.76,0.3,1.94,1.37,1.12,1.24,1.77,1.05,0.0,1.6,1.57,2.78,2.31,0.05,1.0,1.46,1.0,0
NrdeLytproA,1.68,0.0,1.61,0.51,0.37,0.88,0.31,0.4,0.04,0.0,0.94,0.0,1.12,0.28,0.89,2.21,0.14,1
NsQchT8A_5Y,1.35,0.57,1.38,0.53,1.37,1.64,1.43,0.51,0.94,0.79,2.17,2.5,1.13,1.12,0.43,2.02,2.35,0
NuAe8Ph9BOw,1.96,1.41,0.86,1.09,1.31,1.7,1.38,2.99,2.22,2.01,0.85,1.18,2.69,0.57,3.69,2.32,0.83,0
Nw9q3sK_szM,1.97,1.11,1.67,4.24,1.03,1.22,0.0,1.12,1.04,1.3,1.05,0.95,0.35,0.31,2.33,1.67,0.48,1
NxC8eKOhqjw,2.05,0.24,0.1,1.66,2.37,3.83,0.76,2.06,2.74,1.6,0.97,0.0,0.4,0.0,3.35,1.77,0.25,0
NzyCOg9yKOg,1.8,2.15,0.0,1.58,0.0,0.2,0.0,0.0,1.48,0.79,0.0,0.0,0.0,0.0,1.29,0.63,0.0,1
O-NY3rwQMbI,1.67,0.47,0.02,0.0,0.95,1.07,0.3,1.51,0.65,0.38,0.33,0.0,1.75,0.0,0.58,0.01,2.38,1
O6OB9Qus36E,2.0,0.63,0.52,1.77,0.99,1.65,0.82,1.57,2.41,2.49,0.71,0.0,0.0,0.0,1.94,1.02,0.14,0
O6w63JKzcnI,0.63,0.48,1.31,1.39,2.01,2.22,1.08,1.98,2.08,1.29,0.91,0.7,1.68,0.0,3.02,1.41,0.0,0
OBQ9cBGbIbY,2.37,1.0,1.48,0.86,1.84,2.03,0.22,1.83,2.41,1.7,0.41,0.65,0.72,0.0,2.33,0.0,1.86,0
OBzQ9z9yIuI,1.46,0.06,0.95,0.06,1.34,0.33,0.0,0.46,1.78,0.92,0.49,0.0,0.0,0.0,1.13,0.0,0.68,1
ODzuORF2fIc,2.79,1.22,1.69,2.18,0.35,1.37,0.44,2.2,0.41,0.86,1.23,0.87,0.65,0.77,0.37,0.53,0.05,1
OE1FvFlLjRU,1.83,0.0,1.24,0.0,1.28,1.49,0.61,2.42,2.62,2.23,0.0,0.09,1.66,0.42,2.35,0.22,1.04,0
OJ97_12T3QE,1.23,0.0,2.95,1.8,3.51,3.62,0.91,2.85,2.7,1.02,1.15,0.82,1.71,0.1,1.03,0.66,0.78,0
OJUpdWsuuo0,0.51,0.0,1.33,1.45,1.21,2.07,1.0,1.46,0.32,1.28,0.06,0.0,0.9,0.0,2.76,1.92,0.55,0
ON4hjfzb_5s,0.0,0.0,0.0,0.76,2.37,2.47,0.56,1.42,2.44,1.92,1.08,0.35,1.67,0.86,1.78,0.71,0.05,0
ONAyHnzPTS0,1.12,0.18,1.2,2.92,1.94,2.61,1.2,2.29,3.22,0.53,0.45,0.0,0.03,0.12,2.8,1.82,0.79,0
OOM8GTFxnYY,0.66,0.0,0.64,0.0,0.6,1.31,0.22,0.0,1.77,1.26,0.0,0.0,0.0,0.05,0.22,0.69,0.0,1
OOtXYClaig4,0.38,0.0,1.35,0.02,1.47,2.72,3.06,2.0,0.06,1.22,0.6,0.0,1.11,0.0,3.31,0.34,0.0,0
OP-wvfxWE_s,1.94,0.0,2.01,1.69,1.16,3.5,2.15,0.38,0.0,0.06,1.99,0.0,0.0,0.68,0.17,0.0,0.1,1
OPpj2eJZxXM,2.62,1.64,1.65,1.81,1.38,2.14,1.25,0.95,1.08,0.78,2.19,2.28,0.54,0.9,2.93,1.74,0.52,0
OQz52FZQ2w4,0.88,0.52,0.0,0.14,0.72,1.27,0.84,0.0,0.0,0.11,2.55,0.62,0.27,0.0,2.2,0.0,1.51,1
OSG8PK1aaKA,1.17,0.0,1.0,0.0,0.17,0.0,0.0,0.52,1.11,0.5,0.0,0.0,0.0,0.0,0.82,0.83,1.3,1
OWfSu7lgAzw,2.12,0.36,1.87,1.34,2.5,4.63,2.57,4.19,1.43,2.54,0.61,1.67,1.63,1.39,1.88,0.47,0.61,0
OXZoPhgENEg,0.74,0.0,0.19,0.0,1.85,4.47,1.68,2.18,3.14,0.83,0.37,0.0,0.16,0.0,2.84,0.91,0.95,0
Oa4w9bqbP9w,0.16,0.55,1.08,0.15,1.59,0.1,0.98,2.06,2.18,0.62,0.31,0.0,0.02,0.0,2.31,0.19,0.0,1
ObW42yq5Lls,2.28,0.05,1.82,0.29,0.0,0.0,0.0,1.6,1.61,1.55,0.1,0.0,0.56,0.0,1.93,0.09,0.8,1
Od6ye5lwaNI,0.29,0.0,0.0,0.0,1.6,2.22,0.79,0.56,1.55,0.89,1.45,0.73,2.0,0.0,0.21,0.0,0.0,1
OhIziE_wil4,2.05,1.36,1.94,2.6,0.5,0.11,0.0,1.24,1.6,2.08,0.97,0.0,0.13,0.13,1.92,0.0,0.56,1
OhUslvK6utY,2.71,4.25,0.0,0.26,0.0,0.0,0.0,1.09,0.88,0.04,0.57,0.49,0.0,0.0,1.41,1.36,4.52,1
Om_e_8p_DWg,0.9,0.81,0.0,2.07,0.89,0.0,0.32,2.16,2.58,2.78,1.97,1.63,0.0,1.05,0.12,0.0,0.07,1
OpLJGHUDXzU,2.94,0.28,1.45,0.11,0.45,0.0,0.0,1.5,0.32,3.07,0.94,0.03,1.15,0.07,3.07,0.51,0.0,1
OsgTMyIGVeo,0.0,0.0,0.0,0.0,1.45,2.04,1.1,1.01,1.86,1.96,0.0,0.0,0.22,0.08,0.65,0.16,1.79,0
OtOqnwZOGBw,0.0,0.0,0.0,0.52,2.36,3.15,2.35,4.29,2.07,1.85,0.57,0.81,1.96,0.0,0.49,0.3,1.29,0
OuEhetTxH6c,1.82,1.7,0.64,0.99,2.44,1.05,0.48,2.98,2.89,2.34,0.28,0.58,0.0,0.0,2.06,0.26,0.56,0
OuRNl9VnRBw,3.91,4.26,0.12,1.93,2.09,1.3,1.21,2.54,2.6,2.96,0.34,0.12,0.91,0.0,3.08,2.21,0.43,0
OvjEl_0KUoE,0.63,0.0,0.0,0.72,1.48,4.42,0.75,0.74,1.18,0.89,0.3,0.17,0.0,0.35,0.48,0.36,0.0,1
Oyodf_xMuwI,1.09,0.23,0.0,1.28,2.33,3.05,0.92,1.57,2.69,1.44,0.5,0.0,0.49,0.0,2.49,0.78,0.0,0
OzfTQZVYKmY,2.28,4.08,0.0,2.49,0.0,0.81,0.0,0.37,1.11,0.0,0.89,0.0,0.0,0.0,1.26,1.1,0.0,1
OzqhoC6UaxA,1.08,0.0,0.07,1.21,2.74,2.1,1.1,3.09,1.9,1.74,1.17,0.54,1.32,1.5,1.69,0.49,0.45,0
P-H1PuDNSFY,0.76,0.58,0.0,1.02,1.13,0.12,0.58,0.51,2.68,0.83,0.0,0.0,0.0,0.42,0.0,0.0,0.0,1
P-xWY4n9nAA,0.27,1.01,0.0,1.02,2.86,2.5,0.84,1.85,2.48,2.41,0.53,0.33,0.85,0.0,3.82,1.68,0.0,0
P-z2crgNP-8,0.67,0.21,0.0,2.37,0.25,0.3,0.35,0.65,0.36,0.53,0.87,1.08,0.19,0.0,1.45,0.47,0.0,1
P0-rcBUmtV4,1.37,0.78,0.69,0.78,2.1,2.44,1.04,2.76,2.61,1.51,0.25,0.0,2.12,0.0,3.33,0.67,0.0,0
P1jjgOtdaNY,3.31,0.74,0.87,2.42,2.36,3.59,1.49,1.78,2.27,1.35,1.04,0.74,0.94,0.8,1.46,4.1,1.2,0
P2f-Z-Rzlto,0.1,0.0,0.0,0.19,1.29,0.56,0.0,1.92,1.38,0.89,0.95,0.0,1.29,0.0,1.0,0.36,0.2,1
P3J2tPEWMC0,1.61,1.33,0.0,3.03,1.77,1.72,0.27,2.16,3.16,2.64,0.12,0.0,0.96,0.0,1.7,0.13,0.0,0
P41cfGNBCIg,0.07,0.0,0.82,2.29,1.24,1.11,0.16,0.0,0.86,0.0,0.27,0.0,2.11,0.83,0.0,0.0,0.29,1
P4rUzslkhJg,1.99,0.27,0.0,0.84,0.0,0.0,0.0,0.0,0.36,0.0,0.25,0.0,0.59,0.0,0.0,0.0,0.0,1
P6EC5amOtvw,2.11,0.62,0.0,0.82,0.74,0.0,0.08,1.19,2.08,0.0,0.48,1.96,0.67,0.55,2.25,1.28,0.0,1
P8v5iNe7LoA,0.0,0.0,0.0,0.98,0.4,3.58,0.26,1.65,0.0,0.0,2.8,1.73,0.0,1.02,0.0,2.13,0.0,1
P9Z4sH_Zjcs,1.7,2.44,1.8,1.75,0.71,0.0,1.11,1.77,1.31,2.77,0.82,1.41,0.16,0.0,1.84,0.81,0.44,0
PA8Xp8zG8lY,1.62,0.69,0.22,0.97,1.46,1.03,0.0,0.59,0.1,0.3,1.63,0.73,1.54,0.0,0.91,1.7,0.59,1
PB19pMM-JDk,1.56,1.39,0.41,1.15,2.06,0.95,1.33,1.94,1.61,2.14,1.18,1.86,1.17,0.86,0.77,0.44,0.11,0
PB3Tbm_4tp8,1.58,1.33,1.88,0.19,1.89,2.54,0.4,2.22,3.95,1.97,1.17,0.14,1.54,0.06,2.2,2.18,1.44,0
PBuWH--B1cQ,2.9,3.28,1.33,1.7,0.94,1.08,1.61,1.02,1.49,1.4,0.73,0.34,0.67,0.0,2.49,1.54,0.42,0
PCKVqeJLoGo,3.02,1.89,0.14,1.27,2.14,0.0,0.17,0.92,2.28,0.18,0.0,0.0,1.19,0.0,2.08,0.0,0.0,1
PCYF_tXNFtQ,0.22,0.95,0.25,2.35,2.72,2.43,0.95,2.64,3.83,2.23,0.78,0.8,0.91,0.8,4.04,1.51,0.81,0
PG1jqH10PMQ,0.82,0.75,1.6,2.59,0.0,0.0,0.0,0.0,0.0,0.0,1.31,1.08,0.0,0.0,0.0,1.03,0.0,1
PHa0gPT57cs,2.46,3.12,0.99,0.7,1.66,2.86,0.77,1.66,2.25,1.9,1.14,0.72,2.4,0.45,1.89,2.1,1.19,0
PHbxrOIvfUw,2.11,0.86,0.85,2.15,1.79,0.14,0.57,1.67,1.77,2.77,2.89,0.0,0.05,0.0,2.78,1.35,0.2,0
PIrATc6XKao,0.0,0.0,0.0,0.0,2.05,2.23,1.51,1.51,1.11,0.14,0.45,0.0,0.0,0.26,1.66,0.8,0.0,1
PJY02BbC-e0,1.68,0.66,1.76,2.47,0.28,0.24,0.0,1.04,0.7,0.84,0.62,0.46,0.03,0.06,1.25,1.38,0.83,1
PKMcwtn-lOk,0.0,0.0,0.06,0.48,0.0,0.57,0.23,0.0,0.0,1.28,0.72,0.0,0.31,0.0,0.0,0.27,0.0,1
PKSvwfsDvfY,1.95,1.38,0.0,1.66,1.7,2.72,1.36,1.81,1.85,1.96,2.38,2.44,1.3,0.96,4.04,1.53,0.5,0
PM6vFN-SFpU,1.66,0.23,1.93,0.94,0.74,1.27,0.64,1.38,2.19,0.85,0.65,0.81,0.1,0.5,1.84,1.07,1.38,0
PMJCp5ldSys,0.83,0.0,2.59,0.58,0.83,2.17,0.08,0.38,0.0,0.55,1.77,1.87,0.0,0.3,0.69,1.98,0.0,1
PMabXm2O5IY,1.6,0.28,0.22,2.85,0.0,0.0,1.69,0.92,1.2,0.0,5.0,0.0,0.0,5.0,0.0,5.0,0.0,1
PMwVami-2Gc,0.37,0.0,1.63,0.95,1.29,1.65,0.76,1.05,1.1,0.14,1.04,2.15,1.38,2.09,0.96,2.22,0.67,0
POocIXBh2xY,1.06,2.52,2.33,2.18,1.51,1.35,1.04,1.37,1.98,0.28,0.57,0.32,0.1,0.95,3.66,0.61,2.14,0
PTJ1oIKd-5g,0.78,0.0,0.67,1.38,0.88,1.47,0.29,0.37,0.0,0.0,2.33,1.43,5.0,0.0,0.52,5.0,0.0,1
PUGPBhtMTNk,2.06,0.5,2.5,2.01,0.92,2.44,0.85,1.51,0.74,0.88,1.12,1.39,0.0,0.0,2.1,1.8,0.0,0
PVaxc9l_g7Y,1.4,1.59,0.15,1.46,2.25,1.77,1.38,2.22,0.99,0.0,2.13,0.0,0.26,0.0,1.87,0.98,0.54,0
PWzBD5F7-Ro,0.0,0.16,1.12,3.8,0.0,0.0,0.0,0.07,0.0,0.0,1.09,0.0,0.0,0.72,0.0,0.0,0.0,1
PYtqxv5bbjY,1.9,1.65,1.28,0.61,0.0,0.0,0.0,0.36,0.86,2.06,0.24,0.0,0.71,0.26,1.42,0.36,0.36,1
PZMtxfmN5PE,0.92,1.36,1.12,1.81,1.22,0.0,0.0,1.41,2.53,1.51,1.24,0.0,1.32,0.55,4.43,2.27,0.0,0
P_neVN0s6pE,1.87,0.0,2.04,0.85,2.3,2.46,1.32,1.41,3.01,1.51,1.75,1.19,0.63,0.0,2.79,0.39,1.77,0
PbXAKCHDV_w,2.23,0.48,0.89,0.86,1.19,0.95,0.0,2.02,0.72,1.19,0.38,0.0,1.13,0.0,3.74,0.0,0.11,1
PeHX_X4jR_4,1.33,0.0,1.09,0.25,3.68,4.21,2.56,2.06,1.66,0.95,1.72,1.68,0.77,1.23,3.15,0.85,0.35,0
PfQt-5yf_fA,0.56,0.9,1.25,0.97,1.09,1.5,0.81,0.97,1.1,2.84,0.62,1.95,0.88,0.28,0.0,0.66,0.34,1
Pfo6mik9xok,2.56,0.55,2.04,0.08,1.49,0.95,0.64,1.6,1.22,0.09,0.41,1.65,1.21,0.34,1.16,1.07,0.0,1
PhbkIxXk2gA,1.71,0.29,1.76,2.08,0.42,0.0,0.53,0.0,0.0,0.26,3.42,2.77,0.0,1.31,0.0,0.0,0.85,1
PikP35Mtbjc,2.45,1.24,2.43,1.42,2.77,3.92,1.97,3.21,2.15,1.95,1.07,0.0,0.0,0.32,2.47,1.89,0.42,0
PjOJ_SZJRjQ,0.27,0.0,0.75,0.93,2.5,2.21,0.47,2.67,2.86,1.65,0.99,0.22,0.44,0.0,3.04,1.14,0.13,0
Pkwf3okyjIY,0.29,0.96,0.0,0.73,0.85,3.38,1.62,1.15,1.42,0.43,1.51,0.12,1.81,0.14,1.1,0.83,0.24,0
Pl5BzYCVwIA,0.46,1.02,0.83,2.64,1.01,2.16,0.22,1.01,2.89,1.64,0.0,0.0,1.09,0.06,2.19,1.81,0.0,0
PlaMItN8aa0,2.09,2.99,0.0,1.24,2.19,1.49,0.0,1.81,3.26,2.25,0.0,0.0,1.28,0.7,2.84,0.87,0.0,0
PleLyl-RBK4,0.73,0.56,0.0,0.7,0.0,0.0,0.0,0.69,0.0,0.41,2.23,0.37,0.27,0.0,1.23,0.23,0.09,1
PpbUVAS4pVs,0.15,0.0,0.03,0.0,0.0,0.0,0.53,1.39,0.0,0.0,0.0,0.0,0.52,0.0,0.0,0.0,0.56,1
Ps40s2ivyyM,1.47,0.21,1.31,2.71,0.28,1.13,0.94,0.97,0.51,3.22,0.84,2.09,1.23,0.7,0.0,2.08,0.0,1
PvA4IHQh4wI,0.61,0.01,0.78,3.62,0.65,0.55,0.0,1.35,1.1,2.44,0.0,0.0,1.03,0.0,3.62,3.02,0.0,1
Pwe3pjbOVas,2.03,1.98,0.0,2.39,0.47,0.71,0.0,2.25,1.0,0.0,0.96,1.3,0.0,0.48,0.0,0.8,0.0,1
PzY10Q98Ml0,0.96,1.48,0.65,0.39,0.0,2.26,0.0,0.98,0.21,0.0,0.1,0.0,0.76,0.0,0.93,1.27,2.75,1
Q0M3zBAW4ko,0.91,0.2,0.0,1.53,0.94,0.0,0.0,0.0,0.0,0.0,1.74,2.39,0.0,0.61,0.0,0.0,0.0,1
Q0br4Ujitu0,1.93,0.45,0.25,1.74,1.23,0.74,0.32,2.36,1.35,1.89,1.11,1.31,0.47,0.0,0.84,1.3,0.1,1
Q1NBbFUfqIY,2.49,0.86,1.31,2.44,1.71,2.47,0.8,1.9,1.91,2.52,1.59,1.5,1.1,0.51,1.42,2.34,0.61,0
Q1RVdu_RLmQ,0.3,0.0,0.2,0.0,0.89,0.7,0.98,0.0,0.58,0.0,0.0,0.0,0.2,0.0,0.08,0.0,0.0,1
Q1s9tufujfc,0.88,0.0,0.72,1.35,3.07,3.81,2.63,2.33,0.87,0.75,1.35,5.0,0.95,0.6,0.3,1.15,0.95,0
Q2qWvIiJ6sI,0.0,0.0,0.79,0.0,1.22,2.69,0.28,1.01,2.17,0.93,0.0,0.0,1.17,0.14,1.06,0.08,0.42,1
Q5WB4Jxlx_o,0.73,0.0,0.93,2.5,0.0,0.0,0.0,1.83,0.98,0.75,0.25,0.0,1.34,0.0,1.29,0.91,1.38,1
Q5fPQwa2HCU,2.92,1.82,0.0,3.45,1.11,0.0,0.67,0.98,2.55,2.59,0.0,0.0,0.0,0.55,0.7,0.08,0.39,1
Q5wG85k1ZsQ,0.64,1.08,2.69,3.17,1.83,3.01,1.16,2.11,1.71,0.96,1.11,0.19,1.06,0.68,2.87,2.79,0.87,0
Q7teS12VJfg,3.77,2.34,1.0,0.53,0.79,0.0,0.33,0.71,1.04,1.52,0.97,0.82,0.51,0.1,0.95,0.87,1.12,1
Q7ugYdD2Pb0,1.99,2.18,0.3,3.29,0.49,0.35,0.0,1.5,1.44,1.88,0.48,1.16,0.0,0.17,0.13,0.44,0.0,1
Q8MDD9diubs,1.97,0.05,2.65,1.88,2.45,2.54,1.54,2.06,2.59,3.52,0.82,0.88,0.9,0.71,2.08,3.1,0.68,0
Q94-FOJgEP8,0.55,0.0,0.0,1.41,1.13,2.31,0.0,0.95,1.27,0.03,0.23,1.7,2.54,0.0,1.22,0.9,0.0,1
QA8KohqTtIo,0.97,0.0,0.0,2.85,0.0,0.55,0.0,1.84,0.0,0.0,1.58,0.0,0.29,0.0,0.0,0.0,0.51,1
QAO0rOAaOjA,0.75,0.0,0.0,1.01,0.03,0.0,1.06,0.46,0.11,0.18,0.12,0.0,0.52,0.0,0.91,0.0,0.0,1
QAaDogyfJrs,1.52,1.03,1.57,1.16,1.81,0.37,1.05,2.94,1.0,1.67,0.0,0.48,0.53,0.8,1.22,1.38,0.0,0
QCbu8iJNT_o,0.0,0.0,0.84,0.86,2.53,1.78,1.92,1.69,2.74,1.48,0.85,1.0,0.44,0.1,2.85,0.92,1.4,0
QCcLyMzbZFs,2.09,0.07,2.46,0.97,0.0,0.0,0.0,0.0,0.0,0.0,2.09,1.17,0.0,0.51,0.0,0.04,0.0,1
QDMcVN2DQTY,1.34,0.88,0.0,1.13,1.8,2.18,0.31,0.29,0.85,0.0,0.09,0.0,0.94,0.0,3.41,0.59,0.97,1
QDbfjxyLXKE,2.38,2.98,1.46,4.46,1.3,0.79,0.26,2.58,1.69,1.15,0.83,0.62,0.8,0.0,1.87,3.18,0.4,0
QG5mA1zVqRo,1.36,1.61,0.17,0.53,0.28,0.65,0.58,0.87,1.35,1.19,0.4,0.3,1.22,0.0,2.26,1.05,1.81,1
QG61j-coCgM,0.62,0.0,0.82,2.05,2.13,1.94,0.16,1.23,1.72,1.76,3.79,2.03,3.65,1.4,1.57,2.68,0.22,0
QGLLDOJsccM,1.04,0.0,0.0,1.46,1.28,1.3,1.47,1.44,1.85,2.8,0.17,0.0,2.47,0.0,1.03,0.0,0.2,0
QHwa6mbOEkE,1.31,0.0,0.69,0.47,0.79,1.68,0.75,1.69,0.93,1.89,1.01,0.0,0.47,0.0,0.34,0.6,1.28,1
QITO_1JsW1c,0.0,0.0,0.73,0.92,0.0,1.21,0.43,0.52,0.0,0.63,0.14,0.07,0.0,0.0,0.0,1.82,0.12,1
QIvFjJmIs6Q,0.24,0.0,1.51,3.18,2.27,3.43,1.21,1.35,0.56,0.0,0.08,0.34,0.0,0.08,1.1,0.97,0.0,1
QJwsphG86dE,0.35,0.29,1.3,1.31,0.56,1.87,0.67,0.38,0.76,0.45,0.79,0.83,0.0,0.42,0.3,0.54,0.0,1
QKTGbpxUjno,0.96,2.08,0.0,2.46,1.67,0.09,1.03,2.25,3.19,3.23,0.0,0.0,0.41,0.06,3.15,0.49,0.0,0
QL4ZsoeEyI0,2.15,1.31,0.61,0.16,0.86,2.46,0.39,0.9,1.34,1.84,0.0,0.88,0.87,0.3,1.57,1.61,1.24,0
QL99HHNpNDI,0.09,0.0,0.26,2.38,0.4,1.37,0.44,1.27,0.6,0.67,0.9,1.17,0.56,0.61,1.31,0.77,0.57,1
QM4HHt-vEio,2.2,0.64,0.58,3.96,0.0,0.0,0.0,0.54,0.17,0.0,0.96,0.3,0.0,0.0,0.99,0.43,0.0,1
QN28oWiohFs,0.0,0.67,1.22,0.0,0.0,1.01,0.04,2.13,1.53,1.5,0.31,0.51,0.28,0.0,0.21,1.61,0.74,1
QN63iDxR-Bo,1.42,1.24,2.42,2.12,2.3,4.06,1.43,1.86,1.21,1.82,0.61,1.7,1.6,0.0,1.93,1.44,0.0,0
QVp3nt5oZk0,0.28,0.0,0.65,0.49,0.39,1.78,0.32,2.26,1.8,2.04,1.24,1.03,2.75,0.48,1.76,1.58,1.63,0
QXjupn6Fg3U,0.11,0.0,0.0,1.0,1.91,3.16,1.72,0.94,1.35,1.71,0.48,1.34,1.79,0.62,1.4,0.88,1.59,0
QZsgajZrRXA,0.5,0.18,0.19,0.31,0.01,1.49,0.0,0.0,0.67,0.25,0.38,1.3,0.39,0.57,0.19,0.0,0.0,1
Q_XIao2HLUE,0.16,0.19,1.22,0.63,1.63,2.87,0.72,2.29,2.67,1.89,0.83,0.6,0.0,0.12,2.89,0.12,1.52,0
Qb9lBf92VaQ,0.0,0.29,0.0,0.0,0.21,1.11,0.37,0.31,0.7,1.05,0.44,0.81,0.0,0.47,0.0,0.58,0.72,1
QdPPZescc7I,0.78,0.0,0.22,0.28,2.34,3.05,1.18,1.84,2.81,1.18,0.0,0.0,0.0,0.0,2.68,0.41,0.55,0
QdPrDvufrZo,5.0,5.0,1.44,5.0,2.16,5.0,1.3,1.61,2.32,1.41,0.87,2.14,0.34,2.35,3.98,1.99,1.38,0
QfKlvulQ2dA,1.18,0.0,0.16,0.0,2.17,2.95,0.44,2.36,3.6,2.04,0.36,0.0,0.48,0.22,2.03,1.26,0.2,0
QjPv5cyiY_E,0.7,0.67,1.67,1.48,1.56,3.29,0.89,0.82,0.93,0.0,1.18,0.57,0.51,0.0,1.68,1.36,1.07,0
QkDA1pbcgoY,0.9,0.85,0.73,1.12,0.87,3.0,0.63,1.13,1.61,1.33,1.24,1.79,1.07,0.92,2.27,0.09,0.45,0
QkTCmFm22zE,1.15,0.13,0.0,0.43,1.41,1.75,1.23,0.55,1.37,0.5,2.23,2.41,1.41,1.33,0.0,1.01,1.36,0
Qm43p-fOYXQ,1.05,0.0,0.0,1.44,2.52,2.16,1.01,2.9,2.0,3.33,1.52,0.46,2.15,0.0,1.64,0.4,0.58,0
Qn3QZdRroVE,2.12,0.37,0.8,1.21,1.07,3.61,0.47,1.05,2.35,0.45,0.77,0.21,0.21,0.0,2.05,1.3,0.0,0
QnFaYc9NaME,2.23,0.0,1.37,0.0,0.5,0.86,0.1,1.87,0.0,0.0,0.84,1.15,0.0,0.0,0.31,0.0,0.48,1
QoOj_NZJ1ic,2.01,2.0,1.15,1.66,2.03,1.81,1.16,0.0,0.93,1.91,3.14,3.13,0.0,5.0,4.61,0.0,0.59,0
Qof2qPGGVFI,0.95,0.55,1.59,0.23,1.74,1.43,0.96,0.89,1.69,0.0,2.2,1.45,0.39,1.26,2.03,2.02,2.24,0
Qt1rMha-9sA,0.03,0.0,0.0,0.0,1.95,1.47,1.12,2.89,2.49,2.81,0.89,1.74,0.14,0.31,2.28,1.46,0.72,0
QtOd5TyUa04,0.0,0.0,0.0,0.0,0.19,1.37,0.0,0.0,1.26,0.06,0.0,0.37,0.0,0.0,0.43,0.0,0.32,1
QwEDNJWdozE,1.97,2.54,0.0,1.91,0.0,0.68,0.31,0.34,1.34,1.07,0.73,0.48,0.05,0.0,1.45,1.28,0.0,1
QzajrwRMr0Y,2.34,3.32,0.92,3.1,0.01,1.11,0.0,0.53,0.12,0.16,0.31,0.2,0.21,0.0,2.06,2.52,1.08,1
R1s7r_6RCrQ,0.39,0.05,0.86,1.31,1.3,3.21,0.65,0.79,1.56,1.61,2.02,0.99,0.08,0.73,1.52,1.94,2.08,0
R6lFdNueJKI,0.06,0.0,0.0,1.01,1.03,2.87,0.71,1.88,1.96,0.66,0.76,2.24,0.6,0.16,2.32,0.52,0.27,0
R75vtXPM_f8,1.04,0.37,1.65,0.99,1.3,2.03,1.3,1.73,0.98,0.69,1.19,1.15,0.0,1.17,0.0,0.0,0.17,1
R92VbLZ4DkI,0.9,0.12,0.32,2.11,0.88,0.33,0.0,0.72,0.51,0.16,0.87,0.91,0.38,0.06,0.84,0.0,0.87,1
RAKUaSAA0pE,0.08,0.0,0.27,1.99,0.01,0.54,0.0,1.61,0.0,1.0,0.97,0.0,1.47,0.0,0.89,0.0,0.1,1
RATU56d2Owo,1.97,1.25,1.52,0.92,1.92,1.74,0.92,0.71,2.36,2.28,0.79,0.37,1.67,0.2,2.76,5.0,0.59,0
RBQern5gpqI,0.61,0.52,0.0,3.21,0.0,0.0,0.0,0.0,0.5,0.0,0.0,0.0,0.0,1.36,1.63,1.61,0.0,1
RCgjNwke9oc,1.78,1.67,2.29,1.07,0.94,0.95,1.16,0.0,0.3,1.19,4.47,0.39,1.81,1.09,0.91,0.0,0.4,1
RCsRIVCaz_M,0.46,0.0,0.05,0.0,1.17,1.75,0.0,2.11,2.43,0.26,0.0,0.0,0.06,0.0,2.08,0.43,0.3,1
RDREmiYYJiY,0.1,0.0,0.0,0.0,1.34,2.54,0.54,0.41,2.41,0.97,0.17,0.0,0.06,0.0,1.34,1.46,0.62,1
REFHwsf2z8U,2.01,2.56,0.39,2.23,0.18,0.0,0.0,1.91,1.27,0.33,0.14,1.82,1.71,0.64,1.85,1.58,1.14,1
RFEj1bA24kE,0.0,0.0,1.11,0.42,1.56,2.72,1.16,1.72,1.67,0.8,0.9,0.0,0.0,0.0,1.97,0.24,0.29,0
RFG2iQU8zP0,3.05,1.55,0.58,0.82,1.02,0.52,1.03,1.04,1.65,0.7,2.85,0.0,0.48,1.69,1.6,5.0,0.0,0
RG6GorR4BNA,1.25,0.83,1.53,0.12,1.46,2.29,0.64,1.1,0.84,0.0,1.61,0.28,1.12,0.0,1.78,1.18,0.5,1
RGD9UP0qKdc,2.77,0.8,1.09,1.09,1.03,2.3,1.15,1.87,0.0,2.15,5.0,2.9,1.77,5.0,0.84,5.0,1.84,0
RKnf6RL_9LE,1.67,0.18,1.26,1.54,2.22,5.0,2.05,2.11,2.37,1.18,0.0,1.48,2.69,0.3,2.16,1.05,1.36,0
RPpR6eDmC88,0.4,0.0,0.49,0.0,1.94,1.03,0.0,2.62,2.01,1.62,1.11,0.48,0.0,0.31,2.92,1.02,0.0,0
RUtEnXAwbpo,1.68,0.0,1.41,0.3,0.98,1.29,0.77,2.74,0.0,2.36,1.4,0.95,0.0,0.0,0.21,0.0,1.87,1
RVE7CJ5bwcw,1.19,0.26,2.49,0.65,1.34,3.11,2.07,1.7,1.06,1.21,2.34,2.88,0.3,1.35,0.41,3.44,0.51,0
RVnVYl-vxfQ,2.56,2.06,0.0,1.98,0.72,0.87,0.0,0.0,1.93,1.47,1.07,1.79,0.0,0.44,1.06,0.66,0.0,1
RW1doSgeI34,0.71,0.15,0.53,1.82,1.12,0.25,0.78,1.43,0.57,0.0,0.53,1.38,0.21,0.09,2.1,3.34,0.0,1
RXo1P47Lrf8,0.35,0.36,1.11,0.05,0.44,0.78,0.56,0.52,1.17,0.47,0.19,0.74,0.0,0.38,0.79,0.0,1.65,1
RXrKUTh81oU,0.95,0.33,0.0,2.42,1.99,0.85,1.04,1.54,2.44,2.75,2.08,1.69,0.0,1.17,2.0,0.84,0.85,0
RYd-EkXeZ0c,1.91,0.1,2.54,1.38,0.81,0.5,0.9,1.51,0.0,0.9,0.98,0.56,2.17,0.0,2.55,0.56,0.0,1
RarcK7NBz_s,0.2,0.0,0.0,0.0,2.2,2.07,0.0,2.23,3.81,3.31,0.12,0.31,0.0,0.46,1.86,0.0,1.73,0
Rd2DidDZukk,1.41,1.14,0.67,3.35,2.04,2.97,0.53,4.71,2.21,0.37,3.33,1.22,4.04,0.04,4.41,1.11,1.35,0
RfuEvFx45yE,2.06,0.48,2.04,0.73,2.8,2.92,0.99,2.18,1.98,2.09,0.86,1.05,1.5,0.0,2.55,2.31,1.21,0
Rfz6mTnHWA4,3.66,2.64,2.21,1.39,0.97,2.13,1.1,1.01,1.58,2.56,1.01,0.16,2.07,0.0,0.41,0.0,1.95,0
Rg9g0AB7I7Y,1.76,0.66,1.08,0.91,1.29,1.29,0.0,1.94,1.95,0.84,0.5,1.24,2.3,0.0,1.47,0.6,0.0,0
RgDVSX9-0E8,1.26,1.09,1.3,0.6,0.5,2.22,0.54,1.16,1.51,0.99,1.14,1.79,0.42,0.09,0.92,0.86,2.27,0
Rmgwjy1paHM,1.3,0.11,0.66,0.63,0.58,0.56,2.6,1.69,0.0,1.58,1.23,0.42,0.07,0.0,0.0,0.43,0.76,1
Rn41p4R6_ng,0.97,1.47,0.0,0.55,0.0,0.0,0.0,0.0,0.25,1.66,1.04,0.52,0.26,0.09,1.41,0.37,0.0,1
RnwhIxzL8p8,1.8,0.29,0.0,0.43,1.27,1.11,0.89,2.02,1.66,1.24,0.65,0.18,1.63,0.93,0.91,0.69,0.15,0
RoLBag1rh6A,1.89,2.24,0.0,3.07,0.0,0.0,0.0,0.38,0.7,0.0,0.0,0.29,0.0,1.0,2.21,2.07,0.13,1
Rp5fXhcEYhw,0.27,0.0,1.06,1.14,1.48,0.84,0.76,1.49,1.47,0.6,0.88,0.23,1.17,0.0,0.94,0.0,2.4,1
Rp8Xz9S8hOg,2.37,0.76,1.26,1.37,0.0,0.0,0.05,0.44,0.38,3.06,0.73,0.0,0.0,0.96,0.2,0.81,0.27,1
RrufQHshQEY,2.48,2.82,0.72,2.57,0.48,2.94,1.77,3.04,0.93,2.94,2.24,1.86,0.69,2.47,1.36,1.92,0.94,0
RtdwoPnCkvE,1.0,0.0,0.0,0.03,0.0,2.96,0.41,0.15,0.0,0.27,0.46,0.0,0.0,0.22,0.0,0.46,0.0,1
Rz-79kB5W6U,3.27,2.71,0.89,2.45,0.67,2.42,0.51,0.24,0.53,0.89,0.67,1.22,0.57,0.27,1.19,0.84,0.29,1
Rzt5PIo9jDk,2.12,0.64,1.21,3.25,0.68,0.41,1.52,1.73,0.54,1.15,1.13,1.1,0.0,0.0,1.9,0.88,1.22,1
S0V6aemmdaY,0.0,0.0,0.0,1.23,0.32,0.15,0.59,2.91,0.0,0.0,0.2,0.77,0.81,0.0,0.0,0.0,0.0,1
S30lHmk3-vU,0.0,0.0,1.23,0.04,1.8,1.44,1.04,1.8,2.17,2.29,0.04,0.39,1.09,0.37,0.96,0.66,1.98,0
S5R8KKFlDnk,0.34,0.0,0.0,0.0,0.45,0.18,0.27,0.24,0.43,3.07,1.29,0.0,0.68,0.0,0.47,0.21,0.0,1
S5eDo-dHntQ,1.66,0.31,1.19,2.72,3.23,3.11,2.5,2.85,2.28,2.26,1.9,1.89,1.16,0.71,1.88,2.3,0.46,0
S6c2wgnqZW8,2.39,1.51,1.03,3.02,1.61,1.52,0.67,1.79,1.92,1.2,5.0,1.74,1.4,1.75,1.32,2.1,0.0,0
S7h1GJ6Zuvk,1.32,2.46,0.0,1.35,1.96,1.42,0.65,2.24,3.86,3.27,0.47,0.0,0.0,0.62,3.22,0.35,1.48,0
S7mhPkbk_rQ,1.17,0.21,0.89,0.0,0.0,0.84,0.53,0.88,0.85,0.93,0.6,0.36,0.29,0.58,0.08,0.0,0.06,1
S9N7iePN7EA,2.06,0.0,0.93,0.76,0.39,0.0,0.22,0.88,0.68,2.66,0.33,0.82,0.0,0.28,0.64,1.97,0.32,1
S9q3e8AL_-0,1.96,0.24,1.57,2.12,0.0,0.03,0.0,1.26,0.0,0.05,0.62,1.13,0.0,0.78,0.01,0.29,0.86,1
SA78g3hgw_A,1.8,1.33,0.56,1.05,0.0,1.19,0.0,0.0,0.0,0.12,1.19,0.64,1.24,0.42,0.0,0.0,0.6,1
SBt2G8PDpGM,0.38,0.0,1.83,1.31,0.08,1.45,0.7,1.86,0.25,0.73,0.36,0.1,0.8,0.0,1.33,0.0,1.4,1
SBucSj3QSTI,2.21,0.78,0.55,1.89,2.64,3.22,1.91,1.78,2.31,1.24,3.3,2.22,2.18,2.69,2.06,0.6,0.49,0
SEDnYrH_f9Y,0.59,0.0,0.76,2.34,0.41,1.66,0.43,2.62,0.01,1.27,0.36,0.13,1.34,0.0,0.78,1.96,1.19,1
SEHcakm-fAc,0.22,1.07,0.76,0.67,1.02,0.49,0.22,0.0,0.55,0.75,0.09,0.0,0.74,0.0,0.31,0.29,0.39,1
SFUUMWz3BRY,0.43,0.0,1.73,0.36,0.0,0.9,0.19,0.69,0.0,0.0,0.62,0.36,1.06,0.0,0.0,0.0,0.11,1
SFvO4qGbhUw,0.68,0.37,0.04,0.0,1.55,0.0,0.0,1.71,1.4,0.38,1.03,0.0,0.1,0.0,1.44,0.12,1.02,1
SGIx491dpJw,0.94,0.0,1.05,1.11,0.18,0.0,0.0,0.47,0.04,0.02,1.41,2.07,0.27,0.0,0.0,0.0,0.16,1
SNg3YgvLvsE,1.18,2.16,0.85,1.88,1.77,1.9,1.3,2.72,2.69,0.76,2.21,2.4,2.05,1.32,2.25,2.66,1.27,0
SSA0JCtT27c,0.93,0.89,0.0,0.89,0.97,1.12,0.04,2.02,1.35,0.0,0.46,0.22,0.48,0.0,1.63,3.13,0.32,1
STg0TVZXS7g,0.65,0.08,0.0,0.0,1.03,1.62,0.62,1.3,1.51,0.84,0.3,0.0,0.0,0.0,0.57,0.45,0.33,1
SU0ySG8UNsE,1.98,0.08,2.69,2.24,1.27,1.57,1.55,1.72,1.34,1.11,4.14,2.15,2.82,2.18,0.66,4.57,0.42,0
SW2Hg2NVBWM,1.69,0.28,0.91,0.06,0.77,2.46,1.74,0.52,1.36,0.0,5.0,1.46,0.0,5.0,1.88,4.35,0.59,0
SXb7FGWEFec,1.0,0.63,1.08,0.28,0.98,2.14,0.41,1.2,1.38,1.88,0.0,0.0,0.56,0.31,0.96,1.64,0.0,1
SY1mYecxi1A,1.11,0.13,0.0,1.65,1.13,1.73,0.65,1.52,2.32,0.82,0.51,1.6,0.46,0.97,2.06,0.13,0.23,0
S_2-OSXzwKw,1.34,0.07,2.46,0.64,0.93,0.86,0.79,0.78,1.38,0.65,1.0,2.08,1.04,0.68,2.07,2.96,1.33,0
SavMTI1KLGk,0.0,0.0,0.0,1.39,0.77,0.16,0.0,0.56,1.64,0.6,0.0,0.0,0.0,0.21,0.01,1.01,0.3,1
SbBPGAkNR28,2.16,2.76,0.0,1.3,0.04,0.92,0.0,0.26,1.58,0.0,0.0,0.0,0.0,0.0,2.55,1.49,0.0,1
SgW8Eh71ibk,2.56,1.99,1.72,1.08,0.0,0.3,0.03,0.0,0.06,0.35,0.17,0.33,0.0,0.09,0.5,0.21,1.44,1
SgqiutNqx-M,0.9,0.22,1.57,0.81,0.23,1.24,0.42,1.4,0.81,2.63,1.14,0.11,1.71,0.43,2.28,0.98,0.65,0
SgrfCgr4cyU,0.33,0.27,0.0,2.16,0.0,0.0,0.05,0.28,0.0,0.21,0.33,1.15,0.0,0.43,0.37,1.49,0.0,1
Shee7Y7V4b0,1.47,0.0,1.51,1.21,2.24,3.87,1.17,2.14,2.52,1.89,0.0,0.15,0.0,0.58,2.33,1.17,0.66,0
SiiYQYaNG_k,1.01,0.78,0.0,0.03,0.0,0.52,0.0,0.0,0.0,0.0,0.22,0.0,0.0,0.0,0.0,0.0,0.02,1
SlcVb1lfnI4,1.57,0.83,0.56,1.5,3.0,3.08,1.51,3.09,3.49,2.25,0.49,0.68,0.0,0.45,3.78,0.54,1.61,0
Sm7yrbNWz28,1.44,1.66,0.0,1.65,1.96,0.72,0.04,2.45,2.26,2.26,0.69,0.0,0.25,0.31,3.25,0.55,0.53,0
Sm8zLkZCNZs,0.0,0.0,0.62,1.87,0.5,1.37,1.3,0.16,0.55,0.09,0.61,0.41,0.81,0.37,0.0,0.15,0.0,1
SmsG86qqVg0,1.35,1.32,0.09,1.84,0.56,0.77,0.0,0.68,1.19,1.62,0.48,0.78,0.76,0.27,1.14,1.65,0.11,1
SnWa6bjanOk,0.88,0.46,1.2,2.05,0.02,1.28,1.39,0.91,0.51,1.7,1.75,1.05,0.5,1.08,0.46,1.37,0.28,1
SpK-gm555Cw,0.38,0.08,0.02,1.33,2.76,1.05,0.01,1.92,2.39,1.28,0.32,0.75,1.26,0.0,2.94,0.18,0.48,0
SqVa0vkJ8Rw,0.55,0.0,0.27,0.25,1.12,1.58,0.96,3.89,2.93,1.16,0.0,1.27,0.0,0.35,1.79,1.06,0.52,0
SrZAMIgeDZ8,1.51,0.16,2.13,1.09,1.01,0.66,0.15,1.16,2.23,1.5,1.02,0.21,0.0,0.0,2.51,0.0,0.72,1
StMVuPsOx94,2.43,3.52,1.56,0.49,0.51,1.54,0.0,0.95,2.1,1.72,0.39,0.0,0.45,0.52,1.76,0.69,0.54,1
StmYDJkxCyM,0.43,0.44,1.08,0.95,0.5,0.75,0.49,0.59,0.86,0.24,0.0,0.0,0.0,0.32,0.73,0.49,0.0,1
Sw2CCWma7D4,2.44,0.0,0.8,0.73,1.48,0.92,0.23,1.19,1.53,2.0,0.25,0.76,0.0,1.04,1.46,0.93,0.24,1
SxBfMviGMw0,0.0,0.0,0.36,0.0,0.0,0.58,0.39,0.0,0.0,0.0,0.21,0.0,0.0,0.0,0.0,0.0,0.04,1
SxaJXThoQfI,1.37,0.83,0.42,1.99,1.71,1.76,1.15,2.27,1.42,1.54,1.14,1.42,0.0,0.28,1.79,2.66,0.0,0
T04sQN64TYQ,1.86,0.98,1.65,2.44,0.45,2.85,1.42,1.12,0.0,0.0,2.38,2.02,0.9,0.0,0.72,1.14,0.03,1
T0vIpA-ieRg,1.48,0.47,0.57,0.38,2.37,2.33,0.97,2.61,1.99,1.85,0.46,0.0,0.63,0.27,3.67,0.46,0.49,0
T4mg9UTnJIE,0.6,0.91,0.02,3.17,0.42,0.02,0.33,0.82,1.2,0.89,1.29,2.32,2.02,0.6,1.68,1.49,0.22,1
T5Ov65Y_G08,0.05,0.0,1.56,0.0,0.0,0.0,0.0,0.0,0.16,0.0,1.13,0.09,0.0,0.0,0.91,0.0,0.81,1
T6OpdSJYRqE,2.64,1.12,1.02,2.54,1.47,0.0,0.78,1.88,2.19,2.38,1.23,0.86,0.0,0.12,3.19,0.59,2.84,0
T6U5FAspH6U,5.0,5.0,1.55,5.0,1.79,5.0,0.0,3.73,2.19,4.04,3.71,0.47,0.0,3.03,3.59,2.88,0.06,0
T7RbuYIJ4zc,3.34,2.93,1.1,3.21,1.3,2.31,0.17,0.95,0.96,1.48,0.99,0.67,1.29,0.57,1.92,0.03,0.26,0
T8CZB7QQ-wU,0.25,0.0,0.0,1.42,0.68,2.1,0.47,0.33,1.16,0.22,0.07,0.0,0.65,0.0,1.01,0.64,0.11,1
TBnBWF5qhSk,1.7,0.35,1.55,2.52,1.39,3.21,0.0,1.72,1.86,2.05,1.59,0.38,2.43,0.95,1.61,0.88,0.83,0
TCeM1ifmBH4,2.19,0.0,1.11,0.54,1.07,1.17,0.48,1.86,0.26,0.39,1.66,0.27,1.5,0.0,2.66,0.0,0.0,1
TFKoWak1W8c,1.96,1.99,1.59,4.53,1.01,1.24,2.69,2.33,1.38,2.63,4.58,5.0,1.75,0.13,3.27,2.4,0.21,0
TFwLNJXr3Qw,1.64,0.84,1.83,2.17,0.0,0.0,0.39,1.02,0.0,0.0,0.23,0.0,0.35,0.0,0.31,0.0,1.58,1
TJcSqv_8Aw0,0.0,0.0,0.34,0.0,2.8,2.7,1.47,0.33,0.89,0.0,0.61,0.0,0.45,0.26,2.62,0.0,1.06,0
TPmCMiY6qWs,0.4,0.0,0.0,0.56,1.58,3.14,1.27,1.86,1.8,2.85,0.98,0.2,0.16,1.06,1.85,2.01,0.22,0
TR8FFsVsvT8,2.22,0.88,1.35,1.55,1.4,1.23,0.46,2.82,1.78,2.37,1.44,1.02,2.71,0.96,0.12,0.61,1.34,0
TRU2d2TM0MU,3.57,4.63,1.27,0.71,0.0,0.0,0.0,0.0,0.84,1.67,0.0,0.0,0.0,0.31,0.37,0.0,3.18,1
TRlJ6mDhRgY,1.32,0.0,0.52,0.0,0.95,1.12,0.0,1.32,1.56,1.06,0.0,0.0,0.0,0.0,2.56,1.34,0.67,1
TUpXtj39D6s,1.9,1.6,0.57,0.6,2.01,3.8,1.93,1.67,1.53,0.93,3.75,1.93,0.33,2.07,3.36,0.9,1.6,0
TX084JSd-1I,0.37,0.0,1.25,1.98,1.71,1.89,1.01,2.88,2.63,2.26,2.43,1.25,1.21,1.3,2.96,0.49,0.95,0
TX_gQjHCzqQ,0.92,0.0,1.58,1.22,0.35,0.63,0.6,1.37,0.95,1.1,1.08,1.06,0.75,0.0,2.06,1.57,3.59,0
T_H8F2Q7G-M,1.17,0.0,1.07,0.21,0.45,0.75,0.33,2.31,1.77,1.81,1.18,2.25,0.0,1.8,1.66,0.0,0.59,0
T_jNu2qUSMs,1.78,2.78,0.0,4.26,0.33,0.4,0.15,0.07,1.1,0.41,0.88,0.32,0.65,0.0,1.77,1.01,0.0,1
TaLJWqZex2M,1.9,0.19,0.0,1.52,0.64,2.08,1.59,1.04,1.28,1.06,1.34,2.61,0.0,0.2,2.6,3.74,0.0,0
TaT7wKkw5qs,0.0,0.0,0.41,1.53,0.0,2.07,0.0,1.23,0.0,0.0,1.55,2.6,1.43,1.48,0.0,0.43,0.0,1
TaedpHFzjt0,1.4,0.19,1.7,1.48,1.71,0.99,0.34,1.24,1.73,1.16,2.31,2.36,1.15,2.68,3.64,2.31,1.05,0
Te1FNOb7o7s,2.39,3.1,2.51,4.08,0.14,0.76,0.18,1.46,0.23,2.5,0.7,2.43,0.74,0.0,3.25,2.94,0.32,0
TeMYei9-L3I,1.06,0.0,0.0,0.01,2.52,3.29,1.08,1.98,2.7,0.68,0.0,0.0,0.0,0.0,2.61,0.84,0.68,0
TeWekX9VORg,0.0,0.0,2.14,2.12,0.46,0.0,0.72,0.74,0.0,0.23,0.19,0.0,0.11,0.0,1.3,0.81,0.0,1
TeeOsth2t-Q,0.07,0.0,0.0,0.0,0.45,2.42,0.14,0.79,0.9,0.29,0.39,1.58,0.5,0.56,0.03,0.85,0.35,1
TfaadsvOoTk,1.54,0.26,1.82,1.59,1.76,1.49,2.92,2.04,1.0,1.61,2.24,2.61,0.49,0.99,0.94,2.68,1.2,0
Tiqm49VqjkI,1.23,1.09,1.23,1.67,1.45,3.19,1.36,0.77,1.16,0.89,2.07,2.62,1.04,1.11,3.51,1.87,1.83,0
TiyxdTPnL9o,2.29,0.87,0.54,0.0,2.21,1.43,0.08,2.66,2.9,1.49,0.11,0.0,0.0,0.0,3.21,1.12,0.26,0
TjbV-owwzzk,0.4,0.0,0.0,0.0,1.84,1.76,1.24,1.91,1.49,2.88,0.64,0.0,2.84,0.43,0.34,0.03,0.77,0
TkrK1mY3IUA,0.69,1.46,0.77,0.24,3.56,3.88,1.23,1.33,2.0,0.72,0.52,1.09,1.3,0.8,3.84,1.46,1.12,0
ToA3YTdKSaA,1.4,0.0,0.36,0.0,0.67,0.48,0.0,0.39,1.21,1.84,0.85,1.11,2.21,0.82,0.0,0.05,0.59,1
TqFKKHQfdCc,1.39,1.12,0.66,0.0,0.0,0.0,0.54,0.61,0.0,1.93,0.81,0.0,0.0,0.0,0.0,0.99,1.52,1
TrleH-yF9Fs,1.71,3.73,1.02,4.45,0.75,0.89,0.0,0.21,2.59,3.01,0.57,0.84,0.23,2.16,2.09,1.87,0.06,0
Ttq5Y1qJOXQ,0.0,0.0,1.08,0.88,0.97,2.99,1.3,1.86,0.73,2.31,0.57,0.04,0.89,0.0,1.3,0.91,0.63,0
TtsZlftn3GE,0.49,0.0,0.36,0.0,0.73,0.31,0.26,0.77,1.26,0.51,0.25,0.0,0.17,0.0,1.88,0.77,1.19,1
TuLGJKti1RE,0.0,0.83,1.08,1.91,2.24,0.13,1.43,2.24,3.22,1.18,0.72,0.44,1.26,0.5,2.82,0.88,0.21,0
TujLaBe2jYI,1.99,0.45,1.47,0.28,1.31,2.82,1.37,2.06,1.79,1.08,0.53,1.49,0.52,0.0,2.32,1.04,0.19,0
TwBPMtCMMrs,0.24,0.0,0.48,0.21,1.76,3.49,1.1,1.61,1.93,1.62,0.05,0.85,1.7,0.04,1.38,1.1,0.53,0
Tx2XKq0vL4U,0.0,0.0,0.0,0.0,1.94,1.76,1.23,2.56,1.79,0.81,0.28,0.0,1.35,0.0,0.86,0.0,1.25,0
TxH11V_I7jk,1.59,0.26,1.23,3.6,1.71,1.48,1.7,1.86,2.31,2.49,0.96,0.28,1.61,0.72,2.75,0.68,0.0,0
U-uCVMHivVY,0.0,0.0,0.7,0.0,2.65,1.57,0.49,2.67,2.64,1.82,0.0,0.0,0.0,0.04,2.78,1.06,0.79,0
U3ghKOjSiaY,0.69,0.51,0.0,0.78,1.71,3.01,0.8,1.46,1.33,0.17,0.0,0.0,1.83,0.95,3.35,0.0,1.06,0
U5ncjwIO0bQ,2.61,3.65,0.88,2.93,1.38,1.65,0.34,1.69,2.49,0.41,0.05,0.0,0.0,0.0,3.94,0.92,0.0,0
U63sfKEMjlc,1.74,1.73,0.26,1.9,3.11,0.89,0.0,0.26,4.18,2.9,0.4,1.42,1.88,1.01,0.94,2.4,0.05,0
U6OZm0gtHVU,2.33,0.88,0.29,1.79,0.0,0.0,0.0,0.0,1.5,1.47,0.19,0.0,0.0,1.22,0.0,0.0,0.79,1
U8M3gShQxc0,1.22,1.11,0.89,0.0,0.0,0.0,0.0,0.63,0.76,0.0,0.0,0.65,0.0,0.13,0.0,0.0,2.04,1
UADrEZACfUU,1.99,2.33,1.48,3.31,1.38,2.29,0.48,0.8,1.26,2.42,1.1,0.82,0.98,0.05,2.82,2.32,0.14,0
UBMTzd3gpnc,0.16,0.0,0.27,0.0,0.25,0.4,1.01,0.0,0.16,0.42,0.83,0.0,0.0,0.0,0.0,0.62,0.76,1
UCAxDSsYTV8,1.24,0.43,1.54,1.36,2.26,2.52,0.22,1.6,2.94,0.43,0.96,0.0,1.31,0.0,2.9,0.84,0.26,0
UDHIw4v-BEg,1.93,0.0,0.43,0.0,1.61,2.82,1.27,2.14,1.8,2.36,0.56,0.69,0.11,0.05,2.06,0.29,1.25,0
UHttHqrNXJ8,2.11,0.39,1.42,1.57,0.0,1.46,0.31,0.02,0.0,0.1,1.23,0.9,1.08,0.0,0.18,0.25,1.11,1
UKQE1-9Rtps,2.25,1.34,0.65,1.49,0.7,0.24,0.45,1.38,1.42,2.43,1.14,0.75,1.66,0.0,0.94,0.96,0.67,1
UKcRYiALpvs,1.71,2.73,0.0,3.31,0.0,1.17,0.0,0.0,1.27,1.47,0.0,0.0,0.39,1.23,0.79,3.25,0.0,1
ULwXOAFO3uM,1.27,0.52,0.49,0.3,1.39,2.72,0.23,1.31,2.47,1.7,0.79,0.0,1.02,0.8,3.03,1.03,0.42,0
UMX1U34ISaU,2.37,3.31,0.88,0.59,0.05,1.8,0.0,0.0,0.0,0.0,0.7,0.0,0.0,0.0,1.47,1.07,2.03,1
UNWsaemvS6E,0.69,0.68,1.42,1.61,0.56,3.02,0.48,0.39,0.68,0.6,1.75,1.86,0.0,0.31,0.35,0.5,2.83,1
UP_SRh66Q0I,1.43,0.41,1.91,1.46,0.49,1.64,0.0,0.0,0.01,0.0,0.6,1.65,0.66,0.45,0.35,3.0,0.0,1
URA7DLRNmpA,1.88,1.05,1.96,2.28,2.93,4.34,0.97,2.27,2.98,2.18,1.84,0.06,0.12,1.26,2.68,1.24,0.6,0
USgI9idn0kU,0.87,0.0,2.63,1.24,1.66,3.14,1.46,1.2,2.45,0.75,0.86,0.21,0.94,0.36,2.99,0.89,0.0,0
UUiUauaWKQI,2.45,1.36,0.23,1.4,0.4,0.22,0.41,0.0,0.63,0.0,0.14,0.0,0.18,0.0,0.37,0.46,0.0,1
UVGScOmFxSM,1.38,1.83,2.87,0.0,0.38,1.16,0.88,1.05,0.91,2.64,0.0,0.04,0.28,0.16,4.27,1.93,1.24,0
UVHzPPNuYeg,1.55,0.29,2.07,2.13,0.0,0.11,0.37,0.12,0.33,0.0,0.6,0.21,0.0,0.0,0.15,0.86,0.46,1
UX_V-jl1h2c,0.27,0.0,0.0,1.64,0.0,0.0,0.0,0.9,0.06,2.86,1.79,0.0,0.0,0.38,1.22,0.7,0.19,1
UYSoVZtS_Ns,1.09,1.46,2.38,1.1,1.45,0.64,0.5,1.18,2.9,2.2,0.0,0.44,0.45,0.0,3.31,2.06,0.73,0
UYpa6g08XTE,0.19,1.59,0.3,2.8,0.05,1.87,0.88,0.31,0.28,0.0,0.94,0.95,0.17,0.51,0.82,1.65,1.16,1
UZ-fQDr0O8I,1.06,0.17,1.17,0.99,1.28,1.29,0.8,1.64,1.77,1.51,0.93,0.0,1.04,0.97,1.5,1.35,0.12,0
UZkxfvmT41s,2.33,2.13,0.7,1.07,1.01,0.0,0.0,1.45,0.38,0.62,0.29,2.36,1.9,1.02,0.45,1.41,0.21,1
UaeIPx7tB0s,0.47,0.02,0.0,0.19,1.23,2.33,0.25,0.81,1.83,1.0,0.75,0.75,1.56,0.4,1.09,0.15,0.0,1
UcNJdOkzMbk,1.95,1.01,0.0,1.18,0.29,1.98,0.82,0.63,1.03,0.9,0.11,0.08,0.66,0.0,1.62,1.72,0.99,1
UcgojreNpGY,0.4,0.27,0.51,1.81,0.0,0.0,0.0,0.0,0.0,0.03,0.07,0.71,0.0,0.0,0.0,0.73,0.0,1
UdG0M1SMRtI,3.45,4.17,0.42,1.92,0.19,0.29,0.0,0.81,1.72,1.55,0.27,0.56,1.5,0.06,2.79,1.83,0.88,1
Ue_N-fBG9g8,2.42,0.32,0.0,0.77,2.66,2.3,1.4,1.6,1.59,2.33,2.24,2.55,1.55,0.95,1.81,1.92,0.57,0
UeqAoyaBx64,0.0,0.0,1.54,0.0,0.49,2.31,0.29,1.03,0.0,0.17,0.72,0.53,0.49,0.66,0.0,0.78,0.38,1
Uhck2wAnabo,0.0,0.09,0.0,0.0,1.4,0.0,0.64,0.92,2.44,2.42,0.0,0.0,1.14,0.44,0.36,0.0,0.0,1
UhzUbWETeGY,2.0,0.09,1.82,1.25,1.95,1.11,0.0,3.06,2.28,1.68,1.12,0.0,0.0,0.0,2.76,1.94,0.38,0
UiZns0bGEPA,2.76,0.71,0.78,1.99,2.95,1.94,2.48,4.46,1.71,2.16,1.08,1.64,2.24,0.66,3.65,1.09,0.74,0
UjcEMdzQjyA,0.39,1.56,0.0,1.01,0.74,0.5,0.21,0.45,2.08,0.85,0.73,1.3,0.24,0.04,2.51,1.48,1.13,1
Uke_7qrqEEs,2.67,0.18,2.26,1.32,2.81,2.6,0.91,2.09,3.37,1.29,0.0,0.0,0.49,0.53,2.46,1.2,0.28,0
Ul_FOcyeFA0,0.4,0.79,1.09,1.84,0.22,1.79,0.52,1.47,0.2,0.71,0.43,0.0,0.0,0.01,1.12,2.45,0.0,1
UnbNT1sYtzc,0.37,0.03,0.0,0.07,2.53,2.86,0.39,3.37,3.96,2.54,0.0,0.0,0.0,0.45,2.82,0.0,1.48,0
Unrf5IT1Rt8,0.82,0.0,0.0,0.0,0.0,0.89,0.51,0.3,0.0,0.0,0.07,0.7,0.0,0.25,0.0,0.57,0.65,1
Uq5FRudopJU,1.06,2.53,0.93,1.51,1.28,2.3,0.47,0.84,1.37,2.67,0.55,0.86,0.0,0.57,2.09,1.0,0.59,0
UrXeU489jX4,1.94,2.78,0.2,3.72,1.97,1.83,0.75,3.67,3.33,1.98,0.07,0.13,0.63,0.51,2.72,2.4,1.03,0
Us0WZHowcOw,0.89,0.16,1.34,0.0,0.83,2.23,0.48,1.11,1.17,1.63,0.03,0.85,0.0,0.01,0.32,0.56,0.0,1
UtL2Py7_TaY,2.44,2.38,0.61,2.56,1.42,1.74,3.27,1.58,1.97,0.95,5.0,1.31,1.21,3.16,3.46,0.73,0.32,0
UtPSGNu07dU,0.69,0.41,0.77,2.04,1.62,3.05,0.83,1.15,1.39,1.36,1.19,0.31,0.49,0.87,1.37,1.53,0.82,0
UthFkV6N9Gc,2.22,0.0,0.22,1.23,1.25,0.88,0.55,0.16,0.73,1.59,0.27,0.0,1.62,0.08,0.77,0.65,0.98,1
Uu1hPwQfzOs,0.63,0.0,0.05,0.0,1.69,1.86,0.69,1.8,2.15,0.0,0.05,0.0,0.29,0.13,2.34,1.19,2.22,0
UuZX-o7Z43c,0.84,0.79,0.97,0.52,3.16,3.19,0.98,2.56,3.08,2.35,0.55,1.21,1.97,0.65,2.95,0.65,1.26,0
UyWE6y0ItUY,0.0,0.0,0.0,0.63,0.0,0.56,0.0,0.53,0.23,0.24,0.8,1.12,0.0,0.0,0.0,2.1,0.0,1
Uyh3jxmgrRE,0.95,0.0,0.0,1.38,1.39,1.97,1.02,0.44,0.0,0.0,1.99,0.23,2.93,1.32,0.13,0.0,0.0,1
V1csi2tIthc,1.7,1.8,0.65,1.37,2.12,2.23,1.31,1.53,2.88,0.91,2.22,2.53,0.49,1.05,0.39,1.67,0.37,0
V1jN2xXYcN0,1.27,1.21,0.53,2.13,0.78,2.62,1.13,0.12,1.52,1.08,0.0,0.0,0.73,0.37,1.22,0.6,1.73,1
V2V6r1xMe28,1.79,2.1,1.43,2.09,0.0,0.76,0.04,0.0,1.07,0.58,0.91,0.22,1.6,0.0,0.74,1.18,0.64,1
V3K1fBAlNg8,1.74,0.0,0.35,2.12,1.66,3.91,0.17,1.17,1.44,1.38,3.24,0.9,2.25,0.47,1.05,3.82,0.45,0
V46rZLjl8iw,0.94,1.28,1.41,0.0,1.75,1.44,1.77,2.89,2.72,2.46,0.0,0.12,0.67,0.0,3.1,0.5,2.51,0
V4krGxLWD8Y,0.62,0.0,0.02,1.82,2.27,1.93,0.78,2.77,3.53,2.28,0.47,0.0,0.09,0.41,3.06,0.93,1.59,0
V7LUjofUagk,1.57,0.74,0.49,1.78,1.5,0.0,0.52,1.67,1.93,0.87,1.06,0.0,0.33,0.13,2.71,0.87,0.63,1
V9LgfkmAhBI,0.61,0.65,1.66,0.01,0.0,0.08,0.4,0.0,0.0,1.85,1.3,1.35,1.49,0.0,3.11,2.49,0.69,1
V9VTB0TLMr8,0.49,0.0,0.48,1.08,0.0,0.0,0.0,0.45,0.0,0.0,0.03,0.44,0.0,0.28,0.0,0.0,1.36,1
V9zh9s7ybSI,1.09,2.27,1.26,2.74,1.6,2.06,0.81,1.31,1.7,2.59,1.51,0.63,1.06,0.72,1.54,1.88,1.36,0
VAf4Zzn-cBU,0.85,1.68,0.0,0.79,0.0,0.0,0.0,0.0,0.0,0.0,0.87,0.63,0.0,0.0,0.81,0.65,0.0,1
VAyMJ3XYdR8,0.24,0.0,1.22,2.41,2.63,0.79,1.01,2.54,2.41,2.53,2.18,1.04,0.66,0.0,2.43,0.0,0.97,0
VBOqEM5q54A,1.06,0.14,1.75,1.88,0.51,1.77,0.94,1.35,1.23,0.0,1.15,0.2,0.71,0.0,2.79,1.44,2.18,0
VIc9ZEfCp1s,0.13,0.78,0.0,0.0,0.0,0.0,0.0,0.38,0.01,0.0,0.0,0.26,0.01,0.27,0.67,0.95,0.28,1
VJu7qJRYqAc,1.46,1.33,0.0,1.54,0.26,1.82,0.27,0.19,0.69,0.82,0.89,0.0,0.36,0.0,1.36,0.97,0.4,1
VKuOAN7Mwsw,1.94,0.9,1.4,0.0,0.17,0.97,0.16,0.0,0.22,0.0,0.2,0.0,0.12,0.0,2.57,2.39,0.16,1
VN-iZGcyKNU,0.58,0.0,1.23,0.22,0.53,1.06,0.9,2.46,1.68,1.43,0.0,0.25,0.0,0.0,0.72,1.06,0.47,1
VOLWAiL29iM,2.0,1.01,1.16,2.99,0.0,0.39,0.0,0.0,0.81,0.98,0.0,0.6,0.89,0.88,0.2,0.54,0.0,1
VPjGYtCeG-Q,1.97,2.57,2.37,1.22,1.41,2.52,1.91,2.46,1.09,1.82,2.36,2.97,1.93,1.14,2.39,2.22,0.69,0
VPrX23ORDaQ,1.86,0.0,1.54,0.93,0.18,2.52,0.0,0.37,0.0,1.18,0.25,1.67,0.0,0.34,1.23,2.15,0.46,1
VSZFJAwCOSM,1.36,1.23,2.21,1.77,0.57,2.27,0.48,0.84,0.86,2.46,0.67,0.09,0.0,0.5,1.14,5.0,0.39,0
VWcnjguKMeY,2.32,0.36,1.23,2.95,0.0,0.0,0.28,1.74,0.67,1.96,0.91,3.41,0.0,0.45,0.38,0.04,0.0,1
VXjrCIcGZmw,0.66,0.0,0.0,1.02,1.97,1.92,0.69,2.02,2.95,1.25,0.8,0.34,0.49,0.24,1.77,0.62,0.0,0
V_jBRswt1f8,2.21,2.76,0.44,2.91,0.75,0.63,0.6,2.19,1.74,1.39,1.18,1.1,0.0,0.0,0.72,0.91,0.0,1
Vak8kuYmxig,2.02,0.62,1.41,0.65,0.0,1.49,0.02,0.91,0.36,0.36,0.4,1.05,1.03,0.0,0.5,0.98,0.94,1
Vd6iksiczVA,2.16,1.04,0.0,2.91,0.23,0.0,0.0,0.6,0.54,0.0,0.21,0.0,0.0,0.98,3.91,0.86,0.0,1
VdDOYk0nW3o,2.01,1.05,0.77,2.79,1.08,0.7,0.63,1.28,0.99,0.0,2.49,2.12,1.26,0.33,1.37,2.28,1.43,1
VdHyQ_3MY4Q,1.3,0.31,0.0,0.09,2.01,0.18,0.0,1.77,0.96,0.44,1.45,1.85,2.3,0.39,0.09,0.0,1.13,1
VdnOkhtY6_Q,0.52,0.0,0.17,0.78,1.45,2.9,0.31,0.75,1.41,0.97,0.69,0.57,0.89,0.05,0.84,0.25,0.33,1
Vg3uJqBrs6w,0.7,2.23,1.47,1.44,2.14,1.94,1.16,2.17,2.21,1.53,0.08,0.08,0.0,0.03,3.39,1.23,0.6,0
VhMw3FMJZt0,3.12,2.84,0.65,1.27,0.83,2.19,0.0,0.02,1.59,0.31,1.61,0.91,1.31,0.0,0.5,0.0,0.67,1
VhNezZtj_Fg,2.31,3.43,1.7,1.22,1.76,3.98,1.65,2.02,1.38,2.99,1.79,1.11,1.77,0.0,2.85,1.23,0.06,0
Vjq_9nJsuCk,2.0,1.33,1.15,1.43,1.47,1.62,1.0,1.46,2.0,2.11,0.59,0.94,0.67,1.95,1.03,0.08,0.38,0
Vjz_KPjnf4w,0.92,0.06,0.0,0.88,1.66,2.73,2.23,1.49,1.55,1.17,2.26,2.79,0.6,1.81,3.62,4.95,2.4,0
Vl_O7h4apVc,2.55,2.52,0.59,1.0,1.7,3.31,0.75,2.87,2.33,2.75,1.21,0.0,1.89,0.0,1.78,0.05,0.0,0
Vo1MZ8qqzQo,1.78,0.42,1.41,1.05,0.25,0.29,0.18,0.71,0.81,0.79,1.0,2.11,0.0,0.28,0.66,1.39,0.6,1
VoKr9eF1WxI,1.31,1.61,2.09,0.0,0.72,1.19,0.88,2.45,1.72,1.1,1.24,0.67,0.0,0.0,1.53,0.74,1.95,0
VqrMzXJcNoM,3.94,5.0,0.94,5.0,0.29,4.47,0.01,1.24,0.94,0.64,2.62,2.56,0.66,1.12,2.0,1.45,1.33,0
Vre8NTDyDgk,0.0,0.0,0.0,0.0,1.36,1.04,1.05,1.9,0.67,0.28,0.04,0.0,0.0,0.0,2.3,0.0,0.0,1
VsuZi21cq3o,0.94,0.0,0.79,0.0,1.68,2.95,0.67,1.36,1.77,1.06,0.0,0.0,0.28,0.47,2.69,0.29,0.81,0
VtYWavLoZyI,1.52,0.24,1.92,0.98,0.56,0.0,0.0,1.73,1.23,0.0,5.0,4.18,2.24,0.0,1.18,0.93,1.61,0
VuHg5GW3vVA,0.92,0.95,2.66,3.49,0.28,0.0,0.06,0.0,0.54,1.61,0.6,0.61,1.19,0.0,1.37,0.0,0.84,1
VuzN1TBsJz8,0.8,0.0,1.92,0.27,2.98,1.97,1.59,1.85,3.0,2.15,1.64,0.8,1.05,0.0,1.95,0.68,2.47,0
VztEUpWFVqA,1.74,1.28,2.8,0.0,0.04,0.51,0.25,0.31,0.96,0.99,0.28,0.0,0.28,0.0,2.33,1.66,3.93,1
W1b9ALf4ZFU,2.96,0.4,1.95,0.59,1.95,3.75,2.26,2.18,1.83,3.68,0.74,0.77,1.49,0.7,1.04,0.08,0.46,0
W67gfJeeOeE,1.51,1.77,0.57,4.48,0.86,0.77,0.12,0.26,0.72,0.0,1.22,0.29,1.58,0.11,1.96,0.11,0.39,1
W6KsUlgANow,1.34,0.33,0.49,1.98,1.92,2.37,0.96,2.01,1.67,1.51,0.46,0.92,1.44,0.77,1.21,1.94,0.7,0
W6ZlExI1Yrw,1.25,0.13,2.92,0.0,0.65,2.83,1.37,1.52,1.04,0.14,0.0,0.0,0.15,0.0,4.0,0.0,0.51,0
W9wD47GyDjk,0.66,2.38,0.0,2.85,1.64,2.37,0.79,0.85,1.71,0.64,1.04,0.94,1.74,0.18,1.73,1.32,0.39,0
WAMFBc1UK0Y,1.87,0.89,0.14,1.27,0.15,0.47,0.18,1.5,1.0,2.13,0.53,0.29,0.7,0.0,1.42,1.24,0.09,1
WA_zMhjGUPc,0.79,0.09,0.58,1.03,1.38,4.05,1.43,1.5,1.64,2.02,1.9,1.7,2.11,1.48,0.7,3.1,0.95,0
WBh3PqOMqwk,1.19,0.5,1.24,0.32,2.7,1.61,0.79,2.63,3.09,2.09,0.0,0.63,0.1,0.23,2.57,0.4,0.64,0
WCMZwBu9y7M,0.36,0.0,0.37,0.0,1.07,0.47,1.05,0.52,0.91,0.42,0.37,0.4,0.86,0.47,0.34,0.33,1.99,1
WD23NWQqk4o,3.32,2.57,0.52,2.65,0.37,0.0,0.26,0.3,1.13,0.0,0.55,0.45,0.0,0.0,0.56,0.0,0.0,1
WE5NYL6Vxc0,1.27,0.33,0.69,0.0,1.36,1.65,0.96,2.29,1.68,1.64,1.43,0.02,1.04,0.61,3.33,0.54,0.0,0
WFDr--cisA0,0.0,0.0,0.02,0.0,1.95,1.43,0.22,1.26,2.58,1.61,0.24,0.0,0.62,0.0,0.41,0.72,0.0,1
WGIGMmv4agU,0.0,0.0,1.23,0.36,0.0,0.0,0.45,0.56,0.62,0.05,0.0,0.0,0.0,0.0,0.0,0.64,0.0,1
WJEGLVoSwAk,3.32,2.35,0.85,1.94,0.8,1.35,0.07,1.25,1.32,2.29,0.28,0.35,1.73,0.0,0.93,0.57,0.33,1
WLKeuty3tvU,1.07,1.66,0.0,1.3,1.63,0.0,0.14,2.02,2.84,2.48,0.25,1.84,0.0,0.26,2.17,2.03,0.66,0
WRhCPVU3rOE,0.87,0.07,0.5,0.0,0.0,0.0,0.0,0.0,0.0,0.09,0.48,0.0,1.73,0.0,0.38,2.03,0.35,1
WSd_ndZ4-D4,1.88,2.13,1.85,0.6,1.46,1.71,1.45,1.42,0.99,0.59,2.43,2.56,1.41,0.91,3.07,2.44,0.91,0
WUT7aBdmKBk,1.24,0.46,0.0,0.0,1.18,2.71,2.18,1.85,1.74,0.46,0.22,0.55,0.08,0.0,2.23,0.0,0.0,0
WVpXADmDQRk,1.73,0.0,0.0,1.19,1.66,3.53,0.0,4.42,0.38,0.62,2.08,3.52,0.0,5.0,0.0,0.0,0.0,0
WWisysg9zek,0.7,0.44,0.68,2.13,0.0,0.0,0.44,1.27,0.33,0.06,0.0,0.32,0.0,0.0,1.11,2.48,0.12,1
WXG40-JQXTM,1.42,0.09,2.01,0.36,0.63,0.99,0.0,0.0,0.05,0.71,0.21,0.77,1.19,0.34,0.2,1.64,0.8,1
W_RKH8DOuWM,1.13,1.01,0.96,3.46,2.2,2.54,1.19,2.31,2.35,1.38,0.91,1.55,1.15,0.0,2.37,2.19,0.0,0
W_rcgZVTKao,1.73,1.74,0.53,3.13,2.14,0.41,0.0,2.13,3.21,2.62,0.15,0.87,0.0,0.0,3.69,0.0,1.45,0
Wa1Pau9YTtA,1.12,0.09,0.0,0.33,1.77,3.33,0.51,1.91,2.16,1.84,0.0,0.0,0.25,0.0,1.78,0.59,0.0,0
WaeA8BOBGjw,0.33,0.83,1.8,0.0,1.29,1.62,2.1,2.69,0.75,1.26,0.86,0.94,0.21,0.0,0.3,2.24,0.78,0
WcB-n46QVy8,1.0,0.0,2.47,2.48,1.31,1.67,0.0,1.72,0.57,0.8,0.32,0.0,0.76,0.0,2.08,2.81,0.0,1
WeRckF-RPZk,3.33,3.48,2.18,1.62,0.0,0.46,0.38,1.48,0.82,0.0,1.12,0.0,0.3,0.0,1.59,1.21,0.46,1
WemRXmR0sYM,2.37,1.47,2.3,2.58,1.14,0.0,0.39,2.7,2.11,2.72,1.85,1.3,0.44,0.0,3.35,0.78,0.36,0
WhwHEV7FFXI,0.91,0.0,0.6,0.0,1.98,2.26,0.53,0.75,2.56,1.77,1.79,0.0,0.71,0.0,2.49,1.97,1.28,0
WlMMfVd9h4E,0.34,0.0,1.01,1.52,1.72,3.16,0.89,1.68,2.16,1.02,0.92,0.3,0.0,0.18,2.74,1.14,0.34,0
WlPM99K-Os0,1.13,0.0,1.0,0.18,0.83,0.0,0.0,1.32,1.7,0.25,0.2,0.7,0.0,1.22,0.21,0.0,0.0,1
Wn9k4zVCTLk,2.26,2.06,2.07,1.09,0.16,1.17,0.4,1.48,1.19,1.85,0.85,1.57,0.5,0.47,0.62,1.15,0.58,1
WnIUPlRMIiQ,1.62,3.22,0.16,1.94,0.22,0.0,0.28,0.35,0.37,0.26,0.68,0.84,0.0,0.0,2.15,1.55,0.93,1
Wo9KxrLmlgo,1.57,0.37,0.81,0.65,1.6,0.84,0.15,1.07,1.88,1.66,1.12,0.74,1.05,0.47,0.87,0.0,0.68,1
WqNI_tnwK1I,0.16,0.94,0.59,1.26,0.0,0.34,0.69,0.0,0.0,0.72,0.06,1.19,0.3,0.24,0.0,0.84,0.0,1
WqTpNzwIb50,1.19,0.3,0.0,0.4,2.42,3.16,0.06,2.25,2.13,1.34,0.16,1.44,2.17,0.96,2.74,0.01,0.53,0
Wrk8D5YIhp0,1.72,2.19,0.54,2.7,1.37,2.05,1.25,0.84,1.01,0.45,2.29,2.29,0.62,0.77,2.86,1.93,0.47,0
WsJUrcwPuL0,0.34,0.0,1.17,0.25,0.31,0.84,0.28,1.66,0.32,0.82,0.6,0.32,1.08,0.64,1.28,1.88,1.19,1
Wt-5MWGCnJs,5.0,5.0,0.0,5.0,0.78,5.0,0.41,1.7,1.46,1.24,2.1,0.56,1.89,3.42,3.17,2.86,0.77,0
Wtv3kgAAw5Q,1.48,1.21,0.0,0.0,0.0,1.09,0.13,0.0,0.28,0.0,0.29,0.87,0.23,0.15,0.12,0.55,0.86,1
WuXmn_x2h_c,0.17,0.0,0.0,0.0,2.37,3.03,0.0,2.1,2.82,1.74,0.08,0.83,0.22,0.0,1.84,0.0,0.49,0
WvVhevrB8kg,2.19,0.32,0.49,1.86,0.28,2.16,0.35,0.0,0.13,1.49,0.0,2.35,0.02,0.54,0.0,1.65,0.0,1
WxOPhFhyx-U,1.87,1.53,1.82,2.7,1.33,3.27,0.54,1.27,1.52,2.5,1.11,1.62,1.93,1.12,1.5,2.55,0.98,0
WzZQH65Okrs,1.64,0.53,1.17,0.54,2.63,4.04,1.37,2.38,1.32,2.21,1.35,1.28,1.39,0.99,3.52,2.68,1.15,0
X0eRtHMS5tI,2.15,2.34,1.62,0.0,0.0,0.0,0.0,0.97,0.01,1.68,0.64,1.19,0.34,0.0,0.82,0.0,2.3,1
X1hN8ND37Q0,1.9,2.03,0.02,1.77,2.46,1.69,1.3,1.58,3.16,2.52,2.05,2.14,1.08,0.82,2.77,1.74,1.42,0
X2QL0Re8oiE,0.76,0.0,2.11,0.27,0.89,1.44,1.02,0.82,0.48,1.27,0.65,0.99,0.57,0.67,0.0,0.31,0.0,1
X3w2ezboqPg,0.56,1.1,0.68,0.16,1.93,0.85,1.22,2.75,3.24,2.51,0.0,0.0,0.0,0.0,2.81,0.0,1.6,0
X4HpxvL2dno,1.31,0.0,1.21,0.0,1.23,1.01,0.0,0.83,0.98,1.22,0.74,0.0,0.48,0.41,1.2,1.4,0.43,1
X4SzOUpyCfs,2.34,2.1,0.22,0.0,1.98,1.68,0.02,1.57,2.9,2.69,0.8,1.43,0.6,0.0,0.83,0.76,1.36,0
X5ksGwjLlnM,1.83,0.26,1.26,1.97,1.78,2.38,0.52,2.82,1.83,2.04,0.0,0.61,1.61,0.43,3.01,1.34,0.3,0
X5lKl8tTH9w,1.85,0.58,0.97,1.4,1.18,2.32,0.0,2.33,2.27,1.08,0.0,0.0,0.64,1.11,1.98,0.49,0.24,0
X8n3RZ9pjYo,1.23,0.47,0.7,0.9,0.99,1.17,0.74,1.3,2.0,1.12,1.33,0.71,1.45,0.41,1.75,0.01,0.0,1
X9uOURLpJXk,2.79,1.32,0.08,1.94,1.46,1.54,0.57,2.57,1.71,1.25,1.01,0.38,0.71,0.0,1.61,0.63,0.0,0
XAQDVyP3Roc,1.42,0.18,0.67,0.74,3.24,3.04,1.34,3.14,3.71,3.57,0.21,0.31,0.08,0.37,5.0,1.14,2.64,0
XCL_Ji0SNgc,0.25,0.0,0.0,0.0,2.43,2.42,2.93,3.47,0.36,0.0,0.76,1.68,0.0,0.95,1.67,0.21,0.38,0
XCTITuBwsu8,0.61,1.7,0.05,0.0,2.33,1.26,0.93,3.63,4.05,1.06,0.31,0.0,1.91,0.0,2.07,1.48,1.3,0
XCmCgDZL76s,1.45,2.47,0.0,0.12,0.85,0.0,0.0,1.04,2.23,0.79,0.0,0.0,0.19,0.0,2.45,1.61,0.87,1
XGfORvu1FgU,0.23,1.45,0.06,2.5,0.0,0.0,0.0,0.0,0.58,0.0,0.43,0.0,0.0,0.0,1.23,0.33,0.0,1
XH_Eou0mg5M,0.32,0.0,0.88,1.59,0.7,2.34,1.06,0.0,0.0,0.0,0.0,0.0,0.62,0.06,0.0,0.0,0.0,1
XJ7CE0s2d90,1.08,0.93,1.58,1.16,3.18,2.67,1.7,3.14,3.82,2.29,0.11,0.66,0.75,0.05,3.2,0.32,0.21,0
XJJMcCVgxrI,1.73,0.4,1.05,0.58,0.97,0.17,0.0,1.92,1.92,0.0,0.1,0.0,0.47,0.0,1.96,0.74,1.0,1
XKOs_p60BHs,2.64,0.77,0.86,2.06,0.0,0.0,0.0,1.21,0.52,1.17,0.03,0.0,0.52,0.14,2.47,2.87,0.0,1
XQN16mLRZD8,0.99,1.55,0.9,2.32,0.57,1.06,0.27,1.92,1.71,1.19,0.28,0.56,1.0,0.12,2.49,1.9,0.08,1
XQvzrAOXJx8,0.0,0.0,1.45,0.0,0.78,0.05,2.28,0.43,1.21,1.15,1.38,0.87,0.0,0.0,2.65,0.74,1.89,1
XSimxatHMsY,1.58,0.99,0.45,4.1,0.88,1.09,0.0,1.37,1.41,0.61,0.0,0.0,0.75,0.3,2.76,2.18,0.22,1
XWHmwj_2BuY,1.76,1.31,0.0,2.29,0.7,0.67,0.0,0.01,0.98,0.91,0.1,0.95,0.84,0.99,1.24,0.82,0.0,1
XWq19I-NsF8,2.41,1.17,0.0,1.9,0.71,1.88,0.04,0.97,1.56,0.56,0.0,0.0,0.27,0.1,2.27,0.81,0.0,1
XX8bltC9TvQ,0.89,0.57,1.15,1.12,1.91,1.5,0.19,1.56,2.57,1.83,0.49,0.39,0.76,0.2,1.65,0.19,0.67,0
XXFKdSGnkZk,2.17,0.0,2.82,0.0,0.48,3.71,0.57,3.17,0.0,0.32,0.0,0.09,2.45,0.0,0.02,0.0,0.17,1
X_iHjyaDflk,0.46,0.0,0.84,1.97,0.0,0.0,0.04,0.65,0.26,0.28,1.11,0.96,0.0,0.0,0.0,0.0,0.22,1
XfGxev767Ho,0.0,0.0,1.11,0.0,1.4,2.3,0.46,1.17,1.57,0.91,0.08,0.0,0.79,0.17,1.66,1.05,0.79,1
XftmB-v3-Ag,2.16,0.54,2.06,2.82,0.74,1.64,0.99,1.5,0.99,0.87,1.41,1.34,0.05,0.76,1.12,1.84,0.0,1
Xfx7OFoGS6Q,0.45,0.0,0.0,0.04,1.48,1.09,0.89,1.96,2.04,1.45,0.94,1.12,0.0,0.0,3.11,1.3,0.48,0
Xfy-C-W8GjI,1.84,2.28,1.64,1.29,1.22,0.78,0.15,0.76,1.6,1.93,0.34,1.3,0.07,0.08,2.11,2.29,0.08,1
XiQyrt2wRi4,0.4,1.37,0.0,0.3,0.2,0.03,0.28,0.0,0.6,0.0,0.27,0.0,0.0,0.48,1.23,1.62,0.0,1
XjEM2otWtCE,0.85,0.0,0.76,0.36,2.26,2.0,0.59,2.16,1.47,3.05,0.0,0.81,0.75,0.0,1.58,0.72,1.97,0
XjJbLXBPf84,1.95,0.32,0.36,1.92,1.63,0.42,0.49,2.81,2.81,2.49,0.21,0.22,0.39,0.0,2.81,0.31,0.0,0
XjOPLNwbiCY,2.47,2.71,0.0,3.84,1.49,1.66,0.01,0.22,2.44,0.0,0.89,0.12,0.75,0.0,2.79,1.83,0.63,1
XjTaYfKD5AA,0.24,0.42,1.18,0.0,1.71,1.07,2.8,2.74,3.12,1.69,0.0,0.61,1.11,0.0,2.77,0.0,1.74,0
XjkFXPO8xM4,1.11,0.89,1.2,0.75,2.42,3.81,1.94,3.95,2.59,1.51,0.0,0.0,0.44,0.26,3.58,1.53,1.67,0
XjrQwt3vjdk,1.44,0.68,1.22,0.0,1.37,0.33,1.67,2.59,1.58,1.05,0.83,0.0,0.63,0.0,1.42,1.26,0.71,0
XkJTV_BftVQ,2.16,1.19,0.64,1.55,0.51,1.97,3.44,0.95,1.37,1.45,3.91,2.42,1.25,5.0,2.32,0.02,0.79,0
XkRnOG7zbmE,2.04,0.22,2.42,2.83,2.72,3.08,1.69,3.43,1.21,1.19,0.8,0.08,1.14,0.0,2.54,0.63,0.75,0
XmG7njZNnS4,1.77,0.0,0.4,0.79,0.0,0.0,0.0,0.9,0.51,0.0,0.0,0.0,0.0,0.0,0.0,0.75,0.58,1
XndcHIJfRiI,0.8,0.0,0.0,2.01,3.02,2.26,1.73,2.81,3.18,1.47,4.21,0.0,0.0,2.89,3.6,0.0,0.53,0
XoPd9nI5e84,1.12,0.0,0.87,2.11,0.0,1.31,0.0,1.02,0.09,0.14,0.73,0.0,0.0,0.46,0.0,0.91,0.0,1
XpWElF2qrHE,0.0,0.0,1.77,0.0,1.43,0.0,1.27,1.79,1.31,0.0,0.0,0.0,0.0,0.05,2.15,0.0,1.66,1
XvOrMZISbP0,0.84,1.16,1.28,2.48,2.34,1.41,0.84,3.14,2.03,1.58,0.22,1.13,0.62,0.41,3.45,0.34,0.98,0
Xvrlv_SBckQ,4.14,2.04,1.52,1.81,0.0,0.0,0.0,0.4,0.0,0.0,1.24,0.0,2.05,0.0,2.29,0.0,0.0,1
XyW_ZrqwfIk,0.45,0.32,0.0,0.58,0.0,0.0,0.0,0.0,0.0,0.03,0.8,0.05,0.85,0.0,0.0,0.23,0.0,1
Y2d57t47WFg,1.81,0.71,0.0,2.32,1.39,2.21,0.0,0.6,2.87,1.59,0.34,0.0,1.0,0.49,2.21,0.17,0.86,0
Y45TCqxga34,1.55,0.0,1.06,2.65,0.34,1.34,0.0,0.71,0.38,0.0,1.24,0.92,1.47,0.0,0.94,1.43,0.0,1
Y5YMvDrYEIo,0.0,0.0,0.0,0.07,2.31,0.0,0.0,2.17,2.63,2.01,0.0,0.59,0.0,0.17,2.24,0.38,2.05,0
Y5uTYgNQPac,1.22,0.85,0.14,1.55,2.56,2.63,0.82,2.34,1.62,2.72,0.4,0.0,0.12,0.0,0.55,0.95,1.51,0
Y6apvh7lXBg,3.45,3.84,0.0,3.51,0.32,0.49,0.0,0.0,0.48,0.0,1.66,0.0,0.0,0.0,2.4,1.7,0.38,1
Y7G36yJ_Gxc,1.76,0.56,1.07,2.64,0.0,0.0,0.07,1.15,0.71,0.0,0.87,0.0,0.94,0.47,0.26,0.1,0.89,1
Y80nUYFZCoE,1.28,0.0,3.0,0.18,1.74,2.65,1.98,1.95,1.39,0.16,1.44,1.63,1.06,0.72,1.43,0.75,1.05,0
Y9EeZYXev2I,1.65,0.37,0.0,0.0,1.48,0.66,0.0,2.01,2.25,1.83,0.03,0.0,0.0,0.0,1.8,0.85,0.0,1
YCaalK7NeC4,0.92,1.01,0.45,1.32,1.78,1.59,0.55,1.84,1.97,0.87,1.79,0.52,0.97,0.23,1.04,0.0,0.75,0
YD0Sg84L4Xw,5.0,5.0,0.0,5.0,2.91,5.0,0.0,0.68,1.04,0.25,1.68,0.0,0.39,1.03,0.39,0.48,0.0,0
YFHe9QxfSV8,1.22,1.06,1.11,0.48,1.53,1.63,2.39,0.71,0.97,0.78,2.87,5.0,5.0,0.97,1.31,5.0,0.46,0
YG7p-spx4ok,0.47,0.02,1.5,0.49,1.08,1.84,0.63,1.18,0.84,0.04,1.06,1.72,0.86,0.09,1.04,1.14,1.75,1
YGg08OGcRUc,1.98,1.59,0.27,0.3,1.24,1.57,0.08,1.34,1.07,0.92,0.71,0.0,0.0,0.0,2.13,1.35,1.13,1
YGrLeNtmYqg,2.27,3.29,0.99,2.31,1.63,1.11,0.4,1.81,2.76,0.85,0.46,0.22,0.18,0.43,2.05,1.64,2.8,0
YGvUztXGtis,1.78,0.65,2.07,2.18,0.63,0.99,0.52,0.47,1.41,0.47,0.0,0.0,0.44,0.0,1.5,0.26,0.87,1
YIgx0ZXFovs,1.46,0.64,0.0,0.75,2.12,3.37,0.45,1.6,2.36,1.92,0.0,0.0,0.35,0.43,2.13,0.91,0.14,0
YIvp6oI5rc8,2.85,0.79,1.17,2.43,1.0,2.67,0.0,0.45,0.22,0.0,0.68,0.0,0.32,0.0,1.71,0.0,0.0,1
YJ3gR4V8qck,0.86,0.43,1.49,1.77,1.22,1.65,1.13,1.96,0.37,0.0,0.61,0.78,0.0,0.0,0.07,1.05,0.38,1
YJoGaT8BBQM,1.93,2.01,0.18,1.9,0.88,1.12,0.0,2.53,1.31,0.54,0.07,0.0,0.0,0.23,1.62,0.19,0.0,1
YK5lnanp3SU,0.36,0.43,1.09,1.64,1.11,0.77,1.05,0.44,0.73,0.43,0.77,3.31,0.46,1.04,2.26,3.25,0.69,1
YKKSLVcdxhE,1.57,2.35,1.17,1.9,1.66,2.73,1.05,2.02,2.79,3.38,2.06,0.0,1.18,0.86,3.26,0.45,1.04,0
YMMaPzMN0Uk,1.69,0.62,1.65,1.27,1.32,0.86,0.0,1.3,2.12,1.97,1.95,0.15,0.37,0.61,2.42,1.3,1.3,0
YSwpuGIcbMs,0.64,0.0,0.0,0.0,0.69,0.0,1.32,0.73,1.48,0.33,0.05,0.0,0.0,0.0,1.32,0.0,0.63,1
YWzVVexJxkY,2.16,0.22,2.77,1.19,0.98,1.02,0.59,1.62,0.0,0.08,1.02,0.0,0.05,0.0,2.56,1.46,0.0,1
YXbfgc41mhY,1.53,0.0,1.28,0.8,1.05,1.68,1.8,3.19,1.47,1.3,1.74,0.0,0.28,0.38,2.81,1.74,0.62,0
Yd-i3_zIn-A,1.86,0.94,0.8,1.28,2.69,3.38,1.71,4.07,3.07,0.91,1.23,2.14,0.49,0.83,2.91,1.06,0.27,0
Ygp_1WjGneU,0.43,0.06,1.58,2.43,0.33,1.63,0.07,0.55,1.01,1.07,0.0,0.0,0.03,0.17,0.13,1.02,0.17,1
YlLzEVcyako,0.86,0.41,0.73,0.56,3.36,2.92,1.59,3.97,1.98,1.7,0.0,0.0,0.0,0.71,2.89,1.34,0.26,0
YliHyU4vqfw,1.19,0.98,0.48,1.58,1.66,1.64,2.32,2.14,1.93,0.89,2.43,2.21,0.62,0.95,1.66,1.26,0.4,0
YmemLL-_G24,0.0,0.0,0.0,0.68,1.23,0.27,0.39,1.57,2.13,1.24,1.31,0.3,0.35,0.35,0.0,0.23,0.0,1
Yn1qT8VHuAc,0.79,1.18,0.26,1.82,0.84,1.55,1.36,0.31,1.07,0.79,0.05,0.0,0.0,0.49,2.23,1.06,0.55,1
YndbAJDipdg,0.0,0.0,2.02,0.0,3.47,4.97,2.46,2.78,2.5,1.94,0.55,0.14,0.0,0.04,4.94,0.78,0.41,0
YsyFvM4KgIk,1.23,0.0,0.01,1.79,2.73,2.5,1.26,2.09,2.1,1.46,0.07,0.0,1.97,0.91,1.7,0.88,1.16,0
Yt2t590RDlg,3.07,0.09,0.48,0.0,1.36,1.59,0.75,2.11,2.5,0.72,0.0,0.0,0.92,0.74,0.96,0.42,0.76,0
YwLkZXeGCDI,1.4,1.17,1.72,1.88,0.9,1.6,1.0,1.22,0.84,2.62,4.1,1.03,1.51,1.42,0.83,2.61,0.52,0
Yzs5XvtSBe0,2.06,3.14,0.0,0.43,0.0,0.0,0.0,1.73,0.0,0.0,0.33,0.0,0.79,0.0,1.32,0.2,0.99,1
Z3-WGR0S9Xw,1.72,0.27,1.72,2.8,1.14,3.17,0.99,1.32,0.67,1.3,4.25,2.9,0.9,0.72,0.39,2.13,0.35,0
Z3laA-VUXyY,0.02,0.0,1.3,0.0,1.83,0.21,1.73,2.56,2.52,2.63,0.3,0.8,0.14,0.19,2.78,1.98,0.45,0
Z4qeD5g59BE,0.49,0.0,0.7,0.25,0.0,0.88,0.33,0.07,0.0,0.0,1.29,0.0,0.37,0.0,0.99,0.0,0.0,1
Z57Yi5IC__g,2.67,0.02,1.63,0.64,2.77,2.68,1.18,3.77,3.84,2.84,0.26,1.74,0.0,0.0,3.25,1.15,1.06,0
Z5chRBbwkM8,0.98,0.02,0.0,0.22,1.28,3.25,1.56,1.95,1.36,0.96,0.34,0.0,0.14,0.0,1.44,1.81,0.06,0
Z5uC4dN6qS4,1.6,0.0,1.48,0.15,3.48,4.43,1.45,1.96,2.25,1.63,0.59,0.8,0.3,0.72,2.87,2.25,2.1,0
Z71SGgxxcas,3.63,4.23,0.61,3.59,0.32,1.54,0.0,0.0,0.42,0.0,0.9,0.89,0.0,0.0,2.0,0.07,0.0,1
Z8tRM0TaiaY,1.42,1.13,1.67,0.96,0.57,1.57,0.29,1.94,0.0,0.42,1.97,0.58,0.36,3.81,0.19,1.88,0.46,1
Z9hd4KX1G3Y,0.89,0.0,2.54,1.12,1.62,2.09,0.36,3.16,1.73,3.23,0.85,0.65,0.82,0.0,1.4,1.15,0.3,0
ZBtVDKxaaCo,1.07,1.38,0.0,0.68,1.01,0.69,0.0,1.35,2.21,1.45,0.35,0.0,0.0,0.0,2.03,0.44,0.59,1
ZEKmjwdQjBc,2.4,4.31,0.0,2.35,0.0,0.02,0.49,0.88,0.53,1.03,0.92,0.59,0.0,1.06,2.94,2.84,1.05,1
ZFTiAT3Bqo0,0.0,0.0,0.0,0.0,3.02,3.49,2.31,2.94,2.11,2.61,0.0,0.0,1.17,0.11,2.63,0.85,0.65,0
ZGW3TZfKdB0,1.11,1.04,0.93,1.46,1.04,0.0,0.0,0.3,1.4,1.47,0.63,1.63,0.48,0.55,0.09,0.0,0.0,1
ZHh-JKu2mOM,1.52,1.54,0.0,2.72,0.64,0.1,0.6,0.99,1.71,0.74,0.0,0.72,0.43,0.0,1.79,0.6,0.0,1
ZJ2KwH46URI,3.04,0.9,0.0,2.66,0.19,0.0,0.0,0.4,2.07,2.16,0.0,0.0,0.0,0.82,1.49,0.0,0.36,1
ZJCBnHZ0YJI,1.11,2.45,0.0,1.26,1.7,1.55,0.0,2.32,3.42,1.29,0.0,0.0,0.0,0.0,3.15,0.82,0.0,0
ZKbuufnITN0,1.58,1.13,0.37,1.4,1.0,2.42,0.71,1.46,1.21,1.22,0.15,0.37,1.06,0.0,1.0,2.28,0.66,0
ZMZkexcpGZY,0.53,0.0,0.06,0.0,2.19,1.34,0.9,1.48,3.08,1.69,0.77,1.25,0.44,0.0,2.29,0.0,0.78,0
ZNvMlpYInxc,0.29,0.0,0.0,0.87,0.0,0.0,0.0,0.38,0.0,0.17,0.27,1.31,0.0,0.0,0.0,0.93,0.0,1
ZPnloVwAzn0,1.99,2.0,0.32,2.12,1.71,1.06,1.6,0.93,1.59,1.02,0.96,0.4,0.53,0.0,1.22,1.53,0.32,0
ZU8foqh8W7Y,1.38,0.8,2.54,2.67,1.26,0.97,0.29,0.99,0.22,1.9,1.42,1.64,1.57,0.42,0.79,3.61,0.32,1
ZVEE0PmxHGM,1.7,0.52,0.58,2.44,1.22,2.58,1.55,2.16,1.53,1.92,1.23,0.85,0.52,0.33,2.27,3.02,1.05,0
ZVlfhJVvjd8,1.68,1.0,1.56,0.0,1.24,2.01,0.16,0.68,1.63,1.21,0.0,1.6,0.1,0.09,1.81,0.79,0.35,1
ZY-me6ZLWbo,1.48,2.18,0.61,1.76,0.27,0.73,0.09,1.28,0.0,0.0,1.02,1.28,1.43,0.0,1.17,0.0,0.0,1
ZYmUCuYMf-M,2.3,1.9,1.34,2.05,2.31,3.77,1.02,1.03,2.01,2.05,0.83,1.55,0.68,1.57,3.3,1.55,0.51,0
ZYu6XsHlENM,2.28,0.0,0.63,3.3,0.6,2.28,0.02,1.7,1.29,1.41,1.6,0.79,1.16,0.96,1.24,0.0,1.14,0
ZaPWF7LIwA4,1.57,0.0,1.28,0.93,0.37,2.19,2.35,1.3,0.41,0.99,2.24,4.25,1.42,0.22,0.3,0.8,0.13,0
ZazEtpjFri8,2.32,3.17,1.51,1.9,1.65,3.42,2.28,1.31,0.83,0.0,2.38,2.51,3.13,0.0,1.72,1.58,0.84,0
Zbuz1HSivMw,1.54,1.24,2.72,1.81,1.2,1.42,0.75,2.32,2.04,1.09,1.0,1.84,1.72,0.2,1.26,0.95,1.01,0
Zd4JZn8GkVY,0.75,0.4,0.0,1.79,1.14,0.88,0.0,0.86,2.37,0.99,0.0,0.0,0.62,0.0,2.62,0.44,0.0,1
ZdE0tgrqXuI,0.48,0.03,0.64,2.38,1.33,1.37,0.95,0.0,0.0,0.27,0.08,0.06,0.39,0.0,1.89,2.28,0.0,1
Zezi1GvzXZ4,0.32,0.0,0.41,0.55,1.59,2.15,1.31,1.28,1.74,0.84,0.94,0.0,1.25,0.0,1.48,0.7,0.63,0
ZgIDMbjFqOg,1.03,0.68,0.0,0.55,0.33,0.69,0.0,1.21,1.62,0.1,1.01,0.23,0.0,0.0,1.2,0.56,0.0,1
Zgo1nyQXWvw,3.78,4.23,2.32,0.72,0.0,0.77,0.0,1.31,0.19,0.83,2.8,1.93,0.0,0.0,1.11,5.0,1.43,1
Zh633jqXCTc,1.45,1.56,0.18,2.46,1.39,0.3,0.0,2.09,1.63,1.52,1.01,1.21,0.0,0.26,0.78,1.42,1.2,1
ZifKDJiM0zI,0.8,0.31,0.14,0.88,0.29,0.0,0.0,0.13,0.92,2.28,0.27,1.57,0.69,0.87,0.25,0.0,0.63,1
ZkeHGYCybAs,0.65,0.0,1.74,0.78,1.06,2.24,1.36,2.16,0.0,0.0,0.73,0.43,0.0,0.11,2.37,1.44,0.0,1
ZmwbFlbbDNc,0.61,0.77,0.26,0.0,0.66,1.51,0.23,0.78,0.24,1.3,2.69,2.3,0.0,0.64,0.66,2.25,2.54,1
ZplV4yu6O2s,1.12,1.87,0.68,1.0,1.89,2.34,0.77,2.58,2.73,0.97,0.28,0.0,0.86,0.69,3.05,1.52,1.45,0
ZqiP-VSDuvU,1.14,0.0,1.06,0.88,1.0,2.06,0.0,0.46,1.12,0.0,0.5,1.11,0.98,0.0,1.73,2.15,0.56,1
ZrCaY7YbGTY,1.07,0.0,0.0,1.01,2.5,0.47,0.53,1.01,2.42,1.69,3.56,0.0,0.96,1.42,0.54,1.24,0.96,0
Zsm4UpFvDXY,1.82,0.38,1.54,1.03,0.84,1.53,0.5,1.82,0.04,0.71,2.1,0.26,0.0,0.08,3.21,3.42,0.5,1
ZvxHyYZzNqE,1.41,0.39,0.97,0.42,0.22,1.92,0.15,0.45,0.24,0.66,0.69,0.0,1.23,0.0,0.78,0.38,0.47,1
ZyUVb0Vvb9E,0.89,0.0,0.0,0.87,2.49,1.87,0.2,1.88,2.38,1.47,0.14,0.0,0.72,1.1,1.87,0.0,0.6,0
ZzJmCEY8gjs,1.8,0.0,0.0,0.79,1.28,1.79,0.49,2.31,1.03,0.7,1.79,0.2,1.1,0.03,0.0,1.42,0.0,1
Zzq2b4iQBKs,0.0,0.0,1.04,0.0,0.0,2.13,0.35,0.4,0.0,0.16,0.14,0.0,0.0,0.0,1.59,2.2,1.38,1
_-_NfNLLPUY,0.91,0.0,1.32,1.9,2.65,3.44,1.26,2.2,2.41,1.78,0.22,0.68,0.75,0.18,4.48,1.73,1.83,0
_-bO7-GLUms,0.73,0.14,0.0,0.0,0.0,0.0,0.0,0.62,0.14,1.23,0.53,0.93,0.0,0.12,0.17,0.0,0.23,1
_3NWiD2kWS4,2.48,1.35,0.0,1.99,1.01,0.0,0.0,0.0,0.46,0.99,0.0,0.0,0.0,0.0,0.93,1.09,0.39,1
_62dpW9KiGA,0.46,0.28,0.6,0.33,0.0,1.32,0.71,1.08,0.0,1.38,0.75,0.82,0.72,0.0,0.0,0.0,0.0,1
_8c8Vj_UROE,0.64,1.29,0.53,3.68,0.45,0.0,0.22,0.0,0.63,0.0,0.32,0.0,0.0,0.0,3.56,0.84,0.12,1
_8gxqr9eiuU,0.0,0.0,0.11,0.0,0.12,0.0,0.0,0.42,0.0,0.0,0.5,0.0,0.03,0.15,0.15,1.2,0.0,1
_9OiqEBivOw,0.68,0.15,2.26,0.0,0.0,0.0,0.0,0.0,0.0,1.18,1.49,1.13,1.44,0.0,0.0,0.59,3.39,1
_DPgIVCbxbQ,1.2,1.41,0.46,1.25,0.68,1.44,0.66,0.95,1.12,1.9,0.23,1.27,1.22,1.09,0.26,1.05,1.31,1
_GT_jJZhO-A,0.89,1.83,1.99,2.03,0.26,3.61,1.45,1.63,1.23,0.98,1.33,0.63,1.96,0.23,0.4,0.11,1.64,0
_H3r3sZcP7s,2.02,0.58,0.0,1.74,0.21,0.0,1.17,1.35,1.68,0.53,0.25,0.0,0.0,0.02,1.02,0.0,2.38,1
_HcznRJDocE,0.0,0.0,1.22,2.11,0.0,0.0,1.86,0.0,0.0,0.0,1.03,0.58,0.0,3.15,0.64,2.52,0.0,1
_I3AFgW2bOY,0.09,0.0,0.84,0.0,1.8,0.75,1.0,3.23,1.28,3.12,0.04,1.61,0.34,0.0,0.79,0.0,0.5,0
_JOiXFC26Vk,0.0,0.0,0.0,0.78,0.0,0.18,0.68,0.0,0.0,0.29,0.4,0.29,0.43,0.0,0.0,0.03,0.0,1
_Nsz8x1QDX0,1.44,2.46,0.0,1.35,0.0,0.0,0.0,0.0,0.0,0.0,0.0,0.0,0.0,0.0,1.14,1.85,0.27,1
_Ow7yGR-ySo,1.22,0.98,0.07,2.46,1.07,0.81,1.24,1.0,0.24,0.0,0.43,0.37,0.0,0.0,0.93,2.25,0.0,1
_P1SHYsPKxQ,1.17,1.22,0.48,1.0,1.11,0.0,0.0,1.59,0.99,0.42,0.07,0.0,0.0,0.0,2.58,0.0,0.58,1
_Ph7bqLWgpE,1.42,0.16,1.65,0.23,1.69,2.0,1.26,1.68,2.52,1.11,2.13,2.58,1.28,0.7,2.0,2.04,2.11,0
_QsLHWkIR3k,1.13,1.47,0.0,0.0,0.22,0.0,0.0,0.45,0.0,0.0,1.28,0.2,0.0,0.0,2.11,1.07,1.84,1
_THrq6qP334,0.54,0.4,1.64,0.74,1.36,1.27,1.12,1.22,3.09,2.35,1.31,0.87,0.0,0.65,2.95,0.32,0.32,0
_U9dMowsscM,1.48,0.52,0.13,0.03,2.32,4.72,0.81,2.13,1.88,1.68,0.21,0.41,0.0,1.21,2.12,1.48,1.16,0
_VCHjrtw7bA,1.93,2.77,0.0,1.8,0.0,0.0,0.0,0.0,0.55,0.15,0.0,0.0,0.0,0.0,1.68,0.56,0.0,1
_XVYk1vV8KU,1.67,0.24,0.72,1.98,2.69,1.61,1.82,3.07,1.31,3.41,0.74,0.48,0.63,0.56,1.73,1.17,1.03,0
_YWNJnDOeVo,1.13,0.0,0.0,0.11,0.95,0.0,0.0,0.0,0.0,0.0,3.62,1.34,0.0,0.0,2.01,0.0,0.0,1
__Pyj4s_HHw,1.58,1.1,1.64,1.96,0.64,1.39,0.18,1.39,1.46,3.38,0.0,0.49,0.72,0.96,0.95,0.71,0.4,0
_axjtAbqd6U,0.0,0.0,2.25,0.69,0.96,1.17,0.27,1.82,2.0,1.84,0.0,0.64,0.16,0.13,2.74,1.73,1.05,0
_bZPwNn6qe8,1.81,3.06,0.85,3.3,3.29,2.22,1.05,2.33,2.88,2.72,1.65,0.19,1.11,0.08,3.28,1.65,0.06,0
_cPaMPXT7as,0.44,0.61,0.12,0.0,0.43,0.0,0.48,0.33,1.75,1.69,0.03,0.05,0.42,0.0,1.56,0.73,0.0,1
_cURRf5FuWk,0.4,0.0,0.0,1.15,3.38,2.71,1.88,3.69,3.39,1.99,0.0,0.4,0.73,0.35,2.72,0.91,0.37,0
_de3ttj2ai4,3.05,0.73,1.39,0.46,1.5,2.55,0.0,0.0,0.1,0.0,3.08,0.0,0.0,0.0,2.55,0.0,0.0,1
_iwYr_FG9f8,2.59,0.0,1.06,1.72,0.0,0.0,0.22,0.0,0.0,2.0,0.26,0.6,0.0,0.0,0.47,0.27,0.36,1
_j5ARNXzECY,2.42,1.26,2.23,3.08,0.09,0.0,0.0,0.24,1.27,0.99,0.09,0.06,0.02,0.51,0.65,1.56,0.02,1
_jBK2dxZJUU,0.0,0.0,0.0,0.65,1.18,1.88,3.1,1.04,1.6,0.0,0.18,0.77,1.09,0.29,0.62,0.0,1.81,0
_k_OowfbiRI,1.85,0.44,0.49,1.08,2.08,2.57,5.0,0.7,2.25,1.72,2.49,5.0,1.47,1.18,0.68,1.68,0.79,0
_l_W9rRsOXw,1.14,0.61,1.25,1.3,1.53,3.52,1.34,1.99,0.97,1.86,2.54,2.22,2.75,2.37,1.85,1.77,0.39,0
_m4bsvYdwns,0.72,0.02,0.66,0.55,0.0,0.25,0.0,1.11,1.67,0.02,0.82,1.0,0.43,0.36,0.95,0.0,0.68,1
_oTrD1-p1Tw,2.59,1.09,1.32,1.33,0.39,0.13,1.49,1.46,0.96,1.91,1.75,0.0,0.0,0.75,1.57,1.62,1.74,0
_ozPN-TgPbg,1.32,1.35,1.09,2.13,2.06,2.16,1.99,1.45,1.38,2.23,0.89,1.15,0.1,0.62,1.65,0.58,0.0,0
_pI3eMzv_PQ,0.01,0.32,0.33,0.2,0.0,0.4,0.18,0.79,1.17,1.15,0.0,1.44,0.0,0.93,0.0,0.0,0.81,1
_q1Y1ndDXBc,1.82,1.3,0.0,2.94,1.88,2.38,0.54,1.5,1.58,0.58,0.06,0.0,0.37,0.27,1.3,1.21,0.0,1
_rBA8_IU3dc,1.34,1.67,0.81,1.19,0.0,1.94,0.33,0.89,0.7,0.24,1.49,0.0,1.3,0.0,1.25,0.0,0.3,1
_rY3HDjc4pg,1.67,2.07,0.86,2.6,0.31,0.0,0.5,1.05,0.78,2.42,1.18,0.38,1.27,0.0,2.41,1.33,0.0,1
_sKx3r8clbo,2.02,1.61,1.11,1.24,1.12,0.0,0.56,1.12,0.17,0.04,0.6,2.94,0.61,0.21,0.7,0.25,0.86,1
_u7DmBV9i5g,0.0,0.67,0.0,1.69,1.78,0.07,0.42,0.56,1.08,0.64,0.0,0.0,0.0,0.17,1.2,0.72,0.0,1
_uoLzjMODws,2.11,0.69,0.99,2.14,2.03,2.72,1.37,1.31,2.5,2.41,0.78,0.88,1.17,0.71,1.51,0.73,2.16,0
_uqRQPg1ako,0.4,0.0,2.68,1.87,0.03,3.68,0.77,0.51,0.0,0.0,0.46,0.78,1.31,0.0,0.0,1.81,0.0,1
_usRIH-5sew,0.0,0.0,0.0,0.0,0.0,0.16,0.27,1.13,0.0,0.57,0.16,0.0,0.0,0.0,0.0,1.32,1.71,1
_xuMLlPPhtc,2.05,2.89,0.0,1.92,0.52,0.0,0.0,0.0,1.24,0.55,0.0,0.0,0.05,0.03,1.97,1.22,0.0,1
_y9m3t-SzLk,2.62,0.0,1.82,0.96,1.34,0.33,0.2,2.33,0.0,0.42,0.74,0.0,0.85,0.0,1.21,0.98,0.0,1
_yKjCCFDgl8,2.19,1.1,1.76,1.72,0.93,2.05,0.5,2.39,1.59,1.94,0.66,0.31,0.94,0.04,1.5,1.04,0.99,0
a-Nl5Oz_qs8,0.99,0.42,0.0,0.52,0.24,2.21,0.17,0.04,1.27,0.38,0.69,0.38,0.0,0.19,1.25,2.09,0.35,1
a-W4Daf7_-s,0.63,0.0,0.0,0.0,0.89,1.33,1.14,0.73,0.78,2.19,2.04,0.66,0.0,0.0,1.94,2.36,0.5,1
a-YlgPdq-1Q,0.0,0.0,0.16,0.0,2.59,1.34,1.28,1.29,2.46,2.27,0.0,0.0,0.67,0.0,1.14,0.0,0.15,0
a-syc1wfO8o,2.96,2.82,0.0,2.03,0.96,1.39,0.0,2.58,2.14,0.81,0.34,0.55,0.6,0.0,2.43,0.05,0.0,0
a4-hIIOJ364,1.12,2.64,0.0,2.73,0.83,0.0,1.13,0.91,2.72,1.31,0.95,0.86,0.24,0.16,2.46,1.1,0.0,1
a5kqCTEuWfU,1.24,0.0,1.36,0.75,0.48,2.02,1.16,1.44,0.66,0.3,0.58,1.3,0.0,0.56,0.86,0.7,0.19,1
a6uVUSm5QYc,0.48,0.0,0.0,0.31,0.68,0.2,0.0,0.21,1.37,1.61,0.0,0.57,0.79,0.0,0.0,0.0,0.0,1
a9-1fVA7U_8,1.96,0.08,0.88,0.0,0.0,0.0,0.0,0.0,0.0,0.48,0.5,0.0,0.0,0.0,0.0,0.0,0.0,1
aF8UI2_VBsw,1.5,0.75,0.0,0.9,2.43,1.41,0.66,2.49,2.71,2.35,0.19,1.27,1.51,0.0,3.15,1.32,0.03,0
aGGkzRhhNyc,0.74,0.0,1.17,1.31,0.0,0.02,1.13,0.21,0.0,0.0,1.25,0.44,0.0,1.76,0.05,2.07,0.51,1
aHksaBninqY,0.61,1.4,0.0,0.67,0.98,0.98,0.54,0.43,1.9,1.82,0.55,0.0,0.92,0.14,2.53,1.4,2.42,0
aI96_T4bBNQ,1.3,1.03,1.04,1.81,2.44,0.85,1.42,2.19,3.53,1.9,0.29,0.21,1.62,0.27,1.96,2.35,0.05,0
aIkUiUV6jWI,0.44,0.43,0.0,1.58,0.63,0.13,0.34,1.09,0.25,0.02,0.45,1.61,0.75,0.0,0.7,0.14,0.81,1
aKzp4x31O0I,1.26,0.47,3.46,2.37,0.48,1.27,0.19,0.6,1.16,0.79,0.01,0.85,0.0,0.33,0.0,0.0,0.0,1
aLs95fNKAr4,1.81,0.82,2.11,0.29,0.41,0.3,0.0,0.31,0.0,0.0,1.97,1.36,0.25,0.0,0.0,0.38,1.35,1
aPA4fmdjo68,1.37,1.19,0.76,0.84,2.03,1.62,2.06,0.78,2.15,2.76,2.0,3.52,3.67,0.68,1.65,1.56,1.66,0
aPrL4D5Qvcs,0.67,0.0,0.04,0.44,0.15,1.24,0.72,0.62,1.25,0.7,0.79,1.02,2.32,0.21,0.22,0.43,1.2,1
aRQiIO_NSPI,0.16,1.32,0.48,0.64,0.0,0.0,0.0,0.0,0.27,0.0,0.26,0.0,0.0,0.0,1.78,1.0,0.97,1
aRhLGffqjgk,2.02,0.43,1.23,0.75,0.92,3.52,1.14,1.36,0.0,0.0,0.71,0.0,0.0,0.0,2.19,1.68,0.47,1
aT6mFhoZS4E,1.73,1.13,1.01,0.49,1.0,0.99,0.55,2.04,1.17,0.64,1.24,0.84,0.62,0.62,0.59,2.21,2.24,0
aTJM2CsF49s,1.15,0.1,1.33,0.48,2.73,2.7,1.67,1.99,1.46,0.0,0.11,0.58,0.0,0.32,4.84,1.58,1.3,0
aW7yOQMKRFM,0.88,0.07,0.64,0.36,0.0,1.44,0.83,1.89,1.02,0.61,0.35,1.1,0.05,0.0,0.23,0.3,0.0,1
aX0GdT4qnPc,1.14,0.42,0.22,1.0,1.86,2.37,0.97,1.59,3.13,1.58,0.69,0.53,1.13,0.82,2.1,1.39,0.17,0
abV2I3VV704,2.92,3.17,1.29,1.11,1.81,1.46,0.23,2.77,4.24,2.83,1.61,0.86,1.98,0.05,3.46,1.13,0.47,0
ae-Svaj6nBg,1.67,0.0,0.65,0.36,1.0,3.06,0.0,0.6,0.28,1.25,0.82,1.78,0.54,2.18,0.06,1.57,0.19,1
af2QAb1-_Yk,2.09,1.21,0.0,2.54,1.24,0.78,1.55,1.89,2.21,2.29,2.11,1.43,0.43,0.07,2.05,1.73,0.58,0
afbE1U82tlU,1.33,1.18,0.0,0.73,2.19,3.15,1.79,1.96,2.8,1.14,0.53,0.0,0.0,0.79,2.16,0.1,0.73,0
agXtngn7hyI,0.52,0.0,0.0,1.08,0.0,1.63,0.64,0.17,0.0,0.0,1.09,0.3,0.0,0.0,0.89,1.42,0.0,1
ajBG_d-MiGU,2.72,0.93,3.34,0.3,0.0,0.0,0.0,0.63,0.0,0.29,0.46,0.06,0.0,0.0,0.0,0.0,0.77,1
ajd26wym_Qk,1.34,0.0,0.76,2.91,0.83,0.02,0.18,1.34,0.94,0.0,0.06,0.0,0.0,0.0,4.81,2.25,0.0,1
ak0UCdbxxwM,0.08,0.0,0.7,1.21,1.02,1.02,0.95,2.86,1.86,1.93,0.41,0.07,1.84,0.5,2.19,3.02,0.0,0
ak77fEXyIjc,1.51,1.59,1.33,4.22,1.88,1.62,1.21,2.04,2.09,0.66,2.09,2.15,2.11,0.82,3.94,2.14,0.69,0
alceTsf3A7Y,1.2,1.87,0.0,1.15,0.74,1.5,0.84,0.16,0.0,0.08,1.39,1.27,2.07,0.38,0.27,0.9,0.17,1
anowH9Urdog,0.35,0.0,0.27,0.0,1.69,1.59,0.66,1.62,1.9,1.79,0.02,0.0,0.75,0.0,2.44,1.15,0.0,0
apt7VEaDjlQ,1.18,0.97,0.13,1.09,1.11,1.12,0.0,0.93,2.24,1.19,0.0,0.0,1.39,0.0,3.66,1.65,0.0,0
arlIzyIIj2U,1.94,0.22,0.31,1.78,2.69,2.03,0.92,3.63,2.29,1.86,0.8,0.16,1.51,0.4,2.61,0.0,0.0,0
aw-9CcN8XTE,0.0,0.0,0.0,3.89,1.44,1.41,0.78,0.66,1.31,0.08,0.0,0.17,0.44,0.0,3.94,2.25,0.94,1
azAs6xPIOeA,0.15,0.0,0.16,0.26,1.55,2.08,0.88,0.96,2.42,1.75,1.05,1.55,0.69,0.0,0.58,0.5,0.68,0
b-O-0DgG_DY,1.02,0.0,2.82,0.07,0.0,1.14,1.32,1.28,1.06,1.48,0.21,0.83,0.0,0.0,1.86,1.84,0.0,1
b-PqWeW82p0,0.93,0.53,0.0,1.3,2.45,1.94,1.68,2.0,3.04,2.2,2.11,2.08,1.65,0.72,1.34,1.89,0.51,0
b0r0y0ja6ag,1.47,1.24,0.6,1.33,1.54,3.6,1.83,0.73,2.75,1.12,2.12,2.1,1.49,1.49,2.05,1.85,1.53,0
b2F8wBaFYm8,0.91,0.0,1.16,0.2,1.13,2.6,0.0,2.57,0.0,0.0,0.92,0.0,1.77,0.0,2.75,0.0,0.0,1
b71KmyCAeIE,0.34,0.44,0.0,0.65,1.01,1.31,0.32,3.89,2.12,1.58,0.34,0.0,1.02,0.0,2.93,1.39,0.0,0
b7HQU_--Qdw,0.19,0.0,0.25,0.0,0.95,1.33,0.65,1.25,0.92,0.12,0.41,0.29,0.76,0.0,0.34,0.38,0.05,1
bBmMvJp-8AE,1.26,1.75,0.05,1.88,1.32,1.62,2.27,2.21,2.4,0.54,0.77,0.94,0.0,0.0,2.34,0.05,0.31,0
bFEeP4DrbLc,2.6,2.1,0.0,2.55,0.0,0.88,0.05,0.0,0.22,0.48,0.0,0.04,0.63,0.0,0.0,0.0,0.0,1
bHz1JJPk7_k,2.05,1.15,0.0,0.0,1.19,1.71,0.0,2.33,2.58,0.9,0.04,0.0,0.28,0.0,2.88,0.56,0.88,0
bK3VM6wCSTY,1.15,0.27,1.33,2.53,1.08,0.51,0.72,2.19,0.95,2.16,1.16,1.41,0.0,0.27,1.18,1.16,0.81,0
bKEcNco935s,0.81,0.15,1.86,0.0,3.03,2.67,3.45,2.07,2.71,1.41,0.77,1.23,1.38,0.0,2.46,1.12,1.16,0
bKMT8uGQYs4,1.27,0.0,0.21,0.16,2.19,3.04,0.0,1.84,2.79,1.21,0.0,0.0,1.62,0.3,2.28,0.16,0.0,0
bKerem1sELM,0.57,0.0,1.04,1.64,1.97,1.36,0.0,1.02,3.07,1.07,0.43,0.0,0.18,0.0,2.53,2.09,0.13,0
bSgcPeiGSeI,0.0,0.0,0.3,0.21,1.34,1.58,1.27,1.18,1.44,1.36,0.79,0.0,2.09,0.61,0.28,0.22,0.25,1
bVraM0NAEa4,0.41,1.62,0.0,1.0,0.93,2.92,0.84,1.4,2.12,1.83,0.0,0.0,0.0,0.0,2.46,1.36,0.73,0
bW1YWWKV5eQ,1.93,2.12,0.49,0.0,0.0,0.0,0.0,0.26,0.52,0.89,0.35,1.02,0.34,0.0,0.0,0.45,1.35,1
baEou7-0YY8,2.09,0.74,0.88,1.52,0.0,1.2,0.0,0.88,0.34,0.95,0.69,2.29,1.38,0.0,0.25,0.57,0.05,1
bf3HS_ayAQw,0.0,0.63,0.0,0.22,0.0,0.0,0.0,0.0,0.03,0.51,0.0,0.0,0.0,0.0,0.36,0.0,0.28,1
bfR18Mqqbxk,2.64,3.61,2.75,1.04,1.4,0.03,0.44,1.47,1.76,2.71,0.89,0.33,1.2,0.0,2.04,1.35,1.92,0
bfYMA4ItDPs,0.0,0.0,1.53,0.52,0.4,0.29,0.45,1.65,0.04,0.0,1.2,0.82,0.0,0.91,0.0,0.55,0.0,1
bfd-fBTCFuI,0.0,0.0,0.0,0.0,1.05,1.42,0.76,1.87,0.43,0.0,0.0,0.0,0.0,0.0,1.99,0.0,0.0,1
bi4_y2cOATA,1.3,0.0,1.31,1.94,1.11,0.05,0.61,2.2,1.7,1.7,0.26,0.0,0.0,0.0,1.35,0.6,0.63,1
bif3eGTrXNM,0.88,0.0,0.26,1.41,0.66,1.55,0.93,2.73,0.44,2.22,1.34,0.33,0.05,0.0,0.94,0.77,1.25,1
blwOrmE3zic,1.5,0.56,0.0,0.86,1.42,1.58,1.22,1.32,1.57,0.83,2.13,2.21,0.64,0.97,3.47,2.0,1.47,0
bmkN84vdClI,0.37,0.0,0.0,1.15,0.0,0.76,0.0,0.0,0.0,0.0,0.06,0.0,0.0,0.0,0.22,0.21,0.0,1
bnansLwgs28,2.19,0.0,1.87,1.83,0.0,0.09,0.0,0.0,0.07,0.0,0.3,0.87,0.0,0.58,0.0,0.0,0.0,1
bq4AjFOMQXE,2.69,1.75,0.0,1.5,2.37,1.8,0.23,1.1,2.78,2.48,0.99,0.47,1.0,0.0,3.28,2.16,0.0,0
brYapY9qKA4,0.0,0.0,0.8,0.26,0.0,0.0,0.0,0.0,0.0,0.0,0.0,0.0,0.0,0.0,0.0,0.0,0.0,1
bruzUbDMQJU,5.0,5.0,0.0,5.0,1.7,5.0,0.0,3.61,2.92,2.38,3.58,2.39,0.0,3.04,5.0,3.98,0.0,0
bsmE7PSRUy0,1.33,1.5,2.38,1.9,0.79,2.06,0.23,1.37,2.04,1.49,4.3,1.82,3.67,0.17,1.51,2.73,1.51,0
bstI2CCMhug,0.83,0.0,1.04,0.54,2.23,1.63,0.66,1.82,3.85,2.24,0.38,1.23,0.31,0.07,2.13,0.0,0.75,0
btvzEH6aPU0,0.96,0.0,0.0,0.99,0.81,0.97,0.0,1.77,0.86,1.35,0.56,0.0,0.0,0.22,1.74,0.0,0.0,1
bxiOExMMsQQ,0.0,0.0,1.83,0.5,1.6,0.55,1.27,2.17,2.37,1.14,0.0,0.0,0.42,0.0,1.05,0.0,0.46,0
c-qb_XiEtKo,0.0,0.0,1.72,0.0,2.46,2.64,2.0,2.14,2.01,3.47,0.5,0.25,0.7,0.4,1.54,1.36,1.75,0
c-qqwOWOg9g,0.0,0.0,0.0,0.01,1.42,2.42,0.57,0.65,1.1,0.05,0.8,0.0,0.0,0.0,1.35,0.54,0.33,1
c7tJwSd6O8Y,1.31,1.74,0.0,3.65,0.67,0.0,0.67,1.68,0.82,1.26,0.76,1.07,0.49,0.18,1.16,1.0,0.0,1
c9m7UKSzmGE,0.57,0.0,0.44,1.23,1.01,0.34,1.27,1.09,1.65,1.86,5.0,1.15,0.45,2.87,1.36,0.11,0.39,0
cC4s_uF98aI,1.25,3.43,0.0,3.82,0.0,0.81,0.36,0.86,0.94,1.56,0.48,3.68,0.62,2.56,0.22,0.06,1.03,1
cCEx6G8QnYA,1.06,0.32,0.93,0.83,2.35,3.25,1.89,1.26,1.93,0.51,2.14,2.46,0.96,1.01,1.55,1.9,0.39,0
cFWfDwh8L58,2.35,2.71,0.85,2.13,1.76,0.86,1.26,1.51,1.76,2.36,0.25,0.63,0.44,0.04,1.55,5.0,1.52,0
cGI0mOOrFfA,1.73,1.54,0.0,0.0,1.07,0.0,0.0,1.22,2.31,1.5,0.12,0.0,0.8,0.0,2.37,0.0,0.88,1
cHq14kFJLXU,1.01,0.71,2.15,2.59,2.29,3.11,1.29,2.12,2.51,3.59,0.55,0.9,2.68,0.63,0.81,1.32,1.65,0
cLDgJigdpBU,2.0,1.82,0.0,3.1,1.36,1.62,1.4,0.04,0.75,1.77,0.52,0.0,1.64,0.28,0.0,0.05,0.77,1
cLcBKjbO40Q,0.32,0.0,0.13,0.0,0.36,0.65,0.06,0.86,1.02,1.44,0.02,0.0,0.7,0.59,1.45,0.0,0.0,1
cPVE7QGS7As,1.07,0.0,0.84,2.55,1.54,0.44,0.11,0.8,0.4,0.76,1.96,2.05,0.02,2.88,0.0,1.22,0.68,1
cPdIKW1T2do,1.4,0.0,1.4,0.84,2.61,3.09,0.82,1.1,2.52,0.87,0.04,1.56,0.26,0.55,0.88,0.35,1.19,0
cXvsI51yuH8,0.79,0.0,0.83,1.33,0.9,2.21,0.62,0.98,1.46,0.39,3.26,3.18,0.07,3.27,1.47,4.44,0.2,0
cZRQNwkBbkM,1.06,1.66,2.04,3.98,1.37,0.0,0.74,2.8,1.62,2.3,1.01,0.0,1.43,0.44,4.24,3.09,2.22,0
caky1MDT8s0,0.54,1.07,0.0,2.11,1.96,2.6,0.89,1.59,2.3,1.74,1.22,0.07,0.85,0.14,3.21,1.92,0.4,0
cb4-sltl1-I,0.51,0.0,0.85,0.0,1.97,2.39,0.72,3.28,2.14,1.5,0.54,0.0,0.0,0.0,3.33,2.9,1.79,0
cbk9khFNf8g,0.6,0.0,0.0,0.0,0.41,1.9,0.0,0.72,1.12,0.0,1.17,0.0,0.01,0.0,0.76,0.0,0.01,1
cfgbKuhqje0,0.39,0.0,0.0,0.0,1.92,3.35,0.0,0.75,1.99,0.0,0.69,0.0,1.11,0.0,1.23,0.0,0.0,1
chrmFfxAkGo,2.32,2.68,0.0,2.09,0.0,0.0,0.0,0.21,0.86,0.41,0.44,0.0,0.0,0.0,0.0,0.25,0.0,1
chxpQV3_NtU,0.19,0.0,0.0,0.4,1.04,1.7,0.0,2.94,0.78,0.73,1.27,0.15,1.29,0.02,0.32,0.0,0.0,1
clwOTT1q6p4,0.84,0.0,0.81,0.0,1.82,1.57,0.65,2.75,2.37,2.8,0.16,1.04,0.0,0.38,2.15,0.0,0.59,0
cntVFWMLfFI,1.64,0.67,1.16,1.02,1.31,2.28,0.43,1.59,1.72,2.08,0.03,0.04,0.16,0.0,2.15,1.37,0.0,0
cnuVi-SUuBI,1.03,0.52,0.62,0.29,1.37,2.98,0.22,1.16,0.49,2.37,0.74,1.21,0.52,1.63,1.36,0.0,0.16,0
cpM7ICkPZD0,2.28,0.0,0.76,0.07,2.0,3.58,1.32,0.82,1.44,1.96,3.48,0.11,1.6,3.5,2.33,0.0,1.99,0
csBlhSP3F0E,1.72,1.1,0.43,1.21,2.25,1.18,0.0,3.49,2.99,2.84,0.3,0.42,2.71,0.39,2.9,0.0,0.0,0
cu0OFwSeCjw,1.09,0.14,0.0,0.95,0.13,1.38,0.0,1.55,0.94,0.64,0.62,1.27,1.06,0.0,1.81,1.43,0.49,1
cuGPn1yNiA4,0.21,0.0,1.2,0.05,1.28,1.37,1.67,0.6,0.27,0.0,0.78,0.88,0.26,0.46,0.0,0.0,0.0,1
cuONLEO3xws,0.15,0.0,0.82,0.0,2.6,1.45,0.91,2.19,3.05,1.09,0.0,0.0,0.0,0.0,2.68,0.78,1.64,0
cv0FazANxAs,1.66,0.0,0.0,0.68,1.56,3.09,0.84,1.53,1.42,0.81,0.81,2.43,0.74,0.71,0.1,2.09,0.0,0
cvh0cSLddFk,0.0,0.0,0.0,0.0,1.75,0.14,0.61,0.0,0.67,0.5,0.0,0.52,1.24,0.79,0.0,0.0,0.34,1
cw3iNGNfpL0,0.61,0.94,0.99,1.17,0.0,0.0,1.2,0.03,0.02,0.29,0.36,0.0,0.0,0.0,2.92,2.33,0.44,1
d0gSjBSuXak,1.7,0.13,1.13,0.0,0.0,0.0,0.0,0.79,0.0,1.13,0.72,3.06,0.0,0.74,0.0,2.27,0.75,1
d0zi0QHXCiI,0.3,0.0,0.19,0.0,2.96,1.93,1.05,4.32,3.2,2.48,0.0,0.0,0.51,0.0,3.02,0.12,0.02,0
d1Ac7qQsFMI,0.74,1.88,0.0,3.3,0.24,1.32,0.0,0.0,1.29,1.2,0.61,0.09,0.93,0.0,2.34,1.36,0.27,1
d1SaINo9yds,0.0,0.0,0.02,0.0,2.06,2.4,1.27,0.94,1.3,1.38,0.16,0.0,1.63,0.0,1.88,0.76,0.0,0
d6bc84nO9B8,1.91,0.72,0.33,3.66,0.42,0.36,0.0,1.33,0.04,0.0,0.67,0.0,0.0,3.83,2.19,0.56,0.0,1
dADxYaNDATs,1.92,2.11,1.87,0.0,2.14,3.19,1.68,2.77,2.73,1.75,1.15,1.49,1.88,0.15,2.26,0.63,0.57,0
dB9xrZwPfAw,0.0,0.0,0.72,0.0,0.0,0.0,0.0,0.0,0.32,0.0,0.0,0.0,0.0,0.0,0.0,0.0,1.06,1
dCCHg6HNWjY,1.0,1.14,0.83,0.51,0.0,0.0,0.0,0.0,1.26,0.0,0.0,0.0,0.0,0.1,0.42,0.37,0.0,1
dD048yYCWgY,2.15,0.33,2.28,3.34,1.94,1.16,0.5,1.39,2.56,1.96,0.05,0.86,0.0,0.0,1.28,0.83,0.05,0
dDm8iK13DZU,1.03,1.51,1.37,1.15,1.31,1.38,1.32,1.6,2.2,2.34,2.32,2.25,1.26,0.93,2.02,1.41,0.92,0
dE-s2PlKB38,0.96,1.48,0.45,0.3,2.54,0.49,1.27,2.37,2.28,2.51,0.0,1.51,0.0,0.07,2.25,2.56,0.23,0
dEFz7GwU7bc,1.27,1.7,0.0,0.3,0.43,0.0,0.0,1.15,2.1,2.41,0.0,1.98,0.0,0.34,0.0,0.0,0.0,1
dL-kRfPUzD0,2.2,0.52,2.6,0.82,1.35,1.41,1.89,1.09,1.99,1.45,2.19,2.6,1.09,1.38,2.7,1.71,0.78,0
dLo695R9_oU,1.85,0.69,1.14,3.31,0.53,1.53,0.96,1.28,0.64,1.66,0.0,0.0,0.75,0.0,2.95,0.5,0.0,1
dP2I_iMZ0gY,0.75,1.09,1.68,0.14,1.62,2.35,0.18,0.9,1.77,1.19,0.44,0.96,0.32,0.09,1.43,0.56,2.82,0
dRRAw5CLvc8,0.87,0.56,0.0,1.96,0.0,0.0,0.0,1.08,0.54,0.5,0.93,0.0,0.81,0.0,0.31,0.18,0.09,1
dShr9wNhmRk,1.15,0.06,1.17,0.01,2.74,2.35,0.48,3.0,3.98,1.41,0.27,0.79,1.24,0.0,2.49,0.31,0.91,0
dV77wUwPmMc,0.69,0.54,1.59,0.0,2.09,2.47,0.85,3.19,3.14,1.51,0.47,2.35,1.48,0.57,2.82,0.94,1.54,0
dXC36IT3Htk,0.0,0.0,0.24,0.0,3.0,3.77,0.75,2.3,2.27,2.37,0.73,0.57,0.98,0.12,1.15,0.77,1.09,0
dXNR0p8KJwI,1.03,0.2,0.2,1.17,1.9,2.88,0.44,3.27,3.04,3.17,0.35,0.5,0.83,0.05,4.81,1.75,1.56,0
dbt8LnEGAoI,1.48,2.08,0.38,1.46,0.0,0.0,0.93,0.57,0.0,0.0,0.44,0.32,0.0,0.0,1.93,1.58,0.0,1
ddwf9vdHqH4,3.09,1.67,0.92,1.66,0.12,1.09,0.0,1.69,1.17,1.39,0.55,2.22,1.29,0.72,0.64,2.52,0.89,1
ddzyylp0WXA,0.0,0.0,0.0,0.0,0.78,0.53,1.46,0.46,0.18,1.4,0.55,0.0,0.0,0.0,0.73,0.0,0.0,1
deC_kKi3jVE,0.99,0.0,0.35,0.64,2.72,1.89,0.99,2.03,1.81,0.0,0.0,0.0,0.3,0.0,1.28,0.0,0.0,0
deWGpHImbNI,0.96,1.54,0.0,1.45,0.21,0.52,0.87,0.0,1.18,0.0,0.0,0.0,0.28,0.73,1.33,1.17,0.0,1
deglj8memQg,0.9,0.0,0.59,0.53,1.31,1.67,0.0,1.23,1.08,0.5,0.2,0.24,0.0,0.0,0.96,0.67,0.0,1
deonXoEZX_A,0.0,0.0,0.0,1.06,1.57,2.66,1.14,0.87,0.83,0.14,0.73,1.33,1.87,0.0,0.0,1.26,0.15,1
dgF7jNzyhnU,0.8,0.24,0.0,0.09,0.9,0.15,0.28,0.08,1.41,0.39,0.0,0.0,0.0,0.0,0.41,0.01,0.0,1
dgHCn8EbW1I,1.42,0.73,0.0,1.53,0.55,1.13,0.79,0.94,1.48,0.0,1.82,1.21,0.69,0.02,0.75,0.19,0.14,1
dhMyfO1-msk,0.36,0.0,0.67,0.0,3.33,3.77,1.22,1.44,2.7,3.39,0.19,0.0,1.72,0.02,2.3,0.01,0.6,0
dhufs1YJiKg,1.75,0.37,1.48,2.97,0.92,2.03,0.78,2.37,0.66,0.24,1.29,0.94,1.19,0.0,1.41,0.63,0.19,1
djAJLgU_ZN0,1.91,1.2,1.1,0.0,0.0,0.14,0.83,0.0,0.0,0.01,0.75,0.78,0.58,0.0,0.2,0.14,0.0,1
djhF__0EWrY,1.57,2.36,1.4,3.74,0.9,0.28,0.26,1.12,0.5,0.61,0.5,0.82,0.83,0.0,2.03,0.0,0.11,1
dmWgkcXnp3s,1.85,0.88,1.39,0.68,0.0,2.7,0.2,0.0,0.04,0.08,0.93,0.0,1.0,0.03,0.27,0.0,0.0,1
dp_m1M7Yn30,1.49,2.01,0.97,0.85,0.65,1.06,0.83,0.94,0.45,1.03,0.91,0.6,0.0,0.72,1.2,1.04,0.89,1
dtE3IojsCQ8,1.08,1.66,0.0,3.85,0.36,1.1,0.4,0.61,2.22,0.34,0.19,0.52,0.86,0.79,0.0,0.0,0.0,1
dx4HPiqc2yg,1.94,1.67,0.43,0.0,3.42,3.53,2.2,3.05,2.7,2.41,0.6,2.1,1.12,1.33,2.03,0.0,0.76,0
dyfbpV1gxCk,2.29,1.26,0.0,0.97,1.65,3.62,1.02,0.81,2.5,2.1,1.03,0.18,0.66,0.1,0.79,0.47,0.44,0
dywzVZSEC1o,0.61,0.66,0.57,0.49,0.2,0.0,0.95,1.09,0.76,1.74,0.55,0.86,0.0,0.0,0.0,0.0,0.0,1
dzB2_5j_7h0,1.83,1.2,2.62,3.72,1.08,1.93,0.47,1.83,1.45,0.93,0.34,0.12,1.87,0.34,2.42,2.25,0.47,0
e-cgENjq-5A,0.71,0.7,0.05,0.09,0.0,0.88,0.0,0.0,0.0,0.0,0.0,0.01,0.0,0.04,1.63,1.66,0.84,1
e0MJi_f3oyQ,1.9,2.03,1.2,2.11,2.49,2.55,1.24,3.64,4.14,2.69,0.37,0.13,1.64,0.31,2.43,0.83,1.25,0
e4RdU7bPHJE,2.08,1.96,0.0,1.09,0.38,2.3,0.8,0.26,0.23,0.0,1.26,2.06,0.0,0.84,1.18,0.16,0.17,1
e9iXwzlTbfo,0.45,0.01,0.0,0.48,1.13,1.03,0.81,1.26,0.9,0.66,0.0,0.0,1.36,0.0,1.18,2.11,0.12,1
e9olgXH8rLY,0.84,0.36,0.0,0.0,0.0,0.0,0.0,0.0,0.0,0.0,0.18,0.0,0.0,0.0,0.75,0.0,0.0,1
eA8lP_ey2us,1.23,1.64,0.82,2.27,0.91,0.41,1.29,1.68,1.48,0.8,0.0,0.0,0.96,0.09,2.06,1.62,0.0,1
eAiHPIo1BN8,0.0,0.04,0.0,0.14,0.0,1.61,0.0,0.39,1.13,0.47,0.29,0.6,0.0,0.29,1.22,1.09,0.0,1
eDvP80AVwRA,0.17,0.0,0.75,0.8,0.59,0.0,0.27,2.48,0.0,0.0,1.05,0.99,0.0,0.3,2.84,4.24,0.0,1
eF0DmNkSmo8,1.88,3.14,0.0,2.61,0.42,1.46,0.43,0.79,1.59,1.21,0.83,0.63,0.0,2.73,1.7,1.81,0.34,1
eG8XxL_DS7Y,1.14,0.77,0.0,0.68,1.42,1.01,1.34,1.16,1.58,0.65,2.26,2.56,0.67,1.0,1.33,1.93,0.43,0
eIFMMCiNmZE,3.05,1.16,1.13,2.4,0.22,0.0,0.07,1.82,1.1,0.11,2.67,0.0,0.0,0.0,2.09,1.62,1.57,1
eJukunJZDU8,1.61,0.85,0.44,0.41,0.19,0.0,0.0,3.21,0.0,0.0,0.42,0.0,2.43,0.0,1.61,0.79,0.98,1
eOHzAYNyUAQ,2.27,0.94,0.22,1.19,1.84,1.5,1.48,1.86,2.24,2.06,1.36,0.38,0.86,0.0,4.48,0.32,1.6,0
eQ1K39Li53o,2.57,2.18,1.3,2.56,0.74,1.49,0.11,1.98,0.23,0.83,1.28,1.58,0.39,0.34,0.88,2.54,1.24,1
eRSIdNqheV4,1.22,0.91,0.7,2.9,1.65,1.5,0.92,3.3,2.03,3.56,0.82,1.41,1.11,0.2,1.88,1.28,2.11,0
eRibzYwLS5c,1.98,0.23,1.23,1.93,0.43,1.09,1.48,1.53,1.25,0.7,1.86,0.93,0.18,3.38,0.57,0.0,0.0,1
eSVLUkLEl0Q,1.35,0.68,2.97,1.16,0.98,3.11,1.35,1.76,1.46,1.32,1.85,2.05,1.1,0.72,2.09,2.52,0.58,0
eU5SIUiPcfI,1.87,0.28,1.05,1.86,1.93,0.47,0.0,1.03,0.99,0.0,0.56,0.0,0.0,0.64,1.22,2.0,0.16,1
eUPnAZRzbGY,1.5,0.7,0.92,2.09,1.28,2.26,1.22,1.89,1.14,0.94,0.58,0.0,1.24,0.16,2.37,0.73,0.0,0
eUouFmegReQ,1.21,0.0,0.75,0.0,0.42,0.0,0.44,0.2,0.8,0.73,0.53,0.94,0.26,0.0,1.22,1.53,1.41,1
eV66hRLAl8A,0.32,0.0,1.14,0.0,2.39,2.36,0.2,2.48,2.49,0.83,0.0,0.0,0.0,0.0,2.22,0.84,2.5,0
eZcP4R891Zo,0.17,0.31,0.56,0.0,2.4,1.7,0.87,2.83,3.62,2.05,0.99,1.1,0.57,0.0,3.04,0.0,1.33,0
e_MkTkoS4sM,2.5,0.36,0.88,1.84,2.88,2.69,0.01,2.13,2.77,1.58,1.86,0.0,1.17,0.38,3.17,0.0,1.71,0
ecFU5cP8Jso,0.0,0.0,0.27,0.0,2.51,1.7,0.71,2.78,3.42,1.2,0.33,0.0,0.0,0.61,2.33,1.61,0.89,0
eeDYK-DA76E,0.9,1.29,0.46,0.79,0.0,0.0,0.8,0.4,1.1,1.29,0.0,0.05,0.0,0.17,1.34,1.06,1.01,1
eg3et1Uhg6I,0.25,0.19,0.05,0.48,1.31,1.12,0.34,3.03,1.57,1.47,2.12,1.83,2.43,1.03,0.54,1.19,2.05,0
egZOLl4NRpo,3.51,4.25,2.35,2.72,2.15,2.33,2.01,1.96,2.24,2.17,0.42,0.0,0.0,0.09,2.36,0.38,2.26,0
egn6Yw4ZVLQ,1.49,2.35,1.21,0.18,0.0,0.18,0.09,1.27,0.0,1.5,0.44,0.59,0.0,0.07,0.43,0.94,0.73,1
el4RuUzpdEs,0.79,1.75,0.0,0.33,2.52,4.05,1.1,2.67,3.03,1.8,0.41,0.0,1.23,0.0,2.57,0.0,0.14,0
elVOBgN_zjk,0.28,0.0,0.14,1.41,1.78,2.6,0.16,2.3,1.9,1.4,0.39,0.0,0.28,0.0,2.24,0.94,0.0,0
en0xYIxPSuA,2.55,0.97,2.1,1.89,1.36,4.28,1.22,0.86,0.94,0.77,2.24,2.12,2.12,0.84,2.15,1.84,2.19,0
eoVlit2BJo4,0.0,0.04,3.1,2.01,2.01,3.47,2.03,1.41,0.0,0.0,0.52,5.0,2.82,1.04,0.29,5.0,1.6,0
eohXqL9Vju8,0.0,0.0,1.26,0.05,1.91,1.81,1.52,2.46,1.8,1.85,0.59,0.0,0.0,0.0,1.11,0.0,0.0,0
er8z451F18Q,0.35,0.0,0.02,0.47,1.03,3.85,0.42,0.38,1.49,0.63,0.69,3.3,0.01,0.55,0.74,1.02,0.21,1
evD5wEOafNg,2.62,1.34,0.83,1.0,1.52,1.28,0.98,2.4,3.39,2.51,0.72,1.13,0.86,0.16,3.82,1.42,0.65,0
f-RqI_1OvL8,1.98,0.52,1.01,0.53,1.76,0.62,0.11,1.49,2.22,1.44,0.11,0.95,0.0,0.0,2.86,1.03,0.15,0
f-l-2f41B7U,0.76,0.0,1.45,0.51,1.88,0.0,1.47,1.54,1.56,2.98,0.57,0.96,0.65,1.03,1.24,1.97,0.44,0
f-v8EE_nJ0g,1.97,0.77,3.27,2.4,1.46,2.08,0.91,0.44,1.6,1.41,0.26,1.59,0.56,0.2,1.18,1.37,1.36,0
f00V9MQBhg8,0.65,0.06,0.0,0.0,0.09,1.2,0.0,0.0,1.51,1.03,0.0,0.0,0.0,0.44,0.53,0.84,0.0,1
f02_px8Pjm4,1.12,0.66,1.23,1.29,0.83,2.54,0.12,2.19,1.45,3.77,1.11,0.0,0.0,0.0,3.02,2.24,0.58,0
f0_HJ7CQOXY,0.0,0.0,0.0,0.49,0.0,0.0,0.13,0.0,0.0,0.61,0.0,0.53,0.0,0.24,0.15,0.1,0.0,1
f3GEYcezSCw,0.0,0.0,1.63,1.97,0.0,0.0,0.81,0.0,0.0,0.7,0.4,0.32,0.0,0.0,0.0,0.17,0.0,1
f3oT8GFrlCI,0.0,0.0,0.52,0.0,1.74,2.44,0.87,1.24,2.41,1.5,1.38,1.93,0.0,0.0,2.36,2.09,0.62,0
f41DhVpiv-g,0.03,0.0,0.0,0.08,1.17,1.82,0.23,1.86,1.9,1.35,0.25,0.0,0.0,0.0,0.16,0.0,0.4,1
f5nrMe9Icak,0.75,0.0,1.32,1.12,2.0,2.91,0.68,1.7,2.09,0.0,0.0,0.11,0.0,0.01,1.44,0.68,0.69,0
f6ewf00cTzY,1.11,1.61,0.0,0.0,0.0,0.31,0.08,0.0,0.33,1.14,0.0,0.53,0.15,0.0,0.0,0.49,0.82,1
f7x3ygKOx9Y,0.15,0.0,1.73,0.41,1.49,2.38,0.23,0.66,1.53,1.48,0.65,1.22,1.2,0.0,1.12,1.07,1.4,0
f8VgsfTRVZg,0.41,0.0,0.28,1.83,0.42,1.35,0.39,0.69,0.04,1.11,1.55,0.45,1.37,0.3,1.74,1.0,0.0,1
f9fvqP29XbQ,0.08,0.0,2.16,0.0,1.5,2.17,1.93,2.58,0.57,0.81,1.84,1.35,1.35,0.0,0.03,0.55,0.0,0
fBg1h-rnpIw,0.91,2.32,0.33,2.03,2.51,2.16,0.4,2.41,1.73,3.03,0.98,0.5,2.15,0.0,2.61,0.45,0.47,0
fCmDShwW_xo,0.0,0.0,0.0,2.36,0.0,0.12,0.16,0.75,0.24,0.0,0.0,0.03,0.0,0.25,1.01,0.88,0.51,1
fE5Kxc8oiPg,2.63,3.58,0.19,1.49,0.2,3.13,1.5,1.79,0.29,0.43,1.66,1.1,1.4,0.06,0.32,0.33,0.54,1
fEw4R072E80,0.0,0.0,0.0,0.4,0.69,0.51,2.33,0.0,0.0,0.0,3.75,0.44,0.0,1.19,0.0,0.0,0.0,1
fGAzVQjMjOE,1.78,2.23,0.18,1.72,0.9,1.58,0.0,1.64,2.9,1.14,0.27,0.84,0.84,0.46,2.12,0.91,0.39,0
fJu1euBpt0Q,1.25,1.54,0.38,2.07,1.93,2.34,1.37,2.53,1.79,1.03,2.35,2.12,0.72,0.77,3.56,0.87,1.07,0
fL56kvqw9K4,1.49,2.57,0.0,3.68,0.0,0.0,0.1,0.57,1.22,0.5,0.23,0.94,0.45,0.16,0.78,1.45,0.11,1
fLylwsyWu1A,2.38,0.39,0.86,2.25,2.31,2.53,0.14,2.53,0.72,0.92,1.87,1.59,2.07,0.63,2.76,0.0,0.03,0
fT4-aIX9wp8,2.24,0.53,0.76,3.1,1.46,2.35,1.39,2.01,1.88,1.99,2.28,1.05,2.24,0.77,3.69,1.62,0.28,0
fTeArIlDD3A,0.74,0.4,0.57,0.65,0.71,0.92,0.4,0.3,0.87,1.11,0.49,1.56,0.0,0.0,1.74,0.54,0.28,1
fUI2YiE993g,1.38,0.0,1.26,1.99,0.0,1.57,0.73,0.07,0.0,0.0,0.12,0.01,1.4,0.0,0.0,0.42,0.36,1
fUO2fRfRg2A,1.95,0.33,1.5,2.27,1.2,2.53,0.88,1.63,1.36,1.23,1.01,0.5,3.09,0.57,1.18,1.52,0.4,0
fVN0oIQd-P8,1.73,0.9,0.93,2.85,0.0,1.12,0.18,0.53,0.0,0.95,0.0,0.62,0.0,0.0,0.48,0.34,0.0,1
fVpdPTTgGKo,1.59,1.48,0.0,1.0,0.7,1.03,0.11,1.28,1.17,0.22,0.24,0.0,0.32,0.04,0.0,0.0,0.0,1
fYJz60SzptE,0.03,0.0,1.27,1.92,0.89,0.89,0.78,1.51,1.17,0.95,0.34,0.04,0.56,0.0,3.01,0.67,0.0,1
fZy3z-Y-49E,0.37,0.0,1.62,0.18,0.11,0.0,0.0,0.0,0.05,0.57,0.0,1.15,0.0,0.47,0.0,0.69,0.04,1
f_YMgrAJUbs,0.2,0.5,0.71,0.0,1.72,1.5,0.75,1.32,2.19,1.95,0.0,0.82,0.2,0.75,2.3,0.71,0.93,0
faSpXXbQlRE,2.45,1.06,2.07,0.22,1.69,0.0,0.0,2.91,1.72,3.5,0.28,0.0,0.0,0.22,3.25,0.82,1.41,0
faxODCF649o,0.99,0.0,1.85,1.33,0.49,1.76,2.15,2.19,0.31,0.83,2.62,2.11,3.13,0.42,0.0,0.0,0.51,0
fhjrkzUSTf4,2.13,0.57,1.29,2.95,0.0,1.14,0.66,0.49,0.66,1.97,1.1,1.7,0.22,0.02,0.06,1.8,0.0,1
fiekPVXNrwo,1.07,0.0,1.39,1.31,0.0,1.86,0.0,0.0,0.0,0.0,0.6,0.76,1.58,0.16,0.24,0.08,0.4,1
fjTlH59SU_o,0.88,0.21,0.44,0.34,2.77,1.33,1.07,2.37,2.63,1.86,0.87,0.0,1.42,0.0,4.56,0.0,0.27,0
fjvkr71S6TU,1.43,0.72,2.02,1.28,0.66,1.0,1.56,1.4,1.82,0.0,1.03,0.58,0.68,0.78,0.96,1.15,0.3,1
fmC54-UOh8w,3.33,3.77,1.65,3.98,0.99,1.56,0.0,1.13,2.69,2.65,0.0,0.0,1.18,0.0,2.8,0.57,0.0,0
fn-zpuY5HzM,1.02,0.0,1.15,0.09,0.99,0.23,1.5,0.85,0.77,2.3,0.92,0.77,1.14,0.0,0.27,1.14,1.15,1
foWS1bvk5Xg,0.48,0.16,0.0,0.5,1.2,1.04,0.0,0.34,2.24,1.36,0.47,0.0,1.44,0.0,2.62,0.0,0.0,1
foqOuB6-ods,2.37,0.71,0.83,0.95,1.34,3.43,3.06,2.07,2.25,2.12,5.0,0.0,1.39,3.64,3.9,2.23,1.54,0
frEqH_Kx4qc,1.99,0.1,2.89,2.76,0.24,1.18,1.33,0.27,1.61,1.05,1.31,3.46,1.1,0.17,0.69,1.53,1.06,1
fvFgpDG9C9A,0.59,0.0,2.52,0.0,1.82,2.1,1.46,2.65,1.59,1.07,0.66,1.29,0.0,0.84,4.73,0.77,1.98,0
fvT3uJkNNE8,0.75,0.31,1.71,2.06,1.34,1.82,1.41,2.49,1.21,1.28,0.75,0.6,1.21,0.34,2.56,1.06,0.0,0
fwwNeU2Z2JA,2.66,0.99,0.72,1.5,1.91,3.03,1.55,1.45,1.08,0.03,1.96,1.98,1.22,0.79,1.7,0.0,0.12,0
fzOBYZMa3Ak,2.11,1.81,1.27,2.84,1.68,2.21,0.13,1.7,1.05,0.8,1.13,0.33,0.16,0.0,2.31,0.52,0.87,0
g-HIJs57wWw,3.07,3.8,0.0,2.32,1.02,0.15,0.0,0.24,1.14,0.0,0.36,2.13,0.0,0.57,2.54,0.0,0.0,1
g-wCvd3vTMo,0.82,0.57,1.03,1.08,1.95,1.12,0.45,3.29,1.79,1.0,0.89,0.64,0.54,0.06,1.13,1.33,0.25,0
g0bR4rQN-80,0.66,0.07,0.61,0.3,1.59,0.6,0.04,0.95,2.68,0.78,0.0,0.0,0.93,0.0,1.98,0.49,0.0,1
g1iVT1dZbNQ,3.67,0.75,2.81,3.0,0.46,2.45,1.31,1.75,1.79,1.65,1.51,0.65,1.31,0.35,0.9,0.43,1.1,0
g29yBtikbgE,1.48,1.92,0.88,1.72,2.13,1.51,1.06,1.39,1.35,1.14,0.56,0.0,0.82,0.0,2.75,0.0,1.72,0
g2_na1p0d8s,1.5,1.98,1.01,2.25,0.43,0.26,1.34,2.08,2.3,1.94,0.54,1.33,1.51,0.1,1.81,0.81,0.06,0
g32U-igZ8Zg,2.01,0.4,0.99,1.31,0.0,0.35,0.31,0.0,0.89,0.48,0.77,0.47,0.0,0.0,0.27,1.66,0.28,1
g4FruuHd9wo,0.63,0.71,0.91,1.99,1.15,2.23,0.18,0.87,1.27,0.4,1.11,1.51,1.28,0.43,0.0,1.33,1.48,1
g4YVl7iyPP8,0.02,0.22,0.24,0.96,0.5,0.88,0.23,1.77,1.5,2.54,0.0,0.36,0.96,0.25,2.03,0.94,0.13,1
g9djczZWgIE,0.25,0.0,0.39,0.0,0.5,0.9,0.5,1.88,1.37,0.04,1.57,1.96,0.13,0.0,1.28,0.06,0.5,1
gAeUAw5Uj04,0.6,0.47,0.21,0.0,0.07,0.0,0.0,0.81,0.0,0.5,0.61,0.1,0.0,0.0,0.0,0.0,0.0,1
gBNQaB5RN4s,0.0,0.0,0.0,0.54,1.17,0.58,0.4,1.82,2.12,2.4,0.0,0.25,0.75,0.23,0.2,0.43,1.49,1
gCqIByfAlyY,2.14,1.8,1.93,3.05,2.66,3.92,0.84,2.31,2.65,2.55,1.95,3.69,0.26,0.37,3.24,0.92,0.85,0
gDZezDDUHj8,0.71,0.0,0.0,0.0,2.46,4.33,1.92,0.19,1.38,0.71,0.71,0.34,1.56,0.54,1.84,1.01,0.46,0
gGE8DnvlaEs,0.0,0.0,0.51,0.07,0.0,1.43,0.0,0.0,0.0,2.25,0.96,1.33,0.0,1.69,0.0,0.0,0.77,1
gH2vbT19QYM,1.3,1.76,0.49,0.78,1.92,3.23,1.24,2.48,1.83,1.07,0.59,0.0,0.0,0.0,2.22,1.98,0.73,0
gIiIoXT5trs,1.5,0.0,0.97,2.27,2.25,3.37,0.8,1.62,1.56,1.11,0.62,0.1,0.96,0.53,1.05,0.16,0.0,0
gLA_jR2Qgto,1.39,2.15,2.01,2.38,0.71,2.59,0.01,0.45,0.33,1.08,0.0,0.85,0.92,0.61,0.14,1.16,0.0,1
gMDArNX93tQ,1.77,2.38,0.0,0.47,0.18,1.64,0.03,0.0,0.43,0.0,0.35,0.26,0.17,0.11,0.32,0.35,0.19,1
gO210j8NUtQ,0.28,0.0,0.73,0.0,1.42,3.01,0.63,1.13,0.67,0.9,1.36,0.58,1.42,0.96,0.04,0.0,0.0,1
gOgTEJcF0mk,1.75,0.0,0.09,0.0,3.14,5.0,1.19,1.89,2.77,0.33,0.25,0.0,0.65,0.0,3.04,0.47,0.0,0
gPBwzV4lgOI,1.9,0.67,1.58,1.28,0.83,1.22,0.59,0.93,1.57,1.42,0.44,0.22,1.14,0.48,3.07,2.27,2.14,0
gQ3neTh_28U,2.61,0.98,0.28,2.23,1.97,2.12,1.48,1.76,2.17,2.9,1.06,1.26,1.06,0.16,1.83,1.09,0.24,0
gRFtu9QtutM,0.54,0.0,0.0,0.0,0.45,0.0,0.0,0.1,0.71,0.05,0.0,0.0,0.0,0.0,0.59,0.36,0.0,1
gTN6Pb3zBa0,0.88,0.0,1.76,1.75,0.34,1.84,1.97,0.35,0.61,1.08,1.09,0.64,1.55,0.04,0.61,1.11,1.33,1
gV1Sw7aSg5s,1.08,0.0,0.65,0.0,2.91,3.21,0.53,1.96,2.36,1.78,0.0,0.0,0.0,0.0,3.98,1.3,0.01,0
gYHzsqeObZw,0.35,0.0,0.65,0.14,2.31,3.52,2.15,1.99,1.71,2.13,0.79,0.0,1.09,0.0,1.79,0.63,0.63,0
gbH45swTZE8,1.17,0.51,2.2,2.58,0.32,1.91,0.52,0.61,0.09,1.08,2.1,0.84,1.24,1.19,0.0,1.07,0.25,1
gbXewl0ip0g,1.19,1.97,0.65,1.91,2.74,1.81,1.38,2.89,3.0,2.18,2.14,2.65,0.86,1.12,3.55,1.69,2.16,0
gcyDysculAc,0.36,0.0,1.68,0.1,2.15,1.98,2.51,2.89,2.76,3.43,0.64,0.0,0.57,0.52,3.57,0.08,2.47,0
gda3XFGIBDc,0.68,0.0,0.82,1.8,0.91,1.54,1.29,2.46,1.56,2.83,0.31,0.46,0.0,2.0,1.84,3.1,0.19,0
ge3CErSC1G0,1.58,0.45,1.16,2.99,2.18,2.75,1.5,2.08,1.97,0.59,1.72,0.0,1.19,0.0,2.81,0.48,1.74,0
gfHIx4NsKxU,2.16,2.67,0.0,0.99,1.54,0.59,0.05,1.09,2.24,1.98,0.87,2.23,2.34,0.57,2.13,2.15,0.43,0
glAcnFwAPHo,3.59,4.74,0.95,3.22,2.14,2.11,0.8,2.89,2.81,1.58,0.39,0.0,0.0,0.42,3.37,1.68,0.53,0
gloEV_0hPaA,2.12,0.88,2.59,0.97,2.19,2.87,1.28,1.12,2.64,1.49,2.36,2.01,0.66,0.89,2.52,2.4,0.87,0
gmdYAbvm32Y,3.0,1.05,0.33,2.52,0.36,0.0,0.0,1.11,0.98,0.13,0.67,0.0,0.0,0.22,1.77,0.12,0.0,1
gnSYFkizVXk,0.93,0.95,0.0,0.27,2.67,2.29,0.34,2.66,3.94,1.49,1.4,0.7,2.18,0.54,2.17,1.3,0.26,0
gptvonTBNz0,1.48,0.0,0.08,0.0,1.01,1.34,0.16,0.03,1.16,1.1,0.97,0.0,0.76,0.34,0.0,0.24,0.0,1
gqBexoA10t8,1.94,2.02,2.31,4.08,1.66,4.08,2.19,2.17,2.27,0.82,0.88,1.88,1.89,0.27,3.55,1.11,0.0,0
gqElSdaKQTM,0.0,0.0,1.21,1.84,0.4,2.21,1.26,0.41,0.0,0.75,1.7,0.0,1.57,0.15,0.83,0.0,0.54,1
gtCLiwroru0,1.38,0.48,2.54,0.73,1.63,1.55,0.0,0.79,2.16,0.94,1.04,1.55,1.28,0.65,0.18,0.48,0.41,1
gu8mynNX5Tc,0.74,0.17,1.28,0.0,1.89,0.62,1.56,1.93,2.31,1.61,5.0,0.0,0.0,0.0,2.77,0.3,0.65,0
h1GCmRbm-YY,1.18,0.68,1.56,0.0,0.59,0.6,0.01,1.74,1.25,2.95,0.14,1.78,0.78,0.0,0.75,2.61,1.74,0
h1I-X8XLufw,0.3,0.18,0.91,1.27,0.68,0.83,0.88,1.86,0.54,1.59,0.49,1.18,0.08,0.0,1.02,3.26,1.16,1
h1Sv8VLmp1s,1.38,0.35,0.25,0.83,2.93,2.9,2.09,2.53,2.22,1.01,2.09,2.16,1.37,1.0,2.37,1.9,0.63,0
h3ZBhgAi8SU,1.57,0.0,2.13,0.66,0.67,2.68,1.1,0.54,0.0,0.0,0.88,1.05,0.0,0.0,0.99,1.57,0.92,1
h4XU2oLM1k8,0.26,1.16,0.3,3.09,0.84,0.88,0.92,0.75,1.24,0.33,1.27,0.14,0.06,0.19,2.63,2.3,0.05,1
h59_szYy7i8,2.44,2.04,0.0,0.0,2.7,3.14,1.03,3.35,1.89,0.83,0.54,2.63,0.0,0.24,2.68,2.27,0.71,0
h5HvB2tun4Y,1.7,0.0,1.29,0.7,0.97,0.66,0.0,1.21,0.46,0.27,0.58,0.68,0.0,0.12,0.88,1.03,0.0,1
h5ykol0ShrA,0.0,0.0,0.0,0.0,0.37,0.0,0.25,0.41,1.23,0.0,0.34,0.0,0.0,0.0,1.37,0.0,0.15,1
h6VxPLM9a8E,1.38,0.0,2.19,0.02,0.67,1.05,0.0,1.28,0.23,0.47,1.81,2.17,1.17,0.0,0.0,0.71,0.01,1
h74m7nB1GO4,0.61,0.04,0.0,0.54,1.83,1.15,1.05,1.95,1.8,1.3,0.54,0.0,0.0,0.0,1.97,0.61,0.0,0
h8suGS8iarQ,1.14,1.41,0.0,3.46,0.0,1.47,0.0,0.24,1.01,0.26,0.04,0.46,0.0,0.5,0.83,1.97,0.0,1
h9FLZWWDO1M,1.65,3.29,0.21,3.39,0.0,0.0,0.0,0.35,0.83,0.0,0.09,0.0,0.75,0.0,3.25,2.67,0.0,1
hDnhtyhfB78,1.94,0.98,0.59,0.0,2.22,1.28,0.71,3.4,3.45,2.27,2.03,3.09,0.68,0.11,3.17,0.02,1.84,0
hEo5d6RZtLc,1.2,0.0,1.76,0.0,1.97,1.24,0.7,1.85,1.34,2.2,0.43,1.03,2.37,0.31,2.01,0.81,0.93,0
hFUzhd-R6GQ,1.46,1.46,0.08,1.01,1.54,1.38,0.38,1.87,3.42,1.42,0.0,0.0,0.32,0.73,2.54,0.57,0.22,0
hFbjVsBRwgM,0.39,0.17,0.0,0.0,0.0,0.0,0.0,0.0,0.0,0.0,0.0,0.0,0.03,0.0,0.0,0.0,0.5,1
hHW7jcALdko,2.15,1.53,1.07,1.31,0.0,0.51,0.0,0.0,0.22,1.97,1.59,0.0,0.33,1.13,1.78,1.49,0.25,1
hIqlOdXKoW4,0.83,0.24,0.0,0.0,1.63,2.06,0.0,1.35,2.18,2.31,0.0,1.16,0.0,1.68,0.44,0.49,2.19,0
hJSge12li-E,1.93,1.34,0.46,0.9,1.82,2.99,1.3,0.78,2.29,1.73,2.26,1.98,1.42,0.82,2.65,1.89,0.4,0
hJnugH7PWko,0.4,0.0,1.75,0.0,1.51,0.83,2.06,1.61,1.26,1.17,0.18,2.13,1.87,0.29,0.27,1.55,1.32,0
hMM8ZOoJZrg,1.29,0.0,0.14,0.0,2.29,2.29,0.0,1.77,2.65,1.53,0.01,0.0,0.44,0.08,2.04,1.07,0.34,0
hQ1THksvawg,1.53,0.89,0.88,0.96,0.27,0.0,0.17,1.13,1.25,0.87,0.41,0.0,0.0,0.0,1.77,0.7,0.52,1
hQAG3DnkmIs,1.14,1.03,0.0,0.28,0.2,1.82,0.2,0.69,1.09,0.12,0.0,0.62,0.21,0.3,0.01,0.79,0.0,1
hR3wk3B9NXY,0.08,0.74,0.65,0.0,2.61,2.79,2.0,2.74,2.05,2.26,0.72,1.92,1.45,0.5,1.14,0.78,1.21,0
hSrg1_g5Abo,2.02,0.83,2.07,1.2,1.18,0.13,0.02,2.1,2.05,2.27,0.35,1.35,0.0,0.0,2.25,2.96,2.6,0
hTEgizPaodA,2.77,1.69,0.0,1.63,0.0,0.0,0.0,0.0,0.23,0.0,0.0,0.36,0.77,0.62,0.32,0.0,0.0,1
hTYcLbujo8g,1.6,2.77,1.4,2.5,0.73,0.13,0.74,0.52,0.29,1.14,0.99,0.17,0.06,0.1,2.1,1.17,0.53,1
hTa25I1SqjU,2.27,2.33,0.0,0.97,2.46,1.25,0.67,1.81,2.36,1.77,0.86,0.0,0.35,0.56,4.68,2.38,0.21,0
hTfamjedfkg,1.31,0.0,0.27,2.14,1.87,1.08,1.76,0.69,0.03,0.0,5.0,5.0,0.92,1.65,3.35,3.3,0.53,0
hVuYi1Oaxh0,1.87,0.0,0.0,2.61,0.67,1.96,1.62,1.13,0.34,0.0,0.28,0.0,0.55,0.0,2.3,1.29,0.0,1
hWCnB8IedVY,1.65,0.84,2.14,1.08,1.51,2.55,1.24,2.48,1.63,2.03,2.33,2.19,2.34,0.97,2.79,1.43,1.07,0
hX78iKdROO8,0.5,0.48,0.93,0.98,0.22,2.4,1.3,2.36,1.31,0.51,0.88,1.3,0.81,0.58,0.44,0.89,0.0,1
hY9-_1fDu6c,1.46,0.63,0.0,2.21,1.73,2.0,0.0,1.59,3.04,1.18,1.2,3.05,0.24,0.38,2.05,1.29,1.23,0
ha0qrg_P_j4,1.04,1.04,0.0,3.43,1.98,1.33,1.05,1.85,2.27,0.61,0.25,0.0,0.2,0.01,2.33,1.37,0.52,0
hh2IkTHssl8,0.0,0.0,0.0,0.0,1.31,1.41,1.32,1.13,1.01,1.78,0.56,1.11,0.32,0.53,0.0,0.31,0.02,1
hi9kU-zatf0,2.29,1.45,0.6,1.99,0.3,2.02,1.69,0.8,0.16,0.0,0.94,1.68,1.89,0.84,0.76,3.54,0.54,1
hjdUxIhF0n8,2.18,0.68,1.5,1.55,0.36,2.91,0.17,0.97,0.01,0.69,3.89,1.3,0.66,1.24,1.78,2.01,0.63,1
hk6kaIYwBAA,1.34,0.8,1.28,0.0,1.12,1.26,0.57,1.35,1.13,2.11,0.27,1.56,0.45,0.64,1.23,1.53,1.54,0
hmX-_gQPlLA,0.89,0.02,0.25,1.54,0.7,0.88,0.75,1.59,1.31,2.78,0.48,0.06,0.0,0.36,1.69,0.09,0.34,1
hofDwVkJfT0,0.97,0.0,1.77,2.26,1.41,2.03,0.0,0.77,1.21,0.75,1.62,1.94,0.92,1.46,0.15,0.0,0.22,1
hsIYutFSE_M,1.5,1.24,0.46,0.58,1.95,2.03,1.22,2.92,2.16,3.23,2.49,2.47,1.29,1.04,3.55,1.52,0.85,0
hubOhenglHM,1.08,0.26,0.78,1.94,1.16,2.17,1.24,1.08,1.55,1.49,0.99,1.8,0.8,0.07,2.41,1.49,1.56,0
hv2bg6Luih8,1.14,0.0,0.81,1.0,3.44,3.43,1.55,2.76,3.54,2.36,0.0,0.0,0.07,0.71,3.46,0.44,0.0,0
hxM0yNOnOPQ,0.1,0.0,0.0,2.03,0.34,1.19,0.51,1.06,0.22,0.0,0.91,0.66,2.39,0.65,0.0,0.0,0.0,1
hxdx7lSG0q0,0.59,0.0,1.06,0.0,0.0,0.0,0.46,0.0,0.0,0.0,0.18,0.01,0.98,0.0,0.0,0.43,0.0,1
i-2A58808Hw,0.72,0.68,0.85,1.8,2.28,1.24,0.72,2.34,3.09,1.22,0.0,0.0,0.0,0.12,1.94,0.86,0.45,0
i-qD_1SJHCA,3.09,0.0,1.33,1.1,0.0,0.0,0.52,1.98,0.23,0.59,0.43,0.13,0.0,0.0,2.11,0.38,2.17,1
i2iHSPqPJFw,0.12,0.0,0.0,0.0,2.65,1.25,0.24,1.2,3.31,1.89,0.0,0.0,0.0,0.0,1.72,0.0,1.04,0
i4q5Lcml3AI,0.52,1.4,0.0,0.03,0.35,1.22,0.0,0.45,2.21,0.36,0.0,0.0,0.0,0.0,1.79,2.02,0.17,1
i6iGPDiH3AA,1.41,0.0,1.08,0.0,1.71,1.58,0.76,2.3,1.86,2.14,0.83,0.43,0.5,0.4,0.97,0.02,0.14,0
i876LXJgsok,1.21,2.38,0.0,2.51,0.0,0.0,0.56,0.0,0.0,0.03,0.0,1.15,0.35,0.0,0.0,1.04,0.79,1
i95Km-H6KZY,1.03,0.0,2.27,1.04,0.83,2.07,0.29,1.43,0.47,0.77,1.75,0.98,0.0,0.0,1.32,2.59,0.5,1
iAgf9aWOhFM,0.0,0.0,1.52,0.0,0.21,0.09,0.0,0.74,0.27,0.0,0.53,0.0,0.68,0.0,1.2,1.11,0.18,1
iBcQxpyi1ms,0.75,0.49,1.9,0.0,2.65,2.84,3.11,2.91,1.04,2.93,1.12,0.35,0.04,1.27,1.75,0.64,0.82,0
iCQ7Uc7OpMA,1.68,0.0,1.11,2.42,2.05,1.3,0.22,0.35,2.95,1.77,0.69,0.81,0.07,0.46,1.88,3.21,0.15,0
iEoZ5KitYDg,1.02,1.21,0.0,0.22,0.89,0.85,0.25,0.0,1.66,1.61,0.0,0.0,0.87,0.7,0.66,1.44,0.61,1
iGJ3TuxAGTM,1.71,0.0,1.15,1.82,0.0,0.0,0.87,0.0,0.0,0.0,0.26,0.0,0.0,0.0,0.56,0.16,0.0,1
iI8upcCsuK0,0.55,0.0,0.0,0.87,2.52,0.19,0.19,1.61,3.02,1.57,0.65,0.0,0.39,0.0,3.44,0.1,0.55,0
iLpj6qUqHyM,0.63,0.35,0.0,0.0,1.85,1.36,0.22,1.78,1.8,0.66,0.21,0.0,0.81,0.0,2.73,0.17,0.0,1
iNALxHVieYg,0.32,0.57,0.67,0.0,2.24,2.54,1.46,2.0,2.72,2.65,0.56,0.44,0.34,0.0,2.25,1.31,1.9,0
iOwbUK5Udrk,3.06,0.98,0.5,0.83,2.63,2.5,0.53,3.12,1.58,1.46,0.0,0.0,1.12,0.0,2.96,0.0,0.0,0
iR6h2b8PFKY,0.88,0.01,0.0,0.67,0.68,0.0,0.17,0.48,1.29,0.43,0.76,1.63,0.76,0.42,0.0,1.24,1.08,1
iX_C-EA0sDM,1.4,1.54,0.39,0.0,2.1,0.9,0.4,3.17,3.25,1.43,0.07,0.0,0.18,0.82,2.63,2.18,0.28,0
iYNHOoADEN0,1.06,0.33,1.25,0.85,2.51,3.42,1.69,1.93,2.45,1.42,2.28,2.17,0.92,0.87,2.33,1.75,0.74,0
iYQ6rh7JAvQ,1.02,0.35,0.24,1.9,0.74,1.48,0.21,1.86,0.25,0.0,1.02,0.88,0.0,0.0,0.82,0.99,0.76,1
iYkL4Wzahvs,1.36,0.0,0.38,0.1,1.4,1.41,0.46,0.99,1.08,0.17,0.0,0.0,0.06,0.0,3.81,0.66,0.0,1
i_9KzfOYOUQ,3.04,0.69,0.94,1.03,0.7,1.2,0.0,0.88,0.65,2.14,0.0,0.0,0.25,0.0,1.73,1.14,1.74,1
ic00sGYR0as,0.04,0.23,0.0,1.18,0.71,0.41,0.0,1.19,2.19,1.69,0.0,0.0,0.0,0.0,2.28,0.35,0.0,1
ico4xVtTMF0,0.0,0.0,0.0,0.24,1.97,2.31,1.22,3.17,0.49,0.0,0.89,3.35,0.13,0.77,0.0,0.0,0.35,0
ifF9nRfJyfM,1.72,2.3,1.26,1.02,0.0,0.0,0.0,1.07,0.62,0.0,0.0,0.58,0.0,0.01,0.45,0.88,0.33,1
ifbHas8TkG8,1.55,3.13,0.32,0.81,0.71,0.0,0.52,1.37,1.8,1.45,0.58,0.33,0.32,0.78,2.43,1.16,0.37,1
ig-D_ojEzAc,1.79,0.07,0.92,0.66,1.81,3.44,1.24,1.75,2.22,1.19,1.33,1.98,1.9,0.81,2.11,1.96,0.0,0
ignMZ_hH4xU,0.84,0.0,0.83,1.78,1.86,1.62,1.0,2.2,2.56,1.99,0.51,0.0,0.06,0.19,2.04,0.1,0.71,0
ihMWflAISbg,1.11,1.4,0.89,1.28,0.03,0.0,0.0,0.0,0.0,0.22,0.22,0.0,0.0,0.0,2.7,1.21,0.03,1
iiT5AP7KVSY,2.17,0.46,0.23,2.49,0.44,0.91,0.03,5.0,0.18,0.76,1.5,1.12,3.44,0.0,1.48,0.0,1.24,0
ijQREsw3ZQw,0.76,0.6,0.0,0.0,0.86,0.91,0.02,0.89,0.72,0.33,0.77,0.0,0.28,0.0,1.11,0.29,0.64,1
ijX7huzRkUI,0.0,0.0,0.09,0.88,0.0,0.0,1.07,0.55,0.61,0.0,0.0,0.0,0.0,0.0,0.2,0.0,0.0,1
ip4GCBsb77g,0.08,0.0,0.0,0.0,0.69,0.06,0.94,0.0,0.0,0.02,0.6,0.23,0.0,0.24,0.0,0.33,0.0,1
iqPwhd-Cr4o,2.86,1.44,1.35,3.19,2.72,2.02,2.22,3.16,3.45,2.02,0.91,0.8,0.29,0.0,4.47,1.38,0.0,0
irj36bPIx8c,1.58,0.52,1.84,1.55,1.8,1.41,1.44,2.02,2.74,2.26,1.34,1.35,2.15,0.93,2.47,1.18,0.44,0
isjuSfsRcqc,1.92,1.5,0.0,2.17,1.36,2.59,1.02,1.34,1.26,0.36,0.98,0.0,0.0,0.0,2.92,1.84,0.46,0
izC3PpKfnhc,1.13,0.25,0.86,2.45,1.11,1.93,4.62,1.56,1.86,0.74,5.0,0.45,3.42,2.77,1.09,0.18,0.59,0
iztDMaiIENY,1.5,0.43,0.01,1.45,0.0,0.0,0.55,0.0,0.67,0.0,3.26,3.03,1.02,0.39,1.94,0.0,0.0,1
j1HoZD__u-A,1.06,1.09,1.75,1.48,0.0,0.83,0.0,0.0,1.2,0.09,2.44,1.49,0.0,0.44,1.32,5.0,0.19,1
j2sQZ-Yf34I,1.4,0.73,1.65,0.19,1.14,0.43,0.73,0.0,0.0,0.0,0.13,0.0,0.0,0.0,4.18,2.07,0.87,1
j3Y5XK7jJjk,3.23,2.28,0.0,1.96,1.29,1.48,1.18,1.42,2.17,0.29,2.27,2.64,0.52,1.02,2.46,1.58,0.44,0
j3YqeT1NXzE,0.82,0.61,0.01,1.89,0.0,0.0,0.0,0.0,0.0,1.61,0.32,0.0,0.0,0.89,0.26,0.34,0.0,1
j4XJz7KszMs,0.6,0.77,0.0,2.63,1.43,0.8,0.81,0.41,1.0,0.0,1.72,0.32,0.85,0.0,0.87,2.3,0.0,1
j6exvKT_RkM,1.12,0.86,0.5,0.28,2.83,3.87,0.38,2.12,2.92,1.74,0.27,0.0,1.2,0.0,2.92,0.24,1.58,0
j6xODJIDMlk,1.93,1.35,1.53,0.85,0.16,0.0,1.96,1.02,0.57,0.34,1.04,0.63,0.96,0.37,0.53,1.29,1.32,1
j799LRuKk2U,0.0,0.0,2.05,0.0,0.95,1.59,2.23,1.51,0.0,1.15,0.65,0.37,0.0,0.12,0.0,0.0,0.0,1
j9bHPb0tlJo,2.3,0.19,1.73,1.8,1.75,3.27,0.5,1.03,1.26,1.53,1.25,0.79,0.77,0.0,0.76,1.61,1.48,0
jBhzBCoyJEc,0.86,0.13,0.95,1.33,3.33,2.39,2.21,3.87,2.33,2.22,1.58,1.36,1.16,0.32,1.29,1.68,2.23,0
jEkPH8IdduY,0.31,0.0,1.07,0.0,0.99,0.44,0.31,0.65,0.48,0.0,1.26,0.84,0.0,0.0,0.0,0.0,0.26,1
jGXgjoZLhBU,1.38,1.22,0.0,0.0,2.33,2.75,2.12,1.41,2.52,0.52,0.48,0.0,1.11,0.0,2.79,0.9,1.26,0
jI7eN3GJwzM,2.08,0.22,0.78,2.16,3.07,0.85,1.38,3.42,1.94,3.28,0.96,0.58,0.0,0.0,2.57,0.36,1.53,0
jJo9bBWithA,1.1,0.0,0.48,3.09,0.8,1.26,1.26,1.03,2.37,2.62,0.79,0.0,0.69,0.0,1.53,0.76,0.0,0
jLO5XH_rCdQ,2.03,0.04,2.37,1.34,1.92,3.7,0.95,2.73,3.35,2.08,1.23,0.01,1.06,1.11,2.95,0.63,0.89,0
jLeBpyjc_A8,1.91,1.62,0.0,0.78,1.92,1.99,0.86,1.6,2.42,0.57,0.42,0.0,1.79,0.6,3.31,0.2,1.15,0
jNHmcg_IT90,2.16,1.79,2.74,2.23,0.81,1.29,0.0,3.36,1.69,1.46,0.96,0.99,0.23,0.0,2.22,1.3,0.83,0
jNRcRMX1cg8,0.0,0.0,0.0,0.0,0.59,0.56,0.0,0.04,1.56,1.58,0.0,0.0,0.38,0.0,1.58,1.77,1.19,1
jPrtg4ZZYww,1.94,0.84,0.74,1.3,0.14,1.32,0.0,0.56,1.27,0.84,1.37,1.94,2.59,0.0,0.97,1.35,0.24,1
jQUxYiSOtAQ,0.5,0.0,0.27,0.0,0.91,0.92,0.0,0.77,1.17,1.46,0.0,0.0,0.27,0.0,0.43,0.73,1.79,1
ja7aMIsr2tM,1.95,1.71,0.15,2.48,1.12,3.08,0.0,0.25,1.26,1.08,0.0,0.11,1.02,0.12,1.43,1.68,1.25,1
jeZXYc2wIJw,1.1,0.0,2.61,1.86,0.84,0.67,0.19,2.74,0.8,0.59,1.17,0.0,0.68,0.43,0.15,0.0,0.39,1
jeyDC8xrwt4,1.42,1.09,0.0,2.8,0.67,0.88,0.68,0.9,1.69,0.33,1.52,1.21,0.68,0.61,2.6,1.14,0.1,1
ji1j_pWB1eo,1.94,0.74,1.59,1.33,2.8,1.22,1.91,3.14,1.79,2.39,1.01,2.02,0.95,0.54,2.11,0.26,0.01,0
jiQqFANdx3U,0.78,0.35,0.0,0.0,1.88,1.45,1.11,2.8,2.54,2.71,0.48,0.72,0.11,0.9,1.76,0.0,1.52,0
jiT0MP2torM,0.0,0.0,0.38,0.95,0.51,0.73,0.3,0.85,1.08,0.0,0.0,0.0,0.52,0.0,1.07,0.07,0.0,1
jigHmoPcAlI,1.25,2.25,0.0,0.9,1.61,1.43,1.83,1.01,1.29,0.54,0.0,0.0,1.38,0.71,2.6,1.18,1.66,0
jlbhY9obz8Y,1.5,0.0,1.18,1.88,1.65,2.53,1.04,2.49,1.69,1.67,0.41,0.0,1.26,0.29,1.59,1.32,0.49,0
joC-1ozWn4g,1.98,0.19,0.0,0.9,0.98,1.86,0.16,2.26,1.25,2.95,2.03,0.0,2.75,0.0,1.39,0.0,0.83,0
jpoYjOLsqag,1.08,2.07,0.61,5.0,1.83,1.2,0.0,0.3,2.42,0.92,0.37,0.0,0.54,0.66,2.15,0.98,0.68,1
jr0XlcFxLH4,0.95,0.24,1.55,2.96,1.23,1.86,1.62,0.0,0.34,1.29,1.13,1.45,0.51,1.39,1.62,2.89,0.11,0
jravO2fkiOk,0.54,0.13,0.62,2.32,1.13,1.35,0.06,0.43,1.13,0.0,4.87,0.85,0.0,0.0,0.3,2.81,0.55,1
jxnG4c4dHRU,1.81,0.72,1.18,2.19,1.22,1.75,1.01,2.06,1.4,1.75,2.04,1.07,1.22,0.47,1.38,1.91,0.34,0
k1ZKMHbV9Ik,1.58,0.32,0.58,1.33,1.14,0.88,0.66,1.37,0.0,0.0,0.61,0.65,0.77,0.0,0.18,0.78,0.0,1
k1fpYXqUNcU,0.97,0.1,0.0,0.0,0.09,0.67,0.0,0.06,1.05,0.45,0.0,0.0,0.0,0.0,0.14,1.14,0.0,1
k2Pfy6gdAsA,1.26,0.74,0.0,0.74,2.1,2.69,1.62,1.52,1.5,1.49,2.11,2.27,1.51,1.17,0.86,1.94,0.75,0
k3pmiAYwBBs,1.18,0.8,0.0,0.65,1.43,1.83,1.21,1.02,2.42,0.97,2.22,2.69,1.09,1.32,1.95,5.0,0.59,0
k3sMgLi7Ka8,2.45,1.03,1.25,0.91,0.0,2.0,0.0,0.0,0.0,0.12,0.45,0.95,1.2,0.0,0.0,0.22,0.0,1
k4hEEJep_cc,0.28,0.0,1.4,0.0,0.61,0.0,0.52,1.49,0.72,1.31,0.48,0.83,0.0,0.0,0.64,0.38,0.37,1
k4w_63-AP0s,0.65,0.0,0.0,0.0,1.76,1.01,0.0,2.89,1.5,2.08,0.77,0.0,1.27,0.0,1.03,0.0,0.12,0
k5iAVnIZztk,2.3,1.06,1.68,0.21,1.27,0.0,0.64,0.73,1.59,2.19,1.06,0.29,0.15,0.0,0.78,0.0,2.03,1
k8GcaxVzpHQ,1.08,0.95,0.75,0.89,0.0,0.0,0.0,0.0,0.66,1.06,0.0,0.0,0.0,0.0,1.38,0.88,0.36,1
k8suGOSZcrQ,0.92,0.92,0.0,1.12,2.47,2.09,2.11,2.27,1.92,0.0,0.59,0.19,0.08,0.0,2.69,0.12,0.57,0
k9rwYsto_ms,2.26,2.55,2.46,2.89,1.54,2.24,2.14,1.76,0.5,3.1,1.1,0.67,0.25,0.0,1.83,0.55,1.66,0
kCndgU796J8,0.0,0.0,0.69,0.0,0.0,1.82,0.0,0.97,0.68,0.18,0.24,0.0,0.47,0.21,0.73,0.0,0.43,1
kCxt924FTlk,0.49,0.0,2.5,1.2,0.59,0.07,0.35,2.72,1.45,0.99,0.53,1.17,0.0,0.0,1.35,0.86,0.0,1
kH7XodZxpz4,1.85,0.0,2.02,0.0,0.0,0.0,0.2,1.33,0.0,0.79,1.51,2.3,0.0,1.03,0.0,0.0,1.11,1
kHH7FuS2w_U,0.52,0.99,0.02,2.07,0.23,1.03,0.81,0.72,0.37,0.47,1.15,0.65,0.98,0.23,0.57,0.73,0.4,1
kIFShjIYfuM,0.11,0.0,1.4,1.46,0.58,1.03,1.27,0.0,0.58,0.0,0.53,0.0,0.0,0.59,0.0,0.01,0.68,1
kJ6B1zVKCXc,2.69,4.04,1.35,1.74,0.04,0.0,0.13,0.21,0.44,0.43,0.34,0.72,0.34,0.0,2.7,1.77,1.15,1
kKYg4yxZBno,0.66,1.03,0.0,2.83,0.52,1.66,1.06,0.37,0.75,1.09,0.19,0.11,0.95,0.0,0.74,1.05,0.75,1
kMmWSCJq7pM,1.22,0.31,0.05,0.75,0.96,0.48,0.0,1.27,1.87,2.57,0.34,0.13,1.05,0.07,0.0,0.0,0.0,1
kMv7Ep3FcZk,1.4,0.0,0.46,1.91,2.2,1.21,0.41,3.05,1.54,2.38,0.71,0.0,0.62,1.71,2.49,0.0,1.29,0
kNHx8_mJJRs,5.0,5.0,1.44,5.0,1.54,5.0,0.64,1.97,2.11,4.09,4.56,0.34,1.39,5.0,1.93,1.37,0.55,0
kOko-qjK1GE,0.92,0.0,0.04,0.13,0.04,1.32,0.71,0.0,0.0,0.0,0.77,0.0,0.55,0.0,0.0,1.84,0.0,1
kQPI7qJWnAI,2.88,0.73,0.81,2.29,0.05,0.0,0.31,1.23,0.41,2.48,3.12,0.98,0.0,1.08,1.66,0.0,0.75,1
kQz8xNJ_AZU,3.91,4.8,2.08,2.17,1.15,1.7,1.0,1.98,2.55,2.13,1.74,1.44,0.38,0.0,2.21,1.4,2.19,0
kRMi65Gm5n4,1.76,1.32,0.0,2.2,1.91,1.69,2.11,0.58,1.89,0.21,1.98,2.82,2.47,0.91,1.63,1.91,1.56,0
kVEZngZxC0Q,1.15,1.06,0.93,1.22,3.07,2.84,1.53,2.82,3.35,2.62,0.34,0.0,0.85,0.19,2.67,0.01,1.02,0
kVZXeEPl7gc,2.05,0.9,1.91,0.6,1.44,1.71,1.36,0.53,1.08,0.53,2.26,2.69,0.55,1.06,1.62,1.85,0.43,0
kWzLkfP_zhk,0.29,0.0,1.02,0.0,3.67,2.07,1.08,1.06,2.31,2.49,0.49,0.55,1.46,0.41,0.18,0.01,0.82,0
kXmMb4H4UUg,1.23,2.33,0.71,1.42,1.19,0.0,1.38,2.44,1.93,1.5,0.24,0.99,0.67,0.25,1.23,0.2,0.2,0
ka-STLHgGpo,0.09,0.0,1.12,0.75,0.64,0.47,1.24,0.73,0.0,1.27,0.67,0.0,2.51,0.81,0.0,0.0,0.0,1
kad73yuqYgk,1.49,0.0,0.0,0.0,0.0,0.0,4.44,0.0,0.0,0.0,1.02,5.0,4.96,0.0,0.0,5.0,0.0,0
kdhFonY_U9M,0.14,0.58,0.39,1.26,1.24,0.79,1.33,1.6,1.08,0.95,0.61,0.0,0.0,0.0,2.2,0.85,0.38,1
kgG1oJiE5qs,1.84,3.65,0.0,2.82,2.68,1.15,1.64,2.32,1.44,0.58,1.19,0.41,0.98,0.54,0.33,0.96,1.09,0
kgUAiUr2_MY,0.0,0.0,2.18,0.33,0.0,0.0,1.48,0.0,0.0,0.0,1.93,0.0,0.0,0.45,0.0,2.93,1.31,1
khNjjnnoVqo,0.26,0.0,2.07,0.0,1.29,1.46,0.82,1.38,1.87,1.05,0.23,1.35,0.11,0.68,0.52,0.0,0.35,1
kiTQxiSc-0A,1.91,2.0,1.23,1.56,0.09,2.4,0.2,0.61,0.45,0.7,0.95,0.85,1.72,0.42,0.75,1.54,0.98,1
kjM9jQYqbrM,1.42,1.07,0.21,1.21,1.87,1.14,1.19,2.27,1.6,3.1,1.03,0.54,0.54,0.35,1.82,2.28,2.01,0
kns1fdrf4VU,1.2,1.89,0.0,0.34,0.0,1.87,1.06,1.16,0.34,0.32,0.45,0.5,0.0,0.85,0.0,0.8,1.41,1
knwZIMcM5D8,0.96,0.0,0.77,1.47,0.91,0.0,1.45,0.46,1.93,0.5,0.51,0.0,0.45,0.1,0.31,0.0,0.0,1
koifioklSvM,0.75,0.69,0.79,1.36,0.39,2.56,0.96,1.76,0.45,0.63,1.85,1.95,0.0,0.0,0.46,0.18,0.49,1
kp6yim5sllk,1.39,0.98,0.96,1.51,0.99,2.78,0.29,1.26,2.0,0.74,2.6,1.52,0.89,0.4,0.33,1.3,0.18,0
kq-KPrD_Hl8,0.9,0.69,0.77,1.86,0.32,2.24,0.0,0.97,0.63,1.91,0.78,0.6,0.94,0.51,0.38,0.82,1.68,1
kqDxAhCCzMk,1.92,1.65,0.0,0.0,1.1,1.07,0.32,0.34,0.99,0.73,0.21,0.0,0.0,0.0,2.22,1.27,1.46,1
kqYw9hDk4fA,1.45,0.07,2.43,0.03,0.96,2.65,1.97,1.02,0.08,0.0,0.72,0.8,0.0,0.0,1.29,0.0,0.22,1
krm9y3dkKzo,1.15,0.79,0.97,2.26,0.97,1.71,0.55,1.61,1.47,4.48,0.82,0.05,0.67,0.93,1.27,1.68,0.61,0
ks84pus_Xvk,0.1,0.0,0.0,0.33,2.39,2.56,1.2,4.16,1.91,2.0,1.21,3.5,1.91,1.39,2.32,5.0,2.01,0
ku0ENCQQvyI,1.15,0.0,0.75,1.14,0.76,2.19,0.53,1.24,0.04,1.21,1.15,0.3,1.94,0.37,0.85,0.89,1.5,1
kvbxSHTW7-A,0.11,0.0,1.18,1.54,1.01,2.04,0.55,1.16,0.37,0.85,0.0,0.0,0.58,0.7,0.0,1.02,0.16,1
kwW9XFROSis,2.45,0.0,1.53,0.0,1.49,1.62,0.16,1.38,1.45,2.21,1.15,1.85,0.51,0.52,1.16,0.0,1.73,0
kxWnZj9Ke2U,1.24,0.89,0.0,2.93,2.62,1.95,0.92,1.58,2.82,2.34,1.82,0.38,0.24,0.59,2.05,1.45,0.45,0
l0ax7uKaDh0,2.07,0.48,1.47,1.51,1.61,2.37,1.2,1.77,1.88,1.91,1.5,0.85,1.47,0.0,1.63,0.16,2.37,0
l6nVBzWat3g,0.0,0.0,0.39,0.86,0.37,1.06,0.0,0.0,0.68,0.73,0.0,1.0,1.01,0.69,0.48,1.74,0.0,1
l8FgrLYgvJU,1.71,1.54,0.34,0.75,0.56,1.2,0.53,1.47,1.47,0.68,0.56,1.33,0.74,0.36,1.56,0.47,0.42,1
l8_mBkQAj0Y,2.54,1.94,1.04,1.13,2.18,1.35,0.0,2.02,1.64,1.06,2.54,2.31,0.55,0.02,0.2,0.0,1.27,0
l8rYbHDHQpM,0.46,0.2,0.59,2.06,2.37,1.63,1.38,2.73,3.86,1.13,0.0,0.0,0.27,0.37,3.05,0.72,0.03,0
l9UlnZaDsvI,0.0,0.0,0.44,0.25,2.87,2.19,0.47,1.76,2.83,1.84,0.06,0.0,0.13,0.28,1.69,0.84,1.65,0
l9mIUDxVRv0,1.41,1.68,0.0,0.0,0.99,1.08,0.54,0.26,1.46,0.0,0.08,2.41,0.08,0.2,1.17,3.32,2.49,1
l9mdbhcPWDU,0.82,0.0,1.33,0.95,0.65,2.82,1.41,1.18,1.62,1.27,0.44,0.11,1.68,0.16,2.17,0.0,0.52,0
l9v3ShXJz7k,0.0,0.0,0.48,0.61,2.4,3.29,1.3,1.82,2.65,2.69,0.0,0.0,1.14,0.53,2.1,0.52,2.03,0
lAMofPlgUAM,1.21,0.0,2.44,0.94,0.0,1.09,0.96,0.48,0.0,1.21,1.26,0.36,0.0,0.39,1.13,0.89,0.05,1
lATWM5cZAzg,0.7,0.24,0.83,0.55,0.5,2.1,0.0,0.28,2.47,1.34,1.27,0.01,1.0,0.4,1.42,2.68,1.33,1
lCFtQY5b9D8,0.87,0.12,0.77,0.76,0.31,0.19,0.45,2.23,1.53,0.38,0.38,1.27,0.46,0.38,0.0,0.44,0.46,1
lEYlJrg4HUc,1.01,2.32,0.02,0.13,0.0,0.0,0.0,0.0,0.0,0.0,0.35,0.0,0.0,0.0,2.08,1.49,1.95,1
lJDwtwHz-mY,1.06,0.0,0.46,1.53,0.0,1.1,0.0,0.49,0.74,1.96,0.5,0.66,1.15,0.55,0.1,1.13,0.26,1
lJK6Lyogc9I,2.01,1.81,0.87,2.99,0.83,1.08,0.0,1.87,0.98,0.0,0.35,0.0,0.65,0.0,3.03,0.0,0.0,1
lKh3kVzr1d0,0.0,0.58,0.0,1.79,0.0,0.0,0.0,0.0,0.0,0.58,0.21,1.58,0.0,0.6,0.0,1.05,0.0,1
lLGbhA7xnvU,0.0,0.02,1.51,0.0,0.82,1.59,1.33,1.71,1.44,1.35,2.02,3.81,1.51,0.5,0.98,0.84,1.17,0
lOEkybM1OVI,0.91,0.64,0.0,0.0,1.48,1.76,0.0,1.53,2.53,1.34,0.66,0.0,0.0,0.57,3.56,1.35,0.0,0
lQWc-_bBWQc,0.0,0.08,1.13,0.28,0.0,0.0,0.0,0.0,0.0,0.0,0.85,1.81,0.0,0.09,0.0,1.39,0.37,1
lThVy8TD3yg,0.0,0.0,0.0,0.0,1.79,2.18,1.55,1.69,0.84,0.52,0.78,0.0,1.81,0.0,1.83,0.04,0.55,0
lVOzzo8Uh9k,0.84,0.41,0.0,0.0,0.34,1.7,1.01,1.08,0.23,0.0,0.52,1.44,1.27,0.07,0.0,0.0,0.07,1
lXxABQpAEIc,1.89,0.91,1.59,1.4,1.26,0.43,0.8,1.17,2.21,1.0,1.16,1.21,1.0,0.59,1.6,1.17,1.83,0
lYdV-cTvjOM,0.45,0.0,0.7,0.15,0.0,0.43,0.0,0.0,0.0,0.0,2.27,0.0,0.0,0.0,0.0,0.0,0.11,1
lZXDClzL8m8,2.08,0.55,1.34,2.12,0.85,2.22,0.84,1.09,0.7,1.54,0.58,1.84,0.79,1.17,0.37,1.51,1.53,0
l_4wqkc2Aas,1.64,0.55,0.29,2.43,0.7,0.32,1.96,2.37,1.2,1.22,0.12,1.37,0.9,0.28,1.05,1.9,0.0,0
laJP2x0foJE,0.87,0.71,2.57,0.81,2.27,1.89,0.7,3.61,2.12,2.19,0.32,2.15,1.22,0.52,3.3,1.41,1.56,0
larl2Yh9OKc,1.97,0.0,0.88,1.06,1.9,3.72,0.93,2.46,1.92,0.89,1.17,0.0,2.38,0.0,3.31,2.56,1.41,0
lb7FhsJanfQ,1.68,0.0,2.63,0.44,0.0,0.0,0.34,0.59,0.0,0.0,0.0,0.0,0.02,0.24,0.29,1.09,0.0,1
lbqWJwgrTu8,1.96,2.14,0.2,3.41,0.64,0.0,0.0,1.45,0.52,1.94,1.14,1.35,1.87,1.18,0.47,1.33,0.0,1
leI26ssf03c,2.01,0.59,2.09,1.73,2.59,1.92,0.15,2.23,3.11,1.75,1.32,0.0,0.96,0.0,3.42,1.61,0.05,0
lhrnM4b049c,2.43,1.05,2.13,2.57,1.74,0.45,0.34,2.27,2.86,1.11,2.0,1.16,2.6,0.18,2.84,2.41,0.05,0
lk1gjDUnzT8,0.18,0.0,0.0,0.0,0.75,1.81,0.7,2.72,2.91,0.82,0.21,0.0,0.0,0.0,2.58,0.0,0.11,0
lmrf2EjUVa0,0.87,0.43,0.0,0.07,0.44,0.0,0.97,0.0,0.33,0.0,0.0,1.24,0.0,0.3,0.0,1.78,0.87,1
loOtFXi1g64,1.25,0.0,2.03,1.34,0.15,1.66,0.96,0.9,1.02,0.43,0.0,0.15,0.0,1.01,0.48,1.79,0.47,1
los0jDQ1JgQ,2.65,4.05,1.3,4.23,0.6,0.34,0.79,0.88,1.24,2.13,2.02,0.06,1.08,0.09,2.9,0.57,1.15,0
lpO1wXhWsQA,2.42,0.84,1.8,2.41,2.34,1.45,1.09,2.66,2.74,2.1,1.35,0.61,1.01,1.32,2.64,0.99,0.94,0
lpeANkYcvbY,2.26,0.06,1.65,2.85,1.7,2.91,2.44,1.26,1.34,2.85,0.43,1.28,0.14,1.09,1.65,1.53,1.25,0
lqRhbxZqPus,4.31,4.35,1.4,2.07,0.78,0.78,0.59,1.28,2.26,2.74,0.42,0.8,0.01,0.0,2.26,1.08,0.15,0
lqjcBOHN7EI,1.71,2.54,0.0,3.46,0.29,0.0,0.53,0.02,0.0,0.0,0.0,0.0,0.0,0.0,3.79,0.48,0.0,1
ltjkKrv-oJc,0.59,0.59,0.0,1.12,1.98,2.15,1.28,1.35,2.92,1.63,0.83,1.39,0.53,0.0,2.02,0.84,0.56,0
luRIER1mGNM,0.7,0.0,1.17,1.66,0.59,0.0,0.85,1.56,0.03,0.16,1.1,0.8,0.0,0.0,3.36,5.0,0.0,1
lvP1kouZ24Y,0.21,0.0,2.46,1.44,0.0,2.7,1.88,1.93,0.0,0.67,0.62,0.38,0.0,0.0,1.83,0.72,0.0,1
lvm-Tc-l6xY,0.57,0.0,1.29,2.65,0.52,1.53,0.48,0.97,0.69,1.26,1.94,1.23,1.32,0.07,1.0,1.52,0.54,1
lw16DeB6zns,1.16,0.0,0.41,0.66,1.36,4.0,0.0,2.14,0.0,0.0,0.68,0.0,2.01,0.0,1.94,0.49,0.0,1
lxCfT44UssE,1.41,2.05,0.79,1.86,1.36,2.37,1.22,0.66,1.07,0.66,2.22,2.72,0.39,1.0,3.57,1.85,0.37,0
m0Ev68n4qZk,0.43,0.56,0.65,0.36,1.75,1.14,1.25,1.93,2.03,2.27,1.31,0.0,0.0,0.0,1.49,0.88,0.56,0
m231_-6LLCg,1.59,2.06,1.71,3.88,0.76,1.85,1.35,1.14,1.04,2.46,1.46,0.95,0.83,0.62,3.68,2.63,1.33,0
m4HE0vBeSRg,1.71,1.66,0.88,2.52,0.28,0.76,0.84,1.65,1.14,2.49,0.07,0.0,0.55,0.0,3.02,1.05,0.41,1
m86NIvQvo5s,1.09,0.0,0.1,3.26,0.01,0.6,0.25,0.16,1.04,1.0,1.06,0.22,1.1,0.0,2.29,0.86,2.36,1
m9qd7n_64c0,2.49,3.25,1.83,3.53,0.0,0.0,0.0,0.0,0.02,0.28,1.67,0.08,1.34,0.0,1.47,1.8,0.0,1
mBfySA46FJg,1.35,1.19,1.64,0.98,1.06,2.53,1.8,2.67,1.63,2.09,1.05,0.77,1.03,0.28,2.36,0.59,1.76,0
mBluatQv9b8,2.21,0.9,2.23,2.6,1.58,1.58,1.94,0.97,1.79,0.87,2.44,2.54,1.26,1.1,1.93,1.56,0.97,0
mDDmbmhgwO4,1.42,0.1,2.58,1.28,2.57,3.17,1.19,2.44,2.62,3.25,0.71,1.32,1.35,0.35,2.26,1.3,0.5,0
mERBc57aqTU,0.31,0.0,0.83,0.12,1.81,2.32,1.27,2.71,1.92,0.64,1.41,1.42,0.0,0.56,2.44,1.27,0.95,0
mEc4W1_D5Hc,1.46,1.36,0.26,0.49,0.07,0.75,0.43,1.15,0.72,1.66,1.39,1.8,1.21,1.26,0.0,2.65,0.56,1
mFRzWwhJYLI,2.85,1.58,0.66,2.64,1.62,2.11,0.0,1.6,3.39,3.83,0.32,1.29,0.18,1.13,2.52,1.24,0.3,0
mLYbPC_wd-8,0.85,0.0,2.36,0.41,0.08,0.0,1.74,0.67,0.0,0.14,0.34,0.0,0.0,0.0,0.0,0.03,0.0,1
mOoB0PjAdJE,1.21,2.46,0.0,1.85,0.54,0.49,0.57,1.39,1.37,0.99,0.8,2.07,0.67,0.61,1.37,1.06,0.79,1
mRiX5jv40LA,1.39,0.23,1.09,2.64,0.23,1.15,0.69,0.95,0.19,0.0,1.29,5.0,3.17,2.0,1.55,4.61,1.17,0
mTCgnJCyz2Q,1.77,0.49,1.1,1.42,1.61,0.24,1.12,3.41,3.05,1.36,0.44,0.96,0.0,0.0,1.78,0.0,0.0,0
mT_pRro6B38,2.19,2.13,1.64,0.73,0.0,0.0,0.45,0.2,0.22,0.26,0.56,0.48,0.0,1.09,0.0,0.0,2.36,1
mTmgaxtgSJ8,0.67,0.0,0.0,0.64,1.68,3.37,0.49,0.98,1.87,0.16,0.27,0.86,0.66,0.71,1.93,0.53,0.0,0
mUWhXIh5xHU,1.67,0.06,1.08,0.58,1.28,1.61,1.27,1.26,1.38,0.74,0.74,1.28,0.0,0.74,0.16,0.06,0.08,1
mVrLf63yGsg,0.15,0.0,0.7,0.09,2.76,1.55,1.5,3.61,3.15,2.69,0.11,0.0,0.93,0.0,4.16,1.54,1.75,0
mVyJCkjnzOY,0.0,0.0,0.44,0.0,2.01,1.19,0.0,2.85,2.02,2.84,4.62,0.0,1.43,0.84,2.04,0.04,0.94,0
mYua7XLdkHY,1.57,2.29,1.12,3.85,2.81,2.73,1.1,2.81,1.75,1.59,1.15,0.95,2.37,0.68,1.19,2.2,0.5,0
maxZEnpH-2I,0.37,0.0,0.0,0.0,1.17,1.47,0.47,1.31,1.81,1.84,1.28,0.0,0.0,0.0,0.23,2.08,0.6,1
mdBsUB-eJtg,1.2,1.1,0.0,2.75,0.48,1.98,0.49,1.25,0.22,0.0,0.0,0.5,0.33,0.0,2.31,0.23,0.58,1
mfWyWHZoPRg,1.22,1.01,0.21,0.7,0.17,0.0,0.43,0.81,0.35,0.49,0.56,0.03,0.2,0.0,0.7,0.1,0.62,1
mhco4-cN3QA,4.63,4.58,1.09,5.0,0.49,5.0,0.4,1.28,0.97,3.04,1.84,0.28,0.0,3.61,1.55,3.37,0.0,0
mlG8qLNmUrQ,1.91,1.71,1.87,3.49,1.66,3.53,1.07,1.47,2.51,2.03,1.39,1.46,1.16,0.14,2.87,1.09,0.0,0
mlH5KOA75pg,1.64,0.36,0.36,1.78,1.84,2.23,0.0,2.43,2.01,1.5,0.0,0.0,0.82,0.22,2.07,0.0,0.0,0
mqOY70QBz7U,1.2,0.99,0.0,0.0,0.08,0.29,0.0,0.0,0.3,0.0,0.0,0.0,0.0,0.0,0.99,1.3,0.0,1
mrCJ4PQ-5A8,0.29,0.0,0.88,0.29,0.56,2.2,0.0,0.61,0.0,0.0,1.33,0.0,0.0,0.0,1.61,0.0,0.04,1
mt09gmxkhiE,1.54,1.96,0.0,1.94,0.63,0.85,0.69,1.32,2.82,0.34,0.45,0.0,0.0,0.35,3.16,0.87,0.38,1
mtZpN3jm2bo,0.0,0.0,1.3,0.0,2.17,4.7,2.16,0.88,1.03,1.31,0.61,0.07,0.0,0.07,0.0,0.0,0.0,0
mtzp34Sr5pQ,2.11,0.63,0.8,0.46,2.84,0.67,0.23,1.94,2.38,3.64,0.21,0.05,0.0,0.54,2.87,1.29,2.42,0
muaccpoLJ1k,0.62,0.14,0.76,0.0,2.13,1.41,0.85,1.42,1.73,0.0,0.0,0.0,0.0,0.0,3.66,0.84,0.88,0
mug2fzFkNfY,1.52,2.58,0.0,4.45,1.72,1.52,0.0,1.63,2.21,1.68,0.93,0.69,0.56,0.46,1.36,1.18,0.0,0
mv6aVF8mvpE,0.42,1.01,1.49,1.14,1.96,1.87,0.0,0.07,0.21,0.0,4.4,1.21,1.26,0.33,1.0,3.51,1.71,1
myUaDskWx5I,0.79,1.07,0.0,0.0,2.4,1.34,0.63,3.05,2.64,2.34,0.49,1.39,0.84,0.0,1.29,0.0,1.2,0
mz--oifhkeI,2.29,0.0,1.97,1.1,1.4,1.23,0.21,1.03,0.38,2.16,0.24,0.21,0.0,0.12,1.77,3.61,0.44,1
mzFTUdpTEhg,0.0,0.0,0.51,0.0,0.0,0.0,0.0,0.07,0.15,0.0,1.89,1.73,0.0,0.0,0.0,0.23,0.44,1
n-878p2rLmA,0.76,0.0,0.06,0.0,0.6,0.73,0.39,0.0,0.0,0.0,0.34,0.0,0.0,0.0,0.07,0.78,0.75,1
n1US9aYYpbY,0.39,0.0,0.34,0.0,0.6,0.0,0.0,0.0,1.17,0.0,0.77,0.0,0.0,0.0,0.22,0.0,0.0,1
n2QQE2QgGt4,0.0,0.0,0.0,0.0,1.84,3.55,0.0,1.06,1.21,0.0,1.19,0.91,1.28,0.45,0.0,0.0,0.26,1
n2oup0I-WGE,3.74,3.66,1.41,4.62,0.37,2.65,0.33,2.54,0.56,0.52,1.1,1.23,3.07,0.49,2.72,0.41,0.59,0
n3FUnmerw8U,0.76,0.97,0.0,1.12,0.0,0.0,0.0,1.08,0.0,0.0,0.51,0.42,0.65,0.0,0.0,1.55,0.0,1
n4DJD2NH7ns,2.46,0.88,0.03,2.41,1.15,1.94,0.65,1.79,0.75,1.19,0.68,1.11,0.71,0.35,1.02,0.68,1.49,0
n7cELnCHIb0,0.0,0.0,0.0,0.0,1.82,1.74,0.55,1.98,2.55,0.67,0.09,0.0,0.25,0.21,2.49,0.48,0.0,0
n7k_AWPGNrc,0.0,0.0,0.0,0.0,2.45,2.51,0.0,1.45,2.54,1.27,0.33,0.0,1.12,0.0,1.93,0.0,0.12,0
nC_DuwBzcVg,1.73,0.78,1.42,1.45,1.23,1.63,1.5,1.75,1.67,2.33,2.34,2.48,1.87,0.96,1.11,2.46,1.49,0
nCelrgdKmj0,1.85,0.0,0.78,3.54,0.25,2.13,0.25,1.33,1.18,0.91,0.56,2.25,2.37,0.0,0.77,1.38,0.64,1
nDG6AXKLQgU,2.02,0.77,1.85,1.55,1.41,3.18,0.77,1.44,2.09,3.26,3.19,1.32,1.39,5.0,2.4,4.04,1.02,0
nE5UNQxN6MM,1.82,0.7,0.11,1.19,2.08,1.84,0.54,2.97,3.43,2.57,0.0,0.51,0.53,0.0,2.99,0.74,0.31,0
nEZXpj9pZi0,0.81,0.43,0.77,0.65,0.41,0.08,0.0,1.16,0.0,0.0,1.28,0.0,1.58,0.0,2.99,4.84,1.1,1
nF9nuPDpw_0,1.67,2.6,0.0,2.12,0.0,0.57,0.0,0.0,0.82,0.0,0.8,0.64,0.0,0.0,0.0,1.17,0.0,1
nIX22E67-Eo,2.41,2.3,2.47,1.57,1.95,1.41,0.55,2.36,2.78,2.29,0.6,0.29,0.89,0.36,2.46,1.82,1.17,0
nO263rVKTNc,1.53,0.0,0.78,2.38,1.7,1.8,1.19,1.85,1.91,0.67,0.33,0.0,0.01,0.0,1.8,0.02,0.32,0
nTIF0fO87Ys,0.0,0.0,0.07,0.0,1.34,0.0,0.0,0.56,1.78,1.63,0.15,0.0,0.55,0.0,0.66,0.3,0.0,1
nUVpv2U3IcU,5.0,5.0,1.36,5.0,0.14,5.0,0.0,2.35,1.08,4.59,4.59,0.0,0.24,5.0,3.99,0.28,0.0,0
nWub1_961b0,1.31,0.57,0.32,1.09,1.83,2.74,0.47,0.81,0.86,0.36,2.26,1.8,1.34,0.42,1.71,0.0,0.22,0
nY-YiI3hP_c,1.8,0.0,1.32,0.33,0.92,1.59,0.16,0.21,1.73,1.55,0.82,0.58,1.07,0.06,0.17,0.81,0.0,1
ncM9ij4xDt4,0.27,0.0,1.84,1.27,0.1,0.56,0.8,0.82,0.09,0.55,0.27,0.0,0.0,0.0,0.64,0.0,0.0,1
ncpoU2nmIWI,1.94,1.7,0.0,3.58,1.78,0.85,0.06,0.94,2.83,0.4,1.52,0.66,0.08,0.0,3.55,0.03,0.41,0
ngMwK3xf6uc,2.03,1.76,0.79,3.9,0.98,1.46,0.71,0.88,1.64,2.87,0.92,0.89,1.94,0.92,2.13,2.56,0.13,0
ngPSGmNw8bk,3.61,1.78,0.0,1.64,0.83,0.6,0.0,0.55,1.63,0.0,0.08,0.0,3.5,0.0,0.49,0.0,2.46,1
ngqsKTbxzt4,2.73,0.77,1.17,0.27,3.9,2.72,1.96,4.03,1.35,0.71,1.18,1.28,0.0,0.26,3.44,3.26,0.2,0
nhnmj-On7XQ,0.0,0.0,0.0,0.59,0.0,0.0,0.64,0.0,0.0,0.0,0.83,0.0,0.18,0.0,0.46,0.02,0.0,1
nk5Dclo0Pbg,0.97,0.7,0.39,4.22,2.23,1.79,1.21,1.68,1.88,0.58,0.13,0.22,0.84,0.0,2.53,1.74,0.57,0
nlCA_i_uvDs,1.04,0.0,1.37,1.69,1.82,1.86,1.03,2.33,1.63,3.01,0.83,0.36,0.83,0.23,1.15,0.82,0.57,0
nmUROqCb1eA,1.03,2.14,1.26,3.22,1.15,2.28,0.07,1.03,1.5,1.41,0.04,0.0,0.0,0.0,4.1,1.64,0.0,0
nqz1BBMWWMQ,2.01,1.11,0.0,3.46,0.18,1.3,0.04,0.0,0.0,0.0,0.66,0.0,0.22,0.0,1.04,0.87,0.0,1
nrNVsAnmhqg,1.46,0.24,0.63,0.67,1.32,1.84,0.37,1.44,2.1,0.01,0.85,0.4,0.36,0.26,1.61,0.8,0.66,1
nsQorxog4pw,0.85,0.51,1.59,1.54,1.78,2.91,1.52,2.89,2.32,1.46,0.44,0.99,0.77,0.41,2.37,0.96,2.22,0
nu3_Dko3ETo,0.0,0.0,1.5,1.62,0.0,0.0,0.86,0.0,0.0,0.0,1.84,0.0,0.0,0.2,2.42,4.71,0.69,1
nwCLiX26A7Y,2.45,0.12,1.76,1.12,2.35,3.44,2.12,1.53,1.68,1.31,0.04,0.38,1.55,0.27,1.63,1.92,1.08,0
nycYmrpJcbY,1.01,0.62,0.59,3.2,2.29,1.53,1.31,1.8,1.71,0.92,2.42,2.31,0.51,0.98,2.14,1.51,1.3,0
o0fdUa1b3i0,1.28,0.58,1.5,2.1,0.47,1.06,1.05,2.59,1.3,0.7,0.81,0.85,2.08,0.42,1.74,2.52,1.32,0
o1QveClsSHc,0.48,0.0,0.65,0.73,1.71,0.45,0.87,1.9,2.25,1.57,0.0,0.0,1.72,0.0,2.26,0.64,1.16,0
o1YIuxuEggs,1.34,0.61,2.21,1.84,2.98,2.7,0.77,2.54,3.06,2.5,0.81,1.27,0.43,2.28,0.98,2.52,0.19,0
o1if5vwC_GQ,1.3,1.03,0.0,0.0,1.28,0.21,0.2,0.77,2.12,0.0,0.0,0.0,0.0,0.06,2.27,1.93,3.58,1
o3Oa9wmMP9o,0.15,0.0,1.44,0.0,2.55,2.27,0.0,2.15,3.12,1.12,0.0,0.0,0.46,0.0,3.11,0.4,0.15,0
o4DUTUSYMX0,1.08,0.0,0.47,1.97,0.48,2.37,0.52,1.48,0.76,0.0,0.84,1.19,0.82,0.82,0.0,1.68,0.0,1
o6AG6-RJ25M,1.59,1.38,0.73,0.81,0.62,0.69,0.09,4.16,1.01,1.29,0.81,0.0,0.93,0.05,2.42,0.68,0.54,0
o9tF8Rd1i-8,1.89,1.01,1.13,0.59,1.39,1.84,0.65,2.31,3.06,2.73,0.12,1.72,0.81,0.0,2.93,0.75,0.7,0
oEnVBNnNBYA,2.13,0.0,1.66,0.53,1.68,2.07,1.13,2.48,0.73,0.93,1.07,0.0,0.97,0.0,2.82,0.23,0.88,0
oHc7ztUmt9M,0.17,0.0,0.74,0.21,0.28,1.78,2.08,1.5,0.92,0.12,0.56,1.4,0.71,0.0,1.62,0.03,0.56,1
oJhSQFGK4bI,0.19,0.0,0.0,0.0,1.54,1.2,0.83,1.7,1.5,1.82,0.34,0.0,0.0,0.0,1.3,1.97,1.9,0
oLgQCcW8MwE,1.47,1.36,1.73,0.86,1.03,0.45,1.87,1.28,0.83,0.68,1.31,1.49,0.83,3.51,1.26,0.62,0.97,0
oRWpkW_nwsQ,2.42,0.97,1.99,0.38,1.89,1.28,0.34,2.16,2.38,0.12,0.6,0.21,0.14,0.0,2.54,2.06,0.87,0
oRvmrG65WQI,0.04,0.0,0.15,0.21,1.91,1.79,0.96,2.54,3.21,2.81,0.01,0.0,0.51,0.02,3.05,0.85,1.45,0
oSdZ9bIXF2I,2.01,0.41,1.72,0.0,1.38,2.69,0.91,1.38,1.64,2.09,0.89,0.96,0.44,0.69,1.58,1.35,1.78,0
oTC-PkeNufw,1.29,0.0,0.28,0.58,1.61,0.15,0.49,0.79,1.43,2.53,0.2,0.0,1.04,0.15,0.73,0.07,0.0,1
oa_vRrJKn0I,2.98,0.29,0.0,0.77,1.33,1.26,0.5,2.46,1.06,1.61,0.9,0.46,1.48,1.54,2.86,3.54,0.78,0
ofAlWngDmpE,3.29,2.26,3.1,2.07,0.0,2.61,0.83,0.0,0.04,0.0,1.94,0.0,0.12,0.0,0.1,0.33,0.39,1
oh_wnswLX4M,1.16,0.72,0.0,2.24,0.96,0.41,0.0,0.64,1.64,1.11,0.52,0.26,0.18,0.62,0.46,0.78,0.87,1
ohgI0njOVqY,1.7,0.0,1.24,2.14,0.68,1.33,1.62,1.23,0.9,1.59,0.46,1.51,0.89,0.8,0.79,1.35,2.02,0
oiTJnGS0yrY,1.9,2.98,2.62,1.48,0.47,0.23,0.58,0.12,0.65,0.61,0.38,2.32,1.23,0.61,0.0,0.79,0.0,1
ojRnTUSTZ14,1.84,1.35,0.26,2.41,0.4,0.32,0.0,2.03,1.68,0.46,0.68,0.0,0.38,0.0,0.66,0.0,1.61,1
ok2yddrFUrc,1.41,0.32,0.0,0.0,0.26,0.5,0.83,1.31,1.65,1.82,0.61,0.83,0.69,0.12,0.03,0.41,0.34,1
okgXJ5FJlxs,1.2,1.33,1.07,1.31,0.78,0.21,0.0,0.91,1.1,1.44,0.75,0.0,0.35,0.0,3.11,1.45,0.0,1
olLuNXeNXnk,0.11,0.0,0.0,0.0,0.0,0.0,0.61,1.03,0.6,0.6,0.0,0.0,1.29,0.34,0.89,0.22,0.25,1
one1UjZWemc,0.52,0.85,0.52,2.37,0.52,0.65,0.45,0.19,0.53,2.48,0.76,0.09,1.02,0.63,2.38,0.83,0.0,1
opGw2wulDpw,1.69,0.12,0.9,2.78,0.52,4.0,0.8,3.56,1.9,4.96,3.12,2.15,1.68,3.24,0.5,1.32,0.71,0
oqQwMDptEYA,3.13,0.0,0.81,0.0,1.66,0.0,0.79,1.54,2.05,1.5,0.52,0.0,0.58,0.81,2.52,0.45,0.88,0
osReASGenyU,1.26,0.84,0.54,2.33,1.49,2.3,0.0,2.24,2.56,2.17,0.07,0.0,0.16,0.0,1.98,0.36,1.3,0
ovji27fI5Mw,0.58,0.66,2.64,1.48,0.93,1.38,0.62,0.98,1.57,2.34,1.16,1.02,2.74,0.65,0.58,0.61,0.18,0
oxkML7cWV2I,1.33,0.4,0.0,0.38,0.27,1.13,0.76,0.12,0.33,0.0,0.11,0.0,0.3,0.0,2.2,0.0,0.0,1
oyB55GkNZjg,2.59,0.0,0.6,1.55,2.44,2.26,0.12,1.35,1.95,1.23,0.07,0.02,1.04,0.35,1.44,0.09,0.97,0
ozAPUnRe-B8,1.13,0.76,2.13,0.47,0.01,0.83,0.32,2.42,0.0,0.26,0.54,1.47,0.7,0.0,2.64,1.25,0.28,1
ozekIo0O07U,1.66,0.47,0.39,0.83,0.86,1.48,0.72,0.77,2.37,0.45,5.0,0.0,0.37,0.63,1.34,0.0,0.0,1
ozu82n8mHFM,0.12,0.3,0.0,0.0,0.07,0.0,0.3,0.04,0.0,0.65,0.32,0.28,0.0,0.26,0.38,1.4,0.6,1
p03HdC8aa9w,1.86,2.8,1.02,2.64,1.65,1.79,1.1,2.01,2.36,1.29,1.02,0.28,0.01,0.25,3.11,1.95,0.52,0
p05TwjOjaJM,1.1,0.65,0.77,1.58,1.96,3.28,1.59,1.63,2.1,0.88,2.24,2.27,1.5,0.76,3.27,1.6,0.89,0
p0AQYIvJ38U,1.01,0.91,0.0,0.88,1.39,2.18,1.73,1.36,2.36,2.02,2.35,2.35,0.55,0.74,0.86,1.93,0.35,0
p2NTq4nx4s8,0.0,0.0,0.83,1.75,0.47,0.2,0.0,0.0,0.0,0.0,1.1,0.0,0.0,0.0,0.83,0.0,0.41,1
p50sJ4tVusc,0.6,0.0,1.36,0.66,0.1,0.77,0.21,0.0,0.0,0.15,0.31,0.0,1.05,0.0,0.1,0.0,0.09,1
p6ISQkqce6E,0.28,0.0,0.12,0.0,1.42,2.13,1.4,1.72,2.02,0.0,1.31,0.42,0.0,0.22,1.95,1.46,0.02,0
p7YMPMxteDU,0.7,0.0,0.29,0.0,2.11,2.83,0.78,1.67,2.1,1.87,0.37,0.0,1.16,0.15,1.44,1.11,0.25,0
pALYQgqNcx0,0.0,0.4,0.29,1.54,0.27,0.0,0.22,3.02,2.19,0.66,0.0,0.0,1.22,0.0,2.31,1.62,0.0,1
pCUvdwJOJSk,0.7,0.0,0.75,0.0,1.43,3.18,1.64,0.89,1.32,1.82,0.03,0.0,0.62,0.37,0.56,0.3,1.86,0
pCpGYiXBENo,0.64,0.0,1.25,1.9,0.0,0.0,0.22,0.83,0.0,1.55,0.58,0.0,0.0,0.03,0.62,2.06,0.0,1
pF8-DI-fk_I,2.96,0.46,2.07,1.5,1.22,0.92,1.72,2.94,0.0,1.16,1.91,1.52,2.66,2.67,0.9,2.71,0.64,0
pGEfE1qkY2E,1.15,0.02,2.29,0.4,0.83,3.77,0.19,0.21,0.21,1.23,0.0,1.4,0.86,1.24,0.0,1.51,0.85,1
pH1DlVwijT0,0.85,0.15,0.0,0.87,1.11,0.65,0.67,1.46,1.4,1.64,0.11,0.23,0.0,0.07,0.42,0.0,0.0,1
pIDzPmE6DEM,1.23,0.29,1.0,0.04,2.11,1.66,1.01,2.52,3.76,2.47,0.47,0.0,1.22,0.0,4.39,0.9,1.58,0
pM8Ji6T1gUY,0.91,1.32,1.32,1.67,0.0,0.0,0.18,1.98,0.0,0.0,2.34,0.04,0.0,0.85,0.55,4.69,0.27,1
pMROnDzH2-M,0.0,0.0,0.0,0.0,1.42,1.4,0.3,2.08,1.69,1.27,0.7,0.0,0.99,0.09,0.0,0.52,0.49,1
pRSFbn2IJDI,1.07,0.11,0.6,1.72,0.26,2.38,1.16,0.65,0.83,1.98,0.99,0.65,0.45,0.66,0.5,0.34,0.75,1
pRSzcSXG4Tc,1.63,0.0,0.84,1.73,0.1,0.0,0.11,0.0,0.95,0.12,0.02,0.0,0.0,0.87,1.16,0.38,0.02,1
pRy_Ht6PbxI,0.02,0.0,0.0,0.0,0.61,0.87,0.0,0.0,1.32,0.71,0.0,0.0,0.53,0.0,0.08,0.0,0.0,1
pS06Oax2Jas,1.04,0.49,1.01,0.6,0.0,0.0,0.0,0.0,0.0,0.13,0.23,0.82,1.34,0.55,0.0,0.0,1.17,1
pSWBoT47RRU,2.44,0.32,1.53,2.8,0.0,1.55,0.0,0.64,0.37,1.59,0.51,0.87,0.98,0.47,0.54,2.58,0.45,1
pSdkCgaSpY8,1.41,0.94,0.0,0.0,0.62,1.27,0.0,2.3,2.08,0.0,0.0,0.0,0.0,0.0,1.96,1.67,0.22,1
pULjdQPKlt0,1.75,0.5,1.19,1.53,2.33,1.69,1.28,2.08,2.17,1.77,2.24,2.8,1.32,1.14,1.58,2.93,1.32,0
pUWstObXs80,0.0,0.16,0.23,0.0,2.14,2.16,1.53,2.06,3.01,3.44,0.26,1.06,0.72,1.05,1.25,1.66,0.99,0
pUsLUhiUR_k,1.71,2.02,0.94,2.02,2.22,1.32,0.22,1.95,2.62,2.71,0.0,0.0,0.0,0.0,2.57,0.4,0.69,0
pVWjhJUhHK0,0.31,0.0,0.37,0.0,0.3,1.14,1.77,1.08,0.12,0.0,0.85,0.0,0.0,0.0,0.0,0.0,0.27,1
pXRxMVDFCHI,1.34,0.26,0.28,0.87,1.54,1.2,1.26,2.11,2.16,0.79,2.15,2.34,0.56,0.81,1.93,1.9,0.45,0
p_LIjjqvh0o,0.55,0.0,0.0,0.0,1.31,1.35,0.0,0.72,1.98,0.43,0.0,0.0,0.78,0.0,1.52,0.02,1.27,1
p_RgUOmRJbA,0.06,0.0,0.55,0.0,2.17,2.74,0.0,0.57,2.14,1.94,0.49,0.0,0.0,0.2,1.42,0.06,1.64,0
p_hTUfozSbc,1.08,0.0,0.0,0.0,2.29,2.15,0.32,0.74,2.28,1.01,0.4,0.0,0.55,0.0,2.5,0.42,0.89,0
pbIW5irIweY,1.69,0.85,0.0,1.41,0.52,0.47,0.0,2.97,1.77,2.89,0.42,1.68,0.0,0.9,1.02,0.3,0.0,1
pbx6Z7QToRI,0.97,0.0,0.78,0.14,0.13,0.81,0.17,0.15,0.03,0.55,0.27,0.0,0.99,0.0,0.64,0.46,0.76,1
pbyhQ5v1iS4,0.42,1.28,1.59,0.41,0.0,0.0,0.08,0.0,0.0,0.0,0.0,0.0,0.0,0.0,0.8,0.0,0.0,1
pcMtoLkyq_A,1.18,0.89,0.89,0.9,0.15,0.0,0.62,0.83,0.82,1.12,0.24,0.25,0.69,0.0,0.62,0.57,0.54,1
pcsOh2bbI4g,2.19,2.08,0.59,0.86,0.73,1.9,0.27,0.27,0.51,0.08,0.0,0.53,0.0,0.09,1.05,0.08,0.13,1
pdS9hDBrzqE,0.88,0.22,0.0,0.75,0.75,1.71,0.11,1.9,1.64,1.09,0.69,0.0,0.0,0.0,0.76,0.0,0.14,1
pdTVLNTtfKU,1.51,0.87,1.08,2.85,1.48,1.74,1.43,0.73,0.97,0.76,2.04,2.42,1.06,0.7,2.56,2.24,0.54,0
pdTl6_ADKJQ,1.59,0.0,1.77,0.5,1.29,3.59,0.99,0.41,1.11,0.83,1.08,1.7,0.44,0.0,1.25,1.24,0.01,0
pe4dwAGhOcU,2.02,2.17,0.0,0.92,0.35,1.29,0.0,0.82,1.2,0.0,1.01,0.0,0.0,0.0,1.08,1.68,0.78,1
pfqNfj-MZIA,1.97,0.99,1.7,1.07,0.0,1.26,0.0,0.41,0.0,0.0,0.3,0.81,0.25,0.08,0.19,0.02,0.79,1
pgDfxXLYFxI,0.53,0.35,0.18,0.72,1.5,1.02,0.41,0.88,0.52,2.26,0.2,0.74,0.35,1.47,0.03,1.38,0.16,1
plOzrvL0oII,0.8,0.0,0.76,0.95,1.15,0.04,0.27,1.28,0.0,0.51,1.12,0.0,0.56,0.0,1.51,0.0,0.0,1
pm4qMsyVH_E,2.22,0.86,0.0,0.98,2.09,3.14,2.4,1.88,3.11,0.82,2.22,2.35,1.93,1.14,3.32,1.77,1.1,0
poppJvTvTyc,0.68,0.99,0.0,0.0,1.98,2.04,0.64,2.52,2.97,0.91,0.39,0.0,0.0,0.0,3.08,1.77,0.4,0
pv_sf48CNKA,1.07,1.35,1.67,1.32,2.54,4.43,1.96,1.73,0.85,0.62,1.17,5.0,1.96,0.0,4.53,1.61,1.18,0
pwv65BMFGl4,0.0,0.0,0.05,1.97,0.65,0.0,0.18,0.91,1.46,0.49,0.0,0.0,0.01,0.0,3.02,0.49,0.0,1
pxUOnyM6nrM,1.87,0.94,1.97,1.75,0.98,2.2,1.17,1.3,0.93,0.79,0.84,1.97,0.51,0.71,0.73,0.91,0.46,0
q-R2U7kZpvk,1.86,0.7,1.24,1.12,2.01,1.19,1.48,2.09,2.95,2.89,0.0,0.47,0.2,1.76,3.71,2.77,0.15,0
q1bjAcImYd8,1.56,1.77,0.49,0.0,0.04,0.0,0.0,0.59,0.43,0.0,1.09,0.01,1.08,0.07,0.71,0.52,1.34,1
q1k1d3F74oY,1.01,0.19,0.0,0.13,0.74,2.6,2.55,0.76,1.57,0.0,1.09,3.66,0.89,0.09,2.21,3.87,1.71,0
q2_9iNLb_Bs,2.47,0.86,0.0,0.46,0.22,1.74,0.0,0.08,1.08,0.45,0.4,0.38,0.0,0.86,0.82,0.35,0.64,1
q4y4mrNA43A,0.0,0.0,0.23,0.95,0.0,0.0,0.79,0.0,0.0,0.0,1.6,0.0,0.0,0.86,0.29,3.64,0.0,1
q58k4WE_1bg,0.0,0.0,0.68,1.22,1.39,3.85,1.73,3.28,0.0,0.45,1.86,0.17,0.0,0.0,2.15,0.0,0.0,0
q5hENGzL2BE,0.09,0.68,0.0,0.04,2.3,2.29,1.54,2.07,2.1,2.55,0.44,0.66,0.0,0.0,1.34,0.71,1.03,0
q69oA9yZAXM,0.92,0.0,0.12,0.91,2.42,2.74,1.43,0.83,2.28,1.84,1.26,1.02,1.04,0.47,2.19,2.18,0.0,0
q6Bb-vmlGuc,0.37,0.0,0.23,0.05,1.33,1.76,0.07,1.35,2.04,1.76,0.19,0.0,0.87,0.0,1.69,0.7,0.0,1
q8H1QnaVpzo,1.08,0.01,1.14,0.95,0.0,0.77,0.8,0.0,0.0,0.0,3.39,1.08,0.0,5.0,0.83,0.31,0.73,1
q8QNFiwpdfc,1.52,1.99,0.79,1.71,0.83,0.12,0.0,1.33,1.97,0.95,0.04,0.92,0.1,0.09,0.74,1.5,0.88,1
q8m9NsnhOis,0.88,0.18,0.44,1.11,0.3,0.93,0.0,2.26,1.37,0.92,0.01,0.0,0.0,0.0,1.27,0.49,0.0,1
q9iOfM0IRCg,0.84,0.07,1.0,0.64,2.63,3.0,0.38,1.59,2.62,0.45,0.27,2.44,1.52,0.47,2.39,2.18,0.0,0
qA4NGYZQ-mU,0.82,0.0,0.27,0.56,0.16,2.83,0.57,0.87,0.0,1.43,0.7,0.55,0.0,0.17,0.0,0.0,0.51,1
qDDY_WZY3j0,1.33,0.0,0.47,1.04,0.62,0.36,0.65,0.0,0.0,0.82,0.25,0.57,0.0,0.0,0.0,0.0,0.0,1
qF86PuxmFK0,2.18,2.63,0.0,2.37,0.0,0.0,0.0,0.0,0.0,0.0,0.0,0.0,0.62,0.0,0.71,0.57,0.07,1
qFH08StIUrU,0.67,0.49,0.98,0.17,0.0,0.0,0.0,0.0,0.08,0.19,0.5,0.0,0.95,0.0,0.0,0.0,0.0,1
qFfUk8JNIIM,1.0,0.54,1.59,0.0,2.55,2.87,0.24,3.11,2.69,5.0,0.58,2.01,0.22,0.28,2.4,0.88,2.57,0
qI6DKdku47k,1.18,1.51,1.48,3.7,1.5,1.52,1.41,0.55,1.24,0.43,2.07,1.87,0.68,0.83,2.56,1.57,0.54,0
qQ2wZHFZ81g,1.42,0.0,1.09,2.61,1.98,2.26,1.49,2.4,2.28,1.87,0.81,0.0,0.82,0.0,1.92,0.86,1.58,0
qQrl4s2Zoeo,1.76,0.12,1.06,0.0,1.78,1.47,1.7,2.36,1.92,1.68,0.84,0.66,0.45,0.01,2.9,1.32,0.38,0
qR1WV3uIRbQ,1.52,1.34,0.0,1.25,1.61,2.75,1.62,2.23,1.57,1.58,0.7,0.77,1.82,0.24,1.56,1.16,0.8,0
qR7ZVUp3lec,1.0,0.6,0.77,1.05,0.42,0.49,0.0,1.68,1.94,0.72,0.55,0.0,0.3,0.35,1.7,1.21,0.25,1
qRW08rRS2YE,1.51,0.0,1.24,2.32,0.66,1.11,0.18,2.43,0.62,0.0,2.66,0.86,1.55,2.11,0.36,4.56,0.05,1
qRkg1ROd_Hg,0.54,0.0,1.71,0.0,2.11,1.44,0.0,2.45,1.35,1.51,0.55,0.0,0.0,0.0,2.87,0.46,0.0,0
qRuXXRsEafM,0.16,0.0,0.0,1.14,0.65,1.64,0.93,0.37,0.0,0.69,0.85,0.0,0.67,0.05,0.71,0.56,0.0,1
qS0Hg8q3T6k,1.49,0.57,0.13,0.76,2.1,2.18,0.03,1.9,2.93,1.84,0.73,0.0,0.5,0.0,2.8,1.45,0.02,0
qSS_yKQSHQw,0.48,0.0,1.32,0.52,2.57,2.53,1.9,3.54,3.12,3.51,0.29,0.06,0.88,0.3,3.87,2.83,2.41,0
qU03wrxbed4,0.54,0.28,0.67,3.24,0.17,0.1,0.0,0.0,0.63,0.0,1.21,0.0,0.0,0.0,3.81,0.64,0.0,1
qU9Qi6FZTP4,0.39,0.36,0.0,0.0,1.59,2.62,0.6,1.24,2.85,2.86,0.0,0.0,0.73,0.88,1.3,0.78,2.07,0
qUR4IaFhZXI,2.32,0.06,0.58,2.18,1.41,0.0,0.41,2.96,2.09,1.52,0.76,1.89,1.32,0.38,1.06,0.41,0.48,0
qXNflJxity0,0.72,1.79,0.0,2.19,0.0,0.0,0.0,0.18,0.0,0.0,0.0,0.0,0.31,0.0,2.7,2.66,0.0,1
qXzV2JrXZe0,0.22,0.01,1.8,0.0,2.06,3.42,1.47,1.77,1.48,0.14,0.38,0.0,0.0,0.07,1.62,0.71,1.22,0
qY4TG9E1sJA,0.98,0.1,0.34,3.88,0.73,0.56,0.09,2.48,1.07,1.33,4.27,0.07,0.69,0.0,3.42,0.57,1.01,0
qYBWuoXxWPw,0.33,0.0,1.61,0.0,2.63,3.51,1.94,3.42,2.34,1.77,0.26,0.0,0.0,0.07,1.8,0.28,1.54,0
qZepgxbipg8,0.0,0.0,0.0,0.66,0.64,0.76,0.0,0.0,0.36,0.0,0.0,0.11,0.0,0.0,0.0,0.0,0.0,1
qbI0zXt89II,0.87,0.49,1.66,0.95,0.5,2.11,0.19,1.46,1.67,1.12,1.03,0.68,0.0,0.64,3.29,1.1,0.0,0
qbSXdGWTGBM,0.59,0.11,0.0,1.41,1.42,2.12,1.43,0.13,0.14,0.0,0.65,1.39,0.0,0.0,2.52,1.18,0.49,1
qcFu5fAiYcQ,0.0,0.0,0.5,0.0,2.12,0.74,0.0,3.02,2.53,0.32,0.0,1.5,0.27,0.0,1.15,0.21,1.12,0
qdFBTe6z-0Y,0.0,0.0,0.0,0.78,0.38,1.47,0.6,0.41,0.0,0.44,2.12,0.87,3.15,0.0,0.0,0.41,0.0,1
qdw-RpmOO34,0.9,1.61,0.85,0.0,1.01,1.26,2.02,1.81,1.49,2.36,0.39,0.32,1.0,0.23,2.94,0.87,1.78,0
qeZnkJu7Mqc,1.42,1.73,0.0,0.0,0.0,0.0,0.0,1.42,0.35,0.0,0.0,0.0,1.88,0.0,1.86,0.0,1.23,1
qfoE9mzi6uY,1.91,1.3,3.19,2.54,1.77,0.93,0.44,3.18,2.78,2.83,1.37,1.93,1.07,0.0,2.86,1.25,1.59,0
qg7B8XKrb_Q,1.6,1.67,0.16,3.11,0.0,0.0,0.0,0.56,0.28,0.89,0.0,0.15,0.0,0.0,1.68,0.89,0.0,1
qgYjqlLMSAI,2.25,1.74,1.68,1.99,1.94,2.48,1.44,1.71,2.67,1.99,1.1,1.5,1.46,1.04,2.27,2.3,0.99,0
qhExsHgVipA,1.56,0.0,2.07,0.42,2.59,4.72,2.23,2.06,0.32,0.0,0.03,0.0,0.0,0.0,1.59,1.13,0.0,0
qhWeTnkS05U,2.62,3.49,0.0,4.66,0.0,0.16,0.0,0.0,0.15,0.0,0.54,0.0,0.0,0.0,0.76,1.43,0.0,1
qiQKKUFZuo0,1.34,1.37,0.0,1.43,0.14,1.14,0.4,1.15,1.73,2.0,0.0,1.31,0.0,0.25,2.68,0.54,1.01,1
qlNGoInG2b0,1.16,0.38,0.0,0.0,2.24,1.69,0.11,1.24,3.42,1.64,0.06,0.0,1.45,0.28,3.34,0.71,0.0,0
qlQ9rH_KE_k,3.19,1.17,0.0,0.95,1.17,2.6,0.48,0.95,1.29,1.4,1.34,0.3,0.06,0.18,0.78,0.41,0.58,1
qmDcdLKWW2A,0.62,0.0,0.89,1.71,0.45,0.0,0.22,2.11,0.62,0.0,0.0,0.08,0.0,0.0,1.61,1.17,0.0,1
qpNNq6QFmuM,0.0,0.0,3.47,0.0,2.11,2.27,2.84,1.23,0.58,0.38,0.32,1.18,0.02,0.0,0.0,0.0,0.0,0
qq5ZssMiz00,2.58,3.05,2.99,3.19,1.19,2.28,0.37,1.49,2.24,2.49,0.96,1.57,0.48,0.0,2.17,0.91,0.0,0
qrT3hd9wXiA,1.91,0.97,1.26,2.61,0.99,2.04,0.31,2.14,0.94,1.69,0.84,0.0,1.01,0.28,1.77,1.42,0.38,0
qre07PCg_W0,0.31,0.0,0.98,0.0,1.15,2.37,1.18,1.76,1.69,0.43,2.37,0.57,1.94,0.0,1.1,0.84,1.8,0
qrp2h9JhjjY,1.68,0.68,1.93,0.63,0.42,2.44,1.14,1.54,0.36,0.0,1.09,0.75,0.18,0.68,0.0,1.28,0.41,1
qsps1kf4hII,2.12,1.07,1.81,3.2,1.52,2.89,0.88,2.4,1.96,3.05,1.7,1.48,1.74,1.74,3.02,1.23,0.96,0
qw67u_GFn6k,1.51,1.16,0.31,0.0,0.0,0.23,0.0,0.77,1.0,2.21,0.0,0.24,1.29,0.0,2.19,0.23,1.77,1
qwBC2HH5jWY,0.49,0.0,0.44,0.76,3.11,2.02,0.04,2.86,2.69,0.83,0.0,0.0,0.0,0.06,2.95,1.4,0.0,0
qwjxK-urNvo,2.31,0.72,1.14,0.08,1.7,2.46,1.2,1.68,1.7,0.46,0.0,0.64,1.0,0.0,0.76,0.09,1.03,0
r-9XlOek3i8,1.84,2.65,0.93,2.58,0.57,0.96,1.13,1.48,0.56,1.31,1.04,0.16,1.13,0.0,2.29,1.4,1.44,0
r4Akdo6k05c,2.65,2.33,0.22,0.9,1.01,3.32,0.58,1.24,0.68,0.25,0.68,0.91,2.03,0.25,1.05,1.12,0.87,0
r5Ep8vTgHbo,0.8,0.14,0.0,1.62,1.16,1.28,0.49,0.78,0.44,0.99,0.29,0.0,1.77,0.0,1.15,0.0,1.13,1
r5_rGPunG-w,2.84,3.56,0.0,1.75,2.66,1.68,0.99,1.86,3.49,0.95,0.16,0.0,1.26,0.48,2.62,0.77,0.0,0
r6ifmo3dp4Y,0.87,0.0,0.96,0.8,0.94,1.28,1.19,1.22,1.16,0.66,0.15,0.41,0.85,0.97,0.47,0.0,0.0,1
r9CQ26NS3w4,1.86,0.0,1.26,0.87,0.0,0.0,0.41,1.54,0.76,2.5,2.39,0.83,0.0,1.17,0.63,4.69,0.67,1
rBQ5qjZl6wc,1.58,0.0,2.76,2.22,0.57,3.16,0.86,0.64,0.57,0.0,0.61,0.0,2.72,0.0,2.58,0.0,1.42,0
rF32p4fgzgI,0.84,0.0,0.0,0.63,1.75,2.89,0.82,1.38,2.44,1.44,0.0,0.0,0.77,0.0,2.46,0.88,0.0,0
rH5wyZIEPaE,0.7,0.09,0.48,0.18,2.17,2.89,1.55,3.68,3.04,1.68,0.21,0.19,0.88,0.76,3.05,2.07,1.02,0
rJjI-7JTveo,0.27,0.18,0.0,0.49,0.0,0.0,0.0,0.37,0.0,0.0,0.51,0.0,0.0,0.0,1.1,0.43,0.14,1
rLHHU_BIN78,1.43,0.27,1.53,0.57,3.57,2.59,2.21,2.9,2.59,2.78,1.2,1.83,1.58,0.11,2.61,2.86,1.14,0
rLlpgXLlHQw,1.89,0.82,2.22,0.57,0.92,3.41,1.23,1.26,1.1,0.67,0.28,0.0,0.4,0.0,0.49,0.64,0.36,1
rLtKKrgBLZs,2.35,1.58,2.11,0.94,0.76,0.71,0.0,4.36,1.57,2.57,1.18,0.65,0.54,0.0,2.26,0.87,0.52,0
rLvZAe6Dqv8,1.65,0.14,2.31,1.5,1.03,1.48,1.0,1.82,0.7,1.04,1.29,1.7,0.41,0.83,1.31,0.12,0.62,0
rMvhi8Afun0,0.25,0.0,1.81,0.77,0.0,0.0,0.64,0.02,0.0,0.32,0.44,0.32,0.06,0.0,0.0,0.0,0.27,1
rNlDsVJo3fA,2.12,0.0,1.56,2.46,1.53,1.06,1.17,2.37,1.05,1.37,2.48,1.21,0.83,0.19,1.11,1.41,0.43,0
rOARcG7qbuk,2.87,2.14,0.51,2.41,2.23,2.61,0.59,1.61,2.41,0.55,0.0,0.74,0.34,0.3,1.46,1.75,0.21,0
rPwOx_qkwNc,1.26,1.45,1.2,1.29,2.1,3.66,2.8,2.18,2.56,2.34,0.24,0.21,0.81,0.0,3.55,0.91,1.33,0
rRwAFsYXP_M,1.52,0.71,1.2,1.14,0.42,2.63,0.17,1.07,1.82,1.11,1.35,0.76,2.03,0.73,2.77,1.6,0.89,0
rRxccUdkGq4,0.88,0.0,0.31,2.85,2.28,1.45,0.07,1.97,3.23,0.93,1.01,0.66,1.4,0.66,2.76,0.5,0.55,0
rS_QqH2KwHc,0.0,0.0,1.38,0.0,1.28,1.34,1.09,1.77,1.64,1.49,0.83,1.8,0.43,0.27,1.16,0.09,2.07,0
rUGFDF-jl8Q,2.87,1.45,3.83,1.82,1.0,0.96,1.3,1.41,0.1,0.16,1.84,0.69,1.03,0.22,1.3,4.15,0.74,0
rWBlhcfHRbc,0.0,0.0,0.0,0.0,1.26,2.66,0.04,2.01,1.73,1.99,0.0,0.03,0.0,0.0,0.87,1.58,0.94,0
rZRqkLDUJMo,1.63,1.34,0.0,2.52,0.0,0.0,0.0,0.0,0.0,0.0,0.0,0.0,0.0,0.0,0.58,0.77,0.0,1
r_RcA0UOo0w,2.02,0.5,1.74,2.21,0.81,1.43,2.58,1.24,0.7,0.0,1.06,1.56,1.63,0.32,1.55,3.55,0.44,0
ra_15OTf8uQ,0.64,0.36,1.08,0.61,1.94,1.41,1.07,2.36,2.4,1.51,1.11,0.0,0.25,0.0,2.94,1.85,1.35,0
rajEe7yYiqA,1.36,0.74,0.0,1.15,0.0,0.39,0.03,0.9,0.0,1.12,0.64,0.43,0.59,0.19,0.82,0.86,0.42,1
rbvXpMfZl2I,0.49,0.29,0.87,1.59,3.19,3.24,2.15,3.31,3.31,2.36,0.02,0.0,1.34,0.66,3.68,1.0,0.02,0
rd8p4yoTY6o,0.12,0.07,0.76,0.0,1.49,1.81,0.74,1.47,2.42,1.04,0.0,0.0,0.0,0.0,2.04,0.0,1.12,0
rerkPec_9eE,2.71,0.33,1.54,0.9,0.89,0.34,0.15,1.79,1.69,1.28,0.75,0.95,0.0,0.0,1.87,1.61,0.85,1
rhDrsej92Is,2.65,2.88,1.45,2.99,0.0,0.0,0.0,0.77,0.17,0.89,0.91,0.46,0.0,0.0,3.35,2.15,0.99,1
riQB7iF8vac,1.73,0.49,1.32,1.97,0.0,1.49,0.0,0.84,1.06,0.97,0.26,0.0,0.0,0.0,1.44,1.53,0.42,1
rlESwGOENqI,0.4,0.07,0.05,1.9,0.91,0.76,0.56,2.6,1.67,0.46,0.62,0.71,0.0,0.0,1.78,0.0,0.03,1
rm4o8naNWgw,0.0,0.0,1.38,0.0,3.2,4.8,1.87,3.0,2.8,2.25,0.0,0.0,0.0,0.62,3.26,0.65,0.0,0
rncJ2Qpv9Lw,2.03,0.18,0.0,2.18,1.11,1.11,1.33,2.06,0.82,1.54,1.47,0.02,0.02,0.26,2.07,1.26,1.86,0
rptA_PprQ1E,2.4,2.26,0.52,0.64,0.19,0.0,0.0,0.19,0.0,1.09,0.0,0.96,1.72,0.2,1.62,1.16,1.33,1
rqZZTMo0ROQ,0.0,0.59,0.2,0.0,1.08,1.66,0.77,0.78,1.22,1.7,0.0,0.0,0.7,0.0,1.33,2.05,1.72,1
ru8ThPyL_y4,2.36,1.96,0.92,2.9,1.8,1.71,0.37,1.92,1.67,2.25,0.55,0.0,0.68,0.12,2.23,0.89,0.37,0
rv2eumxeflo,2.49,2.95,0.0,2.03,0.0,0.76,0.0,0.0,0.09,0.0,0.23,0.54,0.0,0.0,0.91,0.12,0.59,1
rx-PMsrqSwU,0.83,0.19,0.0,1.23,0.23,0.17,0.33,0.7,0.0,0.0,1.1,1.04,0.0,0.67,1.57,2.07,0.0,1
s0gjaYO4Oc0,1.29,0.27,1.69,1.07,0.47,0.7,0.0,0.8,0.67,1.08,2.47,1.68,0.0,1.83,0.74,2.51,0.14,1
s2jwkouiaRM,1.21,0.41,0.0,0.95,1.75,2.62,0.79,2.19,0.96,2.26,1.72,0.0,2.28,0.53,1.05,1.71,0.85,0
s4vIf9XfRwc,0.76,0.0,1.77,0.78,0.0,1.14,0.0,0.0,0.0,0.0,1.35,1.04,0.0,3.88,0.73,0.0,0.09,1
s72kuSgkjrg,0.37,0.44,0.15,0.0,0.13,0.49,0.56,1.5,0.41,2.35,1.18,0.65,0.72,0.0,2.7,3.02,3.08,0
s7DZifm7TyM,1.11,0.37,0.0,0.93,2.1,1.05,1.59,1.03,0.95,0.93,2.19,2.42,0.43,0.78,0.64,1.82,0.91,0
s8_emLfEyQU,3.6,3.81,0.73,4.61,0.5,1.84,0.35,0.35,0.89,0.0,0.97,1.01,1.4,0.31,0.31,0.59,0.22,1
sAS-TVWWtTY,0.91,0.0,0.55,0.0,1.9,2.68,0.46,1.22,2.22,1.68,0.0,0.0,1.52,0.18,3.12,2.07,2.91,0
sCVrLhHwLBk,2.2,1.63,1.98,0.32,1.97,3.34,2.53,2.74,1.9,0.89,1.36,1.01,1.05,0.0,2.02,2.84,0.0,0
sD_UK3FUGxY,0.96,0.41,1.62,0.0,0.0,1.81,0.51,0.0,0.0,0.0,0.0,0.0,0.0,0.0,2.35,2.04,1.06,1
sGTNGbebr7w,1.95,2.54,0.0,1.16,0.88,0.73,1.07,1.87,1.29,0.37,0.78,0.0,0.0,0.0,2.38,0.65,0.0,1
sH0SwSsKS3g,1.39,0.54,0.71,0.22,0.89,3.18,0.0,1.13,0.76,0.0,0.42,0.93,0.08,0.04,0.76,0.58,0.16,1
sKFn4g-g098,1.43,1.29,0.7,1.8,0.0,0.0,0.0,0.42,0.0,0.1,0.49,1.31,0.0,0.0,0.0,1.14,0.0,1
sL_yF8JeX6Q,1.11,1.22,0.0,1.15,1.49,2.73,1.36,2.43,1.27,1.14,0.79,0.51,1.72,0.36,1.4,0.81,0.39,0
sM9LuOdnbIc,1.66,2.56,0.03,3.56,1.33,1.95,1.28,0.53,1.0,0.77,2.18,2.01,1.44,1.1,1.73,1.76,1.09,0
sMFgUkUBLeo,1.73,0.44,2.05,2.47,1.88,1.24,1.87,2.37,0.63,0.9,0.3,0.12,0.25,0.0,1.9,0.0,1.16,0
sQ3He4AfIkc,2.4,1.23,0.0,2.12,1.47,1.1,0.0,2.23,2.77,1.8,0.81,0.0,0.0,0.0,3.48,1.28,0.0,0
sQQOsb5O5D0,0.68,0.0,1.62,0.65,0.5,1.24,0.0,0.83,1.19,1.3,0.5,0.77,1.61,0.74,0.55,0.39,1.3,1
sRRYmf-C4fc,1.19,0.17,1.23,0.37,0.0,0.0,0.0,0.25,0.16,0.07,0.0,0.0,0.11,0.0,1.69,0.0,2.34,1
sTN5HmiDQFI,2.68,3.0,0.83,0.89,0.15,0.0,0.0,0.0,0.0,0.14,1.83,2.02,2.75,1.24,0.92,1.72,1.14,1
sTRjxJ_9B4s,0.98,0.07,2.45,0.46,0.92,2.44,0.82,0.74,0.0,0.0,0.39,0.0,0.77,0.0,1.23,0.0,0.05,1
sTUJYwhFanA,1.13,0.0,1.55,0.25,1.55,3.72,1.27,2.45,0.66,1.12,1.66,0.0,0.0,0.34,4.32,1.58,1.73,0
sTqmE0Pfai8,1.57,0.0,0.02,1.55,0.0,0.0,0.76,0.0,0.0,0.0,0.0,0.0,0.0,0.0,0.33,2.68,0.04,1
sVPw2O0L9G0,0.83,0.0,0.99,3.15,1.72,2.91,1.11,1.4,0.98,1.62,3.05,0.29,1.85,0.34,3.2,2.08,0.78,0
sWhcVM43pvY,1.11,0.29,1.1,0.0,3.37,2.42,0.29,2.47,3.39,1.86,0.11,0.01,0.0,0.54,2.03,1.2,2.41,0
sZPrqIJLFiM,0.95,1.45,2.52,0.0,1.46,2.73,2.18,1.48,0.67,0.87,0.96,0.29,0.11,0.0,2.18,1.37,1.01,0
sZYvmGOASc4,0.51,0.71,0.4,1.39,2.25,2.06,0.72,2.2,3.24,2.9,0.04,0.0,0.0,0.58,3.93,0.96,0.48,0
s_jhgHGxpAk,1.49,1.44,1.25,2.29,0.7,2.95,0.37,2.8,0.36,1.14,2.42,0.87,1.83,0.16,1.55,0.19,1.05,0
saMh6aFwmTI,1.43,0.31,2.95,0.58,2.37,3.1,2.27,3.18,1.16,0.46,0.86,1.17,2.14,1.18,1.62,1.39,0.68,0
saQomrZdZ8w,0.85,0.0,0.36,1.0,0.3,1.39,0.52,0.0,0.21,0.0,3.18,1.11,3.39,0.0,0.0,0.0,0.19,1
sawJTaLJvWo,1.03,2.12,0.0,2.76,0.29,0.84,0.79,0.05,0.22,0.0,2.0,0.04,0.0,0.05,1.28,1.78,0.93,1
sdRS6KsQuaA,0.0,0.0,1.22,0.0,2.32,2.66,0.8,2.21,3.1,1.74,0.0,0.0,0.09,0.29,2.61,1.0,1.09,0
sdbzRnccNBs,1.96,1.55,0.42,1.81,0.0,0.0,0.0,2.02,0.8,2.54,0.95,0.0,0.0,0.0,5.0,0.02,0.0,1
sdsz-t540WI,1.02,0.0,0.8,0.0,1.35,0.98,0.23,0.75,0.52,1.37,0.24,0.84,1.12,0.0,0.0,0.73,1.11,1
seJDnmDAAtw,0.75,0.4,0.83,0.34,0.56,1.17,0.9,0.24,0.0,0.5,0.4,1.15,0.09,0.32,1.31,0.63,1.61,1
sggwtsSkVSw,1.37,1.15,0.08,2.5,0.0,0.0,0.0,0.0,0.0,0.0,0.0,0.02,0.34,0.0,0.82,0.52,0.0,1
shLl_K2MD6w,2.38,0.63,1.58,1.6,2.0,1.08,0.64,2.82,3.33,2.33,0.09,0.0,0.0,0.12,2.95,3.0,1.87,0
sktbPxj4Uxw,2.54,2.33,0.45,1.86,1.46,0.76,0.0,1.2,1.53,0.74,0.0,0.0,0.0,0.0,1.31,0.29,0.0,1
sl0GWG5yny0,0.68,0.39,0.48,0.88,1.64,1.04,0.79,2.26,0.71,1.62,0.43,0.47,1.98,0.36,1.53,1.76,0.23,0
slnStDDyUQs,0.85,0.52,0.0,0.34,0.0,0.0,0.01,0.0,0.23,1.15,0.22,0.06,1.34,0.73,0.0,0.0,0.0,1
so_eRNjImxE,1.16,0.0,0.38,0.02,1.77,1.09,1.63,3.35,2.29,1.55,1.3,0.2,0.0,0.0,1.88,3.31,1.88,0
sp5CpRQo8Pw,0.74,0.02,0.51,0.14,0.36,0.0,1.14,0.94,2.31,1.19,0.0,0.0,0.0,0.0,1.01,0.0,0.0,1
sphIIsNA2EY,0.83,1.69,1.07,1.62,1.01,2.0,0.89,0.46,0.08,0.32,1.81,0.26,0.82,0.0,2.77,1.46,0.53,1
sqvrpyy21EA,1.23,0.83,1.61,2.76,2.36,1.49,0.39,2.13,2.88,2.35,0.06,0.0,0.56,0.28,2.49,0.55,1.24,0
sqw2bkYDK5M,1.81,0.0,1.6,0.94,2.95,3.01,1.87,1.84,2.91,2.32,0.11,1.35,0.53,0.22,2.36,0.35,1.99,0
sryYoYt6W8Q,0.09,0.0,0.23,0.25,1.67,1.82,0.93,1.64,1.92,1.17,0.67,0.5,0.02,0.75,0.58,1.5,0.29,0
stMSVi5wI8k,3.27,0.61,2.4,2.58,0.92,1.44,0.53,2.27,0.96,1.34,0.73,2.25,0.64,1.46,1.54,2.2,0.68,0
sufxesh6dAU,1.04,0.67,0.88,0.97,0.12,1.17,0.62,0.79,0.0,0.7,1.72,0.0,0.72,0.0,1.44,0.22,0.97,1
sv6fOCghaqE,0.97,0.25,0.22,3.74,0.75,0.7,0.21,2.34,1.16,1.21,4.68,0.0,0.69,0.0,3.05,0.75,0.97,0
svJ2Ywe_c2k,1.98,1.11,1.99,2.95,0.0,1.71,0.0,0.49,0.62,0.72,0.34,1.49,1.26,0.41,0.6,0.33,2.85,1
svUtPTSZhxo,0.46,0.0,0.15,0.38,0.96,2.0,0.16,1.39,0.57,2.72,1.89,0.0,1.25,0.43,0.24,2.87,0.97,1
swDXRK8larA,3.57,2.97,0.03,0.93,0.45,0.0,0.1,0.86,1.24,0.53,0.99,0.67,0.15,0.0,1.66,1.63,0.7,1
sxGHX6wwSwk,1.27,1.71,0.87,1.79,0.0,0.0,0.0,0.82,1.37,1.61,0.13,1.0,0.7,0.0,0.55,1.11,1.7,1
sxYh8WljJ8g,0.52,0.0,0.0,0.43,1.22,1.16,0.38,0.98,1.44,1.23,0.09,0.36,0.0,0.04,0.49,0.0,0.0,1
t0KLuAWv7do,2.31,1.32,0.0,3.66,0.0,0.0,0.11,0.0,0.0,0.31,0.3,0.0,1.58,0.0,1.06,0.29,0.0,1
t1bBhtyaJ5A,1.23,0.12,1.58,0.25,1.77,1.01,0.45,1.88,0.94,0.1,0.46,0.04,0.0,0.39,2.16,1.92,1.53,1
t4rXCgu0l3o,1.44,0.03,0.89,1.53,0.22,0.0,0.61,0.94,0.37,2.86,2.65,1.67,0.0,1.33,1.31,4.48,0.61,1
t5ERhxnHXI4,2.28,0.95,1.34,1.84,2.56,1.28,1.0,2.42,2.3,2.62,0.63,1.16,2.55,0.97,2.44,1.72,0.51,0
t9Kk_obFRhI,0.0,0.0,0.0,0.01,0.0,0.0,0.0,0.0,0.0,0.0,0.0,0.0,0.47,0.0,0.0,0.55,0.0,1
t9k1SlmKFno,0.0,0.0,0.52,0.0,1.62,2.93,1.2,1.83,1.3,0.62,0.26,1.24,0.66,0.25,1.6,2.48,0.02,0
tB9P_CNksmo,1.96,2.24,0.36,1.95,1.23,1.07,1.18,1.93,2.68,1.44,0.0,0.0,0.0,0.52,2.96,0.0,1.62,0
tBeWd3Vp3xo,2.61,2.11,1.14,3.18,0.16,0.49,0.0,0.92,0.48,1.5,0.39,1.02,1.52,0.0,1.15,0.1,1.64,1
tHEt-bMm2cY,0.08,0.29,1.45,0.19,0.1,0.68,0.7,0.51,0.0,0.01,1.02,1.29,0.0,1.14,0.26,2.47,1.64,1
tHfQrY_3gKU,0.36,1.69,0.0,2.76,0.33,0.86,0.12,0.01,0.42,0.84,1.8,0.69,1.07,1.41,0.26,0.83,0.0,1
tIHaML6KhA8,0.0,0.0,0.11,0.33,0.27,0.32,0.0,0.27,0.31,0.0,0.94,0.0,0.93,0.29,0.26,0.5,0.0,1
tIS9n3karyg,0.81,1.82,0.33,0.79,0.1,0.0,0.61,0.15,1.31,1.78,1.97,0.04,0.69,0.0,1.44,0.32,2.66,1
tKfpTf3MqE4,2.25,1.31,3.53,0.45,1.42,3.99,1.66,2.41,1.25,1.24,0.2,0.56,0.39,0.01,1.43,0.39,1.14,0
tNFG5RqMwJI,0.7,1.2,0.78,3.42,1.88,1.53,0.78,2.62,3.63,2.25,2.75,0.29,1.5,0.52,3.19,1.02,1.01,0
tRIhAx4qSAU,1.82,2.22,0.73,1.52,1.34,1.62,0.95,1.77,3.05,2.39,1.06,1.06,0.67,0.14,3.6,1.61,0.63,0
tRlQG1zEH6k,1.16,1.6,0.88,0.62,2.09,2.19,1.36,2.86,3.81,2.25,0.0,0.0,1.12,0.26,3.76,0.51,0.72,0
tZ3932RarRI,1.05,0.8,0.78,0.0,1.78,1.85,0.37,1.94,2.32,0.79,0.4,0.67,1.23,0.19,2.17,1.08,0.66,0
tavAZ2raoaE,0.45,0.0,1.37,3.17,1.69,2.64,1.68,1.84,1.41,0.0,0.67,0.0,0.0,0.0,3.22,0.59,0.0,0
tekSW6ekR1o,1.99,1.62,0.0,1.49,2.01,2.49,0.76,1.33,2.28,2.26,0.53,0.09,0.95,0.16,2.77,0.89,0.9,0
texpdt06WN0,3.38,0.43,1.93,2.23,1.21,1.52,0.65,0.51,0.98,1.77,0.65,1.61,1.02,0.0,0.51,0.0,0.0,1
tfCv7UADiwg,1.64,2.11,0.0,1.59,0.0,0.58,0.0,0.0,0.79,0.0,0.69,0.0,0.3,0.04,2.51,1.36,0.72,1
tifIFfqM7lg,0.07,0.0,0.0,0.64,0.0,0.0,0.0,0.0,0.0,0.35,0.0,0.0,0.0,0.0,0.0,2.34,0.49,1
tkdBIqvQAy8,1.57,0.67,0.94,2.22,0.0,0.0,0.0,0.14,0.0,0.0,0.73,2.32,0.0,0.0,0.25,1.44,0.4,1
tlSssfxfQE8,0.41,0.0,0.22,1.28,0.76,0.64,1.89,2.41,1.52,0.95,0.8,0.18,0.56,0.0,0.84,2.32,0.76,0
tlsOlBzEp1Y,0.73,1.08,2.82,0.0,1.16,2.3,1.55,2.5,2.55,1.64,0.03,0.43,0.0,0.0,1.57,0.72,1.71,0
tmFihXRqcOo,2.39,1.98,1.09,1.36,0.89,1.5,0.27,1.86,1.39,1.99,0.91,2.16,1.12,0.79,1.18,1.03,4.36,0
tn8mZja_8BY,1.59,2.24,0.0,3.49,0.0,0.0,0.0,0.54,0.0,0.0,0.52,0.68,0.0,0.0,0.16,0.0,0.0,1
tqupdUH-I4E,1.31,0.4,0.0,0.71,1.17,1.57,0.32,0.05,1.13,1.1,0.38,1.09,0.0,0.47,1.52,2.47,0.92,1
trKVqUpFWV8,1.84,1.68,0.0,5.0,1.09,1.53,0.37,0.88,1.8,1.05,0.51,0.52,1.1,1.4,1.99,1.44,0.86,0
tsDc4XhDPRI,0.0,0.16,0.0,0.24,0.0,0.0,0.0,0.0,0.0,0.1,0.05,0.21,0.0,0.0,0.81,0.95,0.0,1
tsS0dTzC4iI,2.09,0.58,1.22,1.63,0.1,0.57,0.75,0.12,1.0,0.36,0.76,0.56,0.0,0.28,1.55,1.45,0.92,1
ttgmGCJWmiY,1.31,1.02,1.36,1.45,0.0,0.03,0.13,1.29,1.14,2.38,0.71,0.57,0.36,0.0,1.14,1.73,0.26,1
tuz9L1hgO04,2.18,0.37,2.18,4.56,1.29,1.38,1.22,2.02,0.85,0.5,1.91,0.21,0.84,0.24,4.13,1.23,0.0,0
tvzGpyvvPqc,1.79,0.79,1.24,1.92,0.39,1.68,1.24,1.27,0.51,0.0,0.07,1.07,0.0,0.5,2.99,1.61,0.57,1
tzhkcWTxiL0,0.45,0.57,0.6,0.86,2.78,2.97,0.58,2.76,2.18,0.14,0.2,0.07,0.0,0.0,4.68,0.0,2.13,0
tznyBZQadGM,2.55,1.65,2.52,1.99,0.65,1.08,0.23,2.12,0.47,1.42,1.17,2.06,1.73,0.28,2.25,2.34,1.1,0
tzxhMqMSQJg,1.25,1.09,0.0,1.56,1.87,3.35,0.26,1.53,2.34,2.08,0.45,0.25,1.07,1.48,2.71,1.35,0.82,0
u-y-dQbT0GQ,2.53,1.71,1.39,1.93,1.35,0.55,0.77,1.77,1.32,0.77,3.16,1.02,1.58,0.92,1.5,2.15,0.0,0
u3HPh6BWB5k,1.87,1.6,0.67,0.0,0.0,0.0,0.0,1.34,1.45,0.07,0.0,0.0,0.0,0.0,1.61,0.76,1.26,1
u4GsXRzTqf8,0.0,0.0,0.91,0.0,0.0,2.42,1.6,0.0,0.0,0.0,0.54,0.0,0.0,0.0,0.77,0.0,0.0,1
u613qKsE5m8,1.7,0.77,1.52,1.08,1.07,1.69,0.15,0.66,1.1,0.0,2.29,0.79,0.0,0.48,1.43,0.13,0.86,1
u9Jtlhv1IX8,0.44,0.0,0.0,1.92,0.23,0.83,0.0,0.74,0.11,1.03,0.18,1.24,0.29,0.44,0.0,0.32,0.0,1
u9q7V5E6uHA,2.19,1.1,1.51,1.79,2.72,3.9,2.05,3.03,2.01,1.02,2.72,1.61,0.06,3.46,2.04,1.77,0.28,0
uAVMPxMCM1w,0.0,0.02,0.0,0.0,1.1,0.73,0.0,1.23,1.91,0.87,0.0,0.22,0.0,0.0,0.98,2.15,0.29,1
uDGhIX8Z490,1.72,1.38,1.23,2.68,0.94,3.94,0.94,1.01,0.41,0.97,1.2,0.19,0.57,0.51,1.62,0.6,0.0,0
uGLHWF-f1zA,2.62,1.34,0.93,0.59,1.27,0.79,0.07,0.08,1.02,2.1,0.26,0.17,0.92,0.0,1.67,0.29,0.0,1
uGp7m2EGrzs,1.81,0.63,0.0,0.31,0.06,1.26,0.0,0.0,0.0,0.0,0.08,0.0,0.68,0.0,0.8,0.42,0.0,1
uKySDFpH-xU,0.34,0.79,0.87,1.4,0.37,1.57,0.31,0.71,0.8,0.79,0.53,1.28,0.0,0.0,1.04,1.52,0.92,1
uM1CE_3P3tE,1.8,0.67,1.91,1.76,0.49,0.91,2.08,0.56,1.55,1.92,5.0,0.0,1.33,5.0,1.1,0.78,1.21,0
uNakczuDKCc,1.21,0.0,0.0,0.0,0.43,0.0,0.24,1.06,0.71,0.46,0.0,0.0,0.0,0.0,1.66,1.62,0.0,1
uO3hlDiOBpQ,2.44,2.22,0.0,1.21,1.98,0.0,0.09,1.44,2.53,1.65,0.48,0.31,0.89,0.0,4.07,0.0,0.08,0
uRQ1hPfIWUA,1.12,2.18,0.59,0.0,2.98,3.29,0.64,2.97,3.75,2.47,0.78,0.49,0.04,0.44,2.9,2.08,1.47,0
uSlffXdR_9k,2.31,0.58,0.2,1.1,1.3,2.28,2.69,1.47,1.91,0.0,0.2,0.4,0.64,0.81,3.02,1.83,0.57,0
uT78yhmt0xY,0.0,0.0,1.73,0.09,2.13,2.07,1.79,3.1,3.27,1.76,1.57,0.64,0.27,0.0,1.98,0.15,0.26,0
uTopUYlPhOE,0.2,0.0,0.0,0.02,0.94,1.7,0.0,0.75,0.82,0.0,0.67,0.0,1.41,0.16,0.55,0.0,0.71,1
uTuMzurqMME,1.51,1.27,0.0,0.0,0.0,0.95,0.0,0.71,0.89,0.0,0.0,0.0,0.95,0.0,1.36,1.0,1.64,1
uVOLM-GcZsQ,1.4,0.48,0.19,1.3,0.0,1.6,0.0,1.15,0.11,0.94,0.26,0.08,0.65,0.0,0.17,1.68,0.3,1
uVY2wdAoTV0,1.25,0.51,1.91,0.0,2.4,1.26,1.26,2.96,2.8,2.33,1.08,0.88,0.99,0.0,0.79,0.84,1.21,0
uXpb9greH74,1.1,0.0,1.52,0.98,2.37,1.82,1.15,3.54,3.37,2.78,0.68,0.0,0.57,0.0,3.02,0.94,0.97,0
uYd5w3GQU9k,0.66,0.67,0.11,0.0,3.59,3.55,2.68,3.07,2.08,0.88,0.51,0.0,2.12,1.89,3.41,0.0,1.81,0
uac71ebfZi0,0.33,0.0,1.23,1.03,0.01,0.35,0.31,1.58,0.12,0.73,0.0,0.0,0.86,0.17,2.71,0.85,1.78,1
ubhIkV1YUss,1.46,0.0,1.0,1.93,1.35,1.28,1.11,1.87,2.0,0.6,1.36,1.52,0.0,0.27,0.32,0.0,0.27,1
uc888ErIcNA,1.68,0.54,0.06,1.76,1.51,5.0,1.76,2.04,1.65,4.78,2.11,2.43,0.88,2.26,2.23,3.05,0.48,0
ucAxMbBZlyg,1.1,0.0,0.37,0.0,1.7,1.21,0.0,1.02,2.26,0.99,0.0,0.0,0.08,0.0,2.55,0.0,0.0,1
ucsvSCYh7Q0,1.08,0.0,1.64,1.08,0.53,0.77,0.45,1.5,1.63,1.62,1.18,0.84,0.92,0.18,1.6,1.05,1.18,1
udxRkas0bhY,1.67,0.0,0.63,1.65,1.52,0.0,0.0,1.64,1.8,1.55,0.37,0.0,0.97,0.0,2.35,0.0,0.0,1
ue-VLup-y2M,1.51,1.4,2.07,1.96,0.75,3.87,0.72,1.76,1.3,0.0,0.62,1.9,0.0,0.0,0.64,1.32,0.0,1
uet2pMga7xE,0.79,0.44,2.42,0.08,0.62,0.0,0.23,0.48,0.32,0.64,0.08,0.0,0.0,0.0,1.4,0.0,0.75,1
ufPiGudO8eM,0.16,0.0,1.66,0.0,1.16,1.26,1.59,1.99,2.02,1.56,1.02,1.05,0.93,0.23,1.85,1.52,0.0,0
uiHFu0SyQQw,2.04,0.45,0.79,0.0,0.94,0.0,0.0,1.65,2.39,2.08,0.06,0.31,0.44,0.0,0.94,0.2,0.08,1
uizyg1iRCBk,1.36,0.0,0.44,2.01,1.28,1.53,1.33,0.54,1.87,1.2,1.24,0.84,1.47,0.0,1.6,0.0,0.13,0
uj0IhpcVqw8,0.0,0.0,0.0,0.18,1.14,0.0,0.0,0.0,0.0,0.0,2.05,0.55,1.21,0.0,0.47,2.37,0.99,1
umwO-zu8Q7Y,0.0,0.0,0.0,0.0,2.52,2.46,1.9,1.26,3.24,1.37,0.02,0.0,0.0,0.0,2.78,0.33,0.0,0
unTM04ne7wk,2.64,2.37,0.47,3.6,0.88,0.53,0.75,1.6,1.27,0.8,0.85,1.96,0.54,0.91,0.19,1.61,0.0,1
uoDwu_ffpAE,0.82,0.48,0.0,2.73,0.78,2.17,1.07,0.04,2.31,1.68,5.0,0.0,1.19,0.84,3.29,0.47,0.0,0
upb2cm3eLIA,0.75,0.0,0.7,1.45,1.98,1.98,0.99,1.32,2.01,1.05,0.0,0.36,1.12,0.0,2.07,1.16,0.75,0
uqr0dyU5Y38,2.8,3.16,2.18,3.14,1.4,2.05,1.28,0.61,0.95,1.01,2.01,2.25,1.61,0.98,1.23,2.17,0.42,0
urxd9p2TeNQ,0.4,0.0,0.0,0.0,0.92,1.4,0.41,1.25,0.97,1.57,0.72,0.0,1.65,0.0,0.36,0.66,0.2,1
uxDDikET8vo,2.77,3.48,0.0,4.94,0.0,0.0,0.34,0.5,0.93,0.6,0.0,0.0,0.0,0.0,4.69,1.86,0.0,1
uyYCalhTS6s,2.14,3.67,0.0,2.54,1.52,0.87,0.0,1.81,1.87,0.96,0.21,0.72,0.0,0.7,1.68,0.85,0.0,1
uzrtfr0eVCw,0.39,0.0,1.11,0.0,1.97,2.57,0.51,0.79,2.24,1.05,1.29,0.0,0.3,0.31,2.51,2.13,1.02,0
v0NNI5wS_GM,0.67,0.41,1.76,1.65,0.71,2.55,0.21,1.42,0.9,0.45,0.84,0.67,0.44,0.14,2.14,1.88,0.0,1
v2bghI63d3w,3.27,1.48,3.19,3.68,0.0,0.61,0.37,1.94,1.17,1.7,0.88,1.94,0.42,0.26,0.8,1.83,0.76,1
v2mmyG9nTNY,0.0,0.0,0.44,0.0,0.0,0.0,0.1,0.0,0.0,0.0,0.53,0.0,0.0,0.0,0.0,0.0,0.0,1
v6NGcueUPAk,2.03,3.7,0.21,1.1,1.4,1.39,0.0,1.97,1.84,0.69,0.08,0.38,0.73,0.0,1.85,0.77,0.86,0
v7wNyFdeF18,0.41,0.0,1.25,1.11,0.0,0.47,0.61,0.85,0.0,0.0,0.0,0.06,0.0,0.0,0.06,1.3,0.38,1
v7zw8jgoPSQ,2.29,3.56,0.06,4.23,0.0,0.0,0.0,0.0,0.0,0.0,1.56,1.12,1.64,0.56,0.4,1.26,0.0,1
v8DBDvU4v4Q,0.97,1.42,1.92,2.76,1.03,0.84,1.01,0.83,0.51,1.39,1.08,1.37,0.29,0.56,0.69,0.17,0.49,1
v8k-RGzZaH8,1.25,0.48,0.5,1.39,2.49,2.26,1.53,4.06,2.03,2.46,0.57,0.59,1.15,0.0,3.8,0.93,1.23,0
v9PsUbCLyRs,1.68,0.04,0.55,1.68,0.94,1.66,0.19,1.21,1.69,1.09,1.11,0.0,1.04,0.09,1.23,1.6,1.42,1
vCPCRDSnJQk,1.87,1.48,0.38,1.25,2.26,2.8,1.03,3.09,2.26,1.19,0.57,0.21,0.14,0.37,2.51,1.75,0.4,0
vCqmAESDnKM,1.24,1.4,0.0,0.0,0.13,0.0,0.0,0.0,0.28,1.27,0.35,0.84,0.38,0.0,0.0,0.44,0.07,1
vDHmPRlNVaQ,2.76,1.32,0.0,1.0,0.21,1.08,0.18,0.53,2.06,4.13,0.52,1.25,0.32,1.05,0.74,1.62,0.0,1
vGQSmDUpjJo,0.36,1.22,0.0,2.28,0.0,0.0,0.13,0.0,0.23,0.0,0.59,0.66,0.28,0.83,0.27,2.44,0.0,1
vL2_cS0zAVU,1.35,0.33,0.21,0.08,0.6,1.59,0.36,0.35,0.59,0.86,0.39,0.0,1.53,0.24,1.61,0.79,0.0,1
vLIwSUs5QpI,1.96,0.88,0.86,3.67,0.0,0.0,0.0,0.38,0.27,0.4,1.53,1.81,0.28,0.5,0.0,0.53,0.0,1
vMgHh_ILoKE,1.88,1.56,0.0,1.04,0.0,1.1,0.0,0.75,0.21,0.0,0.71,0.0,0.0,0.52,0.0,1.17,0.0,1
vO4jGIOjjBc,0.05,0.0,0.0,0.0,0.0,0.0,0.21,0.69,0.64,0.0,0.36,0.31,0.86,0.0,0.65,0.0,0.0,1
vOKHh3QY9HU,0.71,0.86,1.12,1.5,0.14,0.88,0.0,1.06,0.56,1.32,0.84,1.69,1.18,0.0,0.47,1.47,0.0,1
vORwmKzL5hQ,1.73,0.0,0.71,0.96,0.82,2.34,0.0,0.0,1.31,0.58,0.0,0.0,0.95,0.0,0.55,0.0,0.24,1
vPrSD2yuxUQ,0.57,0.15,1.24,1.4,0.87,0.72,0.36,0.0,1.71,1.48,3.94,2.83,3.6,0.36,0.52,0.32,0.53,1
vSnPU5TBYqc,0.32,0.12,0.97,1.81,1.3,1.89,1.65,1.67,0.73,0.97,1.37,1.3,1.46,0.76,0.5,0.3,1.37,0
vT8DmLx8PHU,0.79,0.0,0.06,0.0,0.8,0.0,0.02,2.03,2.49,0.9,0.0,0.0,0.0,0.0,2.23,0.92,1.43,1
vTAuqtalEcw,1.59,0.46,1.27,0.35,1.58,2.64,1.75,2.12,1.43,2.27,0.82,0.35,1.22,0.43,1.44,1.02,0.93,0
vUKwg6LJpKI,2.52,0.0,2.08,0.39,1.6,1.63,1.07,3.2,2.47,1.45,0.73,0.0,1.1,0.51,4.38,0.29,1.34,0
vUiEWM3ucrA,2.11,0.0,1.71,2.17,0.0,0.0,0.43,0.72,0.05,0.37,0.67,0.35,0.0,0.0,1.1,0.62,0.0,1
vVa2h051lNE,0.11,0.0,0.29,0.69,0.57,0.38,0.91,0.52,0.61,0.48,0.75,1.15,0.24,0.0,0.0,0.0,0.21,1
vX7h00oBgOQ,1.26,0.0,2.05,0.68,1.6,3.62,2.91,1.76,1.76,0.42,1.33,1.01,1.75,0.45,1.73,2.18,0.61,0
vZv4qCr2MFc,1.69,0.0,0.02,2.65,0.82,0.17,0.27,1.71,1.66,1.15,0.37,0.4,1.76,0.94,1.99,0.89,0.0,1
v_MydRbRE6Q,0.84,0.0,0.0,0.0,1.38,0.0,0.0,0.49,1.83,1.78,0.0,0.0,0.0,0.0,0.67,0.0,0.43,1
vdrDeuqIL7Y,1.58,0.0,1.45,1.11,0.97,1.25,0.6,0.83,0.64,1.78,0.7,0.43,0.38,0.0,0.62,0.09,0.46,1
veC0kZvoPp8,1.57,1.84,0.0,0.76,1.38,1.85,1.43,1.77,1.58,0.65,2.77,2.23,1.27,0.72,1.53,3.07,0.38,0
vi30mY_GWJc,1.4,1.18,0.99,1.55,0.62,0.98,0.1,0.0,0.18,1.34,0.0,0.0,0.83,0.0,3.85,1.1,0.0,1
viFXAsWBNZo,2.02,2.88,0.0,2.84,0.91,1.89,0.24,0.7,1.48,2.18,0.37,0.27,1.16,0.1,2.73,2.2,0.77,0
vj3QjntArQw,1.04,1.63,0.34,3.52,0.0,0.0,0.0,0.38,0.0,0.0,0.0,0.0,0.0,0.0,3.34,2.41,0.0,1
vjgZ8p3uaI8,0.0,0.0,0.43,0.0,0.31,1.21,0.26,0.01,0.56,0.0,0.0,0.0,0.0,0.0,1.06,0.97,0.0,1
vlmJ7JPmiBY,1.51,0.94,0.37,0.23,2.8,3.78,1.39,3.85,2.92,2.4,1.64,0.4,0.02,0.12,3.49,2.59,0.59,0
vonadgix0ck,0.0,0.0,0.06,0.0,1.65,1.79,0.71,2.38,1.32,1.82,0.84,1.03,1.31,0.05,1.51,0.0,0.06,0
vq1Cp893UwQ,2.2,2.18,1.52,0.88,1.79,2.05,1.65,1.79,0.62,0.99,0.87,1.51,1.22,0.0,0.45,0.07,0.91,0
vqxETnhMOWA,0.96,0.43,0.56,2.87,0.3,2.19,0.46,0.95,0.84,0.33,0.68,1.76,0.68,0.12,0.87,4.29,0.29,1
vsAi-9CXgrU,1.71,0.0,0.06,0.26,1.54,0.88,0.0,1.8,0.85,1.64,0.44,0.1,1.6,0.56,0.68,0.0,0.0,1
vu2wk8P_RpM,2.51,2.56,0.0,5.0,0.0,0.0,0.0,0.0,0.0,0.7,1.0,1.04,0.09,0.18,0.0,0.85,0.0,1
vuo64W9y2hU,1.09,0.47,0.98,1.44,1.71,2.69,1.33,1.69,1.62,2.45,0.99,1.26,1.38,1.21,1.27,2.18,1.32,0
vv5mIbwBhKg,1.91,1.57,2.34,0.77,2.54,1.48,0.82,2.72,3.11,2.84,1.25,1.59,0.66,0.25,1.83,3.22,1.76,0
vw1beH35Mx0,0.74,0.57,2.06,2.2,3.16,1.67,0.96,0.87,2.28,1.94,1.95,1.12,0.17,0.0,2.41,0.53,0.51,0
vzDmvCANogU,2.74,3.6,0.0,1.53,0.82,0.0,0.0,0.46,1.63,0.18,0.87,0.0,0.0,0.0,1.42,0.71,0.0,1
w-F95h68l28,1.82,1.18,0.9,1.49,0.0,0.79,0.43,0.0,0.0,0.0,0.33,0.0,0.85,0.0,0.12,0.0,0.76,1
w2atPClWkt4,0.89,0.0,1.49,0.0,1.58,1.54,1.29,0.71,2.46,1.91,1.6,1.44,0.0,0.09,1.61,2.85,0.37,0
w2yE02L6-mY,0.84,0.0,2.76,1.34,1.06,2.37,1.0,1.61,1.53,1.03,0.54,0.67,0.18,0.31,1.14,2.68,0.53,0
w36y7BbxIXw,1.09,0.34,0.94,0.9,1.47,3.71,2.0,0.56,0.95,1.2,2.14,2.36,0.84,0.98,1.66,1.58,0.47,0
w46jhpYGeKc,1.31,0.36,1.76,0.0,0.25,1.06,0.11,1.05,0.0,0.0,0.0,0.0,0.0,0.0,0.14,0.99,1.59,1
w5RoJc6pstQ,3.94,2.01,1.84,4.27,0.15,0.58,0.0,1.12,0.77,2.5,1.78,0.48,1.88,0.0,2.58,0.96,0.0,1
w6MTPb9ihmQ,1.04,0.2,0.17,0.57,0.83,2.16,0.41,0.84,1.41,1.29,0.25,0.68,0.9,0.65,0.39,0.51,1.14,1
w8iNeuU2oG0,1.23,0.42,0.41,2.05,0.16,0.0,0.0,0.79,1.55,0.61,0.0,0.0,0.77,0.0,1.72,0.0,0.0,1
w9KAuG0lehI,1.1,0.0,0.0,0.11,0.15,0.57,0.81,0.77,0.45,0.0,1.87,2.05,0.49,0.0,0.44,0.0,0.6,1
wAPoZqC0sZ8,2.87,3.47,2.66,1.45,0.42,0.15,0.0,0.78,1.29,0.01,0.0,1.77,0.62,0.17,0.95,0.77,0.87,1
wC6KOciADP0,1.8,0.7,0.14,1.53,0.78,0.73,0.0,0.59,0.95,0.74,0.45,0.0,1.14,0.0,0.73,1.76,0.1,1
wCHZ07t1APo,1.1,1.15,2.16,0.65,2.08,2.73,1.44,2.39,2.62,1.48,0.76,0.01,1.05,0.0,3.65,0.74,1.22,0
wD9lqcEvhgw,1.1,0.0,1.21,2.38,0.18,0.0,1.07,0.0,0.0,2.92,2.94,0.0,0.35,1.9,0.81,0.28,0.0,1
wDjqmmuXETE,1.19,0.17,0.31,0.38,3.12,2.43,0.93,2.07,1.47,1.55,0.34,1.01,0.68,0.18,3.25,0.0,0.95,0
wFr_e0dMn00,1.51,0.0,2.03,2.02,2.11,3.45,1.69,1.08,1.46,1.27,1.06,1.21,1.07,1.65,0.84,0.46,0.82,0
wHRBlfLrsA0,2.3,1.02,1.37,1.58,0.0,0.0,0.0,0.0,0.0,0.0,1.2,0.0,1.61,0.0,0.97,0.0,0.0,1
wHUXmjlB1lo,0.0,0.21,1.35,0.0,0.0,0.19,0.56,0.0,0.0,1.3,1.05,0.0,0.0,0.0,1.96,0.78,2.99,1
wKOEMeOz9kI,0.74,0.0,0.23,3.04,2.47,4.24,1.97,1.66,0.85,1.64,0.65,1.34,1.96,0.78,2.72,0.32,0.12,0
wLhDZLEhVn4,0.25,0.0,0.68,1.09,0.0,0.0,0.06,0.12,0.0,0.08,0.0,0.0,0.0,0.0,1.06,1.42,0.0,1
wLyJPvoJWIU,0.33,0.0,0.87,1.72,1.16,2.73,1.61,2.28,2.02,1.74,0.01,0.69,2.16,0.8,2.69,0.86,1.17,0
wNZFPIK4esk,0.04,0.0,0.0,0.0,2.71,2.73,0.72,1.28,2.32,2.01,0.0,0.11,0.37,0.0,2.34,1.18,1.16,0
wNyRfE6DvuU,2.38,2.41,0.5,1.52,1.41,3.41,1.6,0.51,1.03,0.6,2.12,2.44,0.76,1.2,2.92,3.11,2.82,0
wO27AUykhWo,1.55,1.67,2.66,2.23,2.25,1.01,0.75,1.28,2.7,1.56,0.95,0.21,0.03,0.49,1.85,0.48,0.2,0
wQC9g0gwGl4,0.09,0.0,1.26,0.23,2.86,3.87,1.4,3.14,2.88,2.44,4.7,3.87,2.72,0.0,3.42,4.35,0.94,0
wTlERUE8LVw,0.34,0.02,0.38,0.52,0.97,0.0,0.9,0.76,0.93,0.63,0.75,0.53,0.64,0.0,0.18,0.57,0.0,1
wU8Gk44P5VU,1.13,0.0,0.37,0.64,2.1,1.81,1.62,2.27,3.11,1.89,1.05,1.05,1.26,0.45,2.44,0.5,0.85,0
wVQpnzyE0eU,0.88,0.0,0.0,2.02,1.1,0.81,0.0,0.99,1.8,1.33,0.0,0.0,0.08,0.57,1.99,0.3,0.28,1
wVmuMBks7Uw,0.0,0.0,0.0,0.0,0.13,0.0,0.44,0.0,0.98,1.0,0.56,0.0,0.55,0.0,0.03,0.69,1.05,1
wYUYNLAJSbY,1.63,1.45,2.14,1.21,2.93,3.47,1.07,3.12,2.94,2.9,0.26,0.0,0.23,0.0,4.78,1.35,0.0,0
wZwehhsV9Yc,0.44,0.36,0.3,0.8,1.3,1.06,0.45,0.87,0.63,0.72,0.0,0.0,0.0,0.0,2.26,1.52,0.29,1
w_nNDS5Amn0,1.09,0.12,0.9,3.02,1.88,3.41,0.95,2.28,2.62,1.56,0.84,1.31,1.93,0.78,2.11,0.96,0.59,0
waYJhHWj3iA,2.01,1.63,1.06,0.21,2.86,2.38,0.64,2.31,3.1,1.8,0.48,0.0,1.19,0.0,3.31,1.79,0.28,0
wc8MYxeiKso,0.86,0.0,0.0,0.78,2.01,3.2,0.0,1.61,3.08,1.51,0.19,0.0,0.0,0.34,2.39,0.51,0.11,0
wcFgxmfac4E,1.0,0.6,0.99,2.18,0.8,1.49,0.43,0.46,0.57,3.47,0.67,0.24,0.76,0.87,0.89,0.86,1.52,1
wdxTaDThhKs,1.59,2.18,0.34,1.35,0.71,2.6,1.63,0.52,1.06,2.53,0.98,1.66,1.07,1.18,2.06,1.64,0.0,0
wfYc1YiEcjc,1.91,0.22,2.13,2.55,1.47,1.7,2.25,2.04,1.7,3.02,0.72,2.52,1.32,0.73,1.0,2.36,0.87,0
wfyKchK1-oY,1.02,0.83,1.75,2.75,0.51,0.93,1.58,1.24,0.59,0.06,2.47,0.62,0.33,0.36,0.49,1.42,0.34,1
wg5RVvcUPjE,1.63,0.0,1.01,2.04,2.98,3.83,1.32,1.57,2.38,1.82,0.69,0.74,0.0,0.45,2.61,0.75,0.08,0
wi2BBQ9rnSQ,1.6,0.13,1.53,2.13,0.93,1.29,0.86,1.69,1.0,2.79,2.15,0.21,0.41,2.15,1.66,0.55,1.03,0
wmEaIdXFlBc,0.95,0.63,0.32,0.62,1.12,3.6,0.0,1.48,1.34,0.9,0.85,2.5,0.61,0.0,2.25,2.41,1.41,0
woGb-tpn95A,1.01,0.0,2.06,0.0,0.0,0.0,1.2,0.0,0.0,0.0,0.93,1.55,0.0,0.05,0.0,0.0,0.72,1
wpWhNzGxLdM,2.14,0.45,1.12,0.64,0.0,0.0,0.0,0.0,0.58,1.18,0.0,0.0,0.0,0.0,1.04,0.0,0.64,1
wqLPiCAVgMs,0.94,0.0,0.0,0.95,0.0,0.0,1.96,0.0,0.0,0.0,1.3,3.3,0.0,0.0,0.0,1.41,0.0,1
wz90fu3QViI,0.25,0.0,0.87,0.15,1.32,0.42,0.0,0.93,1.21,2.5,0.08,0.0,0.0,0.0,0.88,0.0,0.0,1
x-TdOTakacE,1.36,1.96,0.92,1.56,0.75,0.0,0.2,0.3,0.11,1.08,0.52,0.24,1.22,0.0,1.21,0.86,0.0,1
x2LWYrkSZuU,1.4,0.65,1.91,2.22,0.12,1.22,0.57,0.43,0.0,0.0,0.38,0.0,0.21,0.42,0.88,0.34,0.0,1
x3MMVVrvBiE,0.81,0.0,0.0,0.04,0.0,0.0,0.0,1.17,0.0,0.0,0.0,0.0,0.0,0.0,0.0,0.47,0.33,1
x3YpTTa7V0I,0.5,0.58,0.45,0.59,1.58,1.13,1.18,1.12,2.05,1.21,0.59,1.17,0.27,0.0,2.4,1.71,1.9,0
x53G1rAn4b4,0.0,0.0,2.8,3.39,0.21,1.24,0.23,0.23,0.0,0.0,0.0,0.0,0.48,0.0,2.72,0.82,0.0,1
x7-NWS85q7w,0.0,0.0,0.0,0.36,2.83,3.85,1.98,3.49,2.02,2.47,0.19,0.0,1.61,0.0,1.25,0.25,0.71,0
x9rCuZfyZOM,1.14,0.0,0.0,0.0,0.73,0.21,0.0,0.8,2.2,1.24,0.0,0.0,0.61,0.0,2.15,0.0,2.02,1
xAO9GKiKI08,0.26,0.0,0.35,0.0,0.0,0.0,0.0,0.0,0.0,0.0,0.25,0.0,0.0,0.0,0.0,0.0,0.0,1
xBv2FaiYja4,3.16,1.59,2.31,0.82,0.0,1.28,0.41,0.0,0.0,0.26,0.56,0.0,0.98,0.0,1.37,0.62,0.0,1
xCG3JWx5Fqo,0.0,0.0,0.17,0.0,1.5,0.89,4.92,0.0,0.0,0.0,5.0,0.0,0.0,5.0,0.13,0.0,0.15,0
xD5ZhQm_oLA,0.54,0.0,0.21,0.52,0.3,1.36,0.22,1.25,1.03,0.48,1.11,0.48,1.34,0.53,0.0,0.0,0.78,1
xEN-6sHYdvo,1.32,0.4,0.54,1.38,1.04,1.65,1.3,1.57,1.48,2.16,0.67,0.49,0.92,0.0,1.77,0.92,0.71,0
xGMki9dNQIA,1.59,0.0,0.62,0.22,2.51,1.52,1.65,1.69,2.4,3.11,0.97,2.53,2.12,0.93,0.51,0.67,0.61,0
xGaFFipKHk4,1.12,0.0,0.64,1.33,0.14,0.0,0.0,0.0,0.44,0.03,0.43,2.75,0.0,0.0,0.0,0.0,0.0,1
xJIyh5ibC2w,1.29,1.02,0.94,2.14,1.38,2.19,1.18,1.39,1.44,1.64,0.55,2.76,1.95,0.84,1.26,0.0,0.3,0
xJPpnm5Jjcc,1.01,0.24,0.03,0.0,0.23,1.86,0.48,0.1,0.61,1.01,0.46,0.71,0.51,0.52,0.0,0.0,0.8,1
xJZ-Y2cfCY0,4.11,3.37,0.0,0.33,0.0,0.0,0.0,0.68,1.09,1.35,1.08,1.19,0.77,0.0,0.0,0.94,2.38,1
xK4ROlVq92Q,1.25,0.36,1.12,0.85,1.34,2.54,1.5,1.72,0.89,0.81,2.31,2.43,0.97,1.29,2.12,1.77,0.38,0
xKOsZCpCVm4,1.98,0.0,1.38,0.98,0.73,3.6,2.14,0.25,0.15,1.25,0.49,0.27,0.03,0.32,0.0,0.71,0.43,1
xM7yAoGHhnQ,0.04,0.0,0.75,1.16,1.13,1.65,0.55,2.4,1.15,0.59,1.3,1.04,1.17,0.0,1.81,1.23,0.31,0
xMtpWV-uCqk,1.08,0.84,2.48,0.96,0.76,0.98,0.51,2.75,1.78,1.54,1.59,1.38,0.69,0.0,2.53,1.78,1.58,0
xOdza-g-fkU,1.67,0.1,2.28,0.0,2.12,0.0,0.36,1.19,3.28,2.2,0.35,0.0,0.64,0.0,2.38,4.15,2.47,0
xQtMdNiSXlU,1.64,0.12,0.23,0.0,1.63,1.46,0.95,2.4,1.64,2.12,0.21,0.0,0.37,0.0,2.06,1.9,0.13,0
xR_ofAFkHhI,1.4,0.67,0.69,2.23,0.68,0.0,0.0,0.45,1.47,0.0,0.97,1.81,0.98,0.3,0.0,0.0,0.0,1
xWLlVyAxInc,1.06,1.4,0.07,0.77,1.93,1.93,0.0,0.89,2.6,1.01,0.72,0.59,0.36,0.11,2.62,1.03,0.42,0
xYJLURu3cl0,1.29,0.34,0.96,1.73,0.3,0.89,0.68,1.04,0.0,0.0,0.89,0.29,0.0,0.56,0.79,0.59,1.22,1
xYf0qQkrp3I,1.61,0.25,1.58,2.14,1.63,0.56,0.37,1.67,2.35,0.65,0.0,0.0,1.62,0.31,2.18,0.0,0.69,0
xZRoYIQP_oE,3.32,1.48,0.22,2.66,0.08,0.0,0.25,0.94,0.59,1.21,1.21,2.14,1.32,0.63,0.99,2.53,1.31,1
xaTQazKQxHo,0.99,0.16,0.7,1.64,0.53,0.67,1.86,1.28,1.24,0.3,1.7,5.0,1.72,0.06,1.12,2.22,0.54,0
xaWBf6Y_OIk,0.0,0.0,1.08,0.14,2.82,3.68,3.4,3.32,1.27,3.44,0.31,0.0,2.83,0.0,3.11,0.51,1.53,0
xbrFD3TcTpA,2.57,1.88,1.45,1.22,1.16,1.65,0.17,1.46,2.22,1.7,0.09,0.05,0.0,0.0,0.41,0.0,0.0,1
xbulkAPePeI,0.59,0.42,0.0,0.78,0.0,0.0,0.0,0.0,0.0,0.0,0.95,1.55,0.65,0.0,0.0,0.0,0.0,1
xcfCDsRarO4,2.91,0.0,2.55,0.11,2.24,2.48,2.24,2.38,2.52,2.51,0.19,0.0,0.32,0.55,2.93,1.93,1.33,0
xetiqNPjrig,0.68,0.39,0.97,0.71,2.69,2.49,4.4,2.17,1.65,2.36,5.0,1.24,2.22,5.0,0.99,0.0,1.38,0
xjKhHSmalWM,0.95,0.78,0.08,0.0,3.03,1.33,0.0,0.65,1.63,0.0,0.27,0.89,0.0,0.0,4.25,2.13,0.55,0
xlbmE0IqTdE,0.0,0.82,0.13,1.24,0.61,0.0,0.0,0.0,0.93,1.16,0.17,0.0,1.41,0.0,0.0,0.0,0.0,1
xmVj8aDf6C8,0.5,0.0,0.95,0.97,1.11,4.0,0.7,1.42,0.85,0.09,0.22,0.0,2.2,0.39,1.83,5.0,0.25,0
xmgPcMsJBnw,2.28,3.73,0.0,1.03,0.74,0.0,0.98,0.7,0.83,0.0,0.33,0.0,0.0,0.0,2.06,1.37,0.33,1
xnektBuTaDs,2.03,0.0,0.82,1.38,0.55,1.08,0.05,2.03,0.54,2.47,0.96,0.33,0.78,0.07,0.77,2.25,0.71,1
xp7F-KgRmKo,1.95,2.61,1.22,1.15,2.44,3.93,0.7,1.33,1.96,1.3,0.25,0.48,0.65,0.0,1.92,1.41,0.71,0
xqqlmN5JpGw,2.02,0.0,0.54,2.13,0.53,3.67,0.19,0.51,0.54,0.0,1.41,1.23,0.87,0.21,0.0,0.05,0.23,1
xrKtvEh2wO8,0.83,0.27,0.7,0.47,0.62,0.04,0.11,0.27,0.13,1.13,0.75,0.0,0.0,0.13,0.11,1.47,0.59,1
xwMP8bc-TBg,1.4,1.61,0.42,2.02,0.54,2.34,0.55,1.68,0.0,2.68,0.84,0.35,0.76,0.0,1.9,3.26,0.15,0
xyZ-52bxzn8,0.0,0.86,1.56,0.43,1.16,2.08,0.68,1.29,1.53,1.06,0.18,0.0,0.85,0.39,1.9,1.69,1.26,0
y-caJXqQf-I,2.0,1.49,1.42,3.36,0.0,1.85,0.77,0.85,0.57,0.44,1.63,2.66,2.24,0.0,0.55,1.68,0.9,1
y0H91m4QQgk,1.28,0.68,1.42,3.07,0.65,2.73,1.6,0.76,0.53,2.07,1.06,0.68,0.43,0.25,2.96,3.94,0.0,0
y0HdMaJy2qU,0.83,0.0,1.71,0.16,1.64,0.53,0.49,0.77,0.65,0.73,0.0,0.0,0.0,0.0,2.57,2.51,0.72,1
y2gH1onKxy8,0.7,0.0,0.0,0.0,1.18,1.33,0.19,0.76,1.29,0.58,0.0,0.0,0.54,0.0,1.89,0.26,0.0,1
y3YHHb8zXx0,1.19,0.41,0.51,0.36,2.05,3.24,2.3,3.0,1.59,0.5,0.0,0.0,0.0,0.48,2.65,0.7,0.13,0
y53AERw0HRQ,1.47,2.49,1.06,2.11,1.44,2.41,1.36,1.97,0.97,1.39,2.03,2.03,0.94,0.94,3.93,1.7,0.41,0
y5sGS_YTQOE,1.15,0.57,0.0,1.32,1.98,2.87,1.92,1.65,2.21,1.27,2.42,2.48,1.92,1.83,1.62,1.13,0.5,0
y6c0XunzeGo,2.41,3.08,1.54,3.62,1.33,3.12,0.97,2.13,1.53,1.11,0.37,0.73,1.17,0.07,1.84,1.16,1.64,0
y7pyRinq4nw,2.49,0.0,1.17,0.25,0.99,0.93,0.0,1.69,1.32,0.05,0.85,0.06,0.0,0.49,2.58,0.0,0.11,1
yAEuDNBzttM,1.91,0.62,1.38,3.09,2.16,1.19,0.29,2.1,2.61,2.17,2.64,0.56,2.4,5.0,2.38,0.5,0.69,0
yAPsK6A3cWM,1.33,0.14,2.02,1.38,3.43,3.38,1.79,3.44,3.23,2.33,0.35,0.95,0.1,0.67,4.2,1.53,1.85,0
yAqGMfTYWZQ,0.82,0.6,1.18,1.67,0.54,1.27,0.0,1.8,0.24,0.94,0.82,0.19,0.0,0.0,2.16,2.98,0.0,1
yB-iDXPVR9k,1.71,0.75,0.84,0.5,1.47,0.16,1.58,2.11,2.69,2.33,0.0,0.0,0.43,0.0,2.31,0.0,0.98,0
yBC0A2dAdkk,0.91,0.0,1.58,0.0,2.34,2.47,0.68,2.09,2.24,0.0,0.14,0.0,0.1,0.0,2.98,1.49,0.0,0
yCNGeMp5Zes,1.1,1.14,2.4,0.06,2.82,1.0,1.17,4.16,3.52,2.47,0.0,0.0,0.0,0.0,4.2,0.6,0.99,0
yCWP4GCFi_s,1.74,0.08,0.91,1.16,1.48,2.27,1.17,1.11,1.81,0.87,0.43,0.72,1.77,0.94,2.08,1.6,1.45,0
yDlT6kO1M8Q,2.37,1.49,1.0,1.91,2.61,1.92,1.11,3.71,1.98,1.42,0.49,0.84,0.0,0.59,2.36,1.6,0.15,0
yEWMbejOwsQ,1.19,0.82,1.49,3.77,1.01,3.07,1.69,1.47,0.58,1.05,0.62,0.84,0.97,0.54,0.21,0.62,1.57,0
yG_K_dDkF8Y,0.64,1.74,1.39,2.23,0.0,0.64,0.23,0.42,0.08,0.0,1.95,0.4,0.63,0.33,0.95,0.67,0.12,1
yI4TLKnQOpY,1.28,0.84,0.76,1.39,2.39,2.63,0.69,2.96,2.32,1.92,0.79,2.97,1.33,0.66,2.58,1.29,1.13,0
yJJ9zY3EShw,2.13,1.89,0.0,1.04,1.87,1.1,0.14,2.41,2.86,2.39,0.0,0.0,1.81,0.0,2.95,0.12,0.49,0
yJLjLxnvD7k,2.24,3.04,0.0,4.01,0.19,0.76,0.22,2.67,0.98,1.96,1.05,1.68,2.83,0.73,0.38,2.95,0.41,0
yJOnD1AgcFE,1.37,0.49,2.02,0.27,1.59,2.98,1.5,1.75,2.56,2.34,0.85,0.0,0.13,0.32,2.31,2.1,1.08,0
yKfMvKCwK-0,1.25,0.0,0.65,0.65,0.8,0.47,0.64,3.32,2.24,0.94,0.26,1.11,1.4,0.06,1.48,1.98,1.12,0
yLZ8QTToQgo,1.27,2.59,0.91,2.08,2.26,1.39,0.0,2.76,4.02,2.38,0.61,0.19,1.01,0.0,4.28,1.2,0.98,0
yNWmpn2rthc,1.07,0.26,0.77,0.73,2.21,1.88,1.39,1.25,1.88,1.02,2.48,2.53,0.65,0.72,0.85,1.14,0.41,0
yONXswsLjCY,1.07,1.28,1.42,2.06,0.28,2.11,0.04,0.0,0.05,0.0,0.0,0.0,0.0,0.15,0.95,2.07,0.0,1
yOw0sYXvbIc,0.0,0.0,0.0,0.0,1.88,2.4,0.4,2.12,2.61,0.96,0.44,0.0,0.74,0.06,2.52,1.29,0.0,0
yPbAhjrYed4,1.83,2.07,1.15,1.0,0.79,0.35,0.65,1.39,1.46,0.5,0.07,0.0,0.51,0.94,2.36,1.35,0.08,1
yRG7pwa-OEg,1.72,0.0,0.0,1.5,0.25,2.11,0.32,2.94,0.88,0.0,3.11,4.47,0.65,0.56,0.81,0.7,1.76,0
yRHPNDYgEwU,0.99,0.0,1.02,0.08,2.14,1.98,1.0,0.64,2.14,2.13,1.77,0.0,1.46,0.63,1.43,0.49,0.17,0
yROyjkdSTz0,0.49,1.8,0.0,1.06,1.43,0.57,0.0,2.6,1.83,1.21,0.29,0.01,1.7,0.03,1.57,0.57,0.0,1
ySAKr4iPUDU,0.28,0.0,0.0,1.93,0.3,0.96,0.22,1.35,0.0,0.0,0.93,0.91,0.0,0.57,0.17,1.27,0.0,1
ySFUPoEadX8,1.76,0.66,2.15,0.78,1.62,2.4,0.81,1.43,1.84,1.62,0.96,0.0,1.62,0.12,2.22,1.28,0.0,0
yTG6XvLKpD0,0.24,0.42,0.27,3.29,1.34,0.8,0.46,1.52,1.92,1.7,0.0,0.0,0.5,0.06,4.01,0.51,0.0,0
yTJoJV5VulM,0.9,0.69,1.88,0.76,0.0,0.0,0.0,0.77,1.36,1.65,0.63,1.56,0.0,0.22,0.43,2.12,0.0,1
yTx5ZHw-Bgg,3.5,1.9,0.7,3.37,2.46,1.37,2.0,4.12,1.35,0.3,2.97,0.01,0.0,4.43,2.04,0.11,0.37,0
yU1S-GQz0Ho,0.41,0.0,0.0,0.48,0.64,3.97,0.84,1.03,1.58,1.89,1.22,3.13,0.41,0.72,0.32,2.48,0.06,0
yUIysAnpO2k,0.0,0.0,0.0,0.58,2.07,2.56,1.12,2.7,1.4,1.63,0.0,0.0,1.43,0.0,2.19,0.0,0.61,0
yZU5PxyAiR4,0.2,1.02,0.53,0.89,0.35,1.53,0.69,0.88,1.24,1.79,1.37,0.0,0.68,0.0,2.35,1.15,0.0,1
yaY61KAbZEo,0.66,0.0,0.16,1.71,1.99,1.47,1.89,3.87,2.03,1.17,1.53,1.66,0.0,1.46,1.41,0.96,0.47,0
ybLZ1Ga_mnA,0.35,0.0,0.0,0.63,0.0,0.81,0.0,0.43,0.5,0.36,0.0,0.79,0.09,0.2,0.0,0.0,0.0,1
ybzXCvjmLcM,0.0,0.0,0.36,0.0,1.45,1.74,0.57,1.52,2.54,1.74,0.0,0.0,0.0,0.15,1.82,0.16,1.57,0
yct7ym9A1sc,1.69,1.77,1.26,2.38,1.32,1.31,1.36,0.85,1.48,0.38,2.14,2.35,1.09,0.97,3.66,1.53,0.48,0
yhzTJ3Q_2KA,1.11,0.0,0.76,2.2,1.11,2.42,0.45,1.28,0.0,0.0,5.0,0.18,0.76,0.08,1.23,0.07,0.0,1
ymWVQWHnhVc,2.44,1.67,0.0,3.76,1.81,1.91,0.21,2.58,3.48,1.21,0.84,0.93,1.97,0.19,5.0,0.8,0.43,0
yp5FYBptIQc,0.83,0.0,0.99,2.44,0.55,0.82,0.98,0.68,0.62,0.77,1.17,0.0,1.52,0.29,0.33,0.0,1.04,1
ypnYT21TigY,0.79,0.85,0.0,1.5,0.03,0.0,0.0,2.05,0.86,0.48,0.18,0.0,0.76,0.0,0.55,0.2,1.03,1
yvbZcVUqe9A,2.39,3.56,0.58,3.02,0.32,1.91,2.43,1.11,0.32,1.72,1.19,0.35,0.74,0.0,2.67,1.9,1.68,0
ywXL-ufvWWg,1.65,2.03,0.74,1.1,0.9,1.7,0.58,2.03,1.74,1.14,0.01,0.89,1.16,0.73,3.98,3.22,2.32,0
yxtTlPJ9STo,0.85,1.54,0.81,2.99,0.56,1.63,0.36,0.5,1.03,1.24,0.5,0.0,0.0,0.57,2.4,1.58,0.32,1
z1Y3EBAexow,0.0,0.0,0.5,0.78,1.0,1.85,0.33,1.76,0.62,0.0,1.8,2.22,2.87,0.0,0.3,0.47,0.0,1
z1YP2nzEP1Q,0.27,0.0,0.97,1.18,0.48,1.46,0.0,0.0,0.0,0.0,0.05,1.87,0.0,1.57,0.0,0.06,0.35,1
z2bCT-I3QWs,0.29,0.0,0.28,0.81,0.0,2.66,3.17,0.0,0.0,0.0,4.48,2.22,0.0,0.0,0.0,0.0,0.0,1
z2xDGzeqCls,0.98,0.76,0.0,0.95,0.1,0.36,0.0,0.64,0.55,0.76,0.09,0.0,1.33,0.0,1.73,1.78,1.77,1
z4Bi1AWycs8,1.84,2.38,1.86,1.97,0.0,0.28,0.47,1.74,1.59,0.78,1.28,0.78,0.92,0.0,3.57,0.98,1.09,1
z4o7B7EqlyA,0.27,0.0,0.14,0.0,1.38,1.46,0.33,1.26,1.68,1.11,0.11,0.86,0.14,0.61,1.64,0.48,0.0,1
z8lg1SQY5xk,1.98,0.81,0.0,1.45,0.73,0.94,0.0,1.66,1.68,0.79,0.0,0.05,0.0,0.0,0.08,0.67,0.0,1
z9K8LE9lgqA,2.06,2.29,0.0,2.22,0.46,0.0,0.0,0.0,1.04,0.0,1.87,0.0,0.0,0.0,3.59,0.0,0.17,1
zCSxE56VkH8,0.92,1.09,0.52,2.47,1.39,2.74,1.24,0.39,0.73,0.35,0.73,0.0,0.0,1.15,0.8,0.0,0.46,1
zDwuJgLNJbc,2.6,0.11,0.75,0.47,0.0,0.63,0.1,0.0,0.0,0.0,0.54,0.0,0.0,0.07,0.0,0.0,0.0,1
zFRZV9ncDr8,1.78,1.31,1.4,1.64,0.24,1.11,0.86,1.28,1.0,0.66,0.42,0.71,0.75,0.12,0.64,0.0,0.57,1
zIO5dwV9Bdc,2.57,2.04,2.35,2.8,1.62,2.2,5.0,1.71,1.63,1.08,5.0,1.36,0.38,3.17,1.62,1.91,0.24,0
zIlQii4Na7k,0.49,0.0,2.43,0.0,3.75,3.04,1.38,3.65,3.46,3.34,0.0,0.0,0.8,0.26,3.69,0.48,1.34,0
zJgCoiQE-yo,0.17,0.0,0.05,2.01,0.04,1.33,0.0,0.0,0.05,0.17,0.3,0.0,0.43,0.26,0.0,0.0,0.07,1
zMCILVqIqVo,0.34,0.12,0.0,1.8,0.0,0.0,0.38,0.0,0.0,0.0,1.5,0.0,0.0,0.0,0.25,0.0,0.0,1
zNRM1cWxnJI,0.0,0.0,0.93,0.0,1.72,1.11,0.47,1.0,2.46,1.28,0.0,0.61,1.09,0.57,2.22,1.07,0.69,0
zNTS7iS9OnI,1.32,0.76,0.62,1.06,0.27,0.97,0.89,1.05,1.04,0.7,0.0,0.77,0.0,0.21,3.07,1.05,0.87,1
zOaQAM1VphE,1.84,1.17,0.0,1.73,2.16,0.88,0.62,1.03,2.74,0.51,1.04,2.53,1.07,1.04,2.9,0.61,0.21,0
zPEVqWcC4f8,1.58,1.07,1.21,3.7,0.37,1.59,0.63,1.99,1.41,2.69,1.34,0.06,1.41,0.0,3.2,3.16,0.7,0
zQHvQxP2gwk,1.35,0.0,0.06,1.38,0.0,0.0,0.0,0.76,0.0,0.0,1.86,0.0,0.0,2.88,0.0,0.0,0.0,1
zXQr9ppMzSQ,1.6,1.65,1.29,0.93,2.22,2.49,0.26,2.06,2.48,1.69,0.48,0.03,1.09,0.04,2.15,1.87,0.38,0
zgE9h0PPY5M,0.29,0.0,0.0,0.0,2.2,2.26,0.03,1.71,3.57,1.49,0.0,0.02,0.73,0.22,1.47,0.19,0.39,0
zgJRP1hUMSQ,0.67,0.0,0.81,1.03,1.29,0.02,0.76,1.94,1.22,2.39,0.84,1.83,0.77,0.15,2.13,2.67,0.26,0
zi4ILQFHMsE,4.56,3.98,0.65,4.34,1.85,3.54,0.74,1.84,1.51,1.4,0.33,0.0,0.78,0.0,1.96,0.48,0.0,0
ziFWAwQLxGw,1.02,0.05,1.48,2.15,2.37,2.32,1.3,1.52,1.18,0.16,0.36,0.24,0.0,0.28,3.13,1.09,0.0,0
zihLj9qF2xo,0.9,0.25,0.38,0.57,0.11,0.63,0.0,1.79,0.88,0.28,0.04,0.06,0.54,0.0,1.99,1.98,0.0,1
zjpe12HM-pk,0.17,1.97,0.45,0.45,2.84,2.96,1.47,2.3,2.96,1.7,0.0,0.0,0.71,0.0,2.73,1.65,0.0,0
zk-3GgEdXFA,1.42,2.53,0.33,3.6,1.93,1.95,1.07,2.19,2.25,1.73,0.82,0.28,0.27,0.14,2.31,3.55,0.0,0
zlRyVK7xjG4,1.3,0.0,2.12,0.0,0.0,0.0,0.0,0.65,0.28,2.09,0.71,2.31,1.04,0.69,0.0,0.88,0.64,1
zm9bnCSLiuk,0.76,1.07,0.0,1.4,2.6,0.9,0.55,1.29,2.27,2.93,0.0,0.46,0.0,0.25,0.47,0.3,0.0,0
znn71PRXzoM,0.57,0.0,1.37,0.0,2.93,4.65,1.17,2.38,2.26,2.71,0.87,1.78,0.54,0.57,2.03,0.0,0.71,0
zp4ou1uooHI,1.49,1.5,0.89,2.89,1.36,1.23,1.32,1.97,1.04,0.54,2.19,2.31,0.81,1.18,2.39,2.02,1.77,0
zp9wrbAZEKI,0.0,0.0,0.92,0.8,0.36,0.0,0.24,0.35,0.0,0.11,0.26,0.0,0.0,0.0,0.0,0.0,0.12,1
zpbBjot4bzQ,0.23,0.28,1.1,0.27,0.0,1.09,0.42,0.69,0.0,0.0,0.48,1.31,0.07,0.0,1.09,1.1,0.95,1
zq-W9pHRXjM,1.44,0.39,1.19,2.96,2.73,2.27,0.69,2.38,2.7,0.09,0.92,1.84,1.02,0.66,1.15,2.01,0.0,0
zrV0FCbv0WM,1.49,0.14,0.72,1.67,1.56,2.0,0.89,1.24,1.19,0.22,0.36,0.72,1.29,0.0,1.58,0.8,1.26,0
zshuDOe5JYg,1.49,2.01,0.0,2.25,1.0,1.69,0.0,1.57,2.18,0.66,0.0,0.0,0.0,0.05,2.04,0.0,0.0,1
ztlFwYoNfyM,0.92,0.0,0.0,0.0,1.48,1.42,1.98,1.98,1.19,1.25,1.49,0.67,1.31,0.0,0.0,0.67,2.12,0
zv_XCSIlf0I,1.51,0.15,1.0,1.97,1.12,1.63,0.38,1.78,1.85,1.7,0.64,0.0,0.9,0.49,2.8,0.86,1.15,0
zwVb-FhZAY4,2.56,2.38,1.25,0.56,0.44,0.0,0.67,1.75,0.29,0.5,1.9,2.25,0.88,0.18,1.56,0.0,0.98,1
zxplORm2L2k,0.73,0.45,1.39,1.95,0.0,0.0,4.15,0.0,0.0,0.86,1.01,5.0,0.82,0.0,1.42,1.6,0.25,1
zxwRkpBUczo,0.47,0.56,0.0,1.29,0.0,1.41,0.81,0.43,0.0,0.14,0.3,1.63,0.0,0.34,0.09,0.45,0.0,1
zyRH0wZ83Ig,1.04,1.33,0.34,0.19,0.0,0.0,0.0,0.0,0.27,0.33,0.92,1.14,0.75,0.27,0.0,0.0,0.0,1
zybhU7wl2GI,1.53,1.38,1.04,0.43,1.48,2.74,0.74,2.43,2.0,2.4,0.86,0.19,0.61,0.48,1.65,2.41,1.74,0
zyzWB5E1LDI,0.91,0.11,1.72,2.28,2.66,0.0,1.04,3.08,3.22,1.81,0.51,0.0,0.03,0.86,3.33,0.0,0.59,0
