Video_ID,AU01_r,AU02_r,AU04_r,AU05_r,AU06_r,AU07_r,AU09_r,AU10_r,AU12_r,AU14_r,AU15_r,AU17_r,AU20_r,AU23_r,AU25_r,AU26_r,AU45_r,cluster
--8n6A8Q6M0,1.08,0.0,0.0,1.87,1.22,1.77,1.11,1.67,1.22,0.56,0.0,0.0,0.29,0.0,2.34,0.88,0.02,0
-0FfyNZdHk0,0.055,0.0,0.0,0.92,1.34,0.755,0.88,1.325,1.25,1.085,1.825,1.52,0.96,0.605,0.895,0.21,0.19,1
-1B7cVoZr1c,0.875,0.0,0.7050000000000001,0.515,0.425,0.935,0.17,0.375,0.76,1.465,0.2,1.005,0.0,0.5,0.22,0.66,0.25,1
-4yu_13EHFM,0.92,0.17,0.0,0.01,0.16,0.64,0.74,0.0,0.0,0.0,0.26,0.0,0.0,0.0,1.25,0.68,0.0,1
-6FvAU9H98w,2.77,1.9,0.0,0.89,1.57,0.66,0.0,0.7,1.97,0.73,0.0,0.0,0.87,0.0,2.59,1.01,0.0,2
-7vF5F-1btE,0.27,0.0,0.59,0.3666666666666667,1.0783333333333334,1.025,0.6033333333333334,0.855,1.3,1.1183333333333334,0.2233333333333333,0.1383333333333333,0.4066666666666667,0.0816666666666666,0.8866666666666667,0.1433333333333333,0.0833333333333333,0
-9ACKA4sQ4U,1.315,0.34,0.0,0.39,0.27,0.325,0.265,0.5499999999999999,0.515,0.04,0.71,0.085,0.0,0.0,0.0,0.155,0.0,1
-9hDaG3nJwg,0.04,0.25,0.33,0.0,0.44,2.3,1.28,1.09,0.0,0.35,2.29,2.37,0.0,1.01,0.0,0.0,0.5,1
-GVbt3qdq70,0.5175000000000001,0.12625,0.86125,0.67625,0.49,0.92,0.5662499999999999,0.4975,0.48125,0.4649999999999999,0.50875,1.07875,0.5125,0.0,0.69,0.4125,0.33625,1
-JTkbbE_KP4,1.09,0.095,0.415,1.775,0.79,0.5449999999999999,0.435,0.67,0.565,0.36,0.355,0.875,0.0,0.53,0.3,0.375,0.0,1
-NkPxyvAqzA,0.0,0.0,0.0,0.9566666666666668,1.23,1.2133333333333334,0.17,1.06,2.283333333333333,0.7466666666666667,0.1166666666666666,0.0,0.4533333333333333,0.24,1.7033333333333331,0.52,0.0,0
-U5-r29G-t0,0.27,0.335,0.0,0.26,1.495,0.705,0.095,1.685,2.375,1.47,0.025,0.34,0.0,0.21,1.71,1.38,0.0,0
-WaDvcu7mcw,0.89,1.29,0.0,0.0,1.32,0.0,0.0,2.64,2.24,0.0,0.0,0.16,0.0,0.0,1.46,0.97,1.59,0
-XCc67Ijcz8,0.0,0.85,1.62,1.87,1.19,1.53,2.06,2.55,0.12,1.67,0.67,0.51,1.18,0.0,3.99,2.39,0.0,0
-Ya6eSQ3wng,0.56375,0.3249999999999999,0.1362499999999999,0.8,0.16625,0.44375,0.215,0.40875,0.19875,0.255,0.74875,0.27,0.52875,0.1649999999999999,0.7224999999999999,0.5962500000000001,0.3775,1
-_E2KyNAvqg,1.0379999999999998,0.704,0.292,1.45,0.298,1.0539999999999998,0.278,0.24,0.2799999999999999,0.536,0.004,0.014,0.144,0.526,1.41,0.8800000000000001,0.3279999999999999,1
-fWzHd63UCA,1.01,0.045,1.07,0.0,1.21,1.305,0.8999999999999999,0.76,0.61,1.565,0.62,1.17,1.77,0.8150000000000001,0.04,0.17,0.0,1
-tg0rduTy7c,0.84,0.0,0.39,0.04,0.69,1.27,0.78,0.89,0.71,1.0,0.33,0.0,1.03,0.0,1.66,0.66,0.0,1
-uj2svY5754,0.6166666666666667,0.0,0.03,0.0866666666666666,0.8366666666666666,1.24,0.33,1.17,1.3033333333333337,1.2166666666666666,0.0066666666666666,0.0,1.2,0.0,1.0933333333333335,0.2233333333333333,0.0,0
008Fi25LbKY,0.0,0.0,0.51,0.56,2.165,3.095,0.41,2.585,2.04,1.0,0.725,0.38,0.0,0.0,1.9,0.55,0.115,0
00qBuhJeG-o,0.665,0.21,0.71,0.35,0.0,0.0,0.0,0.345,0.175,0.18,0.635,1.4700000000000002,0.225,0.0,0.0,1.385,0.435,1
01CgNpWKero,1.3333333333333333,1.9633333333333336,0.1466666666666666,2.5500000000000003,0.5766666666666667,0.6733333333333333,0.5033333333333333,0.2466666666666666,0.8766666666666666,0.4966666666666666,0.08,0.0366666666666666,0.0,0.15,1.08,0.9666666666666668,0.1033333333333333,2
026urE67c8c,1.89,0.66,0.01,0.32,1.91,2.36,0.0,2.24,1.8,0.0,0.0,0.0,0.0,0.0,2.32,0.0,0.05,0
06YeEjVLC0E,0.195,0.01,0.0,0.66,0.92,1.63,0.055,1.21,1.955,1.19,0.2,0.195,0.0,0.225,1.41,0.835,0.0,0
06hhcGs3J88,0.905,0.6483333333333333,0.0,0.5416666666666666,0.205,0.6566666666666666,0.17,0.185,0.595,0.21,0.165,0.03,0.0,0.0,0.7316666666666668,0.1183333333333333,0.0,1
09HUMZrCH3A,0.71,0.045,0.64,0.46,0.255,0.4,0.28,0.165,1.14,0.085,0.025,0.0,0.05,0.155,0.35,0.0,0.0,1
0AuL6FQR3HE,1.6150000000000002,0.0,1.745,2.245,0.28,0.05,0.17,2.075,0.475,0.51,1.035,1.145,0.0,0.525,0.555,0.0,0.55,1
0Cj35oMbb9Q,0.6575,0.03,0.1975,0.5025000000000001,1.03,1.07,0.1975,0.9775,0.9325,0.6849999999999999,0.155,0.0,0.1125,0.05,1.4875,1.0499999999999998,0.1275,1
0E4c8VDmUTk,0.84,0.055,0.0,0.97,0.54,0.945,0.025,0.295,0.0,0.0,2.265,0.24,0.57,0.25,0.48,0.235,0.0,1
0ENcrVkHwBY,1.215,0.18,0.755,0.175,0.91,0.29,0.25,1.075,0.85,1.45,0.74,1.3250000000000002,1.01,0.14,0.155,1.105,0.085,1
0GVD-9hxk_s,0.9933333333333332,0.8466666666666667,0.5033333333333333,1.5366666666666668,0.69,0.6699999999999999,0.4466666666666667,0.92,1.0533333333333332,0.9,0.3633333333333333,0.0,0.41,0.0,1.14,0.0,0.0566666666666666,1
0IJm5TFpldU,0.1333333333333333,0.0,0.2933333333333333,0.0,1.45,0.6666666666666666,1.0066666666666666,1.72,1.356666666666667,1.2433333333333334,0.1633333333333333,0.0,0.31,0.0,1.0133333333333334,0.4666666666666667,0.0,0
0IMWasj76yU,0.13,0.0,0.08,0.81,0.9,1.59,1.38,1.03,0.0,0.46,1.38,0.83,0.0,0.0,0.08,0.28,0.1,1
0KOXxVJx0sk,0.49,0.0,0.0466666666666666,0.0,1.4733333333333334,0.85,0.7799999999999999,1.26,0.8966666666666666,1.9266666666666667,0.25,1.21,1.903333333333333,0.4133333333333333,0.4033333333333333,1.3833333333333335,0.0866666666666666,0
0Mnau-zACiE,0.3525,0.0325,0.0,0.7550000000000001,0.5375,0.45,0.2325,1.54,1.0,0.6025,0.7475,0.6174999999999999,0.0725,0.0,0.8825,0.755,0.0,1
0O2i843tdU4,1.7075,0.4374999999999999,0.7975,1.4975,0.1325,0.0,0.1775,0.8225,0.175,0.5275000000000001,0.3575,1.115,0.14,0.125,0.54,0.885,0.085,1
0Qr12Zerphs,0.41,0.435,0.0,0.7125,0.64,1.735,0.12,0.6000000000000001,0.4649999999999999,0.2375,0.6375,0.645,0.5349999999999999,0.1825,0.9425,0.6950000000000001,0.32,1
0Rge7nN8wss,1.9825,0.6225,0.185,2.075,0.1125,0.1475,0.0525,0.1075,0.57,0.51,0.1725,0.05,0.7425,0.0,0.285,0.2425,0.0,2
0SlWsnwIWN4,0.95,0.2,1.41,0.39,1.57,0.74,1.13,0.23,0.0,0.31,1.09,1.11,0.0,0.0,2.01,0.5,0.0,1
0UDH4y28YVQ,0.34,0.0,0.0,0.0,2.2,0.56,0.97,2.39,2.59,2.08,0.0,0.0,0.0,0.0,1.94,0.82,0.0,0
0UFz5YQk8o0,0.835,0.6,0.575,0.655,0.12,0.305,0.16,1.155,0.12,1.065,0.17,1.005,0.0,0.54,0.155,0.12,0.4,1
0_6HMZjStiQ,1.4266666666666667,0.6066666666666667,0.6933333333333334,0.6233333333333333,1.0933333333333335,1.65,0.0,0.8733333333333332,1.29,0.18,0.0033333333333333,0.0133333333333333,0.4733333333333333,0.0766666666666666,0.9666666666666668,0.2966666666666667,0.0,1
0_pTnqziRqo,1.0066666666666666,0.1066666666666666,0.3433333333333333,0.7166666666666667,0.62,0.1433333333333333,0.5166666666666666,0.9966666666666668,0.8133333333333334,1.1900000000000002,0.4433333333333333,0.1566666666666666,0.0999999999999999,0.04,1.28,0.36,0.2166666666666666,1
0ax6XooGykc,1.37,0.05,1.32,1.2,1.1,0.0,0.0,1.88,2.52,2.35,0.0,0.0,0.7,0.0,1.98,0.0,1.23,0
0e2__WsRZdg,0.754,0.768,0.412,2.158,0.538,0.6599999999999999,0.1399999999999999,0.712,0.944,0.526,0.198,0.112,0.622,0.0579999999999999,1.814,1.036,0.372,2
0eTmLcoLe9s,0.69,0.0,0.474,0.436,0.8019999999999999,1.216,0.532,0.33,1.1960000000000002,0.432,0.2299999999999999,0.0,0.4019999999999999,0.008,0.726,0.2659999999999999,0.08,1
0hjnu1Hjbo4,0.0,0.0,0.015,0.0,0.545,0.0,0.815,0.16,0.6,2.15,0.95,1.375,0.74,0.33,0.215,1.265,0.0,1
0i_ZIWC0c1M,0.7799999999999999,0.15,0.98,0.0,1.3333333333333333,0.8400000000000002,0.9466666666666668,1.1133333333333333,0.5533333333333333,0.4433333333333333,0.5466666666666666,0.6466666666666666,0.2533333333333333,0.0,0.3066666666666666,0.6333333333333333,0.3333333333333333,1
0icIUe7SCcQ,1.17,0.0,0.165,1.62,0.335,0.12,0.065,0.46,0.565,0.425,0.31,0.0,0.56,0.0,0.535,0.0,0.235,1
0ifwCzzCdvc,1.5,1.55,0.69,1.65,1.61,1.37,0.83,2.07,0.68,2.75,0.77,0.0,0.0,0.0,2.4,0.56,0.0,0
0mDJwB6DLvg,0.64,0.0,0.0,0.74,0.0,0.0,0.79,1.68,0.63,0.48,0.75,0.0,0.0,0.0,2.32,1.37,0.0,1
0nRXbv67-4M,0.73,0.0,0.1,0.0,0.7,0.17,0.0,1.38,0.8,0.0,0.0,0.0,0.35,0.0,3.35,0.09,1.09,0
0nVPBJnjzeI,0.6733333333333333,0.0066666666666666,0.3566666666666666,0.2966666666666667,0.1566666666666666,0.0666666666666666,0.2166666666666666,0.7466666666666667,0.3366666666666666,0.0,0.0333333333333333,0.0,0.0033333333333333,0.0,1.1733333333333331,1.1833333333333331,0.0333333333333333,1
0o5lQ6LZ4rI,0.98,0.605,0.0,0.915,0.1,0.705,0.045,0.565,0.385,0.0,0.87,0.0,0.0,0.0,1.125,0.495,0.0,1
0qIhFhM6eKw,0.79,0.36,0.0,0.88,0.4,0.19,0.08,2.24,0.86,0.8,0.25,0.91,0.0,0.29,0.05,1.3,0.0,1
0r-T21BKkMk,0.3175,0.8975000000000001,0.0,1.645,0.1325,0.06,0.1475,0.0675,0.21,0.0,0.415,0.4575,0.725,0.0,0.985,0.8075,0.0,1
0r3rU0ipuiQ,0.7983333333333333,0.135,0.735,0.535,1.1583333333333334,1.015,0.3416666666666667,0.9416666666666668,0.8266666666666667,1.03,0.3366666666666666,0.065,0.4383333333333333,0.12,0.7116666666666668,0.505,0.2883333333333334,1
0uJu9JkxNwI,0.0,0.0,0.0,0.0,1.28,2.48,0.0,2.67,2.63,0.27,0.0,0.0,0.33,0.0,2.33,0.73,0.0,0
0yqdgfLWhpM,0.4825,0.0,0.1925,0.9825,0.615,1.325,0.0875,0.505,0.2274999999999999,0.2425,0.0875,0.0275,1.0875,0.325,0.9675,0.0,0.185,1
0z_UIEHwskI,1.085714285714286,0.3185714285714285,0.3057142857142857,0.4728571428571428,1.1085714285714283,1.717142857142857,0.4914285714285714,0.8171428571428573,0.687142857142857,0.2457142857142857,0.3928571428571428,0.2557142857142857,0.1514285714285714,0.1071428571428571,1.48,1.3714285714285714,0.3814285714285714,1
0zkiGw4F5Pw,0.0,0.0,0.495,0.495,0.505,0.985,0.105,0.865,1.625,0.625,0.0,0.0,0.305,0.055,1.41,0.495,0.675,1
0zyiBgLpoeE,0.88,0.255,0.16,0.3875,1.9025,2.1375,1.305,1.7025,2.0425,1.285,0.0575,0.1525,0.3075,0.0425,1.67,0.5499999999999999,0.81,0
1-4pxMY9rq8,0.72,0.14,0.0,0.0,0.0,0.61,0.0,0.0,0.32,0.61,0.02,0.16,0.0,0.0,0.33,0.0,0.0,1
1-b2aT0of_Y,0.0,0.0,0.73,0.035,0.68,2.02,0.78,0.085,0.325,0.535,0.07,0.005,0.015,0.0,0.315,0.915,0.59,1
1-m9KLTaeaI,0.6,0.125,0.0,0.315,1.365,0.99,0.7350000000000001,1.385,1.03,1.27,0.585,0.285,1.48,0.0,1.915,0.65,0.06,0
12cGM8Quszs,0.8466666666666667,0.2966666666666667,0.1766666666666666,1.3066666666666666,1.3533333333333335,0.8233333333333334,0.2133333333333333,1.0766666666666669,1.2466666666666668,1.4833333333333334,0.6433333333333333,1.1966666666666663,0.8733333333333334,0.3233333333333333,1.5366666666666668,1.346666666666667,0.5499999999999999,0
12t-wjHSq5c,0.46,0.0,0.0,0.0,1.79,1.29,0.41,2.87,2.09,1.31,0.19,0.0,0.0,0.0,0.71,0.0,0.0,0
13wZEXCrprY,0.12,0.0,0.66,1.01,0.0,0.0,0.85,0.0,0.0,0.0,2.22,0.0,0.0,0.0,0.14,0.0,0.0,1
160z2kH-pfQ,0.0,0.0,1.49,1.3133333333333332,0.6133333333333334,0.1033333333333333,0.1399999999999999,0.9766666666666668,0.9033333333333332,1.0733333333333333,0.5833333333333334,0.0,0.0,0.0,1.9566666666666668,1.343333333333333,0.8133333333333334,1
16GQKjDDrXM,0.46,0.01,0.0,0.0,0.94,0.46,0.0,1.1,1.42,1.37,0.0,0.05,0.34,0.0,0.26,0.32,0.0,1
17JEASUW0zI,1.46,0.0,0.0,1.22,0.72,0.08,0.0,0.86,2.55,1.96,0.0,0.0,1.0,0.0,2.21,0.0,0.0,0
18Iluqov9Xk,0.04,0.05,0.385,0.0,0.0,0.105,0.08,0.92,0.295,0.365,0.265,0.22,0.0,0.035,0.06,0.205,0.84,1
18oXZbC_RYI,0.6699999999999999,0.2533333333333333,0.5833333333333334,1.923333333333333,0.0,0.0,0.1133333333333333,0.3733333333333333,0.0,0.0666666666666666,0.1366666666666666,0.65,0.0,0.0866666666666666,0.4433333333333333,0.5399999999999999,0.0,1
196oXdYgBEs,0.6,0.35,0.4399999999999999,0.1533333333333333,0.4599999999999999,1.0266666666666666,0.6333333333333333,0.4366666666666667,0.4733333333333333,1.29,0.7366666666666667,0.5300000000000001,1.0366666666666668,0.5966666666666667,0.3233333333333333,0.1833333333333333,0.1633333333333333,1
1C753eMNsKg,0.2766666666666666,0.0,0.0933333333333333,0.4566666666666667,0.0,0.8366666666666666,0.0266666666666666,0.0166666666666666,0.1266666666666666,0.1366666666666666,0.2666666666666666,0.0,0.37,0.16,0.12,0.5333333333333333,0.7133333333333334,1
1Ccsgr9T69Q,0.5,0.0,0.3,0.085,0.7050000000000001,0.115,0.565,0.34,0.61,1.425,0.17,0.0,0.0,0.7,0.745,1.35,0.035,1
1D9m0RkEwTg,0.995,0.29,0.0,0.345,1.545,1.235,0.395,1.1150000000000002,1.73,0.64,0.0,0.0,0.34,0.185,0.835,0.0,0.0,0
1FJE4khqN8c,0.13,0.43,1.33,2.47,0.62,1.38,1.97,0.0,0.0,0.0,1.77,0.0,0.16,0.0,2.28,0.0,0.0,1
1GHM1QQDSrI,0.748,0.554,0.146,0.8959999999999999,0.212,0.79,0.892,0.7,0.07,0.3139999999999999,1.556,0.594,0.134,1.354,0.5199999999999999,0.296,0.156,1
1HEOo6a91yY,1.16,0.82,0.0,0.55,0.11,0.35,0.0,0.59,0.23,0.0,0.0,0.0,0.0,0.0,2.16,0.38,0.31,1
1Kgct3YJoJU,0.12,0.0,0.025,0.0,2.24,2.34,0.535,2.14,2.45,1.2,0.555,0.0,0.7949999999999999,0.0,1.815,0.0,0.0,0
1MCRXw7u1qs,1.355,0.885,0.0,2.08,1.185,1.025,0.0,1.3150000000000002,1.665,0.865,0.04,0.0,0.0,0.095,2.565,0.5,0.035,2
1QHRFZwKSMw,0.8300000000000001,0.6683333333333333,1.1033333333333333,1.0116666666666667,0.4266666666666667,1.215,0.2933333333333333,1.3783333333333332,0.4866666666666666,0.6216666666666667,0.4016666666666666,0.4066666666666667,0.2966666666666667,0.0616666666666666,1.4733333333333334,0.5083333333333334,0.3783333333333333,1
1REnqKrSTls,0.8966666666666666,0.6333333333333333,0.4983333333333333,0.9466666666666668,0.2466666666666666,0.7333333333333334,0.3616666666666666,0.33,0.0433333333333333,0.1783333333333333,0.515,0.375,0.3416666666666666,0.3333333333333333,0.6416666666666667,0.2916666666666667,0.1216666666666666,1
1Ucsm6J24Us,0.0,0.0,0.89,0.0,3.49,3.34,0.69,2.65,2.96,2.13,0.0,0.0,0.1,0.23,2.27,0.38,0.05,0
1aZ4UYjlHEA,1.48,1.26,0.315,1.68,1.4500000000000002,0.475,0.025,1.605,1.775,1.185,0.805,0.06,0.345,0.005,2.86,0.985,0.12,2
1e0Aed3Xx2c,0.3916666666666666,0.2933333333333333,0.535,0.9566666666666668,0.3799999999999999,0.87,0.5066666666666667,0.6216666666666667,0.4599999999999999,0.5850000000000001,0.3466666666666667,0.4716666666666667,0.2983333333333333,0.2533333333333333,0.375,0.945,0.1383333333333333,1
1o_Zw6LbLnU,0.767142857142857,0.4442857142857143,0.1285714285714286,0.7028571428571428,0.1757142857142857,0.13,0.0,0.6228571428571428,0.4414285714285714,0.0542857142857142,0.2728571428571428,0.41,0.0,0.0742857142857142,0.3257142857142857,0.3771428571428571,0.0042857142857142,1
1qa9wW9Qghs,1.34,0.0,0.3249999999999999,0.0,1.56,1.595,1.48,1.705,1.85,1.975,0.42,0.0,0.8400000000000001,0.05,1.86,0.225,0.09,0
1qe4A4gGhIA,0.84,0.065,1.255,0.165,0.925,1.905,0.815,1.695,1.37,0.76,0.035,0.34,0.72,0.25,0.92,0.185,0.085,0
1qvAJGZYr3E,0.485,0.665,0.0,1.135,0.275,0.0,0.0,0.325,1.36,0.98,0.36,0.0,0.385,0.0,0.475,0.16,0.0,1
1rlXGI3NnTU,0.8966666666666666,0.5599999999999999,0.2766666666666666,1.7733333333333334,0.0,0.0866666666666666,0.1433333333333333,0.3366666666666666,0.1333333333333333,0.25,0.5933333333333334,0.2966666666666667,0.3966666666666666,0.2066666666666666,0.2833333333333333,0.4266666666666666,0.0,1
20SwObTtOB8,1.1966666666666663,0.1466666666666666,0.8733333333333334,0.5033333333333333,0.36,0.0,0.7666666666666666,1.04,0.49,0.1633333333333333,0.5166666666666667,0.33,1.06,0.2233333333333333,0.7666666666666666,0.0,0.06,1
227xidPFDng,1.81,1.01,0.29,1.1233333333333333,0.4599999999999999,0.05,0.4733333333333333,1.41,1.03,0.9966666666666666,0.8966666666666666,0.4533333333333333,0.1399999999999999,0.0433333333333333,1.1266666666666667,0.7400000000000001,0.0,2
23GYjckuz9E,0.23,0.2,0.0,2.71,0.32,1.15,0.0,0.22,0.35,0.15,0.2,0.0,0.07,0.0,1.59,0.0,0.0,1
23L8K7nOG_c,0.31,0.0,0.46,0.28,1.42,3.06,0.19,1.36,0.51,0.51,0.0,0.0,0.27,0.0,1.97,0.0,0.78,0
23cDngtz2Mo,0.0,0.615,0.0,0.0,0.025,0.04,0.02,0.29,0.3,0.5549999999999999,0.19,0.73,0.23,0.02,0.41,0.63,1.92,1
255FPlIIomg,0.475,0.0,0.695,1.035,0.115,0.945,1.02,0.04,0.0,0.06,0.8300000000000001,0.63,0.71,0.14,0.0,0.0,0.04,1
27DfJdlizR8,0.8066666666666666,0.6466666666666666,0.1666666666666666,0.4833333333333333,0.35,1.403333333333333,0.42,0.7933333333333333,0.65,0.1333333333333333,0.7533333333333333,0.46,0.5366666666666666,0.4833333333333333,0.0699999999999999,0.89,0.0,1
27yofdZnH9s,2.06,1.035,0.155,0.8,0.8200000000000001,1.38,0.02,2.325,1.66,0.655,0.58,0.0,0.72,0.0,1.94,0.04,0.13,0
28K1KJwvuBI,1.36,1.44,1.59,0.29,1.96,0.78,0.0,1.38,2.57,2.57,0.0,0.0,0.0,0.37,2.02,0.0,0.0,0
2DBEblhgaJk,0.9966666666666668,1.086666666666667,0.3033333333333333,2.0500000000000003,1.2166666666666666,0.7166666666666667,0.0933333333333333,1.903333333333333,2.08,1.0566666666666666,0.0566666666666666,0.12,0.0,0.12,2.02,0.6466666666666666,0.1733333333333333,0
2DIqmd6yQBY,0.81,0.43,0.615,2.19,0.22,0.145,0.33,0.4649999999999999,0.025,1.27,1.01,0.67,0.255,0.17,0.325,0.685,0.43,1
2D_v3mrBmGI,0.7150000000000001,0.0,0.885,0.06,0.4649999999999999,0.725,1.24,0.675,0.0,0.655,1.125,0.605,0.8,0.1,0.185,0.575,0.0,1
2E-52BubRvM,0.3166666666666666,0.1366666666666666,0.3166666666666666,0.0166666666666666,0.18,0.16,0.0,0.7566666666666665,0.6266666666666666,0.84,0.5633333333333334,0.4266666666666667,1.24,0.0,0.15,0.0,0.7433333333333333,1
2Emt_xXktmI,0.7200000000000001,0.33,0.0,0.0,0.455,0.755,0.53,0.7899999999999999,1.3050000000000002,0.395,0.0,0.0,0.0,0.0,1.245,0.005,0.735,1
2FHnLyeuvt0,1.16,0.05,0.0,0.26,1.9,2.57,0.58,0.58,1.71,0.89,0.0,0.24,1.5,0.29,1.69,0.88,0.0,0
2G4w9gH8iEs,0.4862499999999999,0.2175,0.20625,0.12125,0.53375,0.66,0.1975,0.7474999999999999,0.9775,0.6062500000000001,0.18,0.185,0.3175,0.20375,0.515,0.3774999999999999,0.1725,1
2GS8wQxCC9M,0.304,0.0,1.032,0.0,0.8639999999999999,1.27,0.438,0.484,1.12,0.768,0.408,0.51,0.406,0.366,0.8240000000000001,0.4599999999999999,0.076,1
2HpGUdqGwdc,1.44,0.0,0.0,1.41,0.0,0.0,0.0,0.0,0.45,0.38,0.68,0.0,1.2,0.0,0.54,0.0,0.48,1
2IhEU5rzUOE,0.03,0.3,0.6950000000000001,0.0,0.815,0.715,0.4049999999999999,1.235,0.995,0.765,0.43,0.755,0.2,0.0,0.57,0.48,1.4500000000000002,1
2JF7m9fNMBo,0.59,0.41,0.0,1.44,0.69,0.06,0.0,0.0,0.4,0.54,0.0,0.0,0.13,0.17,0.14,0.1,0.0,1
2MJvug6QOgA,1.82,1.57,0.08,0.92,0.96,0.64,0.0,1.92,1.82,0.9,0.02,0.0,0.21,0.0,2.88,1.25,0.0,2
2OT5Pcl4iF0,1.19,2.06,0.27,1.77,0.195,0.0,0.0,0.415,0.0,0.395,0.67,0.21,0.0,0.0,1.74,2.1950000000000003,0.0,2
2Ol8aJTPEl4,0.715,0.885,0.0,0.65,2.055,1.905,0.52,2.355,2.93,0.705,0.0,0.0,0.95,0.0,3.66,1.715,0.6,0
2Pn0MNwUjM0,0.0,0.0,0.0033333333333333,0.0,2.3833333333333333,1.89,0.0433333333333333,0.8733333333333334,2.24,1.1733333333333331,0.0466666666666666,0.0,0.6333333333333333,0.0933333333333333,1.5666666666666669,0.0,0.0766666666666666,0
2TETrMU1Q3I,1.52,0.0,1.165,2.025,1.105,0.755,0.6100000000000001,1.815,1.48,1.685,0.295,0.415,1.24,0.1,0.505,0.0,0.65,0
2TghJw4IZZ0,0.9333333333333336,1.0233333333333332,0.03,0.8133333333333334,0.3166666666666666,0.0,0.52,0.5,0.29,0.1933333333333333,0.2733333333333334,0.94,0.7766666666666667,0.0,0.2433333333333333,0.87,0.1833333333333333,1
2TkGKRUcH9M,1.12,0.155,0.415,0.045,1.54,0.685,0.7575,0.8275,1.9025,1.0325,0.13,0.0,0.59,0.3424999999999999,0.9525,0.1275,0.0,0
2TmagN6RhkI,0.3866666666666666,0.3933333333333333,0.3133333333333333,0.2033333333333333,0.0,0.7133333333333333,0.09,0.0433333333333333,0.0866666666666666,0.0,0.6933333333333334,0.0,0.1133333333333333,0.0,0.5066666666666667,0.66,0.3866666666666666,1
2cSj4R5OqN0,0.79,0.0,0.64,0.0,1.785,1.825,0.68,2.165,2.515,0.02,0.445,0.22,0.73,0.315,1.395,0.4349999999999999,0.135,0
2cXlM4qr8Lw,0.04,0.0,1.7,0.85,2.33,2.54,1.25,1.89,2.24,1.87,0.86,0.33,0.0,1.0,0.0,0.0,0.0,0
2cj-ZOqXn0s,1.08,0.0,0.03,2.16,0.84,2.63,1.85,1.9,0.0,0.0,2.51,0.0,1.16,0.0,0.72,0.64,0.0,1
2g3Gu9cA_AU,0.0,0.0,0.0,0.11,0.01,0.25,1.31,0.71,0.65,0.57,0.31,0.0,0.0,0.0,0.84,0.0,0.72,1
2gDO3w-Zv5Q,0.6966666666666667,0.4833333333333333,0.0,0.2366666666666666,0.7999999999999999,0.27,0.04,0.93,1.6466666666666667,1.7433333333333332,0.0,0.0,0.3533333333333333,0.0,1.0566666666666666,0.1966666666666666,0.3366666666666666,0
2iPplpNHjTQ,1.78,1.11,0.0,0.0,1.3,0.0,0.0,1.56,2.46,2.28,0.0,0.26,0.41,0.12,0.51,0.0,0.0,0
2j_1TomiT9Q,0.3225,0.3975,0.6925,0.9225,1.2375,1.815,0.495,2.315,1.33,1.2025,0.305,0.1925,0.485,0.0775,2.105,0.515,0.52,0
2l94S4_jMTY,0.5533333333333333,0.0,0.1033333333333333,1.2733333333333332,0.4733333333333333,1.643333333333333,0.25,0.5033333333333333,0.6433333333333333,0.7233333333333333,0.5733333333333334,0.0366666666666666,0.7166666666666667,0.7000000000000001,0.82,0.7966666666666665,0.0166666666666666,1
2lXdrSXl9Io,0.71,0.0,0.0,0.7000000000000001,0.6433333333333333,0.2966666666666667,0.9933333333333332,0.8866666666666667,0.8466666666666667,0.59,1.79,0.3066666666666667,0.7966666666666667,1.78,0.8133333333333334,1.5099999999999998,0.15,1
2n67uXYSG5c,2.245,2.655,0.32,0.545,0.0,0.045,0.0,0.075,0.0,0.0,1.205,0.01,0.555,0.0,1.705,0.355,1.3,2
2nb7W-iphsk,0.488421052631579,0.08,0.2442105263157895,0.3563157894736842,0.4121052631578947,0.6926315789473684,0.2621052631578948,0.865263157894737,0.9152631578947368,0.6710526315789473,0.2263157894736842,0.1336842105263158,0.1636842105263158,0.1457894736842105,0.6473684210526315,0.5468421052631579,0.0926315789473684,1
2ncOVB0wTtc,1.05,0.555,1.515,1.25,0.98,1.24,0.535,1.505,0.805,0.32,1.715,0.0,0.0,0.3,1.735,0.13,0.29,1
2pGWzr7QXtU,0.51,0.93,0.0,2.77,0.0,0.14,0.0,0.0,0.37,0.0,0.0,0.0,0.19,0.0,0.84,1.99,0.0,2
2qgmxrekr0g,0.6161538461538462,0.1469230769230769,0.29,0.5523076923076923,0.0438461538461538,0.483076923076923,0.1723076923076923,0.446923076923077,0.07,0.2792307692307692,0.2892307692307692,0.173076923076923,0.2476923076923076,0.0438461538461538,0.0846153846153846,0.3961538461538462,0.0946153846153846,1
2qqc_Mx3zuI,0.365,0.0,0.0,0.0,0.8400000000000001,0.655,0.0,0.725,2.275,0.625,0.305,0.0,0.18,0.0,1.065,0.53,0.505,0
2sZh5FtJRb8,0.655,0.525,0.0,0.745,0.125,0.0,0.625,0.925,0.995,0.165,0.405,1.225,0.07,0.0,0.27,0.615,0.0849999999999999,1
2sb7GzhpLBQ,1.08,0.43,0.32,1.24,0.0,0.0,0.0,0.91,0.0,0.0,1.83,0.41,0.04,0.0,0.07,0.0,0.0,1
2shoun41cW0,0.0,0.0,0.0,0.0,1.39,3.11,0.0,2.76,2.68,0.0,0.0,0.0,0.07,0.0,2.32,0.58,0.0,0
2v29gYhPgkI,0.355,0.0,0.0,0.045,1.5699999999999998,1.35,0.51,2.0,1.355,0.675,0.165,0.07,0.8300000000000001,0.0,0.5,0.355,0.315,0
2w7MEv0-yMs,0.89,0.0,0.35,0.0,0.42,0.53,0.85,0.72,0.16,1.5,0.29,1.28,0.0,0.25,0.0,0.62,0.0,1
2xLHVJNTjn4,2.35,2.96,0.0,1.15,0.0,0.0,0.0,0.0,0.0,0.21,0.13,0.0,0.0,0.0,1.53,0.85,0.33,2
2xzBWVrG27M,0.72,0.0,0.0,0.69,1.15,0.0,0.0,1.14,1.37,0.04,0.0,0.52,1.42,0.45,1.37,0.0,0.0,1
30NXj6O44r8,1.62,2.11,0.0,4.1,0.0,0.0,0.0,0.0,0.0,0.0,0.98,0.04,0.0,0.0,2.41,2.81,0.0,2
30f7VYKKd2s,0.0,0.0,0.0,0.0,2.34,2.42,0.0,1.46,3.07,0.89,0.0,0.0,0.0,0.0,3.38,0.21,0.27,0
32nRdJOPP-4,0.01,0.0,0.0,0.0,0.46,0.0,0.19,0.25,0.6,0.75,0.0,0.0,0.21,0.0,0.52,0.93,0.65,1
33Q14vlsZqo,1.285,1.45,0.0,0.12,0.74,1.065,0.08,0.8799999999999999,0.95,0.49,0.065,0.435,0.0,0.055,1.595,1.87,0.415,2
34VMEMaI3vw,1.62,0.585,0.8725,0.9075,0.59,0.5575,0.325,0.9425,0.515,0.7625,0.4599999999999999,0.0375,0.4225,0.0,1.7575,0.865,0.0,1
35THbgakNBk,1.0733333333333333,0.1533333333333333,1.596666666666667,1.1266666666666667,0.64,0.9933333333333332,0.2433333333333333,0.4533333333333333,1.17,0.4866666666666666,0.6233333333333334,0.3633333333333333,0.0,0.0533333333333333,0.7266666666666666,0.0,0.2066666666666666,1
37rYKJfsYmo,0.7257142857142858,0.1785714285714285,0.3914285714285714,0.39,1.39,0.39,0.5857142857142856,2.1885714285714286,1.634285714285714,0.6757142857142856,0.5085714285714286,0.0,0.2185714285714285,0.03,1.9057142857142857,1.002857142857143,0.7685714285714286,0
39s28fwxQfM,0.8200000000000001,0.115,0.86,1.195,0.245,0.7949999999999999,0.545,0.445,0.81,0.06,0.2299999999999999,0.375,0.255,0.0,1.315,1.025,0.0,1
3B3unElpNwQ,1.44,1.77,0.0,1.04,0.0,0.62,0.0,0.0,0.0,0.0,0.75,2.01,0.0,0.0,0.0,0.0,0.0,2
3DJpy-yikrc,0.8125,0.0575,0.8475,1.2025,0.3774999999999999,0.825,0.1425,1.0775,0.595,0.4425,0.8125,0.765,0.475,1.2325,0.675,0.685,0.25,1
3DUQ5TCoQyk,1.23,0.0,0.61,0.43,0.0,0.0,0.65,1.33,0.0,1.42,1.66,0.0,0.0,0.0,1.25,0.03,0.0,1
3F0lW3HehjE,2.51,2.93,0.0,3.09,0.0,0.0,0.0,0.0,0.0,0.0,0.0,0.0,0.0,0.0,0.48,0.73,0.0,2
3GfHcEvWfIo,0.1966666666666666,0.0733333333333333,0.1899999999999999,0.0133333333333333,0.6233333333333333,1.4433333333333334,0.1399999999999999,0.47,0.7466666666666666,0.6666666666666666,0.1666666666666666,0.0,0.2466666666666666,0.0,2.2333333333333334,1.3633333333333333,0.0333333333333333,1
3GkauoR2xgE,0.4022222222222222,0.0366666666666666,0.1722222222222222,0.1711111111111111,1.1844444444444444,1.1055555555555554,0.35,0.9622222222222222,1.5811111111111111,0.9188888888888888,0.2433333333333333,0.0844444444444444,0.7077777777777778,0.0811111111111111,1.3766666666666667,0.5988888888888889,1.0577777777777777,0
3Lz2ntvDBFQ,0.3766666666666666,0.4166666666666667,0.0366666666666666,0.53,0.0266666666666666,0.13,0.16,0.3999999999999999,0.6666666666666666,0.1233333333333333,0.0833333333333333,0.0,0.1633333333333333,0.0,0.94,0.5299999999999999,0.3366666666666666,1
3NHSsHi3h0M,0.4975,0.29,0.3441666666666667,0.4266666666666667,0.375,0.8108333333333334,0.265,0.3991666666666666,0.9516666666666668,0.9116666666666666,0.3216666666666667,0.2358333333333333,0.4966666666666666,0.2691666666666666,0.6183333333333333,0.3441666666666667,0.3075,1
3QFkmOO9Tl8,0.54,0.0,0.9225,0.5,0.9675,0.61,0.3725,1.435,1.4225,1.0675,0.0,0.01,0.4375,0.035,1.5775,0.7875,0.125,0
3Qfr55KRGgE,0.13,0.06,0.0,0.0,1.68,1.62,0.0,1.49,1.85,1.38,0.0,0.0,0.0,0.0,2.34,0.74,0.0,0
3TxugOC8su0,0.355,0.305,0.0,0.44,1.63,1.27,0.0,1.17,3.205,1.035,0.0,0.0,0.0,0.0,2.265,0.0,0.0,0
3UI99FyrUc4,0.7066666666666667,0.7933333333333333,0.2666666666666666,2.0,1.1733333333333331,0.9733333333333332,0.4066666666666667,1.66,1.7233333333333334,1.36,0.0699999999999999,0.0,0.7699999999999999,0.11,2.3366666666666664,0.9266666666666666,0.7666666666666666,0
3_ms_C3ElA0,1.2,0.0,1.29,0.89,0.99,1.42,0.0,0.36,0.81,1.48,0.7,0.98,0.35,0.43,0.0,0.0,0.0,1
3b6lSIIqnUs,0.2021739130434783,0.0565217391304347,0.1821739130434782,0.3382608695652173,1.2630434782608695,0.4143478260869566,0.8773913043478261,1.1452173913043475,1.387391304347826,0.6856521739130435,0.2365217391304347,0.108695652173913,0.2682608695652174,0.0399999999999999,0.5582608695652174,0.2230434782608695,0.0143478260869565,1
3bZp6Tauo5c,0.48,0.0,0.0,0.0,1.01,0.3,0.0,0.76,1.22,1.25,0.0,0.02,0.27,0.0,0.04,0.0,0.0,1
3eWmsTsgWkQ,0.965,0.865,0.26,2.175,0.545,0.93,0.13,0.425,1.03,0.315,1.2,0.635,0.23,0.0,1.855,1.365,0.0,2
3fPIsGv3eik,1.89,1.67,0.0,1.75,2.29,1.46,0.0,2.32,3.39,1.67,0.0,0.0,1.07,0.01,2.81,0.33,0.0,0
3hc7N_uOHdw,0.02,0.2,0.005,0.0,2.015,0.98,0.5,2.04,2.62,1.595,0.085,0.0,0.325,0.17,3.495,0.755,1.85,0
3kftPeWMvLk,0.39,0.0,0.55,0.4425,0.265,1.455,0.5750000000000001,0.5725,0.0225,0.0875,0.3875,0.2025,0.1925,0.1075,0.3325,0.4425,0.08,1
3ksZkJHTlOc,0.184,0.0,0.0,0.4,0.662,1.116,0.33,0.8099999999999999,0.5680000000000001,0.4779999999999999,0.434,0.026,0.618,0.186,0.53,0.8039999999999999,0.248,1
3n1nspLgfd4,1.37,1.07,0.32,1.3,0.0,0.0,0.0,0.3399999999999999,0.615,0.025,0.49,0.605,0.465,0.0,1.57,1.685,0.015,2
3oTOIi8ysLo,0.21,0.0,2.77,0.83,1.18,2.1,0.16,0.04,0.91,0.58,0.0,0.0,0.0,1.19,0.0,0.0,0.0,1
3rKffuFJYNk,1.17,0.5,0.45,0.0,0.41,1.07,0.09,0.23,0.42,0.82,0.92,0.0,0.0,0.0,0.81,0.03,0.0,1
3sNSRgq-4l8,1.22,0.0,0.855,1.22,0.205,0.0,0.185,0.72,0.215,0.23,0.38,0.27,0.0,0.0,0.26,0.03,0.08,1
3sVrbsvXWQ0,2.8166666666666664,1.5533333333333337,0.49,0.8633333333333334,0.03,0.0,0.1566666666666666,0.8766666666666666,0.3566666666666666,1.0333333333333334,0.1833333333333333,0.5366666666666667,0.0,0.0033333333333333,0.4666666666666666,0.31,0.2266666666666666,2
3tdQO7zvmcA,0.0,0.0,0.11,0.0,1.31,1.73,0.2,1.78,1.38,1.88,0.55,0.0,0.0,0.45,1.8,1.79,0.0,0
3uEH8rj5cw8,1.02,0.01,0.0,1.36,2.63,1.82,0.34,0.77,1.65,0.0,1.76,0.0,0.0,0.29,2.55,2.02,0.0,0
3uOf_FMbW54,1.28,0.42,0.0,0.04,0.0,0.0,0.0,0.0,0.39,0.0,0.0,0.0,0.67,0.0,0.0,0.0,0.0,1
3uSIf529AOg,0.74,0.09,3.215,0.48,0.33,0.595,0.47,0.51,0.055,0.975,0.205,1.265,0.32,0.12,1.535,1.1,0.88,1
3vouclvykqE,0.48,0.635,0.485,0.0,0.595,0.775,0.88,1.51,0.38,0.13,1.14,0.355,0.21,0.0,0.845,1.175,0.995,1
3wP6uF6KEU4,0.51,0.0,0.375,0.0,1.085,0.375,0.85,1.14,1.21,2.57,0.09,0.16,1.475,0.0,0.99,0.5,0.13,0
3xy9jS1KwvY,0.11,0.22,0.83,0.0,0.0,1.17,0.0,0.0,0.0,0.0,0.3,0.48,0.0,0.0,0.64,2.34,0.87,1
3y0EwY-WGBQ,1.815,2.325,0.0,2.3,0.0,0.0,0.0,1.525,0.825,0.0,0.48,0.635,0.475,0.0,0.32,0.075,0.0,2
401ZvQ11euA,2.22,2.17,0.0,0.07,0.72,2.1,0.92,1.65,0.66,0.19,1.06,0.0,0.76,0.0,1.51,1.96,0.96,2
41WyfyapTw0,0.53,0.2133333333333333,0.47,0.0066666666666666,1.25,0.4033333333333333,0.2299999999999999,2.3233333333333333,1.0566666666666666,1.7733333333333334,0.3799999999999999,0.3466666666666667,1.3966666666666667,0.14,1.143333333333333,0.34,0.8566666666666668,0
42sibaGVjY8,0.4024999999999999,0.0,0.105,0.605,1.825,1.7075,0.6275,1.0875,1.4225,1.7425,0.0,0.0,1.15,0.06,1.54,0.27,0.065,0
42t6Jk4JXrA,1.88,0.6,0.95,0.06,0.0,0.0,0.0,1.38,1.13,0.0,1.01,0.6,0.44,0.23,0.17,0.0,0.0,1
43SNx2y2Zt0,0.0366666666666666,0.0,0.2633333333333333,0.2466666666666666,1.3033333333333337,1.1866666666666668,0.9066666666666666,0.6266666666666666,1.0166666666666666,1.97,0.54,0.5566666666666666,1.0666666666666669,0.2266666666666666,0.6233333333333334,0.8233333333333334,0.1433333333333333,0
45MuxKYi-t0,1.0,0.8066666666666666,0.5416666666666666,1.3516666666666666,0.86,1.0633333333333332,0.3683333333333333,0.4049999999999999,1.1266666666666667,1.075,0.3833333333333333,0.2383333333333333,0.31,0.1683333333333333,1.5716666666666663,0.4866666666666666,0.2383333333333333,1
45j2p4FEI_o,0.0,0.0,0.0,0.13,1.15,2.11,0.89,0.0,1.69,0.72,0.0,0.0,0.14,0.0,0.85,0.0,0.0,0
479RSxJ3Ml4,0.0,0.0,0.69,0.0,2.33,1.63,0.69,3.09,2.12,1.94,0.63,0.97,0.16,0.37,0.95,1.41,2.53,0
49-rTbR5bss,1.3624999999999998,0.23,0.325,0.8425,0.245,0.65,0.1175,0.0025,0.33,0.01,0.7799999999999999,1.29,1.225,0.04,0.33,1.4175,0.0225,1
4CIjiNM_p6M,0.315,0.0,0.5,0.365,0.655,0.36,0.105,0.21,1.03,0.32,0.085,0.0,0.11,0.0,0.69,0.0,0.54,1
4DEqwJI-vdg,1.11,0.535,0.8,0.325,1.6,1.2799999999999998,0.8200000000000001,1.575,2.07,0.6950000000000001,0.11,0.0,0.0,0.0,2.28,0.79,0.0,0
4Fge8RG2zYU,0.3999999999999999,0.9225,0.0,1.4925,0.7325,0.6275,0.085,1.375,0.9025,1.035,0.1699999999999999,0.165,0.4625,0.1275,1.485,0.735,0.1875,1
4JyhBkXMymo,0.44,0.26,0.0,1.01,0.0,0.32,0.05,1.47,0.0,0.0,1.37,0.75,0.0,0.72,0.72,2.83,0.25,1
4OSt6WQ2K8A,0.295,0.0,0.0,0.0,1.59,2.06,0.7749999999999999,1.4,1.675,0.8049999999999999,0.0,0.0,0.0,0.09,1.725,0.22,0.0,0
4OiOwDh5lKE,1.68,0.74,0.35,3.13,0.0,0.0,1.45,0.0,0.0,0.0,3.56,0.0,0.0,0.11,0.0,0.0,0.0,2
4QJa07djrLY,1.115,0.4166666666666667,0.3216666666666666,1.7716666666666665,0.1666666666666666,0.055,0.0616666666666666,0.365,0.2683333333333333,0.4983333333333333,0.3933333333333333,0.5383333333333333,0.35,0.1733333333333333,0.2433333333333333,0.5916666666666667,0.0733333333333333,1
4QMHfDx_LpM,1.15,0.09,0.655,0.95,0.0,1.1,0.31,0.61,0.0,0.0,0.375,0.0,0.0,0.0,0.935,1.93,0.23,1
4SOtYIJpO3w,0.7,0.33,0.0,0.59,1.6,1.35,0.61,2.72,1.77,1.95,0.0,1.05,1.65,1.56,0.39,0.0,0.0,0
4WQ17A_DBWs,0.54,0.01,0.0,0.925,0.88,1.66,0.51,0.845,0.31,0.125,2.18,0.32,1.35,0.495,0.84,1.715,0.0,1
4YxAhOFHLxs,1.57,0.03,0.39,2.01,1.38,1.45,0.0,0.73,1.05,0.0,0.04,0.06,0.18,0.04,0.0,0.0,0.0,1
4ZlCwZj90Jk,0.385,0.165,0.055,0.31,1.825,1.2049999999999998,0.515,2.555,2.325,0.67,0.21,0.0,0.075,0.0,1.705,0.0,0.445,0
4cCKve0dl3Y,0.75,0.43,0.605,0.675,0.565,0.515,0.52,1.05,0.325,0.33,0.0,0.04,0.0,0.215,0.285,0.24,0.185,1
4gZVxxSeAn0,0.85,0.7250000000000001,0.0,0.8250000000000001,0.86,0.885,0.6,1.785,1.46,1.65,0.2249999999999999,0.0,0.64,0.0,2.18,0.37,0.385,0
4j_8rEyYEXw,0.0,0.03,0.25,0.16,0.32,0.77,0.0,0.0,0.0,0.34,0.33,0.85,0.76,0.0,0.0,0.82,0.58,1
4kXOQ2NOkxY,1.52,1.855,0.0,3.165,0.0,0.15,0.0,0.0,0.0,0.0,0.725,0.0,0.55,0.0,0.14,1.125,0.0,2
4l2eIDF9HZA,1.48,2.19,0.0,2.32,0.0,0.0,0.0,2.46,0.5,0.95,2.73,0.43,2.87,0.0,1.31,0.62,0.0,2
4tDgX4VizyU,0.73,0.0,0.04,0.0,1.875,3.695,0.8700000000000001,0.695,1.05,0.46,2.5,0.37,0.42,0.13,2.205,0.105,0.355,0
4uooe-9JKLI,1.15,1.405,0.98,2.025,0.0,0.625,0.0,1.0299999999999998,0.37,0.765,0.455,0.0,0.0,0.15,0.975,0.92,0.065,2
4zzhCbQE5iQ,0.8250000000000001,0.71,0.165,1.51,0.905,0.56,1.64,1.17,0.705,0.21,1.625,2.5,1.54,0.07,1.41,1.97,0.0,1
5-9kuktuMAY,0.528,0.4639999999999999,0.19,1.682,0.12,0.108,0.022,0.098,0.202,0.0,0.8879999999999999,0.3299999999999999,0.436,0.148,0.178,0.058,0.1,1
5-DQpJj2j9s,0.85,0.33,0.0,1.3,0.18,0.37,0.85,0.0,0.0,0.0,0.73,2.83,0.0,1.73,0.0,2.02,0.0,1
5-nceCopalU,0.94,0.86,0.06,1.655,0.0,0.045,0.0,0.785,0.0,0.0,0.665,0.38,0.0,0.0,0.555,2.555,0.0,2
50pNiKZZwUM,0.415,0.0,0.325,0.0,0.765,1.17,1.145,0.7450000000000001,0.385,1.965,0.515,1.04,1.21,0.04,0.5900000000000001,0.765,0.095,1
51WJrV0aKPs,0.6425,0.4375,0.4775,0.6799999999999999,0.8562500000000001,0.55875,0.43875,1.01625,1.165,0.785,0.06,0.1649999999999999,0.1149999999999999,0.13375,0.83125,0.35,0.2075,1
53xojRfttn8,0.3,0.0499999999999999,0.62,0.1833333333333333,0.4299999999999999,1.3733333333333333,0.3166666666666666,0.1999999999999999,0.2733333333333333,0.5566666666666666,0.8633333333333333,1.2433333333333334,0.25,0.25,0.0,0.2333333333333333,0.1066666666666666,1
543Un3Rjabg,0.18,0.3725,0.185,1.51,0.0,0.12,0.1875,0.0825,0.1175,0.31,1.01,0.4625,0.0675,0.0275,0.1775,1.0675,0.1025,1
56_MEV8ClLg,0.2975,0.0,0.1475,0.3825,1.3225,0.9375,0.385,1.5175,1.25,1.43,0.2674999999999999,0.13,0.4575,0.1825,0.9825,0.1375,0.035,0
57TY0y5zpe0,0.0,0.0,0.0,0.0,1.18,1.07,0.0,2.81,2.38,0.36,0.0,0.0,0.0,0.0,2.05,0.99,0.88,0
5ABdJMdZX_s,0.59,0.0,0.34,1.62,0.515,0.0,0.1,0.78,0.63,0.66,0.4649999999999999,0.805,0.23,0.0,0.615,1.21,0.27,1
5AxdLyBlvhw,0.6375,0.3275,0.2375,0.6975,0.895,0.825,0.1125,1.52,1.4700000000000002,1.0425,0.1075,0.2474999999999999,0.0,0.0525,1.0325,0.38,0.12,0
5JAvzI-ZP14,0.27,0.975,0.305,0.5850000000000001,0.0,0.03,0.565,0.19,0.13,0.1,0.59,0.315,0.27,0.0,0.475,0.975,0.365,1
5KQH4Xvco4c,2.565,0.8450000000000001,1.095,0.52,0.345,0.115,0.0,1.185,1.095,0.8200000000000001,0.43,0.625,0.065,0.105,1.235,0.035,0.0,2
5Khf5QBf0ss,1.5550000000000002,0.0,0.53,1.375,0.205,0.67,0.295,1.175,0.655,0.455,0.52,0.11,0.15,0.0,0.33,0.0,0.025,1
5Kiy94DYJk0,0.0,0.0,0.0,0.0,1.88,2.59,0.77,2.09,2.78,2.64,0.51,0.0,0.0,0.0,2.39,0.29,0.0,0
5LW1VDVgr6k,0.305,0.0,0.05,0.0,2.16,2.52,0.5449999999999999,1.745,1.855,0.97,0.135,0.0,0.655,0.095,2.33,0.86,0.2,0
5N6hNyg43IY,0.6433333333333333,0.11,0.0,0.3866666666666666,0.0766666666666666,0.4200000000000001,0.1899999999999999,0.3433333333333333,0.0,0.1166666666666666,0.98,0.5233333333333333,0.24,0.0766666666666666,0.2166666666666666,0.2433333333333333,0.5499999999999999,1
5OsH70IAD1A,0.635,0.415,0.0,0.43,0.075,0.0,0.0,1.285,0.855,0.41,0.4349999999999999,0.54,0.57,0.46,0.115,0.08,0.18,1
5PT1wLx87UE,1.0,0.5,0.91,0.29,0.0,1.61,0.0,0.0,0.0,0.0,0.0,0.0,0.0,0.0,0.67,2.28,0.0,1
5Puy1Px2YYc,1.06,0.23,0.05,0.79,0.22,0.0,0.0,1.67,0.9,0.75,0.0,0.87,0.45,0.27,0.0,0.0,0.0,1
5XCy01h0N3w,0.95,0.0,0.38,1.415,1.06,1.01,0.17,0.655,1.16,0.195,0.0,0.0,0.0,0.0,0.875,0.105,0.27,1
5bnWQLbGuKc,1.155,1.3,0.605,4.245,0.03,0.16,0.0,0.0,0.48,0.32,0.0,0.0,0.0,0.175,1.2000000000000002,1.42,0.0,2
5coE3hlNJ3I,0.255,0.0,0.355,0.435,0.515,0.215,0.19,0.075,0.755,0.395,0.56,0.245,0.0,0.08,0.0,0.76,0.66,1
5d7EYahP4Bg,0.27,0.0,0.6566666666666666,0.2799999999999999,0.48,1.6266666666666667,0.6733333333333333,0.1733333333333333,0.0366666666666666,0.5266666666666667,0.7966666666666667,0.0766666666666666,0.7866666666666666,0.1566666666666666,0.0933333333333333,0.03,0.0866666666666666,1
5dOG_pW1mk8,1.17,0.0,0.2,0.0,1.79,2.895,0.125,0.89,1.52,1.14,0.11,0.0,0.585,0.415,1.175,0.195,0.45,0
5eoPZMtIUBw,1.305,0.1916666666666666,1.1558333333333333,0.6466666666666667,0.3183333333333333,1.1675,0.37,0.3291666666666666,0.4216666666666667,0.5483333333333333,0.4758333333333333,0.2733333333333334,0.3983333333333334,0.2758333333333333,0.285,0.0633333333333333,0.1341666666666666,1
5gwTgaGCyYE,0.97,0.0,0.12,2.36,0.52,0.0,0.0,0.85,0.58,1.15,1.98,0.0,0.0,1.4,1.15,0.05,0.37,1
5l0FJ_t4NQo,0.5566666666666666,0.0,0.4133333333333333,0.0,0.36,1.1966666666666663,0.0466666666666666,0.64,0.5033333333333333,0.5466666666666667,0.2433333333333333,0.21,0.0066666666666666,0.0933333333333333,0.73,0.6533333333333333,0.2466666666666666,1
5mlZPHOKh60,0.435,0.13,0.025,0.0,2.05,1.56,0.7150000000000001,2.515,2.24,0.58,0.215,0.07,0.23,0.0,1.67,0.81,0.125,0
5oZQfIs_-8s,0.89,0.64,0.0,0.0,1.08,1.62,0.0,1.47,2.09,0.95,0.0,0.0,0.0,0.17,0.19,0.12,0.68,0
5rRwJuCdNDo,1.16,0.21,0.1925,0.93,0.3475,0.2125,0.605,0.31,0.085,0.5475,1.9525,0.345,0.0,1.25,0.595,0.565,0.295,1
5seK3IKQZDw,0.14,0.0,0.25,0.97,0.12,0.77,0.0,0.36,0.0,0.0,0.29,1.17,0.61,0.07,0.25,0.0,0.07,1
5ux5BrTZwXM,1.88,1.82,0.06,0.0,0.0,0.0,0.0,1.1,0.15,1.44,0.0,0.3,0.0,0.0,0.1,0.0,0.69,2
5wuUNfOBBjc,0.8775000000000001,1.02,0.1725,0.5900000000000001,0.0,1.0725,0.475,0.6675,0.1149999999999999,0.2275,0.9675,0.0675,0.6425000000000001,0.0475,0.9525,1.3525,0.665,1
5xVeZrpVzow,0.3799999999999999,0.0266666666666666,0.5866666666666667,0.99,0.1766666666666666,0.9533333333333333,0.0,0.46,0.2433333333333333,0.2733333333333333,0.5966666666666667,0.0,0.25,0.0,0.6066666666666667,1.0133333333333332,0.0,1
5xiTu6aUkQE,1.2966666666666666,1.7033333333333334,0.5633333333333334,1.1333333333333333,0.9733333333333332,1.61,0.0,1.1366666666666667,1.22,1.24,0.8366666666666666,0.4733333333333333,0.7066666666666667,0.15,0.9066666666666668,0.7866666666666666,0.44,2
5xjSpw04q8k,0.1633333333333333,0.1933333333333333,0.2033333333333333,0.8616666666666667,0.61,0.7316666666666666,0.4833333333333333,0.3266666666666667,0.7266666666666667,0.2766666666666666,0.6116666666666667,0.6316666666666667,0.27,0.0,0.6366666666666667,0.5083333333333333,0.2633333333333333,1
60RF_6NQQu8,0.0,0.675,0.6799999999999999,0.0,2.575,2.645,1.685,1.31,2.1950000000000003,0.88,0.375,0.0,0.195,0.0,3.05,0.52,0.27,0
61AVQo4qIYg,1.71,0.48,0.0,0.54,0.0,1.08,0.0,0.0,0.0,0.0,0.12,0.5,0.0,0.13,0.28,1.23,0.54,1
62WGyHcb8So,1.34,0.12,0.0,0.76,1.54,0.42,0.72,0.55,0.63,0.0,0.0,0.0,0.84,0.0,0.96,0.0,0.0,1
67n-hrCYiSI,0.91,0.28,1.005,0.875,0.875,1.72,0.01,1.645,1.44,1.765,0.47,1.755,0.39,0.64,0.92,0.94,0.0,1
69CZQlrfkkU,0.66,1.12,0.195,1.025,1.5450000000000002,1.245,0.655,0.955,1.835,0.6000000000000001,0.035,0.0,1.11,0.0,2.185,1.465,0.37,0
6BZm8EvZXpQ,0.6,0.0,0.0,1.265,0.0,0.0,0.64,0.0,0.285,1.03,1.6,0.875,0.0,0.26,0.31,1.48,0.455,1
6BzWXEy4t14,0.7183333333333334,0.0233333333333333,0.52,0.9533333333333336,0.4399999999999999,0.5833333333333334,0.6183333333333333,0.4666666666666666,0.2533333333333333,0.7416666666666667,0.88,0.3266666666666666,0.8683333333333333,0.1849999999999999,0.495,0.1666666666666666,0.1916666666666666,1
6Ko-j7nzMHg,0.515,0.0,1.115,0.645,0.99,1.035,0.73,1.455,1.16,2.325,0.205,0.045,0.325,0.275,0.81,0.0,0.095,0
6MGjjWLbhD0,0.7700000000000001,0.2,0.7140000000000001,0.358,0.0,0.5619999999999999,0.128,0.486,0.0,0.21,0.14,0.0,0.274,0.0,0.32,0.5239999999999999,0.1619999999999999,1
6Mhtr5yE-kc,0.0,0.0,0.0,0.22,2.2,3.17,0.58,1.88,3.42,1.28,0.03,0.0,0.3,0.51,3.46,0.86,0.0,0
6PgoxhEjKS0,0.614,0.372,0.52,0.972,0.526,0.0,0.29,0.6040000000000001,0.6759999999999999,0.458,0.1159999999999999,0.196,0.474,0.1339999999999999,0.65,0.188,0.2,1
6SqnPdh85fw,1.0,0.13,0.485,1.535,0.285,0.59,0.12,1.095,1.16,1.13,0.2,0.395,0.0,0.02,1.515,1.07,0.16,1
6TiMvS0rE2I,0.33,0.0,0.48,0.3,1.03,0.525,0.15,1.42,1.675,0.93,0.205,0.0,0.0,0.0,1.705,0.0,0.0,0
6TiRTK7dfXw,1.035,1.925,0.1,1.01,1.83,1.0,0.305,1.4700000000000002,3.46,1.6949999999999998,0.0,0.0,0.48,0.0,3.66,1.24,0.325,0
6VBPJGD2d7w,1.92,2.245,0.495,1.885,0.3,2.0,0.195,0.73,0.095,0.02,1.4,0.8800000000000001,0.235,0.37,0.205,0.67,0.895,2
6VzkSdMg1tM,0.51,0.0,0.54,0.23,0.0,0.0,0.0,0.62,0.0,0.0,1.67,0.54,0.0,0.0,0.02,0.15,0.0,1
6XyGH06X2aY,0.725,0.27,0.18,1.11,0.0,0.4,0.0,0.25,0.0,0.0,0.955,0.325,0.0,0.545,0.0,0.0,0.02,1
6Y1r34RBXpk,0.33,0.0699999999999999,0.0433333333333333,0.8216666666666667,0.2033333333333333,0.3283333333333333,0.0949999999999999,0.1833333333333333,0.6766666666666667,0.4466666666666666,0.5133333333333333,0.3366666666666666,0.2416666666666666,0.1933333333333333,0.4183333333333333,0.5116666666666666,0.5316666666666667,1
6ZxnCsOKDww,0.375,0.0,1.0,0.37,1.6,0.185,0.385,1.81,1.925,1.5299999999999998,0.265,0.37,0.44,0.07,1.185,1.075,0.7250000000000001,0
6br0dqmMfPo,0.59,0.09,0.6233333333333334,0.9866666666666668,0.1683333333333333,0.32,0.3983333333333334,0.4749999999999999,0.4166666666666667,0.5033333333333333,0.7616666666666667,0.4516666666666666,0.2933333333333333,0.375,0.2616666666666666,0.5366666666666667,0.4716666666666667,1
6fnKelBiaDk,1.4266666666666667,0.3733333333333333,1.1766666666666663,0.6666666666666666,1.5,1.27,0.2033333333333333,1.0366666666666668,1.5133333333333334,1.163333333333333,0.2566666666666666,0.0,0.79,0.04,1.7333333333333334,0.12,0.0,0
6ftiWoCJ4dM,0.0,0.0,0.0,1.66,0.63,0.43,0.26,1.95,0.72,0.81,0.81,0.17,0.16,0.0,0.09,1.25,0.0,1
6gCEl31uiE8,0.27,1.12,0.17,1.18,2.89,1.98,1.09,2.53,2.9,1.35,0.12,0.0,0.71,0.79,2.13,0.61,0.75,0
6hIu5oIB9n0,0.15,0.2249999999999999,0.0,0.275,1.005,1.095,0.135,0.7625,1.4675,0.8275,0.1075,0.065,0.64,0.0849999999999999,0.9,0.07,0.23,1
6jS9lvibXVU,1.075,1.045,0.5850000000000001,2.225,0.0,0.11,0.0,0.64,0.0,0.45,0.8099999999999999,0.58,0.0,0.085,1.0599999999999998,0.85,0.0,2
6k6bjBniE4Q,0.1649999999999999,0.0,0.595,0.475,0.52,0.31,0.785,0.69,1.005,0.3949999999999999,0.0,0.0,0.0,0.0,1.085,1.15,0.11,1
6lZVXJlqN7s,0.82,0.0,0.0,0.04,0.55,0.0,0.33,1.64,1.25,0.0,0.0,0.0,0.59,0.0,1.02,0.0,0.0,1
6n2REq_FiWM,0.9166666666666666,1.4966666666666668,0.0,1.3766666666666667,0.9966666666666668,1.7699999999999998,0.3133333333333333,0.7066666666666667,1.3233333333333333,0.73,0.3333333333333333,0.3566666666666667,0.4666666666666666,0.0133333333333333,0.9133333333333334,0.2933333333333333,0.1233333333333333,2
6ndkOSiGOe4,1.04,0.895,0.045,1.235,1.91,0.985,0.375,1.44,1.635,0.835,0.0,0.205,0.185,0.0,1.99,0.45,0.0,0
6qGkTAS3j5o,0.815,0.49,0.145,1.17,1.34,0.705,0.43,2.125,2.15,1.875,0.53,0.355,0.725,0.21,1.175,0.0,0.375,0
6sECozSy7FY,2.25,0.46,0.83,0.25,0.0,0.22,1.54,0.81,0.0,0.89,0.99,1.67,0.19,0.16,0.31,3.89,1.14,1
6tHy-Kie0GY,0.71,0.17,1.0066666666666666,0.1466666666666666,0.3566666666666667,0.11,0.3966666666666666,0.6133333333333334,0.6666666666666666,0.38,0.1833333333333333,0.0733333333333333,0.35,0.0833333333333333,0.3433333333333333,0.2633333333333333,0.17,1
6um6YczI0qk,0.472,0.082,0.994,0.604,0.564,0.546,0.54,0.514,0.6100000000000001,0.046,0.384,0.0,0.168,0.0,1.386,0.8140000000000001,0.128,1
6v04kR5QDOA,0.7300000000000001,0.01,0.0,0.756,1.026,0.4599999999999999,0.766,1.384,1.012,0.752,0.844,0.426,0.272,1.0699999999999998,0.8720000000000001,0.4939999999999999,0.0,1
6wA8OMptkio,0.22,0.0,0.0,0.945,1.26,1.035,0.48,1.5950000000000002,2.24,1.6549999999999998,0.32,0.0,0.375,0.0,2.325,0.415,0.0,0
71BQ4YNhVxA,0.54,0.4075,0.4175,0.685,1.1725,1.285,0.4375,1.58,1.5725,1.3425,0.3675,0.0,0.3475,0.1425,2.1125,0.645,0.215,0
72FTaFoM3Dk,1.19,1.76,2.08,0.93,0.0,2.17,1.63,0.1,0.0,0.0,0.92,0.31,0.0,0.3,1.1,1.35,0.0,1
736HThq9YRM,1.135,0.0,0.195,0.245,1.43,2.585,0.11,1.1949999999999998,1.085,0.7150000000000001,0.42,0.68,0.875,0.195,0.595,0.0,1.225,0
74Fz4onYqGY,0.726,0.0,0.93,1.0619999999999998,0.428,0.6519999999999999,0.898,0.462,0.516,0.53,1.116,0.962,0.0,0.102,0.602,0.964,0.11,1
770rppR5wRM,1.02,0.0,1.155,0.965,0.04,0.62,0.24,0.365,0.44,0.845,0.875,0.0,0.31,0.09,0.395,0.105,0.245,1
77NkGBRuapw,0.0,0.0,0.0,0.53,1.25,0.945,0.295,0.965,1.41,0.975,0.465,0.05,0.3,0.0,0.915,0.07,0.0,0
77jBJ2oe7e0,0.986,0.362,0.122,0.218,0.576,0.056,0.076,0.2759999999999999,1.314,0.654,0.052,0.674,0.958,0.284,0.732,0.372,0.408,1
79p57XNf8Os,1.02,0.0,0.0,0.19,1.67,1.69,1.1,0.78,1.565,0.7649999999999999,0.215,0.0,0.995,0.01,1.525,0.0,0.0,0
7BE8xhIVNbs,0.6157142857142858,0.1285714285714286,0.732857142857143,0.7685714285714286,0.4371428571428571,0.4871428571428571,0.2085714285714285,0.7328571428571429,0.8542857142857143,0.7157142857142856,0.2342857142857143,0.3914285714285714,0.0785714285714285,0.0085714285714285,0.7914285714285713,0.6799999999999999,0.03,1
7Bd3IWiuVgE,1.6283333333333332,0.4833333333333333,0.9250000000000002,0.3233333333333333,0.1166666666666666,0.3583333333333333,0.0,0.5233333333333333,0.4016666666666666,0.6883333333333334,0.2466666666666666,0.4666666666666666,0.4616666666666666,0.0,0.3116666666666666,1.6849999999999998,0.005,1
7DkmB-btFfY,0.21,0.08,0.0,0.0,2.07,0.0,0.0,1.82,3.31,1.51,0.0,0.0,0.0,0.0,3.5,0.0,2.18,0
7Ea4f1TT9r4,0.64,0.0,0.0,1.3,0.025,0.385,0.2,0.325,0.0,0.52,0.82,0.495,0.235,0.125,0.665,1.01,0.0,1
7G38mOd4or8,2.1300000000000003,3.046666666666667,0.11,2.526666666666667,1.34,0.6366666666666667,0.0,0.7333333333333334,3.92,0.6633333333333333,0.0,0.0,0.0,0.0,4.346666666666667,0.0,0.7400000000000001,2
7MPbFfQlXkI,1.5333333333333332,0.26,0.31,0.6433333333333333,0.4366666666666667,1.2333333333333334,0.5433333333333333,0.2166666666666666,0.4866666666666666,0.0,2.803333333333333,0.59,0.0,0.84,0.42,1.6666666666666667,0.0,1
7ObTYEQRcBs,0.295,0.04,0.0,1.29,0.725,1.355,0.075,0.0,0.355,0.0,0.705,0.435,0.44,0.635,0.075,2.84,0.205,1
7OnrK3EmFa4,1.284,0.0,0.4559999999999999,0.79,0.422,1.166,0.1159999999999999,0.068,0.6839999999999999,0.952,0.52,0.104,0.602,0.448,0.386,0.146,0.426,1
7RJu-I7FndQ,0.4414285714285714,0.15,0.4357142857142856,0.5828571428571429,0.4785714285714286,0.692857142857143,0.2171428571428571,0.8785714285714284,0.8157142857142857,0.4528571428571428,0.4599999999999999,0.7271428571428571,0.3571428571428571,0.2599999999999999,1.042857142857143,1.3914285714285717,1.0242857142857142,1
7Sp71mIqyfM,0.4866666666666666,0.3633333333333333,0.5299999999999999,0.0266666666666666,1.1933333333333334,0.8933333333333332,0.2366666666666666,0.71,1.42,0.97,0.32,0.31,1.11,0.3999999999999999,0.1766666666666666,0.42,0.2066666666666666,1
7Ud67OkzpQs,1.4500000000000002,1.585,0.525,1.78,0.82,1.11,0.22,1.6,2.09,0.47,0.12,0.0,0.125,0.02,2.6950000000000003,0.745,0.0,2
7VN3Ck1ZGEs,2.61,0.57,0.66,1.05,0.67,2.74,0.0,0.48,0.61,0.0,0.89,0.0,0.0,0.0,0.0,0.0,0.03,1
7WQdBSWfixI,1.14,0.0,0.0,0.05,1.98,1.51,0.27,1.45,2.6,0.63,0.37,0.0,0.0,0.0,1.74,0.0,0.0,0
7WsksXmb3CQ,0.0,0.06,0.0,2.02,0.0,0.0,0.0,1.91,0.52,0.0,0.76,1.11,0.0,0.0,0.18,2.38,0.0,1
7XPHGhEZF2A,2.17,2.61,1.49,1.92,0.36,0.0,0.64,1.86,0.34,0.84,0.58,0.06,0.0,0.0,1.31,0.93,0.0,2
7Y7ZcQgXMSA,0.68,0.0066666666666666,0.0,0.31,1.04,0.9266666666666667,0.0733333333333333,0.7166666666666667,1.5733333333333337,1.0133333333333334,0.12,0.0,0.6066666666666666,0.0,1.2666666666666668,0.7666666666666666,0.1266666666666666,0
7YUERW_rvzI,0.3833333333333333,0.0,1.2966666666666666,0.0966666666666666,1.4733333333333334,1.4866666666666666,0.3166666666666667,2.306666666666666,2.4,1.81,0.0,0.0,0.5533333333333333,0.0433333333333333,2.1466666666666665,0.0499999999999999,0.9466666666666668,0
7ZK_w2w9obo,0.12,0.0,0.26,0.0,2.4425,2.53,1.0925,1.8175,2.225,0.875,0.1,0.0925,0.04,0.105,2.0725,0.0125,0.7475,0
7_hNGE5sn-g,2.0066666666666664,1.1166666666666667,0.52,0.82,0.1,0.4766666666666666,0.0,0.6933333333333334,0.6999999999999998,0.22,0.29,0.0,0.11,0.0433333333333333,1.1,0.6233333333333333,0.9033333333333332,2
7i9At3fld3Q,0.88,0.0,0.91,0.0,0.35,1.38,0.71,0.62,0.66,0.87,0.83,0.0,0.0,0.0,0.71,0.0,0.0,1
7jDrzdX2Ucc,0.955,0.965,0.18,0.405,0.11,0.26,0.52,0.5449999999999999,0.65,0.0,1.045,1.595,0.03,0.09,0.335,0.12,1.44,1
7kE0sj0R8mE,1.1800000000000002,0.91,0.13,1.89,0.215,0.0,0.0,0.7250000000000001,0.435,0.0,0.6950000000000001,0.1,0.0,0.0,0.115,0.0,0.0,1
7ltfXT5hdRQ,1.405,1.4,0.0,1.6425,1.395,0.9075,0.3249999999999999,0.92,1.4825,1.3275,0.45,0.4375,0.0775,0.155,1.9975,0.6075,0.115,2
7mvvufB7rlQ,0.225,0.315,0.0,0.0,0.0,0.375,0.0,0.34,0.17,1.28,0.215,0.645,0.3,0.77,0.985,0.575,0.16,1
7ngJLi9cgYs,1.7066666666666668,0.23,0.0,0.6733333333333333,0.8933333333333332,1.5499999999999998,0.0266666666666666,0.5466666666666667,0.52,0.4533333333333333,0.6866666666666666,1.7066666666666668,0.0,0.0966666666666666,0.0,0.3366666666666666,0.4966666666666666,1
7pD0XOWc5nU,2.37,0.51,0.0,0.39,1.76,2.47,0.67,2.54,2.02,1.69,1.91,0.0,0.0,0.0,3.77,0.0,0.0,0
7yEFkxss_i8,0.0,0.0,0.0,0.0,0.055,0.7150000000000001,0.655,0.21,0.585,0.0,0.64,0.0,0.0,0.0,0.5700000000000001,0.16,0.775,1
7zaMbzqj8AI,0.9075,0.185,0.0,1.49,0.435,0.7450000000000001,0.4375,0.875,0.4549999999999999,0.62,0.32,0.0,0.045,0.0375,0.6225,0.565,0.0,1
80oICq8QAew,0.6466666666666666,0.1566666666666666,0.22,1.5833333333333333,0.3233333333333333,0.1633333333333333,0.36,0.47,0.3533333333333333,0.1399999999999999,0.6133333333333334,0.3133333333333333,0.21,0.0,0.0699999999999999,0.0033333333333333,0.0,1
82dNxf_pWFE,0.33,0.0,1.43,0.0,1.53,0.0,0.0,0.71,2.63,0.37,0.26,0.0,0.98,0.0,0.15,0.0,0.0,1
82iwdUjVZMc,0.702,0.01,0.196,0.576,0.1119999999999999,0.224,0.608,1.034,0.5519999999999999,0.57,0.2339999999999999,0.048,0.442,0.072,1.018,0.42,0.152,1
84fQk0qUAsQ,1.1933333333333334,0.68,0.9516666666666668,1.545,0.3216666666666667,0.31,0.2816666666666667,0.6566666666666666,0.605,0.1033333333333333,0.365,0.3866666666666667,0.0,0.0,1.3166666666666669,0.1483333333333333,0.1333333333333333,1
84zd0pIlcXo,0.115,0.0,1.235,0.68,0.545,1.02,0.855,1.39,0.475,0.0,1.175,0.0,0.0,0.29,0.8,0.155,0.735,1
86ZDNvmGZC8,0.462,0.128,1.004,0.16,0.142,0.736,0.0,0.488,0.382,0.314,0.0699999999999999,0.6639999999999999,0.034,0.22,0.024,0.5820000000000001,0.336,1
86gs985X5tU,0.4566666666666667,0.2266666666666666,0.45,0.0999999999999999,0.1099999999999999,0.73,0.0266666666666666,0.16,0.9366666666666666,1.08,0.5133333333333333,0.45,0.4266666666666667,0.1433333333333333,0.5533333333333333,1.05,0.1066666666666666,1
87If-Q2pJWQ,0.0,0.0,0.4833333333333333,0.4866666666666666,0.0533333333333333,0.16,0.2233333333333333,0.0,0.0,0.03,0.3733333333333333,0.0,0.1266666666666666,0.0033333333333333,0.0,0.0533333333333333,0.3233333333333333,1
87q34iZbUXM,0.0,0.0,0.0,0.88,1.18,0.0,0.0,1.18,1.24,2.41,0.97,0.09,1.68,0.82,0.0,0.0,0.0,1
8AoRrFwRcZc,0.22,0.0,2.05,0.59,1.2,2.1,0.59,2.26,0.29,0.3,0.53,0.27,0.0,0.0,1.43,1.3,0.0,0
8DMKzuGsBao,0.3033333333333333,0.4233333333333333,0.01,0.8266666666666667,1.6933333333333334,1.68,0.4933333333333333,1.86,1.9933333333333332,1.6366666666666667,0.41,0.64,0.2266666666666666,0.0,1.9833333333333332,1.5133333333333334,0.02,0
8G6-h5XFgbM,0.2,0.0,0.0,0.0,1.945,2.9,0.8999999999999999,1.355,1.91,1.6749999999999998,0.28,0.0,0.9,0.09,2.02,0.855,0.225,0
8HG8lmI2Dyg,1.0266666666666666,0.1533333333333333,0.5466666666666666,0.7833333333333332,0.91,0.0,0.36,1.8333333333333333,1.8866666666666667,1.4833333333333332,0.2166666666666666,0.2033333333333333,0.0,0.0,1.71,0.48,0.2799999999999999,0
8KIMFLiprXo,1.4249999999999998,0.48,0.0,0.48,1.06,0.575,0.605,1.0399999999999998,1.865,1.125,0.16,0.495,0.33,0.0,1.3,0.0,1.295,0
8KkXk5XEZgY,1.0,0.1,0.0,0.04,0.26,0.0,0.16,0.56,1.39,1.56,0.0,0.0,0.31,0.0,1.49,0.0,0.0,1
8M5VTBEQGso,0.555,0.065,0.255,0.065,0.87,1.15,0.0,1.365,1.21,1.3199999999999998,0.26,0.705,0.0,0.315,1.93,1.5,0.245,0
8P9QdIHT3sk,1.1175,0.0,0.0,0.5375,1.0450000000000002,0.9225,0.4575,1.4375,1.9975,1.4449999999999998,0.1825,0.0,0.9975,0.23,1.49,0.0275,0.3899999999999999,0
8QhrjzWjbGE,0.6333333333333333,0.2066666666666666,0.21,0.1266666666666666,2.1166666666666667,0.6699999999999999,0.6733333333333333,1.8233333333333333,2.0033333333333334,1.906666666666667,0.0033333333333333,0.79,0.64,0.5533333333333333,1.1033333333333333,0.6466666666666666,0.69,0
8Rg0U7RW1ww,1.0,0.504,0.218,0.3259999999999999,0.424,0.694,0.106,0.8480000000000001,0.796,1.454,0.51,0.5559999999999999,0.206,0.49,0.148,0.11,0.0,1
8UQB5t_euOI,1.35,0.24,0.0,0.17,0.22,0.0,0.0,0.53,0.29,0.66,1.07,0.0,0.0,0.08,0.0,0.0,0.0,1
8Uc8HZrTqr0,0.4349999999999999,0.0,0.215,0.45,0.32,0.8350000000000001,1.045,0.145,0.045,0.485,0.5,1.075,1.2599999999999998,0.05,0.38,0.89,0.11,1
8WOHRXf1sj0,0.4599999999999999,0.0,0.175,0.215,2.48,1.67,0.655,2.345,2.765,1.365,0.0,0.375,1.095,0.0,2.015,0.18,0.22,0
8WdK8j3Cndw,0.615,0.015,0.22,1.045,0.74,0.75,1.075,0.505,0.29,0.645,1.08,0.31,0.405,0.0,0.815,1.16,0.0,1
8XMh30agFpk,1.06,0.45,0.535,0.36,0.955,1.09,0.0,0.8700000000000001,1.59,0.745,0.26,0.0,0.0,0.0,1.105,0.045,0.24,1
8X_d-IVydP4,0.13,0.0,0.0,0.0,1.24,3.21,0.38,1.22,1.61,0.28,0.49,0.0,0.92,0.0,1.07,0.0,0.0,0
8Zw4O3ZXdfQ,1.37,0.6,0.09,0.0,0.85,1.28,0.0,0.88,0.71,0.0,0.0,0.0,0.27,0.0,2.02,0.0,0.42,1
8_A_aV_PjYE,0.03,0.0,0.0,0.0,0.8150000000000001,0.635,0.165,0.4599999999999999,0.99,2.28,0.0,0.18,0.505,0.135,0.0,0.0,0.0,1
8_wGkSYK3Yk,0.1366666666666666,0.0,0.9233333333333332,0.12,0.7233333333333333,0.8033333333333333,0.7266666666666666,1.086666666666667,0.88,1.336666666666667,0.02,0.2466666666666666,0.2866666666666667,0.19,1.346666666666667,1.01,0.9566666666666668,0
8baHlJrFQ4w,0.54,0.0,0.155,0.0,2.385,1.7999999999999998,1.035,2.535,2.61,2.165,0.26,0.0,0.355,0.0,2.225,0.13,0.1,0
8f0-OcYW5zA,0.925,0.27,0.39,0.78,2.04,0.97,0.84,1.765,2.115,1.02,0.0,0.0,0.505,0.0,1.525,0.515,0.0,0
8kcD3vk12AY,0.7033333333333333,0.1766666666666666,0.0,0.68,1.1133333333333335,0.4833333333333334,0.35,1.0,1.09,0.7866666666666667,0.2266666666666666,0.0,0.3233333333333333,0.09,1.9966666666666668,0.2433333333333333,0.0533333333333333,0
8l4FjqCF7sE,1.38,0.115,1.045,0.0,0.13,1.135,0.15,0.085,0.66,0.455,0.355,0.215,0.275,0.3399999999999999,0.2,0.265,1.115,1
8mPk9KW_5XE,0.77,0.17,0.28,0.0,0.98,0.0,0.2,0.38,1.72,2.36,0.0,0.0,0.0,0.04,0.6,0.09,0.0,0
8nYDDMN3JlA,1.1316666666666666,0.3183333333333333,1.5566666666666666,1.2533333333333334,0.2066666666666666,0.2616666666666666,0.38,0.6349999999999999,0.0,0.1766666666666666,0.465,0.1633333333333333,0.1916666666666666,0.1149999999999999,0.2216666666666666,1.6233333333333333,0.0,1
8qCqpy2emLk,1.165,0.04,0.5700000000000001,1.35,1.905,2.855,0.775,2.8,1.95,1.315,0.075,0.125,0.29,0.0,2.575,0.5900000000000001,0.735,0
8sXHEs-bfi8,0.58,0.245,0.2825,1.7775,0.1925,0.475,0.0,0.6699999999999999,0.0,0.0,0.7424999999999999,0.0775,0.4624999999999999,0.07,0.1,0.2025,0.0,1
8shGtApcXNU,2.2,3.67,0.0,2.26,0.0,0.0,0.26,1.2,0.69,0.0,0.0,0.0,0.0,0.26,1.04,0.4,0.0,2
92rUJQFLbnI,1.6716666666666666,0.5033333333333333,1.4266666666666663,0.7466666666666667,0.1616666666666666,0.7916666666666666,0.0116666666666666,0.5333333333333333,0.3116666666666667,0.6833333333333332,0.2833333333333333,0.3033333333333333,0.6916666666666668,0.03,0.215,1.245,0.385,1
95xSTaZ6d70,0.3675,0.0,0.295,0.1075,1.7875,1.7925,0.645,1.9325,1.7675,1.1424999999999998,0.4674999999999999,0.04,0.495,0.0575,1.585,0.355,0.765,0
9BH-FsQS_Y8,0.15,0.1025,0.0925,0.03,0.9025,1.5075,0.2625,0.625,1.15,0.475,0.065,0.04,0.46,0.0,0.735,0.2825,0.0,1
9BIzz1Fqhgk,0.45,0.01,0.0,0.69,1.61,0.0,0.38,1.36,2.0,1.84,0.1,0.0,1.62,0.42,1.5,0.0,0.0,0
9E0_8KPvOt0,0.56,0.3,0.0,0.17,0.01,0.25,0.0,0.0,0.0,0.0,0.0,0.0,0.02,0.0,1.4,0.01,0.0,1
9IiRJUesFNk,1.2,0.0,1.31,0.03,0.0,0.56,0.0,0.31,0.0,0.0,0.37,0.0,0.0,0.0,0.24,0.56,0.23,1
9LnHXmnWMZ8,2.32,1.68,0.0,1.22,0.64,1.08,0.0,0.0,0.71,0.23,0.0,0.23,0.38,0.0,0.0,0.0,0.0,2
9Q5NLLmgCFw,0.0,0.0,0.0,1.19,0.65,0.0,0.0,0.73,1.24,2.67,0.43,0.02,1.5,0.42,0.0,0.0,0.0,1
9Qlof7jPQpg,0.1,0.0,0.15,0.0,2.01,1.225,0.23,1.075,2.04,0.885,0.11,0.0,0.6000000000000001,0.06,1.795,0.39,0.215,0
9VHlFHJOoF8,0.47,0.0,0.27,0.4133333333333333,1.4333333333333331,2.333333333333333,0.8533333333333334,1.7966666666666666,1.3033333333333337,0.5800000000000001,0.1233333333333333,0.0933333333333333,0.0566666666666666,0.09,1.2866666666666668,0.5066666666666667,0.2766666666666666,0
9_7UvrHiy6k,1.465,0.995,0.0,0.035,2.255,1.25,0.26,1.6999999999999995,2.08,1.215,0.0,0.0,0.52,0.0,2.515,0.605,0.53,0
9_Iu3w6DVyQ,1.41,0.0,0.135,0.785,0.4599999999999999,1.465,0.0,0.875,0.37,0.0,0.445,0.0,1.31,0.0,0.53,0.0,0.82,1
9bW4p2CvkNY,0.97,0.71,2.45,0.0,1.41,0.12,1.61,2.61,1.94,3.12,0.0,2.11,0.4,0.63,0.04,0.0,0.58,0
9cd2ILefikA,0.674,0.074,0.678,0.988,0.932,0.672,0.18,1.3219999999999998,1.432,1.148,0.096,0.046,0.44,0.0,1.314,0.4,0.1319999999999999,0
9dUzCi1YGQ4,0.1466666666666666,0.0,0.1133333333333333,0.62,2.01,1.49,0.3566666666666667,1.5333333333333332,2.2166666666666663,1.8866666666666667,0.2866666666666667,0.0,0.3033333333333333,0.0,1.9266666666666663,0.1266666666666666,0.0,0
9fKsaaUZgbs,0.14,0.0,0.66,0.0,3.02,1.69,1.15,2.99,3.37,1.46,0.0,0.0,0.0,0.0,3.13,0.7,0.12,0
9ge3G_sWFlw,0.42,0.0,0.0,0.27,1.92,1.93,0.35,1.34,2.3,1.35,0.0,0.0,0.59,0.0,2.81,0.9,0.0,0
9iinyVgYTu8,1.19,0.0,0.0,0.0,0.58,2.01,1.07,0.53,0.34,0.0,0.23,0.0,0.0,0.0,1.32,0.0,0.7,1
9jTY_F3I8OI,0.5166666666666667,0.1766666666666666,0.1566666666666666,0.0,1.78,2.67,0.3033333333333333,1.37,1.2866666666666666,0.6866666666666666,0.12,0.0,0.09,0.0,1.5666666666666669,0.5866666666666667,0.1333333333333333,0
9kHEGh0S2E4,0.44,0.35,0.36,1.725,0.87,0.7949999999999999,0.0,2.37,1.3,0.33,0.315,0.52,0.0,0.0,1.155,0.0,0.0,1
9pyrNSKb16Y,1.51,0.0,1.99,0.0,2.35,1.73,1.4,2.39,2.37,2.26,0.01,0.0,1.06,0.49,1.14,0.0,0.0,0
9sAZ50a_l5M,0.0,0.0,0.0,0.145,1.545,2.005,0.57,0.93,1.66,1.245,0.0,0.0,0.74,0.265,1.825,1.195,0.07,0
9t6PWAbylh4,1.3199999999999998,0.365,0.36,0.275,0.965,0.0,0.09,0.38,1.705,1.1800000000000002,0.17,0.0,0.8250000000000001,0.0,1.285,0.08,0.05,1
9t7JItsq3as,0.06,0.0,0.0,0.0,1.903333333333333,2.45,0.7966666666666667,1.9333333333333331,2.52,1.2266666666666666,0.1533333333333333,0.0,0.3699999999999999,0.1099999999999999,2.903333333333333,0.91,0.0,0
9vYMByRngU8,0.8150000000000001,0.655,0.5549999999999999,0.7649999999999999,0.64,0.625,0.945,0.915,0.035,0.0,2.6,1.25,0.45,0.95,0.94,0.0,0.8500000000000001,1
9zoaiIkFwiI,0.0,0.0,0.52,0.0,2.72,3.5,0.86,2.01,2.6,1.62,0.0,0.0,1.38,0.73,2.9,0.95,0.0,0
A-qi6EZGJgM,0.58,0.13,0.0,0.9,0.02,0.14,0.0,0.0,0.0,1.04,0.06,0.0,0.0,0.0,0.0,0.0,0.0,1
A07-gmV4Mos,1.096666666666667,0.1533333333333333,1.25,1.0533333333333337,0.79,0.7433333333333333,0.3466666666666667,2.1333333333333333,0.8966666666666666,0.1666666666666666,0.4266666666666667,0.31,0.99,0.0,1.15,0.3733333333333333,0.0666666666666666,1
A08KjPeqgl4,0.13,0.0,0.0,0.85,2.29,1.38,0.07,2.35,2.54,1.16,0.0,0.0,0.39,0.0,2.73,0.36,0.0,0
A0qYNooALHk,0.972,0.124,1.15,1.262,0.37,0.4679999999999999,0.154,0.374,0.506,0.716,0.47,0.756,0.088,0.2219999999999999,0.4679999999999999,0.086,0.0679999999999999,1
A1tEA4AGJIE,1.534,0.156,0.828,1.5239999999999998,0.102,0.3339999999999999,0.142,0.256,0.206,0.0,1.484,0.116,0.24,0.412,0.486,0.31,0.022,1
A2_vSVmLeQs,1.5699999999999998,1.34,0.575,0.805,1.565,1.46,0.69,1.07,2.115,2.29,0.0,0.0,0.205,1.215,3.005,0.95,0.25,0
A2bdBzrRHfs,0.26,0.87,1.495,0.0,1.785,0.47,0.39,0.945,1.66,1.29,0.0,0.0,0.0,0.15,1.87,0.39,1.56,0
A54fT5PWTIc,0.345,0.325,0.0,0.0,1.7400000000000002,2.055,0.93,2.28,2.35,0.48,0.0,0.0,0.0,0.0,2.085,0.16,0.94,0
A6G0NXmETR4,0.61,0.0725,0.595,0.7749999999999999,0.895,1.025,0.5725,1.6425,1.495,1.37,0.2975,0.1899999999999999,0.1375,0.455,0.7425,0.335,0.5425,0
A7AWtH1mfZs,0.16,0.0,0.7250000000000001,0.395,0.185,0.695,0.665,0.895,0.0,0.625,1.58,0.61,0.32,0.0,0.125,0.405,0.0,1
A7oeGayicnc,0.065,0.0,0.0,1.415,0.395,0.905,0.735,1.365,0.0,0.06,1.365,1.23,0.44,0.09,0.0,0.63,0.37,1
A9rc7uugB6g,0.205,0.0,0.12,0.0,1.185,2.37,0.915,0.945,1.28,0.21,0.1,0.0,0.0,0.0,1.1800000000000002,0.6,0.0,0
ABUx5euD2vk,0.855,0.06,0.495,0.0,1.2200000000000002,1.265,0.52,0.8,1.1,0.575,0.655,0.61,0.38,0.055,0.27,0.0,1.155,1
AEp-JC1jHvw,0.55,0.0,1.1,0.0,0.17,2.82,0.19,0.0,0.0,0.0,0.61,2.51,1.18,0.65,0.05,1.66,0.11,1
AJ1dWqy_rws,0.772,0.016,0.174,0.16,1.534,1.688,0.2339999999999999,1.778,1.414,1.088,0.782,0.484,0.3399999999999999,0.274,1.234,0.558,0.2599999999999999,0
AJF7cjAgZ9M,0.19,0.87,0.0,0.78,2.35,3.96,0.44,1.27,2.85,0.35,0.0,0.0,0.59,0.0,3.22,0.57,0.0,0
AKjlkab1YRo,3.29,3.57,0.3,4.03,0.0,0.0,0.0,1.84,1.19,0.0,0.33,2.1,0.15,0.0,1.29,0.08,0.0,2
AMjJd3fnND0,1.257777777777778,0.3077777777777777,0.3766666666666666,0.5388888888888889,0.0777777777777777,0.3455555555555555,0.0433333333333333,0.2922222222222222,0.0422222222222222,0.0,0.95,0.3711111111111111,0.5666666666666667,0.0133333333333333,0.1166666666666666,0.1477777777777777,0.1055555555555555,1
ANpbL70-1VI,0.0,0.0,0.0,0.0,1.53,1.74,1.51,2.29,1.0,0.64,2.1,1.25,2.02,0.0,0.22,1.01,0.47,0
AQBE65iSM-E,0.26,0.0,0.1166666666666666,0.3933333333333333,0.88,0.8933333333333334,0.9066666666666666,0.85,0.66,0.22,0.9566666666666668,0.9733333333333332,0.1833333333333333,0.0,1.4433333333333334,2.296666666666667,0.7566666666666667,1
AQtTuTZyNiA,0.13,0.47,0.0,0.0,1.91,2.73,0.0,3.8,2.65,2.98,0.33,0.0,0.26,0.0,1.64,0.15,0.0,0
ARMdb7fgfQU,0.7,1.02,0.37,0.79,0.92,0.02,0.29,1.58,1.33,0.0,1.09,0.27,0.0,0.0,2.56,0.0,0.0,1
ATurpKuYqg4,1.89,1.83,0.0,3.49,0.0,0.0,0.0,2.21,0.67,0.12,0.0,0.0,0.48,0.0,2.45,1.33,0.0,2
AUuZXLaqerc,1.685,0.225,0.405,0.705,0.55,2.405,0.0,0.295,0.6950000000000001,0.0,1.665,0.59,0.19,0.0,0.0,0.0,0.0,1
AUvVSN8YWZs,2.09,1.88,0.0,2.655,0.6875,0.315,0.045,1.315,1.6875,0.7000000000000001,0.2299999999999999,0.0,0.0075,0.165,2.0475,0.8724999999999999,0.0,2
AV8WgtQu6JE,0.2,0.0,0.0,0.63,1.59,2.97,0.46,1.69,2.34,0.59,0.0,0.0,0.0,0.0,2.38,0.46,0.0,0
AVRltPV1VQE,0.7433333333333333,0.1899999999999999,0.0,1.2866666666666668,0.5266666666666667,0.0499999999999999,0.1399999999999999,0.48,0.3833333333333333,0.1866666666666666,0.3033333333333333,0.6066666666666667,0.9433333333333334,0.2466666666666666,0.3066666666666667,0.5166666666666667,0.3466666666666667,1
AY57GEPf2DQ,0.09,0.0,0.58,1.77,0.16,0.0,0.0,0.0,0.44,0.0,0.69,0.4,0.0,0.21,0.0,0.0,0.0,1
AYr7y-JfhN8,1.11,0.0,0.11,0.19,0.88,2.08,0.0,0.0,0.08,0.0,0.1,1.98,0.64,0.29,0.0,0.0,0.0,1
A_HLtsg4TVA,0.0,0.0,0.8,0.0,2.68,2.11,0.85,2.06,3.23,3.16,0.0,0.0,0.0,0.0,2.44,0.0,0.0,0
Abq7F6HGIX8,1.69,1.79,0.18,2.55,0.0,0.01,0.0,0.0,0.29,0.0,1.02,2.44,0.15,0.09,0.0,0.27,0.0,2
AhVOJm6v5Ig,0.03,0.0,0.0,1.01,1.63,1.38,0.0,1.8,2.08,0.0,0.43,0.0,0.0,0.0,2.75,1.47,0.0,0
AinyNd4rv2I,0.77,1.325,0.35,1.2525000000000002,0.0,0.0975,0.0,0.965,0.305,0.0,0.095,0.08,0.1475,0.0,2.0575,1.805,0.5725,2
Al7xFwszHQM,0.23,0.46,0.28,1.62,0.03,2.16,0.59,1.01,0.51,1.43,0.1,1.82,0.0,0.06,0.0,0.58,0.0,1
Al9Hk6_w2Qo,0.1399999999999999,0.3899999999999999,0.8433333333333334,0.0633333333333333,1.8833333333333333,2.11,1.0433333333333332,1.01,2.513333333333333,0.8733333333333332,0.0,0.0,0.8666666666666667,0.0499999999999999,2.64,0.6699999999999999,0.33,0
AmgEFzgnvP4,0.4000000000000001,0.0,0.3566666666666667,1.4933333333333332,0.3533333333333333,0.39,0.0,0.5366666666666666,0.13,0.3699999999999999,0.4366666666666667,0.7066666666666667,0.3533333333333333,0.8366666666666666,0.6433333333333333,0.21,0.2066666666666666,1
ApTB0sxAEpw,0.174,0.172,0.184,0.486,0.6719999999999999,0.762,0.0,0.4859999999999999,1.14,0.966,0.0,0.0,0.118,0.0,1.0779999999999998,0.064,0.124,1
AqT2DLoO7Gs,1.08,0.025,0.0,0.0,1.39,1.095,0.575,1.805,1.425,0.29,0.0,0.0,0.36,0.0,2.805,1.835,1.315,0
Av4KKPcv_Ds,0.4366666666666666,0.1366666666666666,0.03,0.0,0.22,0.6466666666666667,0.0633333333333333,0.0633333333333333,0.3766666666666667,0.4333333333333333,0.0,0.0,0.2199999999999999,0.0,0.6366666666666666,0.2566666666666666,0.3366666666666666,1
AwD4OYyEOUA,0.0,0.0,0.0,0.0,0.34,1.88,0.0,0.37,1.31,1.81,0.0,0.0,0.41,0.0,0.63,0.0,0.0,1
AwWl2LwQ2-c,0.69,0.0,0.0,0.0,4.01,2.7,1.06,3.35,3.64,2.06,0.0,0.0,0.0,0.0,3.73,0.95,0.54,0
Awe5mrMvJPI,0.3728571428571428,0.29,0.5328571428571429,0.6428571428571429,0.4357142857142856,0.3285714285714285,0.3442857142857142,1.018571428571429,1.082857142857143,0.9471428571428572,0.2985714285714285,0.2628571428571428,0.5399999999999999,0.0157142857142857,0.6571428571428573,0.2942857142857143,0.35,1
AxJ1YGnc1nY,2.8,3.49,0.23,2.36,0.0,0.0,0.0,2.24,1.74,2.77,0.0,0.22,0.91,0.0,2.44,0.82,0.0,2
AyZZUJGMrio,0.57,0.0,0.0,0.0,1.63,1.11,1.06,0.64,0.53,0.0,1.44,2.35,0.38,0.06,0.0,0.05,0.0,1
B-MuZV0B91o,0.59,0.135,0.135,2.095,0.18,0.845,0.225,0.0,0.0,0.0,0.225,0.92,0.855,0.53,0.83,0.565,0.0,1
B-Ux7ehmojs,0.645,0.0,1.03,0.33,0.63,0.375,0.38,1.7400000000000002,1.37,1.165,0.11,0.0,0.0,0.0,1.085,0.305,0.885,0
B5gs2MyCiRY,0.8,0.4525,0.5725,0.75,0.3025,0.6375,0.7975000000000001,0.4225,0.6675,1.215,1.1575,1.3975,0.0925,0.65,0.3675,1.36,0.28,1
B7Hi2gCYx0g,0.2466666666666666,0.075,0.9158333333333334,0.1091666666666666,0.185,1.0433333333333332,0.6366666666666666,0.0558333333333333,0.0658333333333333,0.0491666666666666,0.2425,0.5258333333333334,0.3775,0.1358333333333333,0.0825,0.3866666666666666,0.0783333333333333,1
B7SbnMo9r5Q,0.0,0.0,0.0,0.59,1.38,1.94,0.0,0.9,1.82,0.49,0.0,0.0,0.0,0.0,1.73,1.15,0.0,0
B7bX5AlQu6c,0.315,0.0,0.0,1.545,0.905,0.715,0.59,1.605,0.985,0.0,0.51,0.305,0.0,0.0,0.695,0.4549999999999999,0.4,1
B8d7D1Idinw,0.45,0.1166666666666666,0.2299999999999999,0.2933333333333333,0.0,0.7466666666666666,0.09,0.0633333333333333,0.34,0.22,0.27,0.5533333333333333,0.3333333333333333,0.3899999999999999,0.04,1.3066666666666666,0.57,1
B9UfnHQWJZc,0.1933333333333333,0.0533333333333333,0.1366666666666666,0.4233333333333333,0.51,0.0,0.1866666666666666,0.7366666666666667,0.7333333333333334,1.0833333333333333,0.0999999999999999,0.5966666666666667,0.24,0.2133333333333333,0.3433333333333333,0.31,0.0266666666666666,1
BD2RRl7wPMw,0.0266666666666666,0.0,0.1666666666666666,0.0,1.1766666666666667,1.03,0.0766666666666666,1.0233333333333334,1.6933333333333334,0.9133333333333334,0.02,0.0866666666666666,0.4766666666666667,0.0,0.6166666666666666,0.1766666666666666,0.04,0
BFRmS1RSYYY,1.11,1.7,0.655,2.43,1.33,1.305,0.055,1.91,2.285,1.03,0.0,0.0,0.0,0.115,2.625,0.0,0.0,0
BFndAL9KPc0,0.6166666666666667,0.6316666666666667,0.0,0.86,0.2816666666666667,0.3533333333333333,0.0,0.3466666666666667,0.7033333333333333,0.4416666666666666,0.1916666666666666,0.13,0.065,0.0483333333333333,0.84,0.6966666666666667,0.025,1
BHR9ht4QVuM,0.0,0.55,0.0,0.81,2.23,0.73,0.83,1.42,2.62,1.89,0.0,0.99,0.97,1.37,0.97,1.12,0.0,0
BKBIU-YJJc8,0.945,0.35,0.665,0.425,0.03,0.0,0.935,1.35,0.025,0.25,1.04,0.835,0.0,0.0,0.085,0.825,0.26,1
BKKZBeRVSfw,0.592,0.2259999999999999,0.623,0.531,0.194,0.935,0.226,0.329,0.383,0.5599999999999999,0.128,0.065,0.12,0.101,0.3339999999999999,0.37,0.031,1
BKi1QTM3Rto,0.9966666666666666,0.4633333333333333,0.81,0.4599999999999999,0.31,0.8233333333333334,0.0,0.2366666666666666,0.0866666666666666,0.34,0.3966666666666666,0.4966666666666666,0.04,0.4466666666666667,1.0433333333333332,0.8166666666666668,0.1366666666666666,1
BNEcbKDIIgg,1.5133333333333334,0.7266666666666667,0.0,0.5766666666666667,0.0,0.0,0.0,0.51,0.61,0.2166666666666666,0.59,0.5333333333333333,0.1899999999999999,0.09,0.8799999999999999,0.6566666666666666,0.0,1
BNdsUvQjNp4,1.2154545454545456,0.3381818181818181,0.58,0.9472727272727272,0.1281818181818182,0.1836363636363636,0.1027272727272727,0.2772727272727273,0.24,0.2881818181818181,0.5081818181818182,0.4836363636363636,0.859090909090909,0.3381818181818182,0.3309090909090909,0.4718181818181818,0.3290909090909091,1
BPm6ggIwMzQ,1.62,2.555,0.0,3.9,0.0,0.0,0.0,0.08,0.0,0.0,0.13,0.71,0.0,0.0,0.14,0.97,0.175,2
BROKaSugx-Q,1.26,0.0,0.0,0.0,0.96,0.0,0.0,0.78,1.68,0.13,0.0,0.0,0.0,2.14,0.0,0.0,0.28,1
BTkkdlCE-7c,0.0,0.0,0.0,0.0,1.42,2.41,0.0,2.5,2.68,0.11,0.0,0.0,0.1,0.0,2.41,0.72,0.0,0
BUCANbJ9rZs,1.35,0.67,0.0,1.89,1.075,1.38,0.0,0.73,1.7600000000000002,0.485,0.16,0.0,0.155,0.0,1.515,0.0,0.115,2
BW96eqdLf_I,1.99,0.2,0.0,1.04,0.0,0.96,0.0,0.0,0.0,0.0,5.0,0.0,0.0,0.0,0.56,0.0,0.0,1
BYqGB4NyzDI,0.97,0.0,0.42,1.6,1.23,0.29,0.26,0.39,1.07,0.0,0.12,1.12,0.6,0.36,0.0,0.0,0.47,1
BZA1TUcHa4k,0.29,0.0,0.99,0.0,0.0,0.0,0.18,0.0,0.0,0.0,0.61,0.76,0.0,0.41,0.0,1.64,0.47,1
BZNzNVKim6w,1.035,0.0,1.415,0.09,0.0,0.37,0.0,0.11,0.0,0.0,0.4,0.41,0.0,0.53,0.0,0.01,0.0,1
B_h7W5zTbnk,0.4233333333333333,0.0,0.3333333333333333,0.2766666666666666,0.6566666666666666,1.1866666666666668,0.3766666666666666,0.8266666666666667,0.6966666666666667,0.0,0.36,0.3766666666666666,0.7966666666666667,0.0633333333333333,0.9766666666666668,0.9366666666666666,0.0699999999999999,1
BaxCa7M2I_s,0.0,0.0,0.0,0.94,0.59,1.94,0.62,0.42,0.76,0.0,0.9,0.0,1.33,0.0,2.55,0.77,0.0,1
BbfRMeClL5M,0.885,0.98,0.0,0.2,2.125,0.37,0.0,1.31,2.73,1.125,0.085,0.41,0.505,1.045,1.28,0.205,0.89,0
BboemeR1PcA,0.154,0.0,0.482,2.17,0.376,0.6599999999999999,0.0,0.016,0.224,0.008,0.8959999999999999,0.326,0.53,0.044,0.172,0.562,0.0,1
BcNZNEZvU84,1.005,0.195,0.77,0.0,0.205,0.165,0.435,0.445,0.45,0.385,0.4549999999999999,0.0,0.16,0.105,0.835,0.115,0.0,1
Bfr7zkTXL9A,0.765,0.0,0.0,0.685,0.0,0.07,0.0,0.22,0.325,0.75,0.315,0.875,0.62,0.075,0.0,0.385,0.045,1
BfyuKROBWyE,1.03,1.215,0.0,0.19,2.03,1.835,0.455,1.665,3.185,1.2799999999999998,0.0849999999999999,0.0,0.45,0.0,2.715,0.825,0.0,0
BgC1dsQDFRU,0.215,0.64,0.96,0.16,0.1,1.185,1.075,0.465,0.045,1.465,0.675,0.515,0.25,0.01,0.96,0.755,1.205,1
BjaKfnWjX9Y,1.3666666666666665,0.2083333333333333,1.0833333333333333,0.6033333333333334,0.4516666666666666,0.5316666666666666,0.1733333333333333,1.0033333333333332,0.7083333333333334,0.3983333333333334,0.4116666666666667,0.33,0.0566666666666666,0.0283333333333333,1.0216666666666667,0.305,0.05,1
Bnc7liFjcvc,0.5720000000000001,0.382,0.194,1.536,0.164,0.5720000000000001,0.308,0.414,0.38,0.372,1.52,0.142,0.122,0.19,0.996,0.5900000000000001,0.004,1
BppgvPJZMlA,1.57,0.0,0.41,0.0,1.02,1.52,0.0,0.47,0.72,0.14,0.43,0.0,0.56,0.0,1.75,0.0,0.39,1
Bta_XWrA5lA,0.165,0.065,0.0,0.01,1.355,0.63,0.0,1.46,2.12,0.785,0.16,0.035,0.355,0.025,1.165,0.51,0.04,0
BulWyYdhpFE,0.06,0.0,2.23,0.0,1.49,2.6,0.83,0.5,1.56,0.83,0.0,0.0,1.04,0.27,1.52,0.32,0.25,0
Bv0XZHD98ss,0.6,1.04,0.04,1.72,0.0,0.0,0.0,0.12,0.0,0.0,0.0,0.55,0.0,0.0,0.16,0.5,0.0,1
C-LeFb0JS8k,0.0,0.0,0.0,0.0,2.56,0.55,1.36,1.62,2.43,1.97,0.0,1.21,0.82,0.66,0.05,0.32,0.02,0
C1EwhDGdv14,0.51,0.24,0.0,0.67,0.0,0.0,0.0,0.0,0.63,0.0,0.1,0.0,0.0,0.0,1.63,1.07,0.0,1
C1ME3ETxuls,1.88,0.27,0.85,0.99,0.57,1.93,0.0,0.0,0.41,0.03,0.71,1.4,0.48,0.12,0.0,0.0,0.42,1
C7JiTweF3xY,0.0,0.4,0.0,0.0,0.0,0.36,0.4,0.75,0.0,1.16,0.63,1.22,0.66,0.03,0.22,1.12,0.0,1
C8O7aUkka4o,0.49,0.95,2.01,1.02,1.26,2.09,2.02,1.17,0.0,0.76,0.56,0.0,0.49,0.0,3.23,0.9,0.0,0
CBmNk9pSsy4,0.42,0.48,0.0,0.0,0.42,0.0,0.0,1.03,1.9,0.84,0.0,0.0,0.4,0.0,2.53,1.15,0.0,0
CDjZrY9CrNI,1.47,0.22,0.25,0.635,0.505,1.51,0.0,1.045,0.425,0.0,1.43,0.435,0.635,0.265,0.0,0.0,0.185,1
CEfyMNrHkMs,0.94,0.0,0.375,0.755,1.165,0.0,0.125,1.98,2.015,1.445,0.0,0.0,0.21,0.0,1.415,0.0,0.0849999999999999,0
CHCTHOi4ggk,0.5233333333333333,0.3333333333333333,0.2133333333333333,0.35,0.22,0.37,0.0966666666666666,0.5533333333333333,0.66,1.0166666666666666,0.0,0.1966666666666666,0.1533333333333333,0.0,0.9433333333333332,0.9466666666666668,0.6366666666666667,1
CI12BF_pW34,2.02,2.23,0.57,3.63,0.36,0.0,0.0,0.99,1.02,0.52,0.51,0.88,0.0,0.17,0.64,0.0,1.05,2
CI8PSPP9vlE,0.45,0.205,0.06,0.565,0.0,0.0,0.4,1.18,0.795,0.62,0.715,1.3,0.32,1.95,0.37,0.34,0.0,1
CIvsSPNAzGg,0.27,0.56,0.0,1.29,0.0,0.45,0.0,0.0,0.0,0.0,0.0,1.13,0.0,0.19,0.08,0.16,0.68,1
CIzI1u5i8B8,0.83,0.58,0.0,0.0,2.37,1.09,0.79,2.1,2.17,0.28,1.18,0.0,0.23,0.0,2.49,1.4,0.77,0
CMnFoW7jj94,1.064,0.258,0.844,0.716,0.024,0.182,0.2279999999999999,0.842,0.2299999999999999,0.398,0.912,1.086,0.6459999999999999,0.0,1.156,0.818,0.292,1
CO1pMhYZZcw,1.1183333333333334,0.955,0.785,1.8016666666666667,0.36,1.11,0.1983333333333333,0.3433333333333333,0.415,0.1999999999999999,0.3766666666666666,0.3683333333333333,0.2883333333333333,0.1433333333333333,0.7783333333333333,0.7883333333333334,0.2383333333333333,1
CO418oACsEk,1.19,0.0,0.0,1.93,0.96,0.0,0.0,0.51,1.33,0.99,0.02,0.75,2.0,0.33,0.0,0.0,0.0,1
CP6ijUixGdk,0.3075,0.4499999999999999,0.0,0.8325,0.0,0.2025,0.03,0.0,0.3275,0.3925,0.25,0.0249999999999999,0.3375,0.0,0.1099999999999999,0.0,0.1675,1
CProayVgLIE,0.865,0.0,0.645,1.21,0.175,0.0,0.075,0.955,0.0,1.135,1.715,0.34,0.0,0.545,0.19,1.785,0.0,1
CQ0T7YZI2BM,0.6924999999999999,0.375,0.0,0.5825,0.4325,0.7525000000000001,0.0925,0.315,0.49,0.315,0.6725,0.6375,0.8075,0.31,0.5425,0.5525,0.08,1
CUhaitHEAZE,0.05,0.0,0.38,0.0,0.43,0.58,1.135,0.48,0.195,1.015,1.035,1.96,1.465,0.625,0.295,0.79,0.23,1
CUlbqob5Njg,1.32,0.0,0.47,0.0,0.62,0.0,0.43,0.79,0.7,1.49,0.78,1.04,0.0,0.53,0.0,0.0,1.69,1
CVh4qFE8YiQ,0.51,0.0,0.12,0.0,1.65,3.21,0.78,1.48,0.29,1.89,1.03,1.52,0.0,0.07,0.71,1.54,0.0,0
CXDbQA56OQU,0.0,0.0,0.6633333333333334,0.15,1.106666666666667,2.033333333333333,0.4166666666666667,1.28,0.4533333333333333,0.3033333333333333,1.0733333333333333,0.0166666666666666,0.2033333333333333,0.35,0.7399999999999999,0.3833333333333333,0.16,1
C__iyWJkjgc,0.0,0.0,0.0,2.12,1.34,1.6,0.0,0.14,0.33,0.0,0.0,0.0,1.26,0.0,3.27,0.0,0.0,1
CdQ1PfaRd7k,0.265,0.0,0.285,1.69,0.655,0.305,0.0,0.535,0.635,0.0,2.8200000000000003,0.865,1.915,0.565,1.475,0.175,0.0,1
Cf3Xnr120c0,2.825,1.195,0.0,0.28,0.31,2.805,0.0,0.86,1.165,2.5,0.27,0.33,0.045,1.03,1.04,2.805,0.665,2
CfCIaFiJPBs,2.51,0.69,1.09,0.66,1.61,1.32,0.0,1.64,1.97,0.73,0.0,0.0,0.42,0.0,2.54,1.11,0.0,0
CoqKIUMLLCY,2.08,2.24,0.0,1.915,0.0,0.0,0.02,0.305,0.45,0.8899999999999999,0.545,0.0,0.215,0.0,0.86,0.69,0.0,2
Ct9V0Tca4go,1.04,0.49,0.31,0.9,0.64,2.47,0.03,0.57,0.0,0.0,0.57,0.0,0.0,0.0,0.0,0.0,0.12,1
CuLmlHo7Wrk,0.0,0.0,0.11,0.0,1.58,1.3,0.79,0.68,1.7,1.58,0.0,0.79,0.75,0.74,0.0,0.19,0.0,0
CvGutuE0Klg,1.085,1.425,0.215,0.99,0.635,0.52,0.685,1.155,1.0599999999999998,0.6699999999999999,0.085,0.07,0.0,0.04,1.255,0.785,0.25,2
CxVeCZTZQGQ,1.59,0.0,0.18,3.4,0.64,0.0,0.0,1.01,0.76,0.0,0.0,0.0,0.46,0.0,1.69,0.0,0.0,2
D31_n-pcFTo,1.2,0.5266666666666666,0.75,0.4566666666666667,0.0,0.3966666666666666,0.0966666666666666,0.5233333333333333,0.29,0.35,0.91,0.5566666666666666,0.5,0.0066666666666666,0.5066666666666667,1.0233333333333332,1.0166666666666666,1
D6WGeXeVhU4,0.9,0.0475,1.045,0.77,0.2375,0.335,0.1,0.8375,0.5575,0.3849999999999999,0.5575,0.04,0.585,0.37,0.1699999999999999,0.38,0.055,1
DA9_bU3NGbk,1.26,1.29,0.0,0.0,0.35,0.0,0.0,1.01,1.71,1.17,0.0,0.0,0.0,0.0,0.0,0.88,0.62,1
DBpt9uDRdsY,1.08,0.0,0.0,0.325,1.6149999999999998,0.875,0.4549999999999999,1.335,1.735,0.93,0.35,1.05,0.0,0.105,1.405,0.37,0.63,0
DCpP4sxcDXw,0.74,0.28,0.59,0.155,1.765,1.72,0.48,1.425,1.73,1.05,0.13,0.14,0.24,0.07,1.25,0.525,0.0,0
DFWtrZTfyAg,1.37,0.99,0.0,0.0,1.39,2.68,0.12,2.72,2.68,1.29,0.0,0.0,0.41,0.0,2.69,0.36,0.0,0
DFX3IvmoO18,0.3025,0.0441666666666666,0.0516666666666666,0.145,1.1783333333333337,1.3833333333333335,0.3091666666666666,0.8716666666666667,1.5608333333333333,0.9333333333333336,0.0016666666666666,0.0158333333333333,0.2208333333333333,0.06,1.0816666666666668,0.3525,0.1633333333333333,0
DFbN0VZLWKQ,1.204,0.348,1.314,0.678,0.284,0.426,0.268,0.986,0.516,0.7140000000000001,0.65,0.374,0.204,0.192,0.396,0.356,0.422,1
DG-ZLIbE4Xs,0.0,1.03,0.0,2.88,0.0,0.0,0.06,0.0,0.0,0.0,0.0,0.0,0.0,0.0,0.75,0.0,0.0,1
DHNrVmGb_Us,0.93,0.79,0.0,0.0,1.13,1.72,0.0,1.19,1.92,0.87,0.0,0.2,0.0,0.09,0.4,0.14,0.75,0
DJNNrntBTjQ,1.65,0.78,0.34,1.29,1.86,0.85,0.86,3.49,3.12,1.81,0.0,0.0,0.0,0.46,1.86,0.0,0.18,0
DMbzEAjrQ20,0.3466666666666667,0.3766666666666666,0.2066666666666666,1.2333333333333334,0.0,0.4033333333333333,0.0,0.3533333333333333,0.21,0.16,0.1433333333333333,0.0,0.1366666666666666,0.0,1.6966666666666663,1.35,0.7833333333333333,1
DQynC2Fjyq4,0.81,0.0,0.0,0.09,1.125,1.005,0.6950000000000001,1.4249999999999998,1.565,1.035,0.35,0.28,0.43,0.345,1.16,0.245,0.25,0
DRVaUJy89tQ,1.095,0.305,0.0,0.7949999999999999,0.73,0.435,0.295,0.265,0.73,0.0,0.415,0.575,0.265,0.49,0.04,0.74,0.155,1
DRqRuh1qMXw,0.7200000000000001,0.1333333333333333,0.4533333333333333,0.7766666666666667,0.58,0.41,0.6433333333333334,0.0533333333333333,0.7333333333333334,0.44,0.1766666666666666,0.3533333333333333,0.1233333333333333,0.1399999999999999,0.5333333333333333,0.9033333333333332,0.1733333333333333,1
DTFjxRiXnW0,2.13,0.18,0.515,0.145,0.0,0.0,0.085,0.16,0.625,1.035,0.255,0.045,0.255,0.0,0.0,0.0,0.06,1
DT_R3PqXKi8,1.2300000000000002,0.0633333333333333,0.2333333333333333,0.32,0.7433333333333333,0.52,0.1433333333333333,0.7866666666666667,0.9566666666666668,0.6900000000000001,0.4233333333333333,0.35,0.8466666666666667,0.3766666666666667,0.6166666666666667,0.1366666666666666,0.0,1
DT_R3PqXKi8(1),1.2300000000000002,0.0633333333333333,0.2333333333333333,0.32,0.7433333333333333,0.52,0.1433333333333333,0.7866666666666667,0.9566666666666668,0.6900000000000001,0.4233333333333333,0.35,0.8466666666666667,0.3766666666666667,0.6166666666666667,0.1366666666666666,0.0,1
DTcQGJh0vSQ,1.76,1.55,1.69,0.12,0.0,0.0,0.0,0.48,0.0,0.0,0.0,0.0,0.0,0.0,1.2,0.68,0.0,2
DYrwSmgq9Xc,0.4679999999999999,0.0,0.144,0.29,0.588,0.7579999999999999,0.2759999999999999,1.386,0.8799999999999999,0.624,0.926,0.612,0.738,0.502,0.624,1.006,0.262,1
DdEar3F-bQ4,0.8,1.3225000000000002,0.0,0.5475,1.1725,0.5325,0.0875,0.62,2.215,0.9925,0.0,0.0,0.38,0.0,2.395,0.495,0.6625,0
DhM-lafHvTs,0.7966666666666667,0.2733333333333334,0.7883333333333332,0.925,0.4466666666666667,1.025,0.345,1.038333333333333,0.5816666666666667,0.445,0.235,0.0783333333333333,0.2116666666666666,0.0966666666666666,1.3,0.8450000000000001,0.2883333333333333,1
DhpouIFVLIU,1.1,0.0,2.3,0.0,1.7,0.93,0.0,1.83,1.87,0.77,0.0,0.13,0.0,0.0,0.39,0.0,2.94,0
DiYTTHUchMc,1.13,0.0,1.05,0.98,0.0,0.0,0.0,0.46,0.0,1.0,0.52,0.69,0.29,0.0,0.0,0.0,0.0,1
DjUfn_34WjY,1.06,0.0,1.11,1.43,0.0,2.9,0.21,0.16,0.0,0.09,0.79,0.0,1.59,0.36,1.57,2.13,0.0,1
DlgVulo8lAA,0.81,1.4,0.51,0.74,1.46,2.16,2.45,1.86,1.34,0.0,0.02,0.26,0.0,1.32,1.95,0.0,0.0,0
DliuTxsLJ1g,2.135,0.94,1.415,1.22,0.015,0.44,0.04,0.235,0.52,0.68,0.565,1.05,0.465,0.295,0.525,0.8150000000000001,0.0,2
Dn014zuYJ8E,0.4666666666666667,0.0,0.7633333333333333,0.77,0.26,0.97,0.4866666666666666,0.0,0.0166666666666666,0.0666666666666666,0.0,0.0,0.0533333333333333,0.0,0.0,0.0,0.1033333333333333,1
Dubn_dfCbFs,0.16,0.016,0.175,0.248,0.437,0.7849999999999999,0.1649999999999999,0.531,0.407,0.038,0.842,0.1679999999999999,0.072,0.189,0.394,0.461,0.039,1
DyLgj2-1T9I,0.695,0.32,0.315,0.065,0.28,1.745,0.47,0.63,0.41,0.3,0.665,0.22,0.0,0.0,0.1,0.0,0.265,1
E-GA_47pT-k,0.115,0.0,0.0,0.01,1.955,3.285,1.135,1.725,2.02,1.835,0.27,0.0,0.81,0.025,0.925,0.39,0.76,0
E0_OqkMMWaU,1.6366666666666667,0.01,0.0,1.2766666666666666,1.28,1.2566666666666666,0.1933333333333333,1.89,0.7133333333333334,0.4633333333333333,0.59,0.0,0.9633333333333334,0.0,1.606666666666667,0.0266666666666666,0.04,0
E2HZCJ013W8,0.97,1.69,0.0,0.6,0.44,1.96,0.19,1.36,2.49,1.53,0.0,0.0,0.15,0.0,3.0,1.21,0.0,0
E2ytEt7JoMM,0.83,0.0,0.0,3.5,0.6,0.0,0.36,1.14,0.04,0.25,1.6,2.49,2.32,0.72,0.0,0.0,0.0,1
E35_9w4SyWk,0.17,0.61,0.0,0.0,0.11,0.0,0.0,0.0,0.0,0.0,0.0,0.0,1.03,0.19,0.18,0.0,0.0,1
E6iIgJEMXec,0.5,0.04,0.34,0.31,0.08,0.22,0.88,1.78,0.27,0.0,1.22,0.25,0.0,0.0,0.47,0.0,0.0,1
E86GwVOHbwY,0.295,0.355,0.0,1.84,0.01,0.01,0.0,0.025,0.23,0.315,0.845,0.0,0.105,0.045,0.395,0.34,0.0,1
E97HKLhVmgc,0.36,0.0,0.46,0.885,0.27,0.195,0.51,0.53,0.4,0.0,0.0,0.0,0.0,0.375,0.58,1.085,0.0,1
E9DVdojR_DM,0.782,0.202,0.032,0.0,1.7259999999999998,0.808,0.966,1.7100000000000002,2.068,1.422,0.456,0.0819999999999999,0.486,0.21,1.596,0.0,0.1679999999999999,0
E9sRk8dmC1c,1.46,1.835,0.58,0.435,1.34,1.18,0.94,1.47,1.675,0.545,0.44,0.1649999999999999,1.04,0.0,1.86,1.125,1.755,0
ED9vNES6L9o,0.33,0.3216666666666666,0.2266666666666666,0.0766666666666666,0.96,0.7599999999999999,0.5633333333333334,1.0,1.0233333333333332,0.7433333333333333,0.015,0.1666666666666666,0.3666666666666667,0.0,1.2066666666666668,0.5916666666666667,0.1916666666666666,1
EF5hPPSj5ik,1.3133333333333337,1.6066666666666665,0.5066666666666667,1.32,0.0,0.0,0.1266666666666666,0.7633333333333333,0.0166666666666666,0.5466666666666666,0.54,1.4533333333333331,0.45,0.1666666666666666,0.5433333333333333,1.2333333333333334,0.8166666666666668,2
EI5eZb5zYXc,0.0,0.0,0.0,0.0,2.71,0.46,0.37,0.51,3.29,1.63,0.0,0.0,0.51,0.32,0.28,0.26,0.0,0
EIFjXZ4E9Yk,1.625,0.145,0.67,0.47,0.12,0.54,0.545,1.49,0.215,1.535,1.495,2.355,0.0,0.42,0.015,1.125,0.0,1
EMRHwltCQv4,1.005,1.3299999999999998,0.0,1.7775,0.6475,0.68,0.165,1.26,1.41,0.7975000000000001,0.08,0.0975,0.1925,0.065,1.1025,0.91,0.1175,2
EN_T70la6sM,0.5733333333333334,0.2733333333333333,1.0833333333333333,0.5566666666666668,0.22,0.0,0.3066666666666666,0.7866666666666666,0.6133333333333334,0.5166666666666666,0.1566666666666666,0.4766666666666666,0.0,0.0999999999999999,0.5666666666666667,0.1066666666666666,0.1399999999999999,1
EOIeZAeA3b0,1.32,1.29,0.57,1.3250000000000002,0.515,1.2799999999999998,0.395,0.47,0.41,0.4,0.07,0.0,0.45,0.0,0.62,0.055,0.0,1
EQEGUVwxaiI,1.685,0.125,0.505,0.0,0.6950000000000001,1.115,0.44,2.055,2.115,0.905,0.135,1.36,0.07,0.265,0.0,0.0,0.0,0
EQEVdaDUkJs,0.74,0.09,0.0,2.41,0.0,0.0,0.21,0.0,0.0,0.0,0.2,0.0,0.0,0.0,1.09,0.93,0.0,1
ETQScTYYQRU,0.42,0.4675,0.265,0.3249999999999999,0.3075,1.2374999999999998,0.2825,0.2675,0.3675,0.93,0.27,0.3625,0.0,0.4125,0.4575,0.44,0.3375,1
EUFTHTVyrEk,1.27,0.59,0.5,1.49,0.0,0.0,0.35,0.0,0.035,0.0,0.06,0.0,0.0,0.0,0.0,0.865,0.545,1
EUkFRzflw20,1.095,0.095,0.54,0.0,1.205,0.92,0.625,0.94,1.48,1.475,0.055,0.0,0.37,0.275,1.245,0.6699999999999999,0.0,0
EUnaQzzjaas,0.37,0.0,0.0,0.0,2.0,2.09,0.47,1.45,1.93,0.57,0.47,0.0,0.94,0.0,3.06,0.0,0.27,0
EUscV0NKT5A,1.6833333333333336,0.0,0.9033333333333332,1.2666666666666666,0.7200000000000001,0.6366666666666666,0.3233333333333333,0.7600000000000001,0.75,0.9033333333333332,0.65,0.1433333333333333,0.0,0.63,1.28,1.106666666666667,0.0933333333333333,1
EVaPduUL7lQ,0.0625,0.09,0.1425,0.5575,0.72,0.6174999999999999,0.24,1.2525,0.9125,1.0525,0.8775,0.4925,0.1475,0.435,0.595,0.1025,0.48,1
EW_xym12SoY,0.74,1.28,0.0,0.0,2.56,1.92,1.76,2.1,2.9,1.71,0.67,0.0,0.19,0.0,2.76,0.54,0.0,0
EesEuIeDRQg,2.05,0.6,0.0,0.57,0.0,0.69,0.0,0.0,0.11,0.0,0.27,0.0,0.0,0.0,0.0,0.38,0.0,1
EhUq2lQGSLE,0.104,0.086,0.05,0.2299999999999999,0.656,0.718,0.096,0.2,0.852,0.5,0.458,0.912,0.6759999999999999,0.1339999999999999,0.5,0.382,0.0,1
EhjwtOwsfCQ,0.8499999999999999,0.34,0.815,0.6,0.535,0.955,0.6799999999999999,0.66,0.57,0.485,0.18,0.255,0.065,0.0,0.875,0.935,0.0,1
EjIfBv8ZNts,1.77,2.3,0.0,2.77,0.03,2.56,0.0,0.0,0.0,0.61,1.08,2.64,1.5,1.21,0.0,1.4,0.0,2
EmPlp6ddNeU,2.01,3.34,0.0,3.56,0.0,0.0,0.0,0.0,0.0,0.0,0.43,0.64,0.0,0.0,0.0,0.0,0.0,2
Es_qxnq5jzg,0.75,0.14,0.0,0.0,0.0,1.11,0.0,0.3,1.41,0.0,0.13,0.0,0.0,0.0,0.74,0.86,0.74,1
Ev5dUwAQz7M,0.6,0.44,0.0,0.98,1.67,1.16,0.18,1.73,2.13,1.9,0.0,0.0,0.81,0.07,2.93,0.0,1.23,0
Ezn90OendIo,1.12,0.8833333333333333,0.7466666666666667,1.606666666666667,0.79,1.643333333333333,0.2833333333333333,0.5166666666666667,0.5433333333333333,0.17,0.49,0.0,0.3466666666666667,0.18,1.9933333333333332,1.3166666666666669,0.33,1
F4A56Fm9eLY,2.38,0.83,0.23,1.51,0.0,0.13,0.0,0.68,0.5,0.0,0.8,0.0,0.0,0.0,0.72,0.11,0.38,2
F59W77FEm8c,0.94,0.0,0.475,1.17,0.045,1.02,0.025,0.885,1.03,0.6,2.595,0.9,2.73,0.0,1.16,0.0,0.33,1
F5yCChwGHzM,0.03,0.0,0.0,1.22,0.645,0.0,0.0,1.29,1.285,2.79,1.82,0.0,0.0,1.29,1.1800000000000002,0.0,0.0,1
F6it4K33C-o,2.06,0.91,0.29,0.03,0.01,0.0,0.0,0.9,0.46,0.0,0.0,0.0,1.05,0.0,0.85,0.0,0.25,1
F8BtVioDCn0,1.8,1.05,0.18,0.0,1.51,0.07,0.0,1.32,2.82,1.2,0.0,0.0,1.0,0.16,2.9,0.0,2.57,0
F9z7b9ei2Lg,0.99,0.0,0.575,0.59,0.655,1.045,0.545,0.6599999999999999,0.645,0.46,0.51,0.095,0.0,0.375,0.495,0.605,0.27,1
FAHL0cT3GjQ,0.045,0.0,0.03,0.0,0.965,0.695,1.05,0.985,0.91,1.035,0.2,0.0,0.865,0.0,0.98,0.715,0.02,0
FBWBu3LOz4k,0.0,0.0,0.0,0.0,1.45,2.35,0.02,2.6,2.62,0.02,0.01,0.0,0.44,0.0,2.38,0.89,0.0,0
FCoXHJNIUgs,1.94,0.37,0.67,2.05,1.61,2.43,0.0,1.35,1.41,1.38,1.86,1.17,1.74,0.71,0.0,0.0,0.07,1
FEIgBk9fJCM,0.94,0.7,0.0,2.57,0.28,0.0,1.32,0.0,0.0,0.0,3.22,2.5,0.0,1.24,0.0,0.0,0.0,1
FG2VZEE1E0Y,0.7925,0.1775,0.2925,0.4075,0.1275,0.605,0.28,0.5599999999999999,0.1425,0.8925000000000001,0.4875,0.215,0.0775,0.0,0.075,0.605,0.125,1
FHWph0x6D2o,0.892,0.164,0.51,0.974,0.666,0.618,0.1139999999999999,0.992,1.108,0.344,0.4479999999999999,0.0,0.0,0.004,0.984,0.494,0.3099999999999999,1
FIRyxLCCAyY,0.87,0.95,1.535,1.76,1.39,1.525,0.765,2.355,1.18,0.725,0.65,0.29,0.215,0.0,2.655,1.3,0.045,0
FKH-4n-D9jc,0.59,0.0633333333333333,0.3666666666666667,0.8733333333333334,0.3833333333333333,1.5666666666666669,0.5,0.4266666666666667,0.6900000000000001,0.2133333333333333,0.0966666666666666,0.4599999999999999,0.3233333333333333,0.1899999999999999,0.9566666666666668,0.68,0.28,1
FKeHVxJdXVg,0.0,1.0,0.0,2.92,0.0,0.0,0.59,0.0,0.0,0.83,0.06,0.0,0.0,0.0,1.24,1.07,0.0,2
FLsTtX7FMJA,0.0,0.45,0.0,1.07,1.0466666666666666,0.8933333333333334,0.0566666666666666,0.0,1.0133333333333334,0.89,1.72,0.4266666666666667,0.8933333333333334,0.3,0.17,0.0,0.1766666666666666,1
FO4wZcWiU_U,0.48,0.425,0.0,2.28,1.5,1.4500000000000002,0.0,1.94,2.255,1.39,0.0,0.0,0.0,0.275,1.785,0.47,0.0,0
FO6mvnRPbZk,0.2866666666666667,0.0,0.0,0.0,0.3866666666666666,1.02,0.6466666666666666,0.36,0.5166666666666666,0.0666666666666666,0.1666666666666666,0.7933333333333333,1.24,0.2233333333333333,0.4433333333333333,0.2233333333333333,0.1133333333333333,1
FOKY8uJWV0k,0.095,0.0,0.24,0.41,0.975,0.44,0.38,0.175,1.12,1.285,0.325,0.03,1.61,0.0,0.12,0.07,0.0,1
FQXl6SFVZs8,0.8400000000000001,0.015,0.385,0.61,2.02,3.655,1.27,1.62,1.705,0.565,1.26,0.0,0.3,0.0,2.3,0.0,0.3,0
FUMnwUjs0BI,2.96,0.0,0.0,0.48,0.0,0.0,0.0,0.4,0.0,1.83,0.78,1.59,1.29,0.0,0.0,1.05,0.0,1
FUNVx1HqOKY,0.98,0.6533333333333333,0.51,0.92,1.0266666666666666,0.9433333333333334,0.47,1.9866666666666664,0.8466666666666667,0.5066666666666667,1.61,0.24,0.1833333333333333,0.1999999999999999,1.68,1.13,0.4666666666666666,1
FUa0_ozJK-A,0.6900000000000001,0.5066666666666667,0.0,1.856666666666667,0.1533333333333333,0.4666666666666666,0.01,0.5166666666666667,0.4533333333333333,0.3233333333333333,0.0566666666666666,0.0,0.1866666666666666,0.0,0.79,0.5033333333333333,0.0,1
FVsmr-tGyUg,2.32,1.51,0.22,0.86,2.76,1.99,0.0,1.89,3.06,0.93,0.0,0.0,0.61,0.0,3.61,1.03,0.0,0
FXnVfuiMQjg,1.3625,0.1225,0.7000000000000001,0.8291666666666666,0.4766666666666666,0.4275,0.1825,0.5983333333333333,0.815,1.1616666666666668,0.3899999999999999,0.3216666666666666,0.3916666666666666,0.1966666666666666,0.5875,0.465,0.1966666666666666,1
F_Qdk9bD-a4,1.145,0.995,0.575,0.465,0.475,1.31,0.66,0.51,0.13,0.925,0.06,0.165,0.855,0.11,1.335,0.695,0.085,1
FddaSoPes6Y,1.68,0.3399999999999999,2.1,0.03,0.31,0.0,0.44,1.195,0.8400000000000001,1.355,0.255,1.005,0.0,0.3,0.0,0.0,0.165,1
FgHt-nEd_e0,0.8300000000000001,0.83,0.0,0.0,1.49,0.355,0.0,1.24,2.68,1.655,0.0,0.3349999999999999,0.63,0.0,0.76,0.51,1.33,0
Fi8gTif6kpE,0.0233333333333333,0.0,0.01,0.77,1.0833333333333333,0.6466666666666666,0.4266666666666667,0.9533333333333336,0.7966666666666665,0.48,0.1833333333333333,0.0,0.0,0.0,0.79,0.0,0.1933333333333333,1
FkBRtBZhNyc,0.4033333333333333,0.0,0.0999999999999999,0.7366666666666667,2.783333333333333,2.77,1.0033333333333332,2.556666666666666,2.526666666666667,1.8133333333333332,0.1766666666666666,0.0433333333333333,0.4433333333333333,0.0866666666666666,1.3133333333333332,0.2733333333333333,0.4233333333333333,0
Fl-SivJGwiU,0.825,0.0,0.0,0.795,0.78,1.49,0.375,0.8899999999999999,1.11,1.7,0.0,0.855,0.0,0.935,0.755,0.0,0.0,1
FlEz4gs_LUA,1.4549999999999998,0.61,1.315,0.0,0.0,0.0,0.07,0.0,0.035,0.72,0.65,0.825,1.035,0.305,0.24,1.04,0.135,1
FlrYASSTeqc,0.83,1.3,0.0,0.89,0.27,0.16,0.02,0.77,0.0,1.45,0.04,0.0,0.88,0.0,3.01,1.97,0.0,2
FmdpQzURvDQ,0.0,0.065,0.335,0.015,1.305,0.855,0.355,0.34,1.705,1.515,0.095,0.015,0.915,0.265,1.045,0.09,0.0,0
Foa5W5bVUEQ,0.4566666666666667,0.0433333333333333,0.0,0.0566666666666666,2.216666666666667,1.7000000000000002,0.4766666666666666,1.3866666666666667,2.18,1.3833333333333335,0.2433333333333333,0.0,0.0,0.02,1.84,0.0633333333333333,0.0833333333333333,0
Fpv06UACKNE,0.565,0.0,1.505,0.0,1.58,0.0,0.53,1.14,1.71,1.06,0.065,0.0,0.42,0.0,2.03,0.0,0.1,0
FqxdJ7XPB7U,2.37,0.29,1.33,0.14,1.82,1.45,0.53,1.99,1.34,0.33,0.0,0.0,0.0,0.0,2.29,1.13,0.0,0
Fr9KGPq93Fw,0.07,0.0,0.0,0.0,0.17,0.0,0.99,0.0,1.46,0.64,0.0,0.64,0.91,0.0,0.08,0.0,0.0,1
FsFKueX-BL0,1.08,0.588,0.6639999999999999,0.03,0.774,0.8719999999999999,0.318,1.864,1.208,1.34,0.288,0.236,0.5279999999999999,0.0,0.6199999999999999,0.65,0.392,0
FsrMdi3MHsI,0.3716666666666666,0.1933333333333333,0.605,0.81,0.0733333333333333,0.4216666666666667,0.1033333333333333,0.3783333333333333,0.4833333333333333,0.3633333333333333,0.44,0.665,0.4783333333333333,0.25,0.3966666666666666,0.0166666666666666,0.17,1
Fvs5JlRVEGE,1.393333333333333,0.2933333333333333,0.7266666666666667,1.13,0.3533333333333333,0.6733333333333333,0.0733333333333333,0.6633333333333333,0.3933333333333333,0.0666666666666666,0.8033333333333333,0.5266666666666667,0.44,0.0566666666666666,0.13,0.4633333333333333,0.0,1
FwtwO6lf2aA,0.24,0.39,0.0,0.0,2.03,2.04,0.27,2.28,2.78,0.54,0.0,0.0,0.0,0.0,2.99,0.71,0.52,0
G--ZscjJsG8,0.6625,0.165,0.2275,1.105,0.0375,0.67,0.0125,0.0,0.26,0.0,0.2175,0.065,0.32,0.0425,0.565,0.655,0.12,1
G8-Jhb9UhWw,0.37,0.1823076923076923,0.1507692307692307,0.2346153846153846,0.9069230769230768,0.5438461538461538,0.6561538461538462,1.2376923076923076,1.1592307692307693,1.073846153846154,0.2353846153846154,0.1630769230769231,0.3907692307692307,0.16,0.6038461538461538,0.2569230769230769,0.0884615384615384,1
G8gvUb0arjw,1.8,2.29,0.0,3.96,0.0,0.0,0.0,1.07,0.33,0.0,0.0,0.58,0.68,0.46,0.0,1.01,0.0,2
G9wo06s2yec,0.6733333333333333,1.1,0.0,0.9533333333333336,0.5633333333333334,1.15,0.4666666666666666,0.4633333333333334,0.8066666666666666,0.4666666666666666,0.1366666666666666,0.0633333333333333,0.8566666666666668,0.1433333333333333,1.5566666666666666,1.5,0.0,1
GA0gK6rmqFQ,1.51,0.15,0.435,0.25,1.45,0.645,0.0,1.185,1.695,1.4500000000000002,0.335,0.06,0.85,0.705,2.3,2.475,0.6,0
GCrIWEB4bcc,1.535,0.385,1.275,2.02,0.26,0.885,0.28,0.5650000000000001,0.385,0.375,0.53,0.275,0.0,0.035,1.865,1.91,0.29,2
GDdvwefLXWY,3.47,5.0,0.0,3.46,1.49,0.25,0.0,2.05,2.28,0.0,1.21,1.8,0.47,0.0,0.96,1.15,0.0,2
GH4gd0X9K_E,0.8300000000000001,0.172,0.016,0.532,0.1359999999999999,0.532,0.346,0.522,0.242,0.97,0.1139999999999999,0.046,0.892,0.112,0.482,0.396,0.016,1
GHOWbGqY2r4,2.45,3.41,0.0,0.01,0.91,1.48,0.0,0.17,2.38,1.3,0.0,0.0,0.0,0.0,3.9,3.01,0.64,2
GIkKsDuI1_8,0.205,0.595,0.0,1.645,0.0,0.31,0.0,0.0,0.105,0.345,0.1149999999999999,0.0,0.0,0.3,0.71,0.0,0.065,1
GJNDPuy7ER8,0.0,0.0,0.0,0.91,0.0,0.0,0.0,1.07,0.0,0.17,0.44,0.0,0.0,0.0,0.0,0.99,0.0,1
GLmdX92Z-GE,2.03,0.63,0.0,0.28,1.07,0.11,0.09,1.23,0.36,0.41,1.05,0.88,2.43,0.0,0.09,0.0,0.0,1
GNlbItng_RE,0.0,0.0,0.0,0.0,1.75,3.49,0.08,2.59,2.58,0.55,0.0,0.0,0.0,0.0,3.96,1.76,0.0,0
GWPh58nY6gY,0.94,0.435,0.58,1.32,1.07,0.865,0.0,1.445,1.7,1.085,0.225,0.0,0.49,0.315,1.24,1.015,0.0,0
GYEAvNO1afo,0.4266666666666667,0.0,0.2266666666666666,0.2666666666666666,0.9633333333333334,1.57,1.2699999999999998,0.6733333333333333,0.65,0.8533333333333334,0.7233333333333333,0.87,0.7166666666666667,0.1033333333333333,1.153333333333333,0.7033333333333333,0.2633333333333333,1
GZT76v0h46A,2.04,2.13,0.33,1.83,0.52,0.81,2.19,2.2,0.36,0.42,1.19,1.75,0.0,0.1,0.52,0.0,0.0,2
G_4kOyEUek8,0.0,0.62,0.0,1.64,0.06,0.95,1.07,0.0,0.0,0.24,0.0,0.14,0.0,0.0,0.36,1.2,0.0,1
G_WEK9DAR9I,0.0,0.0,1.66,0.0,2.26,2.94,1.3,2.53,1.4,1.39,0.18,1.77,0.1,0.87,1.09,1.04,0.0,0
GbSSf9Xa1LY,1.035,0.0,0.355,0.335,1.165,0.245,0.0,1.345,1.7049999999999998,0.97,0.54,1.21,0.265,0.175,1.135,0.54,0.0,1
GjVBD9OYzOo,0.455,0.35,0.27,0.1875,2.015,1.16,0.34,1.8475,2.8875,2.02,0.0,0.175,0.0075,0.2825,2.2475,0.3875,0.045,0
Gl2RpA1xS6M,1.63,0.14,0.18,0.0,2.5,2.92,1.35,1.57,1.85,1.49,0.0,0.0,0.76,0.0,2.45,1.19,0.0,0
GqyT13H6sws,0.29,0.06,0.1679999999999999,0.404,0.8640000000000001,0.962,0.178,0.588,1.032,0.8560000000000001,0.502,0.052,0.386,0.09,0.842,0.252,0.308,1
Grr_LaehRrk,1.49,1.7049999999999998,0.0,2.83,0.99,0.4649999999999999,0.02,1.81,1.505,1.605,0.31,0.015,0.085,0.0,2.87,1.675,0.025,2
Gt1c-o8FTRQ,0.78,0.4,1.39,1.35,0.3,1.72,0.43,0.0,0.0,0.0,1.08,0.65,0.89,0.02,0.23,0.86,0.0,1
GtBth3A_C9A,0.0,0.0,0.0,0.24,0.035,1.23,0.0,0.0,1.11,1.13,0.515,0.0,0.655,0.0,0.755,0.96,0.16,1
Gv4rx62PbGA,0.275,0.11,0.0,0.2225,0.5575000000000001,0.0,0.1025,0.36,1.1575,0.5,0.2274999999999999,0.0,0.065,0.0,1.515,0.3374999999999999,0.7949999999999999,1
Gy-8lssJcYU,3.02,2.36,0.0,3.16,0.0,0.0,0.0,1.37,0.63,0.46,0.0,0.24,0.0,0.0,0.2,0.0,0.0,2
H-xGGNYjv4U,0.235,0.0,1.28,0.0,1.37,1.715,0.8599999999999999,2.16,0.655,0.52,1.715,1.33,0.605,1.09,0.91,0.265,0.25,1
H4tGheX1GWE,0.93,0.0,0.0,1.71,0.625,0.0,1.045,1.265,0.0,0.135,0.55,0.97,0.365,0.385,0.0,0.0,0.0,1
H8FCZSOqzds,0.985,0.915,1.51,0.2,0.425,2.06,0.965,0.34,0.035,0.63,0.465,0.865,0.75,0.035,0.41,0.44,0.18,1
H8qLpIt_Bqs,0.95,0.89,0.345,0.88,0.925,0.56,0.115,1.21,0.88,0.385,0.55,0.89,0.44,0.395,0.475,0.985,0.0,1
H8yvD6Rgz44,1.125,0.1,0.99,0.52,0.055,0.345,0.005,0.03,0.0,0.0,0.29,0.32,0.0,0.0,0.025,0.84,0.0,1
H9DCKJwUnWA,0.68,1.21,0.0,0.21,0.0,0.24,0.0,0.48,0.41,0.0,0.0,0.0,0.0,0.0,1.19,0.45,0.0,1
H9V51GUVLOA,1.035,1.275,0.075,0.53,0.005,0.5,0.0,0.51,0.31,0.85,0.515,0.355,0.105,0.025,0.18,0.8400000000000001,0.4599999999999999,1
H9yhYBQYqh8,0.8666666666666667,0.5299999999999999,0.3733333333333333,1.3066666666666666,0.0633333333333333,0.2833333333333333,0.5633333333333334,0.7066666666666667,0.4033333333333333,0.0,0.5933333333333333,1.596666666666667,0.35,0.0,0.1133333333333333,0.1566666666666666,0.18,1
HBqFfthfJCU,2.31,2.35,0.0,0.99,0.49,1.08,0.0,1.47,1.93,0.84,0.15,0.0,0.0,0.0,2.46,1.53,0.0,2
HByXqP7uy00,0.0,0.0,2.42,0.54,0.98,0.0,1.66,0.0,0.56,0.42,2.81,1.67,4.31,0.0,1.63,0.0,0.0,1
HDTNDL_X1b0,0.64,0.014,0.8560000000000001,0.644,0.2699999999999999,0.5730000000000001,0.538,0.55,0.356,0.432,0.4669999999999999,0.31,0.38,0.119,0.589,0.116,0.4589999999999999,1
HDb52NrpSyE,1.4725,0.515,0.5275,1.1275,0.145,0.54,0.135,0.0,0.4024999999999999,0.23,0.925,0.405,0.5425,0.1675,0.435,1.2125,0.1575,1
HHOAg9XyA70,0.47,0.2266666666666666,0.1133333333333333,0.7933333333333333,0.6766666666666666,0.6933333333333334,0.0,1.1166666666666665,1.08,0.6966666666666667,0.0366666666666666,0.0,0.5666666666666667,0.0,1.1333333333333333,0.3366666666666666,0.0,1
HKAqIj-Z9ts,0.8,0.95,0.0,2.37,0.0,0.0,0.0,0.0,0.83,0.82,0.0,0.58,0.0,0.0,2.29,1.29,0.0,2
HL1UJYugSA8,0.53,0.0,0.88,0.8,1.96,1.79,0.0,1.26,2.08,0.71,0.0,0.0,0.07,0.0,2.46,1.74,0.03,0
HLcnwnJMgd8,0.2955555555555555,0.1011111111111111,0.1855555555555555,0.2322222222222222,0.6383333333333333,0.9233333333333332,0.1894444444444444,0.7355555555555555,1.2505555555555556,0.9449999999999998,0.0677777777777777,0.19,0.2027777777777777,0.2472222222222222,1.0588888888888888,0.4333333333333333,0.1949999999999999,1
HMmOsV85AHI,0.5725,0.965,0.48,0.9075,0.5575,0.2375,0.185,0.6525,1.2625,1.0825,0.0875,0.0,0.1325,0.0,1.4325,0.545,0.085,1
HOCAYxtfSks,0.33375,0.2875,0.1225,0.155,0.57125,0.765,0.175,0.6825,1.16375,0.6825,0.0275,0.16375,0.045,0.28125,1.045,0.0849999999999999,0.025,1
HOk3y5y__TQ,0.68,0.0,0.0,1.52,0.0,0.06,0.08,0.47,0.0,0.0,0.72,0.0,0.0,0.0,0.86,2.09,0.0,1
HP3QdU8mdjQ,1.64,0.15,0.0,0.0,0.0,0.14,0.0,0.0,0.0,0.03,0.14,1.37,0.23,0.0,0.0,0.55,0.0,1
HPaoUUrF9ac,1.0425,0.4974999999999999,0.4175,0.355,0.2799999999999999,0.4275,0.0925,0.8075,0.225,0.0,1.2325,0.815,1.2875,0.22,0.2774999999999999,0.4125,0.0,1
HSmjMK4Eisc,0.7133333333333333,0.1399999999999999,0.34,0.64,0.48,0.54,0.0,0.3433333333333333,0.0,0.0033333333333333,2.04,0.7000000000000001,0.1433333333333333,0.0,0.8066666666666666,0.8866666666666667,0.3366666666666666,1
HSrvch0vdyo,1.42,0.43,0.44,0.7150000000000001,1.5399999999999998,3.145,0.245,0.775,1.26,0.0,0.485,1.56,0.03,0.61,0.99,0.9,0.0,1
HUaC1mVw7oA,1.53,0.065,0.64,0.06,0.925,0.0,0.0,1.085,2.185,0.71,0.0,0.0,0.365,0.0,1.825,0.81,0.595,0
HUk622Y1qX8,0.258,0.0,0.514,0.612,0.79,1.174,0.1599999999999999,0.6639999999999999,0.882,0.984,0.188,0.1699999999999999,0.664,0.432,0.72,0.442,0.04,1
HVruVUdSbUc,1.355,1.72,0.0,3.875,0.55,0.395,0.0,0.78,1.86,0.965,0.0,0.0,0.035,0.3,2.05,0.905,0.0,2
HWDjWJ5rptg,1.205,0.0,1.845,1.365,0.81,0.47,0.835,0.73,0.36,0.0,0.13,0.015,0.825,0.0,1.555,0.0,0.0,1
HYwBHEIfj_U,0.03,0.05,0.255,0.8,1.365,2.225,0.895,1.205,0.905,0.72,0.205,0.135,1.46,0.08,1.75,0.365,0.0,0
H_w4DjRC5N8,0.5428571428571429,0.1785714285714285,0.6799999999999999,0.7485714285714286,0.0828571428571428,0.6799999999999999,0.3242857142857143,0.2985714285714285,0.2128571428571428,0.21,1.17,0.6471428571428571,0.0871428571428571,0.2714285714285714,0.0857142857142857,0.8542857142857143,0.1028571428571428,1
Hb6ZBFuM3fU,1.346666666666667,0.1866666666666666,1.14,0.0666666666666666,0.94,1.53,0.2233333333333333,1.4533333333333331,0.8366666666666668,0.68,0.32,0.2833333333333333,0.2299999999999999,0.0999999999999999,0.0766666666666666,0.0,0.1133333333333333,1
HbJirZgxrSY,0.76,0.82,0.0,3.25,0.0,0.0,0.0,0.0,0.0,0.0,0.52,2.15,0.0,0.0,0.0,0.0,0.0,2
HcRh8IrwbCA,1.05,0.0,0.91,0.0,1.86,2.49,1.3,2.31,1.6,0.74,0.0,0.0,0.0,0.0,2.5,0.24,0.0,0
Hdwd_-K413I,1.2933333333333332,1.99,0.12,2.603333333333333,0.36,0.0666666666666666,0.0,0.4566666666666667,0.32,0.45,0.2333333333333333,0.8733333333333334,0.6633333333333333,0.2199999999999999,1.6966666666666663,0.86,0.3266666666666666,2
HfJjo_Y9miA,1.02,0.0,0.0,0.91,0.0,0.0,0.0,0.82,0.57,0.0,0.12,0.0,0.12,0.0,1.19,0.05,0.41,1
HgdweO7nt3c,0.85,0.47,0.0,0.1366666666666666,1.356666666666667,1.86,0.3566666666666667,1.3633333333333333,1.5233333333333334,0.8833333333333333,0.0533333333333333,0.0,0.2633333333333333,0.0,1.4466666666666663,0.06,0.3266666666666666,0
HgfUAVbjo80,1.8,1.07,0.0,0.11,1.5,0.7,0.0,1.885,2.905,1.1,0.04,0.0,0.52,0.0,2.555,0.37,0.415,0
HhJ-j_Y2-fo,0.44,0.77,0.0,1.28,0.45,0.26,0.0,0.02,0.92,1.13,0.0,0.0,0.0,0.0,0.33,0.0,0.0,1
HhzVar8JGss,0.36,0.245,1.195,0.3199999999999999,0.87,0.99,0.135,0.7050000000000001,1.09,0.925,0.0,0.285,0.0,0.15,0.065,0.0,0.35,1
HjElH_pDbU8,1.06,0.0,0.0,3.8,1.4,3.08,0.4,0.91,0.2,0.47,0.7,0.0,2.34,0.29,1.54,0.0,0.0,1
HkRKi7_Iywc,1.94,0.355,1.83,0.6699999999999999,0.27,0.48,0.0,0.0,0.0,0.0,2.915,0.545,1.865,0.475,1.895,3.535,0.28,1
HoPSiXZpoF4,1.0116666666666667,0.71,0.3566666666666666,0.6883333333333335,0.6066666666666666,1.1733333333333331,0.2666666666666666,0.6416666666666667,0.89,0.4033333333333333,0.045,0.205,0.145,0.0,1.6416666666666668,0.9533333333333333,0.105,1
HpUD_FjHI8I,0.0,0.0,0.0,0.14,0.0,0.0,0.53,0.16,1.08,0.98,0.13,0.0,0.87,0.0,0.0,0.0,0.0,1
HshFxjKWDNI,2.14,0.08,0.66,1.59,1.63,1.89,0.0,1.42,1.47,1.37,1.98,0.9,1.72,0.57,0.0,0.0,0.13,1
HuwWfuiI30I,0.325,0.0,0.0,0.51,0.13,0.03,0.27,0.2875,0.0,0.5025000000000001,1.2375,0.26,1.0275,0.055,0.33,0.195,0.2625,1
I-vJ_fSA9Wg,0.03,0.0,1.73,0.03,0.87,0.75,1.29,2.49,1.31,0.0,1.3,0.68,0.0,0.0,0.88,1.11,0.0,1
I-z3hDWHZoU,0.295,0.0,0.695,0.26,3.74,2.395,0.945,2.575,3.325,1.935,0.0,0.0,0.96,0.655,3.715,1.215,0.07,0
I10c2BUazL4,1.345,0.0,1.58,1.01,0.1,0.675,0.485,1.04,0.0,0.755,1.4249999999999998,0.0,0.0,0.0,0.565,2.06,0.745,1
I3V15kgcgNM,0.7028571428571428,0.3199999999999999,0.5857142857142856,1.247142857142857,0.1042857142857142,0.1857142857142857,0.2485714285714285,0.1042857142857142,0.2185714285714285,0.4828571428571428,0.2514285714285714,0.0271428571428571,0.1814285714285714,0.0728571428571428,0.7671428571428571,0.7942857142857144,0.3757142857142857,1
I3jdiRTbiRI,0.2028571428571428,0.0457142857142857,0.8200000000000001,0.1957142857142857,0.79,0.15,0.0999999999999999,1.115714285714286,0.7242857142857143,0.8314285714285715,0.12,0.5371428571428571,0.42,0.1342857142857142,0.3328571428571428,0.0185714285714285,0.1628571428571428,1
I5SKFXqR9r8,0.19,0.0,1.08,0.0,2.56,2.36,2.49,2.02,2.25,2.04,0.23,0.0,0.15,0.0,3.44,1.65,0.0,0
I6Fi22hxITM,0.8,0.36,1.015,0.595,0.2175,1.165,0.2775,0.13,0.4975,0.2375,0.045,0.0,0.22,0.235,0.185,0.3125,0.195,1
I6qSF2tKdkI,1.55,2.13,0.0,1.0,0.0,0.0,0.0,0.19,0.0,0.0,0.0,0.05,0.0,0.0,1.22,0.68,0.0,2
I71Fpu_mmcg,0.57,0.0,0.74,0.0,1.94,2.6,0.09,2.01,1.34,0.0,0.0,0.0,0.0,0.0,1.36,0.0,0.27,0
I8McPt1ux9U,0.18,0.0,0.0,1.965,0.0,0.0,1.905,0.0,0.67,0.395,2.24,1.125,0.075,0.47,0.41,0.0,0.0,1
I8McPt1ux9U(1),0.18,0.0,0.0,1.965,0.0,0.0,1.905,0.0,0.67,0.395,2.24,1.125,0.075,0.47,0.41,0.0,0.0,1
I8q2eutBoXk,0.372,0.0209999999999999,0.386,0.4519999999999999,0.563,0.5269999999999999,0.248,0.7889999999999999,0.8150000000000001,0.7529999999999999,0.3299999999999999,0.296,0.6599999999999999,0.175,0.6399999999999999,0.408,0.633,1
IC2IoO8PHEw,1.34,0.87,0.51,1.3,1.025,1.605,0.0,1.37,1.86,0.9,0.0,0.0,1.295,0.48,1.89,1.5950000000000002,1.205,0
IIxlljazVf8,0.4366666666666667,0.0,1.18,0.1366666666666667,0.1633333333333333,0.37,0.1433333333333333,1.65,0.6633333333333333,0.4133333333333333,0.2166666666666666,0.0,0.2766666666666666,0.0,1.1266666666666667,0.3366666666666666,0.5266666666666667,1
IMM_kPrs1KY,0.63,0.0,0.72,0.15,0.54,0.88,1.245,0.715,0.0,0.51,1.02,0.59,0.755,0.06,0.235,0.535,0.0,1
IN2S_grP2ZE,0.174,0.13,0.0,0.306,1.068,0.4600000000000001,0.396,1.074,1.732,0.918,0.158,0.098,0.246,0.16,1.248,0.384,0.0,0
INYxG2V6mvc,0.3733333333333333,0.0,0.5933333333333334,1.1833333333333331,0.62,0.6866666666666666,0.0,0.9066666666666666,1.08,1.3466666666666665,0.3366666666666666,0.0,0.0,0.0266666666666666,1.45,1.6033333333333335,0.0,1
ISmQJQJxxPs,0.898,0.55,0.062,0.912,0.076,0.206,0.204,0.534,0.302,0.58,0.748,0.126,0.036,0.352,0.186,0.1,0.2299999999999999,1
IT9r-ovHmDM,0.56,0.025,0.145,0.42,0.6,1.225,0.4599999999999999,0.85,0.57,0.0,0.635,0.08,0.08,0.0,1.11,0.055,0.505,1
IVHzY-UlG9s,0.8049999999999999,0.645,0.0,0.705,0.3,0.19,0.0,0.7,0.305,0.315,0.0,0.0,0.0,0.01,0.395,0.475,0.0,1
IXoVDl1oTs8,1.3275,1.165,0.0,2.5275,0.0,0.05,0.0275,0.2025,0.0,0.415,0.275,0.0325,0.0625,0.135,0.42,0.3125,0.075,2
IZA1t7vmai4,0.78,0.4825,0.815,1.34,0.995,0.9025,0.3974999999999999,0.975,0.9325,1.3375,0.16,0.1525,0.1575,0.29,1.405,0.5375000000000001,0.2725,1
IaEj2mNTg3o,0.32,0.055,0.0,0.7075,0.19,0.2575,0.0,0.16,0.5225,0.265,0.295,0.0,0.29,0.035,0.6625,0.035,0.1275,1
IaOE08wtI2o,0.4479999999999999,0.202,0.266,0.3359999999999999,0.762,1.666,0.472,0.6300000000000001,1.028,0.614,0.308,0.048,0.6439999999999999,0.09,0.7899999999999999,1.106,0.324,1
Ib2Y0kt_6Ok,1.02,0.0,0.0,0.0,0.0,0.0,0.0,0.11,0.52,1.09,1.83,1.53,0.0,0.0,0.0,0.0,0.0,1
IdUZHc7nqnE,0.0,0.0,0.0,0.0,1.34,2.55,0.0,2.74,2.7,0.11,0.0,0.0,0.51,0.0,2.39,1.08,0.0,0
Idmu78v5TeE,1.0466666666666666,0.1,1.5599999999999998,0.81,0.3333333333333333,0.7433333333333333,0.0933333333333333,0.5966666666666667,0.1833333333333333,0.1866666666666666,0.7799999999999999,1.5466666666666669,1.17,0.0,0.5566666666666668,2.4933333333333336,0.2266666666666666,1
Ih2toFSTLVU,1.0633333333333332,0.81,1.2066666666666668,2.21,0.0,0.0,0.1133333333333333,0.0,0.1833333333333333,0.1466666666666666,0.5133333333333333,0.1233333333333333,0.1833333333333333,0.0,0.0933333333333333,0.6866666666666666,0.2666666666666666,1
IhQx_G2Dv6E,0.28,0.015,0.125,0.345,2.165,1.35,0.17,1.15,2.335,1.27,0.0,0.0,0.27,0.05,1.375,0.215,0.02,0
IiCfEzRvUIQ,0.4599999999999999,0.0,0.69,0.0,1.2,1.745,0.575,0.845,1.1800000000000002,1.03,0.265,0.275,0.765,0.305,0.48,0.415,0.305,0
Ij7d7wZ5qqc,0.81,0.0,0.0,2.54,0.0,0.0,0.0,0.0,0.0,0.0,0.33,0.15,0.17,0.0,1.545,1.06,0.0,1
IkSQHSccOrw,0.64,0.105,1.5,0.495,0.62,1.585,0.77,0.66,0.375,0.61,0.455,0.86,0.93,0.305,0.085,0.53,0.07,1
IkeDmcu8-2o,0.495,0.0,0.025,0.205,2.17,1.89,0.8799999999999999,2.5700000000000003,2.56,0.75,0.0,0.34,0.445,0.0,2.39,0.42,0.0,0
Ikm4UITCSKA,1.61,0.32,0.48,1.23,2.11,0.77,0.0,2.2,2.87,1.57,0.05,0.0,0.0,0.0,2.9,0.0,0.0,0
IkusGn6DhGo,0.8899999999999999,0.17,0.025,0.305,0.415,1.79,0.0,0.37,0.965,1.41,0.265,0.415,0.0,0.175,0.635,1.095,0.365,1
IlQCHjxHUkU,1.59,0.19,0.42,0.45,0.515,1.995,0.0,0.365,0.6950000000000001,0.0,1.6549999999999998,0.68,0.12,0.0,0.0,0.0,0.0,1
ImeZpAX1RIA,0.0,0.0,0.0,2.48,0.0,0.0,0.31,0.57,0.0,0.0,0.0,0.0,1.48,0.0,2.32,1.48,0.0,1
InHXOZbufdw,1.69,0.0,0.0,0.26,1.37,0.0,0.0,0.9,1.63,3.06,0.28,0.0,0.76,1.0,0.54,0.56,0.0,0
InP5_mgUUfE,0.045,0.0,0.13,0.49,0.5425,1.5025,0.87,1.1675,0.4675,0.4325,0.2475,0.2925,0.245,0.2575,0.29,0.5449999999999999,0.0,1
IoFKtGYM6I0,1.2,0.28,0.35,1.03,0.83,0.0,0.0,1.19,1.34,1.12,0.93,0.14,0.0,0.0,0.79,0.0,0.09,1
IouFUBMbSXY,1.41,1.21,0.0,0.3,0.85,0.9,0.75,1.43,2.33,1.65,0.0,0.0,0.0,1.33,0.14,0.0,0.14,0
IqA_Ae_fso0,0.736,0.3359999999999999,0.014,0.992,0.37,0.346,0.0,0.482,0.462,0.75,0.6,0.124,0.6940000000000001,0.1699999999999999,0.724,0.522,0.076,1
IsVlRj4visc,2.16,0.36,0.64,1.46,1.12,3.08,0.0,0.61,0.89,0.0,1.23,0.16,0.35,0.0,0.0,0.0,0.0,1
IsgC81D2O8w,1.08,0.3133333333333333,0.0,0.31,2.1333333333333333,1.7533333333333332,0.99,1.02,1.28,0.6699999999999999,0.2433333333333333,0.6466666666666666,0.1466666666666666,0.61,1.3533333333333335,1.07,0.04,0
IuOpZs9lo6I,1.29,1.1375,0.2375,1.945,0.4675,0.6900000000000001,0.12,0.3175,0.4525,0.0,0.3125,0.2274999999999999,0.3675,0.0275,1.225,0.62,0.0,2
IuRDt2Wvo5o,0.83,0.0,1.685,0.935,0.49,1.525,0.59,1.105,0.06,0.0,0.665,0.17,0.0,0.375,0.7,0.25,0.0,1
Ivn4-GzrETM,0.5,0.675,0.685,1.055,3.49,3.045,0.94,2.445,2.81,0.935,0.235,0.53,0.0,0.395,2.83,0.72,0.33,0
IxD2NbXzgpQ,0.295,0.495,0.39,0.375,0.895,0.74,0.22,1.18,1.405,1.62,0.28,0.075,0.38,0.06,1.815,0.8500000000000001,0.035,0
IxGdNHDMFPI,1.25,0.0,1.27,1.17,0.21,1.92,0.42,1.9,0.31,0.0,0.0,1.37,0.48,0.9,0.0,0.0,0.0,1
IyxERiRuRBw,0.3533333333333333,0.0,0.0,1.1333333333333335,1.1966666666666663,0.6633333333333333,0.0133333333333333,0.9166666666666666,1.606666666666667,0.4166666666666667,0.0666666666666666,0.0,0.2533333333333333,0.0,1.5266666666666666,0.0566666666666666,0.2166666666666666,0
IzAW6O5YWBU,1.055,0.76,0.5750000000000001,0.55,0.8150000000000001,0.0,0.0,0.655,1.195,1.125,0.385,1.22,1.1,0.42,0.98,0.7050000000000001,0.145,1
J-E4D9E4xsI,0.2833333333333333,0.03,0.8066666666666666,0.3533333333333333,0.4266666666666667,0.2466666666666666,0.4066666666666667,0.7466666666666667,0.4066666666666667,0.6966666666666667,0.0,0.4666666666666666,0.3866666666666666,0.5433333333333333,0.4666666666666666,0.0,0.2299999999999999,1
J3mX_a2tmMc,2.29,1.475,0.595,1.32,0.65,0.8150000000000001,0.25,2.035,1.5699999999999998,1.27,0.195,0.105,0.28,0.0,1.36,0.45,0.395,2
J4H-0ue4gXk,0.07,0.0,1.95,0.0,0.0,0.12,0.22,0.47,0.53,0.76,0.18,1.03,1.34,0.36,0.0,0.0,0.91,1
J4dz7tiXNEc,0.42,0.28,0.0,0.27,0.78,0.375,0.415,0.69,1.205,1.93,0.0,0.0,0.445,0.0,0.93,0.0,0.91,0
J5LWi9sqvQk,0.76,0.0,0.0,0.33,2.26,2.19,0.11,2.68,3.09,0.0,0.0,0.0,1.05,0.0,2.81,0.0,0.0,0
J7IGbrXZEZI,0.04,0.02,1.64,0.09,2.51,2.9,1.65,1.91,2.9,1.47,0.0,0.2,0.0,0.0,1.04,0.0,0.79,0
J9gH_ZLFHyU,1.4249999999999998,1.03,0.13,0.99,0.0,0.04,0.0,0.295,0.04,0.0,0.755,0.0,0.32,0.035,0.455,0.655,0.21,1
JBMQsxcS0Xk,0.925,0.425,0.34,0.085,0.59,0.16,0.39,0.96,1.065,0.385,0.095,0.0,0.0,0.0,0.92,0.0,0.075,1
JDUVOzWAWWs,1.36,1.135,0.415,0.0,0.77,0.8999999999999999,0.22,0.35,0.62,0.405,0.715,1.46,1.025,0.44,0.22,0.0,1.135,1
JDkoMGF8aEY,1.062,1.028,0.0,1.614,0.8140000000000001,0.658,0.106,0.742,0.792,0.496,0.5820000000000001,0.8219999999999998,0.552,0.2239999999999999,0.902,0.404,0.4439999999999999,1
JEZPL3YERBY,1.3666666666666665,1.1266666666666667,0.7233333333333333,1.59,0.4866666666666666,0.7633333333333333,0.2966666666666667,0.77,0.2666666666666666,0.0,0.8633333333333333,0.34,0.3666666666666667,0.0,1.0333333333333332,0.6233333333333334,0.1366666666666666,2
JFzRQ3TqhPs,0.28,0.0,0.0,0.98,0.24,0.78,0.03,0.0,0.0,0.0,0.26,0.0,0.0,0.0,1.35,0.0,0.0,1
JJcY3gQsBu4,0.16,0.0,0.0,0.335,1.85,1.2,0.595,2.25,2.38,0.425,0.05,0.135,0.055,0.12,1.315,0.045,0.49,0
JM14c0yL29I,0.89,0.2383333333333333,0.5383333333333333,0.4599999999999999,0.1816666666666666,0.8266666666666667,0.0883333333333333,1.4466666666666663,0.8550000000000001,0.3166666666666666,0.175,0.1333333333333333,0.3816666666666666,0.0,1.0733333333333333,0.2316666666666667,0.065,1
JNUQ72ZHlZs,1.4400000000000002,0.5333333333333333,0.7433333333333333,0.56,0.2233333333333333,0.28,0.5166666666666667,0.4333333333333333,0.3233333333333333,0.5533333333333333,0.42,0.1666666666666666,0.3433333333333333,0.0,0.1999999999999999,1.3866666666666667,0.3733333333333333,1
JP12qxJQKDk,0.3828571428571429,0.2042857142857142,0.0457142857142857,0.9428571428571428,0.1771428571428571,0.1971428571428571,0.2985714285714285,0.6471428571428571,0.2714285714285714,0.5557142857142857,0.1257142857142857,0.0914285714285714,0.04,0.0,0.3214285714285714,0.2514285714285714,0.0071428571428571,1
JQ-eZkZC5nA,1.47,0.73,0.0,1.82,0.0,0.0,0.0,1.13,0.21,0.98,0.32,0.0,0.0,0.19,0.71,0.0,0.0,2
JQpjfWV_p6E,0.73,0.33,0.495,0.52,1.43,1.7049999999999998,0.67,1.605,0.815,0.27,0.895,0.895,0.0,0.09,0.27,1.35,0.72,1
JR0jhnzM5VU,1.43,0.772,0.446,1.848,0.55,1.142,0.434,0.8140000000000001,0.704,0.2679999999999999,1.0719999999999998,0.634,0.29,1.48,0.118,0.298,0.086,1
JRzVGCUDuC0,0.72,0.695,0.23,0.0,2.345,2.185,0.74,1.61,2.145,0.92,0.025,0.065,0.385,0.06,3.815,0.11,1.125,0
JT5AVuqTeaE,1.92,0.44,0.0,1.2,0.0,0.0,0.5,0.0,0.36,0.0,0.0,0.0,0.0,0.0,0.0,0.0,0.0,1
JVIVZgJ5aec,1.6566666666666665,1.6333333333333335,0.0,1.7466666666666668,0.2733333333333333,0.1833333333333333,0.0,0.96,0.7499999999999999,1.0133333333333334,0.3933333333333333,0.4766666666666667,0.1933333333333333,0.0466666666666666,0.43,0.3233333333333333,0.08,2
JXxBmfyw6Xc,3.69,1.48,0.0,0.0,1.13,0.19,0.0,2.39,2.33,1.74,0.0,0.0,0.72,0.0,1.3,0.52,0.95,0
JZIEfgYvQio,1.01,0.76,0.0,0.01,1.37,0.0,0.0,1.57,3.52,1.52,0.0,0.0,0.46,0.0,1.74,0.45,1.9,0
JZnvP1MWBlk,0.83,1.49,0.0,0.96,0.0,0.0,0.0,0.0,0.0,0.0,0.0,0.12,0.0,0.41,0.0,0.6,0.0,1
J_BQmskzXDk,1.95,2.8000000000000003,0.0,3.023333333333333,0.2666666666666666,0.0,0.0,0.15,1.1966666666666663,0.1466666666666666,0.1666666666666666,0.09,0.0,0.1999999999999999,1.2,0.69,0.01,2
Ja2nNDd9fjg,0.7125,0.0,0.345,0.4875,0.0799999999999999,0.1175,0.075,0.6475,0.25,0.6025,1.4225,0.0,0.4625,0.79,0.79,0.0,0.145,1
Jc2hb8-rcrY,1.41,0.0,0.19,0.59,2.2,2.13,0.0,1.39,2.55,0.76,0.02,0.0,0.0,0.0,2.19,0.14,0.0,0
JeiuMNOJ1EA,0.7,0.0,0.68,0.0,2.47,0.78,0.01,2.4,1.95,1.03,0.0,0.0,0.0,0.65,2.05,0.01,0.0,0
Jf2tNIE-IHE,0.5633333333333334,0.2266666666666666,0.0,0.8633333333333333,0.4266666666666667,0.2766666666666666,0.0999999999999999,0.8099999999999999,1.4800000000000002,0.8266666666666667,0.35,0.0266666666666666,0.5833333333333334,0.0,1.086666666666667,0.0433333333333333,0.1466666666666666,1
JlrWlTMAqr0,0.98,0.05,0.69,0.74,0.62,0.985,0.36,1.195,1.2999999999999998,0.555,1.13,0.0,0.0,0.0,0.705,0.135,0.0,1
JpOnvii2_1s,1.5200000000000002,0.8766666666666666,0.75,1.6466666666666665,0.0,0.26,0.0,0.3666666666666667,0.21,0.2666666666666666,0.0,0.0,0.3466666666666667,0.1066666666666666,0.3033333333333333,0.37,0.15,1
Jppwo7-7hLs,0.65,0.0,1.41,2.42,0.0,1.3,1.11,1.07,0.0,0.0,0.07,0.0,0.0,0.0,3.81,1.23,0.0,1
JsbGDdik8ao,0.81,0.0,0.39,0.3825,0.2724999999999999,1.1425,0.2875,0.595,0.0775,0.3625,0.615,0.0325,0.7575000000000001,0.0,0.4275,0.3625,0.3075,1
Jsm7oZ-8lVk,1.06,0.035,0.64,1.775,1.42,1.15,0.245,1.815,1.8,0.74,0.065,0.72,0.06,0.065,1.465,0.0,0.31,0
Jsz4MSGM-08,0.495,0.0,0.14,0.355,1.2000000000000002,1.91,0.1699999999999999,1.57,2.005,1.035,0.0,0.0,0.0,0.0,1.005,0.0,0.0,0
Jw72XdBwhjQ,0.55,0.23,1.5,0.0,3.12,3.28,0.29,2.58,3.56,0.71,0.0,0.0,0.0,0.0,2.16,1.22,1.39,0
JwIeegXNZ9c,0.2766666666666666,0.0,0.1683333333333333,0.7266666666666667,0.9416666666666664,0.6483333333333333,0.3816666666666666,0.6749999999999999,0.9083333333333332,0.7433333333333333,0.2749999999999999,0.13,0.9966666666666668,0.0583333333333333,0.6416666666666667,0.3116666666666667,0.0733333333333333,1
JyespbKFTZE,0.74,0.41,0.07,2.87,0.0,0.0,0.8,0.18,0.0,0.0,0.0,0.0,0.15,0.0,2.63,1.16,0.0,2
JyuDpnjCK_U,0.88,0.0,1.13,0.525,0.015,1.02,1.33,1.5,0.0,0.47,1.325,1.215,0.11,0.3399999999999999,0.0,1.26,0.645,1
K-W7_RY8d4M,0.9633333333333334,0.25,0.1399999999999999,0.15,0.0,0.1833333333333333,0.0266666666666666,0.1166666666666666,0.45,0.2633333333333333,0.4266666666666667,0.0,0.8833333333333333,0.1566666666666666,0.4466666666666666,0.21,0.5066666666666667,1
K-mSi0GNWN8,0.53,0.0,0.795,1.675,0.905,0.835,1.13,0.7350000000000001,0.485,2.065,0.215,0.685,0.43,0.33,0.86,0.795,0.38,1
K-o1LlCF-Hc,0.44,0.0,0.415,0.0,0.6499999999999999,1.24,0.715,1.4,0.0,1.14,0.965,0.0,0.415,0.215,0.92,0.805,0.405,1
K-rtaegZYkE,0.38,0.03,1.0333333333333334,1.5599999999999998,0.4666666666666666,0.2533333333333333,0.2299999999999999,0.8033333333333333,0.8333333333333334,1.336666666666667,0.0,0.0,0.0999999999999999,0.0,1.2766666666666666,0.41,0.49,1
K05mhgf0Lj4,0.41,0.0,2.94,0.6,0.0,1.93,0.75,1.32,0.0,0.96,2.2,0.47,4.06,0.0,1.46,3.14,0.27,1
K0FmdB8uGKA,2.01,1.67,0.0,2.95,0.0,0.0,0.0,2.17,1.19,0.28,0.48,0.0,0.56,0.0,0.85,0.6,0.85,2
K20VZzncHgY,0.67,0.1225,0.1425,0.4575,0.77,0.3125,1.8775,0.2375,0.045,0.495,1.6925,0.91,0.7949999999999999,1.5575,0.1425,1.3225,0.3075,1
K4BnzGb1FGQ,0.6766666666666666,0.01,0.56,0.0066666666666666,1.6133333333333333,2.54,0.2766666666666666,1.22,1.6033333333333335,0.73,0.5466666666666666,0.0,0.1966666666666666,0.0,1.6233333333333333,0.1966666666666666,0.4666666666666666,0
K6dZW1V3-FU,1.4,0.02,0.59,0.81,1.66,1.53,0.0,1.25,1.15,0.64,0.73,0.0,1.18,0.0,0.0,0.0,0.0,1
K9_kfYsDQgw,0.0,0.0,0.185,0.855,1.065,2.33,0.095,1.295,1.4,0.0,0.71,0.11,0.77,0.0,1.065,0.0,0.225,0
K9h7xBf9uzA,1.45,0.55,1.255,0.05,0.94,0.235,0.79,1.555,1.525,0.665,0.06,0.0,0.385,0.0,1.0,0.0,0.0,0
KAWBqgvlhfo,0.14,0.0,0.0,0.0,0.6,0.0,0.0,1.58,1.18,1.15,0.0,0.0,0.0,0.0,0.0,0.2,0.0,1
KAXmWs4Hlis,0.75,0.0,0.6900000000000001,0.0,1.51,2.285,1.265,1.415,0.87,1.005,0.315,1.19,0.645,0.0,0.475,0.26,0.18,0
KBckeRChNT4,1.0066666666666666,0.015,0.1083333333333333,0.93,0.7433333333333333,0.3216666666666666,0.855,0.58,0.8783333333333333,0.85,1.445,0.8733333333333334,0.2483333333333333,0.4516666666666666,0.9,0.8783333333333334,0.3516666666666666,1
KG2lonDcGCU,0.1899999999999999,0.12,0.0,0.1166666666666666,0.6366666666666666,0.58,0.1666666666666666,0.5066666666666667,1.3766666666666667,1.2133333333333332,0.29,0.0,0.7933333333333333,0.0,0.4933333333333333,0.1966666666666666,0.0999999999999999,1
KG5Ov18N26U,0.0,0.0,0.0,0.0,1.51,1.61,1.11,0.56,1.82,0.0,0.45,0.0,0.43,0.0,2.77,1.08,0.0,0
KIXccECYjyU,1.835,2.015,0.0,2.27,0.495,0.075,0.0,1.2999999999999998,1.57,0.02,0.1,0.815,0.0,0.035,1.285,0.51,0.0,2
KNXOzx6mkUE,0.755,0.405,0.6875,1.3875,0.01,0.2175,0.25,0.6975,0.325,0.74,0.2525,0.0,0.0925,0.0,1.8375,1.3275,0.3675,1
KOlzFdl35e4,0.1633333333333333,0.0,0.0366666666666666,0.0,0.7033333333333333,0.0,0.6366666666666667,0.68,0.3966666666666666,1.3299999999999998,0.5499999999999999,1.2233333333333334,0.48,0.4533333333333333,0.21,1.14,0.1399999999999999,1
KPbgE2STJiE,0.2483333333333333,0.335,0.6816666666666666,1.5766666666666669,0.3383333333333334,0.7133333333333334,0.0249999999999999,0.5883333333333334,0.5816666666666667,0.7733333333333333,0.4783333333333333,0.2133333333333333,0.4016666666666666,0.0316666666666666,0.9166666666666666,0.7783333333333333,0.2333333333333333,1
KSrS_KmFcmM,0.6799999999999999,0.62,0.0,0.6725,1.11,0.775,0.2075,1.0074999999999998,1.7675,0.855,0.225,0.5325,0.6074999999999999,0.0075,1.8575,0.7475,0.5125,0
KTBkJEkTicw,0.7566666666666667,0.0,0.6433333333333334,0.5333333333333333,1.6466666666666665,1.4366666666666668,0.3999999999999999,1.0466666666666666,1.6733333333333331,0.3899999999999999,0.1433333333333333,0.0,0.7200000000000001,0.38,0.3066666666666666,0.0,0.22,0
KUWHXdT39Rg,1.15,1.14,0.0,3.68,0.0,0.0,0.0,0.0,0.0,0.0,1.97,0.43,2.05,0.0,2.15,0.92,0.0,2
KWEY2yJfy_E,0.722,0.13,0.296,0.282,1.52,2.178,0.242,1.132,1.476,0.756,0.476,0.19,0.776,0.0,1.566,0.258,0.45,0
KdAgjXVe2K4,0.6566666666666667,0.08,0.0,0.5033333333333333,1.5466666666666669,1.15,0.5633333333333334,1.1933333333333334,1.5699999999999996,1.6333333333333335,0.0,0.4966666666666666,0.3366666666666666,0.3766666666666666,1.623333333333333,0.6766666666666667,0.0,0
KelcDGzQRKg,0.0,0.0,0.77,0.0,3.42,3.48,1.41,3.1,1.57,0.02,0.0,1.89,0.0,1.61,0.52,0.0,0.86,0
KewTOAuam4s,1.2266666666666666,0.58,0.7833333333333333,0.3066666666666667,0.21,1.0033333333333332,0.25,0.6166666666666667,0.62,0.2166666666666666,0.0533333333333333,0.16,0.51,0.0499999999999999,1.0766666666666669,0.5533333333333333,0.3833333333333333,1
Kgr7qGU_sJw,0.025,0.0,0.0,0.375,0.7949999999999999,1.225,0.0,1.65,1.84,1.655,0.29,0.0,0.845,0.385,0.935,0.145,0.0,0
Kk4YL2CZGPI,0.085,0.0,0.505,0.0,1.765,1.255,1.17,1.61,1.37,1.66,0.5,0.24,0.015,0.0,1.6849999999999998,0.645,0.0,0
KlL-XtnS_ps,0.43,0.1,0.1718181818181818,1.0872727272727272,1.0118181818181815,1.2563636363636363,0.2709090909090909,0.9418181818181818,0.8636363636363636,0.4572727272727273,0.7863636363636364,0.6363636363636364,0.8027272727272727,0.69,0.7736363636363636,0.6590909090909091,0.0381818181818181,1
KmWoT5FmtTk,0.0,0.0,0.47,0.0,2.13,2.93,0.78,1.77,2.69,0.92,0.0,0.0,0.93,0.53,2.16,0.0,0.0,0
KmaO8Z99BJU,0.23,0.605,0.41,0.215,2.385,3.11,0.96,1.54,1.515,0.72,0.54,0.055,1.4249999999999998,0.0,2.095,0.755,0.305,0
KqItPSo7R58,1.88,0.495,0.9875,0.695,0.3125,1.4025,0.0,0.0675,0.4125,0.6675,0.235,0.475,0.9375,0.06,0.635,0.1075,0.355,1
KrbZE3SL1vU,0.0,0.0,0.78,0.55,2.61,1.89,0.0,1.69,3.0,2.02,0.0,0.0,0.07,0.3,1.7,0.0,0.0,0
KuSZGmAz7zc,0.6718181818181819,0.1045454545454545,0.4309090909090909,0.2054545454545454,0.7536363636363638,0.6954545454545454,0.4836363636363636,1.2554545454545456,0.8181818181818182,0.879090909090909,0.5363636363636364,0.0645454545454545,0.6036363636363636,0.4718181818181817,0.6136363636363636,0.3081818181818181,0.1572727272727272,1
KwD4e3ziCb4,0.75,1.355,0.0,0.92,0.76,0.615,0.0,1.15,1.44,1.07,0.135,0.0,0.0,0.13,2.135,0.955,0.035,2
KwTtV2ZJZ7U,1.424,0.632,0.632,1.372,0.066,0.324,0.0819999999999999,0.72,0.426,0.004,0.448,0.3299999999999999,0.316,0.018,0.558,0.286,0.2259999999999999,1
KxqcT1LUJhQ,0.156,0.134,0.586,1.238,0.166,0.382,0.196,0.286,0.3419999999999999,0.16,0.5519999999999999,0.454,0.2259999999999999,0.1659999999999999,0.4679999999999999,0.372,0.388,1
KxyoiLVn_YU,0.5,0.0,0.4133333333333333,0.8066666666666666,1.43,0.8366666666666668,0.2366666666666666,1.28,0.94,0.2533333333333333,0.9466666666666668,0.1566666666666666,0.0,0.02,0.6233333333333334,0.3,0.0333333333333333,1
Kys4CbieqpU,1.09,0.0,0.0,0.445,0.54,0.72,0.6000000000000001,1.145,1.205,2.505,0.4599999999999999,0.38,0.87,0.0,0.4,0.11,0.0,0
KzG17U1mbMc,0.855,0.15,0.0,0.105,0.965,0.885,0.0,1.41,1.455,1.405,0.215,0.4599999999999999,0.495,0.0,0.655,0.04,0.0,0
L-OWMMdBkHk,2.185,0.76,0.545,2.51,0.355,0.0,0.0,1.255,1.735,1.585,0.0,0.765,1.335,0.655,1.16,0.93,0.155,2
L9tIAMCe2dc,1.125,0.28,0.235,0.0,1.365,0.975,1.5299999999999998,1.47,1.315,2.365,0.4399999999999999,0.15,0.825,0.0,1.64,0.16,0.475,0
LAfchScmbVY,2.803333333333333,1.81,0.0,0.9833333333333332,0.3,0.24,0.0,0.0,0.2333333333333333,0.0,1.55,0.8533333333333334,1.106666666666667,0.1133333333333333,0.3766666666666666,0.4433333333333333,0.2466666666666666,2
LCPdReRvd00,0.2259999999999999,0.0,0.1,0.584,0.6020000000000001,0.732,0.192,1.066,0.658,0.6439999999999999,0.582,0.124,0.782,0.132,0.714,0.724,0.136,1
LCpmr8NTkzQ,0.0,0.0,0.0,0.89,1.96,2.9,0.0,1.35,2.9,0.89,0.0,0.0,0.44,0.0,2.37,0.0,0.0,0
LFkSktRSJpM,0.17,0.0,0.4,0.0,1.045,0.88,0.0,1.6700000000000002,2.175,0.95,0.0,0.0,0.0,0.035,1.86,0.955,0.37,0
LLWlON3rO84,1.163333333333333,0.6466666666666666,0.0,0.2966666666666667,1.6466666666666665,1.2300000000000002,0.31,1.61,2.066666666666667,0.67,0.89,0.0,0.0,0.0,2.3433333333333333,0.0,0.0,0
LNin1zdtACc,0.31,0.0,0.0,0.0,1.62,3.25,0.08,2.26,2.6,0.57,0.0,0.0,0.15,0.0,3.98,1.57,0.0,0
LNtFTq32huA,0.445,0.1266666666666666,0.7633333333333333,0.4683333333333333,0.0983333333333333,0.1283333333333333,0.1083333333333333,0.5366666666666666,0.2283333333333333,0.8016666666666666,0.1666666666666666,0.64,0.3433333333333333,0.0866666666666666,0.485,1.0816666666666668,0.445,1
LQRA4LI1dpw,1.415,0.825,0.315,1.385,1.2,0.74,0.0,0.42,2.055,0.925,0.415,0.0,0.0,0.62,0.875,0.415,0.235,1
LTonXvxR7wg,0.0,0.0,0.0,0.0,1.99,2.4,0.43,1.9,1.64,0.3,0.16,0.23,0.0,0.29,2.65,2.39,0.46,0
LU3dP_VdymQ,0.05,0.0,0.23,0.0,1.01,1.69,0.44,0.0,0.0,0.0,2.56,0.0,0.0,0.76,1.21,2.18,0.25,1
LV2RZPV3aR8,1.2,0.195,0.625,0.055,0.25,0.44,0.505,0.245,0.39,0.35,0.715,1.265,1.23,0.195,0.0,0.065,0.12,1
LVVI4KvH_Gw,0.31,0.0,0.27,0.01,1.98,0.0,0.36,1.59,2.08,2.57,0.0,0.54,0.0,0.22,0.79,0.0,0.0,0
LVaz4TG41r8,0.2666666666666666,0.4566666666666667,0.5599999999999999,0.7133333333333334,0.0033333333333333,0.1766666666666666,0.0,0.5266666666666667,0.2033333333333333,0.83,0.3166666666666667,0.5066666666666667,0.2166666666666666,0.0266666666666666,0.8300000000000001,0.8000000000000002,0.5066666666666667,1
LVxfqOe3MFE,0.0,0.0,2.25,0.0,1.55,3.27,0.75,0.32,1.64,0.67,0.0,0.0,0.44,0.2,1.59,0.05,0.0,0
L_h9HRJ79-E,0.41,0.75,1.14,0.84,1.79,3.41,0.9,0.0,1.67,0.0,1.91,0.0,0.0,1.82,2.02,3.04,0.76,0
LcsTba_KQXM,0.755,0.005,0.535,1.26,0.96,0.765,0.025,1.355,1.235,0.645,0.08,1.045,0.585,0.265,0.09,0.56,0.025,1
LczC9rkrNkM,0.5075000000000001,0.07,0.0,0.17,1.62,2.04,0.5325,1.2475,1.7,1.0,0.2325,0.4275,0.3125,0.115,0.7925,0.3275,0.01,0
LfPx5Ygzr9A,1.17,0.03,0.045,0.965,1.805,3.245,0.855,1.755,1.5550000000000002,1.46,0.6900000000000001,0.0,0.175,0.125,1.895,0.545,0.095,0
LmBtqFkvIn0,0.0,0.96,0.0,0.5,0.0,1.89,1.21,0.55,0.0,0.0,1.1,0.88,0.0,0.48,0.68,1.03,0.25,1
LoDHH_O0fDg,0.785,0.09,1.46,1.42,1.055,0.0,0.675,0.94,1.28,0.835,0.365,0.865,0.0,0.0,1.04,0.06,0.375,1
Lot6VTTgzGw,1.7200000000000002,0.325,0.38,0.525,0.385,1.86,0.0,0.25,0.62,0.0,1.475,0.66,0.0,0.0,0.0,0.0,0.0,1
Lqznip8oO9M,0.76,0.835,0.0,1.235,0.52,0.93,0.25,1.465,0.6,1.745,0.64,0.0,0.145,0.0,1.62,2.055,0.0,1
LsCHNOZ3htY,0.98,0.0,0.36,0.435,1.415,1.835,0.4,0.74,0.965,0.96,0.81,0.53,2.16,0.33,0.7050000000000001,2.295,0.0,1
LsFTrq6vAus,0.455,0.23,0.0,0.36,1.565,0.0,0.0,2.045,2.43,2.425,0.215,0.11,0.0,0.115,1.44,0.015,0.0,0
LtXiRN0P2VY,0.25,0.0,0.0,0.32,1.26,2.96,0.27,1.78,2.06,0.29,0.46,0.0,0.0,0.06,1.52,0.0,0.0,0
LtrL-cCzoNo,0.87,0.64,0.2766666666666666,0.1366666666666666,0.62,0.0,0.0533333333333333,0.64,1.26,0.97,0.48,0.3866666666666666,0.0,0.0666666666666666,0.63,0.0,0.2566666666666666,1
LvtB_HOBtXU,0.6828571428571427,0.1457142857142857,0.2257142857142857,0.6728571428571428,0.1885714285714285,0.0,0.0128571428571428,0.3314285714285714,0.1885714285714285,0.2385714285714285,1.1457142857142857,0.3285714285714285,0.5,0.2057142857142857,0.4114285714285714,0.0314285714285714,0.0028571428571428,1
LyiAFZFC0NI,0.73,0.0,0.0,1.77,0.0,2.57,0.34,0.43,0.0,0.0,0.5,0.0,1.25,0.0,0.0,0.0,0.0,1
M0lKXfyJh-I,0.0,0.285,0.945,1.085,1.48,1.7200000000000002,1.025,0.405,1.17,0.995,0.91,0.48,0.0,0.0,0.83,0.68,0.03,1
M6PeY_lZJk0,1.07,0.43,0.0,0.58,0.6,0.35,0.0,0.87,0.99,0.65,0.0,0.33,0.0,0.31,0.0,0.0,0.0,1
M7clFz4fyeg,1.44,1.18,0.75,1.775,1.55,1.83,0.46,1.4,1.665,0.705,0.0,0.0,0.0,0.095,1.52,0.43,0.425,0
M7nAZgyp9I0,0.11,0.0,0.0,0.16,0.0,1.45,0.0,0.0,0.4,0.0,0.0,0.0,0.0,0.0,0.0,0.04,0.0,1
M8MG_3YB3b8,0.1,0.0571428571428571,0.4185714285714285,0.4371428571428571,0.2728571428571428,0.74,0.0814285714285714,0.2942857142857143,0.3528571428571428,0.4557142857142857,0.0814285714285714,0.0542857142857142,0.0971428571428571,0.0,0.3014285714285715,0.0514285714285714,0.3028571428571428,1
M9C3dF4FjpQ,0.0,0.0,0.67,0.0,2.09,2.36,0.69,1.96,2.38,1.48,0.0,0.0,0.0,0.45,1.75,0.0,0.0,0
M9tx5tggT-k,0.085,0.0,0.0,0.01,0.4049999999999999,1.155,0.635,0.99,0.105,0.075,0.04,1.05,0.0,0.325,0.0,0.2,0.0,1
MBtWxCM7NYg,1.51,0.07,0.7,0.0,1.32,1.53,0.83,0.35,1.77,1.28,0.23,0.0,0.57,0.0,3.84,1.17,0.0,0
ME0ICNval34,2.29,0.55,0.67,0.0,2.51,1.28,1.04,1.5,2.7,1.85,0.0,0.0,0.0,0.33,2.23,1.18,0.0,0
MEDamnVjgXI,0.0,0.0,0.99,1.01,1.37,0.11,0.97,0.92,1.59,0.46,0.0,0.0,0.65,0.15,1.78,0.0,0.33,0
MEh5Nuqwmok,0.368,0.02,0.616,0.15,1.076,1.436,0.3419999999999999,0.918,0.866,0.538,0.514,0.7220000000000001,0.482,0.218,1.12,0.206,0.224,1
MF3Xjml0UPI,0.4433333333333333,0.0,0.1066666666666666,0.68,1.2899999999999998,1.6766666666666663,1.07,0.8933333333333334,1.4166666666666667,0.6666666666666666,0.4333333333333333,0.0,0.0,0.35,1.143333333333333,0.1133333333333333,0.8366666666666666,0
MIiVqUYh_eo,0.7025,0.0308333333333333,0.8916666666666666,0.5675,0.3374999999999999,1.0858333333333334,0.3408333333333333,0.2541666666666666,0.3891666666666666,0.32,0.5841666666666666,0.4775,0.6241666666666666,0.1275,0.3808333333333333,0.0691666666666666,0.0383333333333333,1
MKBogPOM3Ao,1.215,0.78,0.325,0.4,1.36,1.415,0.205,1.65,2.415,0.845,0.0,0.0,0.28,0.0,2.665,0.86,0.0,0
MKgOWgUwTrU,0.0,0.0,0.0,0.0,1.26,2.7,0.04,2.75,2.59,0.17,0.0,0.0,0.34,0.0,2.36,0.64,0.0,0
MLQ2ZT_v7WI,0.48,0.0,0.3259999999999999,0.8459999999999999,0.486,0.758,0.548,0.8640000000000001,0.3419999999999999,0.654,0.393,0.355,0.238,0.093,0.27,0.31,0.191,1
MMOR5h6gS8s,0.7799999999999999,0.2266666666666666,0.4966666666666667,0.1033333333333333,0.9066666666666666,0.36,0.0,1.4766666666666666,1.72,1.0633333333333332,0.18,0.0,0.08,0.2766666666666666,2.2366666666666664,0.77,0.2933333333333333,0
MNtJxjc0Agc,1.03,0.0,1.45,1.53,0.06,0.25,0.28,1.77,0.25,0.0,0.18,0.32,2.49,0.0,0.41,0.18,0.0,1
MRQ7_4CsCBk,1.13,0.8866666666666667,0.4366666666666667,0.5766666666666667,0.5933333333333334,1.356666666666667,0.51,0.6966666666666667,0.5333333333333333,0.56,0.36,0.4533333333333333,0.5033333333333333,0.0533333333333333,0.6666666666666666,1.0533333333333337,0.3966666666666666,1
MT5RB0pm6Yo,0.565,0.0,0.38,0.32,0.9,2.105,0.33,0.0,0.625,0.515,0.2,0.105,2.245,0.45,0.245,1.02,0.0,1
MU061QXgKGk,0.0,0.0,2.56,0.18,1.56,0.0,1.5,1.52,0.52,0.88,0.1,0.0,0.62,0.0,0.21,0.18,0.0,1
MXK1zjOEAP8,0.855,0.395,0.47,1.345,0.715,1.24,0.33,0.695,0.755,0.0,0.145,0.0,0.47,0.0,1.155,1.22,0.0,1
MYOdeJM1KDs,0.09,0.0,0.7100000000000001,0.7949999999999999,1.02,0.205,0.07,0.79,0.91,1.845,0.295,0.105,1.24,0.255,0.34,0.15,0.0,1
MYYXYv1CeXc,0.225,0.0,0.15,0.8049999999999999,0.9325,0.915,0.9775,0.4425,0.3325,0.105,0.465,0.0625,0.3225,0.05,0.0,0.0,0.1225,1
MYiU3RxXWKE,1.5233333333333334,1.6766666666666663,0.4933333333333333,1.0933333333333335,0.0,0.1999999999999999,0.1433333333333333,0.33,0.09,0.0,0.5166666666666666,0.0,0.1166666666666666,0.0,0.0,0.0,1.2833333333333334,2
MYxDGf35jck,0.0,0.0,0.0,2.4,0.4,0.0,0.29,1.09,0.55,0.85,0.76,0.0,1.8,0.0,1.33,0.36,0.0,1
MZrAxGNnjSk,1.5699999999999998,2.995,0.0,2.77,0.085,0.415,0.0,0.425,0.345,0.495,0.105,0.0,0.175,0.6950000000000001,0.355,0.27,0.14,2
M_LqzLGt9h4,0.4428571428571429,0.0,0.4628571428571429,0.7928571428571428,0.1428571428571428,0.7057142857142857,0.45,0.6900000000000001,0.3471428571428571,0.3371428571428572,0.5871428571428571,0.3714285714285714,0.2685714285714285,0.1942857142857142,0.6071428571428571,0.3928571428571428,0.1157142857142857,1
M_VlwYFRQJk,0.5785714285714285,0.3728571428571428,0.5728571428571428,1.127142857142857,0.22,0.4585714285714286,0.2114285714285714,0.687142857142857,0.5671428571428572,0.4814285714285714,0.7242857142857143,0.1799999999999999,0.3571428571428571,0.37,0.5199999999999999,0.7657142857142858,0.1999999999999999,1
M_XUw3tno9U,0.5457142857142857,0.4171428571428571,0.3128571428571428,1.2614285714285711,0.1785714285714285,0.2357142857142857,0.29,0.4828571428571428,0.2785714285714286,0.4328571428571429,0.8428571428571427,0.7657142857142858,0.7628571428571428,0.0785714285714285,0.8242857142857144,1.304285714285714,0.0328571428571428,1
M_zxfX-BJK4,0.9466666666666668,0.3866666666666667,0.2733333333333333,1.22,0.9366666666666666,0.9333333333333332,0.9866666666666668,0.9333333333333332,0.5566666666666666,0.92,0.5333333333333333,0.2233333333333333,0.42,0.0233333333333333,1.2533333333333334,0.0,0.0166666666666666,1
MdRI-Yy1jkY,0.23,0.38,0.0,0.0,2.26,2.22,0.85,2.3,2.75,0.595,0.55,0.0,0.615,0.0,3.18,1.365,0.31,0
MfftS_h6sNQ,0.3219999999999999,0.0,0.256,0.11,1.06,1.398,0.118,0.3399999999999999,1.864,1.112,0.08,0.192,0.148,0.262,1.278,0.75,0.154,0
Mg58cqXP4q4,0.842,0.778,0.1399999999999999,1.94,0.378,1.224,0.518,0.6799999999999999,0.556,1.124,0.396,0.796,0.324,0.094,0.754,0.72,0.0,1
MhC8j6zwpLg,1.36,0.37,0.0,1.7400000000000002,0.705,1.32,0.585,1.185,0.97,0.63,0.77,0.535,0.91,0.0,1.08,0.32,0.14,1
MhX6041_O9Y,2.62,0.79,1.42,2.1,0.92,0.9,0.67,1.72,1.16,1.54,1.11,0.0,0.0,0.0,3.48,0.0,0.0,2
MitgWktj-BY,0.905,0.665,0.0,0.645,0.265,0.145,0.0,0.69,0.36,0.22,0.0,0.0,0.0,0.0,0.395,0.51,0.0,1
MjL05yopUzw,1.22,2.7,0.0,1.66,1.26,0.67,0.0,1.21,2.28,0.31,0.0,0.0,0.84,0.0,3.15,1.29,0.0,2
MlGE038jc4k,3.55,2.17,0.0,2.65,0.0,0.0,0.0,0.0,0.87,0.53,0.65,0.0,2.64,0.0,2.5,0.0,0.11,2
Mm2I5N5xfes,0.3,0.34,0.0,0.56,0.0,0.0,0.0,0.0,0.0,0.0,0.0,0.0,0.53,0.0,0.68,0.08,0.0,1
MoWue2YAvJE,1.6,2.14,0.11,0.0,0.73,1.19,1.45,1.74,0.94,0.73,1.38,1.65,0.73,0.14,0.69,2.32,1.04,2
Mqg3qC6Ly3k,1.075,0.655,0.6,0.76,0.155,0.455,0.065,0.56,1.01,0.35,1.895,0.735,0.0,0.155,0.985,0.0,1.3250000000000002,1
MrEgR1mpbLY,0.21,0.21,1.79,1.99,0.0,0.0,0.02,0.0,0.0,0.0,0.78,1.33,0.0,0.66,0.89,3.67,0.0,1
MraeBd8ft78,0.755,0.0,0.175,0.56,0.19,0.125,0.33,0.065,0.25,0.605,1.135,1.29,0.71,0.0,0.215,0.555,0.2,1
MttG7NB1ilk,1.025,0.405,0.75,0.36,0.44,1.14,0.035,1.05,0.975,0.43,0.025,0.75,0.0,0.0,0.715,1.32,0.335,1
Mvjmt7bfpjM,1.48,0.33,0.225,0.75,0.16,0.925,0.525,1.17,0.22,0.87,0.865,1.245,0.635,0.335,0.295,0.335,0.24,1
Mxw5bLTK5pk,1.585,1.625,0.005,2.045,0.0,0.55,0.17,0.08,0.0,0.975,0.415,1.085,0.8899999999999999,0.535,0.31,0.775,0.0,2
N-cRDwAUgFE,1.83,0.26,1.555,0.0,1.445,0.17,0.055,2.445,1.22,1.97,0.255,0.79,0.81,0.285,0.9,0.1,0.0,0
N0nI2EpovhQ,0.33,0.0,0.0,0.91,0.8,1.48,1.41,0.68,0.51,0.0,0.97,0.46,2.16,0.0,0.0,0.0,0.0,1
N30eSJCl5Cs,0.76,0.21,0.75,2.065,0.0,0.1,0.2,0.48,0.0,0.185,1.12,0.24,0.475,0.62,0.38,0.945,0.0,1
N3Cit-AE43o,0.0,0.0,0.0,0.0,0.66,1.42,0.07,1.41,0.33,0.33,0.58,0.91,0.03,0.0,0.43,0.89,0.0,1
N7Are3AU9oQ,0.955,0.0,0.0,0.0,1.2000000000000002,1.395,0.705,0.875,0.985,2.0700000000000003,0.8150000000000001,0.51,1.425,0.02,0.63,0.41,0.0,0
N7UQv3UImGA,2.01,1.0,0.0,0.32,1.68,1.5666666666666669,0.3933333333333333,1.586666666666667,1.7066666666666668,1.906666666666667,0.0,0.1766666666666666,0.66,0.16,1.8866666666666667,0.6233333333333333,1.22,0
N7ZUJU_8vU4,2.5,1.35,0.43,1.46,0.72,0.02,1.58,1.02,0.38,0.49,0.0,0.0,2.3,0.0,2.39,0.0,0.95,2
N7x3UtdMxE4,0.2633333333333333,0.1683333333333333,0.1183333333333333,0.51,0.03,0.5833333333333334,0.1266666666666666,0.4266666666666667,0.195,0.125,0.1766666666666666,0.2283333333333333,0.0,0.0,0.465,0.58,0.305,1
N9ZT_Ot_1ao,0.0,0.23,0.0,0.0,2.26,0.03,0.47,1.62,1.9,0.0,0.0,0.0,1.2,0.0,1.37,0.0,0.01,0
NBVO7zfPBgA,1.2,0.18,1.67,3.24,0.0,0.0,0.0,0.0,0.0,0.0,0.0,0.0,0.18,0.0,1.03,1.22,0.0,2
NBndpEzd9CI,0.33,0.0,0.04,0.44,1.72,1.91,0.16,1.78,1.88,1.23,0.0,0.23,0.71,0.0,2.64,1.42,1.1,0
NDW-jpl6MZM,0.8039999999999999,0.674,0.416,0.716,0.358,0.39,0.178,0.9280000000000002,0.654,0.4019999999999999,0.2719999999999999,0.0,0.428,0.012,0.936,0.772,0.162,1
NEDLWRSapp0,1.43,0.8925,0.65,1.97,0.4825,0.0,0.0375,0.7475,0.6275000000000001,0.5225,0.915,0.5,0.135,0.0825,0.63,0.5625,0.0375,2
NFgiuRVkg_o,0.9575,0.0175,0.495,1.06,0.86,0.2225,0.235,0.8350000000000001,1.01,1.0825,0.0,0.0,0.285,0.625,0.595,0.3974999999999999,0.38,1
NIS_Pckfru0,0.25,0.0,0.665,0.0,2.305,1.295,0.46,2.475,2.96,2.0700000000000003,0.0,0.0,0.0,0.0,3.315,0.345,1.5599999999999998,0
NJhJ_9bQZKE,0.43,0.5,0.485,0.865,0.315,0.705,0.0,1.19,0.76,0.24,0.0,0.0,0.095,0.0,1.915,1.98,0.77,1
NL-amMbK2xE,0.4399999999999999,0.5233333333333333,0.2533333333333333,0.63,0.3033333333333333,0.0,0.4333333333333333,0.4266666666666667,0.7933333333333333,0.7533333333333333,0.1633333333333333,0.0,0.0,0.0,1.0566666666666666,0.1866666666666666,0.0,1
NMqCIrGbmug,0.59,0.0,0.0,0.26,0.0,0.51,0.0,0.0,0.11,0.0,0.54,0.7,0.5,0.36,0.25,0.85,0.18,1
NMuU2Tv-Oi4,0.8999999999999999,0.945,0.125,2.28,1.09,0.4049999999999999,0.21,1.63,1.795,0.525,0.94,0.545,0.0,0.0,1.73,0.685,0.265,2
NNDYf-F_18U,0.46,0.23,1.275,0.46,1.485,1.15,1.485,1.06,0.61,0.49,0.3,0.3,0.395,0.47,0.49,1.945,0.0,1
NRVvumC3hY8,0.8966666666666668,0.6066666666666667,0.2299999999999999,0.9733333333333332,0.0,0.1999999999999999,0.2566666666666666,0.2433333333333333,0.1766666666666666,0.1466666666666666,0.8633333333333333,0.6966666666666667,0.27,0.1166666666666666,1.14,2.11,0.7133333333333334,1
NSzUsGDUYNc,0.855,0.49,1.02,0.025,0.7050000000000001,0.58,0.77,0.72,0.41,0.015,0.315,1.01,0.83,0.0,0.22,0.385,0.0,1
NTAnGrxuP0g,0.5566666666666668,0.1399999999999999,0.3033333333333333,0.7233333333333333,0.8833333333333333,0.5033333333333333,0.42,1.7699999999999998,1.1333333333333333,1.46,0.9766666666666668,0.6566666666666666,0.7400000000000001,0.0,1.2,0.0,0.0,1
NTFjW6PhAC4,0.2371428571428571,0.0,0.0,0.18,0.7857142857142857,0.8371428571428572,0.2385714285714285,1.5542857142857145,1.2914285714285714,0.3942857142857142,0.2342857142857142,0.0642857142857143,0.1971428571428571,0.0228571428571428,1.0542857142857145,0.1057142857142857,0.0871428571428571,1
NTh5laTZJu0,0.925,1.115,1.335,0.33,0.76,0.13,0.625,1.82,0.95,0.775,0.2,0.15,0.5,0.0,0.885,0.365,1.285,1
NVwZy5FssBY,1.015,0.285,0.0625,1.4225,0.2724999999999999,1.9225,0.2475,0.485,0.3225,0.0,0.7775000000000001,0.69,0.3925,0.025,0.3275,0.6575,0.0,1
NavnqPt9zHc,1.615,0.07,1.05,0.515,0.985,1.27,0.02,0.89,1.335,1.58,0.0,0.0,0.56,0.14,2.22,1.205,0.8400000000000001,0
NbND1Zfw6TY,1.53,0.18,0.0,1.8,0.46,0.07,0.0,1.64,1.19,1.4,0.29,0.3,0.0,0.26,0.08,2.78,0.0,2
Nd7SFkREd8k,2.26,2.92,0.0,2.32,0.91,0.0,0.0,0.0,2.4,1.56,0.0,0.6,0.79,0.57,0.14,0.0,0.43,2
NdLjKxqzDbA,1.15,2.09,0.0,2.06,0.0,0.0,0.0,0.0,0.0,0.0,0.23,0.0,0.0,0.0,0.33,1.15,0.0,2
NdPb1csdnuM,1.0,0.43,0.0,0.0,1.04,1.74,0.0,1.22,2.05,0.74,0.0,0.1,0.0,0.01,0.31,0.25,0.59,0
NdXV5fzQfB8,1.81,0.23,0.31,0.89,0.0,0.42,0.0,0.58,0.19,0.0,0.64,1.01,1.06,0.0,0.95,0.0,1.04,1
Ndo79ZpSvrM,0.375,0.0,0.0,0.945,1.01,0.125,0.0,1.0,1.7,0.36,0.0,0.0,1.0,0.355,0.8650000000000001,0.0,0.8150000000000001,1
NiKnEUWhdko,0.85,0.43,0.0,1.0,1.38,1.11,0.0,1.19,2.82,1.2,0.0,0.0,0.04,0.0,3.13,0.39,0.0,0
Nif8Lq8sRj0,0.365,0.0,0.29,0.3,0.595,0.915,1.075,0.135,0.015,0.455,0.695,0.74,1.085,0.055,0.195,0.59,0.2,1
NnaW8-F3VwM,0.0,0.19,0.97,2.46,0.08,0.39,0.48,0.8,0.0,0.0,0.0,0.0,0.89,0.0,4.25,2.94,0.0,1
No5ohGvALOs,0.84,0.0,0.38,0.41,0.27,1.33,0.69,0.66,0.0,0.35,0.62,0.0,0.61,0.0,0.79,0.9,0.0,1
NpVco5TTFKE,1.88,2.08,0.73,1.59,1.16,0.89,0.0,2.07,2.21,2.3,0.0,0.0,0.0,0.0,3.31,1.8,0.0,2
NqVSBi-UkY4,0.61,0.0,0.0,0.22,0.55,0.86,0.0,0.92,1.73,1.72,0.0,0.0,0.0,0.0,2.11,0.0,0.0,0
NqgrTt_pjyE,0.6233333333333334,0.1766666666666666,0.3116666666666667,0.8116666666666666,0.2966666666666667,0.6233333333333333,0.3166666666666666,0.8166666666666668,0.7316666666666668,0.24,0.3816666666666666,0.06,0.1516666666666666,0.0,0.515,0.66,0.0949999999999999,1
NszjlDWCpc0,0.0,0.0,2.16,0.25,0.45,0.68,0.0,0.66,0.06,0.0,2.15,0.96,0.7,0.0,1.4,0.0,0.0,1
O16JP0YRKv4,1.41,0.0,0.84,0.7,0.4,0.0,0.59,0.72,0.0,1.41,1.66,0.6,0.0,1.11,1.03,2.2,0.13,1
O2ply5FZOfE,0.74,0.7775,0.4425,2.05,0.4024999999999999,0.0975,0.0,0.6,0.8425,0.49,0.5475,0.07,0.095,0.115,1.0225,0.7725,0.0,1
O4W9GKQlX7c,0.4333333333333333,0.2616666666666666,0.6849999999999999,0.3116666666666667,0.5666666666666667,0.4966666666666666,0.3816666666666666,0.9816666666666668,0.7233333333333333,0.8166666666666668,0.535,0.58,0.6983333333333333,0.02,0.2966666666666667,0.665,0.0699999999999999,1
O51QHb7QnRc,0.53,0.285,1.105,0.73,0.705,0.385,0.49,1.33,1.63,0.89,0.465,0.26,0.41,0.035,0.405,0.74,0.0,1
O5HEPxzKCZI,0.4,0.0,0.022,0.15,1.246,1.97,0.8460000000000001,0.7779999999999999,1.02,0.248,0.386,0.008,0.486,0.146,0.922,0.1699999999999999,0.1,0
O5VbXW2YLIc,0.565,0.0,0.39,0.44,1.3199999999999998,1.06,0.36,0.56,1.265,0.585,0.0,0.105,0.235,0.1599999999999999,0.535,0.095,0.115,1
O6efGAJXasw,0.28,0.0,0.375,0.185,0.8400000000000001,0.85,1.31,1.01,0.92,1.475,0.7949999999999999,0.495,1.02,0.0,1.17,0.775,0.0,1
O6qgWxGfnfc,0.985,0.2149999999999999,0.8999999999999999,0.0675,0.2225,0.545,0.0725,0.5325,0.53,0.5,0.305,0.3125,0.08,0.0075,0.5625,0.2,0.49,1
O8MjgV7fPXY,0.7075,0.2175,0.3075,1.4475,0.26,1.055,0.78,0.0125,0.23,0.0,0.7224999999999999,0.7,0.0,0.16,0.0375,0.445,0.0,1
O9X91TACsyA,1.545,0.315,0.79,0.55,0.875,1.97,0.545,0.575,0.835,0.355,0.23,0.09,0.93,0.0,1.305,0.26,0.03,1
OA5QfHZOIMA,1.41,0.435,0.32,0.5900000000000001,0.0,0.0,0.485,0.33,0.0,0.0,0.4,0.22,1.885,0.0,0.395,0.285,0.945,1
ODpvcLgLj9k,0.765,0.0,1.15,0.34,0.285,0.27,0.04,0.17,0.57,1.28,0.0,0.875,0.505,0.185,0.0,0.0,0.0,1
OGdIZ6H3EZ0,0.54,0.6466666666666666,0.3899999999999999,1.1966666666666663,0.53,0.53,0.0,0.92,0.7466666666666667,0.36,0.0,0.0,0.0,0.0,1.2133333333333334,0.81,0.0066666666666666,1
OGsuQMEV5OY,0.9533333333333333,0.73,1.0033333333333334,0.75,0.2366666666666666,0.4766666666666666,0.0466666666666666,0.98,0.3933333333333333,0.2033333333333333,0.5299999999999999,0.1833333333333333,0.0,0.0,1.0733333333333333,1.5933333333333335,0.1133333333333333,1
OKejnARrorc,0.33875,0.08125,0.22125,1.0725,0.33125,0.50125,0.19375,0.55375,0.555,0.29875,0.37375,0.14125,0.355,0.1725,0.5700000000000001,0.4075,0.20625,1
OOne93VSuCA,1.71,1.6,0.0,2.64,0.94,0.0,0.35,2.69,1.73,1.05,0.46,0.0,1.13,0.0,0.06,0.49,0.0,2
OPhlVS1igFI,1.062,0.022,0.458,0.3399999999999999,0.424,1.0699999999999998,0.1659999999999999,0.898,0.602,0.8800000000000001,0.636,1.254,0.818,0.584,0.308,1.118,0.188,1
OQBIl8dDGs8,0.755,0.295,0.0,0.6799999999999999,0.6275,0.93,0.0,0.7025,0.7175,0.595,0.515,0.11,0.5025,0.0,0.21,0.2799999999999999,0.04,1
OSBd03yJyhQ,1.52,0.0,0.0,1.32,0.28,1.49,0.94,2.28,1.02,0.0,1.23,1.1,1.39,0.71,0.0,0.0,0.0,1
OSKMaEviHDY,0.185,0.0,0.36,0.015,0.42,0.22,0.63,0.16,0.0,0.76,0.86,1.57,1.165,0.175,0.29,1.515,0.12,1
OS_zteUZdwU,0.0,0.0,0.0,0.0,1.97,1.21,0.0,0.71,3.09,1.45,0.0,0.0,0.0,0.0,2.87,0.65,0.58,0
OSanouo7f7I,1.1475,0.1075,0.7424999999999999,1.215,0.6525,1.1124999999999998,1.08,1.0475,0.8474999999999999,0.8150000000000001,0.53,0.7625,0.1,0.0975,1.2325,0.26,0.0975,1
OUCbGaYIWfg,0.9266666666666666,0.2566666666666666,0.2866666666666667,0.2433333333333333,0.7866666666666666,1.93,0.52,1.0066666666666666,1.1166666666666665,0.49,0.2733333333333333,0.3233333333333333,0.3133333333333333,0.2299999999999999,1.12,0.5533333333333333,0.2833333333333332,1
OVISEDOiSmY,1.14,0.0,0.52,1.01,2.05,1.15,0.73,3.08,1.73,2.9,0.0,1.53,1.08,0.98,0.1,0.0,0.0,0
OWmdWZsi8Kc,1.346666666666667,0.3933333333333333,0.96,1.23,0.8866666666666667,0.3433333333333333,0.1233333333333333,1.3166666666666669,1.0466666666666666,1.04,0.0766666666666666,0.7133333333333334,0.0,0.0,0.2233333333333333,0.0066666666666666,0.0133333333333333,1
OZ7FYacpq7w,1.3133333333333332,0.18,0.35,0.4066666666666667,0.16,0.4433333333333333,0.2733333333333333,0.1899999999999999,0.3,1.1700000000000002,0.7399999999999999,0.0333333333333333,0.34,0.4866666666666666,0.4066666666666667,0.2733333333333333,0.3366666666666666,1
OZScLVaTZdQ,0.225,0.495,0.0,0.505,1.3250000000000002,1.545,0.37,1.6949999999999998,2.055,0.25,0.21,0.49,0.015,0.48,1.4,0.6,0.0,0
O_6cK6NVsqA,0.4375,0.0,0.06,0.6675,0.965,0.94,0.035,1.46,1.215,0.8225,0.17,0.495,0.0925,0.0,0.875,0.8700000000000001,0.17,1
OaFdmeDbB08,0.89,1.5,0.0,1.22,0.0,0.0,0.0,0.9,0.36,0.0,0.88,0.26,0.0,0.0,0.44,0.0,1.5,1
ObTenfSiLuE,0.845,0.4,0.545,0.11,0.88,0.875,0.3575,1.52,1.1225,1.585,0.185,0.0,0.4,0.0,2.05,0.43,0.43,0
OdtTaM1feHE,0.5449999999999999,0.22,0.03,0.61,1.235,0.665,0.665,0.65,1.75,1.24,0.305,0.4,0.0,0.105,1.42,0.825,0.055,0
OfuTFJuM-yY,1.0083333333333333,0.44,1.16,0.92,0.6250000000000001,0.6283333333333333,0.5916666666666667,0.3633333333333333,0.8266666666666667,0.8933333333333332,1.155,0.725,1.4333333333333331,0.2683333333333333,0.4016666666666666,1.1683333333333332,0.2666666666666666,1
OkES3VPT7So,2.115,0.655,1.545,0.98,1.35,1.69,0.71,0.7749999999999999,0.09,0.0,1.145,1.475,0.69,0.44,0.195,0.0,0.0,1
Omu6RFJ_7yE,1.14,0.33,0.85,0.26,1.25,0.0,0.46,1.94,2.3,0.0,0.0,0.0,1.05,0.0,4.92,2.68,0.51,0
Oo-BAkHGqx4,0.19,0.0,0.23,0.0,0.99,0.955,1.055,0.895,0.865,1.015,0.12,0.225,0.765,0.0,0.955,0.895,0.08,1
OoEmV3-yF0w,3.36,2.84,0.26,0.91,0.0,0.0,0.0,0.13,0.05,0.0,1.33,2.41,1.32,0.0,0.0,0.0,1.24,2
Ormouw6yOCc,0.52,0.41,1.74,0.65,0.0,0.0,0.0,0.0,0.0,0.0,0.21,1.75,0.0,0.23,0.0,0.81,1.48,1
OtCORnXCjxY,0.3271428571428571,0.3157142857142857,0.0,0.53,0.1285714285714286,0.4885714285714285,0.0,0.4714285714285715,0.1599999999999999,0.2285714285714286,0.2057142857142857,0.0542857142857142,0.2071428571428571,0.0,0.32,0.52,0.0,1
OtZqj0iKHsM,0.12,0.07,0.455,0.305,1.56,0.65,0.36,2.5700000000000003,2.5700000000000003,1.845,0.0,0.0,0.085,0.0,2.735,0.86,0.605,0
Ou2zaMWAHfk,0.592,0.0,0.552,0.51,0.628,0.766,0.588,1.0799999999999998,1.12,1.276,0.55,0.024,0.398,0.472,1.0699999999999998,0.678,0.206,1
OusxeFragJU,1.32,0.08,0.0,1.89,0.23,0.0,0.0,0.0,1.25,0.95,0.0,0.0,1.46,0.0,0.52,0.0,0.0,1
OwtlyzaZvnI,0.895,0.29,0.235,0.585,0.0,0.115,0.23,1.705,0.17,0.915,0.185,0.825,0.0,0.235,0.0,0.02,0.17,1
OzQhTL5rEOI,0.7649999999999999,0.185,0.885,0.465,0.5449999999999999,0.98,0.23,0.195,0.185,0.25,0.435,0.02,0.0,0.35,0.33,0.675,0.5800000000000001,1
P-9zC883vFE,0.21,0.63,0.0,0.21,0.0,0.19,0.0,0.07,0.0,0.0,0.27,0.52,0.0,0.0,1.0,1.16,0.0,1
P-I4Bay5SXo,0.0,0.0,0.0,0.85,0.0,0.0,0.44,0.13,0.0,0.0,1.3,1.77,0.0,0.14,0.0,1.55,0.1,1
P0XVeUTSHWw,1.2533333333333332,0.1733333333333333,0.2533333333333333,0.2633333333333333,0.2933333333333333,1.2000000000000002,0.0,0.3,0.4966666666666666,0.0,1.0366666666666664,0.5599999999999999,0.0,0.0,0.0,0.0,0.32,1
P2bdfCm-FmM,1.65,1.98,0.0,1.9,0.31,1.92,0.0,0.33,0.77,0.22,0.25,0.0,1.01,0.0,2.38,1.73,0.0,2
P314z2YufoI,0.0,0.0,0.0,0.03,0.485,0.2799999999999999,0.415,1.13,0.795,0.64,0.0,0.0,0.275,0.0,0.765,0.42,0.0,1
P3fzx5GAXF0,0.0,0.0,0.0,0.0,2.34,0.0,0.0,0.0,1.18,0.3,0.0,0.0,1.35,0.01,0.0,0.0,1.09,1
P5A9qJfvj7w,1.615,0.05,1.075,1.495,0.0,0.0,0.485,0.56,0.04,0.185,0.43,0.0,0.475,0.0,0.785,0.215,0.295,1
P6yTSOL8aLA,0.6375,0.4225,0.47,2.1725,0.3725,1.19,0.25,0.4599999999999999,0.21,0.4925,0.7325,0.6475,1.345,0.2275,0.4149999999999999,0.36,0.2575,1
P8L9mmLiESA,0.8133333333333334,0.51,0.5499999999999999,0.7866666666666667,1.07,1.7766666666666666,0.5766666666666667,1.1333333333333333,1.0033333333333332,0.5299999999999999,0.4066666666666667,0.0,0.25,0.1233333333333333,0.7933333333333333,0.6266666666666666,0.1733333333333333,1
P9Gox0bnrR4,1.61,0.39,0.0,1.3,0.75,1.95,0.0,0.0,0.0,0.0,0.28,0.0,1.13,0.13,0.0,0.0,0.0,1
P9wpqcIWreA,0.0,0.095,0.0,1.225,0.0,0.0,0.14,0.24,0.235,0.1649999999999999,0.0,0.0,0.13,0.0,0.0,0.415,0.37,1
PAyjxF2ZXaY,0.73,0.45,0.475,0.0,1.1800000000000002,0.3249999999999999,0.905,1.975,0.735,2.375,0.465,1.04,0.55,0.0,0.53,0.0,0.54,0
PBYRzMuGXpA,1.2608333333333337,0.2341666666666666,0.485,0.5808333333333333,0.1491666666666666,0.4408333333333333,0.345,0.5975,0.4675,0.5341666666666667,0.6591666666666667,0.9608333333333334,0.6958333333333333,0.1066666666666666,0.3625,0.3866666666666667,0.1541666666666666,1
PBmhm4BKQV4,0.83,0.0,0.165,1.545,0.0,0.0,0.0,0.02,0.04,0.19,0.755,0.295,0.0,0.52,0.06,1.245,0.0,1
PDh5AU4ciFk,0.74,0.0,1.33,0.0,1.89,4.51,0.0,0.82,1.93,1.25,0.0,0.0,1.49,0.28,1.88,0.6,2.04,0
PEXN1KkEHcE,0.89,0.24,0.0,0.565,0.6849999999999999,0.0,0.02,1.07,0.56,1.575,0.37,0.735,0.145,0.11,0.11,0.57,0.0,1
PFjydjyvjC8,0.35375,0.31875,0.88375,0.5225,0.05,0.33875,0.2025,0.285,0.2525,0.1875,0.3562499999999999,0.5025,0.3299999999999999,0.3075,0.15875,0.37375,0.17625,1
PHG9_G5mbE4,0.17,0.13,0.0,1.36,0.24,0.0,0.0,1.68,1.33,1.49,1.19,0.0,0.22,0.0,1.18,1.92,0.16,1
PIt3K3wlN_M,1.56,0.31,0.45,0.26,0.0,0.62,0.0,0.62,0.99,2.09,0.33,0.0,0.0,0.61,0.98,0.2,1.88,1
PKTfNRIN8zo,1.0266666666666666,0.82,0.0,0.89,1.2033333333333334,0.2166666666666666,0.1999999999999999,0.9133333333333334,2.056666666666666,1.0799999999999998,0.1466666666666667,0.0,0.48,0.31,1.1833333333333331,0.7666666666666666,0.0033333333333333,0
PKWN0Nj38HI,1.46,1.08,0.0,0.95,1.43,3.17,1.41,0.05,0.03,0.0,1.39,1.92,2.19,1.06,0.0,0.0,0.06,1
PLg-uI1I1CI,0.992,0.264,0.49,1.234,0.6679999999999999,0.268,0.188,1.068,0.762,0.986,0.5640000000000001,0.302,0.0,0.046,0.518,0.128,0.774,1
PNC0dJzWO5c,0.32,0.0,1.67,0.73,1.96,1.46,0.03,1.9,2.13,0.93,0.0,0.0,0.02,0.16,1.26,0.04,0.22,0
PQrjHAz6vDw,0.8066666666666666,0.0,0.0166666666666666,0.0433333333333333,1.04,0.8033333333333332,0.0266666666666666,1.08,1.4333333333333331,0.1833333333333333,0.1366666666666666,0.11,0.2933333333333333,0.31,1.51,0.5133333333333333,0.11,1
PRvLZQfT2yE,0.465,0.68,1.23,1.735,0.0,0.5549999999999999,0.095,0.0,0.0,0.0,0.44,1.02,0.325,0.04,1.645,0.525,0.0,1
PT1AOfiFcHg,0.0,0.0,0.1033333333333333,0.0,1.0833333333333333,0.18,0.2466666666666666,1.1666666666666667,1.95,1.3233333333333337,0.0,0.0,0.3533333333333333,0.0,0.9533333333333336,0.5033333333333333,0.5399999999999999,0
PVEeScXdSVU,1.42,0.0,2.03,1.41,1.84,1.77,0.73,2.36,1.23,2.37,1.04,1.5,0.27,0.04,0.61,1.3,0.13,0
PVXlBphcyYw,1.84,1.15,0.0,1.79,0.0,0.0,4.52,0.0,0.0,0.0,0.62,5.0,0.3,0.0,0.0,1.74,0.07,1
PVzqepG4nsM,0.15,0.0,0.19,0.26,0.9475,1.25,0.2175,0.8075,0.4375,0.3325,0.6699999999999999,0.3075,0.6225,0.0,0.5575,0.2775,0.2125,1
PWtX4wDu7Uk,1.06,0.426,0.346,1.444,0.368,0.3019999999999999,0.41,0.486,0.6140000000000001,0.4720000000000001,0.346,0.312,0.8059999999999998,0.118,0.994,0.396,0.286,1
PYvuh9PoXp4,0.0,0.0,0.0,0.0,0.0,0.38,1.45,0.0,0.0,0.15,0.78,0.0,0.36,0.0,1.33,1.5,0.0,1
P_1aJaBTcJg,0.175,0.0,0.06,0.0,1.685,1.37,0.5349999999999999,1.755,1.485,2.48,0.97,2.215,0.815,1.0,0.0,0.7100000000000001,0.0,0
P_BHc5TDk1Q,0.8200000000000001,0.0,0.26,0.745,0.44,0.53,0.445,0.71,0.01,0.0,1.105,0.345,0.0,0.285,0.365,0.97,0.085,1
PaFTqhQ3Vgg,0.42,0.0,0.43,0.3233333333333333,0.2266666666666666,0.4633333333333334,0.2166666666666666,0.8233333333333333,0.2366666666666666,0.21,0.3666666666666666,0.0,0.33,0.1533333333333333,0.0933333333333333,0.2466666666666666,0.1666666666666666,1
Pcn9MftZGyo,0.715,0.2383333333333333,0.5583333333333333,0.4366666666666667,0.94,0.4766666666666667,0.17,1.471666666666667,1.4783333333333335,1.1616666666666668,0.155,0.15,0.59,0.1216666666666666,1.3099999999999998,0.3233333333333333,0.645,0
PfJtTLewriA,1.0199999999999998,0.06,0.0,0.46,0.49,0.1166666666666666,0.0,0.9466666666666668,0.13,1.11,1.93,2.046666666666667,1.6666666666666667,0.0666666666666666,0.7166666666666667,2.216666666666667,0.0,1
PgLicTQr6dQ,2.25,0.4,0.73,1.3,1.08,2.88,0.0,0.71,0.84,0.0,1.03,0.15,0.42,0.0,0.0,0.0,0.0,1
PiHKh6UGumg,0.57,0.0,0.49,0.0,3.46,0.85,0.93,1.97,2.62,0.9,0.0,0.05,0.91,2.13,2.43,0.34,2.98,0
PjIoYOB0Juk,0.73,0.0,0.55,1.29,0.0,0.0,0.0,0.63,0.0,0.47,0.33,0.01,0.07,0.0,0.0,0.0,0.16,1
Pl5BzYCVwIA,0.2625,0.4175,0.2075,0.98,0.4575,0.8475,0.055,0.43,1.1375000000000002,0.8,0.0,0.0,0.405,0.0225,0.975,0.6174999999999999,0.0,1
PmfG51GjLls,0.72,1.36,0.0,1.89,0.28,1.86,0.62,0.66,0.0,0.31,0.0,0.0,0.0,0.0,0.03,0.0,0.0,1
PnSEFRLwv7U,0.33,0.75,0.0,2.5,1.01,1.66,0.0,1.26,2.54,1.76,0.0,0.0,0.25,0.0,2.66,0.18,0.0,0
PneE3ko2SSo,0.4875,0.0125,0.175,1.11,0.395,0.5,0.3625,0.77,0.4475,1.0625,0.38,0.0575,0.65,0.0,0.6175,1.0925,0.11,1
PoDAa2Bt9bU,1.66,1.105,0.18,2.225,0.0,0.0,0.0,0.09,0.1,0.0,0.645,0.03,0.06,0.02,0.61,0.14,0.0,2
Ppj1EpdEyYs,0.4066666666666667,0.24,0.18,1.0333333333333334,0.16,1.05,0.0933333333333333,0.5133333333333333,0.58,0.5166666666666667,0.3466666666666667,0.6366666666666667,0.67,0.1466666666666666,1.03,0.66,0.7399999999999999,1
Ppj5oh-2za8,0.6133333333333334,0.1233333333333333,1.11,0.2533333333333333,2.4266666666666663,2.18,1.4466666666666663,2.953333333333333,2.5933333333333333,2.4333333333333336,0.3766666666666666,0.0,0.4366666666666667,0.0933333333333333,2.873333333333333,0.6166666666666667,0.9533333333333336,0
PqPCB3X3vPo,1.1,0.0,0.96,2.52,0.0,0.0,0.0,0.47,0.53,1.39,0.77,0.0,0.0,0.48,0.23,1.21,0.0,1
Pr4zrQxkK6g,0.46,0.0,0.095,0.48,0.385,0.11,0.3,0.805,0.515,0.335,0.365,0.13,0.8400000000000001,0.025,0.08,0.0,0.15,1
PvA4IHQh4wI,0.61,0.01,0.78,3.62,0.65,0.55,0.0,1.35,1.1,2.44,0.0,0.0,1.03,0.0,3.62,3.02,0.0,2
PviTPnU2ehk,1.086666666666667,1.356666666666667,0.24,0.73,1.2966666666666666,1.5733333333333333,0.2233333333333333,1.2066666666666668,1.3633333333333333,0.0566666666666666,0.85,0.0466666666666666,0.2266666666666666,0.1266666666666666,1.9333333333333331,1.1733333333333331,0.1833333333333333,0
Px1ZJASd-8U,1.2033333333333334,0.59,0.4533333333333333,1.16,0.7000000000000001,0.4466666666666667,1.0566666666666666,0.7166666666666667,0.22,0.7933333333333333,0.6166666666666667,0.41,0.4000000000000001,0.0,0.5533333333333333,0.34,0.0,1
PxbXOiA7wgE,1.215,0.0,0.525,0.0,1.375,1.33,0.8800000000000001,1.02,1.47,1.62,0.74,0.58,1.585,0.335,1.295,0.355,0.035,0
Py0b8cWz4es,0.325,0.0,0.185,0.035,1.44,0.92,0.75,0.7949999999999999,1.075,0.755,0.055,0.43,0.965,0.185,0.275,0.085,0.065,1
Pyu19b9uDxM,0.46,0.21,0.15,0.24,1.75,2.83,0.74,0.8049999999999999,1.785,0.67,0.1699999999999999,0.0,0.595,0.0,2.2,0.53,0.0,0
Q-UMFEF4icE,0.88,0.0,0.0,1.96,0.0,0.0,0.63,1.37,0.0,0.0,0.44,0.06,0.76,0.26,0.02,0.2,0.0,1
Q0A1uyH0hTE,0.855,0.755,0.41,0.39,2.195,1.015,0.875,2.37,2.23,2.155,0.185,0.34,0.8150000000000001,0.04,2.5,0.73,0.85,0
Q1PpPdkyIUk,0.44,0.99,0.0,2.62,0.6,0.34,0.68,1.39,0.0,0.0,0.52,2.5,0.29,0.73,0.0,0.0,0.0,1
Q27RZL21368,0.39,0.63,0.0,1.42,1.1,0.0,0.36,0.16,0.25,0.0,0.0,0.0,0.0,0.0,0.84,0.21,0.0,1
Q2m3ngosX5Q,0.0166666666666666,0.0,0.0,0.7933333333333333,1.34,1.1766666666666663,0.4366666666666667,1.0766666666666669,2.31,0.3633333333333333,0.1033333333333333,0.0,0.36,0.01,1.68,0.44,0.0,0
Q5xvaryTpXM,0.39,0.0,0.655,0.035,0.3,0.36,0.135,0.805,0.715,0.49,0.275,0.0,0.0,0.0,0.465,0.0,0.29,1
QBJxmfAfphE,0.7779999999999999,0.02,0.036,0.424,0.6479999999999999,0.6839999999999999,1.434,0.594,0.85,0.76,1.23,0.0,0.258,1.0,0.8220000000000001,0.0,0.282,1
QCN_ivNr2Qk,2.085,2.145,0.98,1.365,0.0,0.06,0.0,0.23,0.0,0.01,0.355,0.0,0.07,0.0,3.06,2.09,1.205,2
QDgZloUGRe4,0.97,0.56,0.0,0.0,1.12,1.47,0.0,1.06,2.0,1.05,0.0,0.09,0.0,0.07,0.2,0.09,0.63,0
QIi0httojvs,0.0,0.0,0.0,0.0,0.81,1.57,0.7,1.68,0.8,1.61,0.37,0.08,0.0,0.0,1.26,0.76,0.0,0
QIlHrWat8S4,1.0275,0.225,0.4391666666666666,1.4883333333333333,0.525,0.12,0.3908333333333333,1.0741666666666667,0.6516666666666667,0.9191666666666666,0.4033333333333333,0.3758333333333333,0.15,0.1433333333333333,0.4466666666666667,0.7358333333333333,0.1425,1
QJ2juErC6gw,0.37,0.0999999999999999,0.3133333333333333,1.5366666666666664,0.8099999999999999,0.8933333333333334,0.0366666666666666,0.7733333333333333,0.57,0.6833333333333332,0.7666666666666666,0.3366666666666666,0.57,0.1266666666666666,0.3366666666666666,0.1366666666666666,0.2533333333333333,1
QJDgbmiflgA,0.6275,0.4225,0.3775,1.425,0.995,1.655,0.3775,1.185,1.1775,0.55,0.7775,0.6575,0.63,0.0,1.5775,0.3525,0.0,1
QJQ-iZZp2Hw,1.83,0.0,0.33,0.92,1.22,0.0,0.0,1.67,2.28,0.84,0.0,0.0,0.59,0.0,1.74,0.0,0.09,0
QO7RdQboTVg,1.8500000000000003,1.3733333333333333,0.5166666666666667,0.73,1.1,1.01,0.6033333333333334,1.47,1.5933333333333335,0.79,0.8666666666666667,0.2966666666666667,0.15,0.0466666666666666,1.3233333333333333,0.7233333333333333,0.3533333333333333,2
QPho4EUQ_OY,0.506,0.09,0.462,0.0,0.858,0.34,0.294,0.67,0.8460000000000001,1.318,0.164,0.434,0.4679999999999999,0.182,0.722,0.674,0.032,1
QS7B8e-vq5E,0.5266666666666667,0.5833333333333334,0.04,0.5266666666666667,1.18,0.4466666666666667,0.0,1.37,2.0,0.8033333333333333,0.1133333333333333,0.0433333333333333,0.1966666666666666,0.1333333333333333,0.8766666666666666,0.31,0.24,0
QSqIy5TlHBo,1.0066666666666666,0.3666666666666667,0.35,1.4966666666666668,0.2666666666666666,0.4033333333333333,0.0,0.7599999999999999,0.5866666666666668,0.3133333333333333,0.2833333333333333,0.0,0.16,0.02,1.0466666666666666,0.5733333333333334,0.2033333333333333,1
QTmytXCEFYk,1.16,0.0,0.03,1.18,1.55,0.0,0.0,2.36,2.24,0.81,0.0,0.71,0.42,0.54,1.94,0.0,0.74,0
QUKFYwsVrAM,2.745,1.835,0.0,0.765,0.47,0.705,0.215,1.85,1.2,0.825,0.01,0.165,0.395,0.0,1.255,0.0,0.31,2
QV-bgDPiiro,0.908,0.0,0.184,0.966,0.618,0.6759999999999999,0.208,0.968,0.708,0.132,0.408,0.2339999999999999,0.428,0.51,0.882,1.41,0.094,1
QXCGv2x4GM4,0.27,0.0,0.0,0.0,2.71,0.75,0.0,1.79,2.86,1.87,0.0,0.0,0.0,0.02,2.59,0.83,0.0,0
QXPDs1zcN_Y,0.6666666666666666,0.2033333333333333,0.0,0.3899999999999999,0.7400000000000001,0.5366666666666667,0.2933333333333333,1.09,1.2033333333333334,1.0833333333333333,0.0866666666666666,0.12,0.53,0.0,0.33,0.0499999999999999,0.0,1
Q_bSSUFafKE,0.93,0.3733333333333333,0.2833333333333334,0.7433333333333333,1.0333333333333334,0.95,0.4166666666666667,0.8233333333333333,1.59,0.6666666666666666,0.61,0.0733333333333333,0.4133333333333333,0.0533333333333333,1.8833333333333333,0.3933333333333333,0.2266666666666666,0
QaumqNGe8Oc,1.745,1.615,0.945,0.7200000000000001,1.27,1.765,0.715,1.46,0.735,0.57,0.545,0.785,0.095,0.0,1.81,0.0,1.295,0
QeGqPTs8kvo,1.07,0.0,0.0,0.0,1.87,1.99,0.0,0.12,2.71,0.0,0.0,0.0,0.32,0.47,1.83,0.0,0.1,0
QeKYdEWg51k,0.7285714285714285,0.04,1.2885714285714285,0.8228571428571428,0.4842857142857143,1.802857142857143,0.4171428571428571,0.1528571428571428,0.1699999999999999,0.4471428571428571,0.1914285714285714,0.2614285714285714,0.1485714285714285,0.1171428571428571,0.0828571428571428,0.5671428571428572,0.1514285714285714,1
QeLr8WOOEfY,0.295,0.0,0.615,0.56,0.31,2.02,0.12,0.0,0.15,0.195,0.09,0.355,0.52,0.105,0.055,0.475,0.0,1
QeaR2b2l-n8,0.91,0.19,0.17,4.08,0.3,0.71,0.25,1.78,1.22,0.64,0.05,0.0,0.0,0.0,1.87,0.69,0.0,2
QflJ7MusWmU,0.0,0.0,0.94,0.16,2.13,2.73,1.09,1.18,1.94,0.47,0.0,0.0,0.0,0.0,1.98,0.0,1.52,0
QiVHr19_h4k,0.28,0.0,1.27,0.0,1.12,3.27,0.38,0.25,0.67,0.0,0.99,0.64,1.16,0.28,0.85,0.72,0.11,1
Qn50ttkHGdQ,0.03,0.67,0.0,1.64,0.55,0.0,0.0,1.06,1.65,0.45,0.84,0.0,0.0,0.0,2.99,1.8,0.0,1
QnHMIDrlqbA,0.0,0.06,0.0,0.0,1.8,2.05,0.35,1.47,2.56,0.91,0.0,0.0,0.0,0.0,2.09,0.2,0.17,0
Qo-Gs8w_P80,0.502,0.1,0.616,0.8019999999999999,0.176,0.224,0.056,0.238,0.522,0.128,0.18,0.0,0.028,0.0,1.258,1.106,0.05,1
QrN6BpfxsRE,0.23,0.0,0.49,1.36,2.8,3.92,1.51,2.33,2.31,2.24,0.12,0.0,0.44,0.0,4.36,2.09,0.0,0
QsFi0SkZHsY,2.005,1.795,0.0,3.515,0.465,0.81,0.045,0.675,0.52,0.0,0.25,0.08,0.175,0.0,2.45,0.445,0.0,2
R1fuPtrok3M,0.7400000000000001,0.8433333333333334,0.7233333333333333,2.043333333333333,0.0,0.0,0.0,0.17,0.0,0.0,0.0566666666666666,0.16,0.0266666666666666,0.2033333333333333,0.1066666666666666,0.79,0.0033333333333333,1
R3uIfHZPPm8,0.38,0.0,0.05,1.67,0.15,0.0,0.0,0.34,0.755,0.0,0.0,0.68,0.0,0.0,0.0,0.885,0.175,1
R7KpmpPzCEQ,0.4828571428571428,0.0,0.1942857142857143,0.9228571428571428,0.6,0.54,0.2314285714285714,0.5314285714285715,0.59,0.6957142857142857,0.5114285714285713,0.9385714285714286,0.4928571428571429,0.3928571428571428,0.3385714285714286,0.6971428571428573,0.1014285714285714,1
R8-LyHgcl5I,4.33,3.74,2.43,3.24,0.0,0.0,0.0,0.22,0.0,0.0,1.58,0.66,0.4,0.0,1.6,0.79,0.05,2
R83eEaGON9A,0.13,0.0,1.7,0.0,1.51,1.45,1.03,1.97,1.82,1.76,0.08,0.0,0.59,0.09,1.52,0.77,0.0,0
R8IaZ0NdLC4,0.0,0.0,0.0,0.0,2.65,3.47,0.59,1.11,2.74,0.44,2.73,0.0,0.0,0.0,3.85,0.0,0.0,0
R965if9bSGg,1.5699999999999998,1.24,0.705,2.23,0.095,0.295,0.055,1.405,0.8200000000000001,1.14,0.855,0.0,0.125,0.135,2.275,1.475,0.445,2
R9ya0jtNpGs,1.17,0.99,0.235,1.425,0.0,0.0,0.14,0.375,0.0,0.07,0.385,0.425,0.0,0.0,1.05,1.735,0.0,2
RBVTAGtvwBo,0.65,0.0,0.0,0.0,2.47,0.54,0.0,1.91,2.46,1.06,2.06,0.29,0.49,0.97,1.91,0.0,2.39,0
RBlt4rwpyyo,0.14,0.0,0.0,0.39,2.61,2.75,1.98,2.98,2.93,2.65,0.05,0.0,0.0,0.0,3.57,0.58,0.39,0
RD0jioq8SO4,0.685,0.68,0.0,0.52,0.325,0.3,0.015,0.675,0.275,0.69,0.08,0.0,0.0,0.0,0.46,1.0,0.0,1
RE9-FzyT28Q,0.785,0.0,0.265,0.26,2.23,3.02,1.1949999999999998,1.87,2.115,0.905,0.38,0.66,0.0,0.23,1.68,0.365,0.28,0
REAyiXNfwyo,0.0,0.08,0.0,0.0,1.71,1.84,1.38,1.88,1.85,0.19,0.37,0.0,0.22,0.0,3.33,2.11,0.12,0
REvaHqT3uro,0.845,0.38,0.965,1.37,0.395,0.575,0.295,1.365,0.51,0.51,0.2799999999999999,0.1,0.26,0.0,1.655,1.44,0.055,1
RJ72QNP1Nws,0.0,0.0,1.3,0.0,0.63,2.25,0.94,0.18,0.52,1.2,0.23,0.0,1.01,0.42,0.38,0.22,0.43,1
RKjCW_RR8qk,0.0,0.8,0.0,2.27,0.0,0.0,0.0,0.07,0.0,0.0,0.0,0.0,0.0,0.0,1.65,1.42,0.0,1
RNp9dshmsqQ,0.2775,0.2775,0.8475,1.7375,0.7725,0.7875,0.3425,0.7425,0.7725,0.365,0.35,0.0925,0.11,0.0,1.4675,0.9425,0.1475,1
RPHoH_vpKRk,1.45,1.19,0.0,3.09,0.82,0.0,0.0,0.25,1.73,0.0,0.3,0.0,1.23,0.04,2.11,0.0,0.0,2
RUipBSnN2tA,0.0,0.0,0.23,3.06,0.26,0.0,0.01,0.0,0.0,0.66,0.57,0.35,0.0,0.0,0.0,1.37,0.0,1
RUmFeFqFUWw,2.59,3.69,0.12,3.42,0.0,0.0,0.0,0.0,0.22,0.0,0.37,0.28,0.0,0.0,3.42,0.7,0.0,2
RWEssVacb00,0.13,0.0,0.0,0.0,1.25,0.0,0.0,1.44,1.89,0.0,0.0,0.0,0.0,0.0,1.34,0.45,0.0,0
RXrKUTh81oU,0.4466666666666666,0.1233333333333333,0.0,1.0166666666666666,1.3666666666666665,0.8133333333333334,0.45,0.7133333333333334,1.6733333333333331,1.4733333333333334,0.6933333333333334,0.7933333333333333,0.0,0.3899999999999999,1.2433333333333334,0.2799999999999999,0.2833333333333333,0
Ra6ztNcUlsY,0.11,0.0,0.28,0.0,0.9,2.63,2.21,0.37,0.0,2.65,0.55,0.0,0.0,0.0,1.61,0.0,0.22,0
RaQcueErQYg,1.125,0.635,0.355,0.4825,1.25,1.5825,0.2675,0.7250000000000001,1.015,0.48,0.0675,0.585,0.0775,0.57,0.9625,1.165,0.2075,1
RanyrxILSDk,0.85,0.95,2.18,0.0,1.78,2.14,2.02,1.98,2.15,1.22,0.12,0.0,0.0,0.0,1.99,1.05,0.0,0
RbZUbbTEgnA,0.61,0.115,1.6700000000000002,0.86,0.15,0.035,0.0,0.0,0.2,0.26,0.835,0.0,0.73,0.1,0.515,0.52,0.22,1
Rbw48sZhAdo,0.27,0.0,0.0,0.865,1.13,0.315,0.0,0.7025,1.9825,1.0075,0.0,0.02,0.1,0.0,0.9375,0.0,0.1975,0
Rg0du2jpPME,0.8166666666666665,0.6733333333333333,0.7333333333333334,0.68,0.5833333333333334,1.18,0.3833333333333333,0.2233333333333333,0.52,0.3933333333333333,0.2633333333333333,0.4366666666666667,0.3633333333333333,0.1633333333333333,0.65,0.71,0.8466666666666667,1
Rg1ONQOf4L8,2.29,0.99,1.02,2.32,2.16,1.8,0.59,3.29,3.0,3.13,0.0,0.0,0.0,0.67,3.6,0.39,0.12,0
Ro8sQ6CGin8,0.0,0.0,0.0,0.44,1.43,2.53,0.51,2.35,3.03,1.43,0.0,0.0,0.0,0.25,2.65,1.51,0.52,0
RoKQM1n6gIA,0.482,0.382,0.174,1.236,0.236,0.82,0.274,0.438,0.256,0.2339999999999999,0.482,0.146,0.222,0.018,0.38,0.216,0.062,1
RoLBag1rh6A,1.89,2.24,0.0,3.07,0.0,0.0,0.0,0.38,0.7,0.0,0.0,0.29,0.0,1.0,2.21,2.07,0.13,2
RqwT81VWcfs,1.942,0.552,0.79,0.416,0.016,1.24,0.034,0.492,0.1319999999999999,0.2779999999999999,0.536,0.422,0.168,0.086,0.1399999999999999,0.6940000000000001,0.442,1
RsRT-S90As8,0.6433333333333333,0.8733333333333334,0.0,0.3666666666666667,0.02,0.36,0.0466666666666666,0.7133333333333333,0.62,0.97,0.1833333333333333,0.0,0.7799999999999999,0.0,0.9466666666666668,0.7233333333333333,0.0566666666666666,1
RupvFbi5e2s,1.04,0.12,0.88,0.395,0.635,0.37,0.165,0.855,0.82,0.275,0.23,0.06,0.33,0.04,1.3,1.02,0.0,1
S-5ZBnkdra8,0.0,0.0,0.0,0.13,0.0,0.0,0.0,0.41,0.26,0.76,0.45,2.16,0.0,0.0,0.0,1.66,0.18,1
S-xx5NLNEuc,0.53,2.17,0.0,0.06,0.0,0.59,0.4,0.0,0.0,0.0,0.28,0.0,0.12,0.0,0.73,1.49,0.01,1
S1ITUnYLqOQ,0.0,0.0,0.9966666666666668,1.143333333333333,0.0833333333333333,0.2666666666666666,0.1833333333333333,0.2866666666666667,0.3133333333333333,0.2066666666666667,0.15,0.0,0.2566666666666666,0.0,1.1033333333333333,0.5766666666666667,0.2466666666666666,1
S3N0vl_wBD0,1.665,2.165,0.795,4.0600000000000005,0.365,1.905,0.395,2.86,0.815,2.385,3.34,1.145,0.785,2.745,0.985,0.0,0.115,2
S4bNEgM483k,0.4842857142857143,0.2114285714285714,0.1528571428571428,0.4014285714285713,0.2228571428571428,0.2228571428571428,0.0671428571428571,0.6857142857142857,0.6885714285714286,0.3228571428571428,0.06,0.1457142857142857,0.0371428571428571,0.0,0.767142857142857,0.48,0.1628571428571428,1
S6jRwPIKIVM,0.0,0.0,0.59,0.0,0.0,0.0,0.1,0.0,0.0,1.0,0.69,1.02,0.0,0.36,0.0,0.37,0.0,1
S7YFxw0oK6c,0.45,0.83,0.41,1.27,2.15,1.72,0.0,2.03,2.37,1.85,0.0,0.0,0.11,0.51,2.38,0.0,0.62,0
S8U0sCHork8,0.0,0.0,0.425,0.0,2.605,1.4,0.81,2.07,2.895,1.635,0.23,0.58,0.225,0.355,1.58,0.27,0.025,0
S9q3e8AL_-0,1.49,0.0833333333333333,1.1033333333333333,1.1033333333333333,0.0,0.01,0.0,0.42,0.0,0.0166666666666666,0.2066666666666666,0.3766666666666666,0.0,0.26,0.0033333333333333,0.0966666666666666,0.3166666666666666,1
SBWBp125e4Y,1.7166666666666668,2.236666666666667,0.0,2.4266666666666667,0.47,0.6133333333333334,0.0766666666666666,0.43,0.8366666666666666,1.45,0.1266666666666666,0.3533333333333333,0.45,0.0699999999999999,1.55,1.1266666666666667,0.0,2
SDHspt6VI2s,0.13,0.0,0.0566666666666666,0.13,0.7200000000000001,0.7166666666666667,0.08,0.7666666666666666,0.99,0.6833333333333332,0.6066666666666667,0.0566666666666666,0.1066666666666666,0.02,0.6466666666666666,0.6733333333333333,0.2133333333333333,1
SH8YofIJ3zc,1.72,1.355,0.6,2.685,0.0,0.0,0.125,0.03,0.06,0.175,0.975,1.28,0.0,0.0,0.495,0.61,0.78,2
SLB72qmrusk,0.904,0.0,0.507,0.5640000000000001,0.208,0.542,0.256,0.457,0.366,0.185,0.291,0.176,0.724,0.064,0.298,0.21,0.41,1
SLfMX2eA7Lc,1.05,0.48,0.0,0.0,0.0,0.8,0.0,0.0,0.45,0.0,0.0,0.0,0.53,0.0,0.0,0.13,0.0,1
SLq86U68qO8,1.43,0.6,0.02,0.6499999999999999,0.18,0.27,0.46,0.085,0.24,0.0,0.24,0.0,0.78,0.26,0.045,0.64,0.085,1
SOAIc9ONdb4,0.99,0.29,0.86,1.87,0.685,1.57,0.215,0.84,0.34,0.0,1.19,0.0,0.0,1.18,1.325,0.0,0.09,1
SQzmJ7lSvHk,2.91,3.73,0.0,1.99,0.0,0.0,0.0,0.0,0.45,0.44,0.0,0.0,0.0,0.41,1.12,0.47,0.22,2
SR3MF-ZAvB0,0.81,0.68,1.71,0.485,0.765,1.08,0.72,0.72,0.705,0.92,0.0,0.145,0.56,0.02,1.095,0.675,0.6900000000000001,1
SUNE9Kflopg,0.5499999999999999,0.02,0.8433333333333333,0.7833333333333333,0.7566666666666667,1.2333333333333334,0.6933333333333334,0.8633333333333333,0.9866666666666668,0.9866666666666668,0.2166666666666666,0.1999999999999999,0.5033333333333333,0.2766666666666666,0.57,0.0,0.0066666666666666,1
SW4AldBdyk8,1.56,0.65,0.96,0.6950000000000001,1.455,0.715,0.45,1.62,1.615,1.5750000000000002,0.41,0.315,0.355,0.1699999999999999,1.86,0.255,0.1,0
SaMR6tkhh_M,0.905,0.36,0.185,0.705,0.5,1.24,0.615,1.5750000000000002,0.745,1.11,0.19,0.0,1.335,0.0,0.65,0.03,0.44,1
SaiDP96j2P8,2.19,2.57,0.0,0.57,2.52,0.28,0.0,1.2,3.69,1.85,0.0,2.02,0.65,1.77,0.0,0.0,0.06,0
SgpzJ9peq0Q,0.5640000000000001,0.0,0.38,0.49,0.244,0.714,0.0,0.662,0.92,0.578,0.264,0.718,0.626,0.004,0.138,0.176,0.154,1
SgrfCgr4cyU,0.33,0.27,0.0,2.16,0.0,0.0,0.05,0.28,0.0,0.21,0.33,1.15,0.0,0.43,0.37,1.49,0.0,1
SpIeqCNKrMQ,0.7142857142857143,0.0714285714285714,0.2071428571428571,0.2971428571428571,0.7914285714285715,1.2414285714285715,0.38,0.3742857142857143,0.79,0.8914285714285715,0.4071428571428571,0.3085714285714285,0.9257142857142858,0.26,0.5228571428571429,0.4871428571428571,0.2571428571428571,1
SqNw_SMrIQA,1.0433333333333332,0.8633333333333334,0.41,0.11,0.18,0.3633333333333333,0.3033333333333333,0.0,0.1833333333333333,0.3033333333333333,0.7000000000000001,0.0,0.51,0.0,0.1766666666666666,0.85,0.7799999999999999,1
Ss4sYHi7XZg,1.3266666666666669,0.47,0.0433333333333333,0.44,1.8733333333333333,1.403333333333333,0.3166666666666666,1.15,2.21,0.9866666666666668,0.0,0.0,0.96,0.0033333333333333,2.356666666666667,0.2033333333333333,0.0933333333333333,0
Ss4sYHi7XZg(1),1.3266666666666669,0.47,0.0433333333333333,0.44,1.8733333333333333,1.403333333333333,0.3166666666666666,1.15,2.21,0.9866666666666668,0.0,0.0,0.96,0.0033333333333333,2.356666666666667,0.2033333333333333,0.0933333333333333,0
SutFZNd73qU,0.505,0.0,0.8049999999999999,0.37,0.39,0.655,0.0,1.34,0.525,0.0,1.84,0.17,1.6,0.115,0.95,0.61,0.265,1
SvGbt99BHEg,0.405,1.295,0.95,1.6949999999999998,0.87,1.19,0.225,1.7000000000000002,1.555,0.99,1.04,0.055,0.485,0.185,2.82,0.31,0.33,0
SvVELQ6_7PI,0.015,0.0,1.365,0.41,1.825,2.04,1.25,1.635,1.14,0.76,0.495,1.235,0.0,0.3249999999999999,0.7,1.04,0.665,0
SwRDqwudsE0,0.875,0.6699999999999999,0.075,0.91,0.345,0.3399999999999999,0.645,0.345,0.015,0.395,0.16,0.215,0.465,0.03,0.225,0.3,0.86,1
SwvKOc1Gy40,0.0,0.0,0.0,0.0,1.225,1.125,1.53,2.165,1.79,1.12,0.23,1.56,1.265,0.335,1.105,0.605,0.235,0
SxvIkh5QiBE,1.36,0.0,2.0,1.59,0.47,0.0,1.39,0.44,0.0,0.86,1.38,0.0,0.0,1.0,1.29,0.0,0.25,1
Sy9xBeBhYZw,0.58,0.355,0.0,0.365,1.28,0.47,0.34,1.03,0.54,0.965,0.92,1.225,0.915,1.33,0.11,0.0,0.0,1
T1_A2TNM4L4,0.0,0.0,0.0,0.0,1.52,2.63,0.02,2.59,2.7,0.0,0.0,0.0,0.3,0.0,2.38,0.84,0.0,0
T1jJIhxXq-4,0.5980000000000001,0.978,0.0,0.866,0.19,0.24,0.298,0.346,0.608,0.492,0.312,0.194,0.424,0.0699999999999999,0.558,0.354,0.422,1
T2dRUFTgLCk,0.0,0.0,0.59,1.02,0.7,0.0,0.84,0.97,0.99,1.47,0.0,0.04,1.21,0.36,1.04,0.0,0.44,1
T6p-4PGf-Cw,1.62,0.82,0.0,0.58,1.655,0.395,0.035,1.295,2.52,1.4249999999999998,0.0,0.0,0.545,0.025,1.38,0.0,0.51,0
T7O2EwCKjrE,0.58,0.0,0.4833333333333333,0.0,1.89,2.43,0.4399999999999999,1.1166666666666667,1.7599999999999998,1.05,0.0633333333333333,0.0,0.7566666666666667,0.16,1.6900000000000002,0.3033333333333333,0.0333333333333333,0
T9zN_s3m5xM,0.5618181818181818,0.0427272727272727,0.3081818181818181,0.52,0.1054545454545454,0.4981818181818182,0.209090909090909,0.2263636363636363,0.2572727272727272,0.3509090909090909,0.5090909090909091,0.2063636363636363,0.41,0.0072727272727272,0.2781818181818182,0.5227272727272727,0.24,1
TA11qP7TuBg,1.23,2.39,0.0,2.82,0.59,0.15,0.8,1.69,0.77,1.73,2.11,0.0,1.78,0.0,1.6,0.0,0.0,2
TCOE79IOmLM,0.34,0.0,1.54,0.31,2.47,4.1,0.42,2.26,2.79,0.74,0.0,0.0,0.0,0.0,2.44,0.2,0.0,0
TDwgAg-2BaY,0.31,0.0166666666666666,1.08,0.53,0.8433333333333333,0.3266666666666666,0.5533333333333333,1.9466666666666663,1.2766666666666666,1.07,0.29,0.1733333333333333,0.0,0.0,1.79,1.7133333333333336,0.5733333333333334,0
TFEIZ4drK-k,0.52,0.0,0.0,0.3,0.75,0.32,0.0,0.78,2.6,0.07,0.0,0.25,0.33,0.11,1.3,0.47,0.0,1
TGZ46HAbePg,0.98,0.54,0.12,0.05,1.81,1.21,0.74,2.71,2.1,1.27,0.0,0.51,0.65,0.12,2.19,0.0,0.19,0
THAzTxjbi8k,0.55,0.0,0.0,0.0,2.22,1.26,1.02,2.04,1.92,1.16,0.0,0.0,0.01,0.0,1.56,0.43,0.0,0
TJ-xXlc171c,1.0366666666666668,0.7799999999999999,0.34,1.0033333333333332,0.87,0.08,0.08,2.09,1.98,2.2,0.0,0.49,0.1933333333333333,0.0,1.13,0.32,0.0,0
TJB9f95X4cg,0.885,0.0,0.605,1.705,0.265,0.185,0.0,1.175,0.805,1.66,0.72,0.685,0.0,0.765,0.225,0.0,0.0,1
TKQqKGOIHFM,0.27,0.0,0.035,0.0,1.115,1.175,0.0,0.64,1.745,2.03,0.03,0.0,0.625,0.4499999999999999,0.26,0.18,0.25,0
TN7lweGEmuk,1.51,1.43,0.36,0.27,0.0,0.0,0.0,0.42,0.6,0.8,0.0,0.0,0.0,0.0,0.3,0.24,0.0,1
TOj-pssurng,1.66,2.83,0.0,2.53,0.0,0.3,0.0,0.13,0.0,0.0,1.76,0.13,0.0,0.0,0.59,1.81,0.77,2
TSv5dcZ_NRQ,0.5266666666666667,0.2966666666666667,0.2633333333333333,0.1866666666666666,1.11,0.6233333333333334,0.99,0.9733333333333332,1.75,1.1866666666666668,0.3533333333333333,0.0633333333333333,0.6433333333333333,0.0566666666666666,1.51,0.35,0.1666666666666666,0
TVO3aqHMPYk,1.0766666666666669,0.3666666666666667,0.3833333333333333,0.9266666666666667,0.0,0.5,0.16,1.0933333333333335,0.4166666666666667,0.4599999999999999,0.6166666666666667,0.5966666666666667,0.58,0.2799999999999999,0.1266666666666666,0.3133333333333333,0.2266666666666666,1
T_WmfJ7_bjE,1.22,0.97,0.39,3.46,0.64,1.2,0.0,1.04,0.31,0.0,0.42,0.02,0.0,0.0,1.5,0.75,0.0,2
Tckjqy0jhG4,0.7075,0.0775,0.0,0.645,1.84,1.595,0.5275000000000001,1.8275,2.215,0.7675000000000001,0.1649999999999999,0.0625,1.03,0.0,1.4675,0.2175,0.2575,0
TeWekX9VORg,0.0,0.0,2.14,2.12,0.46,0.0,0.72,0.74,0.0,0.23,0.19,0.0,0.11,0.0,1.3,0.81,0.0,1
ThxG5a02aT0,1.3,2.36,0.0,3.25,0.47,0.62,0.0,0.49,1.77,0.0,1.35,1.31,1.1,0.0,1.27,0.64,0.0,2
TiCHTyCel1M,0.24,0.0,0.3,1.095,0.705,1.295,0.235,1.53,1.17,1.045,0.0,0.09,0.07,0.38,0.365,0.15,0.1,1
TiyxdTPnL9o,2.29,0.87,0.54,0.0,2.21,1.43,0.08,2.66,2.9,1.49,0.11,0.0,0.0,0.0,3.21,1.12,0.26,0
TjpuhXYRE48,0.3241666666666666,0.0158333333333333,0.5566666666666666,0.0866666666666666,1.1408333333333334,0.8574999999999999,0.4083333333333334,1.1316666666666666,1.315,1.4783333333333333,0.1841666666666666,0.0566666666666666,0.3391666666666666,0.1316666666666666,0.6633333333333333,0.1658333333333333,0.2375,0
Tl--ubgEmks,0.166,0.0,0.0,0.244,1.19,1.6780000000000002,0.506,1.6920000000000002,1.4300000000000002,1.416,0.298,0.108,0.716,0.102,0.826,0.236,0.046,0
TmgLhC31C1o,0.767,0.02,0.366,0.222,0.636,0.656,0.101,0.623,1.111,0.395,0.237,0.219,0.166,0.061,0.791,0.392,0.128,1
Tn5OfBoGJwE,0.0,0.0,0.49,1.26,0.66,0.0,0.71,0.54,0.71,0.9,0.0,0.0,1.34,0.4,1.0,0.0,0.86,1
ToDydz2wCJ0,0.755,0.0,0.36,0.075,1.395,1.72,0.25,2.4450000000000003,1.19,0.585,0.5,0.185,0.385,0.0,1.27,1.245,0.035,0
TvjH_5p7DfE,0.96,1.42,0.0833333333333333,1.153333333333333,0.0,0.3733333333333333,0.0,0.0,0.26,0.2566666666666666,0.0,0.2433333333333333,0.2433333333333333,0.0,1.11,0.7633333333333333,0.0,2
TxRwjf8BLmY,1.46,2.07,0.0,2.39,0.06,1.3,0.0,0.0,1.05,0.0,1.23,0.0,0.0,0.0,1.89,0.43,0.0,2
Ty2GiwdE7jA,0.39,0.675,0.0,1.265,0.295,0.96,0.0,0.22,0.745,0.07,0.105,0.82,0.64,0.225,1.085,0.895,0.59,1
U-5l1A78ATs,1.09,0.0,0.355,0.84,0.8150000000000001,1.045,0.4649999999999999,1.57,0.81,1.97,0.32,0.0,0.38,0.0,1.195,0.0,0.82,0
U0zW0mBu_p0,0.37,0.0,0.0,0.66,1.12,2.47,0.33,2.75,0.93,2.35,1.46,0.81,1.87,0.0,0.19,0.0,0.0,0
U5tOuCwgBpw,0.66,0.64,0.0,0.56,0.395,0.35,0.025,0.69,0.225,0.705,0.005,0.0,0.0,0.01,0.475,0.94,0.0,1
U6UkokV76nM,0.3033333333333333,0.2433333333333333,0.2566666666666666,1.41,0.81,1.4966666666666668,0.16,1.2833333333333334,1.1266666666666667,0.7999999999999999,0.16,0.0,0.0,0.0499999999999999,1.04,0.3066666666666667,0.0766666666666666,1
U6_5bg5108o,1.78,2.49,0.0,1.74,0.0,0.0,0.0,1.1,0.0,0.47,0.78,0.0,0.0,0.0,3.07,1.17,0.0,2
U6lgI1iNHpA,0.61,0.29,0.0,1.265,0.05,0.75,0.615,0.325,0.385,0.615,0.685,1.075,0.0,0.775,0.32,0.86,0.795,1
U6r8HVMCxx0,0.365,0.0,0.76,0.605,0.71,0.725,1.075,0.955,0.745,0.275,0.7050000000000001,0.5449999999999999,1.595,0.26,0.76,1.04,0.09,1
U8XwxNBrsCA,1.28,0.0966666666666666,0.2766666666666666,1.89,0.8433333333333334,0.8166666666666665,0.45,0.5766666666666667,0.7600000000000001,0.69,0.4366666666666667,0.4433333333333333,0.3133333333333333,0.3999999999999999,0.5533333333333333,0.5733333333333334,0.1066666666666666,1
U998QOM02GY,0.0,0.0,0.0,0.0,1.35,1.2066666666666668,0.06,0.7266666666666667,0.99,0.6866666666666666,0.1999999999999999,0.3466666666666667,0.3033333333333333,0.0,0.7733333333333333,0.37,0.5466666666666666,1
UAC0jPgSaqc,1.36,1.55,0.0,2.15,0.0,0.15,0.54,0.02,0.07,0.0,0.96,0.0,0.0,0.49,0.83,1.67,0.0,2
UB4BgwVJUjs,0.5325,0.5975,0.0,0.8375,0.1525,0.8225,0.4725,0.66,0.1075,0.08,0.665,0.575,0.0,0.0675,0.8675,0.5675,0.0,1
UBmkJdJj11Q,1.1766666666666667,0.48,0.11,0.52,0.3033333333333333,0.7200000000000001,0.0,0.42,0.3666666666666667,0.2666666666666666,0.0,0.91,0.0,0.2133333333333333,0.2566666666666666,0.34,0.0,1
UD65igFlINE,0.8855555555555555,0.3138888888888889,0.1277777777777777,1.103888888888889,0.1016666666666666,0.2066666666666666,0.0788888888888888,0.3022222222222221,0.2216666666666666,0.3033333333333333,0.3722222222222222,0.0088888888888888,0.0222222222222222,0.2477777777777777,0.125,0.2016666666666666,0.0027777777777777,1
UDixEHBz4XU,0.0,0.0,0.43,0.0,0.23,0.31,0.34,0.0,0.0,0.99,1.69,0.0,0.31,0.0,0.17,0.0,0.0,1
ULuet4N8eoU,0.0,0.0,0.0,1.36,0.0,1.27,0.0,0.0,0.0,0.28,0.3,0.0,0.0,0.0,0.1,0.96,0.0,1
UNfq6ITddXI,2.72,1.1766666666666663,0.5566666666666666,1.3133333333333332,0.2866666666666667,0.2233333333333333,0.0,0.9966666666666666,1.0733333333333337,0.3666666666666667,0.7633333333333333,0.5766666666666667,0.2966666666666667,0.0,0.8566666666666666,0.0,0.4299999999999999,2
UTHUma6LUjA,1.22,0.45,0.57,0.0,1.15,0.0,0.0,2.06,2.28,2.59,0.0,0.0,1.21,0.0,1.53,0.0,0.0,0
UTLSHq-4w74,0.6828571428571429,0.1357142857142857,1.162857142857143,1.5171428571428571,0.1757142857142857,0.2042857142857142,0.7942857142857144,0.6285714285714287,0.3214285714285714,0.2685714285714285,0.7700000000000001,0.5342857142857143,0.1357142857142857,0.0,0.7642857142857142,0.2485714285714285,0.1142857142857143,1
UXBd8hvKHzA,1.4933333333333334,0.6733333333333333,0.9933333333333332,0.8633333333333334,0.0,0.1566666666666666,0.0,0.52,0.0166666666666666,1.04,0.7599999999999999,0.48,1.2433333333333334,0.0833333333333333,1.0033333333333334,0.32,0.6133333333333333,1
UXPqbMZG5ts,0.57,0.0,0.0,2.58,1.42,0.77,0.0,0.0,1.0,0.0,2.99,1.12,0.0,1.4,0.0,4.26,0.0,1
UZbWyU65_80,0.55,0.0,0.3975,0.485,0.8150000000000001,1.5375,0.3625,1.025,1.245,0.92,0.185,0.025,0.455,0.065,1.375,0.515,0.24,0
Ue0mU-AZmpM,0.7,0.0,0.91,0.0,0.68,2.66,1.98,1.8,0.45,0.0,1.18,0.0,1.57,0.0,0.61,0.0,0.0,1
Uge5taACXqo,0.3275,0.14,0.0075,0.3,1.27,0.9975,0.425,1.0225,1.4475,0.96,0.2425,0.385,0.925,0.5249999999999999,1.1825,0.1725,0.505,0
Uhck2wAnabo,0.0,0.09,0.0,0.0,1.4,0.0,0.64,0.92,2.44,2.42,0.0,0.0,1.14,0.44,0.36,0.0,0.0,0
UhgfEIZQzu4,0.8300000000000001,0.035,0.0,0.59,2.27,1.47,0.34,1.6749999999999998,1.845,0.23,1.655,0.15,0.075,0.0,1.75,0.0,0.39,0
UiK5n3SYb-s,0.865,0.065,0.215,1.1975,0.81,1.2825,0.225,1.4325,1.04,0.745,0.715,0.505,0.9875,0.0575,0.9875,0.0,0.115,1
UiZns0bGEPA,0.8140000000000001,0.406,0.29,0.716,1.216,0.8539999999999999,0.6599999999999999,1.974,0.758,1.198,0.798,0.692,0.624,0.284,1.264,0.5,0.148,0
UipAKWq8YVM,1.87,0.675,0.065,0.565,0.62,0.485,0.0,1.91,1.29,0.49,0.465,0.0,0.56,0.0,1.415,0.575,0.08,1
UkwwzJwcwJE,0.73,0.26,0.0,0.0,1.87,1.43,0.0,1.49,2.2,0.22,0.0,0.0,0.0,0.0,2.47,1.05,0.74,0
Um5Ps_krL7I,0.475,0.04,0.53,0.4,0.935,0.875,0.21,2.21,1.955,0.0,0.48,0.0,0.0,0.0,1.765,0.0,0.485,0
UrPJdohIMUw,1.605,0.27,0.345,0.645,0.58,2.29,0.0,0.45,0.77,0.0,1.925,0.63,0.28,0.0,0.0,0.0,0.0,1
UrXeU489jX4,0.68,1.0599999999999998,0.0666666666666666,1.24,1.356666666666667,0.84,0.25,2.3466666666666667,2.0866666666666664,1.6233333333333333,0.0233333333333333,0.0433333333333333,0.33,0.17,2.303333333333333,0.7999999999999999,0.5366666666666667,0
UrfMGb46J-s,1.725,2.885,0.0,2.605,0.0,0.245,0.0,0.0,0.15,0.3,0.24,0.795,0.0,0.26,0.515,0.92,0.0,2
UtPSGNu07dU,0.292,0.0819999999999999,0.198,0.818,0.68,1.026,0.19,0.702,0.496,0.5980000000000001,0.6060000000000001,0.062,0.172,0.174,0.5720000000000001,0.394,0.1639999999999999,1
UxRTmlmTlp8,0.445,0.0,0.325,0.7575000000000001,1.5475,1.015,0.5549999999999999,1.0425,2.155,0.8925000000000001,0.02,0.0,0.76,0.0,1.7075,0.1625,0.0,0
Uxfu4ZEy7X0,0.43,0.0,0.84,0.27,0.3,1.95,0.52,0.0,0.0,0.0,0.36,0.0,0.0,0.0,0.0,0.66,0.0,1
Uz80mFnPR1w,0.5477777777777777,0.2111111111111111,0.32,0.3966666666666666,0.3255555555555556,0.4177777777777778,0.1744444444444444,0.8066666666666666,0.8444444444444444,0.2711111111111111,0.2866666666666667,0.0122222222222222,0.1388888888888889,0.01,0.8066666666666666,0.6422222222222222,0.2666666666666666,1
UzrtzYFkCyI,0.0966666666666666,0.2466666666666666,0.0,0.4266666666666667,0.3633333333333333,0.2799999999999999,0.34,1.13,0.87,0.5766666666666667,0.1566666666666666,0.24,0.3133333333333333,0.0033333333333333,0.82,0.53,0.0933333333333333,1
V0gH56RlhPQ,0.0,0.0,0.0,1.14,0.0,0.0,0.0,0.78,0.0,0.0,0.49,0.0,0.0,0.0,0.0,1.02,0.0,1
V3TCTZuCGy4,0.5820000000000001,0.19,0.172,0.542,0.9,1.154,0.5640000000000001,0.986,0.994,0.1699999999999999,0.312,0.0,0.126,0.006,0.514,0.5199999999999999,0.5860000000000001,1
V3eTskZkj4I,1.0533333333333337,1.4366666666666663,0.0,1.2166666666666666,0.15,0.0,0.0,0.5766666666666667,0.6866666666666666,0.9266666666666667,0.26,1.0033333333333334,0.1233333333333333,0.0366666666666666,0.1866666666666666,0.3466666666666667,0.0533333333333333,2
V3t0eCwBv5U,1.1675000000000002,0.27,0.155,0.085,1.1075,0.4425,0.18,1.4275,1.5525,1.27,0.2075,0.185,0.0525,0.0,0.925,0.7424999999999999,0.0,0
V4TxG7fVYUo,0.0,0.2433333333333333,0.4533333333333333,0.5299999999999999,0.1633333333333333,0.5966666666666667,0.3466666666666667,0.2266666666666666,0.3533333333333333,0.3733333333333333,0.0633333333333333,0.0766666666666666,0.0699999999999999,0.0,0.8066666666666666,1.0166666666666666,0.0,1
V4bqpSGnnA0,0.758,0.074,0.498,0.432,0.262,0.286,0.0,0.644,0.614,0.0,0.144,0.1619999999999999,0.2259999999999999,0.0839999999999999,0.258,0.0,0.018,1
VA36h1gjHg8,0.0,0.0,0.0,0.19,1.78,2.04,1.4,0.0,1.34,1.56,0.63,0.0,1.32,0.23,0.0,0.0,0.03,0
VAmLydvgvlI,0.7525,1.235,0.025,1.4875,0.0325,0.3675,0.21,0.075,0.1825,0.3775,0.22,0.5775,0.5125,0.0799999999999999,0.2225,0.0,0.0,1
VBpyfBGjHJQ,1.096666666666667,0.3333333333333333,0.0,0.6233333333333333,0.0433333333333333,0.11,0.1266666666666666,0.3766666666666666,0.71,0.3833333333333333,0.2466666666666666,0.43,0.5533333333333333,0.3266666666666666,0.1266666666666666,0.1033333333333333,0.7766666666666667,1
VD5E8E_6jPk,0.0,0.07,2.44,3.76,0.0,0.0,0.59,1.5,0.13,0.0,0.17,0.0,0.56,0.0,0.94,3.54,0.0,1
VDeri66Gw5k,0.2557142857142857,0.2585714285714285,0.0,0.5314285714285714,0.4742857142857142,0.2857142857142857,0.1142857142857142,0.4671428571428571,1.16,0.8442857142857143,0.0742857142857142,0.1314285714285714,0.1285714285714286,0.1628571428571428,1.1,0.4657142857142857,0.1928571428571428,1
VDk96ErSKjk,0.7949999999999999,0.0,0.075,0.21,0.275,0.0,0.01,1.5,1.315,0.785,0.035,0.27,0.19,0.0,1.35,1.225,0.215,1
VFSAR-D2WCE,0.0,0.0,1.87,0.0,3.29,4.94,4.16,3.66,2.39,2.27,0.47,0.05,1.23,0.0,3.41,1.45,1.66,0
VGoWRsoQyr4,0.634,0.344,0.106,0.7619999999999999,0.554,0.5700000000000001,0.2319999999999999,1.012,1.162,0.39,0.076,0.266,0.5640000000000001,0.22,0.696,0.278,0.25,1
VGoWRsoQyr4(1),0.634,0.344,0.106,0.7619999999999999,0.554,0.5700000000000001,0.2319999999999999,1.012,1.162,0.39,0.076,0.266,0.5640000000000001,0.22,0.696,0.278,0.25,1
VI3ikxCDGms,1.625,0.55,0.865,0.0,0.98,1.07,0.445,1.255,0.78,1.445,0.285,0.385,0.155,0.025,1.42,0.515,1.405,0
VKoE3wGc3wI,1.4,0.855,1.26,0.85,0.665,1.51,0.37,0.94,0.605,0.595,0.3399999999999999,0.115,0.5,0.0,1.62,0.615,0.095,1
VL3wgrgay3k,1.16,0.94,0.0,0.8150000000000001,0.33,0.07,0.555,0.75,0.815,0.455,0.18,0.0,0.475,0.0,0.55,0.24,1.085,1
VLIVlWc_eII,0.915,0.0,0.535,0.44,0.0,0.0,0.275,0.22,0.045,0.0,0.185,0.215,0.0,0.0,0.86,1.47,0.0,1
VMCjnPNXoM8,0.0,0.0,0.24,0.0,0.0,0.58,0.31,1.37,0.15,0.0,0.14,0.0,0.8,0.0,2.06,1.51,0.04,1
VOSLLD1EPuY,0.37,0.0,0.235,0.01,0.565,0.02,0.085,0.785,0.885,0.675,0.15,0.21,0.8899999999999999,0.0,1.055,0.0,0.535,1
VPrX23ORDaQ,1.185,0.0,1.28,0.465,0.09,1.36,0.0,0.185,0.0,0.59,0.125,0.835,0.0,0.17,0.615,1.075,0.25,1
VPzTvF8UdcM,1.4966666666666668,0.53,0.6433333333333333,0.7433333333333333,1.1833333333333331,0.5633333333333334,0.4066666666666667,0.8166666666666668,1.4933333333333334,1.0833333333333333,0.0433333333333333,0.2166666666666666,0.1533333333333333,0.1266666666666666,1.04,0.5033333333333333,0.1933333333333333,1
VQDYf9EfMwI,0.3833333333333333,0.03,0.24,0.3733333333333333,1.16,0.9566666666666668,0.41,1.8533333333333333,1.88,0.3133333333333333,0.0,0.0,0.1899999999999999,0.0,1.7366666666666666,0.6133333333333333,0.2633333333333333,0
VRswO3n1d40,1.605,1.485,0.0,0.25,1.45,1.31,0.315,0.92,2.405,1.355,0.0,0.34,0.5800000000000001,0.0,1.43,0.0,0.045,0
VS9PU8NW6jg,0.4971428571428571,0.2214285714285714,0.5585714285714286,1.1728571428571428,0.2842857142857143,0.36,0.1514285714285714,0.7614285714285715,0.59,0.0857142857142857,0.2814285714285714,0.11,0.1814285714285714,0.0,0.7414285714285714,0.3028571428571429,0.0,1
VUg23n16wuU,1.325,0.0,0.8500000000000001,0.1525,0.49,0.305,0.3,0.97,0.5475,1.0625,0.5475,1.215,0.2075,0.43,0.245,0.48,0.0025,1
VVJsDz-omC0,0.8547058823529411,0.2476470588235294,0.3747058823529411,0.9047058823529412,0.1917647058823529,0.2558823529411764,0.5117647058823529,0.8711764705882353,0.4164705882352941,0.6305882352941177,0.6964705882352941,1.0364705882352945,0.3952941176470588,0.198235294117647,0.2723529411764706,0.6158823529411764,0.1188235294117647,1
VW1fCBRUBYk,0.5,0.0,0.1475,0.4625,0.235,0.5675,0.37,0.425,0.115,0.2975,0.15,0.395,0.8475,0.295,0.0125,0.26,0.0,1
VX3AgEC1JJ0,0.73,0.2133333333333333,0.5733333333333334,0.1466666666666666,0.48,0.5866666666666667,0.3033333333333333,0.47,0.84,0.5766666666666667,1.31,0.4633333333333334,0.3766666666666666,0.5733333333333334,0.6266666666666667,0.0333333333333333,0.2633333333333333,1
VXWFdonv_-Q,0.295,0.42,0.0,0.325,1.1,1.315,0.0,0.87,2.52,1.555,0.0,0.235,0.0,0.015,1.43,0.14,0.195,0
VbOmWcb5_B0,1.17,1.22,0.5,0.29,1.37,0.0,0.89,1.72,2.58,0.8,0.0,0.0,0.0,0.3,3.33,0.56,0.0,0
VccHOpKy06Q,2.28,0.72,0.66,0.19,0.87,0.0,0.0,0.0,0.0,0.0,0.69,0.13,0.0,0.01,0.82,0.31,0.0,1
Ve2u-FIEzgY,0.235,0.0,0.3375,0.10875,1.04625,1.5575,0.66125,0.55625,1.15,0.47125,0.12125,0.0,0.9625,0.07,0.99375,0.32875,0.045,1
ViKahoBCRcw,2.1866666666666665,1.1466666666666667,0.3799999999999999,0.3233333333333333,0.36,1.0033333333333332,0.0733333333333333,0.0,0.2533333333333333,0.4133333333333333,0.5066666666666667,0.9666666666666668,0.2833333333333333,0.0,1.1933333333333334,0.3766666666666666,0.1133333333333333,2
VlDzJIgBk4w,1.73,0.95,1.7,0.64,0.0,0.0,0.0,1.22,0.0,0.57,0.84,0.26,0.27,0.0,0.0,1.08,0.0,1
Vl_ApxUIAmE,0.07,0.0,0.7,0.0,0.53,0.3,0.97,1.08,0.0,0.0,1.56,0.61,0.58,0.0,0.0,0.0,0.29,1
VmO94k6De_k,1.6949999999999998,0.0,0.635,0.97,2.675,3.29,1.56,1.86,2.115,0.63,0.335,0.0,0.62,0.0,1.73,0.21,0.0,0
VoUdWRHkDwA,0.02,0.0,0.0,0.55,1.91,2.99,0.9,1.72,1.3,2.58,0.53,0.0,1.85,0.62,2.75,2.24,0.0,0
VvSHdSdi2vY,0.2229411764705882,0.1111764705882353,0.1917647058823529,0.2358823529411764,1.724705882352941,1.6247058823529412,0.8870588235294118,1.1223529411764706,1.575294117647059,1.214705882352941,0.3435294117647058,0.1852941176470588,0.3047058823529411,0.1358823529411764,0.973529411764706,0.2194117647058824,0.1547058823529411,0
VwWCkl-CglI,0.5366666666666667,0.2033333333333333,1.04,0.4866666666666666,1.1833333333333331,2.0,0.69,1.41,1.1566666666666667,1.72,0.3966666666666666,0.6333333333333333,0.43,0.1433333333333333,1.05,0.6766666666666667,0.5833333333333334,0
Vx0TqLbcVpc,0.395,0.0,0.0,0.065,2.155,1.795,0.3299999999999999,2.54,2.36,0.25,0.1,0.17,0.0,0.045,1.97,1.205,0.3,0
Vy12l-WwqlQ,0.35,0.0,0.8375,0.26,0.4025,0.4875,0.625,0.59,0.8674999999999999,0.33,0.3225,0.0,0.2475,0.0,0.9525,0.25,0.7725,1
W0XKBx8rEHI,0.8383333333333333,0.135,0.3333333333333333,0.3016666666666667,1.02,0.8483333333333333,0.465,1.2366666666666666,1.3266666666666669,0.6766666666666666,0.08,0.0666666666666666,0.165,0.02,0.995,0.2866666666666667,0.1633333333333333,0
W2FP5LKON34,1.98,0.3,0.6,1.42,1.24,2.68,0.0,0.94,1.11,0.0,1.14,0.52,1.3,0.0,0.0,0.0,0.0,1
W35rxGezBgQ,0.0,0.0,0.19,0.61,0.02,0.0,0.81,0.51,0.52,0.05,0.84,0.98,0.0,0.63,0.39,0.0,0.0,1
W6KsUlgANow,0.3441666666666667,0.0491666666666666,0.0941666666666666,0.2516666666666666,0.635,0.7533333333333333,0.2966666666666667,0.4933333333333332,0.645,0.5266666666666667,0.0483333333333333,0.1775,0.6966666666666667,0.2658333333333333,0.3858333333333333,0.4925,0.1608333333333333,1
W6OXvnrq5fA,1.4,0.61,0.0,0.78,0.0,0.25,0.03,0.65,0.0,0.0,0.96,1.03,0.58,0.0,0.0,0.0,0.0,1
W7D9L49Ez-U,1.79,2.28,0.41,2.08,0.54,0.155,0.0,0.835,1.59,0.06,0.0,0.0,0.0,0.095,1.85,0.53,0.0,2
W7I3qmSf9NI,0.8792857142857143,0.2792857142857143,0.2842857142857143,0.78,0.3978571428571428,0.47,0.1228571428571428,0.7685714285714286,0.4871428571428571,0.6985714285714285,0.6364285714285715,0.3314285714285714,0.1571428571428571,0.2057142857142857,0.6050000000000001,0.7428571428571429,0.1821428571428571,1
W7Uxblb_Sxg,0.29,0.0,0.1333333333333333,0.6833333333333332,0.7566666666666667,0.2699999999999999,0.2533333333333333,1.03,0.9366666666666666,0.3133333333333333,0.73,1.0433333333333332,0.29,0.2799999999999999,1.2466666666666666,0.3666666666666667,0.4666666666666667,1
W9OyX8n8cRk,1.76,0.52,0.0,0.02,1.08,0.0,0.0,0.82,1.77,0.84,0.0,0.0,0.0,0.0,2.27,0.14,0.23,0
W9a4a1WXAuM,0.04,0.0,0.86,0.1,2.7,1.85,1.36,2.98,2.97,1.77,0.0,0.0,0.0,0.0,2.97,0.91,0.0,0
WCsNRqG0PIM,1.23,0.0,0.15,0.0,0.78,0.23,1.24,0.79,1.47,1.15,0.06,0.67,0.0,0.99,0.0,0.54,0.0,1
WHhcj9jYdL8,0.185,0.0,0.215,0.14,0.315,0.21,0.7999999999999999,0.295,0.025,1.28,0.995,1.075,1.13,0.0,0.0,0.76,0.11,1
WI-TR7Ljjas,1.255,0.6699999999999999,1.665,2.6950000000000003,0.16,0.375,0.0,0.5,0.365,0.44,0.74,0.3,0.89,0.0,0.57,0.235,1.055,1
WJSH3isKuoA,1.356666666666667,1.68,0.2166666666666666,1.6866666666666663,0.02,0.0,0.06,0.1099999999999999,0.0233333333333333,0.0,0.52,0.2799999999999999,0.1433333333333333,0.0233333333333333,1.2933333333333334,0.7400000000000001,0.0,2
WL89vihzjjk,0.72375,0.30625,0.7875,0.92375,0.6799999999999999,0.85125,0.3825,0.62,0.7725,0.315,0.4,0.55,0.1425,0.1962499999999999,0.67625,0.435,0.40875,1
WPW7Xsq8toA,0.0,0.0,3.26,0.0,0.52,2.49,2.07,0.22,0.0,0.0,0.0,0.0,0.0,0.0,1.45,1.62,0.0,1
WQIFuWt7KzM,0.36,0.0,1.3199999999999998,0.205,0.155,0.985,0.075,0.685,0.0,0.6,0.62,0.675,0.04,0.0,0.75,0.0,0.02,1
WQdhMmfJAoc,0.2249999999999999,0.15,0.4,1.93,0.285,0.0,0.495,0.58,0.0,0.0,0.725,0.625,0.0,0.0,0.0,0.8600000000000001,0.04,1
WRHwXkLghAQ,0.445,0.0,1.06,0.03,0.73,2.005,0.53,0.01,0.73,0.555,1.13,2.275,2.545,1.085,0.33,0.185,0.825,1
WS8eYFLtwSY,0.0,0.0,0.705,0.455,1.82,0.615,1.0,1.505,1.215,1.975,1.185,0.54,0.08,0.19,0.66,0.465,0.0,0
WUfRtk1F6ps,0.0,0.0,1.135,0.0,1.855,1.805,1.645,0.53,1.22,1.36,0.455,0.0,1.1949999999999998,0.55,0.41,0.235,0.175,0
WWyZKkQecY4,0.474,0.0,0.19,0.3,1.31,1.006,0.072,0.5820000000000001,1.6,2.054,0.24,0.094,0.7,0.146,0.984,0.096,0.192,0
WX0t13vt5h4,0.8375,0.1675,0.6975,0.4725,0.1925,0.5675,0.1125,0.83,0.025,0.225,0.69,1.4125,0.2825,0.17,0.4625,0.3225,0.115,1
Wb74SmzO0Hg,1.79,0.57,0.0,1.22,0.0,0.0,0.0,0.15,0.05,0.0,1.29,0.0,0.0,0.0,0.13,0.0,0.0,1
Wfjhdicwj60,0.0,0.0,2.26,0.0,0.71,1.13,1.01,0.08,0.0,0.41,0.29,0.0,0.0,0.0,0.65,0.31,2.04,1
WhqgEcnZCFI,2.46,0.43,0.63,1.63,1.1,3.0,0.0,0.49,0.88,0.0,1.19,0.19,0.32,0.0,0.0,0.0,0.01,1
WiwntzOmL8s,0.8466666666666667,0.1566666666666666,0.84,1.0466666666666666,0.1566666666666666,1.32,0.4266666666666667,0.1399999999999999,0.0,0.1366666666666666,2.0466666666666664,1.7433333333333334,1.6666666666666667,0.2666666666666666,0.0,0.3,0.4766666666666666,1
WkRpk4bxUIc,0.14,0.0,0.48,0.25,2.58,3.05,1.04,1.92,3.14,1.13,0.0,0.0,0.51,0.64,3.15,0.06,0.1,0
WlMShsAZcvc,0.18,0.0,0.41,1.03,0.6225,1.1925,0.7525,0.6225,0.3899999999999999,0.6525,0.6575,0.02,0.745,0.0,1.0499999999999998,0.4525,0.0,1
WlQiV5soGOs,0.9975,1.335,0.0,1.1625,1.0775,0.9625,0.4975,0.9425,1.42,0.76,0.0925,0.0,0.085,0.0425,1.7425,0.0975,0.065,0
Wmthd_tHH8E,0.5833333333333334,0.2166666666666666,0.4733333333333334,0.51,0.0,0.4333333333333333,0.2599999999999999,0.42,0.2566666666666666,0.0,0.0966666666666666,0.0,0.0166666666666666,0.0733333333333333,0.2733333333333333,0.4633333333333334,0.0033333333333333,1
Wnc6d-DQpNs,1.735,1.195,0.105,0.96,0.37,0.67,0.56,1.01,0.7,0.425,0.275,0.485,0.0,0.405,1.515,0.56,0.37,2
WnlivU5fYD4,1.9466666666666663,2.776666666666667,0.0,1.2433333333333334,0.0,0.0,0.22,0.1233333333333333,0.7866666666666666,0.26,0.0,0.27,0.25,0.0699999999999999,0.41,0.4666666666666666,0.04,2
Wr1PRU25AE0,0.17,0.86,0.0,0.16,0.0,0.0,0.0,0.09,0.0,0.21,0.13,1.56,0.0,0.67,0.05,0.58,0.63,1
Wst4kBA9jnQ,0.4183333333333334,0.1983333333333333,0.4916666666666667,0.58,0.0666666666666666,0.4783333333333333,0.5583333333333333,0.3383333333333333,0.3733333333333333,0.0783333333333333,0.2366666666666666,0.29,0.62,0.13,0.0,0.0883333333333333,0.0533333333333333,1
Wv7VO6sSQzM,1.21,0.0,0.0,1.19,0.0,0.0,0.0,0.0,0.4,0.0,0.26,0.0,0.0,0.0,0.66,0.0,0.0,1
Wx-K2LXrxxM,0.1875,0.0,0.8075,0.2225,0.19,0.5225,0.6074999999999999,0.4575,0.1575,0.26,0.5825,0.9825,0.7475,0.055,0.035,0.2049999999999999,0.1649999999999999,1
WxudL917gkA,0.125,0.0,0.085,1.625,0.37,1.12,0.0,0.23,0.0,0.21,0.71,0.0,0.0,0.0,1.56,1.52,0.235,1
Wyu0OCB7dn4,0.286,0.01,0.0,0.5900000000000001,0.68,0.186,0.4939999999999999,0.622,0.572,0.346,0.316,0.8539999999999999,0.182,0.406,0.142,0.13,0.112,1
X3csbe8mZnY,0.19,0.0,1.78,0.0,0.2,1.74,0.38,0.28,0.0,0.0,1.03,0.0,2.43,0.0,1.42,0.77,1.51,1
X6qNGn3QxTU,1.136,0.054,0.0819999999999999,1.2120000000000002,1.292,0.784,0.102,1.33,1.44,1.29,0.12,0.346,1.002,0.296,1.202,0.348,0.2299999999999999,0
X7QwsSVQKD4,0.45,0.505,0.955,0.61,0.605,0.835,0.24,0.795,0.965,0.77,0.665,0.11,0.59,0.0,0.875,0.64,1.135,1
X8n3RZ9pjYo,0.6625,0.12,0.1949999999999999,0.3175,0.6425,0.5575,0.2175,1.105,0.8099999999999999,0.5700000000000001,0.6025,0.35,0.5475,0.1025,0.645,0.0025,0.0,1
XAOsZHe93LQ,0.235,0.12,0.0,0.0,0.965,0.485,0.0,0.165,1.96,0.0,0.0,0.53,0.0,0.015,1.345,0.0,0.56,1
XAWlVODAJ5s,1.1257142857142857,0.4771428571428571,0.4014285714285714,0.9214285714285716,0.65,0.6728571428571428,0.2628571428571428,0.7557142857142857,0.7657142857142858,0.2442857142857142,0.1571428571428571,0.21,0.58,0.2042857142857142,0.9871428571428572,0.2514285714285714,0.31,1
XBYoFIvcMfo,1.3,1.8166666666666669,0.2433333333333333,0.6233333333333334,0.1666666666666666,0.3066666666666667,0.0,0.46,0.3766666666666667,0.7966666666666665,0.34,0.3633333333333333,0.1866666666666666,0.0,0.6766666666666667,0.3633333333333333,0.13,2
XCDR6eJpc0M,1.835,2.31,0.0,3.5,0.595,0.6,0.0,1.065,1.41,1.02,0.05,0.0,0.0,0.0,2.0,0.73,0.04,2
XCnOh8Vp4fA,1.89,0.21,0.0,0.33,0.74,0.0,0.69,1.82,0.91,0.76,1.18,0.0,0.0,0.0,1.99,1.03,0.0,1
XF3-hRlrfNQ,0.45,0.26,0.0,2.64,0.41,0.0,0.69,0.0,0.0,0.0,4.7,0.0,0.0,0.0,0.72,0.0,1.51,1
XGxXwtHmpK4,0.0,0.0,0.344,0.284,0.148,1.276,0.4979999999999999,0.2619999999999999,0.354,0.414,0.2339999999999999,0.212,0.446,0.214,0.2719999999999999,0.244,0.52,1
XHgxISMPs5M,1.59,1.41,0.0,0.0,0.0,0.35,0.13,1.77,0.0,0.0,0.99,1.28,0.67,0.0,1.07,0.52,1.29,1
XI0AsIl2bZ0,1.17,0.0,0.26,0.27,1.215,2.035,0.79,1.485,0.945,0.725,0.09,0.0,0.01,0.34,1.105,0.27,0.165,0
XIMQ5o2to_s,0.432,0.0,0.564,0.432,0.5740000000000001,0.922,0.416,0.974,0.94,0.648,0.136,0.1139999999999999,0.568,0.032,1.26,0.104,0.142,1
XKOs_p60BHs,0.7766666666666667,0.4116666666666667,0.1433333333333333,1.08,0.0,0.0,0.0,0.2883333333333333,0.1433333333333333,0.4049999999999999,0.005,0.0,0.1266666666666666,0.035,0.9433333333333334,1.3216666666666663,0.0,1
XMPOW5DS71Q,0.73,0.62,0.0,0.0,1.26,1.93,0.0,1.22,1.99,0.94,0.0,0.29,0.03,0.26,0.4,0.56,0.54,0
XMfnDnulMLo,0.0,0.0,0.0,0.0,1.47,2.25,0.09,2.61,2.59,0.01,0.0,0.0,0.24,0.0,2.33,0.88,0.0,0
XONfKXDAtAA,0.81,0.3066666666666667,0.2066666666666667,0.1566666666666666,1.836666666666667,0.9233333333333332,0.7666666666666667,1.8833333333333333,2.48,1.5566666666666666,0.0833333333333333,0.0833333333333333,0.4166666666666667,0.3233333333333333,2.21,0.0,0.5800000000000001,0
XOwJsnCILhw,0.81,0.53,0.0,0.0,1.2,1.84,0.0,1.08,2.07,0.98,0.0,0.07,0.0,0.12,0.24,0.05,0.52,0
XUqomp-z5T8,1.32,1.17,0.0,1.01,1.48,1.03,0.0,1.8,2.2,1.05,0.0,0.0,0.0,0.0,3.16,0.49,0.0,0
XdmzMZkk0co,1.66,0.2,0.0,2.51,0.48,1.47,0.0,0.0,0.82,0.0,0.0,1.88,0.0,0.55,0.0,0.0,0.02,1
XfHV3FHwMI8,0.43,0.0,0.51,1.4,0.0,0.49,0.24,1.23,0.0,0.0,0.0,0.14,0.81,0.13,0.89,0.0,0.64,1
XfagDObAdLk,0.69,0.7266666666666667,0.2666666666666666,0.94,0.8633333333333333,1.0633333333333332,0.4866666666666666,1.5266666666666666,1.22,0.8133333333333334,0.2366666666666667,0.02,0.69,0.0133333333333333,1.2133333333333332,0.7133333333333334,0.0366666666666666,0
Xfz_kglF6ZU,1.375,0.365,1.45,0.845,1.5750000000000002,1.85,0.215,1.845,1.57,2.635,0.97,0.315,0.0,0.845,2.445,0.585,0.395,0
Xg7V4R6oiNg,1.97,0.0,0.3,0.0,0.24,0.44,0.0,1.91,0.0,0.0,1.44,0.37,0.24,0.0,1.05,0.0,0.36,1
XiAeP_bcYvk,1.2,0.12,1.085,0.5800000000000001,0.0,0.6950000000000001,0.0,1.215,0.895,0.0,0.325,0.04,0.15,0.0,1.5299999999999998,1.255,0.395,1
Xiy9sQRt6Lw,1.15,2.0,0.0,2.11,0.0,0.0,0.0,0.2,0.0,0.04,0.0,0.0,0.0,0.0,0.0,0.59,0.0,2
XlooH2CLTIk,0.48,0.69,0.0,0.84,1.3199999999999998,1.125,0.48,1.26,1.965,0.93,0.45,0.535,0.0,0.0,1.945,1.225,0.04,0
XndDPtkXmTs,0.1,0.0,0.0,0.0,1.84,0.32,0.2,1.54,1.41,1.4,0.06,0.31,0.0,0.0,0.0,0.0,0.56,0
XoXF-xXxTIQ,1.16,0.0,1.75,0.0,0.55,0.0,0.49,0.0,0.16,1.32,0.0,0.0,0.0,0.0,1.24,1.93,1.48,1
XpgFSSrUoro,0.6475,0.07,0.3725,0.5625,0.32,0.59,0.3675,0.38,0.245,0.0,0.435,0.47,0.395,0.11,0.5,0.3775,0.0,1
XqQ6QqWzQ7U,1.235,0.475,0.0,0.515,0.23,0.0,0.29,1.105,0.26,0.965,0.555,1.04,0.0,0.355,0.15,1.08,0.0,1
XuAR0zlllaM,1.78,2.065,0.0,2.545,0.95,0.5,0.04,0.655,1.225,1.01,0.0,0.0,0.0,0.145,1.99,0.78,0.105,2
XvUxJAtnxwQ,0.93,0.0,0.0,0.0,2.96,4.29,1.12,1.71,2.7,0.72,0.03,0.0,0.82,0.32,2.24,0.72,0.64,0
Y11ih1OEszY,0.0,0.0,0.0,2.74,0.0,0.0,0.0,0.0,0.0,0.0,0.59,0.0,0.3,0.0,0.0,1.14,0.0,1
Y1zJSJiK2Mk,1.09,1.125,0.38,0.745,1.625,1.09,0.18,2.07,2.205,0.49,0.16,0.35,0.0,0.085,2.105,0.6950000000000001,1.45,0
Y2VvAiXtP_Y,0.68,0.76,0.0,0.0,1.21,2.12,0.0,1.12,1.97,1.02,0.0,0.29,0.18,0.11,0.38,0.0,0.7,0
Y3GdJZiemDk,0.7300000000000001,0.0,0.128,0.436,0.542,0.826,0.2279999999999999,0.208,1.082,0.682,0.09,0.0,0.648,0.12,0.558,0.536,0.018,1
Y3XKpz8C_bM,0.43,0.0,1.25,0.0,1.3199999999999998,2.675,1.07,1.015,1.045,0.955,0.215,0.0,0.8599999999999999,0.005,1.295,0.7350000000000001,0.295,0
Y8-4rbZnrIk,0.7275,0.35125,0.1912499999999999,1.41,0.5625,1.43,0.25625,0.55375,0.36,0.55375,0.40125,0.18,0.8412499999999999,0.03625,0.805,0.2875,0.1025,1
YCFNwp8TH90,0.65,0.0,0.0,0.0,1.08,0.38,0.0,0.6,1.05,0.35,0.0,0.0,0.0,0.0,0.0,0.15,0.0,1
YE6BquBXgmo,1.665,0.09,0.09,0.105,2.385,2.1,0.52,1.565,1.475,1.6749999999999998,0.485,0.26,0.115,0.955,1.5650000000000002,0.0,0.875,0
YFOx5_ozQH8,0.35,0.44,0.395,0.0,0.7999999999999999,1.35,0.43,0.6849999999999999,0.7449999999999999,0.72,0.395,0.0,1.605,0.0,0.89,2.43,0.68,1
YJn6kJcDDTA,0.425,0.0,1.045,0.01,0.61,1.39,0.855,0.82,0.75,0.815,0.065,0.0,0.16,0.0,1.55,1.86,0.005,1
YJpqmd1FM_8,1.445,0.105,0.7525,0.4775,1.245,1.55,0.3725,1.1025,0.77,0.5525,2.065,0.34,0.7025,0.0225,1.8775,0.515,0.3,1
YK8hGMfNgzE,0.7066666666666667,0.4216666666666666,0.02,0.4316666666666667,0.4266666666666667,0.465,0.2533333333333333,0.5983333333333333,0.4883333333333333,0.61,0.2383333333333333,0.3266666666666666,0.4533333333333333,0.265,0.1616666666666666,0.3016666666666667,0.0,1
YLPogsvk7ew,0.87,0.0,0.79,0.0,0.16,0.0,0.1,0.92,0.18,0.83,0.32,0.33,0.0,0.0,0.0,0.0,0.5,1
YMblJMX0G40,0.85,0.2925,0.185,0.8075,0.1725,0.25,0.12,0.83,0.5800000000000001,0.4275,0.255,0.0,0.3125,0.0,0.32,0.3125,0.0,1
YNjvhHBsX9M,0.19,0.0,0.0,0.0,1.52,0.43,1.16,2.26,1.76,0.0,1.31,0.29,0.83,0.0,2.04,0.0,0.0,0
YO49D7SH130,0.765,0.565,1.395,0.8,0.0,0.285,0.145,0.08,0.0,0.13,1.135,0.1,0.23,0.0,0.435,0.36,0.0,1
YQ5Jv4x_Hp0,0.5716666666666667,0.36,0.7316666666666666,0.125,0.355,1.0066666666666666,0.235,0.6916666666666668,0.8583333333333334,0.165,0.1533333333333333,0.0249999999999999,0.1966666666666666,0.0183333333333333,1.0066666666666666,0.4766666666666666,0.0016666666666666,1
YQGnYrAuHi8,1.335,0.58,0.64,0.38,2.1950000000000003,2.425,0.03,2.485,2.68,1.08,0.0,0.0,0.0,0.09,2.0700000000000003,0.0,0.28,0
YR0ftQ2eIis,2.48,2.92,0.93,2.17,0.0,0.0,0.0,0.64,0.49,0.0,0.0,0.0,0.0,0.0,0.21,1.3,0.76,2
YSVXbP18z0Y,3.35,4.67,0.0,2.48,0.04,1.67,0.0,0.0,1.4,0.55,0.01,0.0,0.11,0.0,2.58,1.91,0.01,2
YSVXbP18z0Y(1),3.35,4.67,0.0,2.48,0.04,1.67,0.0,0.0,1.4,0.55,0.01,0.0,0.11,0.0,2.58,1.91,0.01,2
YUxJ-pihbXc,3.19,1.93,0.38,2.81,1.45,0.98,0.0,2.02,1.72,0.74,0.88,0.0,1.8,0.0,4.54,0.35,0.0,2
YVEXxOhYjrA,0.895,0.655,0.0,0.855,0.44,1.03,0.0,0.585,1.285,0.325,0.19,0.09,0.15,0.0,1.405,0.5800000000000001,0.16,1
YY0-yK2SRi4,0.0,0.0,0.31,0.0,2.32,2.64,0.79,1.27,2.33,1.81,0.18,0.62,0.68,1.06,0.55,0.44,0.0,0
Y_iMpzLuUUQ,0.71,2.73,0.27,3.51,0.0,0.0,0.44,0.0,0.35,0.0,0.37,0.0,0.0,0.0,3.86,2.33,0.0,2
YafWN3flXTU,1.0133333333333334,0.0566666666666666,0.9483333333333333,0.3316666666666666,0.7683333333333334,1.086666666666667,0.3583333333333333,0.9983333333333334,0.975,0.9433333333333334,0.7833333333333333,0.4516666666666666,0.4733333333333333,0.1183333333333333,0.9433333333333334,0.615,0.8116666666666666,1
YdUNrsq6eTE,2.41,0.57,0.69,0.99,0.46,2.61,0.0,0.19,0.46,0.0,0.59,0.07,0.0,0.0,0.0,0.0,0.0,1
Yfu02WSFtR0,0.9825,0.725,1.1675,1.62,0.495,0.835,0.27,0.8999999999999999,0.5975,0.2875,0.5125,0.5825,0.4225,0.0,1.195,0.6749999999999999,0.07,1
YhL6ZF2luIc,0.0,0.92,0.0,1.32,0.56,0.0,0.54,0.0,0.07,0.0,2.82,1.68,0.0,1.71,0.0,0.0,0.39,1
YhVy0eZdUb8,0.425,0.27,0.0,1.38,1.395,1.995,0.11,0.825,1.175,0.0,1.6,1.045,0.28,0.4499999999999999,0.85,0.485,0.39,1
Yk-C5nmpVIQ,0.825,0.82,0.0,0.0,1.265,2.03,0.325,1.73,1.89,0.69,0.35,0.705,0.6950000000000001,0.245,1.58,0.53,0.165,0
YkPiTga-xNI,0.0,0.0,0.0,0.75,3.38,2.77,0.19,1.71,3.66,1.92,0.0,0.0,0.04,0.0,2.79,0.0,0.38,0
YwLkZXeGCDI,0.2799999999999999,0.2339999999999999,0.7060000000000001,0.764,0.5660000000000001,0.364,0.42,0.3299999999999999,0.212,0.652,1.238,0.4,0.482,0.458,0.392,0.936,0.138,1
Z-N_NyiQhbY,0.41,0.0,1.46,0.0,1.56,0.0,0.41,2.95,2.27,3.01,0.59,0.25,0.0,0.0,2.1,0.4,0.0,0
Z2h_Jj0ahGc,0.79,0.0,0.4,0.415,1.245,1.3,0.045,0.6,1.28,0.0,0.55,0.07,0.5900000000000001,0.0,0.17,0.06,0.46,1
Z5EEYQ-lepE,2.1725,1.75,0.84,2.7,0.0,0.0,0.0,0.365,0.225,0.1725,1.29,1.18,0.0,0.01,0.05,0.1475,0.0,2
Z5koqfgUcls,0.0,0.0,0.0,0.0,1.87,1.15,1.08,1.92,1.71,0.44,0.07,0.0,0.68,0.0,2.25,0.0,0.0,0
Z7RIYLXahfE,0.0,0.0,0.23,0.0,0.43,0.0,0.0,0.95,1.87,0.55,0.0,0.0,0.0,0.0,3.47,0.68,3.46,0
Z8g0zOt_c9g,2.01,1.0,0.24,1.9,0.15,0.0,0.0,0.33,1.28,0.66,0.38,1.26,2.2,0.37,0.0,0.0,0.0,2
Z9M_EQ3hszQ,0.615,0.78,0.4599999999999999,1.355,0.77,1.21,0.355,1.14,1.455,1.745,0.335,0.255,0.03,0.095,0.34,0.0,0.295,1
ZB1JAWYtIbg,0.74,0.0,0.14,0.25,2.63,3.94,2.55,2.25,2.03,1.9,0.0,0.0,0.0,0.0,5.0,0.0,0.0,0
ZCUtAYlt-eA,0.9755555555555556,0.2355555555555555,0.7333333333333333,1.0766666666666669,0.2133333333333333,0.55,0.1455555555555555,0.6322222222222222,0.4311111111111111,0.3955555555555555,0.4522222222222222,0.61,0.1155555555555555,0.0,0.4077777777777778,0.8655555555555555,0.1211111111111111,1
ZDNvw9fsmMg,1.385,0.9883333333333332,0.1149999999999999,1.0066666666666666,2.0483333333333333,1.9383333333333328,0.2483333333333333,2.0466666666666664,1.94,0.9066666666666666,0.9966666666666668,0.0499999999999999,0.3849999999999999,0.835,2.5033333333333334,1.4283333333333337,0.0333333333333333,0
ZDQP4SRfrpg,1.5,1.99,0.0,0.29,1.43,0.8,0.0,1.66,3.18,1.4,0.07,0.0,0.0,0.0,2.6,0.95,0.0,0
ZEVLabGmE9w,0.0,0.0,0.0,0.0,1.76,1.76,0.9,1.295,2.1900000000000004,1.215,0.0,0.06,0.09,0.17,1.46,0.46,0.37,0
ZFpnR0xpdRI,0.58,1.36,0.0,1.49,0.0,0.64,0.17,1.01,0.19,0.0,0.06,0.0,0.0,0.0,0.0,0.0,0.0,1
ZHxnWGnmTEk,0.4955555555555555,0.7100000000000001,0.0,1.261111111111111,1.1255555555555556,1.0666666666666669,0.3111111111111111,0.9288888888888888,0.8977777777777778,0.7355555555555555,0.4422222222222222,0.0,0.7822222222222223,0.0066666666666666,1.1577777777777778,0.1888888888888888,0.0055555555555555,1
ZIrqsRSprnY,0.23,0.0,0.76,1.02,1.655,1.44,0.49,2.31,1.675,1.545,0.64,0.0,0.49,0.215,1.545,0.48,0.235,0
ZKC2DpeBaOw,0.0,0.25,0.92,0.0,0.0,0.69,0.36,0.0,0.02,0.0,0.28,0.0,0.72,0.0,0.67,0.0,0.34,1
ZKv35nYm5aw,0.0,0.0,0.0,1.47,0.0,0.0,0.98,0.41,0.39,0.0,0.0,1.6,1.03,0.65,0.0,0.0,0.0,1
ZLZYGufLzE4,3.09,1.27,0.0,0.0,0.45,0.0,0.0,0.71,0.52,0.93,0.14,0.39,0.38,0.13,0.0,0.0,0.0,2
ZLfzADdFjMQ,0.64,0.0,0.0,0.26,0.0,0.38,0.0,1.05,0.99,1.27,0.82,0.19,1.29,0.0,1.24,1.19,0.69,1
ZMHdMN0B3QI,0.945,0.57,0.635,0.5349999999999999,0.76,0.885,0.43,1.375,0.715,0.995,0.29,0.535,0.0,0.055,0.0,0.74,0.085,1
ZMHvYD5TXb4,0.8857142857142858,0.3885714285714285,0.0357142857142857,0.8228571428571428,0.8457142857142858,0.4542857142857142,0.1442857142857143,0.7142857142857143,0.7342857142857142,0.3728571428571428,0.4914285714285714,0.0,0.2042857142857142,0.4828571428571428,0.5599999999999999,0.2042857142857143,0.0,1
ZPZD8BZjXX4,0.98,0.74,0.0,0.0,1.24,1.92,0.0,1.06,1.95,1.03,0.0,0.07,0.0,0.18,0.32,0.0,0.59,0
ZPgfFMFylaY,0.965,1.29,0.75,0.8400000000000001,0.0,0.285,0.0,0.78,1.165,1.225,0.48,0.095,0.0,0.18,0.935,1.365,0.38,1
ZTiFnGBMgKU,0.575,0.2525,0.835,0.3375,0.44,0.9675,0.3375,0.795,0.455,1.83,0.895,0.035,0.605,0.405,0.8875,0.74,0.47,1
ZUWFIXxkWhs,2.32,1.03,1.12,0.42,0.26,0.55,1.53,1.39,0.77,0.0,1.35,0.0,1.42,0.0,0.48,0.0,0.0,1
ZWGDjgZ76q8,0.0,0.0,0.0,0.55,0.0,0.0,0.285,0.0,0.67,0.375,0.31,0.0,0.04,0.0,1.025,0.0,0.0,1
ZWTRWKPcndE,0.6875,0.5499999999999999,0.5125,0.8374999999999999,0.01,0.3175,0.235,0.31,0.0,0.185,0.53,0.37,0.0125,0.015,0.3575,0.255,0.115,1
ZXJ1Ebsux4g,1.29,1.155,0.0,1.24,0.145,0.0,0.22,0.355,0.55,0.07,0.105,0.0,0.0,0.085,0.855,0.0,0.4599999999999999,1
ZXRChhajpic,0.3,0.1525,0.08,0.3875,0.105,0.375,0.005,0.7550000000000001,0.18,1.135,0.7425,0.6925,0.2775,0.2675,0.5449999999999999,1.245,0.1925,1
Z_hNMcayu2A,0.0,0.0,1.69,1.47,0.74,0.0,0.0,0.0,0.0,0.0,3.86,1.37,0.8,0.0,0.82,0.0,0.0,1
ZcyO-ggx5tQ,0.142,0.0,0.272,0.0419999999999999,1.3139999999999998,0.792,0.458,0.954,1.15,0.36,0.944,0.332,0.5740000000000001,0.212,1.356,0.478,0.012,1
ZdELq23qUTQ,0.462,0.0,0.232,0.45,0.446,0.428,0.0839999999999999,0.306,0.292,0.386,0.026,0.016,0.382,0.058,0.4019999999999999,0.718,0.36,1
ZddfrVMyJH8,1.21,0.0,0.8733333333333334,1.4933333333333334,0.2333333333333333,0.5933333333333334,0.4833333333333333,0.0,0.21,0.34,0.59,0.1233333333333333,0.3733333333333333,0.3933333333333333,0.2733333333333333,0.0,0.0366666666666666,1
ZfRf8dyBgBg,1.36,0.0,0.04,0.78,1.99,0.0,1.55,3.0,3.62,1.32,0.42,0.0,0.0,0.0,1.87,0.77,0.48,0
Zih_iGT9wM8,1.485,0.0,0.045,0.6,1.3650000000000002,0.63,0.335,0.8,1.07,0.71,0.0,0.0,0.64,0.16,0.8150000000000001,0.0,0.0,1
ZiyjvKUTBjA,1.2,0.825,0.0,0.46,1.73,2.065,0.745,2.02,2.225,1.385,0.735,0.05,0.79,0.0,2.14,0.18,0.145,0
ZjZ9hap6gGI,1.07,0.0,0.53,1.84,0.0,1.75,0.52,0.63,0.0,0.03,0.55,0.31,0.0,0.0,0.39,0.0,0.0,1
Zo6TM_iRyJc,0.175,0.495,0.0,2.04,0.0,0.0,0.0,0.14,0.0,0.08,0.245,0.235,0.0,0.4,0.13,1.06,0.0,1
Zoo8qhijf5Y,1.41,0.14,0.91,1.435,0.0,0.135,0.0,0.035,0.0,0.525,0.185,1.115,1.01,0.31,0.19,0.995,0.11,1
ZvEL7DCJs5k,0.8200000000000001,0.51,1.31,0.105,0.0,0.0,1.105,0.065,0.0,0.0,2.5,0.31,0.0,2.99,0.025,3.01,0.5700000000000001,1
ZvRGNzNuUx8,0.6366666666666667,0.085,0.8183333333333334,0.8666666666666667,0.0933333333333333,0.1,0.01,0.1966666666666666,0.36,0.2783333333333333,0.3883333333333333,0.8783333333333334,0.3266666666666666,0.2233333333333333,0.015,0.5583333333333333,0.3533333333333333,1
Zw9Cj-bT-5U,0.1133333333333333,0.1133333333333333,0.0,0.18,1.4666666666666668,1.5833333333333333,0.8333333333333334,1.21,1.2466666666666666,0.6699999999999999,0.1266666666666666,0.4599999999999999,0.08,0.3333333333333333,1.7566666666666668,1.21,0.0,0
ZwpVhNFsfPM,0.65,0.21,0.0,0.0,0.49,0.9,0.91,1.78,0.23,0.0,0.2,0.0,0.0,0.0,2.68,1.07,1.32,0
ZxL58tCcTOQ,0.4833333333333334,0.0733333333333333,0.0,0.1166666666666666,0.0,0.0,0.2033333333333333,0.49,0.3366666666666666,0.6033333333333334,0.43,0.7933333333333333,0.3833333333333333,0.0,0.25,0.7200000000000001,0.6133333333333334,1
_0flcFZKaH8,0.57,1.36,0.0,0.18,0.21,1.43,0.0,0.28,2.24,1.58,0.0,0.0,0.33,0.0,0.87,0.01,0.09,0
_1IE7uMo8iU,0.53,0.62,0.0,0.48,0.93,1.78,0.66,0.0,1.84,0.0,0.17,0.0,0.66,0.0,2.76,1.37,0.25,0
_3hVuFqtGA8,0.8233333333333333,0.4733333333333333,0.1433333333333333,0.5533333333333333,0.2166666666666666,1.1466666666666667,0.3666666666666667,0.7233333333333333,0.7266666666666666,0.9733333333333332,0.1866666666666666,0.0,0.7166666666666667,0.0,0.8333333333333334,0.38,0.4233333333333333,1
_4SSzYOzkG0,0.9066666666666666,0.0,0.13,0.5733333333333334,0.47,0.04,0.0533333333333333,0.9966666666666668,0.3066666666666667,0.38,1.356666666666667,0.57,0.5766666666666667,1.0266666666666666,0.79,0.11,0.1766666666666666,1
_5ZwLBjVJ30,1.2175,0.5725,0.1125,1.27,0.2275,0.1999999999999999,0.0,0.7525,0.6025,0.615,0.39,0.3025,0.0725,0.0275,0.435,0.5325,0.3175,1
_79OZZQRZN4,1.2,0.0,1.18,0.0,0.185,0.82,0.07,0.905,0.47,1.08,0.325,0.85,0.785,0.04,0.165,0.0,0.585,1
_8WB6DhU0PE,1.255,0.48,0.375,0.5950000000000001,0.265,0.525,0.0,0.13,0.555,0.925,0.27,0.8,0.945,0.115,0.515,0.915,0.74,1
_AWKKCUJnk0,2.69,2.86,0.0,3.11,0.19,1.02,0.0,0.96,0.88,0.73,0.65,0.85,0.72,0.0,0.9,0.72,0.0,2
_DWXlySq7p4,1.315,0.035,0.395,0.745,0.11,0.565,0.0,0.38,0.385,0.715,1.235,0.475,0.0,0.63,0.325,0.73,0.185,1
_GbBvDWLMn4,0.515,0.72,0.1625,1.3575000000000002,0.3825,0.7675000000000001,0.6525000000000001,0.925,0.7450000000000001,0.2675,0.395,0.32,0.0525,0.0825,0.8525,0.8374999999999999,0.435,1
_HSQsi3Ol-Q,1.65,1.68,2.22,1.3,0.0,0.81,0.65,1.0,0.01,0.0,0.0,0.75,0.0,0.0,0.31,0.54,0.0,2
_I8wNd_0Cng,0.26375,0.12625,0.445,0.4225,0.8075,1.165,0.33875,0.63125,1.07,1.08375,0.27375,0.05875,1.0125,0.11375,0.76125,0.27125,0.08,1
_IjUsVx6WVg,1.14,0.435,0.33,0.57,0.385,0.585,0.97,0.55,0.4,0.0,1.255,2.5,0.0,0.0,0.56,0.755,0.0,1
_M3ScFB7d8w,3.14,1.02,2.24,4.61,0.0,1.68,1.13,1.21,0.0,0.0,1.86,0.11,0.2,0.0,2.67,0.0,0.0,2
_MRKWqd3L3w,0.0,0.0,0.12,0.095,1.525,1.405,0.625,1.25,1.62,0.055,0.0699999999999999,0.0,0.515,0.0,0.89,0.39,0.13,0
_NDGwUzXNFM,0.595,0.0,0.445,0.5800000000000001,0.7849999999999999,0.46,0.57,0.58,0.58,0.0,0.405,0.0,0.0,0.25,0.95,0.0,0.285,1
_NM4uI_ntX8,0.5566666666666666,0.8233333333333333,0.3833333333333333,1.11,0.11,0.4466666666666667,0.51,0.83,0.6366666666666667,0.34,0.4066666666666667,0.0266666666666666,0.0,0.02,0.3799999999999999,0.3333333333333333,0.2033333333333333,1
_N_a7oVNfrg,1.605,2.44,0.215,2.51,0.86,1.115,0.135,1.5550000000000002,1.335,1.225,0.455,0.395,0.285,0.0,2.165,1.44,0.0,2
_NzvNZ-dMuA,0.89,0.03,0.0,0.61,1.8,0.74,1.04,1.51,1.36,0.1,0.0,0.0,0.0,0.05,2.07,1.08,0.0,0
_SqrtpMVLOc,0.6307692307692307,0.4115384615384615,0.6246153846153847,1.0723076923076922,0.0815384615384615,0.2869230769230769,0.1515384615384615,0.2784615384615385,0.2553846153846154,0.2946153846153846,0.2953846153846153,0.2692307692307692,0.2330769230769231,0.053076923076923,0.6569230769230769,0.5576923076923077,0.2015384615384615,1
_U68ozbzkqg,2.15,2.06,0.0,2.38,1.42,0.88,0.0,1.525,0.95,0.96,2.31,2.04,0.91,0.345,0.945,1.52,0.0,2
_UgMjYOmuZI,0.9442857142857142,0.3228571428571428,0.7914285714285715,1.0342857142857145,0.3642857142857142,0.25,0.1928571428571428,0.722857142857143,0.7285714285714285,0.5214285714285715,0.4228571428571429,0.1028571428571428,0.52,0.0271428571428571,0.3842857142857143,0.06,0.4171428571428571,1
_VyIplCMi4A,1.86,1.33,0.0,2.42,1.31,1.23,0.86,2.81,2.22,0.05,0.17,0.0,0.45,0.29,1.5,0.92,0.04,2
_XGyyuBHo0o,0.57,0.0966666666666666,0.8466666666666666,0.4833333333333334,0.88,0.51,0.2766666666666666,0.86,1.0833333333333333,0.17,0.15,0.0,0.23,0.0,2.356666666666667,0.6133333333333334,0.0699999999999999,1
_YzEYbX8Ju0,0.32,0.0,0.3916666666666666,0.2633333333333333,0.5516666666666666,1.4633333333333336,0.475,0.7666666666666666,0.9516666666666668,0.2233333333333333,0.1116666666666666,0.03,0.3433333333333332,0.085,0.7399999999999999,0.63,0.0966666666666666,1
_aAeGztwbpw,0.6433333333333333,0.9466666666666668,0.0,3.0,0.4533333333333333,0.4599999999999999,0.17,0.86,0.8966666666666666,1.663333333333333,0.11,0.8133333333333334,0.6233333333333334,0.3166666666666666,0.93,1.12,0.0,2
_axaqyGbSmk,3.3,1.28,2.24,0.28,0.0,0.0,0.0,0.0,0.0,1.92,0.13,0.07,0.0,1.07,0.11,0.0,0.0,2
_c4HJnpPJJM,0.87,0.59,0.0,0.0,1.25,2.03,0.0,1.06,1.99,1.03,0.0,0.2,0.12,0.06,0.43,0.12,0.68,0
_eGxfDkte9Y,1.97,0.0,0.62,1.46,0.15,0.0,0.76,1.25,0.88,1.09,0.6,1.77,0.0,0.3,1.07,0.41,0.45,1
_fIQurJlK-0,0.98,0.83,0.0,0.55,0.0,0.0,0.0,0.0,0.0,0.0,0.13,0.0,0.0,0.0,0.0,0.0,0.0,1
_imBxendSy4,0.715,0.65,0.0,0.44,0.295,0.075,0.0,0.605,0.3,0.435,0.005,0.0,0.0,0.0,0.41,0.42,0.0,1
_iwYr_FG9f8,2.59,0.0,1.06,1.72,0.0,0.0,0.22,0.0,0.0,2.0,0.26,0.6,0.0,0.0,0.47,0.27,0.36,1
_jiVtXsfupo,1.2366666666666666,0.1833333333333333,1.02,1.0233333333333334,0.3266666666666666,0.6233333333333334,0.1466666666666666,0.8099999999999999,0.64,1.06,0.45,0.38,0.0,0.1933333333333333,0.4033333333333333,0.7666666666666666,0.0,1
_kKm-OqzmWs,2.73,0.9,0.55,1.88,2.13,3.83,0.76,0.84,1.28,0.6,0.89,0.37,3.32,0.99,0.76,0.0,0.0,0
_nJkaMeJESU,0.13,0.0,0.0,1.59,0.0,0.99,0.36,0.0,0.0,0.0,1.49,0.51,0.38,0.0,0.0,0.0,0.0,1
_o75JPAZM1c,0.7766666666666667,0.3899999999999999,1.02,1.0366666666666668,0.2066666666666666,0.5399999999999999,0.0,0.53,0.69,1.4633333333333332,0.47,0.6633333333333333,0.7333333333333334,0.4200000000000001,0.61,0.59,0.99,1
_pKWT4ZcobQ,1.42,0.38,1.285,0.0,0.855,2.065,0.765,1.95,0.83,0.0,0.475,1.345,0.72,0.43,0.0,0.18,0.0,1
_q5xGr3Hs04,0.12,0.0,0.0,0.02,1.745,1.085,0.2,1.235,2.805,0.845,0.035,0.0,0.14,0.0,1.905,0.035,0.0,0
_qWi95cDlAA,0.68,0.0425,0.1325,0.8125,1.3825,1.2875,0.4625,1.09,0.9975,0.5175,0.4475,0.3399999999999999,1.2575,1.1525,1.4500000000000002,0.645,0.0,1
_qZsmW5IW20,1.62,1.31,0.0,0.78,1.14,1.87,0.0,3.97,2.64,1.79,0.45,0.0,0.76,0.0,2.08,0.0,0.36,0
_qoxcsCD7kw,0.0,0.0,4.0,0.0,0.0,0.0,1.53,0.0,0.0,0.0,0.5,0.36,0.0,0.0,0.0,0.11,2.14,1
_sR1cALLCVg,0.0,0.0,0.0,0.0,2.53,1.07,0.0,1.81,2.5,1.76,0.66,0.98,0.89,0.0,0.87,0.07,0.0,0
_ximeemA3OI,0.9325,0.3125,1.4575,0.4525,0.28,0.6975,0.0,0.7025,0.8525,0.34,0.39,0.485,1.4525,0.01,0.4349999999999999,0.61,0.105,1
_xuMLlPPhtc,2.05,2.89,0.0,1.92,0.52,0.0,0.0,0.0,1.24,0.55,0.0,0.0,0.05,0.03,1.97,1.22,0.0,2
a0Yr4CejPXg,0.5066666666666667,0.4433333333333333,0.0033333333333333,0.75,0.9066666666666666,0.7233333333333333,0.13,0.8666666666666667,0.45,1.2833333333333334,0.15,0.2633333333333333,0.0033333333333333,0.0,1.0599999999999998,0.2833333333333333,0.0,1
a1Pd3XPaAuE,0.685,0.0033333333333333,0.1083333333333333,1.0983333333333334,0.4933333333333333,0.43,0.1366666666666667,1.1483333333333334,0.955,0.7983333333333333,0.3216666666666667,0.84,0.5416666666666666,0.3516666666666666,0.6983333333333333,1.085,0.445,1
a1g3kt4XLfo,0.0,0.0,0.1,0.0,0.895,0.55,0.055,0.8800000000000001,2.115,1.06,0.0,0.0,0.18,0.0,1.81,0.525,0.0,0
a1jF-AokfCQ,1.0725,0.3,0.6725,0.3025,0.5974999999999999,1.4575,0.5175,0.7,0.55,0.4075,0.0525,0.0,0.5275,0.1325,0.7925,0.7274999999999999,0.04,1
a8kwJYMSyFI,0.72,0.0,0.355,0.24,1.42,2.055,1.15,0.495,0.31,1.16,0.445,0.35,0.8799999999999999,0.14,0.315,0.3349999999999999,1.005,1
a9PyRuEJlbM,0.95,0.98,0.0,0.22,0.0,0.0,0.0,0.0,0.36,0.08,0.17,0.0,0.0,0.12,0.0,0.0,0.0,1
a9ss9hxdc_g,1.885,2.565,0.085,2.19,0.0,0.0,0.0,0.1649999999999999,0.14,0.065,0.06,0.0,0.0,0.0,1.54,0.19,0.04,2
aA8hpFdp8rk,0.21,0.0,0.0,0.0,0.72,0.93,1.19,1.35,1.53,2.14,0.0,0.0,0.32,0.0,0.54,0.11,0.03,0
aBBKBpmtfTU,0.335,0.0,0.76,0.0,1.99,1.38,1.285,2.06,2.02,1.62,0.3,0.0,0.375,0.165,2.815,1.365,1.32,0
aDAR65Fcp7E,0.7,0.0,1.45,0.1,0.05,0.08,0.39,0.48,1.23,1.86,0.0,0.64,0.42,0.03,0.03,0.0,0.25,1
aDMij0Q5trA,2.08,0.05,0.39,1.52,1.32,2.69,0.0,0.98,1.13,0.34,1.46,0.5,1.61,0.0,0.0,0.0,0.02,1
aHXJvqCqhyc,0.6,0.3142857142857143,0.6228571428571428,0.8200000000000001,0.33,0.51,0.27,0.6185714285714285,0.38,0.5057142857142857,0.2485714285714285,0.2757142857142857,0.1457142857142857,0.0,0.5242857142857142,0.5157142857142857,0.0,1
aIOMYGTHqqA,0.0,0.29,1.29,2.54,0.0,0.0,0.0,0.0,0.0,0.0,0.0,0.0,0.0,0.0,1.37,1.7,0.0,1
aJ3H99d41l0,0.3,0.0,0.0,0.05,2.56,2.16,0.0,3.01,3.0,2.62,0.0,0.0,0.88,0.0,2.49,0.0,0.0,0
aLXp5M1mdoo,0.92,1.255,0.0,0.085,0.13,0.49,0.0,0.205,0.3,0.0,0.775,0.21,0.27,0.055,0.16,0.16,0.495,1
aNTEtfr81E4,2.16,0.21,1.03,1.4,0.0,0.76,0.0,0.8,0.0,0.0,2.15,0.37,0.0,1.67,0.15,0.77,0.6,1
aPgwD05HHKE,0.0,0.0,0.0,0.0,0.68,0.1,0.74,0.19,0.13,1.1,0.53,2.23,2.17,0.43,0.0,0.0,0.0,1
aRVWwPgSOkk,0.57,1.59,0.0,0.0,0.5,1.11,0.39,0.0,0.78,0.0,0.0,0.0,0.0,0.0,1.99,1.37,0.0,1
aRhLGffqjgk,2.02,0.43,1.23,0.75,0.92,3.52,1.14,1.36,0.0,0.0,0.71,0.0,0.0,0.0,2.19,1.68,0.47,0
aSvGcCDoVt0,0.0,0.0,0.0,2.62,0.71,0.0,0.08,0.78,0.41,0.0,0.0,0.0,0.0,0.0,0.0,0.0,0.0,1
aW1C2JvSSHg,1.14,0.0,0.69,0.07,1.965,3.225,0.76,1.875,2.03,0.6950000000000001,0.285,0.445,0.255,0.34,1.245,0.285,0.105,0
aYc5vE28Big,1.11,0.77,0.335,1.62,0.0,0.0,0.0,0.595,0.565,0.0,0.0,0.0,0.225,0.0,1.5950000000000002,2.08,0.0,2
abYIe3yt2E8,0.69,0.9566666666666668,0.6166666666666667,2.37,0.3933333333333333,0.2933333333333333,0.4266666666666667,0.0666666666666666,0.03,0.2733333333333333,0.2533333333333333,0.1966666666666666,0.2366666666666666,0.0366666666666666,0.5433333333333333,1.1733333333333331,0.0,1
acp-2bET9Tk,0.345,0.175,0.0,1.0325,0.3075,0.27,0.0,0.4475,0.695,0.4175,0.0,0.235,0.1225,0.0975,1.0699999999999998,0.47,0.225,1
affyMammfp4,0.38,0.16,0.145,0.38,0.92,0.585,0.77,0.18,0.19,0.345,1.37,0.17,0.6699999999999999,0.3,0.59,1.67,0.0,1
afsIRMFQR3U,0.66,0.2033333333333333,0.9333333333333332,0.8533333333333334,1.3666666666666665,2.3866666666666667,0.7133333333333333,1.2966666666666666,0.7200000000000001,0.1466666666666666,0.9433333333333334,1.106666666666667,0.2166666666666666,0.97,0.7200000000000001,0.9666666666666668,0.0,1
aiF84sKG90U,1.2,1.85,0.275,0.46,0.245,0.5549999999999999,0.135,0.455,2.44,0.29,0.055,0.415,0.0,0.115,1.89,1.835,0.485,2
aiWO5CxPUXk,1.0125,0.4275,0.28,1.9625,1.38,0.78,0.295,1.265,1.5375,0.7725,0.0325,0.2475,0.3425,0.19,1.315,0.3575,0.0,0
aj6yPs9Z5sc,0.0,0.0,0.05,0.0,2.67,3.65,1.05,2.07,2.2,1.18,0.0,0.0,0.37,0.9,2.45,0.0,0.0,0
alFcZ3YZSig,0.41,0.0,0.59,0.5066666666666667,0.48,0.7733333333333333,1.2366666666666666,1.0166666666666666,0.5433333333333333,0.8099999999999999,1.4500000000000002,1.6666666666666667,0.0,0.0999999999999999,0.95,0.27,0.0,1
anOwLiXRa5w,0.0,0.0,0.24,0.14,1.565,2.095,1.105,2.45,1.89,2.005,0.015,0.0,0.435,0.0,2.685,0.3399999999999999,0.0,0
anSOkTr4ugk,0.0,0.0,0.305,0.06,0.0,0.0,0.26,0.035,0.675,0.115,0.47,0.7,0.0,0.25,0.0,0.0,0.21,1
apd8JY86i4s,1.105,0.4,0.76,1.7950000000000002,0.285,1.085,0.895,0.675,0.225,0.0,1.48,0.42,0.0,0.36,0.0,0.715,0.0,1
asVHaM9QXzQ,0.0,0.0,1.3,0.0,2.0,2.12,1.32,1.72,1.98,1.87,0.0,0.0,0.0,0.12,1.59,0.0,0.0,0
ata_KjyCz4M,0.82,0.0,0.19,0.0,0.87,0.0,0.0,0.9,1.16,0.0,1.25,1.79,2.52,0.55,0.22,1.05,0.0,1
auC65HEaRQI,0.605,0.36,0.3075,0.2274999999999999,2.2625,2.28,0.65,1.9725,2.14,0.8425,0.11,0.1,0.0,0.1,1.7925,0.03,0.1075,0
avVOKbL4dpI,0.445,0.0,0.0,0.205,1.08,2.295,0.375,0.65,0.83,0.77,0.79,0.67,0.375,0.445,0.42,0.185,0.4499999999999999,1
b21dwnHHSig,0.365,0.0,0.0,0.57,2.7350000000000003,0.755,0.225,1.295,1.88,0.0,0.045,0.0,0.24,0.085,1.41,0.0,0.0,0
b2BiKjTyqII,1.596666666666667,0.0866666666666666,0.7999999999999999,0.2533333333333333,0.6233333333333334,0.6633333333333334,0.5233333333333333,1.1866666666666668,0.63,1.49,0.3333333333333333,0.0066666666666666,0.5766666666666667,0.04,0.82,0.7866666666666666,0.0733333333333333,1
b2OS-bv_9ts,0.94,0.0,0.0,2.06,0.0,0.0,0.0,0.0,0.0,0.0,1.23,2.11,0.0,0.16,0.0,1.08,0.0,1
b4lIezLc0ZY,1.05,0.0,1.21,1.21,0.0,3.4,0.0,0.0,0.0,0.0,1.2,0.26,0.0,0.0,0.87,0.0,0.14,1
b6qUzEN6--g,0.0,0.0,2.2,2.51,0.0,0.0,0.0,0.0,0.0,0.0,0.0,0.0,0.0,0.0,1.2,1.32,0.0,1
b9oguyK0IPQ,1.365,0.94,0.87,0.5249999999999999,2.365,1.94,1.095,2.29,2.395,1.075,0.0,0.0,0.155,0.0,2.135,0.785,0.015,0
bAn0qP3BHcI,1.1775,0.055,0.5925,0.3875,1.34,0.0425,0.33,0.9125,1.295,1.0175,0.155,0.0875,1.2174999999999998,0.1124999999999999,1.1625,0.065,0.11,1
bDhhBLga2I0,0.0,0.0,0.215,0.92,0.7799999999999999,1.95,0.055,1.52,1.58,0.305,0.26,0.0,0.275,0.29,1.24,1.505,0.0,0
bGpXVxq_7iU,0.8859999999999999,0.1,0.0,0.364,1.174,0.836,0.208,0.65,1.146,0.6,0.104,0.098,0.714,0.176,0.492,0.0,0.36,1
bH_TiXuz5ng,0.4,0.0,1.105,0.545,1.545,0.765,0.105,1.7399999999999998,2.51,0.78,0.0,0.0,0.5900000000000001,0.0,2.695,0.0,0.595,0
bHa9LfG38bA,0.355,0.0,0.155,0.1825,1.6625,0.87,0.3075,1.685,2.2225,1.05,0.0275,0.0,0.545,0.06,1.9575,0.4825,0.21,0
bJyXT6HK7Us,1.17,0.2466666666666666,0.3633333333333333,0.8533333333333334,0.1866666666666666,0.3333333333333333,0.4266666666666667,0.7866666666666667,0.5066666666666667,0.5766666666666667,1.6833333333333331,1.1333333333333333,0.0,1.6666666666666667,1.2100000000000002,1.88,0.0,1
bKCr62Dk7Us,2.42,2.17,0.0,3.59,0.0,0.59,0.0,0.0,0.0,0.0,0.74,0.0,0.0,0.0,0.0,0.0,0.0,2
bPUI6knEB7w,0.6699999999999999,0.0,0.28,1.27,0.6366666666666667,0.4866666666666666,0.42,0.7966666666666667,0.17,0.8266666666666667,1.7233333333333334,1.2033333333333334,1.0,0.82,0.6166666666666667,0.3433333333333333,0.0,1
bQdfoCTjU7E,1.4233333333333331,0.1566666666666666,0.2833333333333333,0.15,0.3666666666666667,1.0266666666666666,0.4666666666666666,1.58,0.7733333333333333,1.0433333333333332,0.5666666666666667,0.2733333333333334,0.61,0.0,1.7933333333333337,0.6633333333333333,0.2066666666666666,1
bRLJhD0Js5U,1.18,0.94,0.18,0.345,0.73,1.4449999999999998,0.405,1.375,0.245,0.79,0.5900000000000001,0.82,1.14,0.28,0.48,1.025,0.0,1
bSaPw3r8lkc,0.5266666666666667,0.2333333333333333,0.2666666666666666,0.24,0.5766666666666667,1.0799999999999998,0.32,0.8366666666666666,0.4266666666666667,0.8300000000000001,0.06,0.29,0.6900000000000001,0.1733333333333333,0.58,0.3799999999999999,0.2866666666666667,1
bTLMJvuPbZc,1.92,2.51,0.0,3.19,0.57,1.95,0.0,2.07,2.14,0.94,0.37,0.0,0.62,0.33,1.95,0.0,0.0,2
baIR7eMg5Ug,0.0,0.0,0.56,0.0,2.15,2.62,0.6,2.03,2.29,1.92,0.0,0.0,0.09,0.33,1.59,0.0,0.0,0
bbHLfaq8LzQ,1.645,1.065,0.825,1.13,0.0,0.0,0.345,0.075,0.0,0.0,0.33,0.785,0.465,0.155,1.03,1.45,0.685,2
bbkUGFFjX_c,0.0,0.0,0.86,0.0,1.455,2.12,0.6,0.89,1.335,0.6,0.33,0.825,1.25,0.22,0.6699999999999999,0.8300000000000001,0.0,0
bfn9tndD9iM,2.48,1.67,0.0,2.15,0.0,0.0,0.0,0.0,0.0,0.0,0.0,0.0,0.02,0.0,1.9,0.07,0.0,2
biJBN1vOIDA,0.725,0.52,0.0,2.76,0.865,0.69,0.0,1.345,1.585,0.16,0.0,0.0,0.085,0.19,1.215,0.255,0.0,2
bj4tLSZnIqM,1.3,2.62,0.0,2.67,0.74,2.2,1.44,1.83,1.81,1.25,1.36,0.0,0.0,3.63,4.77,1.65,0.0,2
bkjKixwujk0,2.74,1.53,0.4,1.01,0.69,0.7,0.0,1.82,1.16,0.0,0.0,0.0,1.09,0.0,2.26,2.33,0.19,2
bqO6iZcLrv4,0.1399999999999999,0.0,0.0,0.775,1.175,2.47,0.28,1.205,1.595,1.21,0.025,0.0,0.045,0.04,1.89,0.945,0.0,0
bsTb5vMw1dQ,1.27,0.8600000000000001,0.11,1.23,0.47,2.46,0.92,0.74,0.62,0.8400000000000001,1.085,0.8049999999999999,0.37,0.575,0.49,0.0,0.155,1
btEYK52Dwsc,0.53,0.0,0.915,0.0,2.105,2.54,0.765,2.26,2.035,0.735,0.36,0.285,0.875,0.0,1.855,0.77,0.8150000000000001,0
bwQ1ifGRKGY,1.01,0.49,0.6733333333333333,0.0333333333333333,0.65,0.4133333333333333,0.5366666666666667,1.11,1.1,0.21,0.0,0.0,0.2633333333333333,0.0,2.4166666666666665,0.66,0.7733333333333333,1
bwp3C1HRCzk,0.5377777777777778,0.1944444444444444,1.002222222222222,0.3822222222222222,0.7344444444444445,0.96,0.5855555555555556,0.5011111111111111,0.6244444444444445,0.9233333333333332,0.5466666666666666,1.0844444444444443,0.7755555555555556,0.26,0.5055555555555555,0.5211111111111111,0.4944444444444444,1
bxU3BHbt4ZY,0.37,0.05,0.0,0.22,1.68,2.29,0.0,1.45,1.65,0.64,1.17,0.97,2.98,0.0,1.54,1.69,0.61,0
by4HzfWRbT4,0.92,0.0,1.68,0.0,2.4,2.06,1.14,1.74,1.59,1.67,0.0,0.02,0.0,0.54,0.2,0.0,0.2,0
byOqHHUBlVg,1.48,2.24,0.98,1.48,0.97,0.51,0.92,0.84,1.04,1.62,0.32,0.0,0.33,0.0,2.2,0.46,0.0,2
bzjxxzxdeuM,1.3166666666666669,1.58,0.6733333333333333,1.21,0.5066666666666667,0.0,0.3366666666666666,0.8466666666666667,0.2533333333333333,0.7733333333333333,0.0,0.1733333333333333,0.3433333333333333,0.11,0.6633333333333333,1.1900000000000002,0.2366666666666666,2
c-fijV9L28k,0.7175,0.0,0.0575,0.6950000000000001,1.505,0.7575,0.4525,0.88,1.3,1.725,0.4449999999999999,0.6275,1.39,0.2925,0.91,0.7475,0.125,0
c12zRnFUTdo,1.23,1.97,0.0,2.29,0.22,0.58,0.03,1.46,0.81,0.51,0.06,0.59,0.0,0.0,2.04,1.56,0.0,2
c185R3zpFQk,0.4966666666666666,0.7833333333333333,0.26,0.6622222222222223,0.1288888888888889,0.8666666666666667,0.1277777777777777,0.4322222222222222,0.3355555555555555,0.0,0.5133333333333333,0.1744444444444444,0.5266666666666667,0.0188888888888888,0.7666666666666667,0.7377777777777778,0.0733333333333333,1
c4kMjhSt73k,0.0,0.0,0.0,0.0,1.7799999999999998,2.865,0.465,1.705,2.705,0.855,0.03,0.0,0.025,0.0,1.78,0.1,0.0,0
c64OjV9lNvw,1.413333333333333,0.3733333333333333,0.5966666666666667,0.4966666666666666,0.6766666666666666,1.1133333333333333,0.3166666666666666,0.0,0.6033333333333334,0.2366666666666666,0.0,0.01,0.1233333333333333,0.0533333333333333,0.6066666666666667,0.0333333333333333,0.49,1
cANij8_TIdI,2.11,1.23,0.0,2.12,0.0,0.0,0.0,0.0,0.0,0.46,0.67,0.0,0.0,0.0,1.81,2.28,0.0,2
cBXHIQdKWBM,0.41,0.0,0.27,0.0,2.145,2.02,0.375,1.235,1.585,0.695,0.02,0.0,0.33,0.0,2.48,0.38,0.0,0
cCGGFF_fq8k,0.5599999999999999,0.2114285714285714,0.6985714285714286,0.7485714285714286,0.5257142857142857,0.7242857142857143,0.6442857142857142,0.6014285714285714,0.65,0.8899999999999999,0.0957142857142857,0.0042857142857142,0.38,0.0257142857142857,0.5142857142857143,0.4957142857142856,0.09,1
cDa3rn2haL4,0.57,0.52,0.2133333333333333,1.5700000000000005,0.0,0.0,0.0466666666666666,0.0866666666666666,0.1033333333333333,0.0,0.2799999999999999,0.0,0.0933333333333333,0.1399999999999999,0.3066666666666667,0.2266666666666666,0.0066666666666666,1
cDaBzBo6JOU,1.54,0.74,0.34,1.37,0.41,1.97,0.75,1.54,1.67,1.55,0.0,0.0,0.0,0.0,0.3,0.0,0.0,0
cDfcwMk03SU,0.0,0.0,0.0,0.04,1.77,0.99,1.69,2.94,1.89,1.7,0.51,0.0,0.63,0.0,3.32,0.41,0.42,0
cFSIBImwMR0,1.71,0.0,0.0,0.95,1.11,0.0,0.35,0.9,2.0,2.65,0.08,0.18,2.66,0.15,1.69,0.0,0.28,0
cFSIBImwMR0(1),1.71,0.0,0.0,0.95,1.11,0.0,0.35,0.9,2.0,2.65,0.08,0.18,2.66,0.15,1.69,0.0,0.28,0
cFWKWEGIiOc,0.52,0.585,0.0,0.3399999999999999,1.515,0.92,0.445,2.2750000000000004,2.69,1.025,0.045,0.295,0.045,0.0,2.365,0.48,0.0,0
cHc0025eF_4,0.3625,0.0175,0.1175,1.55,0.12,0.0,0.1375,1.075,0.765,0.615,0.48,0.1325,0.8675,0.1775,0.085,0.05,0.1,1
cMKx2sNhyfo,0.32,0.11,0.57,0.0,0.71,0.595,0.545,0.675,1.28,1.08,0.0,0.05,0.33,0.345,0.77,0.185,0.245,1
cMfqUT8RW80,0.03,0.09,0.01,0.0,0.905,1.555,0.66,0.72,1.145,0.8600000000000001,0.66,0.0,0.64,0.0,1.39,0.69,0.485,0
cNJDwmEiie8,3.37,2.73,0.0,0.44,0.0,0.0,0.0,0.0,0.0,0.0,0.0,0.77,0.0,0.0,0.0,0.0,0.58,2
cNr50q5iEaU,1.35,1.08,0.14,1.66,0.32,0.02,0.035,0.765,0.47,0.19,0.34,0.42,0.48,0.0,0.23,0.51,0.0,2
cOwDeDzZK0U,0.5875,0.4125,0.3425,1.82,0.055,0.3875,0.3775,0.025,0.0775,0.105,0.18,0.1725,0.1125,0.0,0.3325,1.0325000000000002,0.1075,1
cPeu09bCPwA,0.3766666666666667,0.0183333333333333,0.385,0.6716666666666667,0.5366666666666667,1.0133333333333334,0.3349999999999999,0.9683333333333332,0.61,0.5366666666666666,0.6933333333333334,0.0566666666666666,0.5650000000000001,0.0533333333333333,0.9316666666666666,0.6816666666666666,0.0216666666666666,1
cQdlPyDBHcw,0.975,0.235,0.725,0.175,1.395,1.365,0.235,1.07,1.495,1.65,0.375,0.0,0.88,0.8799999999999999,1.725,1.045,1.635,0
cRop2TQOFOw,0.52,0.0,0.5125,0.4125,1.2125,0.325,0.89,0.8200000000000001,1.04,1.0275,0.7474999999999999,0.355,0.7125,0.165,0.975,0.6225,0.4624999999999999,1
cVkJ6Qn5JNI,0.0,0.0,0.0,0.46,1.27,0.88,1.27,1.82,1.77,1.55,0.0,0.0,0.0,0.0,1.67,0.35,0.0,0
cW7IXyH60VE,0.3566666666666667,0.2766666666666666,0.215,1.0983333333333334,0.2066666666666666,0.7566666666666667,0.3116666666666667,0.5566666666666666,0.5800000000000001,0.2933333333333333,0.44,0.2833333333333333,0.7216666666666667,0.0,0.6633333333333334,0.35,0.2183333333333333,1
cZxCDeyNN0g,0.0,0.0,0.0,0.52,1.19,0.31,0.0,1.34,2.06,1.39,0.0,0.0,0.0,0.0,1.4,0.0,0.0,0
cfIkMJHx5RI,2.19,1.305,0.4,0.895,0.35,0.055,0.075,1.64,1.17,1.935,0.415,0.03,0.315,0.0,1.65,0.42,0.63,2
cfgd4erLBL4,4.51,5.0,0.0,4.41,0.0,0.0,0.0,0.0,1.02,0.0,0.84,0.0,1.23,0.0,3.2,0.0,0.0,2
cgCt4TRvrmo,0.4233333333333333,0.0,0.2466666666666666,0.3166666666666667,0.4666666666666666,2.203333333333333,0.3066666666666667,0.5233333333333333,0.24,0.0,2.096666666666667,0.0,0.09,0.0266666666666666,0.8500000000000001,0.27,0.6533333333333333,1
ciBt2cteN-U,0.845,0.0,0.04,1.135,0.7949999999999999,0.6599999999999999,0.15,1.15,0.73,0.255,0.325,0.0,0.97,0.0,1.045,0.0,0.045,1
cifzQypGnnM,0.7766666666666667,0.42,0.7733333333333334,2.6266666666666665,0.0,0.1633333333333333,0.0,0.0,0.2833333333333333,0.0,0.41,0.0133333333333333,0.0,0.3899999999999999,0.0999999999999999,0.41,0.1133333333333333,1
ckgTnTg9TPw,1.1233333333333333,1.1333333333333335,0.3999999999999999,0.6333333333333333,1.58,1.1966666666666663,1.0033333333333332,1.5166666666666666,1.72,2.0,0.0,0.1033333333333333,0.4599999999999999,0.1833333333333333,1.606666666666667,0.2666666666666666,0.13,0
cm9m-gyMlXs,0.47,0.5,0.89,0.0,0.0,0.0,0.0,0.0,0.0,0.0,0.45,0.0,0.0,0.0,0.08,0.0,1.27,1
cmBaWYIfR5c,1.715,1.9425,0.4575,2.595,0.2425,0.175,0.06,0.895,0.47,1.26,0.4449999999999999,0.7075,0.085,0.64,0.87,0.985,0.1,2
cmv5gtLAWPM,1.18,0.0,0.0,0.0,2.24,3.1,0.32,2.95,3.25,1.63,0.0,0.0,0.0,0.41,2.35,0.66,0.39,0
cnkfymvUoGI,1.085,0.38,0.98,0.425,0.575,2.25,0.235,0.0,0.755,0.0,0.28,0.07,0.855,0.39,1.205,1.65,0.27,1
cntVFWMLfFI,0.7833333333333333,0.3133333333333333,0.3866666666666666,0.5,0.66,1.7933333333333332,0.1433333333333333,0.53,0.86,0.6933333333333334,0.01,0.0133333333333333,0.0533333333333333,0.0,0.8366666666666666,0.59,0.0,1
coIXi26Ktk8,1.084,0.324,0.052,1.024,0.924,1.152,0.188,1.318,0.904,0.7160000000000001,0.914,0.172,0.588,0.248,0.78,0.446,0.162,1
coayhixmBBk,0.205,0.0575,0.0,0.7925000000000001,1.2775,1.0025,0.1325,1.17,1.8625,0.7025,0.0,0.0,0.6325,0.0725,1.66,0.6325000000000001,0.0,0
cp0wyuBU7Oc,1.485,0.37,1.07,1.38,0.07,0.065,0.0,0.545,0.0,1.08,0.435,0.67,0.375,0.39,0.205,0.385,0.035,1
crsuIRAr0rE,0.14,0.24,0.775,1.255,0.095,0.0,0.0,1.12,0.49,0.405,0.34,0.02,0.0,0.0,0.75,1.635,0.225,1
cwklx0IhAxs,0.25,0.0,0.27,0.1,0.16,0.6,0.0,1.64,1.14,0.0,0.0,0.0,0.0,0.0,2.52,2.23,0.0,1
d2I4jSEAHyc,1.92,0.23,0.73,0.27,0.0,0.0,0.89,0.41,0.0,0.83,1.36,1.07,0.0,0.13,0.0,3.37,0.0,1
d3dRw-098OQ,0.095,0.0,0.2775,0.0,2.41,1.255,0.4575,1.1125,1.495,1.6549999999999998,0.42,0.5775,0.92,0.4725,0.0,0.0,0.6325000000000001,0
d5z3vG74xmY,0.9425,0.9525,0.0,1.3625,0.81,0.6325,0.36,1.625,0.375,0.2125,0.855,0.3,0.3425,0.3275,0.8475,1.12,0.0525,1
d8Pm0p-g23k,0.0,0.0,0.08,0.0,3.0,2.22,1.9,1.88,3.31,1.09,0.0,0.0,0.33,0.0,2.91,0.28,1.51,0
dD3jQhawZ7g,0.7436363636363637,0.1018181818181818,0.4209090909090909,0.2863636363636364,0.1418181818181818,0.8027272727272727,0.1781818181818182,0.36,0.3627272727272727,0.3090909090909091,0.5618181818181818,0.4581818181818182,0.6536363636363637,0.2,0.4754545454545455,0.4563636363636363,0.0054545454545454,1
dFB91YBhoYY,0.6966666666666667,0.0,0.06,0.4066666666666667,1.24,2.1633333333333336,0.5166666666666667,1.06,1.3500000000000003,0.7033333333333333,0.0,0.0,1.4733333333333334,0.1566666666666666,1.596666666666667,0.75,0.0066666666666666,0
dGM9kDXdWcQ,0.0,0.0,0.0,0.0,1.4200000000000002,0.12,0.475,0.96,1.5499999999999998,2.415,0.195,0.705,1.235,0.06,0.545,0.8200000000000001,0.03,0
dKYTWDErNzo,0.27,0.99,0.36,1.655,0.155,0.0,0.0,0.13,0.285,0.66,0.0,0.0,0.395,0.16,1.61,1.4400000000000002,0.06,1
dKcEfMqLatw,0.5971428571428571,0.0271428571428571,0.2328571428571428,0.9085714285714286,0.2457142857142857,0.4614285714285714,0.2471428571428571,0.3528571428571428,0.1742857142857143,0.5085714285714286,0.5014285714285714,0.2042857142857142,0.42,0.2185714285714285,0.2428571428571428,0.8285714285714285,0.0828571428571428,1
dLo695R9_oU,0.925,0.345,1.005,1.98,0.27,1.125,0.48,1.27,0.56,0.83,0.0,0.0,0.54,0.0,2.35,0.25,0.0,1
dOYkqc9ec1I,1.48,1.65,1.4,1.14,0.0,2.05,0.02,0.0,0.0,0.0,0.0,0.01,0.0,0.0,0.98,1.41,0.44,2
dSpW5Xc180Q,1.3,0.03,0.13,0.0,1.92,1.61,0.17,0.98,2.31,2.58,0.0,0.0,0.44,0.24,3.24,1.24,0.31,0
dVWiQDALCoY,0.565,0.0,0.7,1.8,0.0,0.15,0.17,1.705,0.11,0.885,1.02,1.28,0.33,0.195,0.89,0.95,0.0,1
dZdOnCkA988,1.34,0.34,0.26,0.16,2.52,1.6466666666666665,0.2066666666666666,2.43,2.0933333333333333,1.0,0.3066666666666667,0.6966666666666667,0.1766666666666666,0.1566666666666666,1.4466666666666663,0.0,0.0,0
datYaDOz2R8,2.13,2.43,0.0,1.52,0.0,0.0,0.0,0.0,0.42,0.0,0.0,0.18,1.17,0.22,0.0,0.0,0.0,2
decQL8TcTPQ,0.13,0.2385714285714285,0.1842857142857143,0.5928571428571429,0.8885714285714286,0.8828571428571428,0.2985714285714285,0.7028571428571428,1.477142857142857,0.7028571428571428,0.0028571428571428,0.0,0.0742857142857142,0.0314285714285714,1.7014285714285715,0.6071428571428571,0.1185714285714285,0
dh5czgZJIwo,0.775,1.21,0.23,1.92,0.02,0.405,0.0,0.105,0.875,0.7,0.0,0.0,0.135,0.0,2.22,0.715,0.0,2
dlHS2kdmxNE,0.3666666666666667,0.0633333333333333,0.2633333333333333,0.2533333333333333,0.8416666666666667,1.14,0.1216666666666666,0.7466666666666667,1.5666666666666669,1.03,0.0033333333333333,0.0483333333333333,0.4166666666666667,0.1316666666666666,1.0933333333333335,0.3733333333333333,0.0,0
doapxNsSkrY,2.03,0.28,0.0,0.98,0.21,0.97,0.0,0.0,0.44,1.3,1.53,0.0,0.0,5.0,0.0,0.0,0.0,1
dqB5LB7i-30,1.455,0.03,1.73,0.0,2.6500000000000004,1.88,0.615,2.625,2.895,0.695,0.0,0.08,0.18,0.2,2.66,0.18,0.03,0
dtq3cGT8MGM,0.65,0.0,0.09,0.0,0.06,2.38,1.9,1.89,0.0,0.49,0.67,1.88,0.0,0.0,1.03,0.28,1.62,1
dtzX0da4h9k,0.6679999999999999,0.098,0.3259999999999999,0.562,0.89,0.2219999999999999,0.4319999999999999,0.7340000000000001,1.486,0.4519999999999999,1.388,0.036,0.6699999999999999,0.034,1.584,0.3179999999999999,0.562,1
dumd2OhjSFI,0.3,0.0,0.0,0.0,0.2,0.09,1.13,1.2,0.0,0.0,0.0,0.0,0.2,0.35,0.0,0.0,0.0,1
dvbJCDZuWhc,0.09125,0.16625,0.20875,0.62,0.3425,0.46875,0.37,0.1624999999999999,0.37,0.35,0.31375,0.59625,0.12125,0.2025,0.115,0.18125,0.04,1
dwaGrJ65gUg,0.54,0.3366666666666666,0.7866666666666667,0.9833333333333334,0.02,0.2233333333333333,0.4533333333333333,0.21,0.0,0.0,0.0533333333333333,0.0,0.0,0.0,0.8866666666666667,0.9166666666666666,0.5066666666666667,1
dy-A9_Vr7OI,0.2266666666666666,0.12,0.1833333333333333,1.055,0.4749999999999999,0.3466666666666667,0.1333333333333333,0.445,0.7566666666666667,0.48,0.1316666666666666,0.0,0.0066666666666666,0.0783333333333333,1.345,0.3733333333333333,0.0683333333333333,1
dzg9C7KsP4M,0.49,0.395,2.535,0.0,0.65,1.4,0.76,1.475,0.395,0.54,0.595,0.0,1.29,0.0,3.08,2.155,0.23,0
e0pA38VUHEs,1.275,0.36,0.56,0.5900000000000001,0.545,1.265,0.31,0.815,0.125,1.065,0.855,0.31,0.665,0.0,0.43,1.77,0.0,1
e2W9UaVhsX0,0.81,0.375,0.34,0.415,3.3200000000000003,2.445,0.43,2.8200000000000003,3.385,1.965,0.0,0.0,0.0,0.25,3.25,1.765,0.0,0
e5mAUbRosCY,0.3296153846153846,0.0115384615384615,0.2407692307692307,0.5261538461538462,0.5226923076923077,1.2853846153846151,0.4061538461538462,0.2515384615384615,0.3607692307692307,0.4907692307692307,0.7507692307692307,0.86,1.1715384615384616,0.5880769230769232,0.1053846153846153,0.4476923076923077,0.1907692307692307,1
e7eggKProwI,0.4772727272727273,0.25,0.5581818181818181,0.8472727272727273,0.4027272727272727,0.3972727272727273,0.2927272727272727,0.2772727272727273,0.6181818181818182,0.5445454545454544,0.4327272727272727,0.4781818181818181,0.3363636363636363,0.0709090909090909,0.5218181818181818,0.1072727272727272,0.0563636363636363,1
e8d-RyhSehM,2.37,1.63,0.77,0.0,1.41,0.0,0.4,0.54,0.74,2.26,0.19,2.02,1.35,0.85,0.83,0.0,0.97,1
eB_2R_Pockc,1.03,0.92,0.0,0.0,1.09,1.52,0.0,1.12,1.94,0.45,0.0,0.0,0.0,0.0,1.43,0.34,1.01,0
eFu2w2KX4ss,0.86,0.0,0.945,1.3050000000000002,0.32,0.27,0.72,0.135,0.0,0.015,1.46,0.305,0.0,0.205,0.285,1.74,0.17,1
eJukunJZDU8,1.61,0.85,0.44,0.41,0.19,0.0,0.0,3.21,0.0,0.0,0.42,0.0,2.43,0.0,1.61,0.79,0.98,1
eKPzWxJ4nKI,0.5,0.0,0.0,0.34,0.0,0.32,0.0,0.0,0.0,0.0,0.85,0.74,0.0,0.0,0.0,0.75,0.0,1
eOyIpRJqw20,1.95,0.22,1.29,0.88,0.93,0.0,0.9,0.78,1.05,0.87,0.0,0.0,0.0,0.12,2.32,1.86,0.0,1
eQgF7_x5fmY,1.27,1.39,0.0,0.23,0.92,0.11,0.76,1.84,2.1,0.74,0.08,0.0,0.75,0.0,3.44,0.48,1.89,0
eSjAFI-wdic,1.6933333333333334,2.286666666666666,0.0,3.0933333333333337,0.3,0.3866666666666666,0.0266666666666666,0.9366666666666666,1.1266666666666667,0.7000000000000001,0.0,0.0,0.0,0.0999999999999999,1.393333333333333,1.01,0.1566666666666666,2
eTx-r4ZI0Q0,1.075,0.405,0.34,0.65,0.645,1.645,0.0,0.53,0.92,0.0,0.26,0.0,0.2,0.0,1.04,0.165,0.0,1
eUmMxxACvLU,0.64,0.0,0.0,0.0,2.61,2.54,0.0,2.95,3.65,2.02,0.0,0.0,0.39,0.51,3.54,1.65,0.1,0
eUxW9-M-cHU,0.96,0.5166666666666666,0.3966666666666666,1.35,0.2633333333333333,0.0,0.0,0.0933333333333333,0.2166666666666666,0.3699999999999999,0.12,0.11,0.0333333333333333,0.0,0.8633333333333333,0.8666666666666667,0.2566666666666666,1
eYvf1qMp5pQ,0.775,0.61,0.0,0.395,1.14,0.915,0.37,1.44,1.41,0.0,0.0,0.0,0.0,0.0,2.25,1.365,0.81,0
ecv6X5ZWGnQ,0.5449999999999999,0.0,1.215,0.045,1.295,1.425,1.385,1.6,1.38,1.12,0.495,0.0,0.15,0.325,1.64,0.935,0.115,0
eiP4XJAsrLY,1.55,2.53,0.0,1.0,2.15,0.0,0.18,2.2,1.69,0.0,0.05,0.0,0.0,0.0,2.02,0.8,0.0,2
ejnZYVzPPLw,2.21,3.22,0.22,2.13,0.82,1.65,0.05,0.09,0.71,0.0,0.0,0.0,0.0,0.0,2.25,0.47,0.0,2
emt2OKarVZM,1.74,0.805,0.0,1.605,0.375,1.205,0.005,0.0,0.405,0.0,0.5,0.445,0.77,0.3,0.0,0.6,0.215,1
eqqVFOvtOcs,0.585,0.31,0.0,0.0,2.315,2.695,0.18,2.125,2.84,1.015,0.0,0.0,0.035,0.245,2.215,0.65,0.0,0
euOfRk3mInE,0.51,0.2375,0.225,1.08,0.7925,1.42,0.1775,0.9475,1.135,0.9725,0.4375,0.855,0.3525,0.265,0.1275,0.1175,0.0075,1
evIUyVRHfIc,0.1899999999999999,0.29,0.45,1.4233333333333336,0.5666666666666667,0.7999999999999999,0.8700000000000001,0.7133333333333334,0.6966666666666667,0.3166666666666666,0.2433333333333333,0.2733333333333333,0.0,0.0,0.86,0.6133333333333333,0.0,1
evTFGDVlQ4s,0.304,0.076,0.3219999999999999,0.524,0.618,0.364,0.078,0.3379999999999999,0.304,0.086,0.208,0.0,0.0,0.0,1.076,0.972,0.294,1
exB--zv3N4U,0.28,0.64,0.0,0.34,0.0,0.0,0.0,0.05,0.21,0.0,0.0,0.0,0.0,0.0,0.05,0.26,0.0,1
eyydfWC9N_w,0.0,0.0,0.0,0.38,2.19,2.245,2.25,1.635,1.6,1.045,2.62,0.0,0.015,2.5,2.765,2.925,0.645,0
f0rq_-Wupeg,0.49,0.2925,0.06,0.385,0.68,0.5425,0.55,0.7725000000000001,0.71,0.26,0.2075,0.0,0.1025,0.0,1.1775,0.6625,0.0225,1
f16ujuGgXOo,1.2533333333333332,0.8833333333333333,0.5866666666666666,2.223333333333333,0.0,0.0,0.0,0.0,0.0,0.0,0.1399999999999999,0.3999999999999999,0.0,0.12,0.5166666666666666,0.9533333333333333,0.0,2
f3uXJY4HiIk,0.45,0.2083333333333333,0.36,0.3466666666666667,0.3533333333333333,0.625,0.17,0.7166666666666667,0.6183333333333333,0.365,0.415,0.5733333333333334,0.0716666666666666,0.05,0.525,0.08,0.425,1
f4AsvKY-wBk,3.17,1.98,0.9,3.95,0.53,0.63,0.0,0.82,0.01,0.0,0.63,0.0,1.33,0.0,4.38,1.59,0.0,2
f5fD_oFGdzU,2.81,2.89,0.0,2.42,0.0,0.0,0.0,0.89,1.36,0.64,0.16,0.0,0.0,0.0,1.42,0.01,0.0,2
f6UXRBaKPU0,0.755,0.19,1.5750000000000002,0.0,1.43,1.875,0.21,1.34,1.6649999999999998,0.8,0.65,0.925,1.35,0.4,0.275,0.0,0.6950000000000001,0
f706f6KNCEM,1.33,0.0,0.41,0.83,0.0,0.0,0.0,0.0,0.0,0.0,0.17,0.0,0.04,0.0,0.78,0.41,0.0,1
fA0m-LaA_7c,1.15,0.32,0.58,1.07,0.2,0.5,0.0,0.595,0.16,0.6799999999999999,0.265,1.64,0.315,0.18,0.675,0.45,0.0,1
fBKaY6eD5vs,0.6100000000000001,0.35,0.8999999999999999,0.26,0.545,0.4975,0.315,1.14,0.955,0.9025,0.3325,0.5599999999999999,0.2225,0.0925,0.8875,0.3425,0.035,1
fChooDx5q-s,0.455,0.0,1.21,0.11,0.2,0.0,0.555,0.275,0.11,0.4,0.23,0.16,0.03,0.0,0.04,0.0,0.075,1
fD8CxHFngFk,0.47,0.0,0.0,1.43,0.0,0.55,0.0,0.21,0.0,0.26,0.91,0.64,0.0,0.0,0.0,0.52,0.16,1
fGHZBpxJkrw,1.2000000000000002,0.125,0.455,0.59,1.33,1.645,0.595,1.455,1.725,1.89,0.56,0.07,0.375,0.28,2.06,0.25,0.215,0
fI6f3sGZmz0,0.655,0.135,0.495,0.205,0.63,1.895,0.5650000000000001,0.07,0.825,0.11,0.8350000000000001,2.055,0.41,0.0,0.365,0.27,0.32,1
fIi3T50w1KA,0.01,0.0,0.0,0.295,1.26,2.33,0.605,0.6799999999999999,1.99,0.855,0.0,0.055,0.29,0.21,0.85,0.395,0.065,0
fJVlMA3Fw_g,0.1328571428571428,0.0,0.0528571428571428,0.0014285714285714,1.1042857142857143,1.304285714285714,0.2285714285714286,1.1757142857142855,1.5257142857142856,1.122857142857143,0.5185714285714286,0.2314285714285714,0.5042857142857143,0.2014285714285714,1.1385714285714286,0.16,0.0928571428571428,0
fJZ0IQQBOvw,0.38,0.0,0.29,2.07,0.14,1.19,0.0,0.8,0.05,1.11,0.84,0.0,1.56,0.0,0.43,1.93,0.19,1
fKW8cSIw50A,0.67,0.0,0.0,0.425,0.26,0.0,0.0,0.0,0.4599999999999999,0.65,0.0,0.0,0.735,0.015,0.0,0.0,0.085,1
fL56kvqw9K4,0.76,1.285,0.0,1.84,0.0,0.0,0.05,0.285,0.61,0.25,0.16,0.615,0.225,0.08,0.39,0.725,0.055,2
fLuv234IqaI,1.2766666666666666,0.59,1.3,0.7833333333333332,0.7600000000000001,0.8766666666666666,0.6699999999999999,1.1833333333333331,1.1233333333333333,0.86,0.0733333333333333,0.2433333333333333,0.5066666666666667,0.2266666666666666,1.1966666666666663,0.4533333333333333,0.8233333333333333,1
fOE4NCgK4DI,0.0,0.0,0.725,0.0,2.865,1.9425,1.6175,1.965,2.3675,1.9175,0.125,0.165,0.6825,0.0475,1.625,0.0,0.205,0
fSExytZS5Qo,0.035,0.0,0.0,0.0,2.445,1.88,0.04,2.66,1.93,2.03,0.0,0.735,0.41,0.2,2.0,1.325,0.62,0
fTdNG9dhoBY,1.16,0.5,0.0,2.28,0.0,0.0,0.06,0.0,0.01,0.0,0.78,1.26,0.57,0.85,0.0,0.0,0.0,1
fTnaZwbgRCE,1.23,0.835,0.55,2.02,0.475,0.735,0.31,1.45,0.865,0.0,0.66,0.93,0.275,0.0,2.19,0.025,0.085,2
fVZqyIJNmbg,0.93625,0.065,0.4825,0.87875,0.475,0.64125,0.1925,0.44125,0.67125,0.6799999999999999,0.65625,0.42625,0.90875,0.11375,0.5700000000000001,0.355,0.15625,1
fXg9Ybo0P-M,2.52,2.49,0.0,0.94,0.0,0.0,0.0,0.0,0.17,1.33,0.0,0.0,0.4,0.15,0.86,0.0,0.72,2
fZ4XAWBDpFc,0.0,0.0,0.46,0.0,0.18,0.82,0.59,0.46,0.04,0.23,0.0,0.0,0.39,0.0,0.16,0.0,1.19,1
f_zPPqUdWCg,0.36,0.0,0.22,0.16,1.23,1.5,0.98,1.86,1.17,0.79,0.16,0.15,0.0,0.0,0.9,0.0,0.09,0
ffK6oaXh3Z8,0.7355555555555555,0.36,0.3588888888888888,0.7222222222222222,0.4333333333333333,0.4733333333333333,0.1877777777777777,1.0255555555555556,0.6666666666666666,0.4411111111111111,0.2155555555555555,0.2711111111111111,0.3788888888888889,0.0288888888888888,0.6755555555555556,0.55,0.22,1
ffZ2Hqxc_Bg,0.4833333333333333,0.1133333333333333,0.52,0.4533333333333333,0.6266666666666666,1.5466666666666666,0.65,0.7466666666666667,0.8666666666666667,0.3666666666666667,0.5566666666666666,0.09,0.2533333333333333,0.0733333333333333,0.64,1.1233333333333333,0.0866666666666666,1
fg-aZiawDDI,0.25,0.25,0.0,1.66,1.52,0.23,1.07,0.71,1.18,0.0,0.0,0.0,0.0,0.0,0.12,0.0,0.0,1
fi-1XRsB_CM,1.0499999999999998,0.0422222222222222,0.4133333333333333,0.3122222222222222,0.5055555555555555,0.5455555555555556,0.2122222222222222,0.9555555555555556,0.9888888888888888,0.5499999999999999,0.2155555555555555,0.0733333333333333,0.3422222222222222,0.0644444444444444,0.3888888888888889,0.2722222222222222,0.1444444444444444,1
firToZ3-2uk,0.7633333333333333,0.31,0.5366666666666667,1.1866666666666668,0.0633333333333333,0.0733333333333333,0.3766666666666666,0.8866666666666667,0.1966666666666666,0.6233333333333333,0.3333333333333333,0.0566666666666666,0.1566666666666666,0.0133333333333333,0.0466666666666666,0.18,0.4733333333333333,1
fldZt4yHDU0,0.3725,0.415,0.1,1.1875,0.8525,0.545,0.19,0.945,1.16,0.815,0.5975,0.5675,0.31,0.005,0.69,0.4424999999999999,0.085,1
fltDl3izfLE,0.0,0.0,0.365,0.0,0.43,0.46,0.63,0.12,0.12,0.38,0.58,1.285,0.95,0.275,0.225,0.5700000000000001,0.33,1
fp19JCP2pCs,2.84,0.82,1.17,2.68,0.64,0.4,0.0,0.0,0.0,0.0,1.22,0.3,2.09,0.0,0.0,0.0,0.0,2
fqJRKSNryFU,0.2433333333333333,0.02,0.0416666666666666,0.2433333333333333,1.0816666666666668,0.645,0.4083333333333334,0.5566666666666666,1.4883333333333333,1.2133333333333334,0.1133333333333333,0.0,0.24,0.0,0.8583333333333334,0.0833333333333333,0.06,0
frFCKsWidu8,0.0,0.0,1.15,1.3,0.45,0.47,1.4,0.0,0.05,0.53,0.49,1.72,0.16,0.9,0.47,1.96,0.11,1
ftwXLK-RYvQ,0.25,0.0,0.05,0.0,1.605,1.195,0.085,1.31,2.67,1.17,0.235,0.0,0.0,0.09,1.97,0.41,1.355,0
fujA6IeNcZA,1.445,1.14,0.0,1.1,1.435,2.265,0.405,1.43,1.425,0.7,0.46,0.0,0.13,0.07,1.4,0.875,0.0,0
fvzcwqQtk4I,0.02,0.0,1.14,0.0,0.07,1.39,0.42,0.0,0.0,0.0,0.32,0.0,1.48,0.31,1.04,0.89,0.0,1
fwBAEa4VFUc,0.785,0.52,2.14,1.505,1.315,1.5650000000000002,1.175,0.52,0.17,0.425,0.48,1.14,0.7,0.335,1.89,1.225,0.0,1
fybqI8z9jhk,1.3233333333333333,1.79,0.3166666666666667,1.9833333333333332,0.36,0.9466666666666668,0.1166666666666666,0.6533333333333334,0.31,0.02,0.1766666666666666,0.0,0.0,0.0,1.403333333333333,0.2866666666666667,0.1833333333333333,2
fzb_OTsJQ9s,1.54,1.51,1.6,0.2,1.55,0.0,0.0,1.6,2.18,2.43,0.0,0.0,0.0,0.73,2.53,0.98,1.93,0
g2QVIR2UGyM,1.26,2.51,0.0,3.23,0.0,0.0,0.0,0.0,0.0,0.0,0.0,0.08,0.0,0.0,0.0,0.22,0.0,2
g2a8zpm2_Y0,0.8125,0.2625,0.4525,1.385,0.8525,0.54,0.385,0.7875,0.9625,0.68,0.155,0.5575,0.3825,0.04,1.1725,0.7875,0.1625,1
g75rWQokYBA,1.245,1.82,0.115,0.4,0.03,1.08,0.0,0.255,0.245,0.21,0.32,0.225,0.345,0.0,0.55,0.335,0.37,1
g7CpdlAtw-M,2.23,1.48,0.0,1.67,0.15,0.58,0.92,1.31,0.0,1.15,1.28,0.16,0.53,0.0,1.52,1.9,0.0,2
g7H5W79J3fc,0.5950000000000001,0.0,0.175,0.535,0.925,1.4,0.075,1.715,1.06,0.14,0.62,0.595,0.0,0.0,0.665,0.0,0.0,1
g9c_LPCjA4Y,1.1366666666666667,1.1033333333333333,0.1466666666666666,1.19,0.3833333333333333,0.1933333333333333,0.0433333333333333,0.3066666666666667,0.1233333333333333,0.0,0.0566666666666666,0.4533333333333333,0.7933333333333333,0.0366666666666666,0.6766666666666666,0.5433333333333333,0.0999999999999999,1
g9lf5YyB4Nc,0.47,0.0,0.0,0.11,1.6349999999999998,0.745,0.0,0.7949999999999999,2.145,1.65,0.0,0.455,0.845,0.495,0.79,0.0,0.0,0
gC4nON-snQM,0.265,0.0,0.0,0.395,1.5099999999999998,2.705,0.945,2.1,0.74,1.055,0.7000000000000001,1.22,0.535,0.84,1.0,2.095,0.115,0
gDc-8jQq9ss,0.71,1.0025,0.0,0.5125,1.02,0.2675,0.4025,0.945,1.595,1.8475,0.3225,0.945,0.5525,0.235,0.7000000000000001,0.375,0.0525,1
gESc3obVL1c,0.4983333333333333,0.0825,0.1933333333333333,0.625,0.3458333333333334,0.5733333333333334,0.2233333333333333,0.6941666666666667,0.7883333333333334,0.5258333333333334,0.2266666666666666,0.3116666666666667,0.1924999999999999,0.0225,0.6033333333333334,0.4075,0.0058333333333333,1
gEdn370z8Qg,2.17,0.43,0.16,1.48,0.48,1.59,0.0,1.24,0.84,0.09,0.12,0.5,0.0,0.52,0.97,0.64,0.0,2
gFOYVZiyCXA,0.93,0.0,1.57,2.07,0.0,0.0,0.98,0.36,0.0,0.63,1.33,0.07,0.0,0.43,0.09,0.96,0.0,1
gJ5DDXZtJbE,0.3533333333333333,0.51,0.4733333333333333,0.5766666666666667,0.57,0.3833333333333333,0.13,0.83,1.4666666666666668,1.1766666666666667,0.1366666666666666,0.2433333333333333,0.5833333333333334,0.1233333333333333,0.57,0.64,0.0733333333333333,1
gL_3rTTAsoE,0.6766666666666667,0.0,0.61,0.8066666666666666,0.29,0.5066666666666667,0.2233333333333333,0.6366666666666666,0.4933333333333333,0.5566666666666666,0.5166666666666667,0.0,0.63,0.3699999999999999,0.5033333333333333,0.7200000000000001,0.0566666666666666,1
gOLEdV2Ry64,0.5599999999999999,0.112,0.3319999999999999,1.0699999999999998,0.688,0.7,0.508,0.704,0.474,0.102,0.726,1.258,0.304,0.3379999999999999,0.432,1.338,0.056,1
gR7AcCJWkiQ,0.2166666666666666,0.9033333333333332,0.5033333333333333,1.913333333333333,0.77,1.51,0.59,1.1833333333333331,1.2866666666666666,0.98,0.45,0.2633333333333333,0.8799999999999999,0.0,2.1633333333333336,1.2233333333333334,0.1399999999999999,0
gT9mUbAE0lA,0.97,1.3,0.0,1.2,0.0,0.8466666666666667,0.16,0.13,0.32,0.0,0.5733333333333334,0.6233333333333334,1.0166666666666666,0.4433333333333333,0.6666666666666666,0.3533333333333333,0.1166666666666666,1
gTeTykurNzg,0.0,0.0,0.54,0.0,3.95,3.935,2.56,3.04,3.18,1.02,0.0,0.0,0.815,0.015,3.235,1.01,1.47,0
g_u5v6tPnD0,1.272,0.108,0.5700000000000001,0.8219999999999998,0.8620000000000001,1.5559999999999998,0.712,1.3199999999999998,0.6880000000000001,1.6960000000000002,0.426,0.79,0.89,0.674,0.912,0.99,0.438,1
gcVlJzYshHY,0.77,0.41,0.0,1.2,0.61,0.0,0.07,2.17,0.85,0.79,0.06,0.88,0.0,0.26,0.15,1.67,0.0,1
gdpF56G4_mo,1.355,0.11,0.0,0.2,0.495,1.515,0.0,0.435,0.905,0.905,0.4,0.02,1.205,0.92,0.15,0.055,0.0,1
ge_Aax3qguI,0.655,0.005,0.495,0.0,0.395,1.86,0.925,0.91,0.325,0.18,0.145,0.0,0.135,0.0,0.745,1.07,0.86,1
ghVDPDJQOo4,0.758,0.0,0.41,0.6639999999999999,0.6060000000000001,1.0719999999999998,0.744,0.726,0.472,0.05,0.63,0.094,0.196,0.09,0.438,0.624,0.002,1
ghsdnqHHVUI,5.0,5.0,0.0,5.0,1.96,5.0,0.0,5.0,0.0,3.89,5.0,0.0,0.0,5.0,3.91,5.0,0.0,2
giuIZyBvR78,2.11,1.895,0.83,0.3399999999999999,0.525,1.975,0.39,1.355,0.33,0.515,0.5700000000000001,0.73,0.0,0.0,0.56,0.22,0.19,2
gkliaVV_wHk,1.814,1.144,0.296,0.8619999999999999,0.8899999999999999,0.728,0.5579999999999999,0.778,1.0379999999999998,0.22,0.926,0.998,0.0,0.76,1.356,0.046,0.018,1
glx5sAPxdvo,1.81,0.0,0.0,0.0,1.59,3.31,1.38,1.31,0.0,3.6,1.71,1.17,1.21,1.77,0.99,0.0,0.07,0
gn241YM147E,0.0,0.53,0.0,0.0,1.125,1.975,0.0,0.665,2.35,0.145,0.0,0.0,0.345,0.0,1.55,0.6499999999999999,0.055,0
gnYEDeL-jys,1.66,2.8,0.0,2.35,0.09,0.35,0.0,0.0,1.12,1.43,0.0,0.44,0.0,0.88,0.18,0.0,0.0,2
gneWTTqkMb0,0.755,0.53,1.315,1.995,0.755,0.0,0.605,0.805,0.67,0.04,0.545,0.03,0.0,0.335,1.36,0.115,0.1,1
gomF10frVJg,1.7033333333333331,0.1666666666666666,0.42,0.7400000000000001,0.2466666666666666,1.6133333333333333,0.2366666666666666,0.2666666666666666,0.3966666666666666,0.0,1.403333333333333,0.5433333333333333,0.0266666666666666,0.0,0.3266666666666666,0.0,0.0,1
gqwRdGC87hY,0.38,0.0,0.8,0.02,0.715,2.015,1.245,2.185,0.0,0.0,0.755,0.505,0.0,0.11,0.545,0.1,0.505,1
gu3UXQ57Ixc,0.0,0.0,0.0,0.64,0.4,0.0,0.01,1.39,1.01,2.83,1.06,0.0,0.0,4.45,0.14,0.0,0.19,1
gvZQWaSkUyk,0.787,0.272,0.2469999999999999,0.434,0.404,0.433,0.152,0.639,0.926,0.7289999999999999,0.403,0.109,0.519,0.094,0.631,0.348,0.025,1
h3oDBiMbiak,0.8099999999999999,0.0499999999999999,0.0,0.7799999999999999,1.6366666666666667,1.8166666666666669,0.4366666666666667,0.98,1.9566666666666668,0.6933333333333334,0.0,0.0,0.9133333333333334,0.1533333333333333,1.5366666666666668,0.0133333333333333,0.0633333333333333,0
h4Az7Vp2d5c,0.23,0.0,0.5549999999999999,0.0,2.6900000000000004,1.64,0.425,1.745,2.52,1.3250000000000002,0.0,0.0,0.0,0.04,1.705,0.215,0.355,0
h665wY-sy9E,1.805,0.255,0.34,0.45,0.57,2.035,0.0,0.39,0.7,0.0,1.81,0.7100000000000001,0.01,0.0,0.0,0.0,0.0,1
h6w9txRvoHs,1.106666666666667,0.5466666666666666,0.31,0.9433333333333334,0.71,0.49,0.47,0.5,0.4433333333333333,0.0,0.0833333333333333,0.0,0.3466666666666667,0.0999999999999999,1.2366666666666666,0.9966666666666666,0.0166666666666666,1
h9FLZWWDO1M,1.65,3.29,0.21,3.39,0.0,0.0,0.0,0.35,0.83,0.0,0.09,0.0,0.75,0.0,3.25,2.67,0.0,2
hD5quR_Rdg8,0.1766666666666666,0.0,0.0,0.0533333333333333,1.22,2.276666666666667,0.3033333333333333,0.9466666666666668,1.4866666666666666,0.3033333333333333,0.02,0.0,0.18,0.1033333333333333,0.5933333333333334,0.4966666666666666,0.0,0
hDqk1d-s-0s,0.715,0.185,0.72,1.31,0.0,0.185,0.13,0.05,0.0,0.295,1.03,0.1,0.405,0.51,0.29,0.295,0.21,1
hFTeMAm_-SY,0.79,0.0,0.0,1.38,0.0,0.0,0.12,0.09,0.18,0.87,1.07,1.06,0.22,0.8,0.0,0.0,0.0,1
hHBhgilEpYo,0.685,0.36,0.04,0.115,2.23,1.1749999999999998,0.0,2.285,2.5,1.0,0.67,0.0,0.0,0.0,1.96,0.255,0.0,0
hHOijT_ab2w,2.13,2.27,0.0,0.0,2.44,0.38,0.09,3.39,1.76,0.0,0.0,0.0,0.46,0.0,3.01,0.21,0.0,0
hNtIZtr4V_A,0.52,0.0,0.3633333333333333,0.0333333333333333,0.3966666666666666,0.99,0.2799999999999999,1.0433333333333332,0.7399999999999999,0.6266666666666667,1.0133333333333334,0.27,0.84,0.18,0.8133333333333334,0.91,0.3133333333333333,1
hOeiBb1UYV4,1.31,2.245,0.0,3.2350000000000003,0.0,0.0,0.0,0.0,0.0,0.0,0.1,0.0,0.06,0.025,0.78,0.47,0.0,2
hSUCsi3FdCU,0.5966666666666667,0.7533333333333333,0.61,1.0433333333333332,0.4633333333333334,1.18,0.19,0.2299999999999999,0.5933333333333334,1.1733333333333331,0.41,0.11,0.03,0.1899999999999999,0.8266666666666667,0.0,0.0433333333333333,1
hSyCMoCcrFY,0.0,0.0,0.0,0.0,1.3050000000000002,0.82,0.28,1.55,2.43,0.74,0.3,0.0,0.0,0.37,2.44,0.8,0.05,0
hT3yEHLX53g,0.384,0.118,0.3,0.6439999999999999,0.6060000000000001,0.474,0.614,0.37,0.472,0.378,0.4,0.346,0.168,0.312,0.826,0.836,0.394,1
hT9aR5J2v0U,1.23,1.46,0.0,0.4,0.32,0.0,0.0,0.34,1.36,0.0,0.0,0.0,0.0,0.0,2.14,1.28,0.0,2
hUAsMMhIM-A,1.45,1.88,0.0,2.77,1.405,0.85,0.095,2.09,2.655,0.82,0.0,0.0,0.0,0.06,3.02,0.065,0.0,2
hUogazKVhDQ,1.125,0.265,0.68,0.76,0.84,1.3450000000000002,0.705,0.325,1.055,0.365,0.27,0.0,0.0,0.835,0.0,1.415,0.09,1
hWIMspWuVEI,0.785,0.0,0.0,0.275,1.04,0.955,0.26,0.605,1.55,0.115,0.14,0.0,0.12,0.6,1.43,0.0,0.0,1
hWUdgZbOD6o,1.94,1.85,0.0,2.85,0.42,0.4,0.46,1.83,1.19,1.86,0.49,0.0,0.53,0.0,1.98,1.23,0.0,2
hWw6Ua4wyMs,1.335,0.13,1.3,1.005,0.635,1.815,0.0,0.6,0.4,0.425,0.815,0.475,0.0,0.0,0.145,0.965,0.045,1
hXSsMzaopZo,0.0,0.0,0.0,0.64,2.35,1.71,0.0,1.64,3.21,1.53,0.0,0.0,0.68,0.0,2.14,0.17,0.0,0
hXSxTOWc_Lk,0.078,0.0,0.186,0.018,1.4419999999999995,1.988,0.53,1.094,1.648,1.14,0.048,0.0,0.368,0.0,1.72,0.264,0.212,0
hXqd0Uz6-e0,1.04,1.2333333333333334,0.0,1.4666666666666668,0.3266666666666666,0.7333333333333334,0.3466666666666667,0.48,0.22,0.2066666666666666,0.3033333333333333,0.5733333333333334,0.4566666666666667,0.0366666666666666,1.18,0.7000000000000001,0.0566666666666666,2
hdZydzqcaiU,0.3142857142857143,0.1657142857142857,0.3357142857142857,1.1871428571428573,0.2428571428571428,0.5428571428571428,0.2485714285714285,0.5285714285714286,0.39,0.1542857142857143,0.1928571428571428,0.11,0.1399999999999999,0.0,0.45,0.852857142857143,0.0,1
hdo7ZFTK4ZE,2.35,1.0,0.0,1.88,0.86,0.0,0.0,2.31,2.0,1.45,0.0,1.23,0.0,0.0,1.25,0.0,0.0,2
hgBgdXzgxvo,0.5249999999999999,0.48,0.7625,0.0175,0.32,0.23,0.065,0.9625,0.655,0.295,1.0825,0.92,0.2125,0.1425,0.9325,0.7725,1.2575,1
hgulTvzsAHk,0.49,0.0,0.55,0.655,0.49,0.375,0.0,1.125,0.78,0.51,0.54,0.0,0.0,0.0,1.1800000000000002,1.115,0.0,1
hh2IkTHssl8,0.0,0.0,0.0,0.0,1.31,1.41,1.32,1.13,1.01,1.78,0.56,1.11,0.32,0.53,0.0,0.31,0.02,0
hjXcUMjQVOQ,0.06,0.0,0.8475,0.2225,0.5599999999999999,0.68,0.7325,0.7,0.9775,0.585,0.1999999999999999,0.0,0.22,0.0,1.3025,0.07,0.34,1
hjfRy74D8os,0.525,0.37,0.52,0.29,0.685,0.7150000000000001,0.415,0.64,0.425,0.6,0.365,0.415,0.395,0.43,0.44,1.28,0.19,1
hp_gdBK2_y0,0.49,0.56,0.415,0.145,2.205,1.895,0.485,2.44,1.715,0.835,0.61,0.46,0.49,0.015,1.7,0.0,0.765,0
hqSAIh6wLSg,0.985,0.735,0.0,1.12,1.205,1.895,0.175,1.33,2.645,1.4700000000000002,0.0,0.0,0.985,0.0,2.38,0.205,0.0,0
hrECwxk0Tvo,0.9399999999999998,0.072,1.158,1.534,0.618,0.784,0.506,0.5660000000000001,0.45,1.058,0.8039999999999999,0.106,0.396,0.156,0.462,0.6220000000000001,0.0419999999999999,1
hs8bgxuPzjU,0.0499999999999999,0.0,0.2671428571428571,0.1228571428571428,0.3428571428571428,0.8385714285714286,0.14,0.1042857142857142,0.38,0.0757142857142857,0.0942857142857142,0.2742857142857143,0.19,0.0,0.3157142857142857,0.5642857142857143,0.15,1
hsnlBpKVFnI,0.895,0.405,0.4275,0.8175,0.58,2.06,0.8425,0.4499999999999999,0.5125,0.8049999999999999,1.0775,0.495,0.4925,0.0,0.525,0.405,0.4675,1
ht-EU_RWPg0,2.17,1.76,0.57,0.22,0.77,0.57,0.0,1.38,1.35,0.9,0.23,0.0,0.98,0.0,2.18,1.5,1.9,2
hwxmHRrlMwY,1.305,0.525,0.315,1.57,1.6949999999999998,1.19,0.0,1.19,1.865,0.415,0.0,0.745,0.665,0.195,1.25,0.39,0.015,0
hx87rior7Q0,1.5,0.43,0.0,1.26,0.63,1.39,0.52,1.44,1.04,0.14,0.0,0.0,0.0,0.0,1.72,0.09,1.62,0
hxBihR-xLM4,0.8049999999999999,1.02,0.6725,0.5875,0.03,0.3475,0.0875,0.0,0.0,0.0,0.4725,0.0,0.0,0.0,0.39,0.25,0.1325,1
hyaQkvX-gOs,0.57,0.64,0.0,0.0,1.28,1.37,0.0,1.69,3.1,1.89,0.0,0.6,0.0,0.27,2.35,0.0,0.0,0
i19jJbU8n3o,0.025,0.0,0.485,0.385,0.78,1.66,0.295,1.31,0.925,1.115,1.955,1.0,0.0,1.175,0.31,0.01,0.0,1
i2ivLsfmFoQ,0.0,0.0,0.0,0.0,1.85,1.58,0.95,2.21,2.91,1.45,0.0,0.0,0.0,0.0,2.93,0.12,0.58,0
i3Y9xl9ckWU,0.0,0.0,0.0,0.465,1.74,2.0500000000000003,0.39,1.41,1.63,1.54,0.0,0.0,1.36,0.0,3.115,1.03,0.32,0
i73vBiLo2PA,0.43,0.0,0.27,1.485,0.91,1.385,0.755,1.78,0.755,1.085,1.11,0.67,0.275,0.22,0.945,0.765,0.01,1
i8qS2r4Mws0,0.9933333333333336,0.1033333333333333,1.41,0.0266666666666666,0.77,0.4366666666666667,0.3133333333333333,1.0766666666666669,0.9,0.8233333333333333,0.2299999999999999,0.79,0.1399999999999999,0.1766666666666666,0.5666666666666668,1.0766666666666669,1.05,1
i9vGQ0kx-fQ,1.38,1.7999999999999998,0.0,0.76,0.215,0.105,0.35,0.19,0.075,0.485,0.045,0.185,0.0,0.0,0.265,0.28,0.0,2
iAAB_4LgB14,0.6216666666666667,0.0516666666666666,0.905,0.92,0.3116666666666666,0.7516666666666666,0.65,0.4383333333333333,0.5216666666666666,0.32,0.2766666666666666,0.0,0.3133333333333333,0.0583333333333333,0.4433333333333333,0.315,0.3366666666666666,1
iC2Q4euQZws,1.695,0.435,0.21,0.845,0.0,0.0,0.0,0.435,0.215,0.78,0.695,1.3050000000000002,1.44,0.8899999999999999,0.13,0.0,1.93,1
iC2s7Vx4tCc,0.855,0.9125,0.3575,1.215,0.9125,2.115,0.49,0.24,0.5925,0.9975,0.37,0.7675,0.8175000000000001,0.375,0.05,0.45,0.0,1
iCCuWDTfYY8,0.35,0.0,0.0,0.0,2.24,1.23,0.0,1.37,2.7,0.39,0.0,0.0,0.04,0.12,2.34,0.0,0.79,0
iDTQDzqoWyk,0.0925,0.1525,0.0,1.115,0.2375,0.51,0.2699999999999999,0.5025,0.1425,0.18,0.3725,0.3325,0.0,0.0,0.2925,0.445,0.0,1
iDXYFRX5RP4,2.1,2.02,0.0,0.0,2.36,2.43,1.03,1.98,2.2,1.5,0.12,0.0,0.55,0.0,2.16,0.49,0.0,0
iEq0Lc_sWjM,0.6233333333333333,0.1266666666666666,0.3922222222222222,0.6777777777777777,1.1677777777777778,1.3411111111111111,0.3211111111111111,0.9288888888888888,0.9944444444444444,0.6788888888888889,0.4288888888888889,0.0866666666666666,0.29,0.1144444444444444,0.4844444444444444,0.0922222222222222,0.1544444444444444,1
iGcS_QsiCwA,1.33,1.7525,0.0,1.375,0.4549999999999999,0.485,0.0,1.3025,0.6275,0.0,0.5,0.1475,0.615,0.0,1.57,0.2175,0.04,2
iH4IPymkagQ,0.0,0.0,0.0,0.12,2.31,0.45,1.4,1.61,1.92,2.05,0.0,0.32,0.0,0.0,1.65,0.07,0.0,0
iHyEzFFHD1g,1.04,1.56,0.0,0.0,1.08,0.0,0.55,1.08,1.76,0.21,0.65,0.0,1.43,0.0,0.82,0.09,1.43,1
iM43LN5gdgs,0.9,0.3,1.33,0.94,0.02,1.65,0.56,0.0,0.0,0.0,0.52,0.0,0.0,0.0,0.41,0.0,0.0,1
iTeW0PTPEwE,2.665,1.66,0.74,1.44,0.0,0.14,0.08,0.625,0.275,0.35,0.875,0.0,0.23,0.0,1.42,0.76,0.0,2
iXDvw2_BIqM,0.69,0.175,0.895,1.05,0.55,1.175,0.34,0.445,0.3,0.0,1.43,3.055,0.955,1.155,0.0,1.115,0.0,1
iXd277VEQuI,0.5700000000000001,0.03,0.42,0.335,1.505,1.195,0.05,2.27,2.3600000000000003,1.435,0.0,0.0,0.25,0.0,2.625,0.7250000000000001,0.0,0
iYvBDtk8z-4,0.4633333333333333,0.0,0.0,0.3566666666666667,0.1066666666666666,0.3066666666666667,0.0,0.2466666666666666,0.31,0.1233333333333333,0.4266666666666667,0.0933333333333333,0.1333333333333333,0.0,0.5066666666666667,0.71,0.2833333333333333,1
ifLKnE2WgPE,1.81,1.41,0.01,3.43,0.0,0.0,0.0,0.0,0.1,0.0,0.0,0.93,0.0,0.0,0.25,0.89,0.0,2
ihEQOF8_SXs,1.78,2.89,1.12,3.13,0.0,0.0,0.0,0.58,0.02,0.0,0.38,0.0,0.32,0.0,1.83,0.23,0.0,2
ihQCje3qADE,0.2866666666666667,0.8033333333333333,0.0,0.5866666666666666,1.2466666666666668,1.02,0.5266666666666667,1.0066666666666666,1.6766666666666667,1.346666666666667,0.05,0.7233333333333333,0.5733333333333333,0.2299999999999999,0.73,0.1333333333333333,0.3566666666666667,0
iha3y_Oj_-o,0.8685714285714285,0.0957142857142857,0.2657142857142857,0.2414285714285714,0.4557142857142857,0.91,0.3928571428571428,0.91,0.4771428571428571,0.3914285714285714,0.8242857142857144,0.3357142857142857,0.4742857142857142,0.3571428571428571,0.4728571428571428,0.6799999999999999,0.4985714285714285,1
ikCeI-HNWKU,0.84,0.13,0.0,1.56,0.0,1.13,0.64,0.54,0.42,0.1,0.08,0.79,0.6,1.0,0.0,1.32,0.0,1
ilvgg0xoqXg,0.535,0.0,0.095,0.0,0.33,1.905,0.74,0.775,0.0,0.0,0.215,0.77,0.665,0.03,0.0,0.13,0.635,1
im9_1MMzw3c,1.035,0.195,0.0,0.485,1.15,1.41,0.045,0.8300000000000001,1.715,1.32,0.0,0.0,0.415,0.0,1.27,0.015,0.0,0
iqd1MUUIJHM,0.59,0.0,0.235,1.2,0.095,0.0,0.0,0.2249999999999999,0.29,0.28,0.765,0.125,0.065,0.65,0.0,1.4900000000000002,0.0,1
it4RYgwYIDg,0.805,0.0,0.405,0.41,1.55,1.575,0.5,0.35,1.22,0.075,0.6,1.155,0.65,0.06,0.785,0.63,0.14,1
iuOb6l6vbOY,0.43,0.165,0.045,0.005,0.83,1.27,0.19,0.54,1.345,0.5449999999999999,0.04,0.385,1.285,0.525,1.215,0.0,0.08,1
iwzPLQ6-BDs,1.22,1.37,0.585,4.255,0.0,0.0,0.0,0.0,0.51,0.365,0.0,0.0,0.0,0.15,1.19,1.495,0.0,2
ix3pRU76vIc,2.36,2.5,0.0,2.5,1.305,2.83,0.03,2.055,1.855,0.38,0.96,0.0,0.06,1.125,2.035,0.71,0.0,2
iz-Jvx0AmuM,0.35,0.0,0.165,0.0,0.185,0.0,0.895,0.315,0.1,0.73,0.365,0.0,0.775,0.0,0.2,0.515,0.0,1
j1ZDjp7CS9I,0.2066666666666666,0.0,0.8333333333333334,0.36,0.7266666666666667,0.0,0.7166666666666667,0.8066666666666666,0.6366666666666667,0.1999999999999999,0.1766666666666666,0.06,0.9933333333333332,0.1933333333333333,1.0733333333333337,0.3733333333333333,0.2299999999999999,1
j1knOWYwnMM,0.8200000000000001,0.27,0.12,0.17,1.9,2.725,1.14,1.485,2.425,1.77,0.0,0.0,1.08,0.0,2.8,1.025,0.265,0
j2YWXAqzmX4,0.0,0.0,1.06,0.0,2.8,2.48,0.93,2.06,3.45,3.35,0.0,0.0,0.0,0.0,2.5,0.0,0.11,0
j4pBIs30HQc,0.33,0.0,0.315,0.425,2.28,1.5499999999999998,0.605,2.615,2.965,2.8,0.12,0.23,0.24,0.195,1.815,0.485,0.395,0
j5wy6RXVVCY,2.66,1.78,0.19,3.66,0.18,0.0,0.0,0.29,2.02,0.99,0.0,0.0,0.05,0.52,1.63,0.21,0.0,2
j61BEpr1OSg,0.73,0.29,1.4400000000000002,1.0,0.6633333333333333,1.1,0.0666666666666666,0.6333333333333333,1.6166666666666665,1.096666666666667,0.0466666666666666,0.0,0.0,0.0,1.5766666666666669,1.03,0.1566666666666666,1
j69a0yB08gs,0.0,0.0,0.0,0.0,0.78,0.59,0.0,0.09,1.52,1.51,0.03,0.0,0.61,0.28,0.24,0.0,0.52,1
jAi_grkVCFY,1.365,0.2,0.43,0.6799999999999999,1.21,1.975,0.095,0.11,0.3349999999999999,0.23,0.335,0.285,0.23,0.255,0.605,0.33,0.295,1
jC86fVeUeZA,1.38,2.08,0.0,0.78,0.0,0.12,0.38,0.0,0.0,0.14,1.61,1.42,1.68,0.0,0.0,0.25,0.0,2
jDtgVcVUTVs,0.0,0.0,0.0,1.11,1.79,1.27,0.0,1.94,1.88,0.0,0.98,0.0,0.99,0.0,1.97,0.0,0.0,0
jDxJk9l0Wp4,0.5475,0.6950000000000001,0.3299999999999999,1.1925,0.5,0.225,0.0,0.4925,1.0425,0.27,0.0125,0.0,0.2475,0.0,1.93,0.48,0.5875,1
jI23S-mYYeg,3.16,1.37,0.0,1.31,2.0,1.85,0.0,1.53,0.69,0.0,1.22,0.43,0.37,0.0,2.69,0.0,0.0,2
jJaymuewPYw,1.36,0.0,0.8233333333333334,1.16,0.4133333333333333,0.8666666666666666,0.35,0.7966666666666667,0.5266666666666667,0.5233333333333333,0.6233333333333334,0.0499999999999999,0.6733333333333333,0.0066666666666666,0.15,0.0933333333333333,0.0866666666666666,1
jJyZzmYeHiQ,2.095,1.03,0.81,1.945,0.0,0.0,0.16,0.745,0.34,0.08,0.95,0.73,0.12,0.045,0.325,0.68,0.135,2
jMLdbmElS8w,0.6316666666666667,0.745,0.3233333333333333,0.5833333333333334,0.2916666666666667,1.0933333333333335,0.36,0.2749999999999999,0.2799999999999999,0.1616666666666666,0.2383333333333333,0.1883333333333333,0.5,0.1433333333333333,0.48,0.4233333333333333,0.0499999999999999,1
jNh9sBsYgss,0.6733333333333335,1.106666666666667,0.3966666666666666,1.41,0.33,0.7733333333333333,0.3633333333333333,0.62,0.2299999999999999,0.5433333333333333,0.4366666666666667,0.3966666666666666,0.0666666666666666,0.2333333333333333,0.5366666666666666,0.4966666666666666,0.1533333333333333,1
jOwLMt8-WQs,2.99,1.24,1.1,2.15,0.0,0.27,0.0,0.34,0.91,2.11,0.0,0.39,0.76,0.0,0.03,0.78,0.0,2
jPAf5X7D_5E,1.2533333333333332,0.8433333333333334,0.0,0.6466666666666666,0.9733333333333332,1.2833333333333334,0.1933333333333333,1.0733333333333333,1.6233333333333333,0.8433333333333333,0.3266666666666666,0.3166666666666666,0.6699999999999999,0.7966666666666667,1.6900000000000002,0.7133333333333333,0.0,0
jPUSclSyUiQ,0.775,0.385,0.0,0.345,0.53,1.17,0.465,0.075,0.91,1.045,0.285,0.325,0.38,0.055,0.475,0.225,0.345,1
jQaxzqZztNM,0.295,0.64,0.0,0.935,0.05,1.745,0.175,0.0,0.235,0.035,0.01,0.055,0.375,0.04,0.555,0.45,0.0,1
jSVt-jwgQ1U,0.92,0.0,0.17,0.0,2.09,0.99,0.0,2.12,1.77,1.45,0.0,0.0,0.0,0.0,1.89,0.06,0.08,0
jSktkWAbLAk,1.895,0.6950000000000001,0.475,1.3250000000000002,0.77,1.41,0.0,1.0950000000000002,1.075,0.83,1.46,0.37,1.025,0.06,0.025,0.0,0.005,1
jTHtIfk1Nyo,0.84,0.0,0.41,1.17,0.85,0.0,0.51,0.0,0.88,0.63,0.23,0.0,1.04,0.63,0.0,0.0,0.0,1
jTPe32FwjEI,1.525,0.98,0.44,0.275,1.055,1.34,0.31,0.735,0.945,0.31,0.0,0.175,0.31,0.105,0.9,1.275,0.0,1
jVtWRVmMVGg,0.52,0.7725,0.2574999999999999,1.03,0.04,0.0325,0.0125,0.535,0.2675,0.475,0.095,0.1225,0.1974999999999999,0.0,0.725,1.36,0.055,1
jZn35O_ja4Q,0.495,0.0,0.0,1.41,0.58,1.355,0.7050000000000001,1.81,0.49,0.585,1.14,0.33,0.95,0.45,1.22,0.74,0.27,1
j_G9pHUL-wY,0.71,0.0,0.0,1.06,1.16,0.02,0.0,0.51,2.45,1.01,0.0,0.0,1.29,0.78,1.38,0.0,0.0,0
jbdN_Uwuosc,0.84,0.0,1.45,1.03,0.64,0.91,0.0,0.1,0.73,1.2,0.24,1.64,1.64,1.45,0.0,0.58,0.0,1
jeyDC8xrwt4,1.145,0.505,0.0,1.3675,0.38,0.3725,0.325,0.4525,0.65,0.0825,0.9075,0.6625,0.395,0.185,1.1075000000000002,1.01,0.025,1
jiQ7Grr33oA,0.7600000000000001,0.21,0.5366666666666667,0.2366666666666666,0.2966666666666666,0.7833333333333332,0.0,0.3833333333333333,0.4466666666666666,0.0066666666666666,0.7399999999999999,0.5366666666666666,0.4666666666666666,0.0666666666666666,0.82,0.5066666666666667,0.5266666666666667,1
jmntzm5yBYY,1.65,1.51,0.0,1.35,0.64,0.7,0.0,1.15,1.53,1.39,0.71,0.06,1.24,0.0,1.45,0.0,0.0,2
jnP26DJ4Eok,0.8633333333333333,0.35,0.0433333333333333,0.3266666666666666,1.903333333333333,1.8833333333333333,0.8466666666666667,1.7400000000000002,1.9266666666666663,1.096666666666667,0.1999999999999999,0.0,0.57,0.0,2.27,0.27,1.2533333333333334,0
joeAUU_Gwko,0.0,0.0,0.51,0.08,0.445,0.91,0.085,1.325,0.65,0.845,0.0,0.0,0.835,0.0,0.54,1.25,0.05,1
jqEDYZ_jq3s,2.09,2.505,0.0,1.38,1.94,1.195,0.24,2.0,3.485,1.72,0.0,0.0,0.0,0.0,2.69,0.42,0.195,0
jqrEYX5MMks,0.8733333333333334,0.8866666666666667,0.13,0.0,0.1033333333333333,0.7833333333333333,0.6966666666666667,0.2966666666666666,0.0733333333333333,0.3333333333333333,1.7366666666666666,2.2333333333333334,0.2666666666666666,0.1466666666666666,0.7766666666666667,0.5366666666666666,1.5233333333333334,1
jrppaG01-F0,2.21,3.66,0.0,1.93,0.0,0.0,0.0,0.0,0.0,0.0,0.0,0.31,0.0,0.0,0.0,0.0,1.36,2
jrxk0pWFe-I,0.5,0.34,0.0,1.26,2.03,0.07,0.12,1.41,2.35,0.92,0.0,0.0,0.0,0.0,3.28,1.38,0.0,0
jumDvsiJ9BI,0.72,0.0,0.16,0.44,0.09,2.03,0.21,1.13,1.02,0.0,0.72,0.0,0.23,0.0,0.95,1.58,0.0,1
jw1ScfGOB4U,0.0,0.0,0.09,0.0,1.98,4.08,0.21,1.49,2.4,1.86,0.0,0.0,0.0,0.0,2.47,0.51,0.0,0
jw7ykAwVGH0,0.0,0.0,0.0,0.0,0.81,0.85,0.8,2.11,0.04,0.47,1.2,1.97,0.0,0.65,2.02,0.0,1.45,1
jwhcFIoDFNg,0.615,0.52,0.3,0.455,0.145,0.0,0.005,0.375,0.865,1.1949999999999998,0.0,0.06,0.21,0.13,0.965,0.06,0.94,1
jxZgccTWzcg,0.16,0.0,0.64,0.18,2.015,2.66,0.735,2.15,2.43,1.93,0.0,0.0,0.0,0.0,3.315,0.8500000000000001,0.0,0
jxi7MHhur20,0.42,0.0,1.73,1.35,0.15,0.7,0.51,0.61,0.0,0.0,0.0,0.26,0.0,0.0,0.0,1.09,0.0,1
jyWS46pHtdA,0.798,0.184,0.0,0.2219999999999999,0.574,0.4019999999999999,0.386,0.19,1.038,0.778,0.1379999999999999,0.0,0.2319999999999999,0.056,0.984,0.0,0.078,1
jzS627fKCvc,0.24,0.0133333333333333,0.0,0.1033333333333333,1.5233333333333334,1.876666666666667,0.6166666666666667,1.6166666666666665,2.1466666666666665,1.21,0.4833333333333334,0.4833333333333334,1.16,0.0033333333333333,1.0166666666666666,0.4366666666666667,0.0866666666666666,0
k3dilnwfcec,2.275,1.62,0.075,0.835,0.72,0.0,0.01,0.5,0.655,0.0,0.8,1.42,1.535,0.965,0.755,0.24,0.265,2
k4VbpUl8U9I,1.264,0.18,0.288,1.162,1.112,0.476,0.174,1.032,0.986,0.974,0.3219999999999999,0.458,0.986,0.128,0.946,0.85,0.178,1
k4cn8eVRCDo,0.5525,1.165,0.0,1.0125,0.0,0.3575,0.4625,0.02,0.1649999999999999,0.2324999999999999,0.22,0.21,0.085,0.0,0.1075,0.505,0.0175,1
k5DdXvzvQ9g,0.73,0.0,0.4583333333333333,1.0783333333333334,0.0916666666666666,0.3433333333333333,0.1016666666666666,0.8850000000000001,0.3916666666666666,0.7000000000000001,0.7433333333333333,0.0283333333333333,0.1649999999999999,0.0616666666666666,0.4133333333333333,0.515,0.0866666666666666,1
k5iXUMHPXb8,1.7133333333333332,0.8833333333333334,0.2033333333333333,0.73,0.8066666666666666,0.61,0.0,1.54,0.82,0.8966666666666666,0.8566666666666668,0.1533333333333333,1.34,0.1033333333333333,1.1,0.0,0.3933333333333333,1
kAsWumwTUjQ,1.8,2.15,0.14,1.53,0.45,0.52,0.0,0.0,0.0,0.0,5.0,0.0,0.0,0.04,0.48,0.0,0.95,2
kBRmepdDuGk,0.7,0.24,0.205,2.365,0.035,0.015,0.0,0.0,0.25,1.81,0.765,0.045,0.525,0.065,0.26,0.15,0.145,1
kEdhl7xNluM,0.0,0.0,0.0733333333333333,0.0,1.02,0.9766666666666668,0.8766666666666666,1.15,1.5633333333333332,1.97,0.2433333333333333,0.0,0.3966666666666666,0.33,0.0999999999999999,0.0699999999999999,0.0233333333333333,0
kFBwyWHgkXg,0.0,0.0,0.03,1.03,0.78,0.0,0.0,0.98,1.24,2.55,0.68,0.0,1.65,0.75,0.0,0.0,0.0,1
kIbd4DORB-8,0.3928571428571428,0.0714285714285714,0.5042857142857143,0.1757142857142857,0.6607142857142857,0.9607142857142856,0.235,0.2614285714285714,0.8757142857142857,0.8071428571428572,0.3964285714285714,0.4928571428571428,0.665,0.0428571428571428,0.4128571428571428,0.1185714285714285,0.2142857142857142,1
kL1xAYUTx2o,0.38,0.5,0.0,0.0,1.17,0.73,0.0,1.38,2.56,0.87,0.0,0.0,0.0,0.0,2.04,0.0,0.0,0
kOUQW-YbAeY,1.4333333333333331,1.3333333333333333,0.0,1.7233333333333334,0.0,0.0,0.0,0.5733333333333334,0.0,0.0,0.4633333333333334,0.64,0.1933333333333333,0.0466666666666666,0.95,0.4033333333333333,0.0366666666666666,2
kOf9riihh1g,0.526,0.0,0.312,0.098,1.47,1.89,1.01,1.302,1.682,0.868,0.132,1.0779999999999998,1.514,0.0,1.412,1.448,0.388,0
kVfqhcWspQw,0.79,0.0,0.0,0.0,0.0,0.19,0.39,1.96,0.0,0.49,3.67,0.0,0.0,3.26,0.45,0.0,0.0,1
kWRYJ4P1h-A,0.22,0.58,0.0,0.38,0.55,0.0,0.0,0.33,0.38,0.0,0.79,0.75,1.96,0.0,0.0,0.0,0.0,1
kWXTPmPd_gk,0.5625,0.0925,0.76,1.3325,0.5725,0.795,0.2,0.98,0.635,0.39,0.535,0.38,0.8400000000000001,0.835,0.5325,0.06,0.1325,1
kXPQK-Gxkl8,0.62,0.0,0.0,0.0,0.56,0.76,3.02,0.0,0.0,0.0,0.0,0.0,2.22,0.0,0.0,3.22,0.0,1
kXq_pc1ug3s,0.61,1.68,0.0,3.34,0.78,0.18,0.01,0.5,2.14,0.0,0.0,0.0,0.0,0.66,2.57,0.0,0.0,2
kYTUmK8f52A,2.73,0.92,0.25,0.44,0.22,0.65,0.28,1.41,0.83,0.29,1.16,0.0,1.0,0.1,0.15,0.0,0.0,1
kaK0QUeJDs4,1.274,0.16,0.546,0.366,1.026,1.976,0.546,0.552,0.954,0.74,0.8480000000000001,0.8380000000000001,0.41,0.24,0.51,0.732,0.062,1
kceHa2XteNs,1.44,1.82,0.25,3.19,0.0,0.0,0.52,0.86,0.29,0.0,0.23,0.0,0.0,0.0,2.22,1.87,0.0,2
kdQjdQUFzBo,1.295,1.08,0.57,0.7999999999999999,1.675,2.925,0.625,1.555,1.665,1.345,0.0,0.295,1.0,0.055,1.225,0.175,0.375,0
kgG1oJiE5qs,0.6133333333333334,1.2166666666666666,0.0,1.3333333333333333,1.346666666666667,0.6266666666666666,0.7966666666666665,1.163333333333333,0.96,0.1933333333333333,0.4166666666666667,0.1366666666666666,0.3266666666666666,0.18,0.1166666666666666,0.32,0.45,1
kkiNTet5G-Q,1.005,0.605,0.725,0.52,1.27,1.895,0.63,0.455,1.57,1.915,0.335,0.565,1.2049999999999998,0.185,0.155,0.0,0.745,0
klMo0d2-VOs,0.165,0.255,0.0,0.595,1.335,0.375,0.5700000000000001,1.655,1.245,0.615,0.255,0.21,0.17,0.0,1.765,0.355,0.0,0
klx-_N0XMEY,1.44,1.89,0.0,0.05,1.87,2.04,0.17,1.99,3.02,2.09,0.0,0.0,1.09,0.16,4.07,0.98,0.26,0
koNVREBxap8,0.0,0.0,0.0,0.935,0.895,0.0,0.085,1.235,1.125,0.12,0.21,0.07,0.0,0.0,0.445,0.165,0.0,1
konXumXsoFE,0.285,0.21,0.555,0.09,0.92,1.78,0.465,0.045,0.7949999999999999,0.995,0.565,0.96,0.795,0.48,0.0,0.115,1.545,1
kq2oO7fRbB4,0.82,0.43,0.0,0.0,1.43,2.91,0.79,0.94,1.36,0.0,0.36,0.44,0.0,0.37,0.42,0.22,0.0,0
krOzZPUb738,1.815,0.61,0.61,1.73,1.5,1.4,0.03,1.33,1.6,0.81,0.0,0.0,0.0,0.1,1.305,0.405,0.285,0
kssJ-jhOFPA,0.51,0.125,0.19,0.395,1.545,0.615,0.64,2.3600000000000003,1.46,0.79,0.8150000000000001,0.33,0.38,0.0,1.815,0.4,0.02,0
kupDrmKBW4w,0.9975,0.075,1.2475,0.17,1.7225,0.925,0.4375,1.375,2.265,1.975,0.1575,0.1025,0.4049999999999999,0.24,1.365,0.3275,0.145,0
kwMIisZ35QQ,1.15,0.9625,0.9975,2.0075000000000003,1.045,1.07,0.1,1.32,1.47,0.425,0.0825,0.0425,0.16,0.0,1.69,0.215,0.0,2
kxVFwfWXSSE,0.645,1.095,0.0,2.075,0.0,0.0,0.0,0.7250000000000001,0.285,0.345,0.63,0.09,0.0,0.12,0.135,0.0,0.0,1
kyefcNqiZOA,0.56,0.4466666666666666,0.3733333333333333,0.9866666666666668,0.8633333333333333,0.6566666666666666,0.5566666666666666,1.5200000000000002,1.51,0.28,0.0766666666666666,0.0,0.0633333333333333,0.0,2.11,1.2733333333333334,0.0,0
kz8L5quDgYU,0.8333333333333334,0.0,0.95,0.5366666666666667,0.3066666666666667,0.7133333333333333,0.0266666666666666,0.1733333333333333,0.34,0.7733333333333334,0.3066666666666667,0.7200000000000001,0.3366666666666666,0.2933333333333333,0.3766666666666666,0.2033333333333333,0.32,1
l-lPCxX7ySg,1.81,1.0550000000000002,0.175,1.775,2.67,1.315,0.33,2.805,2.77,1.08,0.15,0.0,0.0,0.0,2.895,1.15,0.0,0
l0eB8kD2EHY,1.21,1.75,1.12,3.835,0.21,0.385,0.93,1.065,0.0,0.04,0.6,0.525,0.295,0.0,2.56,0.93,0.0,2
l2YVDriQtmo,0.1966666666666666,0.5966666666666667,0.1266666666666666,1.1,0.0866666666666666,0.0,0.15,0.0,0.19,0.97,0.1466666666666666,0.1733333333333333,0.0833333333333333,0.1866666666666666,0.3866666666666666,0.9766666666666668,0.5,1
l3050mDF35E,0.4,0.0,0.95,1.785,0.525,0.0,0.49,1.01,0.0,0.61,0.545,0.7,0.0,0.905,0.0,1.19,0.36,1
l37i8s1uUx0,0.195,0.035,0.7975,0.3725,1.215,0.79,0.5225,1.235,1.24,2.0725,0.85,0.375,0.4375,0.18,0.9175,0.675,0.2075,0
l5K-jH6FWcQ,1.065,0.7350000000000001,0.0,0.55,1.485,3.06,0.31,1.495,1.85,0.155,0.175,0.0,0.195,0.255,1.705,0.5,1.3050000000000002,0
l62LKcUAKgI,0.64,0.0,0.34,0.0,0.0,0.0,0.62,1.14,0.0,1.24,0.66,2.06,0.0,0.0,0.0,3.2,0.0,1
l9hIJpOP5Fo,0.0,0.0,0.0,1.01,0.66,0.0,0.43,0.92,2.13,1.29,0.78,0.0,0.52,0.0,0.81,0.0,0.32,1
lDc5m69DlKk,0.56,0.89,0.0,1.39,0.0,0.0,0.0,0.0,1.19,0.0,0.0,0.95,0.0,0.37,0.0,0.0,0.0,1
lDkAhaR_cyA,0.2033333333333333,0.0,0.5633333333333334,0.24,0.7733333333333334,1.98,0.6916666666666665,0.2533333333333333,0.4033333333333333,0.9933333333333332,1.143333333333333,0.9266666666666667,0.7699999999999999,1.0733333333333337,0.9716666666666668,0.6883333333333334,0.4133333333333333,1
lEgYxTAN36I,2.3,0.69,0.58,1.86,1.2,3.55,1.2,0.66,0.49,0.0,2.31,0.0,1.87,0.0,2.09,1.75,0.0,2
lFDIdJ71AWQ,0.52,0.42,0.4666666666666666,1.653333333333333,0.4266666666666667,0.3766666666666666,0.6466666666666667,0.43,1.4166666666666667,1.0066666666666666,0.0033333333333333,0.2799999999999999,0.0,0.0,0.5433333333333333,1.21,0.1766666666666666,1
lG54jwwvTrc,0.87,0.74,0.0,1.38,1.05,0.1,0.6,2.26,1.37,2.93,0.0,0.0,0.0,0.0,2.23,0.0,0.0,0
lGlWteaA0G4,0.76,0.94,0.0,1.25,0.0,0.19,0.0,0.83,0.0,0.0,2.12,2.16,0.0,0.0,0.5,1.3,0.52,1
lH-ebkL3l9w,0.3333333333333333,0.1366666666666667,0.51,0.3533333333333333,1.3933333333333335,1.2266666666666666,0.7033333333333333,1.8033333333333332,1.0366666666666668,1.2166666666666666,0.8166666666666668,0.5533333333333333,0.0,0.2799999999999999,1.54,2.2433333333333336,0.1333333333333333,0
lLQcFpgbMOk,0.2666666666666666,0.2066666666666666,0.94,0.3,0.6,1.93,0.3266666666666666,0.1633333333333333,0.9233333333333332,0.1999999999999999,0.0266666666666666,0.0,0.2833333333333333,0.0633333333333333,1.1033333333333333,0.6233333333333333,0.36,1
lOF4vVxBQ-s,0.0,0.0,2.23,0.0,0.0,1.01,0.52,0.6,0.0,0.0,1.15,0.06,0.39,0.0,0.0,0.0,0.0,1
lQ_4IeSVUrQ,0.59,0.1266666666666666,0.9033333333333332,0.21,1.403333333333333,2.186666666666667,0.9333333333333332,1.5633333333333337,1.3666666666666665,0.57,0.47,0.6166666666666667,0.1566666666666666,0.1266666666666666,1.0633333333333332,0.4433333333333333,0.38,0
lQfMYUon9fM,0.91,0.836,0.298,0.4559999999999999,1.778,2.334,0.696,1.42,1.636,1.522,0.154,0.238,0.5660000000000001,0.174,1.12,0.726,0.048,0
lQxl7v4iZRU,0.0,0.0,0.005,0.165,0.665,0.44,0.465,1.215,1.005,1.905,0.69,0.0,0.575,0.0,1.1949999999999998,0.545,0.55,0
lSHh9qJOKjs,0.968,0.074,0.8960000000000001,0.2799999999999999,0.674,1.73,0.6679999999999999,1.574,0.734,0.7,0.8939999999999999,0.528,1.08,0.02,1.184,1.012,0.4319999999999999,1
lUy-hP3V-1o,0.0,0.0,0.75,0.0,1.89,2.59,1.03,1.63,1.56,2.51,0.75,0.16,0.18,0.42,2.03,0.88,0.0,0
lbR5yzJz4uA,0.5966666666666667,0.1066666666666666,0.15,0.5533333333333333,0.68,0.43,0.1933333333333333,1.0266666666666666,1.336666666666667,0.6333333333333333,0.09,0.0,0.26,0.14,1.08,0.2833333333333333,0.0,1
lfBJnEJRlt8,0.5725,0.0,0.8574999999999999,0.74,0.6000000000000001,0.365,0.5125000000000001,1.1475,0.4125,0.495,0.7825,0.0875,0.13,0.245,1.0675,0.4599999999999999,0.215,1
lfq08YKgIDE,0.065,0.17,0.045,2.67,0.475,0.5700000000000001,0.535,0.8,0.97,0.87,0.0,0.41,0.185,0.175,0.405,0.595,0.0,1
lmisnxYQvhg,1.995,0.835,2.49,0.0,0.14,0.895,0.355,0.915,0.2,0.53,1.215,1.755,0.25,0.5549999999999999,0.37,0.595,1.365,1
lmrf2EjUVa0,0.87,0.43,0.0,0.07,0.44,0.0,0.97,0.0,0.33,0.0,0.0,1.24,0.0,0.3,0.0,1.78,0.87,1
lnxi--Rx6Po,0.73,0.0,0.65,0.0,1.59,0.09,0.01,1.24,1.89,0.8,0.0,0.0,0.85,0.05,2.71,0.0,0.25,0
lqpsgJpgVBw,0.79,0.0,0.0,0.0,0.28,1.54,0.0,0.0,0.84,0.0,2.68,1.33,0.0,0.0,0.0,0.0,0.0,1
lwno0Z10TDg,1.095,0.3225,0.28,0.465,0.2299999999999999,0.615,0.3175,0.92,0.5850000000000001,1.5875,0.63,0.5,0.135,0.275,0.4,1.015,0.0,1
lylnNLNNcbA,0.21,0.0,0.275,0.435,0.01,0.0,0.21,1.205,0.35,1.075,0.525,0.0,0.29,0.0,0.475,1.015,0.56,1
lyoIryqJ08A,1.67,3.48,1.08,2.64,0.14,0.04,0.0,0.0,0.69,0.0,0.17,0.0,0.0,0.36,3.31,2.56,0.32,2
m-s5vnq0n-w,1.37,2.43,0.0,0.97,0.0,0.27,0.0,0.0,0.0,0.0,0.0,0.0,0.0,0.0,1.04,1.39,0.24,2
m1tQXkTN47Y,1.11,0.81,0.0,0.71,2.19,2.75,0.83,1.85,3.13,0.55,0.0,0.0,0.36,0.0,2.69,0.0,0.02,0
m42_YBQeQ7w,1.01,0.445,0.41,0.775,0.7,0.66,0.095,1.4500000000000002,0.935,0.6799999999999999,0.595,1.155,0.0,0.03,0.425,0.8200000000000001,0.14,1
m4MbuuTmMM8,0.96,1.385,0.0,0.34,2.57,1.005,0.625,1.3,2.62,1.82,0.63,0.335,0.885,0.11,2.025,0.985,0.72,0
m5YtJQLW_Jg,1.0166666666666666,0.1566666666666666,1.2366666666666666,0.3233333333333333,1.9566666666666668,2.1533333333333338,1.02,1.9,1.9166666666666667,1.0633333333333337,0.24,0.02,0.51,0.0,1.893333333333333,0.25,1.2066666666666668,0
mBFUFsBtQX8,0.6466666666666666,0.0,0.47,0.5833333333333334,0.3,0.5499999999999999,0.4000000000000001,1.7,0.5433333333333333,0.6966666666666667,0.2833333333333333,0.8466666666666667,0.21,0.1466666666666666,0.3066666666666667,0.34,0.4533333333333333,1
mBTU2jyn6yU,0.175,0.0,0.395,0.87,0.55,0.7649999999999999,0.91,0.935,1.065,1.005,0.7150000000000001,0.0,0.18,0.0,0.58,0.545,0.19,1
mBqdFmLnKCE,1.48,0.13,0.0,1.72,1.64,1.27,0.13,1.36,1.51,2.47,0.0,0.0,0.0,0.0,0.0,0.0,0.0,0
mD_eFV8Igr8,1.6166666666666665,0.8166666666666665,0.0,0.9266666666666666,1.2166666666666666,0.99,0.1866666666666666,0.8799999999999999,0.9133333333333334,0.1733333333333333,0.2533333333333333,0.0,0.62,0.0933333333333333,0.1366666666666666,0.4766666666666666,0.6433333333333333,1
mEGowrcIw9E,1.21,0.0,0.0,0.28,0.84,0.52,0.06,1.45,1.42,0.33,0.09,0.0,0.88,0.49,0.02,0.0,0.56,1
mE_u_aqJxMU,0.0,0.0,0.47,0.6,0.27,1.11,0.31,0.0,0.0,0.0,1.0,0.18,0.34,0.0,0.26,1.0,0.41,1
mEd-p7Qq4jQ,0.6,0.45,0.0,1.96,0.72,0.0,1.42,2.12,0.25,1.29,1.32,0.0,0.0,0.0,1.53,2.05,0.25,1
mF98At7oSY4,0.8049999999999999,0.155,0.55,0.915,0.315,0.53,0.3625,0.055,0.235,0.3225,0.485,0.41,0.5349999999999999,0.3575,0.44,0.975,0.025,1
mHSzgYb-6iI,0.255,0.0,0.575,0.15,1.15,1.275,0.31,1.22,2.275,1.7,0.0,0.0,0.0,0.0,1.5499999999999998,0.0,0.0,0
mIWo9H1wfc4,0.28,0.0,0.0,0.085,1.045,1.645,0.175,1.525,1.6,0.435,0.0,0.0,0.08,0.0,2.49,1.07,0.0,0
mIghkGjG3oI,0.12,0.0,0.93,0.0,0.49,0.0,0.81,0.0,0.2,0.62,0.24,0.0,0.0,0.2,0.5,3.17,0.0,1
mOxxtznRdeg,2.44,2.34,0.0,1.68,0.0,0.0,0.0,0.0,0.0,0.0,0.09,0.13,0.0,0.0,0.01,0.0,0.0,2
mRGsu99YAPQ,0.565,0.245,0.5,0.82,0.0,0.28,0.09,0.0,0.09,0.165,0.25,0.49,0.435,0.195,1.075,0.3299999999999999,0.065,1
mRSmk9PBRmA,0.2699999999999999,0.0,0.1807692307692307,0.1107692307692307,1.4723076923076923,1.3507692307692307,0.5492307692307693,0.8484615384615386,1.4715384615384617,0.75,0.1084615384615384,0.07,0.6692307692307692,0.0,1.2692307692307692,0.1984615384615384,0.0861538461538461,0
mT754_cnPBs,1.4449999999999998,2.425,0.0,4.29,0.0,0.0,0.0,0.055,0.0,0.0,0.0,0.02,0.005,0.075,0.255,0.415,0.09,2
mTCgnJCyz2Q,0.885,0.245,0.805,0.71,0.805,0.12,0.56,2.35,1.77,0.68,0.22,0.48,0.0,0.0,1.12,0.0,0.0,0
mX9rUsrSadc,0.345,0.0,0.03,0.0,0.415,0.545,0.0,0.075,0.42,0.275,0.7050000000000001,0.965,0.32,0.1,0.255,0.525,0.0,1
mYaLS7CmGdQ,1.0875,1.0425,0.8600000000000001,1.0625,1.3,1.3650000000000002,1.3025,1.9875,1.6475,0.115,0.44,0.0325,0.25,0.2774999999999999,2.3625,1.395,0.17,0
mZEyGBo1SwU,1.94,0.37,0.61,1.91,1.05,2.53,0.0,0.83,0.94,0.0,1.28,0.45,1.33,0.0,0.0,0.0,0.0,1
mZOoi-ogbuI,0.66,1.9,0.87,2.01,0.0,0.28,0.0,0.06,0.0,0.0,0.25,0.0,0.0,0.0,1.53,0.47,0.54,2
mcWEmkXF4ik,0.332,0.0,0.8539999999999999,0.734,0.494,1.134,0.308,0.4559999999999999,0.7140000000000001,0.248,0.242,0.0,0.4639999999999999,0.04,0.99,0.6539999999999999,0.182,1
mgwJt140qFI,0.0,0.0,0.0,0.0,1.48,0.0,0.86,0.33,1.56,0.0,0.0,0.0,0.0,0.0,0.0,0.0,0.12,1
moyCKiESj4E,0.4866666666666666,0.5483333333333333,0.37,0.5616666666666666,0.6883333333333334,0.215,0.0616666666666666,0.4233333333333333,0.9916666666666668,0.9933333333333332,0.2466666666666666,0.1133333333333333,0.08,0.09,0.6316666666666667,0.7333333333333334,0.155,1
mpDjtthov0E,0.855,0.05,0.15,0.15,2.635,2.26,0.575,1.195,2.94,0.84,0.0,0.08,0.38,0.0,2.34,0.395,0.5549999999999999,0
mz9__Z7wrwM,0.54,0.0,0.505,0.0,0.36,0.565,0.26,0.295,0.915,1.46,0.02,0.0,0.37,0.0,1.375,0.68,1.81,1
mzQatvdmAEI,0.0,0.0,0.35,0.5,0.02,0.63,0.22,1.87,0.97,0.0,0.95,0.0,0.0,0.0,1.93,0.68,0.1,1
mzlQGtKF2nc,0.6166666666666667,0.0,1.1366666666666667,0.6133333333333334,0.2033333333333333,0.625,0.1033333333333333,0.295,0.3899999999999999,0.3133333333333333,0.5133333333333333,0.2383333333333333,0.1783333333333333,0.0,0.2416666666666666,0.545,0.3083333333333333,1
n1-q5-1NcD4,0.2633333333333333,0.4266666666666667,0.3066666666666667,0.4666666666666666,0.02,0.0,0.17,0.6933333333333334,0.3233333333333333,0.12,0.1899999999999999,0.01,0.5233333333333333,0.0,0.3533333333333333,0.7133333333333333,0.4433333333333333,1
n1jPXONfxjI,0.395,0.0,0.0,0.15,0.8400000000000001,0.725,0.0,1.14,1.97,0.7949999999999999,0.0,0.0,0.0,0.245,1.43,0.375,0.44,0
n3rW_AoutiI,1.17,0.0,0.04,0.0,0.0,0.78,1.1,0.5,0.0,1.98,0.21,0.0,0.0,0.0,0.94,0.34,0.0,1
n4DJD2NH7ns,1.4799999999999998,0.4366666666666667,0.01,1.4933333333333334,0.4733333333333333,1.0366666666666666,0.3666666666666667,1.2266666666666668,0.3733333333333333,0.4666666666666666,0.3066666666666667,0.46,0.2366666666666666,0.1166666666666666,0.49,0.28,0.5466666666666666,1
n4gq6DmWX8E,0.1742857142857143,0.0,0.2971428571428571,0.1942857142857142,1.7685714285714285,1.82,0.5057142857142857,1.3757142857142857,1.8571428571428568,0.6571428571428573,0.0328571428571428,0.0871428571428571,0.3128571428571428,0.1271428571428571,1.39,0.4157142857142857,0.19,0
n6b30Kc9ZOw,3.9,3.12,0.99,1.17,0.0,0.31,0.0,0.8,0.5,1.12,0.46,0.16,0.39,0.0,0.22,0.16,0.0,2
n9jXkVvpDvM,0.12,0.0,0.365,0.1425,0.9425,0.39,0.3175,1.095,1.255,0.5725,0.1575,0.24,0.8200000000000001,0.2125,0.5625,0.1825,0.16,1
nBQHwf-gi2k,1.19,0.3166666666666667,0.11,1.0033333333333332,0.2233333333333333,0.7333333333333334,0.6233333333333334,0.3,0.1233333333333333,0.4833333333333334,1.5,0.3766666666666666,0.7433333333333333,0.6033333333333333,0.4966666666666666,0.2033333333333333,0.4433333333333333,1
nCbla8yws6k,0.39,0.01,0.0,0.0,0.51,1.0,0.73,0.56,1.42,1.24,0.0,0.17,0.74,0.0,0.13,0.0,0.0,1
nFaPIsfZRDM,0.13,0.375,0.2,1.29,0.375,0.19,0.28,1.055,0.7549999999999999,1.2,0.76,0.625,0.0,0.0,0.745,0.0,0.0,1
nFm6POmCyrk,0.94,0.0,0.0,0.17,1.88,2.37,0.135,0.8999999999999999,1.73,1.075,0.215,0.105,1.145,0.09,0.955,0.0,0.345,0
nGak4DeFtDc,0.6514285714285714,0.0885714285714285,0.2757142857142857,0.2071428571428571,1.2442857142857144,1.0057142857142858,0.8185714285714286,1.2957142857142858,1.2100000000000002,1.2357142857142858,0.2442857142857142,0.1214285714285714,0.63,0.1057142857142857,1.0257142857142856,0.7942857142857144,0.3757142857142857,0
nGhFWhfZKpM,2.635,2.08,0.0,1.93,0.8049999999999999,0.665,0.29,1.025,0.57,0.355,0.98,0.71,0.0,0.06,0.26,0.0,0.0,2
nHJFqf5YRXc,0.0,0.0,0.0,0.275,1.055,2.185,0.055,0.72,1.15,0.185,1.195,0.175,0.295,0.065,1.33,0.62,0.0,1
nJUXPpqB6VE,0.75,1.29,1.16,0.24,0.0,0.0,0.0,0.0,0.0,1.15,0.0,0.37,1.22,0.06,0.0,0.0,0.17,1
nJrAdKC_6Og,1.09,0.0675,0.38,0.275,1.385,1.3575,0.345,1.3425,1.7175,1.2325,0.0,0.0,0.1725,0.0025,1.2975,0.07,0.2175,0
nL6f2JVWkzc,0.0,0.0,1.03,0.41,1.29,0.2,1.45,0.43,0.0,0.93,1.27,0.52,0.0,1.46,0.0,0.4,0.68,1
nM8VDXb7Qog,1.03,1.12,0.0,0.0,0.0,0.0,0.39,1.36,0.47,0.79,1.51,0.0,0.52,0.12,0.38,0.27,1.11,1
nMmYXQGZ_LM,0.3736363636363636,0.1581818181818181,0.16,0.2963636363636363,0.64,0.3472727272727273,0.2509090909090909,1.0190909090909093,1.000909090909091,1.208181818181818,0.1681818181818181,0.3318181818181818,0.279090909090909,0.0427272727272727,0.4827272727272728,0.2372727272727272,0.0209090909090909,1
nOsxxtVS7fE,0.925,0.345,0.83,0.8999999999999999,0.64,1.34,0.405,0.79,0.725,0.285,0.845,0.0,0.0,0.0,1.095,0.5700000000000001,0.015,1
nPYbWkiGveo,3.08,0.21,0.0,3.4,0.06,0.0,0.0,0.0,0.0,0.0,0.85,0.0,0.0,0.19,0.0,0.0,0.0,2
nQ-4mPO_rug,2.29,3.37,0.0,2.93,0.0,0.0,0.0,0.0,0.13,0.05,0.7,2.59,0.0,0.0,0.0,0.0,0.0,2
nRQq8eSvSIQ,0.4216666666666667,0.1666666666666666,0.3516666666666666,1.0633333333333332,0.4949999999999999,0.7866666666666667,0.235,0.795,0.9683333333333332,0.285,0.1399999999999999,0.0,0.08,0.0983333333333333,0.9316666666666666,0.3266666666666666,0.0,1
nRs-LD0Wd0M,1.4725,1.4300000000000002,0.0,0.6425000000000001,0.7775,0.8775,0.245,0.1475,1.5725,0.76,1.1675,0.0,0.195,0.2975,1.845,1.34,0.47,2
nTTnNqw1awg,0.0,0.0,0.0,0.0,0.98,2.55,0.76,0.14,2.46,1.1,0.15,0.0,0.0,0.0,1.79,0.78,0.67,0
nTvBsO0v-Ws,1.2,0.615,0.21,0.2299999999999999,0.115,0.88,0.38,1.12,0.27,0.34,0.195,0.13,0.2,0.0,0.0,0.0,0.0,1
nYBYvw74-DQ,1.336666666666667,1.5466666666666669,0.0,2.31,0.7733333333333334,0.5133333333333333,0.1433333333333333,1.29,1.893333333333333,0.8033333333333333,0.5633333333333334,0.2966666666666667,0.0,0.0266666666666666,1.68,0.5966666666666667,0.0,2
nYMpN3oOhuM,0.4649999999999999,0.03,0.1175,0.29,0.94,0.7325,0.2175,0.895,1.55,1.0750000000000002,0.3625,0.1125,0.285,0.0,1.3575,0.6224999999999999,0.0,0
n_u7sgSZkYo,1.7,0.83,0.37,0.0,1.58,1.51,0.61,1.23,1.18,0.1,0.65,0.0,0.09,0.0,1.55,0.0,1.0,0
naDhqgjtHp0,0.0,0.0,0.0,0.415,2.185,1.505,0.6599999999999999,2.15,2.285,1.63,0.33,0.415,0.0,0.05,1.68,0.045,0.0,0
nc8JE6Jznb8,0.93,0.0,0.6,0.0,0.0,0.0,0.0,0.06,0.0,0.83,0.81,0.0,0.0,0.07,0.62,0.67,0.0,1
ncGIO6kcN84,0.1,0.0,1.105,0.985,0.3025,0.8975000000000001,0.365,0.1425,0.38,0.0424999999999999,0.1325,0.0,0.12,0.0,0.9675,0.59,0.1725,1
nffyrYzzQG8,1.1175,0.7374999999999999,0.2075,1.06,0.755,1.205,0.2475,1.025,1.09,0.145,0.1975,0.0,0.1275,0.175,1.635,1.375,0.1475,1
ngMwK3xf6uc,0.775,0.2933333333333333,0.1816666666666666,0.9566666666666668,0.3966666666666666,0.6166666666666666,0.1733333333333333,0.1466666666666666,0.355,0.4783333333333333,0.505,0.1483333333333333,0.9683333333333332,0.35,0.425,0.43,0.0466666666666666,1
nivYSwmGz2o,0.73,1.16,0.0,0.0,0.86,1.04,0.0,1.63,3.09,1.17,0.0,0.0,0.0,0.0,3.1,0.49,0.41,0
nlaKstONAaI,0.395,0.245,0.07,2.67,0.0,0.0,0.0,0.01,0.065,0.0,0.12,0.0,0.0,0.0,0.115,0.8300000000000001,0.0,1
nmAINhpI8j4,1.143333333333333,0.16,0.24,0.6266666666666667,0.7266666666666667,0.75,0.3366666666666666,1.26,0.8233333333333334,0.3966666666666666,0.0,0.0,0.0833333333333333,0.0699999999999999,1.5066666666666668,0.8833333333333333,0.0733333333333333,1
nqz1BBMWWMQ,2.01,1.11,0.0,3.46,0.18,1.3,0.04,0.0,0.0,0.0,0.66,0.0,0.22,0.0,1.04,0.87,0.0,2
o-I3x_-b9MA,1.945,0.44,0.795,1.445,0.555,0.47,0.51,1.85,0.49,0.405,0.78,0.6200000000000001,0.07,0.0,0.99,0.195,0.2299999999999999,1
o56PwyvyeaQ,2.56,0.0,0.0,0.0,0.0,0.0,0.0,1.34,0.58,0.0,1.04,1.44,0.0,0.52,0.0,0.39,0.0,1
o8rlDKzIQik,0.772,0.074,0.762,0.748,0.096,0.41,0.428,0.952,0.3419999999999999,0.2799999999999999,0.8059999999999998,0.176,0.958,0.0819999999999999,0.3339999999999999,0.604,0.022,1
o90DCY4e2k0,0.15,0.0,0.0,1.02,1.16,1.19,0.0,1.23,2.28,0.26,0.0,0.0,0.0,0.0,2.25,0.0,0.0,0
oAvtmdAnZCU,0.785,0.815,2.345,0.11,0.565,1.315,0.4549999999999999,0.475,0.325,0.785,2.625,0.0,0.6,2.565,0.01,2.5,0.68,1
oBt--EcqJ24,0.5,0.33,0.725,0.445,0.26,0.35,0.1,1.255,1.0,0.805,0.5,0.465,0.045,0.065,0.37,0.03,0.0,1
oDw3zpHDS3w,1.205,0.0174999999999999,1.6125,0.9225,2.0475,1.385,0.3475,1.715,2.4325,1.8275,0.01,0.075,0.5575,0.035,2.0925,0.66,0.0,0
oEnVBNnNBYA,1.285,0.0,0.925,0.265,0.84,1.36,0.565,1.24,0.365,0.465,0.54,0.0,0.485,0.0,1.41,0.115,0.44,1
oGuEcctNshI,1.914,0.908,1.042,0.974,0.206,0.836,0.4679999999999999,0.796,0.178,0.262,0.958,1.144,0.806,0.066,0.476,0.3279999999999999,0.2679999999999999,1
oHznBlRBcPo,0.61,0.5660000000000001,0.306,0.4619999999999999,0.928,0.604,0.486,1.4600000000000002,1.518,1.434,0.194,0.0,0.516,0.22,2.024,1.16,0.756,0
oIB4GxgZ5eY,0.67,0.675,0.0,0.625,0.325,0.395,0.065,0.715,0.26,0.65,0.04,0.0,0.0,0.0,0.5,0.955,0.0,1
oK2l2dMDGlg,1.94,1.45,0.0,2.22,1.51,0.0,0.0,1.45,2.99,1.67,0.0,0.0,0.75,0.0,2.99,0.14,0.04,2
oLUiDrMuopA,0.2183333333333333,0.0,0.8616666666666667,0.0,0.695,1.596666666666667,0.3516666666666666,0.225,0.745,0.7416666666666667,0.6083333333333333,0.4333333333333333,1.4900000000000002,0.1666666666666666,0.3933333333333333,0.1833333333333333,0.3799999999999999,1
oNsQS9n2CFI,0.5290909090909092,0.0954545454545454,0.2027272727272727,0.3363636363636363,0.8681818181818183,1.0336363636363637,0.0972727272727272,1.019090909090909,1.4200000000000002,0.8327272727272728,0.1027272727272727,0.0,0.1663636363636363,0.0627272727272727,1.27,0.1627272727272727,0.3372727272727273,0
oXPwnLZyO1w,0.415,1.09,0.0,1.59,0.275,0.48,0.0,0.84,0.19,0.0,0.57,0.425,0.31,0.0,0.0,0.405,0.0,1
oYNHeWjc6EM,0.3899999999999999,0.205,0.5483333333333333,0.655,0.5008333333333334,0.6166666666666667,0.3008333333333333,0.2783333333333333,0.6233333333333334,0.29,0.3675,0.1183333333333333,0.6491666666666667,0.065,0.6866666666666666,0.2525,0.2158333333333333,1
o_eKAIxHJ7o,1.92,0.0,0.0,0.0,1.37,0.22,0.82,3.01,2.05,3.2,0.9,0.39,0.62,0.17,0.19,0.1,0.0,0
oa-GMIo3dpQ,0.515,0.59,0.25,0.0,1.955,1.155,0.58,1.595,1.245,1.035,0.165,0.0,0.245,0.31,1.155,0.695,0.675,0
oa3GVLOfWws,0.0,0.05,0.0,0.0,2.31,1.05,0.84,2.28,1.78,1.39,0.05,0.0,0.33,0.0,3.1,0.65,0.0,0
ogKvfsYCP3U,1.6,0.83,0.16,0.68,1.03,0.0,0.0,0.3,1.0,2.01,0.55,0.0,0.32,0.58,1.38,0.02,0.27,1
ohwPQhHSwfc,1.205,0.23,1.91,0.485,0.92,1.295,0.75,1.625,1.25,0.575,0.26,0.0,0.39,0.0,0.6950000000000001,0.0,0.635,1
ok1Ig_5oq-w,0.24,1.18,0.0,0.0,1.77,2.33,0.96,2.72,2.86,2.68,0.08,0.0,0.59,0.3,3.06,0.76,0.36,0
olL0cyfRwFs,0.24,0.0,0.8799999999999999,0.0,0.665,1.02,0.72,0.635,0.41,0.57,0.12,0.005,0.09,0.2,0.955,0.01,0.52,1
p10wmSrEE2Q,0.49,0.2866666666666667,0.68,0.7533333333333333,0.5233333333333333,1.3033333333333337,0.4000000000000001,0.1433333333333333,0.5566666666666666,0.52,0.2533333333333333,0.4199999999999999,0.67,0.0266666666666666,0.0699999999999999,0.0,0.0166666666666666,1
p1LaUfLyYpQ,0.955,0.1,0.74,0.58,1.715,2.235,0.505,0.95,1.855,0.75,0.175,0.42,0.06,0.105,1.21,0.0,0.345,0
p2azeYV3YN8,0.71,0.24,0.0,1.85,1.14,1.09,0.0,2.48,2.97,2.05,0.0,0.0,0.81,0.0,3.55,1.16,0.0,0
p5hF3mbtswo,1.11,0.23,2.65,0.2,3.17,0.98,2.9,3.49,2.22,1.27,0.0,0.0,0.24,0.0,4.23,0.59,0.0,0
p5hraaDYPM8,1.31,0.03,1.05,0.0,1.17,1.07,2.43,1.9,0.24,1.24,0.16,0.61,0.81,0.0,0.34,0.0,0.0,0
p7unyZ4U1HA,0.95,1.13,0.0,1.74,0.33,0.0,0.32,1.36,0.37,0.66,0.99,0.89,0.77,0.0,0.0,0.0,0.01,1
p8RR0srNNDw,0.33,0.06,0.0,0.11,0.55,0.52,0.855,0.6,0.72,1.155,0.355,0.865,0.785,0.035,0.005,0.145,0.035,1
pAyhlW6r84M,0.0,0.0,0.0,0.81,0.0,0.0,0.2,0.35,0.63,0.23,0.0,0.44,0.32,0.0,0.04,0.3,0.0,1
pCxtEYH9I84,0.05,0.01,0.0,0.38,0.24,0.0,0.0,0.0,0.15,0.0,1.54,0.45,0.0,1.39,0.0,0.0,0.0,1
pDvS1mifo2o,0.639,0.286,0.217,1.5470000000000002,0.022,0.258,0.18,0.747,0.4019999999999999,0.371,0.161,0.092,0.015,0.057,0.783,0.998,0.228,1
pIhJ6PLKelg,0.6783333333333333,0.1683333333333333,0.4216666666666667,0.7583333333333334,0.5083333333333333,0.96,0.3683333333333333,1.12,0.87,1.0666666666666669,0.585,0.175,1.0,0.4333333333333333,0.5033333333333333,0.9116666666666666,0.2383333333333333,1
pKNo_mP-2dc,1.355,0.3075,0.555,1.2325,0.605,1.09,0.5725,0.525,0.38,0.435,0.3875,0.2975,0.6325000000000001,0.0325,1.0525,1.0125,0.475,1
pLT2-jZTPi8,0.6371428571428571,0.31,0.5,1.15,0.3314285714285714,0.6214285714285713,0.4242857142857142,0.43,0.63,0.1642857142857142,0.3214285714285714,0.03,0.1914285714285714,0.0,0.9157142857142856,0.4314285714285714,0.1185714285714285,1
pNAjL71DIzA,0.4,1.34,0.0,0.0,0.0,0.0,0.0,0.12,0.69,0.0,0.13,0.86,0.0,0.0,0.52,1.47,1.1,1
pOt30zljCYg,0.59,0.0,0.83,0.73,0.65,0.0,1.01,0.77,0.0,0.07,0.0,0.0,0.0,0.0,0.0,0.0,0.34,1
pQqcWZCvt1o,0.62,0.69,0.0,0.0,0.12,1.42,0.32,0.0,0.12,0.0,1.27,0.46,0.0,0.0,1.13,2.51,0.89,1
pRuQHFmwfbo,0.33,0.1366666666666667,0.1433333333333333,0.0,0.88,0.6933333333333334,0.15,1.1466666666666667,1.2,1.2666666666666666,0.1733333333333333,0.5333333333333333,0.71,0.4966666666666666,0.1533333333333333,0.1633333333333333,0.6233333333333334,1
pSZY47YY_AI,1.346666666666667,0.67,0.3366666666666666,1.8433333333333333,0.0,1.2966666666666666,0.0,1.5666666666666664,0.4833333333333334,1.55,0.87,1.346666666666667,0.0,0.9866666666666668,0.3133333333333333,0.0,0.36,1
pVi_0uV4oO4,0.1766666666666666,0.0,0.4833333333333333,0.0433333333333333,0.9866666666666668,1.3433333333333335,1.07,0.9566666666666668,1.06,0.4666666666666666,0.1733333333333333,0.6499999999999999,0.84,0.0633333333333333,1.36,0.0499999999999999,0.6566666666666666,0
pXNjpmV79xY,0.34,0.0,0.0,1.42,0.01,0.0,0.0,0.36,0.67,0.0,0.68,3.28,0.0,0.0,0.0,4.61,0.0,1
pZCZT41ikYs,0.4966666666666666,0.0,0.6233333333333334,0.3966666666666666,1.2666666666666666,1.74,0.11,1.57,1.4799999999999998,0.3899999999999999,0.2433333333333333,0.84,0.8666666666666667,0.33,0.7633333333333333,0.5966666666666667,0.2,0
paUexVQQ_0Y,0.515,0.0,0.0,0.585,0.45,0.0,0.38,0.37,0.605,0.41,0.14,0.0,0.41,0.105,0.405,0.7,0.0,1
pgyCi7W-gbg,1.18,0.0,0.21,0.0,0.48,0.71,0.68,0.0,0.26,0.66,0.3,0.97,0.62,0.0,0.17,1.16,0.15,1
pgyfXG8mmtw,0.1157142857142857,0.0614285714285714,0.2514285714285714,0.2842857142857143,1.0685714285714285,1.1371428571428572,0.2042857142857143,0.8057142857142857,1.0857142857142856,1.042857142857143,0.0157142857142857,0.2799999999999999,0.4228571428571429,0.0671428571428571,1.0285714285714287,0.2342857142857143,0.1142857142857143,1
piY6UPFcg4E,0.42,0.02,0.0,1.975,0.04,0.0,0.0,0.0,0.72,0.81,0.0,0.0,0.0,0.16,0.0,0.0,0.0,1
pikBCAGvTQQ,0.2,0.0,1.035,0.585,2.305,2.695,0.205,2.215,1.88,1.19,0.0,0.0,0.905,0.0,2.4,0.0,0.0,0
pj8e1qh_pFw,0.43,0.0,0.53,0.0,1.315,1.235,1.14,1.065,1.025,1.425,0.465,0.7749999999999999,1.245,0.115,0.41,0.22,0.0,0
plIRuVCIHoo,0.345,0.08,0.6075,0.4825,0.565,0.1075,0.1,0.8300000000000001,0.57,0.1925,0.25,0.0,0.375,0.0,0.9975,1.3675000000000002,0.3199999999999999,1
plIRuVCIHoo(1),0.345,0.08,0.6075,0.4825,0.565,0.1075,0.1,0.8300000000000001,0.57,0.1925,0.25,0.0,0.375,0.0,0.9975,1.3675000000000002,0.3199999999999999,1
pluh28qwVSU,0.5,0.0,0.0,0.02,2.1766666666666667,3.1633333333333336,1.32,1.893333333333333,1.2033333333333334,1.3133333333333332,0.3566666666666667,0.0866666666666666,0.8566666666666668,0.0066666666666666,1.67,0.68,0.0166666666666666,0
poCFGyWuPAI,0.01,0.095,0.15,0.0,1.14,1.19,0.55,0.665,1.435,0.855,0.005,0.0,0.055,0.0,2.155,1.41,0.265,0
poP4WEHiHFg,0.7150000000000001,0.2275,0.06,0.8425,0.5125000000000001,0.2625,0.0,1.475,1.61,0.92,0.0,0.0,0.4075,0.225,0.7375,0.3925,0.4,1
pqEiNd-BodQ,3.55,3.63,0.0,0.67,0.0,0.0,0.0,0.0,0.0,0.0,0.16,0.11,0.0,0.0,0.33,0.0,0.0,2
ps_futMHK_w,0.8266666666666667,0.8833333333333333,0.1866666666666666,2.07,0.45,1.1,0.1333333333333333,0.4599999999999999,1.1033333333333333,0.7666666666666666,1.923333333333333,0.3666666666666667,0.13,0.0966666666666666,2.44,0.64,0.2799999999999999,2
puxKH-_9xGM,1.03,0.46,1.72,1.15,1.93,2.05,0.41,1.85,1.74,0.65,0.0,0.34,0.0,0.48,1.27,0.94,0.0,0
pyUP952W988,5.0,5.0,0.0,5.0,0.3,5.0,0.0,0.85,0.23,0.96,3.53,0.24,0.67,1.19,1.39,4.29,0.0,2
pzATTm3D-30,2.36,0.34,0.58,1.99,1.03,2.54,0.0,0.78,0.93,0.0,1.09,0.12,1.04,0.0,0.0,0.0,0.01,1
q0jiplnLE6A,1.67,1.035,0.635,0.365,0.7,0.705,0.025,1.74,1.535,1.345,0.0,0.095,0.0,0.0,1.415,0.0,0.5,0
q16j0aCbC-A,0.18,0.0,0.56,0.0,1.66,1.07,0.0,1.22,2.58,0.85,0.0,0.0,0.11,0.0,2.66,0.59,0.07,0
q5Y4j8oBtRY,0.4525,0.055,0.59,0.2725,0.325,0.3974999999999999,0.205,0.9125,0.6525,0.365,0.7225,0.1875,1.0825,0.0,1.1175,0.1999999999999999,0.4775,1
q7GvJdxx8v4,0.0,0.21,0.0,1.2,1.86,1.93,0.38,1.95,2.54,1.77,0.0,0.0,0.26,0.0,3.77,2.03,0.0,0
q7QzU8Q4ocE,0.67,0.0,0.0,0.0,1.78,1.88,0.8,2.0,2.92,0.09,0.04,0.0,0.56,0.34,2.09,0.0,0.0,0
q7w7QXvUVEw,0.187,0.048,0.377,0.41,0.772,0.86,0.231,1.138,1.176,1.268,0.3969999999999999,0.0699999999999999,0.069,0.119,0.71,0.295,0.213,1
q86_2e-nnqE,1.77,0.35,1.23,0.18,1.61,2.49,0.36,1.27,1.65,2.47,0.0,0.0,1.22,0.0,1.12,0.75,1.6,0
q9KqyXi6IRM,0.025,0.0,0.0,1.305,0.525,0.0,0.02,1.505,0.685,0.1699999999999999,1.53,0.12,0.755,0.685,0.78,1.395,0.0,1
qFcd1RYcufE,1.8966666666666665,2.2266666666666666,0.73,2.8166666666666664,0.41,0.0,0.0033333333333333,0.5566666666666666,0.9566666666666668,0.4199999999999999,0.3999999999999999,0.13,0.0,0.0,1.413333333333333,0.5933333333333334,0.0,2
qGs-DWaJS3I,1.7000000000000002,0.92,0.81,0.64,0.925,1.365,0.525,2.01,1.085,2.85,0.28,0.72,0.0,0.0,1.185,1.73,0.575,0
qIbwMzcY-Fs,0.575,0.195,0.0,1.105,0.8049999999999999,0.65,0.0,0.7699999999999999,1.94,1.895,0.24,0.14,0.545,0.305,1.44,0.505,0.37,0
qJjZNfhWbiw,1.12,0.0,1.18,0.46,0.0,0.0,0.37,0.91,0.0,0.19,1.04,0.81,0.0,0.0,0.0,0.0,0.0,1
qKfeGCqI1Nk,1.13,1.27,1.59,1.55,0.0,1.8,0.0,0.0,0.0,0.0,0.0,0.0,0.0,0.0,0.52,1.28,0.0,1
qMmHIjfF4d0,0.0,0.0,0.73,0.84,1.65,2.54,0.75,0.0,0.0,0.0,3.86,0.06,0.0,0.0,1.23,0.0,0.0,1
qNK6fd81u2I,0.97,0.57,0.0,0.0,0.99,1.33,0.0,1.23,2.01,1.27,0.0,0.09,0.0,0.06,0.21,0.0,0.71,0
qPIzoLmZwsk,0.345,0.055,0.0,0.92,0.535,0.535,0.5,0.625,0.255,0.0,1.005,0.155,0.585,0.08,0.0,0.0,0.0,1
qPLQ2AR_Cu8,1.28,0.51,0.37,1.21,0.0,0.0,0.04,0.03,0.0,0.0,0.16,1.47,0.0,1.12,0.0,5.0,0.24,1
qRD-e9S9IgU,0.26,0.0,0.735,0.315,0.125,0.725,0.0,0.655,0.025,0.0,0.0,0.0,0.0,0.0,0.415,0.135,0.195,1
qRd5BG4FSA8,0.48,0.0,0.44,0.196,0.694,0.482,0.398,1.1720000000000002,0.8400000000000001,0.2599999999999999,0.186,0.204,0.258,0.0,0.412,0.1399999999999999,0.188,1
qX5hBgRIG8Q,0.445,0.0,0.0,0.785,1.13,0.62,0.14,1.015,1.4900000000000002,1.81,0.26,1.28,0.59,0.0,1.52,0.27,0.035,0
qYdctclNUjo,0.825,0.685,0.02,0.9,1.07,1.53,0.705,1.625,1.88,0.53,0.26,0.0,0.465,0.235,2.015,0.535,0.065,0
qZgAQP1EhPY,0.0,0.0,0.25,0.0,0.0,0.0,0.0,0.8500000000000001,0.0,0.245,0.325,0.09,0.0,0.0,0.995,1.3199999999999998,0.65,1
qbISQ7JAYBU,1.395,0.21,0.875,1.725,0.0,0.0,0.885,0.35,0.04,0.07,1.665,0.0,0.0,0.73,0.3,1.145,0.16,1
qe16IBUcZmY,0.0,0.0,0.37,0.0,0.945,1.66,0.985,0.59,0.88,0.325,0.105,0.225,0.175,0.335,1.045,1.145,1.405,1
qfbf05K7iZo,0.954,0.2319999999999999,0.374,1.556,0.522,0.376,0.068,0.2259999999999999,0.408,0.008,0.26,0.8140000000000001,0.996,0.086,0.5599999999999999,0.524,0.014,1
qkZW_IqoBBo,0.09,0.0,0.0,0.0,2.68,3.06,0.88,1.9,1.92,0.68,0.54,0.0,1.06,0.0,2.35,0.41,0.0,0
qlIjiP0U7iA,0.5733333333333334,0.0866666666666666,0.31,0.2366666666666666,1.086666666666667,0.92,0.2199999999999999,0.6433333333333334,0.7366666666666667,0.4366666666666667,0.3666666666666667,0.3366666666666666,0.9266666666666666,0.1433333333333333,1.3433333333333335,0.8366666666666666,0.0533333333333333,1
qqHxrueU4iY,1.88,2.53,0.0,0.18,0.0,0.0,0.0,1.2,0.84,0.56,0.0,0.0,0.03,0.0,0.09,0.0,0.0,2
qzdU92L30NA,0.75,0.17,0.215,1.14,0.48,0.805,0.57,0.76,0.0,0.21,1.735,0.175,0.12,1.775,0.8,0.62,0.92,1
r44uV9wRSK8,1.1525,0.0,0.1775,0.0525,0.5475,0.3725,0.6325000000000001,0.71,0.3575,1.335,0.915,0.4375,0.1375,0.635,0.9475,0.2875,0.4325,1
r5_rGPunG-w,1.715,1.78,0.0,0.89,2.285,1.455,0.495,1.255,3.0,0.76,0.09,0.0,0.63,0.24,1.635,0.385,0.0,0
rDwuNncdXkI,0.7250000000000001,0.0,0.2,0.56,0.265,0.0,0.4,0.155,0.14,0.365,0.63,0.05,0.0,0.02,0.0,0.0,0.0,1
rGI-ybl6hmQ,1.52,0.57,2.5,0.17,0.37,0.04,0.0,1.72,0.0,0.76,0.0,1.78,0.08,0.0,0.0,0.0,0.12,1
rH0goRmv83s,0.92,2.51,0.0,0.0,0.0,0.0,0.0,0.08,0.74,0.0,0.0,0.18,0.11,0.0,1.15,1.57,2.63,2
rL7THDp44bo,0.5775,0.0,0.3249999999999999,0.5925,0.29,1.1475,0.5775,0.44,0.05,0.95,0.5775,0.655,1.0925,0.2325,0.2025,0.315,0.04,1
rPaYydO--dU,0.2568421052631578,0.0194736842105263,0.2178947368421052,0.3268421052631579,0.7684210526315789,1.0557894736842104,0.4515789473684211,0.4010526315789474,0.8289473684210527,0.7910526315789475,0.3468421052631579,0.2657894736842105,0.648421052631579,0.1963157894736842,0.5221052631578947,0.3757894736842105,0.0394736842105263,1
rQ0zqHlIs3A,2.19,0.08,0.18,2.0,0.0,0.48,0.0,1.71,0.0,1.01,1.93,2.27,0.0,0.59,0.0,0.0,0.0,1
rSlt7kxx1fk,1.1385714285714286,0.3757142857142857,0.5314285714285715,0.6328571428571428,0.3071428571428571,0.5928571428571429,0.1842857142857143,0.8142857142857143,0.3442857142857143,0.6971428571428572,0.5157142857142857,0.0257142857142857,0.3071428571428571,0.0071428571428571,0.5071428571428571,0.8671428571428572,0.2457142857142857,1
rTXxkwnfLQw,0.02,0.0,0.0,0.29,2.065,0.0,0.235,2.345,2.22,0.905,0.135,0.0,0.04,0.035,1.155,0.175,0.0,0
rUqY_dUpCDY,0.0,0.0,0.18,0.0,1.71,2.38,1.57,2.69,1.87,0.0,0.52,0.0,0.0,0.0,2.72,2.78,0.0,0
rVv4f68pPoA,0.08,0.0,0.21,0.6433333333333333,1.7533333333333332,1.656666666666667,0.51,1.5766666666666669,2.32,1.51,0.0,0.0,0.11,0.0633333333333333,2.3666666666666667,1.5433333333333332,0.1033333333333333,0
r_sGpp6plHQ,0.94,1.48,0.0,2.02,0.11,0.295,0.095,0.66,1.36,0.635,0.05,0.13,0.095,0.05,1.225,0.6749999999999999,0.0,2
rbvXpMfZl2I,0.47,0.145,0.545,0.795,2.655,1.84,1.51,2.75,2.575,1.745,0.01,0.0,1.17,0.33,2.21,0.5,0.01,0
ricDgJt5sCQ,2.01,0.0,0.0,0.0,0.85,1.9,0.92,0.0,1.41,0.95,0.0,0.0,1.29,0.0,1.19,0.28,2.81,0
rmQDjbvJVik,0.395,0.1,0.0,2.0,0.23,0.0,0.05,0.185,0.275,1.36,1.035,0.035,0.48,0.23,0.8999999999999999,0.885,0.0,1
rnd9Hqot5RY,1.02,0.25,0.0,2.14,0.77,0.0,0.1,1.76,1.33,1.98,1.47,2.19,0.4,0.0,0.0,0.21,0.0,1
roCaFODDTbM,0.57,0.335,0.485,0.06,1.4549999999999998,1.405,0.48,1.56,0.745,0.01,0.655,0.505,0.0,0.005,1.03,1.41,0.645,1
rr9vlpo96d8,0.38,0.0,0.0,0.0,1.6,0.0,0.62,1.99,3.23,1.75,0.0,0.0,0.0,0.0,2.5,0.0,1.36,0
rrDe-q9Div4,0.76,0.0,0.0,0.5,1.49,0.53,0.99,1.95,2.45,0.13,0.21,0.0,0.97,0.0,1.88,0.0,0.0,0
ruBgmdFjSMQ,0.235,0.3,0.7050000000000001,0.055,2.515,2.175,1.225,2.02,2.49,0.605,0.38,0.0,0.34,0.0,3.495,0.8450000000000001,0.86,0
ruElibcApIE,0.3366666666666666,0.2766666666666666,0.4266666666666667,0.0,0.8133333333333334,0.0833333333333333,0.6766666666666667,1.4466666666666663,0.9166666666666664,0.7966666666666667,0.7033333333333333,0.7233333333333333,0.8666666666666667,0.0,1.0033333333333334,0.3566666666666667,0.4833333333333333,1
ruVGGgnY-wY,1.355,0.105,1.735,0.36,0.795,1.075,0.315,1.085,0.815,0.25,0.48,0.0,0.17,0.0,1.255,0.665,0.465,1
rvToEKQvF50,1.3199999999999998,1.865,0.095,1.38,0.315,0.0,0.21,0.93,0.565,0.32,0.525,0.485,0.0,0.52,1.055,2.325,0.0,2
rxxIlxGqOvI,0.2085714285714285,0.0,0.3728571428571429,0.87,0.7042857142857143,0.5828571428571429,0.4471428571428571,1.0928571428571427,0.9628571428571427,0.7985714285714286,0.4371428571428571,0.2357142857142857,0.8742857142857143,0.0357142857142857,0.99,0.0485714285714285,0.13,1
s-7XxMvb09M,0.0,0.0,0.28,0.0,1.315,1.515,0.505,1.075,1.215,1.0,1.135,0.035,1.745,0.325,1.335,0.315,0.0,0
s1_Bc_E67y0,1.1,1.4300000000000002,0.0,0.735,0.935,0.615,0.0,1.1,1.57,1.475,0.8049999999999999,0.0,0.0,0.0,2.18,0.64,1.06,0
s6J8ZfrnXoI,0.4533333333333333,0.1966666666666666,0.9733333333333332,0.27,0.1266666666666666,0.1033333333333333,0.16,0.9233333333333332,0.6366666666666666,0.5166666666666667,0.12,0.3033333333333333,0.0,0.2966666666666666,1.106666666666667,1.2233333333333334,1.01,1
s6njeSpydbc,0.705,0.705,0.15,0.35,0.815,0.945,0.855,1.15,1.075,0.595,0.86,1.315,0.715,0.17,1.345,0.915,0.0,1
s6qypKUMctI,0.07,0.0,0.15,0.61,2.56,2.16,0.615,2.74,2.495,1.25,0.0,0.0,0.295,0.0,2.5,1.0,0.105,0
s826RP5rv5E,0.7224999999999999,0.5225,0.1525,0.81,0.4599999999999999,1.2174999999999998,0.1475,0.8025,0.6625,0.4025,0.3825,0.0,0.375,0.0,2.5875,1.4025,0.0075,1
s98azhtH3Dw,0.0,0.0,0.0,0.37,1.35,2.96,1.32,1.57,1.33,0.16,0.57,0.0,0.0,0.26,2.7,0.05,0.29,0
sATsGNBRD9k,1.525,2.595,0.0,4.21,0.0,0.055,0.0,0.0,0.465,0.335,0.0,0.02,0.005,0.07,1.565,1.225,0.0,2
sAiddfV6n0g,0.0,0.0,0.0,0.27,1.61,1.81,0.23,1.79,2.32,0.51,0.0,0.0,0.0,0.0,3.45,0.42,0.0,0
sBeunz-bOlA,1.96,0.28,0.0,1.27,0.0,1.82,0.58,0.0,0.0,0.0,1.82,0.6,0.0,0.01,0.39,1.91,0.0,1
sCaAOkdjzkU,0.76,0.0,0.0,0.36,0.9,0.0,0.0,0.29,0.32,0.0,1.31,2.09,0.0,0.0,0.0,0.0,0.62,1
sD7I3u5xxUo,1.89,2.38,0.0,4.48,1.02,0.43,0.0,1.06,1.78,0.55,0.0,0.0,0.0,0.0,2.32,1.59,0.0,2
sJtqUEZe5b0,0.624,0.0,0.52,0.5700000000000001,1.154,0.6900000000000001,0.294,0.642,1.672,0.702,0.204,0.504,0.44,0.1679999999999999,1.308,0.5980000000000001,0.212,1
sLG4lh63BLA,0.5549999999999999,0.67,0.0,0.065,1.735,1.03,0.425,0.79,1.35,1.215,1.11,0.5449999999999999,0.985,0.035,2.105,0.76,0.0,0
sNKK3aX8Bd4,1.335,0.83,0.425,0.99,0.525,0.435,0.0,0.72,0.9825,0.83,0.1475,0.055,0.3,0.0,1.9975,0.3,0.0,1
sOz1Zyg42Gs,0.6375,0.84,0.71,1.4625,0.0175,0.5575,0.2925,0.2375,0.055,0.085,0.265,0.1525,0.21,0.025,0.6725000000000001,0.74,0.58,1
sOzt7izjONc,0.5325,0.17,0.78,0.55,0.0,0.265,0.0025,0.0925,0.3075,0.5125,0.095,0.1175,0.75,0.03,0.355,0.605,0.0,1
sQ8-amHR7tY,1.11,1.14,0.0,0.4,0.85,1.78,0.36,0.0,0.32,0.0,1.62,1.2,0.0,0.72,1.43,1.86,1.14,1
sRX0LWY7eCE,1.265,0.4,0.35,2.1100000000000003,0.36,0.0,0.0,0.355,0.65,1.19,0.32,0.46,0.1,0.24,0.6,0.275,0.0,1
sRd_FC4U5d0,0.045,0.0,0.0,0.56,0.4549999999999999,0.0,0.09,1.065,0.69,0.62,1.03,0.0,1.155,0.0,0.01,0.51,0.0,1
sSNoIF-wAmw,0.52,0.0,0.58,2.01,0.57,1.67,0.0,0.19,0.0,0.19,5.0,1.35,0.0,1.06,1.05,0.0,0.32,1
sTAp9uDvlPs,0.5349999999999999,0.2025,0.01,0.37,2.105,0.9675,0.3349999999999999,2.0625,2.5925,1.4525,0.33,0.295,0.0,0.1525,2.5025,0.3875,0.4325,0
sTU4mOcJvEI,0.7633333333333333,0.1666666666666666,1.08,0.0766666666666666,0.5233333333333333,1.5199999999999998,0.0,0.5299999999999999,0.0833333333333333,1.21,0.5033333333333333,0.4433333333333333,0.5833333333333334,0.1999999999999999,0.2466666666666666,0.2833333333333333,0.1,1
sVTDPKvQfjw,0.15,0.0,0.2,0.65,2.22,2.95,2.79,3.55,0.47,1.66,2.06,0.0,0.0,2.91,2.18,1.93,1.65,0
sZb2_4VWzVw,0.0,0.0,1.29,0.0,2.06,2.18,1.22,1.76,1.98,1.92,0.0,0.0,0.0,0.12,1.52,0.0,0.0,0
sf4wICUY4xU,0.35,0.0,0.0,1.99,1.15,0.0,0.0,0.0,1.78,0.0,0.0,0.0,1.02,0.0,1.74,0.0,0.73,1
skoiHrfdETA,1.065,0.2425,0.42,0.7775,0.2875,1.3199999999999998,0.28,0.495,0.4525,0.5125,0.25,0.2375,0.0,0.075,0.75,0.5874999999999999,0.1425,1
stIB8C41h0I,1.2,0.1533333333333333,1.3633333333333333,1.7966666666666666,0.3566666666666667,0.4866666666666666,0.15,1.3133333333333332,0.7200000000000001,0.5733333333333334,0.0666666666666666,0.0,0.9,0.06,0.6233333333333334,0.0,0.3866666666666667,1
svwxw7iB-W4,1.665,0.25,0.88,0.935,1.005,1.155,0.58,1.515,1.3,1.755,0.7949999999999999,0.02,0.0,0.29,1.405,0.17,0.83,0
swOdShaXNps,0.92,0.0,0.33,0.97,1.28,1.54,0.78,1.46,1.39,1.4,0.0,0.0,0.0,0.0,1.58,1.33,0.0,0
sxqDOWgkFL8,1.31,1.25,0.0,0.07,0.0,0.04,0.0,0.0,0.73,0.34,0.33,0.0,0.81,0.0,0.0,0.0,0.0,1
t0DyWkA_wbI,0.205,0.385,0.005,0.37,1.595,2.81,0.46,1.1949999999999998,1.97,0.485,0.0,0.0,0.46,0.045,2.355,0.775,0.025,0
t1KCgUL62GM,0.6,0.045,0.0,1.3225,1.0,0.61,0.69,0.8825000000000001,0.8474999999999999,0.5874999999999999,0.7875,0.445,0.0,0.75,1.06,0.4925,0.2175,1
t50jstuxy1Y,1.25,0.0,0.0,0.0,1.7,1.44,0.49,1.6,2.86,0.17,0.0,0.0,0.62,0.0,3.21,0.03,0.24,0
t8V2_4KB-LI,1.085,0.335,0.67,0.895,0.855,1.6749999999999998,0.48,1.28,0.875,0.57,0.45,0.29,0.79,0.76,0.27,0.0,0.4649999999999999,1
tB8xTODnh0I,0.27,0.0824999999999999,0.145,0.32,0.2875,1.3075,0.395,0.9975,0.665,0.635,0.7124999999999999,0.3725,0.0,0.1625,0.615,0.3399999999999999,0.18,1
tBLvHKSuWaE,0.65,0.74,0.0,1.72,0.0,0.0,0.0,0.0,0.01,0.0,0.0,0.0,0.0,0.0,0.0,0.86,0.0,1
tCBSddrRG0E,2.705,3.065,0.95,1.465,0.95,0.11,0.245,1.98,2.685,1.48,0.32,0.2,0.0,0.0,2.9850000000000003,0.905,0.395,2
tCu38d1ycMM,0.24,0.0,0.0,0.0,1.68,1.4,0.0,0.42,2.15,0.85,0.0,0.0,0.18,0.0,1.21,0.0,0.0,0
tD9YGqa-xrA,0.9,0.295,1.235,1.19,0.515,1.075,0.4449999999999999,0.86,0.79,0.02,0.775,0.475,0.0,0.09,0.875,0.11,0.0,1
tDUdeWR0FMo,0.41,1.16,0.0,1.9,1.57,0.52,0.0,2.36,2.46,3.34,0.0,0.0,0.0,0.29,4.22,2.61,0.0,0
tDmrvUEqcnQ,2.32,2.37,2.52,1.03,1.43,0.0,1.36,0.82,0.0,0.85,1.69,1.91,0.0,0.0,1.83,2.51,0.95,2
tF_WXKk7TYY,0.5725,0.0,0.7675000000000001,0.6925,1.0375,2.3275,0.105,0.525,1.0025,0.5700000000000001,0.18,0.0,0.515,0.0525,1.0525,0.2575,0.175,1
tG3Uh1cLEao,1.6233333333333333,1.346666666666667,0.42,0.3766666666666666,0.3866666666666666,0.5733333333333334,0.2833333333333333,0.5666666666666667,0.4599999999999999,0.2733333333333333,0.1033333333333333,0.0,0.0633333333333333,0.0,2.5,1.086666666666667,0.89,2
tLnvXS6NFaQ,0.905,0.435,0.01,0.56,0.0,1.23,0.025,0.0,0.17,0.515,0.0,0.145,0.725,0.27,0.0,0.55,0.395,1
tMWvqEKsldQ,0.0,0.0,0.0,0.4066666666666667,1.3633333333333333,1.913333333333333,0.9566666666666666,0.6333333333333333,1.1866666666666668,0.2966666666666667,0.2266666666666666,0.1566666666666666,0.1633333333333333,0.1066666666666666,0.9166666666666666,0.5966666666666667,0.3133333333333333,0
tQh8umgs1CE,0.375,0.3,0.0,0.215,1.505,1.83,0.515,1.665,1.785,0.815,0.6849999999999999,0.545,0.375,0.0,1.57,0.615,0.07,0
tSZk3cPWbTA,0.0,0.0,0.04,1.29,0.41,0.62,2.26,0.71,0.0,0.0,0.0,0.0,0.0,0.0,0.23,0.0,0.0,1
tSyEn2w15BY,1.3666666666666665,1.3866666666666667,0.0233333333333333,1.05,0.2366666666666666,0.5,0.0166666666666666,0.34,0.0633333333333333,0.0,1.13,1.0433333333333332,0.0333333333333333,0.0,0.0233333333333333,0.1666666666666666,0.2833333333333333,1
tVCNar6UXZI,1.49,0.3,0.0,2.12,1.42,2.11,0.55,0.695,1.315,0.0,0.2,0.0,0.0,0.14,3.88,0.575,0.0,0
tW9cnzMZXhk,0.0,0.0,0.62,0.0,1.67,1.12,0.29,1.03,1.94,2.0,0.0,0.0,0.57,0.36,0.35,0.0,1.84,0
tYALRFw3Ox0,0.15,0.0,0.0,1.14,0.92,0.97,0.04,0.92,0.99,1.005,0.0,0.1,0.83,0.0,1.445,1.11,0.0,1
tYLFoUTJuGU,0.32,0.14,0.0,0.0,1.92,0.55,0.53,3.45,2.73,0.56,0.02,0.0,0.0,0.0,2.33,0.0,0.2,0
tYjJMG2m4kE,0.23,0.0,2.22,2.22,0.88,2.62,0.65,4.04,0.0,0.0,1.62,0.0,1.63,0.0,2.11,1.56,0.0,0
tYlsZMI9Ag8,1.1166666666666667,0.09,0.8333333333333334,0.82,0.9966666666666666,0.5199999999999999,0.6699999999999999,1.1,0.7133333333333334,0.13,0.1466666666666666,0.59,1.1766666666666667,0.0866666666666666,0.7166666666666668,0.8366666666666666,0.0333333333333333,1
tcwkL4L5P2w,0.4325,0.21375,0.1775,0.49875,0.38375,0.42125,0.2225,0.3225,0.815,0.39125,0.1375,0.18875,0.625,0.17,0.84,0.16625,0.07,1
tgBcEpjxw7A,0.52,0.275,1.045,1.57,0.76,0.0,0.39,1.37,0.72,1.37,0.115,0.41,0.0,0.365,0.865,0.16,0.02,1
tgzwr7hOgK4,0.6733333333333333,0.02,1.42,1.1666666666666667,0.27,0.6366666666666666,0.0566666666666666,2.023333333333333,0.6233333333333334,1.12,1.0533333333333332,0.1166666666666666,0.9966666666666668,0.0,0.0466666666666666,0.0,0.1733333333333333,1
thA7BQWeWfM,1.0766666666666669,1.02,0.52,0.4466666666666667,0.5366666666666666,1.106666666666667,0.2633333333333333,0.8566666666666666,1.11,0.79,0.0,0.5333333333333333,0.1833333333333333,0.11,1.2866666666666666,0.8566666666666666,0.1566666666666666,1
tjMhoid4jVc,2.12,2.395,0.52,2.725,0.81,0.0,0.0,1.19,1.66,1.27,0.0,0.0,0.485,0.03,1.845,0.245,0.66,2
tkXzcF_kxeg,1.24,0.712,0.932,2.068,1.112,0.492,0.176,1.73,1.598,1.132,0.5780000000000001,0.058,0.6359999999999999,0.236,1.34,0.2279999999999999,0.124,0
tmVmWrLa-PA,1.3166666666666669,0.9266666666666666,0.41,0.5233333333333333,0.1866666666666666,0.0266666666666666,0.4533333333333333,0.6466666666666666,0.5,0.0,0.5433333333333333,0.3633333333333333,0.0433333333333333,0.1433333333333333,0.93,0.8366666666666666,0.0,1
tovnfQwtros,1.485,1.145,0.17,0.795,1.275,1.45,0.095,1.94,1.705,1.09,0.155,0.0,0.505,0.0,2.39,0.58,0.27,0
tp_sWmrWdrs,1.26,0.0,0.0,0.0,0.0,0.0,0.37,1.15,0.11,0.0,0.0,0.0,0.0,0.0,1.08,0.9,0.0,1
tx-F7DKfzmk,0.6950000000000001,0.535,0.29,0.0,1.445,0.855,1.175,1.205,1.32,0.205,0.23,0.2,0.0,0.0,3.395,1.81,1.0,0
u-XWJ8QUFQk,0.3566666666666667,0.1833333333333333,0.5166666666666667,0.1133333333333333,0.7266666666666667,1.4266666666666667,0.7400000000000001,0.2733333333333334,0.5966666666666667,0.3766666666666666,0.8933333333333334,0.02,0.1333333333333333,1.0833333333333333,0.9966666666666666,0.8266666666666667,1.2933333333333334,1
u3GQfQNRsFE,1.270909090909091,0.8772727272727271,0.31,0.7472727272727272,0.3163636363636363,0.8072727272727274,0.0745454545454545,0.5318181818181819,0.4118181818181818,0.449090909090909,0.5,0.81,0.209090909090909,0.0227272727272727,0.620909090909091,0.109090909090909,0.3754545454545454,1
u4GsXRzTqf8,0.0,0.0,0.91,0.0,0.0,2.42,1.6,0.0,0.0,0.0,0.54,0.0,0.0,0.0,0.77,0.0,0.0,1
u4VmYiULPBo,0.6214285714285713,0.4271428571428571,0.8114285714285714,1.417142857142857,0.0942857142857142,0.6428571428571429,0.1128571428571428,0.3714285714285714,0.1942857142857143,0.4842857142857143,0.35,0.46,0.1542857142857143,0.0,0.94,0.9914285714285712,0.2785714285714286,1
u4xWsDR5axI,0.945,1.1,0.125,1.5625,0.345,0.945,0.2525,1.5,0.38,1.0550000000000002,0.88,0.36,0.5425,1.21,0.4475,0.3325,0.025,1
u5FDJtdE2jk,0.77,0.19,0.215,0.0,1.74,1.34,0.97,3.08,2.095,1.6,0.8,1.56,1.6800000000000002,0.15,1.5,0.43,1.05,0
u6uj4yjTn-k,1.215,0.135,1.4,1.155,0.34,1.345,0.0,0.55,1.04,0.72,0.02,0.0,0.5,0.075,0.22,0.145,0.09,1
u8DnYviWHA0,0.5133333333333333,0.1899999999999999,0.0,0.3733333333333333,0.21,0.83,0.2166666666666666,0.42,0.87,0.8066666666666666,0.5266666666666667,0.0,1.2466666666666666,0.2766666666666666,0.8966666666666666,1.24,0.1766666666666666,1
u8V1Cp1Wsnk,0.485,1.015,0.08,0.885,1.435,3.325,0.0,1.345,1.565,0.715,0.0,0.0,0.0,0.05,1.525,0.705,0.225,0
u9lyT0XBuOw,0.0,0.0,0.17,0.0,2.82,2.03,1.59,2.07,2.58,0.86,0.15,0.0,0.0,0.0,3.35,0.81,0.0,0
uBP6eCTV6ew,0.39,0.0,0.12,0.755,0.0,0.15,0.0,0.0,0.0,0.0,1.67,0.46,0.495,0.0,0.125,0.265,0.21,1
uFJbwUDWwQ0,2.66,3.27,0.0,0.27,0.74,0.61,0.0,1.45,2.0,1.92,0.07,0.0,0.05,0.0,1.92,0.0,0.63,2
uHzkGJZsQVc,1.01,1.17,0.38,0.68,1.07,0.0,0.0,2.53,2.56,0.0,0.0,0.0,0.0,0.0,2.0,0.19,0.0,0
uJnrqPXBWXk,0.74,0.0,0.415,0.025,1.485,2.19,1.06,1.025,1.685,1.2999999999999998,0.0,0.0,0.925,0.425,1.385,1.35,0.0,0
uJxvnpDlRvQ,2.195,0.245,0.98,1.505,0.065,0.29,0.975,1.24,0.0,0.45,0.945,0.33,0.0,0.57,1.43,1.695,0.3,1
uOzvJDk6ZiQ,1.2,2.09,0.0,0.67,0.0,0.22,0.0,0.0,0.78,0.38,0.1,0.0,0.04,0.0,1.24,0.0,0.34,2
uSqIB7qvxnw,0.6233333333333334,0.4633333333333333,0.1899999999999999,2.0866666666666664,0.0366666666666666,0.0,0.0,0.84,0.25,0.4133333333333333,0.0066666666666666,0.0966666666666666,0.3833333333333333,0.0,0.66,0.49,0.3233333333333333,1
uVHQlP8uYIg,0.8525,1.0325,0.1699999999999999,1.5125000000000002,0.0,0.1,0.0,0.08,0.225,0.075,0.1025,0.0,0.1325,0.0325,0.49,0.46,0.56,1
uWdQxpfwWs4,0.14,0.0,0.0,2.64,0.42,0.0,0.36,0.0,0.0,0.0,0.0,1.11,0.0,0.0,0.0,0.0,0.0,1
uXaGRKM2whs,0.424,0.1359999999999999,0.308,0.498,0.088,0.244,0.034,0.616,0.5820000000000001,0.5599999999999999,0.108,0.056,0.4599999999999999,0.258,0.384,0.206,0.362,1
uXjQAtBEuds,1.086666666666667,0.9866666666666668,0.4966666666666666,0.8066666666666666,0.7866666666666666,1.3266666666666669,0.33,1.663333333333333,0.7266666666666667,1.1933333333333334,0.4066666666666667,1.486666666666667,0.1899999999999999,0.11,1.096666666666667,2.1266666666666665,0.41,1
uY3vtYJns9U,1.265,0.8200000000000001,0.0,0.66,2.265,1.955,0.285,2.455,3.38,1.645,0.0,0.0,0.0,0.105,2.565,0.365,0.17,0
uZ2KNNuK2B4,0.845,0.555,0.0,0.315,0.09,0.45,0.06,0.45,0.685,0.0,0.85,0.08,0.01,0.0,1.34,1.37,0.23,1
uaBTyt6uFQA,0.7450000000000001,0.085,0.2216666666666666,0.345,0.4833333333333333,0.5583333333333332,0.2299999999999999,1.1083333333333332,0.3799999999999999,0.2716666666666666,0.6266666666666667,0.1033333333333333,0.1033333333333333,0.0983333333333333,0.455,0.4933333333333333,0.1816666666666666,1
udbuo-zyWAs,0.2774999999999999,0.125,0.5825,0.8475,0.43125,0.40125,0.14875,0.41,0.27875,0.1325,0.3575,0.05,0.68625,0.03875,0.82375,0.24875,0.0,1
udxRkas0bhY,1.67,0.0,0.63,1.65,1.52,0.0,0.0,1.64,1.8,1.55,0.37,0.0,0.97,0.0,2.35,0.0,0.0,0
ue9toKAhTtA,0.0033333333333333,0.0,0.44,0.66,0.58,0.35,0.7833333333333333,0.7133333333333334,0.3433333333333333,0.6166666666666667,0.9266666666666667,0.0,0.0766666666666666,0.17,0.73,0.0,0.5833333333333334,1
ufL2Oj1EtxA,0.5650000000000001,0.29,0.0666666666666666,0.1083333333333333,0.8016666666666667,1.0799999999999998,0.0966666666666666,0.9783333333333334,1.805,1.0,0.2183333333333333,0.0,0.2283333333333333,0.09,1.5233333333333334,0.5650000000000001,0.0,0
ufkYAsf_GM8,0.0,0.0,0.62,0.09,2.1,1.55,1.23,2.07,2.55,0.89,0.05,0.0,1.76,0.0,4.28,1.47,0.51,0
ug5wZ_siXug,0.4333333333333333,0.0,0.9833333333333334,0.29,1.5066666666666666,1.14,0.7133333333333334,1.85,1.5,1.6366666666666667,0.0466666666666666,0.35,0.6233333333333333,0.0833333333333333,1.0266666666666666,0.35,0.1266666666666666,0
ujsu7-KV6pI,0.5233333333333333,0.0,0.47,0.1966666666666666,0.6699999999999999,0.6633333333333334,0.2966666666666667,1.61,0.48,0.58,0.93,0.56,0.5566666666666666,0.8266666666666667,0.9333333333333332,1.6133333333333333,0.89,1
ulArT3oWyyw,0.2,0.0,0.0,0.59,0.915,1.47,0.185,1.23,1.21,1.175,0.78,0.0,0.18,0.0,1.625,0.74,0.0,0
ulGmdV_1Zyc,0.0,0.0,0.0,1.14,2.73,1.24,0.89,2.78,3.25,2.03,0.16,0.0,0.0,0.0,3.44,0.0,0.0,0
um8hZrjflRA,1.84,0.13,4.13,0.0,1.62,2.32,0.57,1.48,0.76,0.34,0.32,0.0,0.0,0.0,1.66,0.22,1.07,0
umyv2V49chI,1.3849999999999998,1.88,0.0,1.47,0.355,0.8400000000000001,0.195,0.87,0.605,1.9,0.335,0.28,0.28,0.0,1.165,0.355,0.06,2
unTM04ne7wk,0.9725,0.8425,0.1175,1.5875,0.24,0.1325,0.3725,0.44,0.3175,0.315,0.5525,0.9525,0.26,0.2825,0.0475,0.6325000000000001,0.0,1
unnmgu4MUWA,0.0,0.0,0.0,1.2,0.3,0.0,0.04,0.31,0.0,0.0,1.69,1.19,1.98,0.3,0.06,1.42,0.18,1
uphWgpwpxT0,0.7125,0.0625,0.0125,0.3949999999999999,1.0025,1.195,0.535,0.9125,1.3,1.0875,0.77,0.125,0.1099999999999999,0.19,1.35,0.4175,0.6025,0
uq1trByhmfc,0.0,0.0,1.42,0.0,1.11,0.96,1.07,1.1,1.86,1.62,0.0,0.0,0.42,0.27,1.52,0.33,0.0,0
uu2B7zXLDO4,2.1133333333333333,2.983333333333333,0.5599999999999999,2.1300000000000003,0.9766666666666666,1.7233333333333334,0.5766666666666667,1.2066666666666668,1.2133333333333332,0.8666666666666667,0.4433333333333333,0.5599999999999999,0.54,0.16,2.38,0.18,0.1733333333333333,2
uv7XLmg9o9k,1.27,1.35,0.25,1.77,1.375,0.38,0.0,1.45,1.81,1.405,0.88,1.185,0.0,2.525,1.035,0.19,0.155,2
uvh2XtMN9W8,0.435,0.045,0.2125,1.1325,0.625,0.7675,0.0325,1.02,0.545,0.44,0.9225,0.23,0.775,0.085,0.6074999999999999,0.975,0.0,1
uxAUPU1Gi0U,0.4275,0.0,0.45,0.035,1.42,1.32,0.435,2.0125,1.4625,1.09,0.5,0.0425,0.4649999999999999,0.025,1.6975,0.8075,0.375,0
v2DFIQl3JjQ,0.625,0.26,0.0,0.225,2.68,1.98,1.07,2.515,2.5,0.32,0.0,1.61,0.485,0.75,2.005,1.665,1.13,0
v2SAhs5jy4k,0.0,0.02,0.75,1.425,0.7550000000000001,0.375,0.6599999999999999,0.8,0.395,0.575,0.0,0.0,0.225,0.0,0.88,0.4,0.0,1
v2ZSSZQHk_8,0.1066666666666666,1.02,0.0,2.23,0.0,0.97,0.1133333333333333,0.66,0.7433333333333333,0.9666666666666668,0.3733333333333333,0.2633333333333333,0.2699999999999999,0.0,0.93,1.14,0.08,1
v2vBaW9CmRw,1.72,1.0175,1.01,1.12,0.5549999999999999,0.6425000000000001,0.0,0.6575,1.1475,0.5875,0.6775,0.12,0.55,0.03,1.3925,0.17,0.2525,2
v47IN7NYB_c,0.9675,1.015,0.0,1.295,0.68,1.2975,0.335,0.9375,0.835,0.54,0.165,0.0,0.1325,0.0,1.74,0.2425,0.0625,1
v4EwZ2B05qM,1.005,0.49,0.33,0.0,2.3,1.565,0.655,1.06,2.7750000000000004,1.435,0.07,0.0,1.155,0.605,2.63,0.305,0.12,0
v5AZyo6G2eE,0.71625,0.115,0.77375,0.8175,0.0175,0.49875,0.255,0.36,0.42625,0.77625,0.66375,0.08875,0.0825,0.32625,0.46,0.33375,0.275,1
v8RYbc8PvuY,0.6633333333333333,0.0,0.0,0.8433333333333333,0.5299999999999999,0.16,0.3666666666666667,0.7733333333333334,0.7666666666666667,0.7866666666666666,0.1033333333333333,0.0033333333333333,1.6933333333333334,0.3266666666666666,0.07,0.0,0.5766666666666668,1
vCXiadRSUBQ,0.5940000000000001,0.1359999999999999,0.02,0.522,0.794,1.106,0.0,0.538,1.228,0.674,0.0,0.0,0.354,0.11,0.876,0.184,0.026,1
vDyDvo-4tg0,0.9,0.325,0.0,0.465,0.71,1.5750000000000002,1.34,1.375,0.3,0.42,0.8700000000000001,0.0,0.495,0.0,0.685,0.135,0.26,1
vE-aYCxIRaQ,0.0,0.0,0.0,0.0,1.45,2.4,0.0,2.64,2.59,0.07,0.0,0.0,0.15,0.0,2.4,0.76,0.0,0
vFTVwADvGKY,1.0166666666666666,0.4133333333333333,0.9066666666666668,0.0,1.0933333333333335,1.72,0.4599999999999999,0.9766666666666666,1.356666666666667,0.8433333333333333,0.4666666666666666,1.0333333333333334,0.5233333333333333,0.12,0.8133333333333334,0.86,0.3533333333333333,1
vGj44tTlVIs,1.165,0.6525,0.34,0.965,0.1575,0.8374999999999999,0.105,0.7575000000000001,0.1025,0.35,0.445,0.16,0.9925,0.0,0.2725,0.3825,0.16,1
vJs4hZVbcEs,1.29,0.1333333333333333,0.4866666666666666,0.5066666666666667,1.4400000000000002,2.293333333333333,0.0066666666666666,1.893333333333333,1.7666666666666668,0.8833333333333333,0.0,0.0,0.1733333333333333,0.0,1.596666666666667,0.3433333333333333,0.2966666666666667,0
vLZ0q5eV2Uw,0.7288888888888888,0.0144444444444444,0.2522222222222222,0.1544444444444444,0.8011111111111111,1.38,0.4788888888888888,1.108888888888889,0.9533333333333334,0.5855555555555556,0.3188888888888889,0.0911111111111111,0.5955555555555556,0.44,0.8788888888888889,0.508888888888889,0.16,1
vSJ-MNUKzVU,2.87,0.74,0.6,1.72,0.0,0.12,0.0,1.51,0.0,1.21,1.26,1.3,0.39,0.0,0.55,0.44,0.0,2
vWMLmmhyBFQ,0.48,0.0,0.34,0.0,0.78,1.2,0.8250000000000001,0.625,0.19,0.175,0.93,2.33,1.3199999999999998,0.28,0.75,0.255,0.15,1
vY45ASw41X8,2.0,0.0,0.5,1.82,1.37,2.61,0.0,0.81,1.22,0.63,1.64,0.6,1.62,0.01,0.0,0.0,0.0,1
vZMYvrUw8jc,0.28,0.0,0.0,0.1,0.59,1.53,0.31,0.35,0.78,1.05,0.38,0.0,1.37,0.0,0.24,0.0,0.0,1
vbCWfYUqZIg,0.84,0.0,0.88,0.13,1.81,1.75,0.01,1.79,2.22,2.0,0.0,0.0,0.0,0.28,2.24,0.35,0.0,0
ve-gGv0VjDM,0.91,0.255,0.11,0.85,0.12,0.48,0.405,0.865,0.195,1.335,0.37,0.685,0.185,0.51,0.23,1.095,0.0,1
vgHfpMFRDnA,0.11,0.0,0.0,0.0,1.93,2.53,0.35,0.62,2.3,0.0,0.31,0.0,0.26,0.31,2.24,0.12,0.44,0
vgPFgIilI9A,0.34375,0.03375,0.11875,0.52625,0.30625,0.185,0.14875,0.15,0.2825,0.28625,0.2525,0.0,0.57125,0.155,0.07625,0.17125,0.2249999999999999,1
vge15YEaLbk,1.035,0.205,0.5800000000000001,0.0,0.78,0.935,0.165,0.385,0.37,0.36,0.53,0.0,0.025,0.175,0.725,0.04,0.095,1
vk7_uI-V_9I,1.005,1.15,1.625,0.34,1.395,0.15,0.515,1.6800000000000002,2.33,1.685,0.5449999999999999,1.235,0.945,0.105,0.4599999999999999,1.245,0.915,0
vl0HKxs2Q6k,0.51,0.155,1.415,0.4649999999999999,1.17,1.165,1.08,2.35,1.03,1.555,0.77,1.825,0.105,0.62,0.3,1.09,0.07,0
vlXUmXkTaCs,0.27,0.0,0.0,0.06,0.34,0.51,0.07,0.89,1.58,1.33,0.0,0.0,0.0,0.0,2.49,0.07,0.0,0
voJl8cH8Zpo,2.0,0.35,0.6200000000000001,0.14,0.69,0.63,0.6,0.885,0.545,1.45,0.215,0.485,1.175,0.27,0.635,0.05,0.26,1
volmZv1dva8,0.85,0.0,0.0,0.0,1.8,0.0,0.24,1.94,2.85,1.16,0.47,0.0,1.53,0.13,2.27,0.0,0.0,0
vpGYmk0kg1E,0.0,0.0,0.0,0.0,1.36,2.71,0.0,2.92,2.78,0.0,0.0,0.0,0.47,0.0,2.37,0.92,0.0,0
vrwkd3W1lD0,0.7949999999999999,0.15,1.23,0.085,0.235,0.63,0.25,1.225,0.0,0.0,0.91,2.25,0.035,0.025,0.0,0.14,0.17,1
vuQqCtkpOTc,2.21,1.52,0.0,0.58,0.48,0.14,0.0,0.63,1.17,0.91,0.71,1.9,0.03,0.0,0.0,0.98,0.46,2
vwmwPlFX3e0,0.584,0.0,0.21,0.6559999999999999,0.6859999999999999,0.302,0.168,1.654,1.144,0.966,0.112,0.098,0.404,0.316,0.8059999999999998,0.088,0.362,1
vwwKin-TBRk,0.7899999999999999,0.605,0.41,0.07,0.96,1.485,0.995,0.565,0.3,0.0,0.265,0.39,0.205,0.235,0.0,0.0,0.87,1
vyezxhPOZsg,0.195,0.01,0.09,0.33,1.065,0.39,0.385,1.805,1.905,1.39,0.0,0.085,0.125,0.01,1.51,0.375,0.0,0
vynTh30p49k,0.72,0.05,0.65,0.5,0.81,1.055,0.185,1.475,1.005,0.99,0.25,0.225,0.46,0.335,1.595,0.375,0.055,0
vzSmLYoOMc0,1.3,0.0966666666666666,0.96,0.6,0.8666666666666667,0.5066666666666667,0.17,1.7466666666666668,0.9466666666666668,0.5566666666666666,0.58,0.7566666666666667,0.0,0.4599999999999999,0.3,0.0433333333333333,0.0,1
w-uejeoxpLg,2.41,1.72,0.0,1.95,0.0,0.0,0.0,0.79,0.54,1.22,0.56,0.0,1.61,0.0,0.89,0.29,0.0,2
w0J2LGBV6-I,0.68,0.0,0.825,0.935,0.6799999999999999,0.93,0.845,0.465,1.215,0.235,0.0,0.0,1.075,0.0,0.915,0.0,0.19,1
w3XLgvayYFs,0.96,0.585,0.15,1.22,1.06,2.18,0.495,1.425,1.17,0.8500000000000001,0.42,0.0,0.26,0.31,1.475,0.905,0.0,0
w46Fslwmujo,1.63,0.94,0.71,0.0,1.43,2.49,1.31,1.32,0.78,1.31,0.0,0.82,0.0,0.54,0.4,0.7,0.62,0
w46Fslwmujo(1),1.63,0.94,0.71,0.0,1.43,2.49,1.31,1.32,0.78,1.31,0.0,0.82,0.0,0.54,0.4,0.7,0.62,0
w7W6NcwvFic,1.09,0.64,0.3,2.24,0.7,0.0,0.5,0.0,0.3,1.17,1.16,1.18,0.0,1.34,1.62,2.79,0.57,2
w8GdDhQDvsM,0.7833333333333333,0.7933333333333333,0.0499999999999999,0.77,0.5133333333333333,0.8066666666666666,0.4133333333333333,0.34,0.6466666666666666,0.2566666666666666,0.2933333333333333,0.1266666666666666,0.5666666666666667,0.0,1.08,0.3966666666666666,0.0,1
wB-NrGhIW6s,0.325,0.0,0.7150000000000001,0.065,0.145,1.33,0.325,0.3,0.0,0.365,0.695,1.165,0.34,0.33,0.255,0.32,0.465,1
wDqIA8MYXYI,0.29,0.0,0.3433333333333333,0.1566666666666666,1.5266666666666666,1.5433333333333332,0.5766666666666667,1.3433333333333335,1.4400000000000002,0.3766666666666667,0.45,0.21,0.0833333333333333,0.1066666666666666,1.3,0.8566666666666668,0.3466666666666667,0
wFX5hVPDxg0,0.53,0.7133333333333334,0.3799999999999999,1.4866666666666666,0.4266666666666666,0.43,0.3966666666666666,0.7433333333333333,0.2933333333333333,0.6666666666666666,1.37,1.0533333333333337,0.0633333333333333,0.15,1.25,0.8633333333333333,0.58,1
wHGYz9tbcEw,0.29,0.0,1.07,0.3,1.93,0.39,1.25,4.59,2.62,1.71,0.54,0.0,0.1,0.0,3.06,0.57,0.0,0
wJ-wYa4aBgQ,0.835,0.0,0.015,0.8500000000000001,0.92,0.835,0.835,1.775,1.885,0.8700000000000001,0.175,0.0,0.17,0.0,1.115,0.0,0.0,0
wKlxcr-judM,2.42,2.89,0.0,1.8,1.37,2.01,0.0,0.91,0.83,0.21,0.86,0.37,0.73,0.61,0.8,1.32,0.07,2
wMRE70ewaRc,2.27,2.79,0.0,4.4,0.0,0.0,0.0,0.0,0.19,0.0,0.05,0.0,0.0,0.0,1.06,1.29,0.0,2
wMW_Uk9M5CY,0.6675,0.3875,0.675,0.3725,0.4575,0.76,0.125,0.905,0.6775,0.0475,0.135,0.0,0.01,0.0,1.6375000000000002,1.1975,0.6024999999999999,1
wNoxFXUQqWc,0.44,0.0,0.26,1.955,0.0,0.2,0.475,0.335,0.175,0.0,0.0,0.0,0.0,0.0,0.24,0.485,0.0,1
wOI7I95Oxsg,0.125,0.08,0.0,0.41,0.0,0.2,0.0,0.0,0.0,0.0,0.12,0.0,0.04,0.01,0.0,0.11,0.0,1
wQlPhqtjSVg,0.83,0.0575,0.09,0.7625,0.1125,0.2199999999999999,0.13,0.4575,0.1125,0.2825,0.415,0.145,0.965,0.1025,0.3225,0.075,0.4524999999999999,1
wTJoFjIF5pY,1.19,0.3,0.13,1.6800000000000002,0.845,0.79,0.58,0.12,0.91,0.0,1.38,0.0,0.0,0.48,1.505,0.0,0.0,1
wYK5yOptg9g,1.04,0.65,0.865,2.81,0.49,1.0499999999999998,0.22,0.205,0.9,0.385,0.48,0.0,0.5549999999999999,0.0,1.86,0.335,0.0,2
wa9nSRu9bA0,0.0,0.0,0.195,0.045,0.775,0.79,0.415,1.19,1.365,0.7949999999999999,0.11,0.0,0.24,0.0,1.14,0.56,0.0,0
whQvP6x2yMY,0.67,0.0,0.0,1.55,1.285,1.885,0.535,1.015,1.02,0.965,0.925,0.4649999999999999,0.475,0.21,0.93,0.205,0.0,1
wira2nf3DFo,0.0,0.0,0.525,0.66,1.41,1.37,0.6950000000000001,1.62,1.0,1.565,0.975,0.885,0.135,0.415,0.415,1.045,0.0,0
wkBlLJhebX0,2.555,1.83,0.08,2.7,0.0,0.425,0.065,0.175,0.26,0.0,0.29,0.79,0.175,0.0,0.075,0.0,0.585,2
wmCecoqwQXo,0.945,0.0,0.43,0.595,0.89,1.29,0.59,1.02,1.19,0.79,1.335,0.405,0.24,0.015,0.91,2.495,0.3,1
wmSnxN-zQsw,1.98,3.0,0.0,4.02,0.0,0.0,0.0,0.0,0.0,0.0,1.08,0.58,0.0,0.0,0.0,0.0,0.0,2
wv0dKyMn3HA,1.79,1.48,0.0,0.98,0.0,0.0,0.0,1.85,0.0,0.0,1.43,1.18,0.98,0.17,1.36,0.14,0.0,2
wvo4y6_Hy34,0.795,0.89,0.45,0.0,0.575,0.94,0.1,1.15,1.305,1.8,0.04,0.0,0.4,0.0,1.85,1.285,0.63,0
wwhHD6xa70I,0.7754545454545455,0.2063636363636363,0.3563636363636364,0.7690909090909092,0.32,0.28,0.0863636363636363,0.5627272727272727,0.5572727272727273,0.1554545454545454,0.2881818181818181,0.0,0.3881818181818182,0.0699999999999999,0.3972727272727273,0.2463636363636363,0.3045454545454545,1
x4DXHbnG8Sw,1.93,1.37,1.6,1.47,0.0,0.305,0.0,0.35,0.0,0.6900000000000001,0.495,1.025,0.065,0.17,0.085,0.81,0.0,2
x5BPfHKtH_Q,0.855,0.0,1.405,0.8200000000000001,0.525,0.595,0.11,1.11,0.635,1.1,0.485,1.06,1.975,0.0,0.54,0.165,0.645,1
x7djETYCzu0,0.3,0.45,0.0,0.25,0.03,0.0,0.0,0.0,1.32,1.31,0.0,0.0,0.15,0.07,0.35,0.19,0.0,1
x94mHa0LeRs,0.3685714285714286,0.0957142857142857,0.0385714285714285,0.4842857142857143,0.2357142857142857,0.8185714285714285,0.0971428571428571,0.2857142857142857,0.36,0.3785714285714285,0.2685714285714285,0.0,0.3057142857142857,0.0371428571428571,0.2585714285714285,0.2471428571428571,0.3128571428571428,1
x94mHa0LeRs(1),0.3685714285714286,0.0957142857142857,0.0385714285714285,0.4842857142857143,0.2357142857142857,0.8185714285714285,0.0971428571428571,0.2857142857142857,0.36,0.3785714285714285,0.2685714285714285,0.0,0.3057142857142857,0.0371428571428571,0.2585714285714285,0.2471428571428571,0.3128571428571428,1
x9ONPpzEytw,1.15,1.38,0.0,0.51,0.93,0.43,0.0,1.03,2.39,1.8,0.0,0.35,0.07,0.2,0.86,0.35,0.0,0
xCc9yVq6Ag4,0.745,0.935,0.0,0.305,0.435,0.8,1.0,0.975,0.4,0.615,1.14,0.0,0.86,0.0,1.515,1.01,0.125,1
xEC_W6DHRjk,0.51,0.0,0.04,0.0,2.29,3.04,0.73,1.16,1.97,0.0,0.0,0.0,0.18,0.0,2.62,1.13,0.0,0
xFsA-svlEUQ,0.715,0.235,0.885,1.02,1.2,1.23,0.8150000000000001,1.415,1.435,0.605,0.755,1.015,1.0550000000000002,0.165,2.01,0.07,0.56,0
xHrqHulxK7c,1.42,0.76,0.95,0.34,0.325,0.125,0.35,1.11,0.535,0.86,0.41,0.67,0.215,0.105,0.505,1.505,0.0,1
xJqJLaox2Yw,0.0,0.0,1.17,0.0,2.55,3.53,0.72,1.63,2.43,1.06,0.0,0.0,0.0,0.0,2.41,0.04,0.86,0
xKOsZCpCVm4,1.2033333333333334,0.0,0.6766666666666666,0.3266666666666666,0.3433333333333333,1.846666666666667,0.7133333333333334,0.0833333333333333,0.0566666666666666,0.4166666666666667,0.3066666666666666,0.09,0.01,0.2633333333333333,0.0,0.2366666666666666,0.1866666666666666,1
xLbvAdzxmhY,0.8300000000000001,0.0,0.0,0.835,0.44,0.675,0.0,0.515,1.13,1.02,0.3399999999999999,0.3,0.0,0.14,0.5,0.595,0.0,1
xNhBvveK9rM,1.5,0.995,0.43,2.395,0.0,0.455,0.09,1.085,0.14,0.0,1.175,0.585,0.49,0.0,0.88,0.0,0.3,2
xPS2OWccG1g,1.216,0.986,0.54,0.974,0.044,0.8,0.228,0.0,0.01,0.2259999999999999,0.884,0.23,0.518,0.316,0.122,0.724,1.208,1
xPvDiUGi9lU,0.6980000000000001,0.214,0.1359999999999999,0.448,0.808,1.118,0.094,0.764,0.976,0.6679999999999999,0.178,0.186,0.428,0.072,0.926,0.304,0.2299999999999999,1
xSDlst1c67U,0.0,0.0,0.785,0.475,2.34,1.265,0.325,2.5,2.355,1.925,0.22,0.0,0.475,0.0,1.7,0.0,1.305,0
xSq5MtZjG3c,0.97,0.8166666666666668,0.0,0.7433333333333333,0.6466666666666666,0.16,0.0466666666666666,1.3333333333333333,0.7666666666666666,0.8366666666666666,0.1166666666666666,0.7266666666666667,0.1166666666666666,0.2866666666666667,0.2966666666666666,0.4633333333333334,0.0,1
xTZblAWYS4s,1.49,1.74,0.0,3.0,1.08,0.6,0.84,0.3,0.44,1.31,0.38,0.71,0.0,0.49,0.27,0.51,0.0,2
xUPYc411duE,0.7866666666666666,0.115,0.1741666666666666,0.6866666666666666,0.2166666666666666,0.3891666666666666,0.1808333333333333,0.49,0.2466666666666666,0.1191666666666666,0.4116666666666667,0.1758333333333333,0.2375,0.0491666666666666,0.3274999999999999,1.0525,0.1425,1
xW4FXlf7JlQ,0.3866666666666667,0.0,0.0766666666666666,0.8599999999999999,0.7033333333333333,1.42,0.0366666666666666,0.41,1.2833333333333332,0.3466666666666667,0.3566666666666667,1.1966666666666668,0.2266666666666666,0.1966666666666666,0.7966666666666667,0.0,0.32,1
xY6FZioxlgw,0.76,0.13,0.26,0.0,1.4,1.56,1.49,1.71,0.0,0.5,0.88,0.0,0.0,0.0,0.65,0.26,0.15,1
xYmlSjp22wo,0.5733333333333334,0.0,0.73,1.75,0.3,1.8266666666666669,0.0,0.3766666666666666,0.0766666666666666,0.2266666666666666,0.7566666666666667,1.0733333333333337,0.4333333333333333,0.0,0.3733333333333333,1.43,0.0,1
xZBccbBIV7U,1.77,1.78,0.0,1.8,0.0,0.0,0.0,0.0,0.0,0.0,0.94,0.0,0.7,0.0,0.0,0.0,0.0,2
xayG_VtzUIE,1.38,0.56,0.0,0.82,0.9,0.0,1.01,1.505,1.115,0.68,0.405,0.61,0.305,0.0,0.965,0.38,0.0,1
xd-4sPjzFfI,1.93,0.0,0.0,0.0,1.61,1.44,0.26,1.94,2.44,0.99,0.0,1.02,1.06,0.0,1.07,0.0,0.0,0
xfV7AeFg90A,0.82,0.0,0.0,0.0,0.0,0.0,0.0,0.7,0.02,0.1,1.14,0.73,0.0,0.0,0.1,1.93,0.63,1
xfnxjGiz2Uo,0.2233333333333333,0.1,0.3566666666666667,0.7711111111111111,0.7755555555555556,0.8333333333333334,0.4299999999999999,0.6022222222222222,0.8,0.6033333333333334,0.1788888888888888,0.2488888888888889,0.2722222222222222,0.1444444444444444,0.5788888888888889,0.4244444444444444,0.1222222222222222,1
xg98i7oWINE,0.4599999999999999,0.0,0.1666666666666666,1.3433333333333335,0.1066666666666666,0.25,0.1133333333333333,0.2166666666666666,0.0,0.01,0.4666666666666666,0.3633333333333333,0.7999999999999999,0.16,0.0,0.51,0.13,1
xiMoenxcnbU,0.455,1.0950000000000002,0.0,1.455,0.0,0.0,0.0,0.0,0.0,0.0,0.16,0.0,0.005,0.0,0.24,0.495,0.0,1
xid2dKmJKbU,0.74,0.0,0.21,0.0,0.92,1.07,0.0,1.43,0.48,2.44,1.04,1.13,0.0,0.84,0.21,0.0,0.0,1
xkO1xSutXmE,0.93,0.645,0.0,0.39,0.725,0.715,0.435,0.875,0.645,0.375,0.11,0.295,0.185,0.44,0.015,0.02,0.0,1
xmJ8TmUtpdg,1.36,0.4133333333333333,0.0,1.94,0.0,0.2533333333333333,0.1466666666666666,0.2766666666666666,0.4033333333333333,0.0,0.3966666666666666,0.0,0.0,0.17,0.5,0.0,0.0,1
xon9s2T0Xxc,0.2766666666666666,0.0,0.3266666666666666,0.48,2.223333333333333,1.5666666666666669,0.53,1.6233333333333333,2.2466666666666666,0.9933333333333332,0.0,0.0,0.2366666666666666,0.0,1.5166666666666668,0.5166666666666667,0.1766666666666666,0
xq6cedD4-eo,0.7799999999999999,0.0,0.5599999999999999,0.9533333333333336,1.0433333333333332,0.94,0.01,1.1166666666666667,0.52,0.09,0.1833333333333333,0.0633333333333333,0.3966666666666666,0.0666666666666666,0.8133333333333334,0.06,0.6866666666666666,1
xrKtvEh2wO8,0.415,0.135,0.3899999999999999,0.2799999999999999,0.31,0.02,0.055,0.15,0.065,0.735,0.42,0.0,0.0,0.065,0.1,0.785,0.295,1
xryGmTIdfs0,0.3249999999999999,0.0,0.0,0.175,1.21,2.33,0.195,1.295,0.91,0.65,0.84,0.045,0.675,0.155,0.31,0.0,0.14,1
xyzndr2MA0w,0.31,0.0,0.3233333333333333,0.4433333333333333,0.4033333333333333,0.7133333333333334,0.0,0.24,0.97,0.7233333333333333,0.2,0.01,0.4733333333333333,0.0,0.4766666666666666,0.49,0.21,1
y-cb3qVBDb8,0.565,0.645,0.0,0.025,1.555,1.91,0.58,2.26,1.6700000000000002,1.465,0.0,0.0,0.18,0.0,3.075,1.29,0.0,0
y0gG7Tc-wHw,1.33,2.39,0.0,0.75,2.14,2.51,0.46,1.84,3.29,1.74,0.0,0.0,0.53,0.0,4.49,0.61,0.29,0
y0i2HU4C3R0,0.36,0.0,0.2633333333333333,0.79,1.0366666666666666,1.1166666666666667,0.7366666666666667,0.7633333333333333,0.8166666666666668,0.4633333333333334,0.61,0.61,0.3566666666666667,0.1833333333333333,0.52,0.0,0.3566666666666667,1
y3-6ivWqqr0,1.995,1.56,0.46,1.35,0.0,0.0,0.075,0.065,0.01,0.0,1.135,1.05,0.96,0.325,0.115,0.565,0.38,2
y6uJTEA_I6M,2.66,0.7,0.07,0.53,0.0,0.0,0.0,0.0,0.07,0.2,0.3,0.1,0.14,0.78,0.12,0.48,0.0,1
y6yrAADHdog,0.388,0.0,1.12,0.332,2.384,1.754,0.6779999999999999,1.528,2.18,0.776,0.134,0.1379999999999999,0.3099999999999999,0.062,0.784,0.0,0.112,0
y7DQc6s7LwA,1.13,0.52,0.0,1.67,1.84,0.3,0.0,1.855,2.76,1.45,0.0,0.0,0.355,0.355,3.19,0.32,1.005,0
y7ECCYITe9U,0.5549999999999999,0.23,0.0,0.515,0.84,0.965,0.475,1.4049999999999998,2.1100000000000003,0.83,0.055,0.0,0.0,0.0,1.76,0.4549999999999999,0.14,0
y8txqt2exjQ,1.31,0.6,0.0,3.14,0.47,0.89,0.0,0.77,0.91,1.22,0.83,1.27,0.01,0.3,0.0,0.21,0.0,2
y9ApSkrvLKg,0.4266666666666667,0.1966666666666666,0.0,0.9266666666666666,1.2300000000000002,2.01,0.4433333333333333,1.096666666666667,1.5266666666666666,1.1333333333333333,0.2433333333333333,0.0,0.3666666666666666,0.03,2.3233333333333333,1.0933333333333333,0.0,0
y9iCFcSaD58,0.0,0.0,0.9,0.005,1.655,1.17,1.125,1.725,1.155,1.045,0.475,0.0,0.64,0.0,2.08,1.13,0.31,0
yBPYd8MUBqA,2.29,0.22,0.62,1.55,1.16,2.66,0.0,1.12,1.04,0.0,1.28,0.25,0.76,0.0,0.0,0.0,0.04,1
yBeRdhX1FMk,0.28,0.01,0.0783333333333333,0.2583333333333333,0.6433333333333334,1.4,0.6333333333333333,0.3883333333333333,1.415,0.8883333333333333,0.2816666666666667,0.405,0.4433333333333333,0.0,0.7600000000000001,0.3849999999999999,0.2733333333333334,1
yGULu6ml0mg,0.13,0.5,0.0,0.14,1.8,2.15,0.54,1.58,2.53,1.06,0.0,0.0,0.0,0.0,2.02,0.0,0.01,0
yLK-4bcZVtQ,1.3233333333333333,0.0,0.5866666666666667,1.15,0.43,2.106666666666667,0.0666666666666666,0.4866666666666666,0.2433333333333333,0.4266666666666667,0.4066666666666667,0.2633333333333333,0.01,1.3166666666666669,0.4766666666666666,0.6233333333333334,0.3433333333333333,1
yOw0sYXvbIc,0.0,0.0,0.0,0.0,1.88,2.4,0.4,2.12,2.61,0.96,0.44,0.0,0.74,0.06,2.52,1.29,0.0,0
yQX0pb0wbiI,0.97,0.78,0.0,0.0,1.08,1.59,0.0,0.9,1.96,1.01,0.0,0.24,0.0,0.21,0.25,0.04,0.65,0
yRD2VSyC9n4,0.0,0.0,0.0,0.0,1.37,1.79,0.97,0.69,2.56,0.26,0.39,0.0,0.29,0.0,2.66,0.0,0.17,0
yUfIdxgnUnM,0.2988888888888888,0.1877777777777777,0.3344444444444445,0.7611111111111111,0.2111111111111111,0.0222222222222222,0.19,0.4666666666666667,0.4911111111111111,0.3933333333333333,0.63,0.1244444444444444,0.2444444444444444,0.0655555555555555,0.7255555555555556,0.3555555555555555,0.3311111111111111,1
yWSK0yj7hw4,2.33,3.17,0.02,3.15,0.51,0.0,0.29,1.3,1.68,2.05,0.13,0.09,0.0,0.0,1.21,1.18,0.0,2
yWWj-45afQ8,0.07,0.0,0.0,0.025,1.825,0.88,0.22,2.04,2.245,0.655,0.14,0.0,0.0,0.0,1.95,0.82,0.0,0
yY2sPSkzK4k,0.32,0.2833333333333333,0.2266666666666666,1.4466666666666663,1.6133333333333333,0.7566666666666667,0.7333333333333333,1.9666666666666663,2.29,1.14,0.4033333333333333,0.0,0.6633333333333333,0.0,2.8966666666666665,0.7566666666666667,0.0,0
yaTecmbw82Q,0.255,0.0,0.0,0.0,0.36,0.405,0.37,1.795,0.915,1.51,0.0,0.0,0.22,0.0,0.0,0.635,0.56,1
ydk4GIjo4cU,0.0,0.0,1.295,0.23,0.88,1.46,0.4,0.905,0.75,0.35,0.0,0.0,0.63,0.155,0.9,1.47,0.27,1
ye9AqyZ9B84,0.0,0.0,0.0,0.0,2.02,2.62,0.29,1.64,1.03,0.37,0.46,0.0,1.5,0.0,2.55,0.29,0.0,0
yjIldaM4C48,1.275,0.0,0.32,0.23,1.625,2.195,0.4,1.79,1.54,0.625,0.91,0.68,0.135,0.17,1.6549999999999998,0.3,0.15,0
ysLKE6PrK8k,0.81,0.46,0.0,0.0,1.17,1.31,0.0,1.26,2.02,1.07,0.0,0.08,0.0,0.08,0.15,0.0,0.57,0
ytqjKNY9kzY,0.685,0.375,0.0,1.195,0.145,1.13,0.29,0.945,1.01,0.25,1.09,0.76,0.0,2.275,0.82,0.33,0.0,1
yu0ln-ehXOw,1.03,0.9,0.335,0.145,0.74,0.84,0.0,0.575,0.67,0.185,0.095,0.0,0.02,0.07,1.44,0.215,0.26,1
yv8Bi2xcSK4,0.345,0.0625,0.0,0.6625,0.195,0.2475,0.0,0.15,0.5225,0.27,0.305,0.0,0.285,0.045,0.67,0.0424999999999999,0.15,1
yvX6GqOU9OI,0.49,0.0,0.04,0.525,1.88,1.855,0.0,1.585,2.805,0.9,0.0,0.0,0.925,0.215,1.685,0.0,0.655,0
ywHn0gQQGgg,0.84,0.0,1.78,0.57,1.15,1.36,1.27,1.19,0.0,0.0,0.0,2.2,0.0,0.85,0.0,0.0,0.13,1
yxwM2RwbT0s,0.79,0.0,0.0,1.8,0.68,0.0,0.0,0.12,1.26,0.19,0.0,0.0,0.38,0.0,1.99,0.19,0.0,1
z-HStsCLZ9g,2.18,1.96,0.0,2.98,0.0,0.0,0.0,0.0,0.0,0.0,0.22,0.0,0.0,0.0,0.0,0.0,0.0,2
z71dKXpOaOs,0.0,0.31,0.15,3.16,0.45,0.0,0.0,0.0,0.0,0.47,0.16,0.0,0.0,0.0,0.0,0.15,0.0,1
z8A61wzZV20,1.7,0.56,0.0,1.19,0.91,0.0,0.03,0.52,0.72,0.91,1.62,1.46,0.59,0.0,0.0,0.0,0.0,1
z91GDl8-CgM,0.0,0.0,0.0,1.46,0.0,0.0,0.0,0.96,0.28,0.0,0.53,0.0,0.0,0.0,1.7,0.0,0.0,1
z9f12-_t544,0.4442857142857143,0.0028571428571428,0.2242857142857142,0.2285714285714286,1.3414285714285714,1.7414285714285715,0.8785714285714287,0.8571428571428571,0.9485714285714284,0.8371428571428572,1.06,0.2342857142857142,0.3528571428571428,0.54,0.8857142857142858,0.6671428571428571,0.3671428571428571,1
zCgmAjnTu1o,1.2675,0.5725,0.2075,0.9725,1.2125,0.9175,0.15,0.9,1.4125,1.19,0.165,0.1225,0.73,0.1125,1.5275,0.3849999999999999,0.27,0
zEEH4Q0D4LE,0.545,0.0,0.91,0.63,0.035,1.79,0.405,0.57,0.425,0.675,1.07,1.225,0.7250000000000001,0.255,0.0,0.615,0.01,1
zHlIB6ypY3A,1.83,0.66,1.03,0.0,0.93,1.21,0.38,0.77,0.18,0.09,0.0,0.0,0.21,0.0,0.51,0.0,0.0,1
zJaj2kaCd74,0.195,0.25,0.735,0.0,1.815,1.865,0.195,1.2049999999999998,2.335,1.51,0.17,0.37,0.0,0.28,0.91,0.0,0.51,0
zOULceGOeSc,0.0,0.0,1.68,1.41,1.69,1.33,0.0,1.73,3.05,1.86,0.0,0.0,0.0,0.05,1.29,0.0,0.0,0
zOk103o-LDg,0.065,0.225,0.0,0.72,1.24,2.255,1.575,0.8300000000000001,0.16,0.255,0.605,0.245,0.35,0.0,0.745,0.265,0.0,1
zPZjoBJikro,1.63,0.0,0.35,0.16,0.0,0.0,0.0,0.06,0.0,0.0,0.69,0.0,0.0,0.0,0.29,0.0,0.0,1
zSSGBbOkxUM,0.1025,0.215,0.0825,0.1275,0.5800000000000001,0.2274999999999999,0.295,0.85,0.78,0.7025,0.41,0.3375,0.5549999999999999,0.0,0.6125,0.4449999999999999,0.0275,1
zTCNb5qPw3A,0.325,0.175,0.205,0.0,1.015,1.15,0.295,1.27,1.685,1.36,0.305,0.26,0.0,0.84,2.115,1.115,0.0,0
zTcCSyucYqI,0.0,0.0,0.0,0.0,0.0,0.0,0.0,0.44,1.13,1.69,0.0,0.88,0.0,0.1,1.11,0.15,0.0,1
zVarrDvOmIc,0.06,0.0,0.2666666666666666,0.0,0.4933333333333333,1.4633333333333336,0.1566666666666666,0.0766666666666666,0.6833333333333335,0.2433333333333333,0.0,0.0,0.0699999999999999,0.0,0.3999999999999999,0.36,0.5499999999999999,1
zWexXpego-o,0.815,0.085,0.0,0.225,0.995,0.195,0.165,1.87,1.88,1.16,0.02,0.425,0.615,0.0,1.01,0.0,0.0,0
zedJAOBgHMw,1.7733333333333334,2.9566666666666666,0.0,2.763333333333333,0.3033333333333333,0.0,0.0,0.0499999999999999,1.1033333333333333,0.0,0.5666666666666667,0.1133333333333333,0.3266666666666666,0.1533333333333333,0.8733333333333334,0.4966666666666666,0.0,2
zem70-C1JaI,0.32,0.225,0.0,0.515,1.335,0.72,0.0,1.65,1.96,0.925,0.0699999999999999,0.0,0.775,0.0,1.565,0.36,0.0,0
zgorXUEC_dk,0.46,0.0,0.305,0.425,0.69,1.46,0.015,0.96,0.215,0.22,0.53,0.0,0.555,0.0,0.955,0.395,0.0,1
zhTGl8I3Z7Y,0.74,0.18,0.7949999999999999,1.17,0.0,0.0,0.3,0.0,0.455,1.26,0.12,0.085,0.0,0.09,0.045,0.525,0.955,1
zjJOawV31lo,0.17,0.0,0.71,0.0,1.49,0.0,0.32,1.36,0.93,0.0,0.79,0.0,0.44,0.0,0.0,0.0,0.0,1
zjLcCRtS-Vc,2.77,0.0,2.72,0.62,1.02,3.58,2.57,2.66,0.0,0.0,5.0,1.15,0.0,5.0,0.56,0.0,1.69,1
zl071FhqyJI,0.325,0.0,0.04,0.775,0.11,0.0,0.0,0.595,0.285,0.0,0.0,0.0,1.445,0.03,0.505,0.0,0.5,1
zlnkzcqwe3E,0.0,0.0,0.08,0.0,2.43,3.78,0.21,1.68,3.16,0.76,0.0,0.0,0.63,0.55,2.71,0.32,0.2,0
zm_8N4vFnZw,0.636,0.056,0.8099999999999999,0.51,0.412,0.61,0.206,0.554,0.422,0.8640000000000001,0.286,0.15,0.506,0.0,0.102,0.122,0.24,1
zpT46etTP6E,1.8966666666666665,0.2566666666666666,1.7,1.12,0.0699999999999999,0.16,0.0,0.7333333333333334,0.0766666666666666,0.4366666666666667,0.7766666666666667,0.8799999999999999,0.32,0.0,0.4233333333333333,0.8266666666666667,0.0666666666666666,1
zrUXJ9Ul4ak,0.9,0.0,0.89,0.8,3.01,3.28,1.44,1.91,2.58,0.88,0.02,0.0,0.0,0.01,2.5,2.07,0.0,0
zud0s365CNY,0.0,0.5,0.0,1.39,0.18,0.14,0.82,1.72,0.0,0.29,1.44,2.3,0.0,0.09,0.0,0.0,0.0,1
zurBNvmMQ2Y,0.36,0.0,0.0,0.24,1.13,2.07,0.48,1.75,1.38,1.1,0.0,0.0,0.0,0.95,1.99,2.69,0.0,0
zwOJjQuL4i4,0.19,0.22,0.0,0.0,0.38,1.36,0.09,0.0,0.87,0.0,0.0,0.0,0.0,0.0,1.36,0.45,0.28,1
zx-bATPSFaM,1.2733333333333332,0.7866666666666667,0.9933333333333332,0.0,0.52,0.5066666666666667,0.41,0.7533333333333334,1.1166666666666667,0.91,0.2266666666666666,0.18,0.3333333333333333,0.3633333333333333,0.7466666666666667,0.1133333333333333,1.2466666666666666,1
