Video_ID,face, confidence, AU01_r, AU02_r, AU04_r, AU05_r, AU06_r, AU07_r, AU09_r, AU10_r, AU12_r, AU14_r, AU15_r, AU17_r, AU20_r, AU23_r, AU25_r, AU26_r, AU45_r, AU01_c, AU02_c, AU04_c, AU05_c, AU06_c, AU07_c, AU09_c, AU10_c, AU12_c, AU14_c, AU15_c, AU17_c, AU20_c, AU23_c, AU25_c, AU26_c, AU28_c, AU45_c
--8n6A8Q6M0,0.0,0.975,1.08,0.0,0.0,1.87,1.22,1.77,1.11,1.67,1.22,0.56,0.0,0.0,0.29,0.0,2.34,0.88,0.02,0.0,1.0,0.0,1.0,1.0,1.0,1.0,1.0,1.0,1.0,0.0,0.0,0.0,0.0,1.0,0.0,0.0,0.0
-0FfyNZdHk0,0.5,0.625,0.055,0.0,0.0,0.92,1.3399999999999999,0.755,0.88,1.325,1.25,1.085,1.8250000000000002,1.52,0.96,0.605,0.895,0.21,0.19,0.0,0.5,0.0,0.5,1.0,0.5,0.5,0.5,0.5,0.5,0.5,0.5,0.5,0.5,0.5,0.0,0.0,0.0
-1B7cVoZr1c,0.5,0.675,0.875,0.0,0.7050000000000001,0.515,0.425,0.935,0.17,0.375,0.76,1.4649999999999999,0.2,1.005,0.0,0.5,0.22,0.66,0.25,0.5,0.5,0.0,0.0,0.5,0.5,0.5,0.5,0.5,1.0,0.0,0.5,0.5,0.5,0.0,0.5,0.0,0.0
-4yu_13EHFM,0.0,0.975,0.92,0.17,0.0,0.01,0.16,0.64,0.74,0.0,0.0,0.0,0.26,0.0,0.0,0.0,1.25,0.68,0.0,1.0,1.0,1.0,0.0,0.0,0.0,1.0,0.0,0.0,0.0,0.0,0.0,0.0,0.0,1.0,1.0,0.0,1.0
-6FvAU9H98w,0.0,0.875,2.77,1.9,0.0,0.89,1.57,0.66,0.0,0.7,1.97,0.73,0.0,0.0,0.87,0.0,2.59,1.01,0.0,1.0,1.0,0.0,1.0,1.0,0.0,0.0,1.0,1.0,0.0,0.0,0.0,0.0,0.0,1.0,1.0,0.0,0.0
-7vF5F-1btE,2.5,0.9083333333333333,0.27,0.0,0.59,0.3666666666666667,1.0783333333333334,1.0250000000000001,0.6033333333333334,0.855,1.3,1.1183333333333334,0.2233333333333333,0.13833333333333334,0.4066666666666667,0.08166666666666667,0.8866666666666667,0.14333333333333334,0.08333333333333333,0.3333333333333333,0.16666666666666666,0.3333333333333333,0.5,0.6666666666666666,0.5,0.8333333333333334,0.8333333333333334,0.8333333333333334,0.8333333333333334,0.3333333333333333,0.16666666666666666,0.6666666666666666,0.3333333333333333,0.8333333333333334,0.3333333333333333,0.16666666666666666,0.16666666666666666
-9ACKA4sQ4U,0.5,0.5,1.315,0.34,0.0,0.39,0.27,0.325,0.265,0.5499999999999999,0.515,0.04,0.71,0.085,0.0,0.0,0.0,0.155,0.0,1.0,1.0,0.0,0.5,0.5,0.5,0.0,0.0,0.0,0.5,1.0,0.5,0.5,0.0,0.0,0.0,0.5,0.0
-9hDaG3nJwg,0.0,0.975,0.04,0.25,0.33,0.0,0.44,2.3,1.28,1.09,0.0,0.35,2.29,2.37,0.0,1.01,0.0,0.0,0.5,1.0,1.0,1.0,0.0,0.0,1.0,1.0,1.0,0.0,0.0,1.0,1.0,1.0,1.0,0.0,0.0,0.0,1.0
-GVbt3qdq70,3.5,0.7,0.5175000000000001,0.12625,0.86125,0.67625,0.49,0.92,0.5662499999999999,0.4975,0.48125,0.46499999999999997,0.50875,1.07875,0.5125,0.0,0.69,0.4125,0.33625000000000005,0.75,0.875,0.625,0.25,0.375,0.625,0.375,0.625,0.25,0.5,0.25,0.5,0.625,0.0,0.375,0.375,0.25,0.375
-JTkbbE_KP4,0.5,0.025,1.09,0.095,0.415,1.7750000000000001,0.79,0.5449999999999999,0.435,0.67,0.565,0.36,0.355,0.875,0.0,0.53,0.3,0.375,0.0,1.0,1.0,0.5,0.0,0.0,0.0,0.5,0.5,0.5,0.0,0.5,0.5,0.0,0.5,0.5,0.0,1.0,0.0
-NkPxyvAqzA,1.0,0.975,0.0,0.0,0.0,0.9566666666666667,1.23,1.2133333333333334,0.17,1.06,2.283333333333333,0.7466666666666667,0.11666666666666665,0.0,0.4533333333333333,0.24,1.7033333333333331,0.52,0.0,0.0,0.0,0.0,0.3333333333333333,1.0,0.6666666666666666,0.0,1.0,1.0,0.6666666666666666,0.3333333333333333,0.0,0.6666666666666666,0.3333333333333333,0.6666666666666666,0.3333333333333333,0.0,0.0
-U5-r29G-t0,0.5,0.95,0.27,0.335,0.0,0.26,1.495,0.705,0.095,1.685,2.375,1.47,0.025,0.34,0.0,0.21,1.71,1.38,0.0,0.5,0.5,0.0,0.5,1.0,1.0,0.0,1.0,1.0,1.0,0.0,0.0,0.5,0.0,1.0,1.0,0.5,0.5
-WaDvcu7mcw,0.0,0.975,0.89,1.29,0.0,0.0,1.32,0.0,0.0,2.64,2.24,0.0,0.0,0.16,0.0,0.0,1.46,0.97,1.59,1.0,1.0,0.0,0.0,1.0,0.0,0.0,1.0,1.0,0.0,1.0,0.0,0.0,0.0,1.0,0.0,0.0,1.0
-XCc67Ijcz8,0.0,0.975,0.0,0.85,1.62,1.87,1.19,1.53,2.06,2.55,0.12,1.67,0.67,0.51,1.18,0.0,3.99,2.39,0.0,0.0,1.0,1.0,1.0,1.0,1.0,1.0,1.0,0.0,0.0,1.0,0.0,0.0,0.0,1.0,1.0,0.0,0.0
-Ya6eSQ3wng,3.5,0.89375,0.56375,0.32499999999999996,0.13624999999999998,0.8,0.16625,0.44375,0.215,0.40875,0.19875,0.255,0.74875,0.27,0.52875,0.16499999999999998,0.7224999999999999,0.5962500000000001,0.3775,0.75,0.625,0.375,0.25,0.0,0.375,0.25,0.375,0.125,0.375,0.625,0.125,0.625,0.375,0.75,0.5,0.125,0.375
-_E2KyNAvqg,2.0,0.9349999999999999,1.0379999999999998,0.704,0.292,1.45,0.298,1.0539999999999998,0.278,0.24,0.27999999999999997,0.536,0.004,0.014000000000000002,0.144,0.526,1.4100000000000001,0.8800000000000001,0.32799999999999996,0.8,0.8,0.2,0.6,0.2,0.6,0.6,0.4,0.2,0.2,0.4,0.0,0.6,0.4,0.8,0.8,0.0,0.6
-fWzHd63UCA,0.5,0.9,1.01,0.045,1.07,0.0,1.21,1.305,0.8999999999999999,0.76,0.61,1.565,0.62,1.17,1.77,0.8150000000000001,0.04,0.17,0.0,1.0,0.5,1.0,0.0,0.5,1.0,0.5,0.5,1.0,1.0,1.0,1.0,1.0,1.0,0.5,0.5,0.5,0.0
-tg0rduTy7c,0.0,0.975,0.84,0.0,0.39,0.04,0.69,1.27,0.78,0.89,0.71,1.0,0.33,0.0,1.03,0.0,1.66,0.66,0.0,1.0,1.0,0.0,0.0,1.0,0.0,0.0,1.0,1.0,0.0,1.0,0.0,0.0,0.0,1.0,1.0,1.0,0.0
-uj2svY5754,1.0,0.975,0.6166666666666667,0.0,0.03,0.08666666666666667,0.8366666666666666,1.24,0.33,1.17,1.3033333333333335,1.2166666666666666,0.006666666666666667,0.0,1.2,0.0,1.0933333333333335,0.22333333333333336,0.0,0.3333333333333333,0.3333333333333333,0.0,0.3333333333333333,1.0,0.0,0.3333333333333333,1.0,1.0,1.0,0.6666666666666666,0.0,0.6666666666666666,0.0,0.6666666666666666,1.0,0.3333333333333333,0.6666666666666666
008Fi25LbKY,0.5,0.95,0.0,0.0,0.51,0.56,2.165,3.0949999999999998,0.41000000000000003,2.585,2.04,1.0,0.725,0.38,0.0,0.0,1.9000000000000001,0.55,0.115,1.0,0.0,0.5,0.5,1.0,1.0,1.0,1.0,1.0,1.0,0.5,0.0,0.0,0.0,1.0,1.0,0.0,0.0
00qBuhJeG-o,0.5,0.975,0.665,0.21,0.71,0.35,0.0,0.0,0.0,0.345,0.175,0.18,0.635,1.4700000000000002,0.225,0.0,0.0,1.385,0.43500000000000005,1.0,1.0,1.0,0.0,0.0,0.0,0.0,0.0,0.0,0.0,0.0,0.5,0.5,0.0,0.0,1.0,0.5,0.0
01CgNpWKero,1.0,0.65,1.3333333333333333,1.9633333333333336,0.14666666666666667,2.5500000000000003,0.5766666666666667,0.6733333333333333,0.5033333333333333,0.24666666666666667,0.8766666666666666,0.49666666666666665,0.08,0.03666666666666667,0.0,0.15,1.08,0.9666666666666668,0.10333333333333333,1.0,1.0,0.3333333333333333,0.6666666666666666,0.3333333333333333,0.3333333333333333,0.3333333333333333,0.3333333333333333,0.6666666666666666,0.6666666666666666,0.0,0.0,0.3333333333333333,0.0,1.0,0.6666666666666666,0.0,0.3333333333333333
026urE67c8c,0.0,0.975,1.89,0.66,0.01,0.32,1.91,2.36,0.0,2.24,1.8,0.0,0.0,0.0,0.0,0.0,2.32,0.0,0.05,1.0,1.0,0.0,1.0,1.0,0.0,0.0,1.0,1.0,0.0,0.0,0.0,0.0,0.0,1.0,0.0,0.0,0.0
06YeEjVLC0E,0.5,0.95,0.195,0.01,0.0,0.66,0.9199999999999999,1.63,0.055,1.21,1.955,1.19,0.2,0.195,0.0,0.22500000000000003,1.4100000000000001,0.835,0.0,1.0,0.5,0.0,1.0,1.0,1.0,0.0,1.0,1.0,1.0,0.5,0.5,0.0,0.0,1.0,0.5,0.0,0.0
06hhcGs3J88,2.5,0.9500000000000001,0.9049999999999999,0.6483333333333333,0.0,0.5416666666666666,0.205,0.6566666666666666,0.17,0.18500000000000003,0.595,0.21,0.165,0.03,0.0,0.0,0.7316666666666668,0.11833333333333333,0.0,0.8333333333333334,0.8333333333333334,0.0,0.8333333333333334,0.16666666666666666,0.16666666666666666,0.3333333333333333,0.16666666666666666,0.3333333333333333,0.16666666666666666,0.3333333333333333,0.16666666666666666,0.0,0.16666666666666666,0.6666666666666666,0.8333333333333334,0.16666666666666666,0.16666666666666666
09HUMZrCH3A,0.5,0.95,0.71,0.045,0.64,0.46,0.255,0.4,0.28,0.165,1.1400000000000001,0.085,0.025,0.0,0.05,0.155,0.35,0.0,0.0,1.0,0.5,1.0,0.0,0.5,0.5,0.5,0.5,1.0,0.5,0.0,0.0,1.0,0.5,0.5,0.0,1.0,0.0
0AuL6FQR3HE,0.5,0.6,1.6150000000000002,0.0,1.745,2.245,0.28,0.05,0.17,2.075,0.475,0.51,1.0350000000000001,1.145,0.0,0.525,0.555,0.0,0.55,1.0,0.0,1.0,0.5,0.0,0.0,0.0,1.0,0.0,0.0,0.5,0.5,0.5,0.5,0.0,1.0,0.5,0.5
0Cj35oMbb9Q,1.5,0.7625,0.6575,0.03,0.1975,0.5025000000000001,1.03,1.07,0.1975,0.9775,0.9325,0.6849999999999999,0.155,0.0,0.1125,0.05,1.4875,1.0499999999999998,0.1275,1.0,1.0,0.75,0.25,0.5,0.5,0.25,0.5,0.25,0.5,0.5,0.0,0.5,0.25,0.5,0.25,0.0,0.25
0E4c8VDmUTk,0.5,0.45,0.84,0.055,0.0,0.97,0.54,0.945,0.025,0.295,0.0,0.0,2.265,0.24,0.57,0.25,0.48,0.235,0.0,0.5,0.5,0.5,0.5,0.0,0.0,0.5,0.0,0.0,0.0,0.5,0.0,0.5,0.5,0.0,0.0,0.5,0.0
0ENcrVkHwBY,0.5,0.85,1.215,0.18,0.755,0.175,0.91,0.29,0.25,1.075,0.85,1.45,0.74,1.3250000000000002,1.01,0.14,0.155,1.105,0.085,0.5,0.5,0.5,0.0,0.5,0.0,0.5,0.5,0.5,1.0,1.0,1.0,0.5,0.5,0.0,0.5,0.5,0.0
0GVD-9hxk_s,1.0,0.9249999999999999,0.9933333333333333,0.8466666666666667,0.5033333333333333,1.5366666666666668,0.69,0.6699999999999999,0.4466666666666667,0.9199999999999999,1.0533333333333332,0.9,0.3633333333333333,0.0,0.41,0.0,1.14,0.0,0.05666666666666667,0.6666666666666666,0.6666666666666666,0.3333333333333333,0.3333333333333333,0.6666666666666666,0.0,0.3333333333333333,0.6666666666666666,0.6666666666666666,1.0,1.0,0.0,0.0,0.0,0.3333333333333333,0.0,0.0,0.0
0IJm5TFpldU,1.0,0.975,0.13333333333333333,0.0,0.2933333333333333,0.0,1.45,0.6666666666666666,1.0066666666666666,1.72,1.3566666666666667,1.2433333333333334,0.16333333333333333,0.0,0.31,0.0,1.0133333333333334,0.46666666666666673,0.0,0.3333333333333333,0.3333333333333333,0.0,0.0,0.6666666666666666,1.0,0.6666666666666666,1.0,1.0,1.0,0.6666666666666666,0.0,0.6666666666666666,0.0,0.6666666666666666,0.6666666666666666,0.3333333333333333,0.6666666666666666
0IMWasj76yU,0.0,0.975,0.13,0.0,0.08,0.81,0.9,1.59,1.38,1.03,0.0,0.46,1.38,0.83,0.0,0.0,0.08,0.28,0.1,0.0,0.0,0.0,0.0,1.0,1.0,1.0,1.0,0.0,0.0,1.0,1.0,0.0,0.0,1.0,0.0,1.0,1.0
0KOXxVJx0sk,1.0,0.008333333333333333,0.49,0.0,0.04666666666666667,0.0,1.4733333333333334,0.85,0.7799999999999999,1.26,0.8966666666666666,1.9266666666666667,0.25,1.21,1.9033333333333333,0.41333333333333333,0.4033333333333333,1.3833333333333335,0.08666666666666667,0.3333333333333333,0.0,0.3333333333333333,0.0,1.0,1.0,0.3333333333333333,0.6666666666666666,0.6666666666666666,0.6666666666666666,0.6666666666666666,0.6666666666666666,1.0,0.0,0.6666666666666666,0.6666666666666666,0.6666666666666666,0.3333333333333333
0Mnau-zACiE,1.5,0.9375,0.35250000000000004,0.0325,0.0,0.7550000000000001,0.5375,0.45,0.2325,1.54,1.0,0.6025,0.7475,0.6174999999999999,0.0725,0.0,0.8825,0.755,0.0,0.25,0.75,0.25,1.0,0.5,0.25,0.75,0.75,0.5,0.75,1.0,0.5,0.25,0.0,0.75,0.75,0.75,0.0
0O2i843tdU4,1.5,0.7,1.7075,0.43749999999999994,0.7975,1.4975,0.1325,0.0,0.1775,0.8225,0.175,0.5275000000000001,0.3575,1.115,0.14,0.125,0.54,0.885,0.085,1.0,0.75,0.5,0.75,0.25,0.0,0.0,0.5,0.25,0.25,0.0,0.75,0.25,0.25,0.75,0.5,0.75,0.25
0Qr12Zerphs,1.5,0.925,0.41,0.435,0.0,0.7125,0.64,1.7349999999999999,0.12,0.6000000000000001,0.46499999999999997,0.2375,0.6375,0.645,0.5349999999999999,0.1825,0.9425,0.6950000000000001,0.32,0.5,0.5,0.5,0.75,0.5,1.0,0.25,0.25,0.0,0.25,1.0,0.5,0.25,0.25,0.75,1.0,0.25,0.5
0Rge7nN8wss,1.5,0.8625,1.9825,0.6225,0.185,2.075,0.1125,0.1475,0.0525,0.1075,0.57,0.51,0.1725,0.05,0.7425,0.0,0.285,0.24250000000000002,0.0,1.0,1.0,0.0,1.0,0.0,0.0,0.25,0.25,0.5,0.5,0.5,0.25,0.75,0.0,1.0,0.25,0.0,0.0
0SlWsnwIWN4,0.0,0.875,0.95,0.2,1.41,0.39,1.57,0.74,1.13,0.23,0.0,0.31,1.09,1.11,0.0,0.0,2.01,0.5,0.0,1.0,0.0,1.0,1.0,1.0,0.0,1.0,1.0,0.0,0.0,0.0,0.0,1.0,0.0,1.0,0.0,1.0,0.0
0UDH4y28YVQ,0.0,0.975,0.34,0.0,0.0,0.0,2.2,0.56,0.97,2.39,2.59,2.08,0.0,0.0,0.0,0.0,1.94,0.82,0.0,1.0,0.0,0.0,0.0,1.0,0.0,1.0,1.0,1.0,1.0,1.0,0.0,0.0,0.0,1.0,1.0,0.0,0.0
0UFz5YQk8o0,0.5,0.975,0.835,0.6,0.575,0.655,0.12,0.305,0.16,1.155,0.12,1.065,0.17,1.005,0.0,0.54,0.155,0.12,0.4,0.5,1.0,0.5,1.0,0.0,1.0,0.0,0.5,0.0,0.5,0.0,0.5,0.0,0.5,0.5,0.5,0.5,0.5
0_6HMZjStiQ,1.0,0.9416666666666668,1.4266666666666667,0.6066666666666667,0.6933333333333334,0.6233333333333333,1.0933333333333335,1.6500000000000001,0.0,0.8733333333333332,1.29,0.18000000000000002,0.0033333333333333335,0.013333333333333334,0.47333333333333333,0.07666666666666667,0.9666666666666667,0.2966666666666667,0.0,1.0,1.0,0.0,0.3333333333333333,0.6666666666666666,0.6666666666666666,0.0,0.6666666666666666,0.6666666666666666,0.0,0.0,0.3333333333333333,0.0,0.0,0.6666666666666666,0.6666666666666666,1.0,0.0
0_pTnqziRqo,1.0,0.625,1.0066666666666666,0.10666666666666667,0.3433333333333333,0.7166666666666667,0.62,0.14333333333333334,0.5166666666666666,0.9966666666666667,0.8133333333333334,1.1900000000000002,0.44333333333333336,0.15666666666666665,0.09999999999999999,0.04,1.28,0.36000000000000004,0.21666666666666667,1.0,1.0,0.3333333333333333,0.6666666666666666,0.3333333333333333,0.3333333333333333,0.6666666666666666,0.6666666666666666,0.3333333333333333,0.6666666666666666,0.6666666666666666,0.0,0.0,0.0,0.6666666666666666,0.0,0.0,0.3333333333333333
0ax6XooGykc,0.0,0.875,1.37,0.05,1.32,1.2,1.1,0.0,0.0,1.88,2.52,2.35,0.0,0.0,0.7,0.0,1.98,0.0,1.23,1.0,1.0,1.0,0.0,0.0,0.0,0.0,1.0,1.0,1.0,0.0,0.0,1.0,0.0,1.0,1.0,0.0,1.0
0e2__WsRZdg,2.0,0.76,0.754,0.768,0.41200000000000003,2.158,0.538,0.6599999999999999,0.13999999999999999,0.712,0.944,0.526,0.198,0.11200000000000002,0.622,0.057999999999999996,1.814,1.036,0.372,0.8,1.0,0.4,0.8,0.6,0.4,0.0,0.8,0.6,0.4,0.2,0.0,0.4,0.2,0.8,0.4,0.0,0.2
0eTmLcoLe9s,2.0,0.945,0.69,0.0,0.47400000000000003,0.43600000000000005,0.8019999999999999,1.216,0.532,0.33,1.1960000000000002,0.43200000000000005,0.22999999999999998,0.0,0.40199999999999997,0.008,0.726,0.26599999999999996,0.08,1.0,0.8,0.2,0.8,0.8,0.8,0.8,0.8,1.0,0.8,0.6,0.2,0.8,0.2,0.8,0.6,0.2,0.6
0hjnu1Hjbo4,0.5,0.975,0.0,0.0,0.015,0.0,0.545,0.0,0.815,0.16,0.6,2.15,0.95,1.375,0.74,0.33,0.215,1.265,0.0,0.5,0.0,0.0,0.5,0.5,0.0,0.5,0.0,1.0,1.0,0.5,1.0,0.5,0.5,0.0,0.5,1.0,0.0
0i_ZIWC0c1M,1.0,0.625,0.7799999999999999,0.15,0.98,0.0,1.3333333333333333,0.8400000000000002,0.9466666666666667,1.1133333333333333,0.5533333333333333,0.44333333333333336,0.5466666666666666,0.6466666666666666,0.25333333333333335,0.0,0.30666666666666664,0.6333333333333333,0.3333333333333333,1.0,0.3333333333333333,0.3333333333333333,0.3333333333333333,1.0,0.3333333333333333,0.6666666666666666,0.6666666666666666,0.0,0.6666666666666666,0.6666666666666666,0.6666666666666666,0.3333333333333333,0.0,0.3333333333333333,0.3333333333333333,0.3333333333333333,1.0
0icIUe7SCcQ,0.5,0.45,1.17,0.0,0.165,1.6199999999999999,0.335,0.12,0.065,0.46,0.565,0.425,0.31,0.0,0.56,0.0,0.535,0.0,0.235,0.5,1.0,0.0,0.5,0.5,0.0,0.0,0.5,1.0,0.5,1.0,0.0,0.5,0.0,1.0,0.0,0.5,0.5
0ifwCzzCdvc,0.0,0.975,1.5,1.55,0.69,1.65,1.61,1.37,0.83,2.07,0.68,2.75,0.77,0.0,0.0,0.0,2.4,0.56,0.0,1.0,1.0,0.0,1.0,1.0,1.0,0.0,1.0,1.0,1.0,1.0,0.0,0.0,0.0,1.0,1.0,0.0,0.0
0mDJwB6DLvg,0.0,0.975,0.64,0.0,0.0,0.74,0.0,0.0,0.79,1.68,0.63,0.48,0.75,0.0,0.0,0.0,2.32,1.37,0.0,0.0,1.0,0.0,0.0,0.0,0.0,0.0,1.0,1.0,0.0,1.0,0.0,1.0,0.0,1.0,1.0,0.0,1.0
0nRXbv67-4M,0.0,0.975,0.73,0.0,0.1,0.0,0.7,0.17,0.0,1.38,0.8,0.0,0.0,0.0,0.35,0.0,3.35,0.09,1.09,1.0,1.0,1.0,1.0,1.0,0.0,0.0,1.0,1.0,1.0,1.0,0.0,1.0,0.0,1.0,1.0,0.0,1.0
0nVPBJnjzeI,1.0,0.9416666666666668,0.6733333333333333,0.006666666666666667,0.35666666666666663,0.2966666666666667,0.15666666666666665,0.06666666666666667,0.21666666666666667,0.7466666666666667,0.33666666666666667,0.0,0.03333333333333333,0.0,0.0033333333333333335,0.0,1.1733333333333333,1.1833333333333333,0.03333333333333333,0.6666666666666666,0.3333333333333333,0.6666666666666666,0.0,0.3333333333333333,0.3333333333333333,0.3333333333333333,0.6666666666666666,0.0,0.0,0.3333333333333333,0.0,0.6666666666666666,0.0,0.6666666666666666,0.6666666666666666,0.0,0.6666666666666666
0o5lQ6LZ4rI,0.5,0.975,0.98,0.605,0.0,0.915,0.1,0.705,0.045,0.565,0.385,0.0,0.87,0.0,0.0,0.0,1.125,0.495,0.0,1.0,1.0,0.0,0.5,0.0,0.0,0.0,0.0,0.0,0.0,0.5,0.0,0.0,0.0,1.0,1.0,0.5,0.0
0qIhFhM6eKw,0.0,0.975,0.79,0.36,0.0,0.88,0.4,0.19,0.08,2.24,0.86,0.8,0.25,0.91,0.0,0.29,0.05,1.3,0.0,1.0,1.0,0.0,0.0,0.0,0.0,0.0,1.0,0.0,1.0,1.0,1.0,0.0,0.0,0.0,1.0,0.0,1.0
0r-T21BKkMk,1.5,0.9,0.3175,0.8975000000000001,0.0,1.645,0.1325,0.06,0.1475,0.0675,0.21,0.0,0.415,0.4575,0.725,0.0,0.985,0.8075,0.0,0.75,1.0,0.0,0.5,0.0,0.5,0.0,0.25,0.0,0.0,0.5,0.0,0.25,0.25,0.5,0.75,0.25,0.25
0r3rU0ipuiQ,2.5,0.5083333333333333,0.7983333333333333,0.135,0.735,0.535,1.1583333333333334,1.015,0.34166666666666673,0.9416666666666668,0.8266666666666667,1.03,0.33666666666666667,0.065,0.4383333333333333,0.12,0.7116666666666668,0.505,0.2883333333333334,0.5,0.8333333333333334,0.3333333333333333,0.16666666666666666,0.8333333333333334,0.5,0.16666666666666666,0.3333333333333333,0.3333333333333333,0.5,0.5,0.0,0.16666666666666666,0.16666666666666666,0.3333333333333333,0.3333333333333333,0.5,0.16666666666666666
0uJu9JkxNwI,0.0,0.975,0.0,0.0,0.0,0.0,1.28,2.48,0.0,2.67,2.63,0.27,0.0,0.0,0.33,0.0,2.33,0.73,0.0,1.0,1.0,0.0,0.0,1.0,1.0,0.0,1.0,1.0,1.0,1.0,0.0,1.0,0.0,1.0,0.0,0.0,1.0
0yqdgfLWhpM,1.5,0.875,0.4825,0.0,0.1925,0.9824999999999999,0.615,1.325,0.0875,0.505,0.22749999999999998,0.2425,0.0875,0.0275,1.0875,0.325,0.9675,0.0,0.185,0.5,0.75,0.75,1.0,0.75,0.75,0.0,0.5,0.25,0.5,0.0,0.25,1.0,0.25,0.25,0.0,0.25,0.5
0z_UIEHwskI,3.0,0.7285714285714285,1.0857142857142859,0.31857142857142856,0.3057142857142857,0.47285714285714286,1.1085714285714285,1.717142857142857,0.49142857142857144,0.8171428571428573,0.687142857142857,0.24571428571428572,0.39285714285714285,0.2557142857142857,0.15142857142857144,0.10714285714285714,1.48,1.3714285714285714,0.3814285714285714,0.8571428571428571,1.0,0.42857142857142855,0.42857142857142855,0.5714285714285714,0.7142857142857143,0.2857142857142857,0.7142857142857143,0.42857142857142855,0.2857142857142857,0.7142857142857143,0.2857142857142857,0.2857142857142857,0.42857142857142855,0.8571428571428571,0.5714285714285714,0.5714285714285714,0.5714285714285714
0zkiGw4F5Pw,0.5,0.95,0.0,0.0,0.495,0.495,0.505,0.9850000000000001,0.105,0.865,1.625,0.625,0.0,0.0,0.305,0.055,1.41,0.495,0.675,1.0,0.5,0.5,0.0,1.0,1.0,0.0,0.5,0.5,0.5,0.5,0.0,0.5,0.5,0.5,0.5,0.0,0.5
0zyiBgLpoeE,1.5,0.9,0.88,0.255,0.16,0.3875,1.9025,2.1375,1.305,1.7025000000000001,2.0425,1.2850000000000001,0.0575,0.1525,0.3075,0.0425,1.67,0.5499999999999999,0.81,0.5,0.5,0.5,0.25,0.75,0.75,0.75,0.75,0.75,0.75,0.25,0.0,0.25,0.25,0.75,0.25,0.0,0.75
1-4pxMY9rq8,0.0,0.975,0.72,0.14,0.0,0.0,0.0,0.61,0.0,0.0,0.32,0.61,0.02,0.16,0.0,0.0,0.33,0.0,0.0,1.0,1.0,0.0,1.0,0.0,1.0,0.0,0.0,0.0,1.0,1.0,0.0,0.0,0.0,0.0,0.0,0.0,0.0
1-b2aT0of_Y,0.5,0.925,0.0,0.0,0.73,0.035,0.68,2.02,0.78,0.085,0.325,0.535,0.07,0.005,0.015,0.0,0.315,0.915,0.59,0.0,0.0,1.0,0.0,0.5,1.0,1.0,0.0,0.0,0.5,0.5,0.5,0.5,0.0,0.5,0.0,0.0,1.0
1-m9KLTaeaI,0.5,0.975,0.6,0.125,0.0,0.315,1.365,0.99,0.7350000000000001,1.385,1.03,1.27,0.585,0.285,1.48,0.0,1.915,0.65,0.06,0.0,0.5,0.0,1.0,1.0,0.5,0.5,1.0,1.0,1.0,1.0,0.0,0.5,0.0,1.0,0.5,0.5,0.0
12cGM8Quszs,1.0,0.6583333333333333,0.8466666666666667,0.2966666666666667,0.17666666666666667,1.3066666666666666,1.3533333333333335,0.8233333333333334,0.21333333333333335,1.0766666666666667,1.2466666666666668,1.4833333333333334,0.6433333333333333,1.1966666666666665,0.8733333333333334,0.3233333333333333,1.5366666666666668,1.3466666666666667,0.5499999999999999,0.6666666666666666,0.6666666666666666,0.6666666666666666,0.6666666666666666,0.3333333333333333,0.6666666666666666,0.3333333333333333,0.3333333333333333,0.6666666666666666,0.6666666666666666,1.0,0.3333333333333333,1.0,0.3333333333333333,0.6666666666666666,0.6666666666666666,1.0,0.3333333333333333
12t-wjHSq5c,0.0,0.975,0.46,0.0,0.0,0.0,1.79,1.29,0.41,2.87,2.09,1.31,0.19,0.0,0.0,0.0,0.71,0.0,0.0,1.0,1.0,0.0,0.0,1.0,1.0,1.0,1.0,1.0,1.0,0.0,0.0,0.0,0.0,1.0,0.0,1.0,0.0
13wZEXCrprY,0.0,0.025,0.12,0.0,0.66,1.01,0.0,0.0,0.85,0.0,0.0,0.0,2.22,0.0,0.0,0.0,0.14,0.0,0.0,1.0,1.0,1.0,1.0,0.0,0.0,0.0,0.0,0.0,0.0,0.0,0.0,0.0,0.0,1.0,0.0,1.0,0.0
160z2kH-pfQ,1.0,0.9249999999999999,0.0,0.0,1.49,1.3133333333333332,0.6133333333333334,0.10333333333333333,0.13999999999999999,0.9766666666666667,0.9033333333333333,1.0733333333333333,0.5833333333333334,0.0,0.0,0.0,1.9566666666666668,1.343333333333333,0.8133333333333334,0.6666666666666666,0.3333333333333333,0.6666666666666666,0.6666666666666666,0.3333333333333333,0.6666666666666666,0.3333333333333333,0.3333333333333333,0.3333333333333333,0.6666666666666666,0.6666666666666666,0.0,0.3333333333333333,0.3333333333333333,1.0,1.0,0.0,0.3333333333333333
16GQKjDDrXM,0.0,0.975,0.46,0.01,0.0,0.0,0.94,0.46,0.0,1.1,1.42,1.37,0.0,0.05,0.34,0.0,0.26,0.32,0.0,1.0,1.0,0.0,0.0,1.0,0.0,0.0,1.0,1.0,1.0,0.0,0.0,1.0,0.0,0.0,0.0,0.0,0.0
17JEASUW0zI,0.0,0.975,1.46,0.0,0.0,1.22,0.72,0.08,0.0,0.86,2.55,1.96,0.0,0.0,1.0,0.0,2.21,0.0,0.0,0.0,1.0,0.0,1.0,0.0,1.0,1.0,1.0,1.0,1.0,1.0,0.0,1.0,0.0,1.0,0.0,0.0,0.0
18Iluqov9Xk,0.5,0.975,0.04,0.05,0.385,0.0,0.0,0.105,0.08,0.92,0.295,0.365,0.265,0.22,0.0,0.035,0.06,0.205,0.84,1.0,1.0,0.5,0.5,0.0,0.0,0.0,0.0,0.0,0.0,0.5,0.5,0.0,0.5,0.0,0.5,0.0,1.0
18oXZbC_RYI,1.0,0.9416666666666668,0.6699999999999999,0.25333333333333335,0.5833333333333334,1.9233333333333331,0.0,0.0,0.11333333333333334,0.37333333333333335,0.0,0.06666666666666667,0.13666666666666666,0.65,0.0,0.08666666666666667,0.4433333333333333,0.5399999999999999,0.0,0.6666666666666666,0.0,1.0,0.6666666666666666,0.0,0.0,0.3333333333333333,0.3333333333333333,0.0,0.3333333333333333,0.3333333333333333,0.3333333333333333,0.0,0.6666666666666666,0.6666666666666666,0.6666666666666666,0.6666666666666666,0.0
196oXdYgBEs,1.0,0.9583333333333334,0.6,0.35000000000000003,0.43999999999999995,0.15333333333333335,0.45999999999999996,1.0266666666666666,0.6333333333333333,0.4366666666666667,0.47333333333333333,1.29,0.7366666666666667,0.5300000000000001,1.0366666666666668,0.5966666666666667,0.3233333333333333,0.18333333333333335,0.16333333333333333,0.6666666666666666,0.6666666666666666,0.6666666666666666,0.6666666666666666,0.6666666666666666,0.3333333333333333,0.6666666666666666,0.3333333333333333,0.0,0.6666666666666666,0.6666666666666666,1.0,0.6666666666666666,0.3333333333333333,0.3333333333333333,0.0,1.0,0.3333333333333333
1C753eMNsKg,1.0,0.5833333333333334,0.27666666666666667,0.0,0.09333333333333334,0.4566666666666667,0.0,0.8366666666666666,0.02666666666666667,0.016666666666666666,0.12666666666666668,0.13666666666666666,0.26666666666666666,0.0,0.37000000000000005,0.16,0.12,0.5333333333333333,0.7133333333333334,0.6666666666666666,0.6666666666666666,0.6666666666666666,0.3333333333333333,0.3333333333333333,0.6666666666666666,0.3333333333333333,0.0,0.0,1.0,0.3333333333333333,0.3333333333333333,1.0,0.6666666666666666,0.6666666666666666,0.3333333333333333,0.0,0.6666666666666666
1Ccsgr9T69Q,0.5,0.975,0.5,0.0,0.30000000000000004,0.085,0.7050000000000001,0.115,0.565,0.34,0.61,1.425,0.17,0.0,0.0,0.7,0.745,1.35,0.035,1.0,1.0,0.5,0.5,0.0,0.0,1.0,0.5,0.0,1.0,1.0,0.0,1.0,1.0,0.5,0.0,0.0,0.5
1D9m0RkEwTg,0.5,0.975,0.9950000000000001,0.29,0.0,0.345,1.545,1.235,0.395,1.1150000000000002,1.73,0.64,0.0,0.0,0.34,0.185,0.835,0.0,0.0,1.0,1.0,0.0,0.5,1.0,0.0,0.5,1.0,1.0,0.5,0.0,0.0,1.0,0.5,0.5,0.0,0.5,0.0
1FJE4khqN8c,0.0,0.875,0.13,0.43,1.33,2.47,0.62,1.38,1.97,0.0,0.0,0.0,1.77,0.0,0.16,0.0,2.28,0.0,0.0,0.0,0.0,1.0,1.0,1.0,1.0,1.0,0.0,0.0,0.0,1.0,0.0,0.0,0.0,1.0,1.0,1.0,0.0
1GHM1QQDSrI,2.0,0.55,0.748,0.554,0.146,0.8959999999999999,0.21200000000000002,0.79,0.892,0.7,0.07,0.31399999999999995,1.556,0.594,0.134,1.3539999999999999,0.5199999999999999,0.296,0.156,0.8,1.0,0.2,0.4,0.0,0.2,0.2,0.4,0.0,0.0,0.8,0.4,0.2,0.4,0.4,0.4,0.8,0.0
1HEOo6a91yY,0.0,0.975,1.16,0.82,0.0,0.55,0.11,0.35,0.0,0.59,0.23,0.0,0.0,0.0,0.0,0.0,2.16,0.38,0.31,1.0,1.0,0.0,1.0,1.0,1.0,1.0,1.0,0.0,0.0,0.0,0.0,1.0,0.0,1.0,1.0,1.0,1.0
1Kgct3YJoJU,0.5,0.975,0.12,0.0,0.025,0.0,2.2399999999999998,2.34,0.535,2.1399999999999997,2.45,1.2,0.555,0.0,0.7949999999999999,0.0,1.815,0.0,0.0,0.0,0.0,0.0,0.0,1.0,1.0,1.0,1.0,1.0,0.5,0.5,0.0,0.0,0.0,0.5,0.0,0.0,0.0
1MCRXw7u1qs,0.5,0.975,1.355,0.885,0.0,2.08,1.185,1.025,0.0,1.3150000000000002,1.665,0.865,0.04,0.0,0.0,0.095,2.565,0.5,0.035,1.0,1.0,0.0,0.5,0.5,0.5,0.0,1.0,0.5,0.5,0.5,0.0,0.0,0.0,1.0,0.5,0.5,0.5
1QHRFZwKSMw,2.5,0.6166666666666667,0.8300000000000001,0.6683333333333333,1.1033333333333333,1.0116666666666667,0.4266666666666667,1.2149999999999999,0.2933333333333333,1.3783333333333332,0.48666666666666664,0.6216666666666667,0.40166666666666667,0.4066666666666667,0.2966666666666667,0.06166666666666667,1.4733333333333334,0.5083333333333334,0.37833333333333335,0.8333333333333334,0.6666666666666666,0.8333333333333334,0.16666666666666666,0.3333333333333333,0.5,0.16666666666666666,1.0,0.16666666666666666,0.5,0.5,0.16666666666666666,0.3333333333333333,0.16666666666666666,0.6666666666666666,0.5,0.3333333333333333,0.3333333333333333
1REnqKrSTls,2.5,0.9166666666666666,0.8966666666666666,0.6333333333333333,0.4983333333333333,0.9466666666666667,0.24666666666666667,0.7333333333333334,0.36166666666666664,0.33,0.043333333333333335,0.17833333333333334,0.515,0.375,0.3416666666666666,0.3333333333333333,0.6416666666666667,0.2916666666666667,0.12166666666666666,0.6666666666666666,0.6666666666666666,0.6666666666666666,0.3333333333333333,0.3333333333333333,0.3333333333333333,0.3333333333333333,0.3333333333333333,0.3333333333333333,0.5,0.8333333333333334,0.3333333333333333,0.6666666666666666,0.3333333333333333,0.3333333333333333,0.16666666666666666,0.0,0.3333333333333333
1Ucsm6J24Us,0.0,0.975,0.0,0.0,0.89,0.0,3.49,3.34,0.69,2.65,2.96,2.13,0.0,0.0,0.1,0.23,2.27,0.38,0.05,0.0,0.0,0.0,0.0,1.0,1.0,1.0,1.0,1.0,1.0,0.0,0.0,0.0,0.0,1.0,0.0,0.0,1.0
1aZ4UYjlHEA,0.5,0.975,1.48,1.26,0.315,1.68,1.4500000000000002,0.47500000000000003,0.025,1.605,1.775,1.185,0.805,0.06,0.345,0.005,2.86,0.985,0.12,1.0,1.0,0.0,1.0,1.0,0.5,0.0,1.0,1.0,0.5,1.0,0.0,0.0,0.5,1.0,1.0,0.0,0.0
1e0Aed3Xx2c,2.5,0.9166666666666666,0.39166666666666666,0.29333333333333333,0.535,0.9566666666666667,0.37999999999999995,0.87,0.5066666666666667,0.6216666666666667,0.45999999999999996,0.5850000000000001,0.3466666666666667,0.4716666666666667,0.29833333333333334,0.25333333333333335,0.375,0.945,0.13833333333333334,0.3333333333333333,0.6666666666666666,0.16666666666666666,0.5,0.3333333333333333,0.6666666666666666,0.3333333333333333,0.3333333333333333,0.5,0.5,0.6666666666666666,0.16666666666666666,0.3333333333333333,0.5,0.6666666666666666,0.8333333333333334,0.3333333333333333,0.3333333333333333
1o_Zw6LbLnU,3.0,0.7964285714285715,0.767142857142857,0.44428571428571434,0.1285714285714286,0.7028571428571428,0.1757142857142857,0.13,0.0,0.6228571428571428,0.4414285714285714,0.054285714285714284,0.27285714285714285,0.41000000000000003,0.0,0.07428571428571429,0.32571428571428573,0.37714285714285717,0.004285714285714286,0.8571428571428571,0.8571428571428571,0.0,0.5714285714285714,0.14285714285714285,0.14285714285714285,0.0,0.42857142857142855,0.2857142857142857,0.14285714285714285,0.2857142857142857,0.14285714285714285,0.14285714285714285,0.14285714285714285,0.42857142857142855,0.14285714285714285,0.7142857142857143,0.2857142857142857
1qa9wW9Qghs,0.5,0.975,1.34,0.0,0.32499999999999996,0.0,1.56,1.595,1.48,1.705,1.85,1.975,0.42000000000000004,0.0,0.8400000000000001,0.05,1.8599999999999999,0.22500000000000003,0.09,0.5,0.0,0.5,0.0,1.0,0.5,1.0,1.0,1.0,1.0,1.0,0.0,0.5,0.5,1.0,1.0,0.0,0.5
1qe4A4gGhIA,0.5,0.975,0.84,0.065,1.255,0.165,0.925,1.905,0.815,1.695,1.37,0.76,0.035,0.34,0.72,0.25,0.92,0.185,0.085,1.0,1.0,1.0,0.5,0.5,0.5,1.0,1.0,1.0,1.0,1.0,1.0,0.5,1.0,1.0,0.5,0.5,0.0
1qvAJGZYr3E,0.5,0.975,0.485,0.665,0.0,1.135,0.275,0.0,0.0,0.325,1.36,0.98,0.36,0.0,0.385,0.0,0.475,0.16,0.0,1.0,1.0,0.0,1.0,0.0,0.0,0.0,0.5,0.5,1.0,0.5,0.0,0.0,0.0,0.0,0.5,0.5,0.5
1rlXGI3NnTU,1.0,0.975,0.8966666666666666,0.5599999999999999,0.27666666666666667,1.7733333333333334,0.0,0.08666666666666667,0.14333333333333334,0.33666666666666667,0.13333333333333333,0.25,0.5933333333333334,0.2966666666666667,0.39666666666666667,0.20666666666666667,0.2833333333333333,0.4266666666666666,0.0,0.6666666666666666,0.3333333333333333,0.3333333333333333,0.6666666666666666,0.0,0.0,0.0,0.0,0.0,0.3333333333333333,1.0,0.3333333333333333,0.3333333333333333,0.0,0.0,0.6666666666666666,0.3333333333333333,0.3333333333333333
20SwObTtOB8,1.0,0.5750000000000001,1.1966666666666665,0.14666666666666667,0.8733333333333334,0.5033333333333333,0.36000000000000004,0.0,0.7666666666666666,1.04,0.49,0.16333333333333333,0.5166666666666667,0.33,1.06,0.22333333333333336,0.7666666666666666,0.0,0.06,1.0,1.0,0.3333333333333333,0.0,0.3333333333333333,0.0,1.0,1.0,0.6666666666666666,0.0,0.3333333333333333,0.6666666666666666,0.6666666666666666,0.3333333333333333,1.0,0.0,0.3333333333333333,0.0
227xidPFDng,1.0,0.9249999999999999,1.8099999999999998,1.01,0.29000000000000004,1.1233333333333333,0.45999999999999996,0.05000000000000001,0.47333333333333333,1.4100000000000001,1.03,0.9966666666666666,0.8966666666666666,0.45333333333333337,0.13999999999999999,0.043333333333333335,1.1266666666666667,0.7400000000000001,0.0,1.0,1.0,0.3333333333333333,0.6666666666666666,0.3333333333333333,0.6666666666666666,0.3333333333333333,1.0,0.3333333333333333,0.3333333333333333,1.0,0.3333333333333333,0.3333333333333333,0.0,0.6666666666666666,0.6666666666666666,0.3333333333333333,0.0
23GYjckuz9E,0.0,0.975,0.23,0.2,0.0,2.71,0.32,1.15,0.0,0.22,0.35,0.15,0.2,0.0,0.07,0.0,1.59,0.0,0.0,0.0,0.0,0.0,1.0,1.0,0.0,0.0,1.0,1.0,0.0,1.0,0.0,0.0,0.0,1.0,0.0,1.0,0.0
23L8K7nOG_c,0.0,0.975,0.31,0.0,0.46,0.28,1.42,3.06,0.19,1.36,0.51,0.51,0.0,0.0,0.27,0.0,1.97,0.0,0.78,1.0,0.0,0.0,0.0,1.0,1.0,0.0,1.0,1.0,1.0,0.0,0.0,0.0,0.0,1.0,0.0,0.0,1.0
23cDngtz2Mo,0.5,0.95,0.0,0.615,0.0,0.0,0.025,0.04,0.02,0.29,0.3,0.5549999999999999,0.19,0.73,0.23,0.02,0.41,0.63,1.92,0.0,1.0,0.5,0.0,0.0,0.0,0.0,0.0,0.0,0.5,0.0,0.5,0.5,0.0,0.5,0.5,0.0,1.0
255FPlIIomg,0.5,0.4,0.475,0.0,0.695,1.035,0.115,0.9450000000000001,1.02,0.04,0.0,0.06,0.8300000000000001,0.63,0.71,0.14,0.0,0.0,0.04,1.0,1.0,0.0,0.5,0.0,0.5,0.5,0.0,0.0,0.5,0.5,0.5,0.5,0.0,0.0,0.0,0.5,0.0
27DfJdlizR8,1.0,0.6583333333333333,0.8066666666666666,0.6466666666666666,0.16666666666666666,0.48333333333333334,0.35000000000000003,1.4033333333333333,0.42,0.7933333333333333,0.65,0.13333333333333333,0.7533333333333333,0.46,0.5366666666666666,0.48333333333333334,0.06999999999999999,0.89,0.0,1.0,1.0,0.3333333333333333,0.3333333333333333,0.3333333333333333,1.0,0.0,0.3333333333333333,0.3333333333333333,0.3333333333333333,1.0,0.3333333333333333,0.3333333333333333,0.6666666666666666,0.0,0.6666666666666666,0.6666666666666666,0.0
27yofdZnH9s,0.5,0.975,2.06,1.035,0.155,0.8,0.8200000000000001,1.3800000000000001,0.02,2.325,1.6600000000000001,0.655,0.58,0.0,0.72,0.0,1.94,0.04,0.13,1.0,1.0,0.5,0.0,0.5,1.0,0.0,0.5,0.5,0.0,0.5,0.0,0.0,0.0,0.5,0.0,0.0,0.0
28K1KJwvuBI,0.0,0.025,1.36,1.44,1.59,0.29,1.96,0.78,0.0,1.38,2.57,2.57,0.0,0.0,0.0,0.37,2.02,0.0,0.0,1.0,0.0,1.0,0.0,1.0,0.0,0.0,0.0,1.0,1.0,1.0,0.0,0.0,0.0,1.0,0.0,0.0,0.0
2DBEblhgaJk,1.0,0.975,0.9966666666666667,1.0866666666666667,0.30333333333333334,2.0500000000000003,1.2166666666666666,0.7166666666666667,0.09333333333333334,1.9033333333333333,2.08,1.0566666666666666,0.05666666666666667,0.12,0.0,0.12,2.02,0.6466666666666666,0.17333333333333334,1.0,0.6666666666666666,0.0,0.6666666666666666,0.6666666666666666,0.3333333333333333,0.0,0.6666666666666666,1.0,0.6666666666666666,0.3333333333333333,0.0,0.0,0.0,1.0,0.6666666666666666,0.0,0.3333333333333333
2DIqmd6yQBY,0.5,0.025,0.81,0.43,0.615,2.19,0.22,0.145,0.33,0.46499999999999997,0.025,1.27,1.01,0.67,0.255,0.17,0.325,0.685,0.43,0.5,1.0,0.5,0.5,0.0,0.5,0.0,0.0,0.5,1.0,0.5,0.5,0.5,0.0,0.0,0.5,1.0,0.0
2D_v3mrBmGI,0.5,0.975,0.7150000000000001,0.0,0.885,0.06,0.46499999999999997,0.725,1.24,0.675,0.0,0.655,1.125,0.605,0.8,0.1,0.185,0.575,0.0,1.0,0.0,1.0,0.5,1.0,0.5,1.0,0.5,0.0,1.0,1.0,1.0,0.5,0.5,0.5,0.5,0.0,0.5
2E-52BubRvM,1.0,0.9249999999999999,0.31666666666666665,0.13666666666666666,0.31666666666666665,0.016666666666666666,0.18000000000000002,0.16,0.0,0.7566666666666665,0.6266666666666666,0.84,0.5633333333333334,0.4266666666666667,1.24,0.0,0.15,0.0,0.7433333333333333,0.6666666666666666,0.6666666666666666,0.0,0.3333333333333333,0.0,0.3333333333333333,0.0,0.3333333333333333,0.3333333333333333,0.3333333333333333,0.6666666666666666,0.3333333333333333,1.0,0.0,0.0,0.0,0.6666666666666666,0.3333333333333333
2Emt_xXktmI,0.5,0.975,0.7200000000000001,0.33,0.0,0.0,0.455,0.755,0.53,0.7899999999999999,1.3050000000000002,0.395,0.0,0.0,0.0,0.0,1.245,0.005,0.735,0.5,1.0,0.5,0.5,0.5,0.0,0.5,1.0,1.0,0.5,1.0,0.0,0.0,0.0,0.5,0.5,0.0,0.5
2FHnLyeuvt0,0.0,0.975,1.16,0.05,0.0,0.26,1.9,2.57,0.58,0.58,1.71,0.89,0.0,0.24,1.5,0.29,1.69,0.88,0.0,1.0,0.0,0.0,0.0,1.0,1.0,0.0,1.0,1.0,1.0,0.0,0.0,1.0,1.0,1.0,1.0,0.0,0.0
2G4w9gH8iEs,3.5,0.5875,0.48624999999999996,0.2175,0.20625000000000002,0.12125,0.53375,0.66,0.1975,0.7474999999999999,0.9775,0.6062500000000001,0.18000000000000002,0.185,0.3175,0.20375,0.515,0.37749999999999995,0.1725,0.625,1.0,0.25,0.25,0.375,0.5,0.5,0.625,0.625,0.5,0.5,0.25,0.5,0.25,0.375,0.375,0.25,0.125
2GS8wQxCC9M,2.0,0.5650000000000001,0.304,0.0,1.032,0.0,0.8639999999999999,1.27,0.438,0.484,1.1199999999999999,0.768,0.40800000000000003,0.51,0.406,0.366,0.8240000000000001,0.45999999999999996,0.076,0.4,0.4,0.6,0.0,0.4,0.6,0.6,0.6,0.6,0.8,0.4,0.4,0.4,0.4,0.2,0.2,0.4,0.4
2HpGUdqGwdc,0.0,0.975,1.44,0.0,0.0,1.41,0.0,0.0,0.0,0.0,0.45,0.38,0.68,0.0,1.2,0.0,0.54,0.0,0.48,1.0,1.0,0.0,1.0,0.0,0.0,0.0,1.0,1.0,1.0,1.0,0.0,1.0,0.0,1.0,0.0,1.0,1.0
2IhEU5rzUOE,0.5,0.95,0.03,0.3,0.6950000000000001,0.0,0.815,0.715,0.40499999999999997,1.2349999999999999,0.995,0.765,0.43,0.755,0.2,0.0,0.57,0.48,1.4500000000000002,0.5,0.5,1.0,0.0,0.5,1.0,0.5,1.0,0.5,0.5,1.0,0.5,0.0,0.0,0.5,0.5,0.5,0.5
2JF7m9fNMBo,0.0,0.975,0.59,0.41,0.0,1.44,0.69,0.06,0.0,0.0,0.4,0.54,0.0,0.0,0.13,0.17,0.14,0.1,0.0,1.0,1.0,0.0,1.0,0.0,0.0,0.0,0.0,0.0,1.0,0.0,0.0,1.0,0.0,0.0,0.0,0.0,0.0
2MJvug6QOgA,0.0,0.975,1.82,1.57,0.08,0.92,0.96,0.64,0.0,1.92,1.82,0.9,0.02,0.0,0.21,0.0,2.88,1.25,0.0,1.0,1.0,0.0,1.0,1.0,1.0,0.0,1.0,1.0,1.0,1.0,0.0,0.0,0.0,1.0,1.0,0.0,0.0
2OT5Pcl4iF0,0.5,0.925,1.19,2.0599999999999996,0.27,1.77,0.195,0.0,0.0,0.415,0.0,0.395,0.67,0.21,0.0,0.0,1.74,2.1950000000000003,0.0,1.0,1.0,0.0,1.0,0.0,0.0,0.0,0.0,0.0,0.5,1.0,0.0,0.0,0.0,1.0,1.0,0.0,0.0
2Ol8aJTPEl4,0.5,0.95,0.715,0.885,0.0,0.65,2.0549999999999997,1.9050000000000002,0.52,2.355,2.9299999999999997,0.705,0.0,0.0,0.95,0.0,3.66,1.7149999999999999,0.6,1.0,1.0,0.0,0.5,1.0,0.5,0.5,1.0,1.0,0.5,1.0,0.0,0.5,0.0,1.0,1.0,0.0,0.5
2Pn0MNwUjM0,1.0,0.9583333333333334,0.0,0.0,0.0033333333333333335,0.0,2.3833333333333333,1.89,0.043333333333333335,0.8733333333333334,2.2399999999999998,1.1733333333333333,0.04666666666666667,0.0,0.6333333333333333,0.09333333333333334,1.5666666666666667,0.0,0.07666666666666667,0.0,0.0,0.0,0.3333333333333333,1.0,0.6666666666666666,0.3333333333333333,1.0,1.0,1.0,0.0,0.0,0.6666666666666666,0.3333333333333333,1.0,0.0,0.0,0.0
2TETrMU1Q3I,0.5,0.925,1.52,0.0,1.165,2.025,1.105,0.755,0.6100000000000001,1.815,1.48,1.685,0.295,0.415,1.24,0.1,0.505,0.0,0.65,1.0,1.0,0.5,1.0,0.5,0.5,0.5,1.0,0.5,1.0,1.0,0.5,0.5,0.0,0.5,0.0,0.5,0.5
2TghJw4IZZ0,1.0,0.9583333333333334,0.9333333333333335,1.0233333333333332,0.03,0.8133333333333334,0.31666666666666665,0.0,0.52,0.5,0.29,0.19333333333333333,0.2733333333333334,0.94,0.7766666666666667,0.0,0.24333333333333332,0.87,0.18333333333333335,0.3333333333333333,0.6666666666666666,0.0,0.6666666666666666,0.3333333333333333,0.3333333333333333,0.3333333333333333,0.6666666666666666,0.3333333333333333,0.3333333333333333,1.0,1.0,0.6666666666666666,0.0,0.0,0.6666666666666666,0.3333333333333333,0.3333333333333333
2TkGKRUcH9M,1.5,0.975,1.12,0.155,0.41500000000000004,0.045,1.54,0.685,0.7575,0.8275,1.9025,1.0325,0.13,0.0,0.59,0.34249999999999997,0.9525,0.1275,0.0,0.25,0.75,0.25,0.0,0.75,0.5,1.0,1.0,1.0,1.0,0.5,0.0,0.75,0.75,0.75,0.5,0.25,0.0
2TmagN6RhkI,1.0,0.9583333333333334,0.38666666666666666,0.3933333333333333,0.3133333333333333,0.20333333333333334,0.0,0.7133333333333333,0.09000000000000001,0.043333333333333335,0.08666666666666667,0.0,0.6933333333333334,0.0,0.11333333333333334,0.0,0.5066666666666667,0.66,0.38666666666666666,0.6666666666666666,0.6666666666666666,0.3333333333333333,0.0,0.0,0.3333333333333333,0.0,0.0,0.0,0.0,0.6666666666666666,0.0,0.6666666666666666,0.0,1.0,0.6666666666666666,0.0,1.0
2cSj4R5OqN0,0.5,0.85,0.79,0.0,0.64,0.0,1.7850000000000001,1.825,0.68,2.165,2.515,0.02,0.445,0.22,0.73,0.315,1.395,0.43499999999999994,0.135,0.5,1.0,0.5,0.0,0.5,0.5,0.5,1.0,1.0,0.5,0.5,0.0,0.0,0.5,0.5,0.5,0.0,0.0
2cXlM4qr8Lw,0.0,0.975,0.04,0.0,1.7,0.85,2.33,2.54,1.25,1.89,2.24,1.87,0.86,0.33,0.0,1.0,0.0,0.0,0.0,1.0,0.0,1.0,1.0,1.0,1.0,1.0,1.0,1.0,1.0,1.0,0.0,1.0,1.0,0.0,0.0,1.0,0.0
2cj-ZOqXn0s,0.0,0.975,1.08,0.0,0.03,2.16,0.84,2.63,1.85,1.9,0.0,0.0,2.51,0.0,1.16,0.0,0.72,0.64,0.0,1.0,0.0,0.0,0.0,0.0,1.0,1.0,1.0,0.0,0.0,1.0,0.0,0.0,0.0,0.0,0.0,0.0,0.0
2g3Gu9cA_AU,0.0,0.975,0.0,0.0,0.0,0.11,0.01,0.25,1.31,0.71,0.65,0.57,0.31,0.0,0.0,0.0,0.84,0.0,0.72,0.0,0.0,0.0,0.0,0.0,0.0,1.0,0.0,1.0,1.0,0.0,0.0,0.0,0.0,1.0,1.0,0.0,1.0
2gDO3w-Zv5Q,1.0,0.9416666666666668,0.6966666666666667,0.48333333333333334,0.0,0.23666666666666666,0.7999999999999999,0.27,0.04,0.93,1.6466666666666667,1.7433333333333332,0.0,0.0,0.35333333333333333,0.0,1.0566666666666666,0.19666666666666666,0.33666666666666667,0.6666666666666666,0.6666666666666666,0.0,0.3333333333333333,0.3333333333333333,0.3333333333333333,0.0,0.6666666666666666,0.6666666666666666,1.0,0.0,0.0,0.3333333333333333,0.0,0.6666666666666666,0.3333333333333333,0.0,0.3333333333333333
2iPplpNHjTQ,0.0,0.975,1.78,1.11,0.0,0.0,1.3,0.0,0.0,1.56,2.46,2.28,0.0,0.26,0.41,0.12,0.51,0.0,0.0,1.0,1.0,0.0,0.0,0.0,0.0,0.0,1.0,1.0,1.0,0.0,0.0,0.0,0.0,0.0,1.0,0.0,0.0
2j_1TomiT9Q,1.5,0.95,0.3225,0.3975,0.6925,0.9225000000000001,1.2375,1.815,0.495,2.315,1.33,1.2025000000000001,0.305,0.1925,0.485,0.0775,2.105,0.515,0.52,1.0,0.5,0.5,0.5,1.0,1.0,0.75,1.0,0.5,1.0,0.5,0.25,0.25,0.0,1.0,0.25,0.0,0.5
2l94S4_jMTY,1.0,0.6,0.5533333333333333,0.0,0.10333333333333333,1.2733333333333332,0.47333333333333333,1.6433333333333333,0.25,0.5033333333333333,0.6433333333333333,0.7233333333333333,0.5733333333333334,0.03666666666666667,0.7166666666666667,0.7000000000000001,0.82,0.7966666666666665,0.016666666666666666,0.6666666666666666,0.6666666666666666,0.3333333333333333,0.6666666666666666,0.3333333333333333,0.3333333333333333,0.0,0.3333333333333333,0.6666666666666666,0.0,1.0,0.0,0.3333333333333333,1.0,0.6666666666666666,0.6666666666666666,0.0,0.0
2lXdrSXl9Io,1.0,0.6583333333333333,0.71,0.0,0.0,0.7000000000000001,0.6433333333333333,0.2966666666666667,0.9933333333333333,0.8866666666666667,0.8466666666666667,0.59,1.79,0.3066666666666667,0.7966666666666667,1.78,0.8133333333333334,1.5099999999999998,0.15,1.0,1.0,0.0,1.0,0.3333333333333333,0.3333333333333333,0.0,0.6666666666666666,0.3333333333333333,0.3333333333333333,1.0,0.0,0.3333333333333333,0.3333333333333333,0.6666666666666666,0.0,0.6666666666666666,0.0
2n67uXYSG5c,0.5,0.975,2.245,2.655,0.32,0.545,0.0,0.045,0.0,0.075,0.0,0.0,1.205,0.01,0.555,0.0,1.705,0.355,1.3,1.0,1.0,0.0,0.5,0.0,0.0,0.0,0.0,0.0,0.0,1.0,0.0,0.0,0.0,1.0,1.0,0.0,1.0
2nb7W-iphsk,9.0,0.6789473684210526,0.48842105263157903,0.08,0.24421052631578952,0.35631578947368425,0.41210526315789475,0.6926315789473684,0.2621052631578948,0.865263157894737,0.9152631578947369,0.6710526315789473,0.2263157894736842,0.1336842105263158,0.1636842105263158,0.14578947368421052,0.6473684210526315,0.5468421052631579,0.09263157894736843,0.8421052631578947,0.7894736842105263,0.42105263157894735,0.5789473684210527,0.47368421052631576,0.5263157894736842,0.3684210526315789,0.6842105263157895,0.47368421052631576,0.5789473684210527,0.5789473684210527,0.2631578947368421,0.5263157894736842,0.3157894736842105,0.5789473684210527,0.42105263157894735,0.3157894736842105,0.42105263157894735
2ncOVB0wTtc,0.5,0.8,1.05,0.555,1.5150000000000001,1.25,0.98,1.24,0.535,1.505,0.805,0.32,1.715,0.0,0.0,0.3,1.7349999999999999,0.13,0.29,0.5,1.0,1.0,0.5,0.5,0.5,1.0,0.5,0.5,0.5,0.5,0.0,0.5,0.0,0.5,0.5,0.5,1.0
2pGWzr7QXtU,0.0,0.925,0.51,0.93,0.0,2.77,0.0,0.14,0.0,0.0,0.37,0.0,0.0,0.0,0.19,0.0,0.84,1.99,0.0,1.0,1.0,0.0,1.0,0.0,0.0,0.0,0.0,0.0,1.0,1.0,1.0,1.0,0.0,1.0,1.0,0.0,0.0
2qgmxrekr0g,6.0,0.8846153846153846,0.6161538461538462,0.1469230769230769,0.29,0.5523076923076923,0.04384615384615384,0.48307692307692307,0.17230769230769233,0.446923076923077,0.07,0.2792307692307692,0.28923076923076924,0.17307692307692307,0.24769230769230768,0.04384615384615384,0.08461538461538462,0.3961538461538462,0.09461538461538462,0.5384615384615384,0.6923076923076923,0.38461538461538464,0.6153846153846154,0.0,0.23076923076923078,0.3076923076923077,0.3076923076923077,0.07692307692307693,0.23076923076923078,0.5384615384615384,0.3076923076923077,0.6153846153846154,0.23076923076923078,0.3076923076923077,0.3076923076923077,0.38461538461538464,0.5384615384615384
2qqc_Mx3zuI,0.5,0.975,0.365,0.0,0.0,0.0,0.8400000000000001,0.655,0.0,0.725,2.275,0.625,0.305,0.0,0.18,0.0,1.065,0.53,0.505,0.5,1.0,0.5,0.0,1.0,0.0,0.5,1.0,1.0,1.0,0.5,0.0,0.5,0.5,1.0,0.5,0.0,1.0
2sZh5FtJRb8,0.5,0.675,0.655,0.525,0.0,0.745,0.125,0.0,0.625,0.925,0.995,0.165,0.405,1.225,0.07,0.0,0.27,0.615,0.08499999999999999,1.0,1.0,0.5,0.5,0.0,0.0,0.5,0.5,0.5,0.0,0.5,0.5,0.5,0.0,0.0,1.0,0.5,0.0
2sb7GzhpLBQ,0.0,0.025,1.08,0.43,0.32,1.24,0.0,0.0,0.0,0.91,0.0,0.0,1.83,0.41,0.04,0.0,0.07,0.0,0.0,0.0,1.0,0.0,1.0,0.0,0.0,0.0,0.0,0.0,0.0,1.0,0.0,0.0,0.0,1.0,0.0,0.0,0.0
2shoun41cW0,0.0,0.975,0.0,0.0,0.0,0.0,1.39,3.11,0.0,2.76,2.68,0.0,0.0,0.0,0.07,0.0,2.32,0.58,0.0,1.0,1.0,0.0,0.0,1.0,1.0,0.0,1.0,1.0,0.0,1.0,0.0,1.0,0.0,1.0,0.0,0.0,1.0
2v29gYhPgkI,0.5,0.925,0.355,0.0,0.0,0.045,1.5699999999999998,1.35,0.51,2.0,1.355,0.675,0.165,0.07,0.8300000000000001,0.0,0.5,0.355,0.315,0.5,0.0,0.5,1.0,1.0,0.5,0.5,1.0,1.0,1.0,0.0,0.0,1.0,0.0,1.0,0.0,0.5,0.5
2w7MEv0-yMs,0.0,0.025,0.89,0.0,0.35,0.0,0.42,0.53,0.85,0.72,0.16,1.5,0.29,1.28,0.0,0.25,0.0,0.62,0.0,1.0,1.0,1.0,1.0,1.0,1.0,0.0,1.0,1.0,1.0,1.0,1.0,0.0,0.0,0.0,1.0,1.0,0.0
2xLHVJNTjn4,0.0,0.975,2.35,2.96,0.0,1.15,0.0,0.0,0.0,0.0,0.0,0.21,0.13,0.0,0.0,0.0,1.53,0.85,0.33,1.0,1.0,0.0,0.0,0.0,0.0,0.0,0.0,0.0,0.0,1.0,0.0,0.0,0.0,1.0,1.0,0.0,0.0
2xzBWVrG27M,0.0,0.975,0.72,0.0,0.0,0.69,1.15,0.0,0.0,1.14,1.37,0.04,0.0,0.52,1.42,0.45,1.37,0.0,0.0,0.0,1.0,0.0,1.0,0.0,0.0,1.0,1.0,1.0,0.0,1.0,0.0,1.0,0.0,1.0,1.0,1.0,0.0
30NXj6O44r8,0.0,0.975,1.62,2.11,0.0,4.1,0.0,0.0,0.0,0.0,0.0,0.0,0.98,0.04,0.0,0.0,2.41,2.81,0.0,1.0,1.0,0.0,1.0,0.0,0.0,0.0,0.0,0.0,0.0,1.0,0.0,0.0,0.0,1.0,1.0,0.0,0.0
30f7VYKKd2s,0.0,0.975,0.0,0.0,0.0,0.0,2.34,2.42,0.0,1.46,3.07,0.89,0.0,0.0,0.0,0.0,3.38,0.21,0.27,0.0,0.0,0.0,1.0,1.0,0.0,0.0,1.0,1.0,1.0,0.0,0.0,0.0,0.0,1.0,1.0,0.0,0.0
32nRdJOPP-4,0.0,0.025,0.01,0.0,0.0,0.0,0.46,0.0,0.19,0.25,0.6,0.75,0.0,0.0,0.21,0.0,0.52,0.93,0.65,0.0,1.0,0.0,0.0,0.0,0.0,1.0,0.0,0.0,1.0,0.0,0.0,1.0,0.0,1.0,0.0,0.0,1.0
33Q14vlsZqo,0.5,0.975,1.2850000000000001,1.45,0.0,0.12,0.74,1.065,0.08,0.8799999999999999,0.95,0.49,0.065,0.435,0.0,0.055,1.595,1.87,0.415,1.0,1.0,0.5,0.5,0.5,0.5,0.0,0.5,0.5,0.5,0.5,0.5,0.0,0.0,0.5,1.0,0.0,0.5
34VMEMaI3vw,1.5,0.9625,1.6199999999999999,0.585,0.8725,0.9075,0.59,0.5575,0.325,0.9425,0.515,0.7625,0.45999999999999996,0.0375,0.42250000000000004,0.0,1.7575,0.865,0.0,1.0,0.75,0.25,0.5,0.75,0.25,0.5,0.75,0.25,0.5,1.0,0.25,0.25,0.25,1.0,0.75,0.25,0.25
35THbgakNBk,1.0,0.35000000000000003,1.0733333333333333,0.15333333333333335,1.596666666666667,1.1266666666666667,0.64,0.9933333333333333,0.24333333333333332,0.45333333333333337,1.17,0.48666666666666664,0.6233333333333334,0.3633333333333333,0.0,0.05333333333333334,0.7266666666666666,0.0,0.20666666666666667,0.6666666666666666,0.6666666666666666,1.0,0.3333333333333333,0.3333333333333333,0.3333333333333333,0.3333333333333333,0.6666666666666666,0.3333333333333333,0.3333333333333333,1.0,0.3333333333333333,0.3333333333333333,0.0,0.3333333333333333,0.0,0.0,0.6666666666666666
37rYKJfsYmo,3.0,0.7035714285714285,0.7257142857142858,0.17857142857142858,0.3914285714285714,0.39,1.3900000000000001,0.39,0.5857142857142856,2.1885714285714286,1.6342857142857141,0.6757142857142856,0.5085714285714286,0.0,0.21857142857142856,0.03,1.9057142857142857,1.002857142857143,0.7685714285714286,0.42857142857142855,0.5714285714285714,0.5714285714285714,0.2857142857142857,0.42857142857142855,0.42857142857142855,0.42857142857142855,0.8571428571428571,0.5714285714285714,0.8571428571428571,0.8571428571428571,0.0,0.42857142857142855,0.14285714285714285,0.8571428571428571,0.0,0.0,0.7142857142857143
39s28fwxQfM,0.5,0.9,0.8200000000000001,0.115,0.86,1.195,0.245,0.7949999999999999,0.545,0.445,0.81,0.06,0.22999999999999998,0.375,0.255,0.0,1.315,1.025,0.0,1.0,0.5,1.0,0.5,0.5,1.0,0.5,0.5,0.5,0.0,0.5,0.5,0.0,0.0,1.0,0.5,0.0,0.0
3B3unElpNwQ,0.0,0.975,1.44,1.77,0.0,1.04,0.0,0.62,0.0,0.0,0.0,0.0,0.75,2.01,0.0,0.0,0.0,0.0,0.0,1.0,1.0,0.0,1.0,0.0,1.0,0.0,0.0,0.0,0.0,1.0,1.0,0.0,0.0,0.0,0.0,1.0,0.0
3DJpy-yikrc,1.5,0.8625,0.8125,0.0575,0.8475,1.2025,0.37749999999999995,0.825,0.1425,1.0775000000000001,0.595,0.4425,0.8125,0.765,0.475,1.2325,0.675,0.685,0.25,0.75,0.75,0.5,0.75,0.0,0.75,0.0,0.25,0.5,0.5,0.75,0.5,0.0,0.5,0.5,0.5,0.5,0.25
3DUQ5TCoQyk,0.0,0.975,1.23,0.0,0.61,0.43,0.0,0.0,0.65,1.33,0.0,1.42,1.66,0.0,0.0,0.0,1.25,0.03,0.0,1.0,1.0,0.0,0.0,0.0,1.0,1.0,1.0,0.0,1.0,1.0,0.0,1.0,0.0,0.0,0.0,0.0,0.0
3F0lW3HehjE,0.0,0.975,2.51,2.93,0.0,3.09,0.0,0.0,0.0,0.0,0.0,0.0,0.0,0.0,0.0,0.0,0.48,0.73,0.0,1.0,1.0,0.0,1.0,0.0,0.0,0.0,0.0,0.0,0.0,0.0,0.0,0.0,0.0,0.0,0.0,0.0,0.0
3GfHcEvWfIo,1.0,0.975,0.19666666666666666,0.07333333333333333,0.18999999999999997,0.013333333333333334,0.6233333333333333,1.4433333333333334,0.13999999999999999,0.47,0.7466666666666666,0.6666666666666666,0.16666666666666666,0.0,0.24666666666666667,0.0,2.2333333333333334,1.3633333333333333,0.03333333333333333,0.6666666666666666,0.3333333333333333,0.0,0.0,0.6666666666666666,1.0,0.3333333333333333,0.6666666666666666,0.3333333333333333,0.6666666666666666,0.0,0.0,0.3333333333333333,0.0,1.0,1.0,0.0,0.6666666666666666
3GkauoR2xgE,4.0,0.7361111111111112,0.40222222222222226,0.03666666666666667,0.17222222222222222,0.1711111111111111,1.1844444444444444,1.1055555555555554,0.35,0.9622222222222222,1.5811111111111111,0.9188888888888889,0.24333333333333332,0.08444444444444443,0.7077777777777778,0.0811111111111111,1.3766666666666667,0.5988888888888889,1.0577777777777777,0.4444444444444444,0.5555555555555556,0.2222222222222222,0.1111111111111111,0.7777777777777778,0.5555555555555556,0.3333333333333333,0.8888888888888888,0.8888888888888888,0.6666666666666666,0.4444444444444444,0.1111111111111111,0.5555555555555556,0.3333333333333333,0.6666666666666666,0.3333333333333333,0.2222222222222222,0.7777777777777778
3Lz2ntvDBFQ,1.0,0.975,0.37666666666666665,0.4166666666666667,0.03666666666666667,0.53,0.02666666666666667,0.13,0.16,0.39999999999999997,0.6666666666666666,0.12333333333333334,0.08333333333333333,0.0,0.16333333333333333,0.0,0.94,0.5299999999999999,0.33666666666666667,1.0,1.0,0.0,0.3333333333333333,0.0,0.0,0.3333333333333333,0.6666666666666666,1.0,1.0,0.6666666666666666,0.0,0.6666666666666666,0.0,0.6666666666666666,0.6666666666666666,0.0,0.3333333333333333
3NHSsHi3h0M,5.5,0.6208333333333333,0.49750000000000005,0.29,0.3441666666666667,0.4266666666666667,0.375,0.8108333333333334,0.265,0.39916666666666667,0.9516666666666667,0.9116666666666666,0.3216666666666667,0.23583333333333334,0.49666666666666665,0.26916666666666667,0.6183333333333333,0.3441666666666667,0.3075,0.5833333333333334,0.9166666666666666,0.08333333333333333,0.4166666666666667,0.5833333333333334,0.75,0.5,0.3333333333333333,0.5833333333333334,0.6666666666666666,0.5833333333333334,0.3333333333333333,0.5,0.3333333333333333,0.5833333333333334,0.25,0.16666666666666666,0.75
3QFkmOO9Tl8,1.5,0.9375,0.54,0.0,0.9225,0.5,0.9675,0.61,0.3725,1.435,1.4224999999999999,1.0675,0.0,0.01,0.4375,0.035,1.5775,0.7875,0.125,0.75,1.0,0.5,0.5,0.75,0.5,0.5,1.0,0.75,0.75,0.5,0.0,0.5,0.0,1.0,0.75,0.25,0.0
3Qfr55KRGgE,0.0,0.925,0.13,0.06,0.0,0.0,1.68,1.62,0.0,1.49,1.85,1.38,0.0,0.0,0.0,0.0,2.34,0.74,0.0,1.0,1.0,0.0,0.0,1.0,1.0,1.0,1.0,1.0,1.0,0.0,0.0,0.0,0.0,1.0,1.0,0.0,0.0
3TxugOC8su0,0.5,0.975,0.355,0.305,0.0,0.44,1.63,1.27,0.0,1.17,3.205,1.0350000000000001,0.0,0.0,0.0,0.0,2.265,0.0,0.0,0.5,1.0,0.0,0.5,1.0,1.0,0.0,1.0,1.0,1.0,0.0,0.0,0.0,0.0,1.0,0.0,0.0,0.0
3UI99FyrUc4,1.0,0.9416666666666668,0.7066666666666667,0.7933333333333333,0.26666666666666666,2.0,1.1733333333333331,0.9733333333333333,0.4066666666666667,1.6600000000000001,1.7233333333333334,1.36,0.06999999999999999,0.0,0.7699999999999999,0.11,2.3366666666666664,0.9266666666666666,0.7666666666666666,1.0,0.6666666666666666,0.3333333333333333,0.6666666666666666,0.6666666666666666,0.6666666666666666,0.6666666666666666,1.0,1.0,0.6666666666666666,0.3333333333333333,0.0,0.3333333333333333,0.3333333333333333,1.0,0.6666666666666666,0.0,0.6666666666666666
3_ms_C3ElA0,0.0,0.025,1.2,0.0,1.29,0.89,0.99,1.42,0.0,0.36,0.81,1.48,0.7,0.98,0.35,0.43,0.0,0.0,0.0,1.0,1.0,0.0,0.0,1.0,1.0,0.0,1.0,0.0,1.0,1.0,1.0,0.0,1.0,0.0,0.0,0.0,0.0
3b6lSIIqnUs,11.0,0.9097826086956522,0.2021739130434783,0.05652173913043478,0.18217391304347824,0.33826086956521734,1.2630434782608695,0.4143478260869566,0.8773913043478261,1.1452173913043477,1.387391304347826,0.6856521739130435,0.23652173913043475,0.10869565217391304,0.2682608695652174,0.039999999999999994,0.5582608695652174,0.22304347826086957,0.014347826086956523,0.8260869565217391,0.8695652173913043,0.043478260869565216,0.391304347826087,0.8695652173913043,0.6521739130434783,0.8260869565217391,0.9565217391304348,0.8260869565217391,0.7391304347826086,0.5217391304347826,0.13043478260869565,0.391304347826087,0.08695652173913043,0.7391304347826086,0.5217391304347826,0.21739130434782608,0.782608695652174
3bZp6Tauo5c,0.0,0.975,0.48,0.0,0.0,0.0,1.01,0.3,0.0,0.76,1.22,1.25,0.0,0.02,0.27,0.0,0.04,0.0,0.0,1.0,1.0,0.0,0.0,1.0,0.0,0.0,1.0,1.0,1.0,0.0,1.0,1.0,0.0,0.0,0.0,0.0,0.0
3eWmsTsgWkQ,0.5,0.925,0.965,0.865,0.26,2.175,0.545,0.9299999999999999,0.13,0.425,1.03,0.315,1.2,0.635,0.23,0.0,1.855,1.365,0.0,1.0,1.0,0.5,0.5,1.0,1.0,0.0,1.0,0.5,0.0,0.5,0.5,0.0,0.0,1.0,1.0,0.0,0.0
3fPIsGv3eik,0.0,0.975,1.89,1.67,0.0,1.75,2.29,1.46,0.0,2.32,3.39,1.67,0.0,0.0,1.07,0.01,2.81,0.33,0.0,1.0,1.0,0.0,0.0,1.0,1.0,0.0,1.0,1.0,1.0,0.0,0.0,0.0,0.0,1.0,0.0,0.0,0.0
3hc7N_uOHdw,0.5,0.975,0.02,0.2,0.005,0.0,2.015,0.98,0.5,2.04,2.62,1.595,0.085,0.0,0.325,0.17,3.495,0.755,1.85,0.0,0.5,0.0,0.0,1.0,1.0,0.5,1.0,1.0,1.0,0.0,0.0,0.0,0.5,1.0,1.0,0.0,1.0
3kftPeWMvLk,1.5,0.9,0.39,0.0,0.55,0.4425,0.265,1.455,0.5750000000000001,0.5725,0.0225,0.0875,0.3875,0.2025,0.1925,0.10750000000000001,0.3325,0.4425,0.08,0.25,0.5,0.5,0.25,0.0,0.5,0.75,0.5,0.0,0.25,0.5,0.25,0.75,0.25,0.25,0.5,0.25,0.0
3ksZkJHTlOc,2.0,0.7849999999999999,0.184,0.0,0.0,0.4,0.662,1.116,0.33,0.8099999999999999,0.5680000000000001,0.4779999999999999,0.434,0.026000000000000002,0.618,0.186,0.53,0.8039999999999999,0.248,0.4,0.6,0.2,0.2,0.8,0.4,0.2,0.8,0.8,0.6,0.6,0.0,0.4,0.4,1.0,0.4,0.2,0.4
3n1nspLgfd4,0.5,0.975,1.3699999999999999,1.07,0.32,1.3,0.0,0.0,0.0,0.33999999999999997,0.615,0.025,0.49,0.605,0.465,0.0,1.57,1.685,0.015,1.0,1.0,0.0,0.5,0.0,0.0,0.0,0.0,0.0,0.0,1.0,0.5,0.0,0.0,0.5,1.0,0.0,0.0
3oTOIi8ysLo,0.0,0.875,0.21,0.0,2.77,0.83,1.18,2.1,0.16,0.04,0.91,0.58,0.0,0.0,0.0,1.19,0.0,0.0,0.0,1.0,1.0,1.0,0.0,1.0,1.0,1.0,1.0,1.0,1.0,0.0,0.0,1.0,1.0,0.0,0.0,0.0,0.0
3rKffuFJYNk,0.0,0.975,1.17,0.5,0.45,0.0,0.41,1.07,0.09,0.23,0.42,0.82,0.92,0.0,0.0,0.0,0.81,0.03,0.0,1.0,1.0,0.0,1.0,1.0,1.0,1.0,1.0,0.0,1.0,1.0,0.0,0.0,0.0,1.0,0.0,0.0,0.0
3sNSRgq-4l8,0.5,0.975,1.22,0.0,0.855,1.22,0.205,0.0,0.185,0.72,0.215,0.23,0.38,0.27,0.0,0.0,0.26,0.03,0.08,1.0,0.5,1.0,0.0,0.0,0.5,0.5,0.0,0.0,0.0,0.5,0.0,0.0,0.0,0.5,0.0,0.5,0.0
3sVrbsvXWQ0,1.0,0.975,2.8166666666666664,1.5533333333333335,0.49,0.8633333333333334,0.03,0.0,0.15666666666666665,0.8766666666666666,0.35666666666666663,1.0333333333333334,0.18333333333333335,0.5366666666666667,0.0,0.0033333333333333335,0.4666666666666666,0.31,0.22666666666666668,1.0,0.6666666666666666,0.3333333333333333,0.6666666666666666,0.0,0.3333333333333333,0.3333333333333333,0.3333333333333333,0.0,0.6666666666666666,0.6666666666666666,0.3333333333333333,0.0,0.0,0.3333333333333333,0.6666666666666666,0.6666666666666666,0.3333333333333333
3tdQO7zvmcA,0.0,0.975,0.0,0.0,0.11,0.0,1.31,1.73,0.2,1.78,1.38,1.88,0.55,0.0,0.0,0.45,1.8,1.79,0.0,1.0,0.0,0.0,0.0,1.0,1.0,1.0,1.0,1.0,1.0,1.0,0.0,1.0,1.0,1.0,1.0,0.0,0.0
3uEH8rj5cw8,0.0,0.975,1.02,0.01,0.0,1.36,2.63,1.82,0.34,0.77,1.65,0.0,1.76,0.0,0.0,0.29,2.55,2.02,0.0,0.0,1.0,0.0,0.0,1.0,0.0,0.0,1.0,1.0,0.0,1.0,0.0,0.0,1.0,1.0,1.0,0.0,0.0
3uOf_FMbW54,0.0,0.975,1.28,0.42,0.0,0.04,0.0,0.0,0.0,0.0,0.39,0.0,0.0,0.0,0.67,0.0,0.0,0.0,0.0,1.0,1.0,0.0,1.0,0.0,0.0,0.0,0.0,1.0,0.0,0.0,0.0,1.0,0.0,0.0,0.0,0.0,0.0
3uSIf529AOg,0.5,0.5,0.74,0.09,3.215,0.48,0.33,0.595,0.47,0.51,0.055,0.9750000000000001,0.205,1.265,0.32,0.12,1.535,1.1,0.88,0.5,0.5,1.0,0.5,0.5,0.0,0.5,0.5,0.0,0.5,0.5,0.5,0.0,0.0,0.5,0.5,0.5,0.5
3vouclvykqE,0.5,0.975,0.48,0.635,0.485,0.0,0.595,0.775,0.88,1.51,0.38,0.13,1.14,0.355,0.21,0.0,0.845,1.175,0.9949999999999999,1.0,0.5,0.5,0.0,1.0,0.5,0.5,0.5,0.0,0.5,1.0,0.0,0.0,0.0,0.5,1.0,0.5,0.5
3wP6uF6KEU4,0.5,0.975,0.51,0.0,0.375,0.0,1.085,0.375,0.85,1.1400000000000001,1.21,2.57,0.09,0.16,1.475,0.0,0.99,0.5,0.13,0.5,0.0,0.0,0.0,1.0,0.5,0.5,1.0,0.5,1.0,0.5,0.0,0.5,0.5,1.0,0.5,0.0,0.5
3xy9jS1KwvY,0.0,0.975,0.11,0.22,0.83,0.0,0.0,1.17,0.0,0.0,0.0,0.0,0.3,0.48,0.0,0.0,0.64,2.34,0.87,1.0,0.0,1.0,0.0,0.0,1.0,0.0,0.0,0.0,0.0,0.0,1.0,0.0,0.0,1.0,1.0,0.0,1.0
3y0EwY-WGBQ,0.5,0.95,1.815,2.325,0.0,2.3,0.0,0.0,0.0,1.5250000000000001,0.825,0.0,0.48,0.635,0.475,0.0,0.32,0.075,0.0,1.0,1.0,0.0,1.0,0.0,0.0,0.0,0.5,0.5,0.0,0.5,0.5,0.0,0.0,0.0,0.5,0.0,0.0
401ZvQ11euA,0.0,0.975,2.22,2.17,0.0,0.07,0.72,2.1,0.92,1.65,0.66,0.19,1.06,0.0,0.76,0.0,1.51,1.96,0.96,1.0,1.0,0.0,0.0,0.0,0.0,0.0,1.0,1.0,0.0,1.0,0.0,1.0,0.0,1.0,1.0,0.0,1.0
41WyfyapTw0,1.0,0.9583333333333334,0.53,0.21333333333333335,0.47,0.006666666666666667,1.25,0.4033333333333333,0.22999999999999998,2.3233333333333333,1.0566666666666666,1.7733333333333334,0.37999999999999995,0.3466666666666667,1.3966666666666667,0.14,1.1433333333333333,0.34,0.8566666666666668,0.3333333333333333,0.3333333333333333,0.6666666666666666,0.0,0.6666666666666666,0.6666666666666666,0.3333333333333333,1.0,0.3333333333333333,0.6666666666666666,0.3333333333333333,0.3333333333333333,0.6666666666666666,0.3333333333333333,1.0,0.3333333333333333,0.3333333333333333,0.3333333333333333
42sibaGVjY8,1.5,0.9375,0.40249999999999997,0.0,0.10500000000000001,0.605,1.8250000000000002,1.7075,0.6275,1.0875,1.4225,1.7425,0.0,0.0,1.15,0.06,1.54,0.27,0.065,1.0,0.75,0.5,0.25,1.0,0.75,0.5,1.0,0.75,1.0,0.5,0.0,0.75,0.25,1.0,0.25,0.0,0.25
42t6Jk4JXrA,0.0,0.975,1.88,0.6,0.95,0.06,0.0,0.0,0.0,1.38,1.13,0.0,1.01,0.6,0.44,0.23,0.17,0.0,0.0,1.0,1.0,1.0,0.0,0.0,0.0,0.0,1.0,1.0,0.0,1.0,1.0,0.0,1.0,1.0,0.0,1.0,0.0
43SNx2y2Zt0,1.0,0.9083333333333333,0.03666666666666667,0.0,0.26333333333333336,0.24666666666666667,1.3033333333333335,1.1866666666666668,0.9066666666666666,0.6266666666666666,1.0166666666666666,1.97,0.54,0.5566666666666666,1.0666666666666667,0.22666666666666666,0.6233333333333334,0.8233333333333334,0.14333333333333334,0.6666666666666666,0.3333333333333333,0.6666666666666666,0.3333333333333333,0.6666666666666666,1.0,0.6666666666666666,0.6666666666666666,0.6666666666666666,1.0,0.6666666666666666,0.3333333333333333,1.0,0.6666666666666666,0.3333333333333333,0.6666666666666666,0.6666666666666666,0.6666666666666666
45MuxKYi-t0,2.5,0.775,1.0,0.8066666666666666,0.5416666666666666,1.3516666666666666,0.86,1.0633333333333332,0.36833333333333335,0.40499999999999997,1.1266666666666667,1.075,0.3833333333333333,0.2383333333333333,0.31,0.16833333333333333,1.5716666666666665,0.48666666666666664,0.23833333333333337,0.6666666666666666,0.8333333333333334,0.6666666666666666,0.3333333333333333,0.5,0.5,0.16666666666666666,0.5,0.6666666666666666,0.6666666666666666,0.5,0.3333333333333333,0.3333333333333333,0.3333333333333333,0.8333333333333334,0.3333333333333333,0.16666666666666666,0.5
45j2p4FEI_o,0.0,0.975,0.0,0.0,0.0,0.13,1.15,2.11,0.89,0.0,1.69,0.72,0.0,0.0,0.14,0.0,0.85,0.0,0.0,1.0,1.0,0.0,0.0,1.0,1.0,1.0,1.0,1.0,1.0,0.0,0.0,0.0,0.0,1.0,0.0,0.0,0.0
479RSxJ3Ml4,0.0,0.925,0.0,0.0,0.69,0.0,2.33,1.63,0.69,3.09,2.12,1.94,0.63,0.97,0.16,0.37,0.95,1.41,2.53,1.0,0.0,1.0,0.0,1.0,1.0,1.0,1.0,1.0,1.0,1.0,1.0,1.0,0.0,0.0,1.0,0.0,1.0
49-rTbR5bss,1.5,0.58125,1.3624999999999998,0.23,0.325,0.8425,0.245,0.65,0.1175,0.0025,0.33,0.01,0.7799999999999999,1.29,1.225,0.04,0.33,1.4175,0.0225,1.0,0.75,0.25,0.75,0.0,0.5,0.25,0.0,0.25,0.0,0.5,0.25,0.75,0.0,0.5,0.5,0.75,0.5
4CIjiNM_p6M,0.5,0.8,0.315,0.0,0.5,0.365,0.655,0.36,0.105,0.21,1.03,0.32,0.085,0.0,0.11,0.0,0.69,0.0,0.54,0.0,1.0,1.0,0.0,0.5,0.0,0.5,0.5,1.0,0.5,0.5,0.0,0.5,0.0,0.5,0.0,0.0,0.5
4DEqwJI-vdg,0.5,0.975,1.1099999999999999,0.535,0.8,0.325,1.6,1.2799999999999998,0.8200000000000001,1.575,2.07,0.6950000000000001,0.11,0.0,0.0,0.0,2.2800000000000002,0.79,0.0,1.0,0.5,0.5,0.5,1.0,0.5,0.5,1.0,1.0,0.5,0.5,0.0,0.0,0.0,1.0,1.0,0.0,0.5
4Fge8RG2zYU,1.5,0.975,0.39999999999999997,0.9225,0.0,1.4925,0.7325,0.6275,0.085,1.375,0.9025,1.035,0.16999999999999998,0.165,0.4625,0.1275,1.4849999999999999,0.735,0.1875,0.25,0.5,0.0,0.25,0.25,0.0,0.0,0.5,0.5,0.5,0.5,0.0,0.0,0.0,1.0,0.5,0.25,0.25
4JyhBkXMymo,0.0,0.975,0.44,0.26,0.0,1.01,0.0,0.32,0.05,1.47,0.0,0.0,1.37,0.75,0.0,0.72,0.72,2.83,0.25,0.0,1.0,0.0,0.0,0.0,0.0,0.0,0.0,0.0,0.0,1.0,0.0,1.0,0.0,0.0,1.0,1.0,1.0
4OSt6WQ2K8A,0.5,0.975,0.295,0.0,0.0,0.0,1.59,2.06,0.7749999999999999,1.4,1.675,0.8049999999999999,0.0,0.0,0.0,0.09,1.725,0.22,0.0,0.5,0.5,0.0,0.5,1.0,1.0,1.0,1.0,1.0,1.0,0.5,0.0,0.0,0.0,0.5,0.5,0.0,0.0
4OiOwDh5lKE,0.0,0.025,1.68,0.74,0.35,3.13,0.0,0.0,1.45,0.0,0.0,0.0,3.56,0.0,0.0,0.11,0.0,0.0,0.0,1.0,1.0,0.0,1.0,0.0,0.0,0.0,0.0,0.0,0.0,0.0,1.0,0.0,0.0,0.0,0.0,1.0,0.0
4QJa07djrLY,2.5,0.5750000000000001,1.115,0.4166666666666667,0.32166666666666666,1.7716666666666665,0.16666666666666666,0.055,0.06166666666666667,0.365,0.26833333333333337,0.4983333333333333,0.3933333333333333,0.5383333333333333,0.35000000000000003,0.17333333333333334,0.24333333333333337,0.5916666666666667,0.07333333333333333,0.6666666666666666,0.8333333333333334,0.16666666666666666,0.6666666666666666,0.0,0.16666666666666666,0.0,0.16666666666666666,0.16666666666666666,0.3333333333333333,0.8333333333333334,0.5,0.8333333333333334,0.3333333333333333,0.16666666666666666,0.3333333333333333,0.3333333333333333,0.0
4QMHfDx_LpM,0.5,0.925,1.15,0.09,0.655,0.95,0.0,1.1,0.31,0.61,0.0,0.0,0.375,0.0,0.0,0.0,0.9349999999999999,1.93,0.23,0.5,0.0,1.0,0.0,0.0,0.5,0.0,0.0,0.0,0.0,1.0,0.0,0.0,0.0,0.5,1.0,0.0,1.0
4SOtYIJpO3w,0.0,0.975,0.7,0.33,0.0,0.59,1.6,1.35,0.61,2.72,1.77,1.95,0.0,1.05,1.65,1.56,0.39,0.0,0.0,0.0,0.0,0.0,0.0,1.0,0.0,0.0,1.0,1.0,0.0,0.0,0.0,1.0,1.0,0.0,0.0,1.0,0.0
4WQ17A_DBWs,0.5,0.47500000000000003,0.54,0.01,0.0,0.925,0.88,1.6600000000000001,0.51,0.845,0.31,0.125,2.18,0.32,1.3499999999999999,0.495,0.84,1.715,0.0,1.0,1.0,0.0,0.5,1.0,0.5,0.5,0.5,0.0,0.0,1.0,0.0,1.0,0.5,0.5,0.5,0.0,0.0
4YxAhOFHLxs,0.0,0.975,1.57,0.03,0.39,2.01,1.38,1.45,0.0,0.73,1.05,0.0,0.04,0.06,0.18,0.04,0.0,0.0,0.0,1.0,1.0,0.0,0.0,1.0,1.0,0.0,1.0,1.0,1.0,0.0,1.0,1.0,0.0,0.0,0.0,0.0,0.0
4ZlCwZj90Jk,0.5,0.975,0.385,0.165,0.055,0.31,1.8250000000000002,1.2049999999999998,0.515,2.5549999999999997,2.325,0.67,0.21,0.0,0.075,0.0,1.705,0.0,0.445,1.0,0.5,0.0,0.0,1.0,1.0,0.5,1.0,1.0,0.5,1.0,0.0,0.0,0.0,1.0,0.5,0.0,1.0
4cCKve0dl3Y,0.5,0.975,0.75,0.43,0.605,0.675,0.565,0.515,0.52,1.05,0.325,0.33,0.0,0.04,0.0,0.215,0.285,0.24,0.185,0.5,0.5,0.0,0.5,0.5,0.5,0.0,1.0,0.0,0.0,0.5,0.0,0.0,0.0,0.0,0.0,0.0,0.5
4gZVxxSeAn0,0.5,0.975,0.85,0.7250000000000001,0.0,0.8250000000000001,0.86,0.885,0.6,1.7850000000000001,1.46,1.65,0.22499999999999998,0.0,0.64,0.0,2.18,0.37,0.385,1.0,1.0,0.5,0.5,0.5,1.0,0.5,0.5,0.5,0.5,1.0,0.0,0.0,0.0,0.5,0.5,0.5,0.5
4j_8rEyYEXw,0.0,0.975,0.0,0.03,0.25,0.16,0.32,0.77,0.0,0.0,0.0,0.34,0.33,0.85,0.76,0.0,0.0,0.82,0.58,0.0,1.0,1.0,0.0,0.0,0.0,0.0,0.0,0.0,1.0,0.0,0.0,1.0,0.0,0.0,0.0,0.0,0.0
4kXOQ2NOkxY,0.5,0.975,1.52,1.855,0.0,3.165,0.0,0.15,0.0,0.0,0.0,0.0,0.725,0.0,0.55,0.0,0.14,1.125,0.0,1.0,0.5,0.0,1.0,0.0,0.0,0.0,0.0,0.0,0.0,1.0,0.0,0.5,0.0,0.0,0.5,0.0,0.0
4l2eIDF9HZA,0.0,0.975,1.48,2.19,0.0,2.32,0.0,0.0,0.0,2.46,0.5,0.95,2.73,0.43,2.87,0.0,1.31,0.62,0.0,1.0,1.0,0.0,1.0,0.0,0.0,0.0,1.0,0.0,0.0,1.0,0.0,1.0,0.0,1.0,0.0,0.0,0.0
4tDgX4VizyU,0.5,0.95,0.73,0.0,0.04,0.0,1.875,3.6950000000000003,0.8700000000000001,0.695,1.05,0.46,2.5,0.37,0.42,0.13,2.205,0.105,0.355,0.5,0.0,0.5,0.0,1.0,1.0,0.5,0.5,0.5,0.5,0.5,0.5,0.5,1.0,1.0,0.5,0.5,0.5
4uooe-9JKLI,0.5,0.95,1.15,1.405,0.98,2.025,0.0,0.625,0.0,1.0299999999999998,0.37,0.765,0.455,0.0,0.0,0.15000000000000002,0.9750000000000001,0.9199999999999999,0.065,1.0,0.5,0.5,1.0,0.0,0.5,0.0,0.5,0.0,0.5,0.5,0.0,0.5,0.5,1.0,1.0,0.5,0.0
4zzhCbQE5iQ,0.5,0.975,0.8250000000000001,0.71,0.165,1.51,0.905,0.56,1.64,1.17,0.705,0.21,1.625,2.5,1.54,0.07,1.41,1.97,0.0,1.0,1.0,0.0,0.5,1.0,0.0,0.5,0.5,0.0,0.0,0.5,0.5,1.0,0.0,0.5,0.5,0.0,0.0
5-9kuktuMAY,2.0,0.545,0.528,0.46399999999999997,0.19,1.682,0.12,0.10800000000000001,0.022,0.098,0.202,0.0,0.8879999999999999,0.32999999999999996,0.43600000000000005,0.148,0.178,0.05800000000000001,0.1,1.0,1.0,0.4,0.4,0.2,0.4,0.2,0.4,0.4,0.2,1.0,0.2,0.4,0.2,0.8,0.6,0.4,0.4
5-DQpJj2j9s,0.0,0.875,0.85,0.33,0.0,1.3,0.18,0.37,0.85,0.0,0.0,0.0,0.73,2.83,0.0,1.73,0.0,2.02,0.0,0.0,0.0,0.0,1.0,0.0,1.0,0.0,0.0,0.0,0.0,1.0,1.0,0.0,1.0,0.0,1.0,1.0,0.0
5-nceCopalU,0.5,0.47500000000000003,0.94,0.86,0.06,1.655,0.0,0.045,0.0,0.785,0.0,0.0,0.665,0.38,0.0,0.0,0.555,2.555,0.0,1.0,1.0,0.0,0.5,0.0,0.5,0.0,0.0,0.0,0.0,0.5,0.5,0.0,0.0,0.5,0.5,0.5,0.0
50pNiKZZwUM,0.5,0.925,0.41500000000000004,0.0,0.325,0.0,0.765,1.17,1.145,0.7450000000000001,0.385,1.965,0.515,1.04,1.21,0.04,0.5900000000000001,0.765,0.095,1.0,0.5,0.5,0.5,0.5,0.5,0.5,0.5,0.0,1.0,1.0,0.5,0.5,0.0,0.5,0.5,0.5,0.5
51WJrV0aKPs,3.5,0.696875,0.6425,0.4375,0.47750000000000004,0.6799999999999999,0.8562500000000001,0.55875,0.43875,1.01625,1.165,0.785,0.06,0.16499999999999998,0.11499999999999999,0.13375,0.83125,0.35,0.20750000000000002,0.625,0.875,0.25,0.25,0.25,0.375,0.625,0.75,0.625,0.625,0.75,0.375,0.5,0.375,0.75,0.5,0.125,0.5
53xojRfttn8,1.0,0.5916666666666667,0.3,0.049999999999999996,0.62,0.18333333333333335,0.42999999999999994,1.3733333333333333,0.31666666666666665,0.19999999999999998,0.2733333333333333,0.5566666666666666,0.8633333333333333,1.2433333333333334,0.25,0.25,0.0,0.2333333333333333,0.10666666666666667,0.6666666666666666,0.3333333333333333,1.0,0.0,0.3333333333333333,0.6666666666666666,0.0,0.3333333333333333,0.3333333333333333,0.3333333333333333,1.0,0.6666666666666666,0.6666666666666666,0.3333333333333333,0.0,0.0,0.3333333333333333,0.0
543Un3Rjabg,1.5,0.975,0.18,0.3725,0.185,1.51,0.0,0.12,0.1875,0.0825,0.1175,0.31,1.01,0.4625,0.0675,0.0275,0.1775,1.0675000000000001,0.10250000000000001,0.25,0.25,0.25,0.5,0.0,0.25,0.25,0.25,0.0,0.5,1.0,0.25,0.0,0.25,0.25,0.5,0.25,0.25
56_MEV8ClLg,1.5,0.9375,0.29750000000000004,0.0,0.14750000000000002,0.3825,1.3225,0.9375,0.385,1.5175,1.25,1.43,0.26749999999999996,0.13,0.4575,0.18250000000000002,0.9824999999999999,0.1375,0.035,0.25,0.25,0.0,0.25,0.75,0.75,0.5,1.0,1.0,1.0,0.75,0.0,0.5,0.75,1.0,0.25,0.0,0.25
57TY0y5zpe0,0.0,0.975,0.0,0.0,0.0,0.0,1.18,1.07,0.0,2.81,2.38,0.36,0.0,0.0,0.0,0.0,2.05,0.99,0.88,1.0,1.0,0.0,0.0,1.0,1.0,0.0,1.0,1.0,1.0,0.0,0.0,0.0,0.0,1.0,1.0,0.0,1.0
5ABdJMdZX_s,0.5,0.975,0.59,0.0,0.34,1.62,0.515,0.0,0.1,0.78,0.63,0.66,0.46499999999999997,0.805,0.23,0.0,0.615,1.21,0.27,0.5,1.0,0.5,0.5,0.5,0.0,0.5,1.0,0.5,0.5,0.5,0.5,0.5,0.5,0.5,1.0,0.5,0.0
5AxdLyBlvhw,1.5,0.9125,0.6375,0.3275,0.2375,0.6975,0.895,0.825,0.1125,1.52,1.4700000000000002,1.0425,0.1075,0.24749999999999997,0.0,0.0525,1.0325,0.38,0.12,0.75,0.25,0.25,0.5,0.5,0.75,0.25,0.75,0.75,0.75,0.25,0.5,0.0,0.25,0.75,0.25,0.0,0.75
5JAvzI-ZP14,0.5,0.95,0.27,0.975,0.305,0.5850000000000001,0.0,0.03,0.565,0.19,0.13,0.1,0.59,0.315,0.27,0.0,0.475,0.975,0.365,0.5,1.0,0.5,0.0,0.0,0.0,0.0,0.0,0.0,0.5,0.5,0.0,0.5,0.0,0.5,0.5,0.0,0.0
5KQH4Xvco4c,0.5,0.5,2.565,0.8450000000000001,1.095,0.52,0.345,0.115,0.0,1.185,1.095,0.8200000000000001,0.43,0.625,0.065,0.105,1.235,0.035,0.0,1.0,1.0,0.5,0.5,0.5,0.0,0.0,0.5,0.5,0.5,0.5,0.5,0.5,0.0,0.5,0.0,0.5,0.0
5Khf5QBf0ss,0.5,0.925,1.5550000000000002,0.0,0.53,1.375,0.205,0.67,0.295,1.175,0.655,0.455,0.52,0.11,0.15,0.0,0.33,0.0,0.025,1.0,1.0,0.5,0.5,0.0,0.5,0.0,0.0,0.5,0.5,0.5,0.0,0.5,0.0,0.0,0.0,0.0,0.5
5Kiy94DYJk0,0.0,0.975,0.0,0.0,0.0,0.0,1.88,2.59,0.77,2.09,2.78,2.64,0.51,0.0,0.0,0.0,2.39,0.29,0.0,1.0,1.0,0.0,0.0,1.0,1.0,1.0,1.0,1.0,1.0,0.0,0.0,0.0,0.0,1.0,0.0,0.0,0.0
5LW1VDVgr6k,0.5,0.975,0.305,0.0,0.05,0.0,2.16,2.52,0.5449999999999999,1.745,1.855,0.97,0.135,0.0,0.655,0.095,2.33,0.86,0.2,0.0,0.0,0.0,0.0,1.0,0.5,0.5,1.0,0.5,1.0,0.5,0.0,0.0,0.0,1.0,0.5,0.0,0.5
5N6hNyg43IY,1.0,0.9416666666666668,0.6433333333333333,0.11,0.0,0.38666666666666666,0.07666666666666667,0.4200000000000001,0.18999999999999997,0.3433333333333333,0.0,0.11666666666666665,0.9800000000000001,0.5233333333333333,0.24,0.07666666666666667,0.21666666666666667,0.24333333333333332,0.5499999999999999,1.0,1.0,0.0,0.6666666666666666,0.0,0.6666666666666666,0.0,0.0,0.0,0.3333333333333333,0.3333333333333333,0.6666666666666666,0.6666666666666666,0.3333333333333333,0.3333333333333333,0.3333333333333333,0.3333333333333333,0.6666666666666666
5OsH70IAD1A,0.5,0.975,0.635,0.41500000000000004,0.0,0.43,0.075,0.0,0.0,1.2850000000000001,0.855,0.41,0.43499999999999994,0.54,0.57,0.46,0.115,0.08,0.18,1.0,0.5,0.0,0.5,0.0,0.0,0.0,0.5,0.5,0.5,0.5,0.5,0.5,0.5,0.0,0.0,0.5,0.0
5PT1wLx87UE,0.0,0.975,1.0,0.5,0.91,0.29,0.0,1.61,0.0,0.0,0.0,0.0,0.0,0.0,0.0,0.0,0.67,2.28,0.0,1.0,0.0,1.0,0.0,0.0,0.0,0.0,0.0,0.0,0.0,0.0,0.0,0.0,0.0,1.0,1.0,0.0,0.0
5Puy1Px2YYc,0.0,0.975,1.06,0.23,0.05,0.79,0.22,0.0,0.0,1.67,0.9,0.75,0.0,0.87,0.45,0.27,0.0,0.0,0.0,1.0,1.0,0.0,0.0,0.0,0.0,0.0,1.0,0.0,1.0,1.0,1.0,1.0,1.0,0.0,0.0,0.0,0.0
5XCy01h0N3w,0.5,0.47500000000000003,0.95,0.0,0.38,1.415,1.06,1.01,0.17,0.655,1.16,0.195,0.0,0.0,0.0,0.0,0.875,0.105,0.27,0.5,0.5,0.0,0.5,0.5,0.5,0.5,0.5,1.0,0.5,0.0,0.0,0.0,0.0,0.5,0.0,0.5,0.5
5bnWQLbGuKc,0.5,0.95,1.155,1.3,0.605,4.245,0.03,0.16,0.0,0.0,0.48,0.32,0.0,0.0,0.0,0.175,1.2000000000000002,1.42,0.0,1.0,0.5,0.5,1.0,0.0,0.0,0.0,0.0,0.5,0.5,0.5,0.0,0.0,0.5,1.0,1.0,0.5,0.5
5coE3hlNJ3I,0.5,0.45,0.255,0.0,0.355,0.435,0.515,0.215,0.19,0.075,0.755,0.395,0.56,0.245,0.0,0.08,0.0,0.76,0.66,0.5,1.0,0.0,0.5,0.5,0.5,0.5,0.0,0.5,0.5,1.0,0.5,0.0,0.5,0.0,0.5,0.5,0.5
5d7EYahP4Bg,1.0,0.9249999999999999,0.27,0.0,0.6566666666666666,0.27999999999999997,0.48,1.6266666666666667,0.6733333333333333,0.17333333333333334,0.03666666666666667,0.5266666666666667,0.7966666666666667,0.07666666666666667,0.7866666666666666,0.15666666666666665,0.09333333333333334,0.03,0.08666666666666667,1.0,0.3333333333333333,0.6666666666666666,0.0,0.6666666666666666,0.6666666666666666,0.3333333333333333,0.3333333333333333,0.3333333333333333,0.6666666666666666,0.6666666666666666,0.3333333333333333,0.6666666666666666,0.3333333333333333,0.0,0.0,0.3333333333333333,0.6666666666666666
5dOG_pW1mk8,0.5,0.4875,1.17,0.0,0.2,0.0,1.79,2.895,0.125,0.89,1.52,1.1400000000000001,0.11,0.0,0.585,0.41500000000000004,1.175,0.195,0.45,0.0,0.0,0.5,0.0,1.0,1.0,0.0,1.0,1.0,1.0,1.0,0.0,0.0,1.0,1.0,0.5,0.0,0.5
5eoPZMtIUBw,5.5,0.37916666666666665,1.305,0.19166666666666665,1.1558333333333333,0.6466666666666667,0.31833333333333336,1.1675,0.37000000000000005,0.32916666666666666,0.4216666666666667,0.5483333333333333,0.47583333333333333,0.2733333333333334,0.3983333333333334,0.2758333333333333,0.285,0.06333333333333334,0.13416666666666666,1.0,0.8333333333333334,0.75,0.3333333333333333,0.25,0.5,0.25,0.25,0.3333333333333333,0.4166666666666667,0.6666666666666666,0.3333333333333333,0.6666666666666666,0.4166666666666667,0.4166666666666667,0.25,0.5,0.4166666666666667
5gwTgaGCyYE,0.0,0.025,0.97,0.0,0.12,2.36,0.52,0.0,0.0,0.85,0.58,1.15,1.98,0.0,0.0,1.4,1.15,0.05,0.37,0.0,1.0,0.0,0.0,0.0,0.0,0.0,1.0,0.0,1.0,1.0,0.0,0.0,1.0,0.0,0.0,1.0,0.0
5l0FJ_t4NQo,1.0,0.975,0.5566666666666666,0.0,0.41333333333333333,0.0,0.36000000000000004,1.1966666666666665,0.04666666666666667,0.64,0.5033333333333333,0.5466666666666667,0.24333333333333332,0.21,0.006666666666666667,0.09333333333333334,0.73,0.6533333333333333,0.24666666666666667,1.0,0.6666666666666666,0.6666666666666666,0.0,0.6666666666666666,0.3333333333333333,0.0,0.3333333333333333,0.0,0.3333333333333333,0.6666666666666666,0.3333333333333333,0.6666666666666666,0.3333333333333333,1.0,0.6666666666666666,0.0,0.6666666666666666
5mlZPHOKh60,0.5,0.925,0.435,0.13,0.025,0.0,2.05,1.56,0.7150000000000001,2.515,2.24,0.58,0.215,0.07,0.23,0.0,1.67,0.81,0.125,1.0,0.5,0.0,0.0,1.0,1.0,1.0,1.0,1.0,0.5,1.0,0.0,0.0,0.5,1.0,0.5,0.5,1.0
5oZQfIs_-8s,0.0,0.975,0.89,0.64,0.0,0.0,1.08,1.62,0.0,1.47,2.09,0.95,0.0,0.0,0.0,0.17,0.19,0.12,0.68,1.0,1.0,0.0,0.0,1.0,1.0,0.0,1.0,1.0,1.0,0.0,0.0,0.0,0.0,0.0,0.0,0.0,1.0
5rRwJuCdNDo,1.5,0.625,1.1600000000000001,0.21,0.1925,0.93,0.3475,0.2125,0.605,0.31,0.085,0.5475,1.9525,0.345,0.0,1.25,0.595,0.565,0.29500000000000004,0.75,1.0,0.75,0.25,0.25,0.25,0.5,0.0,0.0,0.25,1.0,0.25,0.75,0.5,0.25,0.25,0.25,0.5
5seK3IKQZDw,0.0,0.975,0.14,0.0,0.25,0.97,0.12,0.77,0.0,0.36,0.0,0.0,0.29,1.17,0.61,0.07,0.25,0.0,0.07,1.0,0.0,0.0,1.0,0.0,0.0,0.0,0.0,0.0,0.0,0.0,0.0,1.0,0.0,0.0,0.0,0.0,0.0
5ux5BrTZwXM,0.0,0.975,1.88,1.82,0.06,0.0,0.0,0.0,0.0,1.1,0.15,1.44,0.0,0.3,0.0,0.0,0.1,0.0,0.69,1.0,1.0,0.0,0.0,0.0,0.0,0.0,0.0,0.0,1.0,1.0,1.0,0.0,0.0,0.0,0.0,0.0,1.0
5wuUNfOBBjc,1.5,0.925,0.8775000000000001,1.02,0.1725,0.5900000000000001,0.0,1.0725,0.475,0.6675,0.11499999999999999,0.2275,0.9675,0.0675,0.6425000000000001,0.0475,0.9524999999999999,1.3525,0.665,1.0,1.0,0.5,0.25,0.0,0.25,0.75,0.25,0.25,0.25,0.75,0.0,1.0,0.0,0.75,0.5,0.0,0.5
5xVeZrpVzow,1.0,0.9583333333333334,0.37999999999999995,0.02666666666666667,0.5866666666666667,0.9899999999999999,0.17666666666666667,0.9533333333333333,0.0,0.46,0.24333333333333332,0.2733333333333333,0.5966666666666667,0.0,0.25,0.0,0.6066666666666667,1.0133333333333332,0.0,0.3333333333333333,0.6666666666666666,0.6666666666666666,0.3333333333333333,0.3333333333333333,0.3333333333333333,0.0,0.6666666666666666,0.3333333333333333,0.3333333333333333,0.6666666666666666,0.0,0.6666666666666666,0.0,0.6666666666666666,0.6666666666666666,0.0,0.0
5xiTu6aUkQE,1.0,0.975,1.2966666666666666,1.7033333333333334,0.5633333333333334,1.1333333333333333,0.9733333333333333,1.61,0.0,1.1366666666666667,1.22,1.24,0.8366666666666666,0.47333333333333333,0.7066666666666667,0.15,0.9066666666666667,0.7866666666666666,0.44,0.6666666666666666,0.3333333333333333,0.0,0.6666666666666666,0.3333333333333333,0.6666666666666666,0.0,0.6666666666666666,0.3333333333333333,0.6666666666666666,0.6666666666666666,0.0,0.0,0.3333333333333333,0.3333333333333333,0.0,0.0,0.0
5xjSpw04q8k,2.5,0.9416666666666668,0.16333333333333333,0.19333333333333333,0.20333333333333334,0.8616666666666667,0.61,0.7316666666666666,0.48333333333333334,0.3266666666666667,0.7266666666666667,0.27666666666666667,0.6116666666666667,0.6316666666666667,0.27,0.0,0.6366666666666667,0.5083333333333333,0.26333333333333336,0.6666666666666666,0.8333333333333334,0.3333333333333333,0.3333333333333333,0.5,0.3333333333333333,0.16666666666666666,0.6666666666666666,0.3333333333333333,0.5,0.6666666666666666,0.5,0.16666666666666666,0.0,0.3333333333333333,0.16666666666666666,0.3333333333333333,0.5
60RF_6NQQu8,0.5,0.95,0.0,0.675,0.6799999999999999,0.0,2.575,2.645,1.685,1.31,2.1950000000000003,0.88,0.375,0.0,0.195,0.0,3.05,0.52,0.27,1.0,1.0,0.0,0.0,1.0,1.0,1.0,1.0,1.0,0.5,0.0,0.0,0.0,0.0,1.0,1.0,0.0,1.0
61AVQo4qIYg,0.0,0.975,1.71,0.48,0.0,0.54,0.0,1.08,0.0,0.0,0.0,0.0,0.12,0.5,0.0,0.13,0.28,1.23,0.54,1.0,1.0,0.0,1.0,0.0,1.0,0.0,0.0,0.0,0.0,1.0,1.0,0.0,1.0,1.0,1.0,1.0,1.0
62WGyHcb8So,0.0,0.975,1.34,0.12,0.0,0.76,1.54,0.42,0.72,0.55,0.63,0.0,0.0,0.0,0.84,0.0,0.96,0.0,0.0,1.0,1.0,0.0,1.0,1.0,0.0,1.0,1.0,0.0,0.0,1.0,0.0,1.0,0.0,1.0,0.0,1.0,0.0
67n-hrCYiSI,0.5,0.0,0.91,0.28,1.005,0.875,0.875,1.72,0.01,1.645,1.44,1.7650000000000001,0.47,1.755,0.39,0.64,0.9199999999999999,0.9400000000000001,0.0,0.5,1.0,1.0,0.0,0.5,1.0,0.0,1.0,1.0,1.0,1.0,0.5,0.5,1.0,1.0,0.5,0.5,0.0
69CZQlrfkkU,0.5,0.95,0.66,1.12,0.195,1.025,1.5450000000000002,1.245,0.655,0.955,1.835,0.6000000000000001,0.035,0.0,1.1099999999999999,0.0,2.185,1.465,0.37,1.0,0.5,0.0,0.5,0.5,0.5,0.5,0.5,0.5,1.0,0.0,0.0,1.0,0.0,1.0,1.0,0.0,0.0
6BZm8EvZXpQ,0.5,0.025,0.6,0.0,0.0,1.265,0.0,0.0,0.64,0.0,0.285,1.03,1.6,0.875,0.0,0.26,0.31,1.48,0.455,0.5,1.0,0.0,1.0,0.0,0.0,0.0,0.0,0.0,0.5,0.5,0.5,0.5,0.0,0.0,0.5,1.0,0.0
6BzWXEy4t14,2.5,0.875,0.7183333333333334,0.023333333333333334,0.52,0.9533333333333335,0.43999999999999995,0.5833333333333334,0.6183333333333333,0.4666666666666666,0.25333333333333335,0.7416666666666667,0.88,0.32666666666666666,0.8683333333333333,0.18499999999999997,0.49500000000000005,0.16666666666666666,0.19166666666666665,0.6666666666666666,1.0,0.3333333333333333,0.3333333333333333,0.5,0.5,0.16666666666666666,0.3333333333333333,0.3333333333333333,0.16666666666666666,0.5,0.16666666666666666,0.5,0.16666666666666666,0.5,0.3333333333333333,0.3333333333333333,0.3333333333333333
6Ko-j7nzMHg,0.5,0.95,0.515,0.0,1.115,0.645,0.99,1.035,0.73,1.455,1.16,2.325,0.205,0.045,0.325,0.275,0.81,0.0,0.095,0.5,0.5,0.5,0.5,0.5,0.5,1.0,1.0,0.5,1.0,1.0,0.0,0.5,0.0,0.5,0.0,0.5,0.5
6MGjjWLbhD0,2.0,0.9650000000000001,0.7700000000000001,0.2,0.7140000000000001,0.358,0.0,0.5619999999999999,0.128,0.48600000000000004,0.0,0.21000000000000002,0.14,0.0,0.274,0.0,0.32,0.5239999999999999,0.16199999999999998,0.4,0.4,0.6,0.4,0.0,0.2,0.2,0.0,0.0,0.2,0.8,0.2,0.6,0.0,0.6,0.2,0.2,0.8
6Mhtr5yE-kc,0.0,0.975,0.0,0.0,0.0,0.22,2.2,3.17,0.58,1.88,3.42,1.28,0.03,0.0,0.3,0.51,3.46,0.86,0.0,0.0,0.0,0.0,0.0,1.0,1.0,0.0,1.0,1.0,1.0,0.0,0.0,0.0,0.0,1.0,1.0,0.0,0.0
6PgoxhEjKS0,2.0,0.825,0.614,0.372,0.52,0.9720000000000001,0.526,0.0,0.29000000000000004,0.6040000000000001,0.6759999999999999,0.458,0.11599999999999999,0.196,0.47400000000000003,0.13399999999999998,0.65,0.188,0.2,0.6,0.6,0.6,0.4,0.4,0.0,0.0,0.2,0.8,0.2,0.2,0.2,0.4,0.6,0.6,0.2,0.6,0.2
6SqnPdh85fw,0.5,0.975,1.0,0.13,0.485,1.5350000000000001,0.285,0.59,0.12,1.095,1.1600000000000001,1.13,0.2,0.395,0.0,0.02,1.515,1.07,0.16,1.0,1.0,0.5,1.0,0.0,0.5,0.5,1.0,0.5,1.0,1.0,0.5,0.0,0.5,0.5,0.5,0.0,0.5
6TiMvS0rE2I,0.5,0.975,0.33,0.0,0.48,0.3,1.03,0.525,0.15,1.42,1.675,0.93,0.205,0.0,0.0,0.0,1.705,0.0,0.0,1.0,1.0,0.5,0.5,0.5,1.0,0.0,0.5,0.5,0.5,0.0,0.0,0.0,0.0,0.5,0.5,0.5,0.0
6TiRTK7dfXw,0.5,0.975,1.035,1.925,0.1,1.01,1.83,1.0,0.305,1.4700000000000002,3.46,1.6949999999999998,0.0,0.0,0.48,0.0,3.66,1.24,0.325,0.5,0.5,0.0,0.5,1.0,0.5,0.0,1.0,1.0,1.0,0.0,0.0,0.0,0.0,1.0,1.0,0.0,0.0
6VBPJGD2d7w,0.5,0.7,1.92,2.245,0.495,1.885,0.3,2.0,0.195,0.73,0.095,0.02,1.4,0.8800000000000001,0.235,0.37,0.20500000000000002,0.67,0.895,1.0,1.0,0.5,0.5,0.0,1.0,0.0,0.0,0.0,0.0,1.0,0.5,0.0,0.5,1.0,1.0,1.0,0.5
6VzkSdMg1tM,0.0,0.975,0.51,0.0,0.54,0.23,0.0,0.0,0.0,0.62,0.0,0.0,1.67,0.54,0.0,0.0,0.02,0.15,0.0,1.0,1.0,0.0,0.0,0.0,0.0,0.0,0.0,0.0,0.0,1.0,1.0,0.0,0.0,1.0,0.0,0.0,0.0
6XyGH06X2aY,0.5,0.9,0.725,0.27,0.18,1.11,0.0,0.4,0.0,0.25,0.0,0.0,0.9550000000000001,0.325,0.0,0.545,0.0,0.0,0.02,1.0,1.0,0.5,1.0,0.0,0.0,0.0,0.0,0.0,0.5,1.0,1.0,0.5,0.5,0.5,0.0,0.5,0.0
6Y1r34RBXpk,2.5,0.6083333333333333,0.33,0.06999999999999999,0.043333333333333335,0.8216666666666667,0.20333333333333334,0.3283333333333333,0.09499999999999999,0.18333333333333335,0.6766666666666667,0.4466666666666666,0.5133333333333333,0.33666666666666667,0.24166666666666667,0.19333333333333336,0.4183333333333333,0.5116666666666666,0.5316666666666667,0.8333333333333334,1.0,0.0,0.16666666666666666,0.16666666666666666,0.3333333333333333,0.0,0.16666666666666666,0.3333333333333333,0.6666666666666666,0.6666666666666666,0.16666666666666666,0.6666666666666666,0.3333333333333333,0.5,0.3333333333333333,0.16666666666666666,0.5
6ZxnCsOKDww,0.5,0.5,0.375,0.0,1.0,0.37,1.6,0.185,0.385,1.81,1.9249999999999998,1.5299999999999998,0.265,0.37,0.44,0.07,1.185,1.075,0.7250000000000001,0.5,0.0,0.5,0.0,0.5,0.5,1.0,0.5,0.5,1.0,0.0,0.0,0.5,0.0,0.5,0.5,0.0,0.0
6br0dqmMfPo,2.5,0.9083333333333333,0.59,0.09000000000000001,0.6233333333333334,0.9866666666666667,0.16833333333333333,0.32,0.3983333333333334,0.4749999999999999,0.4166666666666667,0.5033333333333333,0.7616666666666667,0.45166666666666666,0.29333333333333333,0.375,0.26166666666666666,0.5366666666666667,0.4716666666666667,0.6666666666666666,0.6666666666666666,0.5,0.6666666666666666,0.0,0.0,0.5,0.5,0.5,0.3333333333333333,1.0,0.3333333333333333,0.3333333333333333,0.6666666666666666,0.5,0.5,0.8333333333333334,0.6666666666666666
6fnKelBiaDk,1.0,0.9249999999999999,1.4266666666666667,0.37333333333333335,1.1766666666666665,0.6666666666666666,1.5,1.27,0.20333333333333334,1.0366666666666668,1.5133333333333334,1.1633333333333333,0.25666666666666665,0.0,0.79,0.04,1.7333333333333334,0.12,0.0,1.0,1.0,0.6666666666666666,0.6666666666666666,1.0,0.6666666666666666,0.0,1.0,1.0,0.6666666666666666,0.3333333333333333,0.0,0.3333333333333333,0.0,1.0,0.0,0.3333333333333333,0.0
6ftiWoCJ4dM,0.0,0.675,0.0,0.0,0.0,1.66,0.63,0.43,0.26,1.95,0.72,0.81,0.81,0.17,0.16,0.0,0.09,1.25,0.0,1.0,1.0,0.0,1.0,0.0,0.0,0.0,0.0,0.0,0.0,1.0,0.0,0.0,0.0,0.0,0.0,0.0,0.0
6gCEl31uiE8,0.0,0.925,0.27,1.12,0.17,1.18,2.89,1.98,1.09,2.53,2.9,1.35,0.12,0.0,0.71,0.79,2.13,0.61,0.75,0.0,0.0,0.0,0.0,1.0,1.0,0.0,1.0,1.0,0.0,0.0,0.0,1.0,0.0,1.0,1.0,0.0,1.0
6hIu5oIB9n0,1.5,0.4625,0.15,0.22499999999999998,0.0,0.275,1.005,1.095,0.135,0.7625,1.4675,0.8275,0.10750000000000001,0.065,0.64,0.08499999999999999,0.9,0.07,0.23,0.25,0.5,0.25,0.25,0.5,0.5,0.5,0.75,0.75,0.5,0.25,0.0,0.75,0.5,0.75,0.0,0.0,0.25
6jS9lvibXVU,0.5,0.925,1.075,1.045,0.5850000000000001,2.225,0.0,0.11,0.0,0.64,0.0,0.45,0.8099999999999999,0.58,0.0,0.085,1.0599999999999998,0.85,0.0,1.0,0.5,1.0,1.0,0.0,0.0,1.0,0.0,0.0,0.5,1.0,0.5,0.0,0.5,0.5,1.0,0.0,0.0
6k6bjBniE4Q,0.5,0.975,0.16499999999999998,0.0,0.595,0.475,0.52,0.31,0.785,0.69,1.0050000000000001,0.39499999999999996,0.0,0.0,0.0,0.0,1.085,1.15,0.11,1.0,0.5,0.0,0.5,0.5,1.0,0.5,0.0,0.5,1.0,0.0,0.0,0.0,0.0,0.5,0.5,0.0,0.0
6lZVXJlqN7s,0.0,0.975,0.82,0.0,0.0,0.04,0.55,0.0,0.33,1.64,1.25,0.0,0.0,0.0,0.59,0.0,1.02,0.0,0.0,1.0,1.0,0.0,1.0,1.0,1.0,1.0,1.0,1.0,0.0,0.0,0.0,1.0,0.0,1.0,1.0,0.0,0.0
6n2REq_FiWM,1.0,0.975,0.9166666666666666,1.4966666666666668,0.0,1.3766666666666667,0.9966666666666667,1.7699999999999998,0.3133333333333333,0.7066666666666667,1.3233333333333333,0.73,0.3333333333333333,0.3566666666666667,0.4666666666666666,0.013333333333333334,0.9133333333333334,0.29333333333333333,0.12333333333333334,0.3333333333333333,0.6666666666666666,0.0,0.6666666666666666,0.3333333333333333,0.3333333333333333,0.3333333333333333,0.3333333333333333,1.0,0.3333333333333333,0.3333333333333333,0.0,0.0,0.0,0.6666666666666666,0.6666666666666666,0.0,0.3333333333333333
6ndkOSiGOe4,0.5,0.975,1.04,0.895,0.045,1.235,1.91,0.985,0.375,1.44,1.635,0.835,0.0,0.205,0.185,0.0,1.99,0.45,0.0,0.5,0.5,0.0,0.5,0.5,0.5,1.0,0.5,0.5,0.0,0.0,0.0,0.5,0.0,0.5,0.5,0.5,0.5
6qGkTAS3j5o,0.5,0.975,0.815,0.49,0.14500000000000002,1.17,1.34,0.705,0.43000000000000005,2.125,2.15,1.875,0.53,0.355,0.725,0.21,1.175,0.0,0.375,0.5,0.5,0.0,0.5,0.5,0.0,0.5,1.0,1.0,1.0,1.0,0.5,0.0,0.0,0.5,0.0,0.5,0.0
6sECozSy7FY,0.0,0.375,2.25,0.46,0.83,0.25,0.0,0.22,1.54,0.81,0.0,0.89,0.99,1.67,0.19,0.16,0.31,3.89,1.14,1.0,1.0,1.0,0.0,0.0,0.0,0.0,0.0,0.0,0.0,1.0,1.0,1.0,0.0,0.0,1.0,1.0,0.0
6tHy-Kie0GY,1.0,0.9583333333333334,0.71,0.17,1.0066666666666666,0.14666666666666667,0.3566666666666667,0.11,0.39666666666666667,0.6133333333333334,0.6666666666666666,0.38000000000000006,0.18333333333333335,0.07333333333333333,0.35000000000000003,0.08333333333333333,0.3433333333333333,0.26333333333333336,0.17,0.3333333333333333,1.0,0.6666666666666666,0.3333333333333333,0.0,0.3333333333333333,0.6666666666666666,0.6666666666666666,0.0,0.6666666666666666,0.6666666666666666,0.0,0.3333333333333333,0.3333333333333333,0.3333333333333333,0.6666666666666666,0.3333333333333333,0.6666666666666666
6um6YczI0qk,2.0,0.925,0.472,0.082,0.994,0.604,0.564,0.546,0.54,0.514,0.6100000000000001,0.046,0.384,0.0,0.168,0.0,1.386,0.8140000000000001,0.128,0.6,1.0,0.8,0.2,0.4,0.6,0.6,0.6,0.4,0.0,0.6,0.0,0.6,0.2,0.8,0.6,0.0,0.4
6v04kR5QDOA,2.0,0.735,0.7300000000000001,0.01,0.0,0.756,1.026,0.45999999999999996,0.766,1.384,1.012,0.752,0.844,0.426,0.272,1.0699999999999998,0.8720000000000001,0.49399999999999994,0.0,0.8,1.0,0.4,0.4,0.8,0.6,0.8,0.8,0.6,0.8,0.2,0.2,0.8,0.4,0.8,0.6,0.2,0.2
6wA8OMptkio,0.5,0.975,0.22,0.0,0.0,0.945,1.26,1.035,0.48,1.5950000000000002,2.24,1.6549999999999998,0.32,0.0,0.375,0.0,2.325,0.415,0.0,0.0,0.5,0.0,1.0,1.0,0.5,0.0,1.0,1.0,1.0,1.0,0.0,0.0,0.0,1.0,1.0,0.0,0.0
71BQ4YNhVxA,1.5,0.95,0.54,0.4075,0.4175,0.685,1.1725,1.2850000000000001,0.4375,1.58,1.5725,1.3425,0.3675,0.0,0.34750000000000003,0.1425,2.1125,0.645,0.21500000000000002,0.5,0.25,0.25,0.25,0.75,0.75,0.75,1.0,0.75,1.0,0.25,0.0,0.25,0.25,0.75,0.5,0.0,0.5
72FTaFoM3Dk,0.0,0.875,1.19,1.76,2.08,0.93,0.0,2.17,1.63,0.1,0.0,0.0,0.92,0.31,0.0,0.3,1.1,1.35,0.0,1.0,1.0,1.0,0.0,0.0,0.0,0.0,0.0,0.0,0.0,1.0,1.0,0.0,0.0,0.0,1.0,0.0,0.0
736HThq9YRM,0.5,0.925,1.135,0.0,0.195,0.245,1.43,2.585,0.11,1.1949999999999998,1.085,0.7150000000000001,0.42,0.68,0.875,0.195,0.595,0.0,1.225,1.0,0.5,0.5,0.0,1.0,1.0,0.5,1.0,0.5,1.0,1.0,0.5,0.5,0.5,0.5,0.0,1.0,1.0
74Fz4onYqGY,2.0,0.485,0.726,0.0,0.93,1.0619999999999998,0.42800000000000005,0.6519999999999999,0.898,0.462,0.516,0.53,1.116,0.9620000000000001,0.0,0.10200000000000001,0.602,0.9640000000000001,0.11000000000000001,0.6,0.8,1.0,0.4,0.2,0.4,0.4,0.4,0.2,0.6,0.8,0.4,0.4,0.2,0.2,0.4,0.4,0.2
770rppR5wRM,0.5,0.925,1.02,0.0,1.155,0.965,0.04,0.62,0.24,0.365,0.44,0.845,0.875,0.0,0.31,0.09,0.395,0.105,0.245,0.5,0.5,1.0,0.0,0.0,0.5,0.0,0.0,0.5,0.5,1.0,0.0,0.0,0.0,0.0,0.0,0.5,0.0
77NkGBRuapw,0.5,0.4875,0.0,0.0,0.0,0.53,1.25,0.9450000000000001,0.295,0.965,1.41,0.9749999999999999,0.465,0.05,0.3,0.0,0.915,0.07,0.0,0.0,0.5,0.0,0.0,1.0,0.5,0.5,1.0,1.0,1.0,1.0,0.0,0.5,0.0,0.5,0.0,0.0,1.0
77jBJ2oe7e0,2.0,0.915,0.986,0.362,0.122,0.21800000000000003,0.576,0.05600000000000001,0.076,0.27599999999999997,1.314,0.654,0.052000000000000005,0.674,0.958,0.284,0.732,0.372,0.40800000000000003,0.8,0.8,0.2,0.0,0.2,0.0,0.4,0.8,0.8,0.6,0.6,0.4,0.8,0.4,0.8,0.4,0.2,0.2
79p57XNf8Os,0.5,0.95,1.02,0.0,0.0,0.19,1.67,1.69,1.1,0.78,1.565,0.7649999999999999,0.215,0.0,0.995,0.01,1.525,0.0,0.0,1.0,0.5,0.0,0.0,1.0,0.5,0.5,1.0,1.0,0.5,0.5,0.0,0.5,0.0,1.0,0.5,0.0,0.5
7BE8xhIVNbs,3.0,0.7035714285714285,0.6157142857142858,0.1285714285714286,0.732857142857143,0.7685714285714286,0.43714285714285717,0.48714285714285716,0.20857142857142857,0.7328571428571429,0.8542857142857143,0.7157142857142856,0.2342857142857143,0.39142857142857146,0.07857142857142858,0.008571428571428572,0.7914285714285713,0.6799999999999999,0.03,0.5714285714285714,0.7142857142857143,0.42857142857142855,0.5714285714285714,0.2857142857142857,0.14285714285714285,0.14285714285714285,0.5714285714285714,0.5714285714285714,0.7142857142857143,0.2857142857142857,0.2857142857142857,0.2857142857142857,0.0,0.42857142857142855,0.7142857142857143,0.5714285714285714,0.14285714285714285
7Bd3IWiuVgE,2.5,0.5750000000000001,1.6283333333333332,0.48333333333333334,0.9250000000000002,0.3233333333333333,0.11666666666666665,0.35833333333333334,0.0,0.5233333333333333,0.40166666666666667,0.6883333333333334,0.24666666666666667,0.4666666666666666,0.46166666666666667,0.0,0.31166666666666665,1.6849999999999998,0.005,0.8333333333333334,0.3333333333333333,0.6666666666666666,0.16666666666666666,0.16666666666666666,0.16666666666666666,0.0,0.5,0.16666666666666666,0.5,0.8333333333333334,0.3333333333333333,0.5,0.16666666666666666,0.5,0.5,0.6666666666666666,0.0
7DkmB-btFfY,0.0,0.975,0.21,0.08,0.0,0.0,2.07,0.0,0.0,1.82,3.31,1.51,0.0,0.0,0.0,0.0,3.5,0.0,2.18,1.0,1.0,0.0,0.0,1.0,1.0,0.0,1.0,1.0,1.0,0.0,0.0,0.0,0.0,1.0,1.0,0.0,1.0
7Ea4f1TT9r4,0.5,0.95,0.64,0.0,0.0,1.3,0.025,0.385,0.2,0.325,0.0,0.52,0.82,0.495,0.235,0.125,0.665,1.01,0.0,0.0,0.5,0.0,1.0,0.0,0.0,0.5,0.0,0.0,0.5,0.5,0.5,0.5,0.0,0.5,0.0,0.5,0.0
7G38mOd4or8,1.0,0.9250000000000002,2.1300000000000003,3.046666666666667,0.11,2.526666666666667,1.3399999999999999,0.6366666666666667,0.0,0.7333333333333334,3.92,0.6633333333333333,0.0,0.0,0.0,0.0,4.346666666666667,0.0,0.7400000000000001,1.0,1.0,0.0,0.6666666666666666,1.0,0.0,0.0,1.0,1.0,0.0,0.0,0.0,0.0,0.0,1.0,0.6666666666666666,0.6666666666666666,0.3333333333333333
7MPbFfQlXkI,1.0,0.625,1.5333333333333332,0.26,0.31,0.6433333333333333,0.4366666666666667,1.2333333333333334,0.5433333333333333,0.21666666666666667,0.48666666666666664,0.0,2.8033333333333332,0.59,0.0,0.84,0.42,1.6666666666666667,0.0,1.0,1.0,0.6666666666666666,0.0,0.3333333333333333,1.0,0.0,0.0,0.3333333333333333,0.0,0.6666666666666666,0.0,0.0,0.3333333333333333,0.0,0.3333333333333333,0.6666666666666666,0.0
7ObTYEQRcBs,0.5,0.5,0.295,0.04,0.0,1.29,0.725,1.355,0.075,0.0,0.355,0.0,0.705,0.435,0.44,0.635,0.075,2.84,0.205,0.5,1.0,0.0,0.5,0.5,1.0,0.0,0.0,0.0,0.0,1.0,0.0,0.5,0.5,0.0,0.5,0.5,0.0
7OnrK3EmFa4,2.0,0.575,1.284,0.0,0.45599999999999996,0.79,0.422,1.166,0.11599999999999999,0.068,0.6839999999999999,0.952,0.52,0.10400000000000001,0.602,0.44800000000000006,0.386,0.146,0.426,1.0,0.8,0.8,0.0,0.4,0.8,0.0,0.2,0.4,0.6,0.6,0.2,0.4,0.2,0.4,0.0,0.4,0.6
7RJu-I7FndQ,3.0,0.9107142857142857,0.4414285714285714,0.15,0.43571428571428567,0.5828571428571429,0.4785714285714286,0.692857142857143,0.21714285714285714,0.8785714285714284,0.8157142857142857,0.45285714285714285,0.45999999999999996,0.7271428571428571,0.35714285714285715,0.25999999999999995,1.042857142857143,1.3914285714285715,1.0242857142857142,0.5714285714285714,0.5714285714285714,0.5714285714285714,0.14285714285714285,0.42857142857142855,0.42857142857142855,0.42857142857142855,0.42857142857142855,0.42857142857142855,0.42857142857142855,0.2857142857142857,0.2857142857142857,0.2857142857142857,0.42857142857142855,0.42857142857142855,0.7142857142857143,0.14285714285714285,0.8571428571428571
7Sp71mIqyfM,1.0,0.9583333333333334,0.48666666666666664,0.36333333333333334,0.5299999999999999,0.02666666666666667,1.1933333333333334,0.8933333333333332,0.23666666666666666,0.71,1.42,0.9700000000000001,0.32,0.31,1.11,0.39999999999999997,0.17666666666666667,0.42,0.20666666666666667,0.6666666666666666,0.6666666666666666,0.6666666666666666,0.0,0.6666666666666666,0.6666666666666666,0.3333333333333333,0.6666666666666666,0.6666666666666666,0.6666666666666666,1.0,0.3333333333333333,0.6666666666666666,0.3333333333333333,0.0,0.3333333333333333,0.3333333333333333,0.3333333333333333
7Ud67OkzpQs,0.5,0.975,1.4500000000000002,1.585,0.525,1.78,0.82,1.11,0.22,1.6,2.09,0.47000000000000003,0.12,0.0,0.125,0.02,2.6950000000000003,0.745,0.0,1.0,1.0,0.0,1.0,0.5,0.5,0.0,1.0,1.0,0.0,0.5,0.0,0.0,0.0,1.0,1.0,0.0,0.0
7VN3Ck1ZGEs,0.0,0.025,2.61,0.57,0.66,1.05,0.67,2.74,0.0,0.48,0.61,0.0,0.89,0.0,0.0,0.0,0.0,0.0,0.03,1.0,1.0,1.0,0.0,1.0,1.0,0.0,0.0,0.0,0.0,1.0,0.0,0.0,0.0,0.0,0.0,1.0,0.0
7WQdBSWfixI,0.0,0.975,1.14,0.0,0.0,0.05,1.98,1.51,0.27,1.45,2.6,0.63,0.37,0.0,0.0,0.0,1.74,0.0,0.0,1.0,1.0,0.0,0.0,1.0,1.0,1.0,1.0,1.0,0.0,0.0,0.0,0.0,0.0,1.0,0.0,0.0,0.0
7WsksXmb3CQ,0.0,0.975,0.0,0.06,0.0,2.02,0.0,0.0,0.0,1.91,0.52,0.0,0.76,1.11,0.0,0.0,0.18,2.38,0.0,0.0,1.0,1.0,1.0,0.0,0.0,0.0,1.0,0.0,0.0,1.0,1.0,0.0,0.0,0.0,1.0,0.0,0.0
7XPHGhEZF2A,0.0,0.925,2.17,2.61,1.49,1.92,0.36,0.0,0.64,1.86,0.34,0.84,0.58,0.06,0.0,0.0,1.31,0.93,0.0,1.0,1.0,1.0,0.0,0.0,0.0,0.0,0.0,0.0,0.0,1.0,0.0,0.0,0.0,1.0,1.0,0.0,0.0
7Y7ZcQgXMSA,1.0,0.975,0.68,0.006666666666666667,0.0,0.31,1.04,0.9266666666666667,0.07333333333333333,0.7166666666666667,1.5733333333333335,1.0133333333333334,0.12,0.0,0.6066666666666666,0.0,1.2666666666666668,0.7666666666666666,0.12666666666666668,0.6666666666666666,1.0,0.0,0.3333333333333333,0.6666666666666666,0.6666666666666666,0.0,1.0,0.6666666666666666,1.0,0.3333333333333333,0.0,0.6666666666666666,0.0,1.0,0.6666666666666666,0.3333333333333333,0.3333333333333333
7YUERW_rvzI,1.0,0.9583333333333334,0.3833333333333333,0.0,1.2966666666666666,0.09666666666666666,1.4733333333333334,1.4866666666666666,0.3166666666666667,2.3066666666666666,2.4,1.8099999999999998,0.0,0.0,0.5533333333333333,0.043333333333333335,2.1466666666666665,0.049999999999999996,0.9466666666666667,0.3333333333333333,0.6666666666666666,0.3333333333333333,0.0,1.0,1.0,0.0,1.0,1.0,1.0,0.3333333333333333,0.0,0.0,0.3333333333333333,1.0,0.6666666666666666,0.0,0.6666666666666666
7ZK_w2w9obo,1.5,0.725,0.12,0.0,0.26,0.0,2.4425,2.5300000000000002,1.0925,1.8175000000000001,2.225,0.875,0.1,0.0925,0.04,0.105,2.0725000000000002,0.0125,0.7475,0.5,0.5,0.25,0.0,1.0,1.0,0.75,0.75,0.75,0.75,0.25,0.0,0.25,0.25,0.75,0.25,0.0,0.75
7_hNGE5sn-g,1.0,0.9249999999999999,2.0066666666666664,1.1166666666666667,0.52,0.82,0.10000000000000002,0.4766666666666666,0.0,0.6933333333333334,0.6999999999999998,0.22,0.29,0.0,0.11,0.043333333333333335,1.0999999999999999,0.6233333333333333,0.9033333333333333,1.0,1.0,0.6666666666666666,0.3333333333333333,0.6666666666666666,0.6666666666666666,0.0,0.3333333333333333,0.3333333333333333,0.3333333333333333,0.0,0.0,0.3333333333333333,0.3333333333333333,1.0,1.0,0.3333333333333333,0.3333333333333333
7i9At3fld3Q,0.0,0.0,0.88,0.0,0.91,0.0,0.35,1.38,0.71,0.62,0.66,0.87,0.83,0.0,0.0,0.0,0.71,0.0,0.0,1.0,1.0,0.0,0.0,0.0,1.0,1.0,1.0,1.0,1.0,1.0,0.0,0.0,0.0,1.0,0.0,0.0,1.0
7jDrzdX2Ucc,0.5,0.875,0.9550000000000001,0.965,0.18,0.405,0.11,0.26,0.52,0.5449999999999999,0.65,0.0,1.045,1.595,0.03,0.09,0.335,0.12,1.44,1.0,1.0,0.5,0.0,0.5,0.0,0.0,0.5,0.5,0.0,0.5,1.0,1.0,0.5,0.0,0.0,0.0,1.0
7kE0sj0R8mE,0.5,0.95,1.1800000000000002,0.9099999999999999,0.13,1.8900000000000001,0.215,0.0,0.0,0.7250000000000001,0.435,0.0,0.6950000000000001,0.1,0.0,0.0,0.115,0.0,0.0,1.0,1.0,0.5,0.5,0.5,0.0,0.0,0.5,0.0,0.0,1.0,0.5,0.0,0.0,0.5,0.0,0.5,0.5
7ltfXT5hdRQ,1.5,0.9375,1.405,1.4,0.0,1.6425,1.395,0.9075,0.32499999999999996,0.9199999999999999,1.4825,1.3275000000000001,0.45,0.4375,0.0775,0.155,1.9975,0.6075,0.115,1.0,1.0,0.0,0.75,0.75,0.5,0.25,0.5,0.75,0.5,0.5,0.25,0.25,0.25,1.0,0.75,0.25,0.25
7mvvufB7rlQ,0.5,0.975,0.225,0.315,0.0,0.0,0.0,0.375,0.0,0.34,0.17,1.28,0.215,0.645,0.3,0.77,0.985,0.575,0.16,0.5,1.0,0.5,1.0,0.0,0.0,0.0,0.5,0.0,0.5,0.5,0.5,0.5,0.5,0.5,0.5,0.5,0.0
7ngJLi9cgYs,1.0,0.6583333333333333,1.7066666666666668,0.23,0.0,0.6733333333333333,0.8933333333333332,1.5499999999999998,0.02666666666666667,0.5466666666666667,0.52,0.4533333333333333,0.6866666666666666,1.7066666666666668,0.0,0.09666666666666666,0.0,0.33666666666666667,0.49666666666666665,1.0,1.0,0.3333333333333333,0.3333333333333333,0.3333333333333333,0.3333333333333333,0.0,0.3333333333333333,0.3333333333333333,0.0,1.0,1.0,0.0,0.3333333333333333,0.0,0.3333333333333333,1.0,0.3333333333333333
7pD0XOWc5nU,0.0,0.975,2.37,0.51,0.0,0.39,1.76,2.47,0.67,2.54,2.02,1.69,1.91,0.0,0.0,0.0,3.77,0.0,0.0,1.0,1.0,0.0,0.0,1.0,1.0,0.0,1.0,1.0,1.0,0.0,0.0,0.0,1.0,1.0,0.0,0.0,0.0
7yEFkxss_i8,0.5,0.95,0.0,0.0,0.0,0.0,0.055,0.7150000000000001,0.655,0.21,0.585,0.0,0.64,0.0,0.0,0.0,0.5700000000000001,0.16,0.775,0.5,1.0,0.0,0.5,0.0,0.5,0.0,0.0,0.5,0.0,0.5,0.0,0.0,0.0,0.5,0.5,0.0,0.5
7zaMbzqj8AI,1.5,0.9375,0.9075,0.185,0.0,1.49,0.43500000000000005,0.7450000000000001,0.4375,0.875,0.45499999999999996,0.62,0.32,0.0,0.045,0.0375,0.6225,0.565,0.0,1.0,1.0,0.0,1.0,0.5,0.5,1.0,0.75,0.0,0.5,0.5,0.0,0.25,0.25,1.0,0.5,0.25,0.0
80oICq8QAew,1.0,0.5833333333333334,0.6466666666666666,0.15666666666666665,0.22,1.5833333333333333,0.32333333333333336,0.16333333333333333,0.36000000000000004,0.47000000000000003,0.35333333333333333,0.13999999999999999,0.6133333333333334,0.31333333333333335,0.21,0.0,0.06999999999999999,0.0033333333333333335,0.0,1.0,1.0,0.6666666666666666,1.0,0.0,0.0,0.3333333333333333,0.6666666666666666,0.0,0.3333333333333333,0.6666666666666666,0.3333333333333333,0.3333333333333333,0.0,0.3333333333333333,0.3333333333333333,0.3333333333333333,0.0
82dNxf_pWFE,0.0,0.975,0.33,0.0,1.43,0.0,1.53,0.0,0.0,0.71,2.63,0.37,0.26,0.0,0.98,0.0,0.15,0.0,0.0,1.0,1.0,1.0,0.0,1.0,0.0,0.0,1.0,1.0,1.0,0.0,0.0,1.0,0.0,0.0,0.0,0.0,0.0
82iwdUjVZMc,2.0,0.735,0.702,0.01,0.196,0.576,0.11199999999999999,0.22400000000000003,0.608,1.034,0.5519999999999999,0.57,0.23399999999999999,0.048,0.442,0.072,1.018,0.42000000000000004,0.152,0.8,0.8,0.4,0.2,0.2,0.4,0.6,0.6,0.4,0.2,0.4,0.2,0.6,0.2,0.6,0.4,0.2,0.6
84fQk0qUAsQ,2.5,0.9249999999999999,1.1933333333333334,0.68,0.9516666666666667,1.545,0.3216666666666667,0.31,0.2816666666666667,0.6566666666666666,0.605,0.10333333333333333,0.365,0.3866666666666667,0.0,0.0,1.3166666666666667,0.14833333333333334,0.13333333333333333,0.8333333333333334,0.6666666666666666,0.5,0.5,0.3333333333333333,0.16666666666666666,0.16666666666666666,0.16666666666666666,0.16666666666666666,0.16666666666666666,0.6666666666666666,0.16666666666666666,0.5,0.0,0.6666666666666666,0.3333333333333333,0.16666666666666666,0.16666666666666666
84zd0pIlcXo,0.5,0.925,0.115,0.0,1.235,0.68,0.545,1.02,0.855,1.39,0.475,0.0,1.175,0.0,0.0,0.29,0.8,0.155,0.735,1.0,0.0,1.0,0.0,1.0,0.5,0.5,0.5,0.0,0.0,0.5,0.0,0.5,0.5,0.5,0.0,0.0,1.0
86ZDNvmGZC8,2.0,0.755,0.462,0.128,1.004,0.16,0.142,0.736,0.0,0.488,0.382,0.314,0.06999999999999999,0.6639999999999999,0.034,0.22000000000000003,0.024,0.5820000000000001,0.336,0.8,0.6,0.8,0.2,0.0,0.4,0.0,0.2,0.2,0.4,0.8,0.8,0.2,0.2,0.4,0.6,0.2,0.8
86gs985X5tU,1.0,0.6583333333333333,0.4566666666666667,0.22666666666666668,0.45,0.09999999999999999,0.10999999999999999,0.73,0.02666666666666667,0.16,0.9366666666666666,1.08,0.5133333333333333,0.45,0.4266666666666667,0.14333333333333334,0.5533333333333333,1.05,0.10666666666666667,0.6666666666666666,1.0,0.6666666666666666,0.0,0.6666666666666666,0.3333333333333333,0.0,0.3333333333333333,0.6666666666666666,1.0,0.6666666666666666,0.3333333333333333,0.6666666666666666,0.0,0.6666666666666666,0.3333333333333333,0.0,0.3333333333333333
87If-Q2pJWQ,1.0,0.9250000000000002,0.0,0.0,0.48333333333333334,0.48666666666666664,0.05333333333333334,0.16,0.22333333333333336,0.0,0.0,0.03,0.37333333333333335,0.0,0.12666666666666668,0.0033333333333333335,0.0,0.05333333333333334,0.3233333333333333,0.6666666666666666,0.3333333333333333,0.6666666666666666,0.3333333333333333,0.0,0.0,0.3333333333333333,0.0,0.0,0.3333333333333333,0.6666666666666666,0.0,1.0,0.3333333333333333,0.0,0.3333333333333333,0.3333333333333333,1.0
87q34iZbUXM,0.0,0.875,0.0,0.0,0.0,0.88,1.18,0.0,0.0,1.18,1.24,2.41,0.97,0.09,1.68,0.82,0.0,0.0,0.0,0.0,0.0,0.0,0.0,1.0,0.0,0.0,1.0,1.0,1.0,1.0,1.0,1.0,1.0,0.0,0.0,0.0,0.0
8AoRrFwRcZc,0.0,0.975,0.22,0.0,2.05,0.59,1.2,2.1,0.59,2.26,0.29,0.3,0.53,0.27,0.0,0.0,1.43,1.3,0.0,0.0,0.0,1.0,0.0,1.0,1.0,0.0,1.0,0.0,0.0,1.0,0.0,0.0,0.0,1.0,1.0,1.0,1.0
8DMKzuGsBao,1.0,0.9249999999999999,0.30333333333333334,0.42333333333333334,0.01,0.8266666666666667,1.6933333333333334,1.68,0.49333333333333335,1.86,1.9933333333333334,1.6366666666666667,0.41,0.64,0.22666666666666668,0.0,1.9833333333333334,1.5133333333333334,0.02,0.3333333333333333,0.3333333333333333,0.0,0.3333333333333333,1.0,0.6666666666666666,0.6666666666666666,1.0,1.0,1.0,1.0,0.3333333333333333,0.6666666666666666,0.3333333333333333,1.0,1.0,0.0,0.3333333333333333
8G6-h5XFgbM,0.5,0.975,0.2,0.0,0.0,0.0,1.9449999999999998,2.9,0.8999999999999999,1.355,1.9100000000000001,1.6749999999999998,0.28,0.0,0.9,0.09,2.02,0.855,0.225,1.0,1.0,0.0,0.0,1.0,0.5,0.5,1.0,1.0,1.0,1.0,0.0,1.0,0.5,1.0,0.0,0.0,0.5
8HG8lmI2Dyg,1.0,0.65,1.0266666666666666,0.15333333333333332,0.5466666666666666,0.7833333333333332,0.91,0.0,0.36000000000000004,1.8333333333333333,1.8866666666666667,1.4833333333333332,0.21666666666666667,0.20333333333333334,0.0,0.0,1.71,0.48,0.27999999999999997,1.0,1.0,0.3333333333333333,0.3333333333333333,0.6666666666666666,0.0,0.3333333333333333,1.0,0.6666666666666666,1.0,0.6666666666666666,0.3333333333333333,0.0,0.0,1.0,0.3333333333333333,0.0,0.0
8KIMFLiprXo,0.5,0.975,1.4249999999999998,0.48,0.0,0.48,1.06,0.575,0.605,1.0399999999999998,1.865,1.125,0.16,0.495,0.33,0.0,1.3,0.0,1.295,1.0,1.0,0.0,0.5,0.5,0.5,0.5,0.5,1.0,1.0,1.0,0.5,0.5,0.0,0.5,0.0,0.5,0.5
8KkXk5XEZgY,0.0,0.925,1.0,0.1,0.0,0.04,0.26,0.0,0.16,0.56,1.39,1.56,0.0,0.0,0.31,0.0,1.49,0.0,0.0,1.0,1.0,0.0,1.0,1.0,0.0,1.0,1.0,1.0,1.0,0.0,0.0,0.0,0.0,1.0,0.0,0.0,0.0
8M5VTBEQGso,0.5,0.7749999999999999,0.555,0.065,0.255,0.065,0.87,1.15,0.0,1.365,1.21,1.3199999999999998,0.26,0.705,0.0,0.315,1.93,1.5,0.245,1.0,1.0,0.5,0.5,1.0,0.5,0.0,1.0,0.5,1.0,1.0,0.5,0.0,1.0,0.5,1.0,0.0,1.0
8P9QdIHT3sk,1.5,0.9,1.1175,0.0,0.0,0.5375,1.0450000000000002,0.9225,0.4575,1.4375,1.9975,1.4449999999999998,0.1825,0.0,0.9974999999999999,0.23,1.49,0.0275,0.38999999999999996,0.5,0.75,0.25,0.25,0.5,0.25,0.5,0.75,0.75,0.75,0.75,0.0,0.75,0.25,1.0,0.0,0.25,0.0
8QhrjzWjbGE,1.0,0.9583333333333334,0.6333333333333333,0.20666666666666667,0.21,0.12666666666666668,2.1166666666666667,0.6699999999999999,0.6733333333333333,1.8233333333333333,2.0033333333333334,1.906666666666667,0.0033333333333333335,0.79,0.64,0.5533333333333333,1.1033333333333333,0.6466666666666666,0.69,0.6666666666666666,0.3333333333333333,0.3333333333333333,0.0,1.0,1.0,0.6666666666666666,1.0,1.0,1.0,0.0,0.6666666666666666,0.6666666666666666,0.6666666666666666,0.3333333333333333,0.6666666666666666,0.3333333333333333,0.3333333333333333
8Rg0U7RW1ww,2.0,0.375,1.0,0.504,0.21800000000000003,0.32599999999999996,0.42400000000000004,0.694,0.10600000000000001,0.8480000000000001,0.796,1.454,0.51,0.5559999999999999,0.20600000000000002,0.49000000000000005,0.148,0.11000000000000001,0.0,0.6,0.6,0.0,0.6,0.0,0.4,0.0,0.8,0.4,1.0,0.8,0.4,0.6,0.6,0.8,0.6,0.4,0.2
8UQB5t_euOI,0.0,0.975,1.35,0.24,0.0,0.17,0.22,0.0,0.0,0.53,0.29,0.66,1.07,0.0,0.0,0.08,0.0,0.0,0.0,1.0,1.0,0.0,0.0,1.0,0.0,0.0,1.0,0.0,1.0,1.0,0.0,1.0,0.0,0.0,0.0,1.0,0.0
8Uc8HZrTqr0,0.5,0.975,0.43499999999999994,0.0,0.215,0.45,0.32,0.8350000000000001,1.045,0.145,0.045,0.485,0.5,1.075,1.2599999999999998,0.05,0.38,0.89,0.11,0.5,0.5,0.5,0.5,0.5,0.5,0.5,0.5,0.0,0.5,1.0,1.0,0.5,0.0,0.0,0.5,0.5,0.5
8WOHRXf1sj0,0.5,0.975,0.45999999999999996,0.0,0.175,0.215,2.48,1.67,0.655,2.3449999999999998,2.765,1.365,0.0,0.375,1.095,0.0,2.015,0.18,0.22,1.0,0.5,0.5,0.5,1.0,1.0,0.5,1.0,1.0,1.0,0.0,0.5,1.0,0.0,1.0,0.0,0.0,1.0
8WdK8j3Cndw,0.5,0.95,0.615,0.015,0.22,1.045,0.74,0.75,1.075,0.505,0.29000000000000004,0.645,1.08,0.31,0.405,0.0,0.815,1.1600000000000001,0.0,1.0,0.5,0.5,1.0,0.5,0.5,0.5,0.5,0.5,0.5,1.0,0.5,0.5,0.0,0.5,0.5,0.0,0.0
8XMh30agFpk,0.5,0.975,1.06,0.45,0.535,0.36,0.955,1.09,0.0,0.8700000000000001,1.59,0.745,0.26,0.0,0.0,0.0,1.105,0.045,0.24,1.0,0.5,0.5,0.0,0.5,0.5,0.0,0.5,0.5,0.5,0.5,0.0,0.0,0.0,0.5,0.0,0.0,0.5
8X_d-IVydP4,0.0,0.925,0.13,0.0,0.0,0.0,1.24,3.21,0.38,1.22,1.61,0.28,0.49,0.0,0.92,0.0,1.07,0.0,0.0,0.0,0.0,0.0,1.0,1.0,1.0,1.0,1.0,1.0,1.0,0.0,0.0,1.0,0.0,1.0,0.0,0.0,0.0
8Zw4O3ZXdfQ,0.0,0.975,1.37,0.6,0.09,0.0,0.85,1.28,0.0,0.88,0.71,0.0,0.0,0.0,0.27,0.0,2.02,0.0,0.42,1.0,1.0,0.0,0.0,1.0,1.0,0.0,1.0,1.0,0.0,1.0,0.0,1.0,0.0,1.0,1.0,0.0,0.0
8_A_aV_PjYE,0.5,0.975,0.03,0.0,0.0,0.0,0.8150000000000001,0.635,0.165,0.45999999999999996,0.99,2.2800000000000002,0.0,0.18000000000000002,0.505,0.135,0.0,0.0,0.0,0.0,0.0,0.0,0.0,0.5,0.5,0.5,1.0,0.5,1.0,0.5,0.5,0.5,0.0,0.0,0.0,0.0,0.0
8_wGkSYK3Yk,1.0,0.9249999999999999,0.13666666666666666,0.0,0.9233333333333332,0.12,0.7233333333333333,0.8033333333333333,0.7266666666666666,1.0866666666666667,0.88,1.3366666666666667,0.02,0.24666666666666667,0.2866666666666667,0.19000000000000003,1.3466666666666667,1.01,0.9566666666666667,0.3333333333333333,0.6666666666666666,0.3333333333333333,0.3333333333333333,0.6666666666666666,0.3333333333333333,0.6666666666666666,0.6666666666666666,0.3333333333333333,1.0,0.3333333333333333,0.0,0.3333333333333333,0.3333333333333333,1.0,1.0,0.0,0.6666666666666666
8baHlJrFQ4w,0.5,0.925,0.54,0.0,0.155,0.0,2.385,1.7999999999999998,1.0350000000000001,2.535,2.61,2.165,0.26,0.0,0.355,0.0,2.2249999999999996,0.13,0.1,0.5,0.0,0.0,0.0,0.5,1.0,1.0,1.0,1.0,1.0,0.5,0.0,0.0,0.5,1.0,0.5,0.0,0.5
8f0-OcYW5zA,0.5,0.875,0.925,0.27,0.39,0.78,2.04,0.97,0.84,1.7650000000000001,2.115,1.02,0.0,0.0,0.505,0.0,1.5250000000000001,0.515,0.0,1.0,1.0,0.5,0.5,1.0,1.0,1.0,1.0,1.0,1.0,0.5,0.0,1.0,0.0,1.0,0.5,0.5,0.0
8kcD3vk12AY,1.0,0.975,0.7033333333333333,0.17666666666666667,0.0,0.68,1.1133333333333335,0.4833333333333334,0.35000000000000003,1.0,1.09,0.7866666666666667,0.22666666666666666,0.0,0.3233333333333333,0.09000000000000001,1.9966666666666668,0.24333333333333332,0.05333333333333334,0.6666666666666666,0.3333333333333333,0.3333333333333333,0.0,0.6666666666666666,0.6666666666666666,0.3333333333333333,0.6666666666666666,0.6666666666666666,0.3333333333333333,0.3333333333333333,0.0,0.3333333333333333,0.0,0.6666666666666666,0.3333333333333333,0.0,0.0
8l4FjqCF7sE,0.5,0.5,1.38,0.115,1.045,0.0,0.13,1.135,0.15,0.085,0.66,0.455,0.355,0.215,0.275,0.33999999999999997,0.2,0.265,1.115,0.5,1.0,0.5,0.0,0.0,1.0,0.0,0.0,0.5,0.5,0.0,0.5,0.5,1.0,0.5,0.5,0.5,1.0
8mPk9KW_5XE,0.0,0.975,0.77,0.17,0.28,0.0,0.98,0.0,0.2,0.38,1.72,2.36,0.0,0.0,0.0,0.04,0.6,0.09,0.0,1.0,1.0,0.0,1.0,1.0,0.0,1.0,1.0,1.0,1.0,1.0,0.0,0.0,0.0,1.0,0.0,0.0,0.0
8nYDDMN3JlA,2.5,0.7916666666666666,1.1316666666666666,0.3183333333333333,1.5566666666666666,1.2533333333333334,0.20666666666666667,0.26166666666666666,0.38000000000000006,0.6349999999999999,0.0,0.17666666666666667,0.465,0.16333333333333333,0.19166666666666665,0.11499999999999999,0.22166666666666668,1.6233333333333333,0.0,0.6666666666666666,0.6666666666666666,0.6666666666666666,0.3333333333333333,0.16666666666666666,0.3333333333333333,0.3333333333333333,0.0,0.0,0.0,0.8333333333333334,0.0,0.5,0.0,0.0,0.8333333333333334,0.3333333333333333,0.6666666666666666
8qCqpy2emLk,0.5,0.47500000000000003,1.165,0.04,0.5700000000000001,1.35,1.905,2.855,0.775,2.8,1.9500000000000002,1.315,0.075,0.125,0.29,0.0,2.575,0.5900000000000001,0.735,1.0,0.5,0.0,0.0,1.0,1.0,0.0,1.0,1.0,0.5,0.0,0.0,0.5,0.0,1.0,1.0,0.5,1.0
8sXHEs-bfi8,1.5,0.7,0.58,0.245,0.2825,1.7774999999999999,0.1925,0.475,0.0,0.6699999999999999,0.0,0.0,0.7424999999999999,0.0775,0.46249999999999997,0.07,0.1,0.2025,0.0,1.0,0.5,0.5,0.75,0.0,0.25,0.0,0.0,0.0,0.0,0.5,0.0,0.0,0.25,0.5,0.5,1.0,0.0
8shGtApcXNU,0.0,0.975,2.2,3.67,0.0,2.26,0.0,0.0,0.26,1.2,0.69,0.0,0.0,0.0,0.0,0.26,1.04,0.4,0.0,1.0,1.0,0.0,1.0,0.0,0.0,0.0,0.0,0.0,0.0,0.0,0.0,0.0,1.0,1.0,1.0,0.0,0.0
92rUJQFLbnI,2.5,0.9333333333333332,1.6716666666666666,0.5033333333333333,1.4266666666666665,0.7466666666666667,0.16166666666666665,0.7916666666666666,0.011666666666666667,0.5333333333333333,0.3116666666666667,0.6833333333333332,0.2833333333333333,0.3033333333333333,0.6916666666666668,0.03,0.215,1.245,0.385,1.0,0.8333333333333334,1.0,0.16666666666666666,0.3333333333333333,0.3333333333333333,0.0,0.5,0.3333333333333333,0.6666666666666666,0.8333333333333334,0.3333333333333333,0.6666666666666666,0.0,0.5,0.5,0.16666666666666666,0.3333333333333333
95xSTaZ6d70,1.5,0.775,0.3675,0.0,0.29500000000000004,0.1075,1.7875,1.7925,0.645,1.9325,1.7675,1.1424999999999998,0.46749999999999997,0.04,0.495,0.0575,1.585,0.355,0.765,0.25,0.5,0.25,0.5,0.75,0.5,0.5,0.5,0.5,0.5,0.5,0.0,0.0,0.0,0.75,0.25,0.25,0.75
9BH-FsQS_Y8,1.5,0.975,0.15000000000000002,0.10250000000000001,0.0925,0.03,0.9025,1.5075,0.2625,0.625,1.15,0.47500000000000003,0.065,0.04,0.46,0.0,0.735,0.2825,0.0,0.25,0.5,0.0,0.25,0.75,0.75,0.25,0.75,0.75,0.75,0.0,0.0,0.75,0.0,0.25,0.0,0.0,0.5
9BIzz1Fqhgk,0.0,0.975,0.45,0.01,0.0,0.69,1.61,0.0,0.38,1.36,2.0,1.84,0.1,0.0,1.62,0.42,1.5,0.0,0.0,0.0,1.0,0.0,1.0,1.0,0.0,0.0,1.0,1.0,1.0,0.0,0.0,1.0,1.0,1.0,0.0,0.0,0.0
9E0_8KPvOt0,0.0,0.975,0.56,0.3,0.0,0.17,0.01,0.25,0.0,0.0,0.0,0.0,0.0,0.0,0.02,0.0,1.4,0.01,0.0,1.0,1.0,0.0,1.0,0.0,1.0,0.0,0.0,0.0,0.0,0.0,0.0,0.0,0.0,1.0,1.0,0.0,0.0
9IiRJUesFNk,0.0,0.025,1.2,0.0,1.31,0.03,0.0,0.56,0.0,0.31,0.0,0.0,0.37,0.0,0.0,0.0,0.24,0.56,0.23,1.0,1.0,0.0,0.0,0.0,0.0,0.0,0.0,0.0,0.0,1.0,0.0,0.0,0.0,0.0,0.0,1.0,0.0
9LnHXmnWMZ8,0.0,0.025,2.32,1.68,0.0,1.22,0.64,1.08,0.0,0.0,0.71,0.23,0.0,0.23,0.38,0.0,0.0,0.0,0.0,1.0,1.0,0.0,1.0,1.0,0.0,0.0,0.0,0.0,0.0,0.0,0.0,0.0,0.0,0.0,0.0,1.0,1.0
9Q5NLLmgCFw,0.0,0.875,0.0,0.0,0.0,1.19,0.65,0.0,0.0,0.73,1.24,2.67,0.43,0.02,1.5,0.42,0.0,0.0,0.0,0.0,1.0,0.0,1.0,1.0,0.0,1.0,1.0,1.0,1.0,1.0,0.0,1.0,1.0,0.0,0.0,0.0,0.0
9Qlof7jPQpg,0.5,0.975,0.1,0.0,0.15,0.0,2.01,1.225,0.23,1.075,2.04,0.885,0.11,0.0,0.6000000000000001,0.06,1.795,0.39,0.215,0.0,0.0,0.0,0.0,1.0,0.5,0.0,1.0,1.0,1.0,0.5,0.0,0.0,0.5,1.0,0.5,0.0,1.0
9VHlFHJOoF8,1.0,0.975,0.47,0.0,0.27,0.41333333333333333,1.4333333333333333,2.3333333333333335,0.8533333333333334,1.7966666666666666,1.3033333333333335,0.5800000000000001,0.12333333333333334,0.09333333333333334,0.05666666666666667,0.09000000000000001,1.2866666666666668,0.5066666666666667,0.27666666666666667,0.3333333333333333,0.6666666666666666,0.3333333333333333,0.0,0.3333333333333333,1.0,0.6666666666666666,1.0,0.3333333333333333,0.6666666666666666,0.6666666666666666,0.3333333333333333,0.6666666666666666,0.0,1.0,0.3333333333333333,0.0,0.6666666666666666
9_7UvrHiy6k,0.5,0.925,1.4649999999999999,0.995,0.0,0.035,2.255,1.25,0.26,1.6999999999999997,2.08,1.215,0.0,0.0,0.52,0.0,2.515,0.605,0.53,1.0,1.0,0.0,0.0,1.0,0.5,0.0,1.0,0.5,0.5,0.0,0.0,0.0,0.0,1.0,1.0,0.5,0.0
9_Iu3w6DVyQ,0.5,0.625,1.41,0.0,0.135,0.785,0.45999999999999996,1.465,0.0,0.875,0.37,0.0,0.445,0.0,1.31,0.0,0.53,0.0,0.82,0.5,0.5,0.0,0.0,0.0,0.5,0.0,0.5,0.5,0.0,1.0,0.0,0.5,0.0,0.5,0.0,0.5,0.5
9bW4p2CvkNY,0.0,0.875,0.97,0.71,2.45,0.0,1.41,0.12,1.61,2.61,1.94,3.12,0.0,2.11,0.4,0.63,0.04,0.0,0.58,0.0,1.0,1.0,0.0,1.0,1.0,1.0,1.0,1.0,1.0,0.0,1.0,0.0,1.0,0.0,0.0,0.0,0.0
9cd2ILefikA,2.0,0.8949999999999999,0.674,0.074,0.678,0.9880000000000001,0.932,0.672,0.18,1.3219999999999998,1.432,1.1480000000000001,0.096,0.046,0.44000000000000006,0.0,1.314,0.4,0.13199999999999998,1.0,0.8,0.8,0.4,0.6,0.6,0.2,1.0,0.8,0.8,0.2,0.0,0.6,0.0,1.0,0.2,0.0,0.2
9dUzCi1YGQ4,1.0,0.975,0.14666666666666667,0.0,0.11333333333333334,0.62,2.01,1.49,0.3566666666666667,1.5333333333333332,2.2166666666666663,1.8866666666666667,0.2866666666666667,0.0,0.30333333333333334,0.0,1.9266666666666665,0.12666666666666668,0.0,0.6666666666666666,0.3333333333333333,0.0,0.6666666666666666,1.0,1.0,0.6666666666666666,1.0,1.0,1.0,0.3333333333333333,0.0,0.6666666666666666,0.0,1.0,0.6666666666666666,0.0,0.0
9fKsaaUZgbs,0.0,0.975,0.14,0.0,0.66,0.0,3.02,1.69,1.15,2.99,3.37,1.46,0.0,0.0,0.0,0.0,3.13,0.7,0.12,0.0,0.0,1.0,0.0,1.0,1.0,1.0,1.0,1.0,1.0,0.0,0.0,0.0,0.0,1.0,1.0,0.0,1.0
9ge3G_sWFlw,0.0,0.975,0.42,0.0,0.0,0.27,1.92,1.93,0.35,1.34,2.3,1.35,0.0,0.0,0.59,0.0,2.81,0.9,0.0,0.0,1.0,0.0,1.0,1.0,1.0,0.0,1.0,1.0,1.0,0.0,0.0,0.0,0.0,1.0,1.0,0.0,0.0
9iinyVgYTu8,0.0,0.975,1.19,0.0,0.0,0.0,0.58,2.01,1.07,0.53,0.34,0.0,0.23,0.0,0.0,0.0,1.32,0.0,0.7,1.0,1.0,0.0,0.0,0.0,0.0,1.0,1.0,1.0,0.0,1.0,0.0,0.0,1.0,1.0,0.0,0.0,1.0
9jTY_F3I8OI,1.0,0.6333333333333333,0.5166666666666667,0.17666666666666667,0.15666666666666668,0.0,1.78,2.67,0.30333333333333334,1.37,1.2866666666666666,0.6866666666666666,0.12,0.0,0.09000000000000001,0.0,1.5666666666666667,0.5866666666666667,0.13333333333333333,1.0,0.6666666666666666,0.3333333333333333,0.0,1.0,1.0,0.6666666666666666,0.6666666666666666,0.6666666666666666,0.6666666666666666,0.0,0.0,0.3333333333333333,0.0,1.0,0.3333333333333333,0.0,0.3333333333333333
9kHEGh0S2E4,0.5,0.5,0.44000000000000006,0.35,0.36,1.725,0.87,0.7949999999999999,0.0,2.37,1.3,0.33,0.315,0.52,0.0,0.0,1.155,0.0,0.0,1.0,0.5,0.5,1.0,0.5,1.0,0.0,1.0,0.5,0.0,0.0,0.5,0.0,0.0,0.5,0.0,0.5,0.0
9pyrNSKb16Y,0.0,0.975,1.51,0.0,1.99,0.0,2.35,1.73,1.4,2.39,2.37,2.26,0.01,0.0,1.06,0.49,1.14,0.0,0.0,1.0,0.0,1.0,0.0,1.0,1.0,1.0,1.0,1.0,1.0,0.0,0.0,0.0,0.0,1.0,0.0,0.0,0.0
9sAZ50a_l5M,0.5,0.975,0.0,0.0,0.0,0.145,1.545,2.005,0.57,0.9299999999999999,1.66,1.245,0.0,0.0,0.74,0.265,1.825,1.195,0.07,0.0,0.0,0.0,0.5,1.0,1.0,1.0,1.0,1.0,1.0,0.5,0.0,0.5,0.5,1.0,1.0,0.0,0.5
9t6PWAbylh4,0.5,0.925,1.3199999999999998,0.365,0.36,0.275,0.9650000000000001,0.0,0.09,0.38,1.705,1.1800000000000002,0.17,0.0,0.8250000000000001,0.0,1.285,0.08,0.05,1.0,1.0,0.5,0.0,0.0,0.5,0.0,1.0,1.0,1.0,0.5,0.0,1.0,0.0,0.5,0.0,0.0,0.0
9t7JItsq3as,1.0,0.9583333333333334,0.06,0.0,0.0,0.0,1.9033333333333333,2.45,0.7966666666666667,1.9333333333333333,2.52,1.2266666666666666,0.15333333333333335,0.0,0.36999999999999994,0.10999999999999999,2.903333333333333,0.91,0.0,0.6666666666666666,0.0,0.0,0.3333333333333333,1.0,1.0,1.0,1.0,1.0,1.0,0.0,0.0,0.6666666666666666,0.3333333333333333,1.0,0.6666666666666666,0.0,0.3333333333333333
9vYMByRngU8,0.5,0.975,0.8150000000000001,0.655,0.5549999999999999,0.7649999999999999,0.64,0.625,0.945,0.915,0.035,0.0,2.5999999999999996,1.25,0.45,0.95,0.94,0.0,0.8500000000000001,1.0,1.0,0.5,0.0,0.0,0.0,0.0,0.0,0.0,0.0,0.0,0.5,0.0,0.5,1.0,0.0,1.0,0.0
9zoaiIkFwiI,0.0,0.975,0.0,0.0,0.52,0.0,2.72,3.5,0.86,2.01,2.6,1.62,0.0,0.0,1.38,0.73,2.9,0.95,0.0,0.0,0.0,0.0,0.0,1.0,1.0,1.0,1.0,1.0,1.0,0.0,0.0,0.0,1.0,1.0,1.0,0.0,0.0
A-qi6EZGJgM,0.0,0.975,0.58,0.13,0.0,0.9,0.02,0.14,0.0,0.0,0.0,1.04,0.06,0.0,0.0,0.0,0.0,0.0,0.0,1.0,1.0,1.0,1.0,0.0,0.0,0.0,0.0,0.0,1.0,1.0,0.0,0.0,0.0,0.0,0.0,0.0,0.0
A07-gmV4Mos,1.0,0.625,1.0966666666666667,0.15333333333333335,1.25,1.0533333333333335,0.79,0.7433333333333333,0.3466666666666667,2.1333333333333333,0.8966666666666666,0.16666666666666666,0.4266666666666667,0.31,0.9900000000000001,0.0,1.1500000000000001,0.37333333333333335,0.06666666666666667,0.6666666666666666,0.6666666666666666,0.3333333333333333,0.6666666666666666,0.6666666666666666,0.0,0.0,0.6666666666666666,0.6666666666666666,0.3333333333333333,1.0,0.3333333333333333,0.6666666666666666,0.0,0.6666666666666666,0.3333333333333333,0.6666666666666666,0.0
A08KjPeqgl4,0.0,0.975,0.13,0.0,0.0,0.85,2.29,1.38,0.07,2.35,2.54,1.16,0.0,0.0,0.39,0.0,2.73,0.36,0.0,1.0,0.0,0.0,1.0,1.0,1.0,0.0,1.0,1.0,1.0,0.0,0.0,1.0,0.0,1.0,0.0,0.0,0.0
A0qYNooALHk,2.0,0.335,0.9719999999999999,0.124,1.15,1.262,0.37,0.46799999999999997,0.154,0.374,0.506,0.716,0.47000000000000003,0.756,0.088,0.22199999999999998,0.46799999999999997,0.086,0.06799999999999999,1.0,0.6,1.0,0.4,0.4,0.2,0.0,0.4,0.6,0.4,0.6,0.4,0.8,0.2,0.2,0.2,0.6,0.2
A1tEA4AGJIE,2.0,0.5650000000000001,1.534,0.156,0.828,1.5239999999999998,0.10200000000000001,0.33399999999999996,0.142,0.256,0.20600000000000002,0.0,1.484,0.11600000000000002,0.24,0.41200000000000003,0.48600000000000004,0.31,0.022,0.8,0.6,0.6,0.6,0.0,0.2,0.2,0.2,0.2,0.2,0.6,0.4,0.2,0.2,0.4,0.2,0.6,0.2
A2_vSVmLeQs,0.5,0.975,1.5699999999999998,1.3399999999999999,0.575,0.805,1.565,1.46,0.69,1.07,2.115,2.29,0.0,0.0,0.205,1.215,3.005,0.95,0.25,1.0,1.0,0.0,0.5,0.5,1.0,0.5,0.5,1.0,1.0,0.5,0.0,0.5,0.5,1.0,0.5,0.5,0.5
A2bdBzrRHfs,0.5,0.975,0.26,0.87,1.495,0.0,1.785,0.47,0.39,0.9450000000000001,1.6600000000000001,1.29,0.0,0.0,0.0,0.15,1.87,0.39,1.56,0.5,0.5,1.0,0.0,0.5,0.5,0.0,0.5,0.5,1.0,0.0,0.0,0.0,0.0,1.0,1.0,0.0,1.0
A54fT5PWTIc,0.5,0.975,0.345,0.325,0.0,0.0,1.7400000000000002,2.055,0.9299999999999999,2.28,2.35,0.48,0.0,0.0,0.0,0.0,2.085,0.16,0.94,0.5,1.0,0.5,0.0,1.0,1.0,1.0,1.0,1.0,1.0,0.5,0.0,0.5,0.0,1.0,0.5,0.0,1.0
A6G0NXmETR4,1.5,0.4875,0.61,0.0725,0.595,0.7749999999999999,0.895,1.025,0.5725,1.6425,1.4949999999999999,1.37,0.2975,0.18999999999999997,0.1375,0.455,0.7425,0.335,0.5425,0.75,0.75,0.5,0.25,0.25,0.25,0.5,0.5,0.75,0.75,0.75,0.25,0.5,0.5,0.5,0.5,0.75,0.5
A7AWtH1mfZs,0.5,0.975,0.16,0.0,0.7250000000000001,0.395,0.185,0.695,0.665,0.895,0.0,0.625,1.58,0.61,0.32,0.0,0.125,0.405,0.0,0.0,0.5,0.0,1.0,0.0,0.5,0.5,0.0,0.0,0.5,1.0,0.5,0.5,0.0,0.0,0.5,1.0,0.0
A7oeGayicnc,0.5,0.925,0.065,0.0,0.0,1.415,0.395,0.905,0.735,1.365,0.0,0.06,1.365,1.23,0.44,0.09,0.0,0.63,0.37,0.5,0.5,0.0,0.5,0.5,0.5,0.5,0.5,0.0,0.0,1.0,0.5,0.5,1.0,0.0,0.0,1.0,0.5
A9rc7uugB6g,0.5,0.975,0.20500000000000002,0.0,0.12,0.0,1.185,2.37,0.915,0.9450000000000001,1.28,0.21,0.1,0.0,0.0,0.0,1.1800000000000002,0.6,0.0,0.5,0.5,0.0,0.0,1.0,0.5,0.5,1.0,1.0,1.0,1.0,0.0,0.0,0.0,0.5,0.5,0.0,0.5
ABUx5euD2vk,0.5,0.925,0.855,0.06,0.495,0.0,1.2200000000000002,1.2650000000000001,0.52,0.8,1.1,0.575,0.655,0.61,0.38,0.055,0.27,0.0,1.155,0.5,0.5,0.5,0.0,1.0,1.0,0.5,1.0,1.0,1.0,0.5,0.5,0.5,0.0,0.5,0.0,0.0,0.5
AEp-JC1jHvw,0.0,0.975,0.55,0.0,1.1,0.0,0.17,2.82,0.19,0.0,0.0,0.0,0.61,2.51,1.18,0.65,0.05,1.66,0.11,1.0,0.0,1.0,0.0,0.0,1.0,0.0,0.0,0.0,0.0,1.0,1.0,1.0,1.0,0.0,1.0,0.0,1.0
AJ1dWqy_rws,2.0,0.58,0.772,0.016,0.174,0.16,1.534,1.688,0.23399999999999999,1.778,1.4140000000000001,1.088,0.782,0.484,0.33999999999999997,0.274,1.234,0.558,0.25999999999999995,0.8,0.6,0.6,0.0,0.8,0.6,0.2,0.8,0.6,0.8,0.8,0.2,0.2,0.4,0.6,0.2,0.0,0.4
AJF7cjAgZ9M,0.0,0.975,0.19,0.87,0.0,0.78,2.35,3.96,0.44,1.27,2.85,0.35,0.0,0.0,0.59,0.0,3.22,0.57,0.0,1.0,1.0,0.0,0.0,1.0,1.0,0.0,1.0,1.0,0.0,0.0,0.0,0.0,0.0,1.0,1.0,0.0,0.0
AKjlkab1YRo,0.0,0.975,3.29,3.57,0.3,4.03,0.0,0.0,0.0,1.84,1.19,0.0,0.33,2.1,0.15,0.0,1.29,0.08,0.0,1.0,1.0,0.0,1.0,0.0,0.0,0.0,1.0,1.0,0.0,1.0,1.0,0.0,0.0,1.0,1.0,1.0,0.0
AMjJd3fnND0,4.0,0.8472222222222222,1.2577777777777779,0.30777777777777776,0.37666666666666665,0.5388888888888889,0.07777777777777778,0.34555555555555556,0.043333333333333335,0.2922222222222222,0.042222222222222223,0.0,0.9500000000000001,0.3711111111111111,0.5666666666666667,0.013333333333333332,0.11666666666666667,0.14777777777777779,0.10555555555555556,1.0,1.0,0.5555555555555556,0.5555555555555556,0.2222222222222222,0.3333333333333333,0.0,0.1111111111111111,0.1111111111111111,0.1111111111111111,0.8888888888888888,0.3333333333333333,0.1111111111111111,0.1111111111111111,0.6666666666666666,0.3333333333333333,0.5555555555555556,0.4444444444444444
ANpbL70-1VI,0.0,0.975,0.0,0.0,0.0,0.0,1.53,1.74,1.51,2.29,1.0,0.64,2.1,1.25,2.02,0.0,0.22,1.01,0.47,0.0,0.0,0.0,0.0,1.0,1.0,1.0,1.0,1.0,1.0,1.0,1.0,1.0,0.0,0.0,1.0,0.0,1.0
AQBE65iSM-E,1.0,0.6416666666666667,0.26,0.0,0.11666666666666665,0.3933333333333333,0.88,0.8933333333333334,0.9066666666666666,0.85,0.66,0.22,0.9566666666666667,0.9733333333333333,0.18333333333333335,0.0,1.4433333333333334,2.296666666666667,0.7566666666666667,0.6666666666666666,0.3333333333333333,0.3333333333333333,0.6666666666666666,0.6666666666666666,0.3333333333333333,0.6666666666666666,0.6666666666666666,0.3333333333333333,0.3333333333333333,0.3333333333333333,0.3333333333333333,0.6666666666666666,0.0,0.6666666666666666,0.6666666666666666,0.3333333333333333,0.3333333333333333
AQtTuTZyNiA,0.0,0.975,0.13,0.47,0.0,0.0,1.91,2.73,0.0,3.8,2.65,2.98,0.33,0.0,0.26,0.0,1.64,0.15,0.0,1.0,0.0,0.0,0.0,1.0,1.0,0.0,1.0,1.0,1.0,1.0,0.0,0.0,0.0,1.0,0.0,0.0,0.0
ARMdb7fgfQU,0.0,0.975,0.7,1.02,0.37,0.79,0.92,0.02,0.29,1.58,1.33,0.0,1.09,0.27,0.0,0.0,2.56,0.0,0.0,1.0,1.0,0.0,1.0,1.0,0.0,0.0,1.0,0.0,0.0,1.0,0.0,0.0,1.0,1.0,1.0,0.0,0.0
ATurpKuYqg4,0.0,0.975,1.89,1.83,0.0,3.49,0.0,0.0,0.0,2.21,0.67,0.12,0.0,0.0,0.48,0.0,2.45,1.33,0.0,1.0,1.0,0.0,1.0,0.0,0.0,0.0,1.0,0.0,0.0,1.0,0.0,0.0,0.0,1.0,1.0,1.0,0.0
AUuZXLaqerc,0.5,0.8,1.685,0.225,0.405,0.705,0.55,2.4050000000000002,0.0,0.295,0.6950000000000001,0.0,1.665,0.59,0.19,0.0,0.0,0.0,0.0,1.0,1.0,1.0,0.0,0.5,1.0,0.0,0.0,0.5,0.0,0.5,0.0,0.0,0.0,0.0,0.0,1.0,0.0
AUvVSN8YWZs,1.5,0.9625,2.09,1.88,0.0,2.6550000000000002,0.6875,0.315,0.045,1.315,1.6875,0.7000000000000001,0.22999999999999998,0.0,0.0075,0.165,2.0475,0.8724999999999999,0.0,1.0,1.0,0.25,0.75,0.75,0.25,0.25,1.0,0.75,0.5,0.5,0.0,0.0,0.25,1.0,0.75,0.0,0.0
AV8WgtQu6JE,0.0,0.975,0.2,0.0,0.0,0.63,1.59,2.97,0.46,1.69,2.34,0.59,0.0,0.0,0.0,0.0,2.38,0.46,0.0,1.0,1.0,0.0,1.0,1.0,1.0,1.0,1.0,1.0,1.0,0.0,0.0,0.0,0.0,1.0,0.0,0.0,0.0
AVRltPV1VQE,1.0,0.3333333333333333,0.7433333333333333,0.18999999999999997,0.0,1.2866666666666668,0.5266666666666667,0.049999999999999996,0.13999999999999999,0.48,0.3833333333333333,0.18666666666666668,0.30333333333333334,0.6066666666666667,0.9433333333333334,0.24666666666666667,0.3066666666666667,0.5166666666666667,0.3466666666666667,1.0,1.0,0.3333333333333333,0.3333333333333333,0.6666666666666666,0.3333333333333333,0.3333333333333333,0.6666666666666666,0.3333333333333333,0.0,0.3333333333333333,0.0,0.3333333333333333,0.6666666666666666,0.3333333333333333,0.3333333333333333,1.0,0.3333333333333333
AY57GEPf2DQ,0.0,0.975,0.09,0.0,0.58,1.77,0.16,0.0,0.0,0.0,0.44,0.0,0.69,0.4,0.0,0.21,0.0,0.0,0.0,1.0,1.0,1.0,1.0,1.0,0.0,0.0,0.0,0.0,0.0,0.0,1.0,0.0,0.0,0.0,0.0,0.0,0.0
AYr7y-JfhN8,0.0,0.925,1.11,0.0,0.11,0.19,0.88,2.08,0.0,0.0,0.08,0.0,0.1,1.98,0.64,0.29,0.0,0.0,0.0,1.0,1.0,0.0,0.0,1.0,1.0,0.0,1.0,0.0,0.0,0.0,1.0,1.0,0.0,0.0,0.0,1.0,1.0
A_HLtsg4TVA,0.0,0.975,0.0,0.0,0.8,0.0,2.68,2.11,0.85,2.06,3.23,3.16,0.0,0.0,0.0,0.0,2.44,0.0,0.0,0.0,0.0,1.0,0.0,1.0,1.0,1.0,1.0,1.0,1.0,1.0,0.0,0.0,0.0,1.0,0.0,0.0,0.0
Abq7F6HGIX8,0.0,0.925,1.69,1.79,0.18,2.55,0.0,0.01,0.0,0.0,0.29,0.0,1.02,2.44,0.15,0.09,0.0,0.27,0.0,1.0,1.0,1.0,1.0,0.0,0.0,0.0,0.0,1.0,0.0,1.0,1.0,0.0,0.0,0.0,1.0,1.0,0.0
AhVOJm6v5Ig,0.0,0.975,0.03,0.0,0.0,1.01,1.63,1.38,0.0,1.8,2.08,0.0,0.43,0.0,0.0,0.0,2.75,1.47,0.0,1.0,0.0,0.0,0.0,1.0,1.0,0.0,1.0,1.0,0.0,1.0,0.0,0.0,0.0,1.0,1.0,0.0,0.0
AinyNd4rv2I,1.5,0.975,0.77,1.325,0.35,1.2525000000000002,0.0,0.0975,0.0,0.9650000000000001,0.30500000000000005,0.0,0.095,0.08,0.1475,0.0,2.0575,1.805,0.5725,1.0,1.0,0.25,0.5,0.0,0.0,0.0,0.5,0.25,0.0,0.5,0.0,0.25,0.0,1.0,1.0,0.5,0.5
Al7xFwszHQM,0.0,0.975,0.23,0.46,0.28,1.62,0.03,2.16,0.59,1.01,0.51,1.43,0.1,1.82,0.0,0.06,0.0,0.58,0.0,1.0,1.0,0.0,1.0,0.0,1.0,0.0,0.0,1.0,1.0,0.0,1.0,0.0,0.0,0.0,0.0,1.0,0.0
Al9Hk6_w2Qo,1.0,0.9249999999999999,0.13999999999999999,0.38999999999999996,0.8433333333333334,0.06333333333333334,1.8833333333333335,2.11,1.0433333333333332,1.01,2.513333333333333,0.8733333333333332,0.0,0.0,0.8666666666666667,0.049999999999999996,2.64,0.6699999999999999,0.33,0.0,0.6666666666666666,0.3333333333333333,0.0,1.0,0.6666666666666666,0.6666666666666666,1.0,1.0,0.6666666666666666,0.3333333333333333,0.0,0.3333333333333333,0.0,1.0,0.6666666666666666,0.0,0.3333333333333333
AmgEFzgnvP4,1.0,0.725,0.4000000000000001,0.0,0.3566666666666667,1.4933333333333332,0.35333333333333333,0.39000000000000007,0.0,0.5366666666666666,0.13,0.36999999999999994,0.4366666666666667,0.7066666666666667,0.35333333333333333,0.8366666666666666,0.6433333333333333,0.21,0.20666666666666667,1.0,1.0,0.3333333333333333,0.3333333333333333,0.3333333333333333,0.3333333333333333,0.0,0.3333333333333333,0.0,0.0,0.3333333333333333,0.6666666666666666,0.3333333333333333,0.3333333333333333,0.3333333333333333,0.0,0.3333333333333333,0.0
ApTB0sxAEpw,2.0,0.9650000000000001,0.174,0.172,0.184,0.48600000000000004,0.6719999999999999,0.762,0.0,0.48599999999999993,1.1400000000000001,0.966,0.0,0.0,0.118,0.0,1.0779999999999998,0.064,0.124,0.4,0.4,0.2,0.4,0.4,0.6,0.0,0.4,0.4,0.8,0.4,0.0,0.6,0.0,0.6,0.0,0.0,0.2
AqT2DLoO7Gs,0.5,0.975,1.08,0.025,0.0,0.0,1.39,1.095,0.575,1.8050000000000002,1.425,0.29,0.0,0.0,0.36,0.0,2.8049999999999997,1.835,1.315,0.5,0.5,0.5,0.0,1.0,0.5,0.5,1.0,0.5,0.5,0.5,0.0,0.5,0.0,1.0,1.0,0.0,1.0
Av4KKPcv_Ds,1.0,0.9416666666666668,0.4366666666666666,0.13666666666666666,0.03,0.0,0.22,0.6466666666666667,0.06333333333333334,0.06333333333333334,0.3766666666666667,0.4333333333333333,0.0,0.0,0.21999999999999997,0.0,0.6366666666666666,0.25666666666666665,0.33666666666666667,0.6666666666666666,1.0,0.0,0.6666666666666666,0.6666666666666666,0.3333333333333333,0.3333333333333333,0.3333333333333333,0.6666666666666666,0.6666666666666666,1.0,0.0,0.6666666666666666,0.0,0.6666666666666666,0.6666666666666666,0.0,0.6666666666666666
AwD4OYyEOUA,0.0,0.975,0.0,0.0,0.0,0.0,0.34,1.88,0.0,0.37,1.31,1.81,0.0,0.0,0.41,0.0,0.63,0.0,0.0,0.0,0.0,0.0,1.0,1.0,1.0,0.0,1.0,1.0,1.0,0.0,0.0,1.0,0.0,1.0,0.0,0.0,0.0
AwWl2LwQ2-c,0.0,0.975,0.69,0.0,0.0,0.0,4.01,2.7,1.06,3.35,3.64,2.06,0.0,0.0,0.0,0.0,3.73,0.95,0.54,0.0,0.0,0.0,0.0,1.0,1.0,1.0,1.0,1.0,1.0,0.0,0.0,0.0,0.0,1.0,1.0,0.0,1.0
Awe5mrMvJPI,3.0,0.7892857142857144,0.37285714285714283,0.29000000000000004,0.5328571428571429,0.6428571428571429,0.43571428571428567,0.32857142857142857,0.34428571428571425,1.0185714285714287,1.082857142857143,0.9471428571428572,0.29857142857142854,0.26285714285714284,0.5399999999999999,0.015714285714285715,0.6571428571428573,0.2942857142857143,0.35000000000000003,0.42857142857142855,0.7142857142857143,0.14285714285714285,0.2857142857142857,0.2857142857142857,0.7142857142857143,0.14285714285714285,0.42857142857142855,0.42857142857142855,0.42857142857142855,0.5714285714285714,0.2857142857142857,0.7142857142857143,0.0,0.5714285714285714,0.5714285714285714,0.14285714285714285,0.2857142857142857
AxJ1YGnc1nY,0.0,0.975,2.8,3.49,0.23,2.36,0.0,0.0,0.0,2.24,1.74,2.77,0.0,0.22,0.91,0.0,2.44,0.82,0.0,1.0,1.0,0.0,1.0,0.0,0.0,0.0,1.0,1.0,1.0,1.0,0.0,0.0,1.0,1.0,1.0,0.0,0.0
AyZZUJGMrio,0.0,0.775,0.57,0.0,0.0,0.0,1.63,1.11,1.06,0.64,0.53,0.0,1.44,2.35,0.38,0.06,0.0,0.05,0.0,0.0,1.0,0.0,0.0,0.0,1.0,0.0,0.0,0.0,0.0,1.0,1.0,0.0,0.0,1.0,1.0,1.0,0.0
B-MuZV0B91o,0.5,0.5,0.59,0.135,0.135,2.0949999999999998,0.18,0.845,0.225,0.0,0.0,0.0,0.225,0.92,0.855,0.53,0.83,0.565,0.0,0.5,0.5,0.0,0.5,0.0,0.5,0.0,0.0,0.0,0.0,1.0,0.5,0.0,0.5,0.5,0.5,1.0,0.0
B-Ux7ehmojs,0.5,0.975,0.645,0.0,1.03,0.33,0.63,0.375,0.38,1.7400000000000002,1.37,1.165,0.11,0.0,0.0,0.0,1.085,0.305,0.885,1.0,0.0,0.5,0.5,0.5,0.5,0.5,0.5,0.5,1.0,0.5,0.0,0.0,0.0,0.5,0.5,0.5,0.5
B5gs2MyCiRY,1.5,0.5,0.8,0.4525,0.5725,0.75,0.3025,0.6375,0.7975000000000001,0.4225,0.6675,1.2149999999999999,1.1575,1.3975,0.0925,0.65,0.36750000000000005,1.36,0.28,0.75,1.0,0.25,0.75,0.5,0.75,0.5,0.5,0.5,0.75,0.5,0.25,0.5,0.25,0.5,0.75,0.5,0.25
B7Hi2gCYx0g,5.5,0.9291666666666667,0.24666666666666667,0.075,0.9158333333333334,0.10916666666666668,0.18500000000000003,1.0433333333333332,0.6366666666666666,0.05583333333333334,0.06583333333333334,0.049166666666666664,0.24250000000000002,0.5258333333333334,0.3775,0.13583333333333333,0.0825,0.38666666666666666,0.07833333333333332,0.5833333333333334,0.5833333333333334,0.8333333333333334,0.16666666666666666,0.3333333333333333,0.75,0.3333333333333333,0.0,0.08333333333333333,0.5,0.3333333333333333,0.6666666666666666,0.75,0.25,0.25,0.4166666666666667,0.16666666666666666,0.5833333333333334
B7SbnMo9r5Q,0.0,0.975,0.0,0.0,0.0,0.59,1.38,1.94,0.0,0.9,1.82,0.49,0.0,0.0,0.0,0.0,1.73,1.15,0.0,1.0,1.0,0.0,1.0,1.0,1.0,0.0,1.0,1.0,1.0,0.0,0.0,1.0,0.0,1.0,1.0,0.0,1.0
B7bX5AlQu6c,0.5,0.7,0.315,0.0,0.0,1.545,0.905,0.715,0.59,1.605,0.9850000000000001,0.0,0.51,0.305,0.0,0.0,0.695,0.45499999999999996,0.4,1.0,1.0,0.0,0.0,0.5,0.5,0.0,0.5,0.5,0.0,0.5,0.0,0.0,0.0,0.0,0.5,1.0,0.0
B8d7D1Idinw,1.0,0.8916666666666666,0.45,0.11666666666666665,0.22999999999999998,0.29333333333333333,0.0,0.7466666666666666,0.09000000000000001,0.06333333333333334,0.34,0.22,0.27,0.5533333333333333,0.3333333333333333,0.38999999999999996,0.04,1.3066666666666666,0.57,0.3333333333333333,1.0,0.6666666666666666,0.3333333333333333,0.0,0.3333333333333333,0.0,0.0,0.0,0.6666666666666666,1.0,0.6666666666666666,0.6666666666666666,0.6666666666666666,0.0,0.6666666666666666,0.0,0.6666666666666666
B9UfnHQWJZc,1.0,0.975,0.19333333333333333,0.05333333333333334,0.13666666666666666,0.42333333333333334,0.51,0.0,0.18666666666666668,0.7366666666666667,0.7333333333333334,1.0833333333333333,0.09999999999999999,0.5966666666666667,0.24,0.21333333333333335,0.3433333333333333,0.31,0.02666666666666667,0.6666666666666666,1.0,0.3333333333333333,1.0,0.3333333333333333,0.0,0.3333333333333333,0.3333333333333333,0.3333333333333333,0.6666666666666666,0.0,0.3333333333333333,0.3333333333333333,0.6666666666666666,0.3333333333333333,0.3333333333333333,0.3333333333333333,0.3333333333333333
BD2RRl7wPMw,1.0,0.975,0.02666666666666667,0.0,0.16666666666666666,0.0,1.1766666666666667,1.03,0.07666666666666667,1.0233333333333334,1.6933333333333334,0.9133333333333334,0.02,0.08666666666666667,0.47666666666666674,0.0,0.6166666666666666,0.17666666666666667,0.04,0.6666666666666666,0.3333333333333333,0.0,0.0,0.6666666666666666,0.6666666666666666,0.3333333333333333,0.6666666666666666,1.0,1.0,0.6666666666666666,0.0,0.6666666666666666,0.0,0.3333333333333333,0.3333333333333333,0.0,0.3333333333333333
BFRmS1RSYYY,0.5,0.975,1.11,1.7,0.655,2.43,1.33,1.305,0.055,1.91,2.285,1.03,0.0,0.0,0.0,0.115,2.625,0.0,0.0,1.0,0.5,0.5,0.5,1.0,0.5,0.0,1.0,1.0,1.0,0.5,0.0,0.5,0.0,1.0,0.5,0.0,0.0
BFndAL9KPc0,2.5,0.9583333333333334,0.6166666666666667,0.6316666666666667,0.0,0.86,0.2816666666666667,0.35333333333333333,0.0,0.3466666666666667,0.7033333333333333,0.44166666666666665,0.19166666666666665,0.13,0.065,0.04833333333333334,0.84,0.6966666666666667,0.025000000000000005,0.6666666666666666,0.6666666666666666,0.0,0.3333333333333333,0.3333333333333333,0.16666666666666666,0.0,0.16666666666666666,0.3333333333333333,0.3333333333333333,0.8333333333333334,0.16666666666666666,0.16666666666666666,0.0,0.8333333333333334,0.8333333333333334,0.8333333333333334,0.0
BHR9ht4QVuM,0.0,0.975,0.0,0.55,0.0,0.81,2.23,0.73,0.83,1.42,2.62,1.89,0.0,0.99,0.97,1.37,0.97,1.12,0.0,0.0,1.0,0.0,0.0,1.0,1.0,1.0,1.0,1.0,1.0,0.0,1.0,1.0,1.0,0.0,0.0,0.0,0.0
BKBIU-YJJc8,0.5,0.925,0.945,0.35,0.665,0.425,0.03,0.0,0.935,1.35,0.025,0.25,1.04,0.835,0.0,0.0,0.085,0.825,0.26,0.5,0.5,1.0,0.0,0.0,0.0,0.5,0.0,0.0,0.5,1.0,0.5,1.0,0.0,0.0,0.0,1.0,0.5
BKKZBeRVSfw,4.5,0.8525,0.592,0.22599999999999998,0.623,0.531,0.194,0.9349999999999999,0.22600000000000003,0.329,0.383,0.5599999999999999,0.128,0.065,0.12000000000000002,0.101,0.33399999999999996,0.37,0.031,0.9,0.7,0.8,0.6,0.3,0.5,0.2,0.2,0.5,0.6,0.6,0.1,0.6,0.1,0.5,0.6,0.2,0.6
BKi1QTM3Rto,1.0,0.3416666666666666,0.9966666666666666,0.4633333333333333,0.81,0.45999999999999996,0.31,0.8233333333333334,0.0,0.23666666666666666,0.08666666666666667,0.34,0.39666666666666667,0.49666666666666665,0.04,0.4466666666666667,1.0433333333333332,0.8166666666666668,0.13666666666666666,1.0,1.0,0.3333333333333333,0.3333333333333333,0.3333333333333333,0.3333333333333333,0.0,0.3333333333333333,0.0,0.3333333333333333,0.6666666666666666,0.6666666666666666,0.0,0.3333333333333333,0.3333333333333333,0.3333333333333333,0.6666666666666666,0.3333333333333333
BNEcbKDIIgg,1.0,0.9416666666666668,1.5133333333333334,0.7266666666666667,0.0,0.5766666666666667,0.0,0.0,0.0,0.51,0.61,0.21666666666666667,0.59,0.5333333333333333,0.18999999999999997,0.09000000000000001,0.8799999999999999,0.6566666666666666,0.0,1.0,0.6666666666666666,0.0,0.3333333333333333,0.0,0.0,0.0,0.6666666666666666,0.3333333333333333,0.6666666666666666,1.0,0.3333333333333333,0.3333333333333333,0.0,0.6666666666666666,0.6666666666666666,0.3333333333333333,0.3333333333333333
BNdsUvQjNp4,5.0,0.6022727272727273,1.2154545454545456,0.33818181818181814,0.58,0.9472727272727273,0.1281818181818182,0.18363636363636363,0.10272727272727274,0.2772727272727273,0.24000000000000002,0.28818181818181815,0.5081818181818182,0.48363636363636364,0.859090909090909,0.3381818181818182,0.3309090909090909,0.47181818181818186,0.3290909090909091,0.9090909090909091,0.9090909090909091,0.5454545454545454,0.6363636363636364,0.09090909090909091,0.45454545454545453,0.09090909090909091,0.36363636363636365,0.2727272727272727,0.18181818181818182,0.7272727272727273,0.36363636363636365,0.5454545454545454,0.45454545454545453,0.5454545454545454,0.6363636363636364,0.6363636363636364,0.7272727272727273
BPm6ggIwMzQ,0.5,0.95,1.62,2.555,0.0,3.9,0.0,0.0,0.0,0.08,0.0,0.0,0.13,0.71,0.0,0.0,0.14,0.97,0.175,1.0,0.5,0.0,1.0,0.0,0.0,0.0,0.0,0.0,0.0,0.5,0.5,0.0,0.0,0.5,1.0,0.5,0.0
BROKaSugx-Q,0.0,0.875,1.26,0.0,0.0,0.0,0.96,0.0,0.0,0.78,1.68,0.13,0.0,0.0,0.0,2.14,0.0,0.0,0.28,1.0,1.0,0.0,0.0,1.0,1.0,0.0,1.0,1.0,1.0,1.0,1.0,1.0,1.0,0.0,0.0,0.0,0.0
BTkkdlCE-7c,0.0,0.975,0.0,0.0,0.0,0.0,1.42,2.41,0.0,2.5,2.68,0.11,0.0,0.0,0.1,0.0,2.41,0.72,0.0,1.0,1.0,0.0,0.0,1.0,1.0,0.0,1.0,1.0,1.0,1.0,0.0,1.0,0.0,1.0,0.0,0.0,1.0
BUCANbJ9rZs,0.5,0.9,1.35,0.67,0.0,1.89,1.075,1.3800000000000001,0.0,0.73,1.7600000000000002,0.485,0.16,0.0,0.155,0.0,1.5150000000000001,0.0,0.115,1.0,1.0,0.0,0.5,0.5,0.5,0.0,0.0,1.0,0.5,0.5,0.0,0.0,0.0,1.0,0.5,0.0,0.0
BW96eqdLf_I,0.0,0.975,1.99,0.2,0.0,1.04,0.0,0.96,0.0,0.0,0.0,0.0,5.0,0.0,0.0,0.0,0.56,0.0,0.0,1.0,1.0,0.0,0.0,0.0,0.0,0.0,0.0,0.0,0.0,0.0,0.0,0.0,0.0,1.0,0.0,1.0,0.0
BYqGB4NyzDI,0.0,0.025,0.97,0.0,0.42,1.6,1.23,0.29,0.26,0.39,1.07,0.0,0.12,1.12,0.6,0.36,0.0,0.0,0.47,1.0,1.0,1.0,0.0,0.0,0.0,0.0,0.0,0.0,0.0,1.0,1.0,0.0,0.0,0.0,0.0,0.0,0.0
BZA1TUcHa4k,0.0,0.975,0.29,0.0,0.99,0.0,0.0,0.0,0.18,0.0,0.0,0.0,0.61,0.76,0.0,0.41,0.0,1.64,0.47,1.0,1.0,1.0,0.0,0.0,0.0,0.0,0.0,0.0,0.0,1.0,1.0,1.0,0.0,0.0,1.0,1.0,1.0
BZNzNVKim6w,0.5,0.975,1.0350000000000001,0.0,1.415,0.09,0.0,0.37,0.0,0.11,0.0,0.0,0.4,0.41,0.0,0.53,0.0,0.01,0.0,1.0,0.5,1.0,0.5,0.0,1.0,0.0,0.0,0.0,0.5,0.5,0.5,0.5,1.0,0.5,0.0,0.5,0.5
B_h7W5zTbnk,1.0,0.3,0.42333333333333334,0.0,0.3333333333333333,0.27666666666666667,0.6566666666666666,1.1866666666666668,0.37666666666666665,0.8266666666666667,0.6966666666666667,0.0,0.36000000000000004,0.37666666666666665,0.7966666666666667,0.06333333333333334,0.9766666666666667,0.9366666666666666,0.06999999999999999,0.3333333333333333,0.6666666666666666,0.6666666666666666,0.3333333333333333,0.3333333333333333,0.3333333333333333,0.3333333333333333,0.3333333333333333,0.3333333333333333,0.0,0.3333333333333333,0.3333333333333333,0.0,0.0,0.3333333333333333,0.3333333333333333,0.0,0.6666666666666666
BaxCa7M2I_s,0.0,0.875,0.0,0.0,0.0,0.94,0.59,1.94,0.62,0.42,0.76,0.0,0.9,0.0,1.33,0.0,2.55,0.77,0.0,0.0,1.0,0.0,1.0,1.0,1.0,0.0,1.0,1.0,0.0,1.0,0.0,1.0,0.0,1.0,1.0,0.0,0.0
BbfRMeClL5M,0.5,0.975,0.885,0.98,0.0,0.2,2.125,0.37,0.0,1.31,2.73,1.125,0.085,0.41,0.505,1.045,1.28,0.205,0.89,1.0,1.0,0.0,0.0,0.5,0.5,0.0,1.0,1.0,1.0,1.0,0.5,1.0,1.0,0.5,0.0,0.0,0.5
BboemeR1PcA,2.0,0.365,0.154,0.0,0.48200000000000004,2.17,0.376,0.6599999999999999,0.0,0.016,0.22400000000000003,0.008,0.8959999999999999,0.326,0.53,0.044,0.172,0.562,0.0,0.6,1.0,0.2,0.6,0.4,0.4,0.0,0.2,0.2,0.2,0.6,0.2,0.6,0.2,0.4,0.2,0.0,0.2
BcNZNEZvU84,0.5,0.925,1.005,0.195,0.77,0.0,0.205,0.165,0.435,0.445,0.45,0.385,0.45499999999999996,0.0,0.16,0.105,0.835,0.115,0.0,0.5,0.5,0.5,0.5,0.0,0.0,0.5,1.0,0.5,0.5,1.0,0.0,0.5,0.0,0.5,0.5,0.0,0.0
Bfr7zkTXL9A,0.5,0.47500000000000003,0.765,0.0,0.0,0.685,0.0,0.07,0.0,0.22,0.325,0.75,0.315,0.875,0.62,0.075,0.0,0.385,0.045,0.5,0.5,0.0,0.5,0.0,0.0,0.0,0.5,0.0,0.5,0.5,0.5,0.5,0.5,1.0,0.5,0.0,0.0
BfyuKROBWyE,0.5,0.975,1.03,1.215,0.0,0.19,2.0300000000000002,1.835,0.455,1.665,3.185,1.2799999999999998,0.08499999999999999,0.0,0.45,0.0,2.715,0.825,0.0,1.0,1.0,0.0,0.0,1.0,1.0,0.0,1.0,1.0,1.0,0.0,0.0,0.0,0.0,1.0,1.0,0.0,0.0
BgC1dsQDFRU,0.5,0.975,0.215,0.64,0.96,0.16,0.1,1.185,1.075,0.465,0.045,1.4649999999999999,0.675,0.515,0.25,0.01,0.96,0.755,1.205,0.0,1.0,0.0,0.5,0.0,0.5,0.5,0.5,0.0,1.0,1.0,0.5,0.0,0.5,0.5,0.5,0.0,0.5
BjaKfnWjX9Y,2.5,0.975,1.3666666666666665,0.20833333333333334,1.0833333333333333,0.6033333333333334,0.45166666666666666,0.5316666666666666,0.17333333333333334,1.0033333333333332,0.7083333333333334,0.3983333333333334,0.4116666666666667,0.33,0.05666666666666667,0.028333333333333335,1.0216666666666667,0.305,0.05000000000000001,0.8333333333333334,0.8333333333333334,0.5,0.0,0.3333333333333333,0.5,0.16666666666666666,0.5,0.5,0.3333333333333333,0.5,0.3333333333333333,0.0,0.0,0.6666666666666666,0.6666666666666666,0.5,0.16666666666666666
Bnc7liFjcvc,2.0,0.4,0.5720000000000001,0.382,0.194,1.536,0.164,0.5720000000000001,0.308,0.414,0.38,0.372,1.52,0.14200000000000002,0.122,0.19,0.9960000000000001,0.5900000000000001,0.004,0.2,0.8,0.6,0.6,0.0,0.2,0.4,0.4,0.2,0.2,0.2,0.2,0.0,0.2,0.8,0.4,0.6,0.6
BppgvPJZMlA,0.0,0.975,1.57,0.0,0.41,0.0,1.02,1.52,0.0,0.47,0.72,0.14,0.43,0.0,0.56,0.0,1.75,0.0,0.39,1.0,1.0,1.0,0.0,1.0,1.0,0.0,1.0,1.0,1.0,1.0,0.0,1.0,0.0,1.0,0.0,0.0,1.0
Bta_XWrA5lA,0.5,0.95,0.165,0.065,0.0,0.01,1.355,0.63,0.0,1.46,2.12,0.785,0.16,0.035,0.355,0.025,1.165,0.51,0.04,0.5,0.5,0.0,0.0,1.0,0.5,0.0,1.0,1.0,0.5,0.5,0.0,0.5,0.0,0.5,0.5,0.0,0.0
BulWyYdhpFE,0.0,0.975,0.06,0.0,2.23,0.0,1.49,2.6,0.83,0.5,1.56,0.83,0.0,0.0,1.04,0.27,1.52,0.32,0.25,0.0,0.0,1.0,0.0,1.0,1.0,1.0,1.0,1.0,1.0,0.0,0.0,0.0,1.0,1.0,1.0,0.0,1.0
Bv0XZHD98ss,0.0,0.975,0.6,1.04,0.04,1.72,0.0,0.0,0.0,0.12,0.0,0.0,0.0,0.55,0.0,0.0,0.16,0.5,0.0,1.0,1.0,0.0,1.0,0.0,0.0,0.0,0.0,0.0,0.0,1.0,1.0,0.0,0.0,0.0,1.0,0.0,0.0
C-LeFb0JS8k,0.0,0.975,0.0,0.0,0.0,0.0,2.56,0.55,1.36,1.62,2.43,1.97,0.0,1.21,0.82,0.66,0.05,0.32,0.02,0.0,0.0,0.0,0.0,1.0,1.0,1.0,1.0,1.0,1.0,1.0,1.0,0.0,1.0,0.0,0.0,0.0,0.0
C1EwhDGdv14,0.0,0.975,0.51,0.24,0.0,0.67,0.0,0.0,0.0,0.0,0.63,0.0,0.1,0.0,0.0,0.0,1.63,1.07,0.0,1.0,1.0,0.0,1.0,0.0,0.0,0.0,0.0,1.0,0.0,0.0,0.0,0.0,0.0,1.0,1.0,0.0,0.0
C1ME3ETxuls,0.0,0.975,1.88,0.27,0.85,0.99,0.57,1.93,0.0,0.0,0.41,0.03,0.71,1.4,0.48,0.12,0.0,0.0,0.42,1.0,1.0,1.0,1.0,1.0,0.0,0.0,0.0,0.0,0.0,1.0,1.0,0.0,0.0,0.0,0.0,1.0,0.0
C7JiTweF3xY,0.0,0.975,0.0,0.4,0.0,0.0,0.0,0.36,0.4,0.75,0.0,1.16,0.63,1.22,0.66,0.03,0.22,1.12,0.0,0.0,1.0,0.0,1.0,0.0,0.0,0.0,1.0,0.0,1.0,1.0,1.0,0.0,0.0,1.0,1.0,1.0,0.0
C8O7aUkka4o,0.0,0.975,0.49,0.95,2.01,1.02,1.26,2.09,2.02,1.17,0.0,0.76,0.56,0.0,0.49,0.0,3.23,0.9,0.0,0.0,0.0,1.0,1.0,1.0,1.0,1.0,1.0,0.0,0.0,1.0,0.0,0.0,0.0,1.0,1.0,0.0,0.0
CBmNk9pSsy4,0.0,0.975,0.42,0.48,0.0,0.0,0.42,0.0,0.0,1.03,1.9,0.84,0.0,0.0,0.4,0.0,2.53,1.15,0.0,1.0,1.0,0.0,0.0,1.0,1.0,0.0,1.0,1.0,1.0,0.0,0.0,0.0,0.0,1.0,1.0,0.0,0.0
CDjZrY9CrNI,0.5,0.025,1.47,0.22,0.25,0.635,0.505,1.51,0.0,1.045,0.425,0.0,1.43,0.435,0.635,0.265,0.0,0.0,0.185,1.0,1.0,0.5,0.0,0.5,0.5,0.0,0.0,0.0,0.0,1.0,0.0,0.5,0.5,0.0,0.0,1.0,0.0
CEfyMNrHkMs,0.5,0.925,0.9400000000000001,0.0,0.375,0.755,1.165,0.0,0.125,1.98,2.015,1.445,0.0,0.0,0.21,0.0,1.415,0.0,0.08499999999999999,1.0,0.5,0.5,1.0,0.5,0.0,0.0,1.0,1.0,1.0,0.0,0.0,0.0,0.0,1.0,0.5,0.5,0.5
CHCTHOi4ggk,1.0,0.9416666666666668,0.5233333333333333,0.3333333333333333,0.21333333333333335,0.35000000000000003,0.22,0.37000000000000005,0.09666666666666666,0.5533333333333333,0.66,1.0166666666666666,0.0,0.19666666666666666,0.15333333333333332,0.0,0.9433333333333332,0.9466666666666667,0.6366666666666667,0.6666666666666666,0.6666666666666666,0.0,0.0,0.6666666666666666,0.6666666666666666,0.3333333333333333,0.3333333333333333,0.3333333333333333,0.6666666666666666,0.0,0.0,0.0,0.0,0.3333333333333333,0.3333333333333333,0.0,0.0
CI12BF_pW34,0.0,0.875,2.02,2.23,0.57,3.63,0.36,0.0,0.0,0.99,1.02,0.52,0.51,0.88,0.0,0.17,0.64,0.0,1.05,1.0,1.0,0.0,1.0,0.0,0.0,0.0,0.0,1.0,0.0,1.0,1.0,1.0,1.0,1.0,0.0,0.0,0.0
CI8PSPP9vlE,0.5,0.925,0.45,0.20500000000000002,0.06,0.565,0.0,0.0,0.4,1.18,0.795,0.62,0.715,1.3,0.32,1.95,0.37,0.34,0.0,1.0,1.0,0.5,0.0,0.0,0.0,0.0,0.5,0.5,1.0,1.0,1.0,1.0,0.5,0.0,0.0,0.0,0.0
CIvsSPNAzGg,0.0,0.775,0.27,0.56,0.0,1.29,0.0,0.45,0.0,0.0,0.0,0.0,0.0,1.13,0.0,0.19,0.08,0.16,0.68,0.0,1.0,1.0,1.0,0.0,1.0,0.0,0.0,0.0,0.0,0.0,1.0,0.0,0.0,0.0,0.0,1.0,1.0
CIzI1u5i8B8,0.0,0.975,0.83,0.58,0.0,0.0,2.37,1.09,0.79,2.1,2.17,0.28,1.18,0.0,0.23,0.0,2.49,1.4,0.77,1.0,0.0,0.0,0.0,1.0,1.0,0.0,1.0,1.0,0.0,1.0,0.0,1.0,0.0,1.0,1.0,0.0,1.0
CMnFoW7jj94,2.0,0.58,1.064,0.258,0.844,0.716,0.024,0.182,0.22799999999999998,0.842,0.22999999999999998,0.398,0.9119999999999999,1.0859999999999999,0.6459999999999999,0.0,1.1560000000000001,0.818,0.292,1.0,0.8,0.6,0.2,0.0,0.0,0.0,0.6,0.2,0.4,1.0,0.8,0.6,0.0,0.6,0.2,0.4,0.4
CO1pMhYZZcw,2.5,0.7166666666666667,1.1183333333333334,0.9550000000000001,0.785,1.8016666666666667,0.36000000000000004,1.11,0.19833333333333333,0.3433333333333333,0.41500000000000004,0.19999999999999998,0.37666666666666665,0.36833333333333335,0.28833333333333333,0.14333333333333334,0.7783333333333333,0.7883333333333334,0.2383333333333333,1.0,0.8333333333333334,0.3333333333333333,0.6666666666666666,0.3333333333333333,0.3333333333333333,0.16666666666666666,0.3333333333333333,0.6666666666666666,0.3333333333333333,0.3333333333333333,0.16666666666666666,0.16666666666666666,0.16666666666666666,0.6666666666666666,0.6666666666666666,0.3333333333333333,0.16666666666666666
CO418oACsEk,0.0,0.975,1.19,0.0,0.0,1.93,0.96,0.0,0.0,0.51,1.33,0.99,0.02,0.75,2.0,0.33,0.0,0.0,0.0,1.0,1.0,0.0,1.0,1.0,0.0,0.0,1.0,1.0,0.0,0.0,1.0,1.0,0.0,0.0,0.0,1.0,0.0
CP6ijUixGdk,1.5,0.975,0.3075,0.44999999999999996,0.0,0.8325,0.0,0.2025,0.03,0.0,0.3275,0.3925,0.25,0.024999999999999998,0.3375,0.0,0.10999999999999999,0.0,0.1675,0.25,0.5,0.0,0.75,0.0,0.0,0.25,0.25,0.5,0.75,0.25,0.0,0.75,0.0,0.25,0.0,0.0,0.25
CProayVgLIE,0.5,0.85,0.865,0.0,0.645,1.21,0.175,0.0,0.075,0.955,0.0,1.135,1.7149999999999999,0.34,0.0,0.545,0.19,1.7850000000000001,0.0,0.5,1.0,1.0,0.5,0.0,0.0,0.5,0.0,0.0,0.0,0.5,0.5,0.5,0.5,0.0,0.0,1.0,0.0
CQ0T7YZI2BM,1.5,0.40625,0.6924999999999999,0.375,0.0,0.5825,0.4325,0.7525000000000001,0.0925,0.315,0.49,0.315,0.6725,0.6375,0.8075,0.31,0.5425,0.5525,0.08,0.25,0.75,0.0,0.25,0.5,0.75,0.25,0.25,0.5,0.25,0.5,0.25,0.75,0.75,0.5,0.25,0.0,0.0
CUhaitHEAZE,0.5,0.975,0.05,0.0,0.38,0.0,0.43,0.58,1.135,0.48,0.195,1.015,1.035,1.96,1.465,0.625,0.295,0.79,0.23,0.5,0.5,0.5,0.5,0.0,0.5,1.0,0.5,0.5,0.5,1.0,1.0,1.0,0.5,0.5,0.5,1.0,0.5
CUlbqob5Njg,0.0,0.925,1.32,0.0,0.47,0.0,0.62,0.0,0.43,0.79,0.7,1.49,0.78,1.04,0.0,0.53,0.0,0.0,1.69,0.0,1.0,1.0,0.0,1.0,0.0,1.0,0.0,0.0,1.0,1.0,1.0,1.0,1.0,0.0,0.0,1.0,1.0
CVh4qFE8YiQ,0.0,0.975,0.51,0.0,0.12,0.0,1.65,3.21,0.78,1.48,0.29,1.89,1.03,1.52,0.0,0.07,0.71,1.54,0.0,0.0,0.0,1.0,0.0,1.0,1.0,1.0,1.0,1.0,1.0,1.0,1.0,1.0,0.0,0.0,0.0,1.0,1.0
CXDbQA56OQU,1.0,0.8250000000000001,0.0,0.0,0.6633333333333334,0.15,1.1066666666666667,2.033333333333333,0.4166666666666667,1.28,0.4533333333333333,0.30333333333333334,1.0733333333333333,0.016666666666666666,0.20333333333333334,0.35000000000000003,0.7399999999999999,0.3833333333333333,0.16,0.0,0.0,0.6666666666666666,0.0,1.0,0.6666666666666666,0.6666666666666666,0.3333333333333333,0.6666666666666666,0.6666666666666666,1.0,0.0,0.6666666666666666,0.3333333333333333,0.6666666666666666,0.6666666666666666,0.3333333333333333,0.3333333333333333
C__iyWJkjgc,0.0,0.925,0.0,0.0,0.0,2.12,1.34,1.6,0.0,0.14,0.33,0.0,0.0,0.0,1.26,0.0,3.27,0.0,0.0,0.0,1.0,0.0,1.0,1.0,1.0,1.0,1.0,1.0,0.0,0.0,0.0,1.0,0.0,1.0,1.0,1.0,0.0
CdQ1PfaRd7k,0.5,0.025,0.265,0.0,0.285,1.69,0.655,0.305,0.0,0.535,0.635,0.0,2.8200000000000003,0.865,1.915,0.565,1.475,0.175,0.0,0.5,1.0,0.5,1.0,0.5,0.5,0.0,0.0,0.0,0.0,0.0,0.5,0.0,0.5,0.5,0.0,0.5,0.0
Cf3Xnr120c0,0.5,0.375,2.825,1.195,0.0,0.28,0.31,2.805,0.0,0.86,1.165,2.5,0.27,0.33,0.045,1.03,1.04,2.8049999999999997,0.665,1.0,1.0,0.5,0.5,0.0,0.5,0.0,0.0,0.5,0.5,0.5,0.0,0.5,0.5,0.5,0.0,1.0,0.5
CfCIaFiJPBs,0.0,0.975,2.51,0.69,1.09,0.66,1.61,1.32,0.0,1.64,1.97,0.73,0.0,0.0,0.42,0.0,2.54,1.11,0.0,1.0,1.0,0.0,1.0,1.0,0.0,0.0,1.0,1.0,0.0,0.0,0.0,0.0,0.0,1.0,1.0,0.0,0.0
CoqKIUMLLCY,0.5,0.975,2.08,2.24,0.0,1.915,0.0,0.0,0.02,0.30500000000000005,0.45,0.8899999999999999,0.545,0.0,0.21500000000000002,0.0,0.86,0.69,0.0,1.0,1.0,0.0,0.5,0.0,0.0,0.5,1.0,0.5,1.0,0.5,0.0,0.5,0.0,0.5,0.5,0.5,0.0
Ct9V0Tca4go,0.0,0.975,1.04,0.49,0.31,0.9,0.64,2.47,0.03,0.57,0.0,0.0,0.57,0.0,0.0,0.0,0.0,0.0,0.12,1.0,0.0,0.0,0.0,1.0,1.0,0.0,0.0,0.0,0.0,0.0,0.0,0.0,0.0,0.0,0.0,0.0,0.0
CuLmlHo7Wrk,0.0,0.975,0.0,0.0,0.11,0.0,1.58,1.3,0.79,0.68,1.7,1.58,0.0,0.79,0.75,0.74,0.0,0.19,0.0,0.0,0.0,0.0,0.0,1.0,0.0,0.0,1.0,1.0,1.0,1.0,1.0,1.0,0.0,0.0,0.0,0.0,0.0
CvGutuE0Klg,0.5,0.95,1.085,1.425,0.215,0.99,0.635,0.52,0.685,1.155,1.0599999999999998,0.6699999999999999,0.085,0.07,0.0,0.04,1.255,0.785,0.25,1.0,1.0,0.0,0.5,0.5,0.5,0.0,0.5,0.5,1.0,0.5,0.0,0.0,0.0,0.5,1.0,0.0,0.0
CxVeCZTZQGQ,0.0,0.925,1.59,0.0,0.18,3.4,0.64,0.0,0.0,1.01,0.76,0.0,0.0,0.0,0.46,0.0,1.69,0.0,0.0,1.0,1.0,0.0,1.0,0.0,0.0,0.0,1.0,1.0,0.0,0.0,0.0,1.0,0.0,1.0,1.0,1.0,0.0
D31_n-pcFTo,1.0,0.8250000000000001,1.2,0.5266666666666666,0.75,0.4566666666666667,0.0,0.39666666666666667,0.09666666666666666,0.5233333333333333,0.29,0.35000000000000003,0.91,0.5566666666666666,0.5,0.006666666666666667,0.5066666666666667,1.0233333333333332,1.0166666666666666,0.6666666666666666,0.6666666666666666,1.0,0.3333333333333333,0.0,0.6666666666666666,0.3333333333333333,0.3333333333333333,0.0,0.3333333333333333,1.0,0.3333333333333333,0.3333333333333333,0.0,0.3333333333333333,0.6666666666666666,0.0,0.6666666666666666
D6WGeXeVhU4,1.5,0.6875,0.9,0.0475,1.045,0.77,0.2375,0.335,0.1,0.8375,0.5575,0.38499999999999995,0.5575,0.04,0.585,0.37,0.16999999999999998,0.38,0.055,1.0,1.0,0.5,0.25,0.25,0.25,0.0,0.5,0.75,0.5,1.0,0.25,0.5,0.75,0.25,0.25,0.0,0.0
DA9_bU3NGbk,0.0,0.975,1.26,1.29,0.0,0.0,0.35,0.0,0.0,1.01,1.71,1.17,0.0,0.0,0.0,0.0,0.0,0.88,0.62,1.0,1.0,0.0,0.0,0.0,0.0,0.0,0.0,1.0,1.0,1.0,0.0,1.0,0.0,0.0,1.0,0.0,1.0
DBpt9uDRdsY,0.5,0.5,1.08,0.0,0.0,0.325,1.6149999999999998,0.875,0.45499999999999996,1.335,1.7349999999999999,0.93,0.35,1.05,0.0,0.105,1.405,0.37,0.63,0.5,0.5,0.0,0.0,1.0,0.5,0.0,1.0,0.5,0.5,0.5,0.5,0.0,0.0,0.5,0.5,0.0,0.5
DCpP4sxcDXw,0.5,0.925,0.74,0.28,0.59,0.155,1.765,1.72,0.48000000000000004,1.425,1.73,1.05,0.13,0.14,0.24,0.07,1.25,0.525,0.0,1.0,1.0,1.0,0.0,0.5,0.5,0.5,1.0,1.0,1.0,1.0,0.0,0.0,0.0,1.0,0.5,0.0,0.5
DFWtrZTfyAg,0.0,0.975,1.37,0.99,0.0,0.0,1.39,2.68,0.12,2.72,2.68,1.29,0.0,0.0,0.41,0.0,2.69,0.36,0.0,1.0,1.0,0.0,0.0,1.0,1.0,0.0,1.0,1.0,1.0,0.0,0.0,0.0,0.0,1.0,0.0,0.0,1.0
DFX3IvmoO18,5.5,0.9708333333333333,0.3025,0.04416666666666667,0.051666666666666666,0.145,1.1783333333333335,1.3833333333333335,0.30916666666666665,0.8716666666666667,1.5608333333333333,0.9333333333333335,0.0016666666666666668,0.015833333333333335,0.22083333333333333,0.060000000000000005,1.0816666666666668,0.35250000000000004,0.16333333333333333,0.5833333333333334,0.3333333333333333,0.16666666666666666,0.16666666666666666,0.8333333333333334,0.75,0.3333333333333333,0.75,0.8333333333333334,0.8333333333333334,0.25,0.0,0.5,0.08333333333333333,0.5833333333333334,0.5,0.0,0.4166666666666667
DFbN0VZLWKQ,2.0,0.7849999999999999,1.204,0.348,1.314,0.678,0.284,0.426,0.268,0.986,0.516,0.7140000000000001,0.65,0.374,0.20400000000000001,0.192,0.396,0.356,0.422,0.8,1.0,0.6,0.6,0.2,0.4,0.4,0.8,0.2,0.4,0.8,0.2,0.2,0.4,0.6,0.2,0.8,0.4
DG-ZLIbE4Xs,0.0,0.975,0.0,1.03,0.0,2.88,0.0,0.0,0.06,0.0,0.0,0.0,0.0,0.0,0.0,0.0,0.75,0.0,0.0,1.0,1.0,0.0,1.0,0.0,0.0,1.0,0.0,0.0,0.0,0.0,0.0,0.0,0.0,1.0,1.0,1.0,0.0
DHNrVmGb_Us,0.0,0.975,0.93,0.79,0.0,0.0,1.13,1.72,0.0,1.19,1.92,0.87,0.0,0.2,0.0,0.09,0.4,0.14,0.75,1.0,1.0,0.0,0.0,1.0,1.0,0.0,1.0,1.0,1.0,0.0,0.0,0.0,0.0,0.0,0.0,0.0,1.0
DJNNrntBTjQ,0.0,0.975,1.65,0.78,0.34,1.29,1.86,0.85,0.86,3.49,3.12,1.81,0.0,0.0,0.0,0.46,1.86,0.0,0.18,1.0,1.0,0.0,1.0,1.0,1.0,0.0,1.0,1.0,1.0,0.0,0.0,1.0,0.0,1.0,1.0,0.0,0.0
DMbzEAjrQ20,1.0,0.975,0.3466666666666667,0.37666666666666665,0.20666666666666667,1.2333333333333334,0.0,0.4033333333333333,0.0,0.35333333333333333,0.21,0.16,0.14333333333333334,0.0,0.13666666666666666,0.0,1.6966666666666665,1.3499999999999999,0.7833333333333333,0.6666666666666666,0.3333333333333333,0.6666666666666666,0.6666666666666666,0.0,0.3333333333333333,0.0,0.6666666666666666,0.6666666666666666,0.6666666666666666,0.3333333333333333,0.3333333333333333,0.3333333333333333,0.0,1.0,1.0,0.0,0.3333333333333333
DQynC2Fjyq4,0.5,0.975,0.81,0.0,0.0,0.09,1.125,1.005,0.6950000000000001,1.4249999999999998,1.565,1.0350000000000001,0.35,0.28,0.43,0.345,1.16,0.245,0.25,1.0,0.5,0.5,0.5,1.0,0.5,1.0,1.0,1.0,1.0,1.0,0.0,1.0,0.5,0.5,0.0,0.5,0.0
DRVaUJy89tQ,0.5,0.975,1.095,0.305,0.0,0.7949999999999999,0.73,0.435,0.295,0.265,0.73,0.0,0.415,0.575,0.265,0.49,0.04,0.74,0.155,1.0,1.0,0.0,0.5,0.5,0.5,0.5,0.5,0.5,0.0,0.5,0.5,0.5,0.5,0.5,1.0,0.0,1.0
DRqRuh1qMXw,1.0,0.6583333333333333,0.7200000000000001,0.13333333333333333,0.45333333333333337,0.7766666666666667,0.58,0.41,0.6433333333333334,0.05333333333333334,0.7333333333333334,0.44,0.17666666666666667,0.35333333333333333,0.12333333333333334,0.13999999999999999,0.5333333333333333,0.9033333333333333,0.17333333333333334,0.6666666666666666,1.0,0.6666666666666666,0.3333333333333333,0.3333333333333333,0.3333333333333333,0.6666666666666666,0.0,0.3333333333333333,0.6666666666666666,0.6666666666666666,0.3333333333333333,0.6666666666666666,0.3333333333333333,0.3333333333333333,0.6666666666666666,0.3333333333333333,0.0
DTFjxRiXnW0,0.5,0.7749999999999999,2.13,0.18,0.515,0.145,0.0,0.0,0.085,0.16,0.625,1.035,0.255,0.045,0.255,0.0,0.0,0.0,0.06,1.0,1.0,0.5,0.5,0.5,0.5,0.0,0.0,0.5,0.5,0.5,0.0,0.5,0.0,0.0,0.0,1.0,0.0
DT_R3PqXKi8,1.0,0.625,1.2300000000000002,0.06333333333333334,0.2333333333333333,0.32,0.7433333333333333,0.52,0.14333333333333334,0.7866666666666667,0.9566666666666667,0.6900000000000001,0.42333333333333334,0.35000000000000003,0.8466666666666667,0.3766666666666667,0.6166666666666667,0.13666666666666666,0.0,0.6666666666666666,0.6666666666666666,0.0,1.0,0.3333333333333333,0.0,0.0,0.6666666666666666,0.6666666666666666,0.3333333333333333,0.6666666666666666,0.3333333333333333,0.6666666666666666,0.3333333333333333,0.6666666666666666,0.0,0.3333333333333333,0.0
DT_R3PqXKi8(1),1.0,0.625,1.2300000000000002,0.06333333333333334,0.2333333333333333,0.32,0.7433333333333333,0.52,0.14333333333333334,0.7866666666666667,0.9566666666666667,0.6900000000000001,0.42333333333333334,0.35000000000000003,0.8466666666666667,0.3766666666666667,0.6166666666666667,0.13666666666666666,0.0,0.6666666666666666,0.6666666666666666,0.0,1.0,0.3333333333333333,0.0,0.0,0.6666666666666666,0.6666666666666666,0.3333333333333333,0.6666666666666666,0.3333333333333333,0.6666666666666666,0.3333333333333333,0.6666666666666666,0.0,0.3333333333333333,0.0
DTcQGJh0vSQ,0.0,0.875,1.76,1.55,1.69,0.12,0.0,0.0,0.0,0.48,0.0,0.0,0.0,0.0,0.0,0.0,1.2,0.68,0.0,1.0,1.0,1.0,1.0,0.0,0.0,0.0,0.0,0.0,0.0,1.0,0.0,0.0,0.0,1.0,1.0,0.0,1.0
DYrwSmgq9Xc,2.0,0.875,0.46799999999999997,0.0,0.144,0.29,0.588,0.7579999999999999,0.27599999999999997,1.386,0.8799999999999999,0.624,0.9259999999999999,0.612,0.738,0.502,0.624,1.006,0.262,0.6,0.6,0.4,0.8,0.6,0.6,0.4,0.8,0.6,0.6,0.4,0.2,0.4,0.4,0.6,0.6,0.4,0.0
DdEar3F-bQ4,1.5,0.875,0.8,1.3225000000000002,0.0,0.5475,1.1724999999999999,0.5325,0.0875,0.62,2.215,0.9925,0.0,0.0,0.38,0.0,2.395,0.495,0.6625,0.75,0.75,0.0,0.25,0.5,0.25,0.0,0.75,0.75,0.5,0.0,0.0,0.5,0.0,1.0,0.5,0.0,0.75
DhM-lafHvTs,2.5,0.9500000000000001,0.7966666666666667,0.2733333333333334,0.7883333333333332,0.9249999999999999,0.4466666666666667,1.0250000000000001,0.34500000000000003,1.0383333333333333,0.5816666666666667,0.445,0.23500000000000001,0.07833333333333332,0.21166666666666667,0.09666666666666666,1.3,0.8450000000000001,0.28833333333333333,0.5,0.5,0.6666666666666666,0.16666666666666666,0.3333333333333333,0.6666666666666666,0.3333333333333333,0.8333333333333334,0.3333333333333333,0.5,0.6666666666666666,0.16666666666666666,0.3333333333333333,0.3333333333333333,0.8333333333333334,0.6666666666666666,0.0,0.5
DhpouIFVLIU,0.0,0.975,1.1,0.0,2.3,0.0,1.7,0.93,0.0,1.83,1.87,0.77,0.0,0.13,0.0,0.0,0.39,0.0,2.94,1.0,0.0,1.0,0.0,1.0,1.0,0.0,1.0,1.0,1.0,0.0,0.0,0.0,0.0,0.0,0.0,0.0,1.0
DiYTTHUchMc,0.0,0.0,1.13,0.0,1.05,0.98,0.0,0.0,0.0,0.46,0.0,1.0,0.52,0.69,0.29,0.0,0.0,0.0,0.0,1.0,1.0,1.0,1.0,0.0,0.0,0.0,0.0,0.0,1.0,1.0,0.0,1.0,0.0,0.0,0.0,1.0,0.0
DjUfn_34WjY,0.0,0.975,1.06,0.0,1.11,1.43,0.0,2.9,0.21,0.16,0.0,0.09,0.79,0.0,1.59,0.36,1.57,2.13,0.0,1.0,0.0,1.0,1.0,0.0,1.0,0.0,0.0,0.0,0.0,1.0,0.0,1.0,1.0,1.0,1.0,0.0,0.0
DlgVulo8lAA,0.0,0.975,0.81,1.4,0.51,0.74,1.46,2.16,2.45,1.86,1.34,0.0,0.02,0.26,0.0,1.32,1.95,0.0,0.0,1.0,1.0,0.0,1.0,1.0,1.0,1.0,1.0,1.0,0.0,0.0,0.0,0.0,1.0,1.0,0.0,1.0,0.0
DliuTxsLJ1g,0.5,0.45,2.135,0.94,1.415,1.22,0.015,0.44,0.04,0.235,0.52,0.68,0.565,1.05,0.465,0.295,0.525,0.8150000000000001,0.0,1.0,1.0,0.5,0.0,0.0,0.0,0.0,0.0,0.0,0.0,1.0,0.5,0.5,0.5,0.5,0.5,0.5,0.0
Dn014zuYJ8E,1.0,0.0,0.46666666666666673,0.0,0.7633333333333333,0.77,0.26,0.9700000000000001,0.48666666666666664,0.0,0.016666666666666666,0.06666666666666667,0.0,0.0,0.05333333333333334,0.0,0.0,0.0,0.10333333333333333,0.3333333333333333,0.6666666666666666,0.3333333333333333,0.6666666666666666,0.0,0.6666666666666666,0.6666666666666666,0.0,0.0,0.3333333333333333,0.0,0.0,1.0,0.0,0.0,0.0,0.3333333333333333,0.3333333333333333
Dubn_dfCbFs,4.5,0.77,0.16,0.016,0.175,0.248,0.437,0.7849999999999999,0.16499999999999998,0.531,0.40700000000000003,0.038,0.842,0.16799999999999998,0.07200000000000001,0.189,0.394,0.461,0.039,0.6,0.9,0.1,0.5,0.4,0.6,0.1,0.4,0.2,0.3,0.4,0.0,0.2,0.1,0.3,0.4,0.5,0.3
DyLgj2-1T9I,0.5,0.95,0.695,0.32,0.315,0.065,0.28,1.745,0.47,0.63,0.41,0.3,0.665,0.22,0.0,0.0,0.1,0.0,0.265,1.0,0.5,0.5,0.0,0.5,0.5,0.0,0.5,0.5,0.5,1.0,0.5,0.0,0.0,0.0,0.0,0.0,1.0
E-GA_47pT-k,0.5,0.975,0.115,0.0,0.0,0.01,1.955,3.285,1.135,1.725,2.02,1.835,0.27,0.0,0.81,0.025,0.925,0.39,0.76,1.0,0.0,0.0,0.0,1.0,1.0,1.0,1.0,1.0,1.0,0.5,0.0,1.0,0.0,0.5,0.0,0.0,1.0
E0_OqkMMWaU,1.0,0.65,1.6366666666666667,0.01,0.0,1.2766666666666666,1.28,1.2566666666666666,0.19333333333333333,1.89,0.7133333333333334,0.4633333333333333,0.59,0.0,0.9633333333333334,0.0,1.6066666666666667,0.02666666666666667,0.04,0.6666666666666666,1.0,0.0,0.3333333333333333,0.6666666666666666,0.0,0.0,1.0,0.6666666666666666,0.0,0.3333333333333333,0.0,0.6666666666666666,0.0,0.6666666666666666,0.0,1.0,0.0
E2HZCJ013W8,0.0,0.975,0.97,1.69,0.0,0.6,0.44,1.96,0.19,1.36,2.49,1.53,0.0,0.0,0.15,0.0,3.0,1.21,0.0,1.0,1.0,0.0,1.0,1.0,1.0,1.0,1.0,1.0,1.0,0.0,0.0,0.0,0.0,1.0,1.0,0.0,0.0
E2ytEt7JoMM,0.0,0.025,0.83,0.0,0.0,3.5,0.6,0.0,0.36,1.14,0.04,0.25,1.6,2.49,2.32,0.72,0.0,0.0,0.0,1.0,1.0,0.0,1.0,0.0,0.0,0.0,0.0,0.0,0.0,1.0,1.0,1.0,1.0,0.0,0.0,1.0,0.0
E35_9w4SyWk,0.0,0.975,0.17,0.61,0.0,0.0,0.11,0.0,0.0,0.0,0.0,0.0,0.0,0.0,1.03,0.19,0.18,0.0,0.0,0.0,1.0,0.0,0.0,1.0,0.0,0.0,0.0,0.0,0.0,0.0,0.0,0.0,0.0,0.0,0.0,0.0,0.0
E6iIgJEMXec,0.0,0.975,0.5,0.04,0.34,0.31,0.08,0.22,0.88,1.78,0.27,0.0,1.22,0.25,0.0,0.0,0.47,0.0,0.0,0.0,1.0,0.0,0.0,0.0,1.0,1.0,1.0,0.0,0.0,1.0,0.0,0.0,0.0,0.0,0.0,0.0,0.0
E86GwVOHbwY,0.5,0.4,0.295,0.355,0.0,1.84,0.01,0.01,0.0,0.025,0.23,0.315,0.845,0.0,0.105,0.045,0.395,0.34,0.0,1.0,1.0,0.0,1.0,0.0,0.5,0.0,0.0,0.0,0.5,0.5,0.0,0.0,0.0,0.5,0.5,1.0,0.0
E97HKLhVmgc,0.5,0.875,0.36,0.0,0.46,0.885,0.27,0.195,0.51,0.53,0.4,0.0,0.0,0.0,0.0,0.375,0.58,1.085,0.0,0.5,0.5,1.0,0.5,0.0,0.0,0.5,1.0,0.0,0.0,1.0,0.0,0.5,0.5,0.5,0.5,0.0,0.0
E9DVdojR_DM,2.0,0.775,0.782,0.202,0.032,0.0,1.7259999999999998,0.808,0.966,1.7100000000000002,2.068,1.422,0.45600000000000007,0.08199999999999999,0.48600000000000004,0.21000000000000002,1.596,0.0,0.16799999999999998,0.4,0.6,0.2,0.2,1.0,0.2,1.0,1.0,1.0,0.8,1.0,0.0,0.4,0.4,0.8,0.0,0.2,0.6
E9sRk8dmC1c,0.5,0.975,1.46,1.835,0.58,0.435,1.34,1.18,0.94,1.47,1.675,0.545,0.44,0.16499999999999998,1.04,0.0,1.8599999999999999,1.125,1.755,0.5,0.5,0.5,0.0,0.5,0.0,0.5,1.0,0.5,0.5,1.0,0.0,0.5,0.0,1.0,0.5,0.0,1.0
ED9vNES6L9o,2.5,0.8166666666666665,0.33,0.32166666666666666,0.22666666666666666,0.07666666666666667,0.96,0.7599999999999999,0.5633333333333334,1.0,1.0233333333333332,0.7433333333333333,0.015,0.16666666666666666,0.3666666666666667,0.0,1.2066666666666668,0.5916666666666667,0.19166666666666668,0.8333333333333334,0.8333333333333334,0.3333333333333333,0.16666666666666666,0.3333333333333333,0.5,0.16666666666666666,0.3333333333333333,0.16666666666666666,0.5,0.3333333333333333,0.16666666666666666,0.6666666666666666,0.16666666666666666,0.3333333333333333,0.3333333333333333,0.16666666666666666,0.5
EF5hPPSj5ik,1.0,0.9416666666666668,1.3133333333333335,1.6066666666666665,0.5066666666666667,1.32,0.0,0.0,0.12666666666666668,0.7633333333333333,0.016666666666666666,0.5466666666666666,0.54,1.4533333333333331,0.45,0.16666666666666666,0.5433333333333333,1.2333333333333334,0.8166666666666668,1.0,0.6666666666666666,0.3333333333333333,0.6666666666666666,0.3333333333333333,0.3333333333333333,0.0,0.0,0.0,0.0,1.0,0.3333333333333333,0.6666666666666666,0.6666666666666666,0.3333333333333333,0.6666666666666666,0.3333333333333333,0.6666666666666666
EI5eZb5zYXc,0.0,0.975,0.0,0.0,0.0,0.0,2.71,0.46,0.37,0.51,3.29,1.63,0.0,0.0,0.51,0.32,0.28,0.26,0.0,0.0,1.0,0.0,0.0,1.0,0.0,0.0,1.0,1.0,1.0,0.0,0.0,1.0,0.0,0.0,0.0,0.0,0.0
EIFjXZ4E9Yk,0.5,0.5,1.625,0.14500000000000002,0.67,0.47,0.12,0.54,0.545,1.49,0.215,1.5350000000000001,1.495,2.355,0.0,0.42,0.015,1.125,0.0,0.5,0.5,0.5,0.5,0.0,0.0,0.5,0.0,0.0,0.5,1.0,1.0,1.0,0.5,0.0,1.0,1.0,0.0
EMRHwltCQv4,1.5,0.9125,1.0050000000000001,1.3299999999999998,0.0,1.7774999999999999,0.6475,0.68,0.165,1.26,1.4100000000000001,0.7975000000000001,0.08,0.0975,0.1925,0.065,1.1025,0.9099999999999999,0.1175,1.0,0.5,0.0,0.5,0.5,0.25,0.25,0.75,0.75,0.75,0.25,0.25,0.0,0.25,0.5,0.5,0.0,0.25
EN_T70la6sM,1.0,0.9083333333333333,0.5733333333333334,0.2733333333333333,1.0833333333333333,0.5566666666666668,0.22,0.0,0.30666666666666664,0.7866666666666666,0.6133333333333334,0.5166666666666666,0.15666666666666665,0.4766666666666666,0.0,0.09999999999999999,0.5666666666666667,0.10666666666666667,0.13999999999999999,0.6666666666666666,1.0,1.0,0.0,0.3333333333333333,0.0,0.3333333333333333,0.3333333333333333,0.3333333333333333,0.0,0.3333333333333333,0.3333333333333333,0.6666666666666666,0.0,0.3333333333333333,0.3333333333333333,0.6666666666666666,0.3333333333333333
EOIeZAeA3b0,0.5,0.975,1.32,1.29,0.57,1.3250000000000002,0.515,1.2799999999999998,0.395,0.47,0.41000000000000003,0.4,0.07,0.0,0.45,0.0,0.62,0.055,0.0,1.0,1.0,0.5,0.5,0.0,1.0,0.0,0.0,0.5,0.5,0.5,0.0,0.0,0.0,0.0,0.0,0.0,0.0
EQEGUVwxaiI,0.5,0.975,1.685,0.125,0.505,0.0,0.6950000000000001,1.115,0.44,2.055,2.115,0.905,0.135,1.3599999999999999,0.07,0.265,0.0,0.0,0.0,1.0,0.5,0.5,0.0,1.0,1.0,0.0,1.0,1.0,0.5,0.0,0.5,0.0,0.0,0.0,0.0,0.5,0.0
EQEVdaDUkJs,0.0,0.975,0.74,0.09,0.0,2.41,0.0,0.0,0.21,0.0,0.0,0.0,0.2,0.0,0.0,0.0,1.09,0.93,0.0,1.0,1.0,0.0,1.0,0.0,0.0,0.0,0.0,0.0,0.0,1.0,0.0,1.0,0.0,1.0,1.0,0.0,0.0
ETQScTYYQRU,1.5,0.7125,0.42,0.4675,0.265,0.32499999999999996,0.3075,1.2374999999999998,0.28250000000000003,0.2675,0.3675,0.93,0.27,0.3625,0.0,0.4125,0.4575,0.44,0.3375,0.5,0.5,0.25,0.5,0.25,0.5,0.25,0.25,0.25,0.5,0.5,0.25,0.75,0.5,0.25,0.25,0.25,0.75
EUFTHTVyrEk,0.5,0.5,1.27,0.59,0.5,1.49,0.0,0.0,0.35,0.0,0.035,0.0,0.06,0.0,0.0,0.0,0.0,0.865,0.545,1.0,1.0,1.0,0.5,0.0,0.0,0.0,0.0,0.0,0.0,0.5,0.0,0.5,0.0,0.0,1.0,0.0,0.5
EUkFRzflw20,0.5,0.925,1.095,0.095,0.54,0.0,1.205,0.92,0.625,0.94,1.48,1.475,0.055,0.0,0.37,0.275,1.2449999999999999,0.6699999999999999,0.0,0.5,0.5,0.5,0.0,0.5,0.0,0.0,1.0,1.0,1.0,1.0,0.0,0.5,0.5,1.0,0.5,0.0,0.0
EUnaQzzjaas,0.0,0.975,0.37,0.0,0.0,0.0,2.0,2.09,0.47,1.45,1.93,0.57,0.47,0.0,0.94,0.0,3.06,0.0,0.27,1.0,1.0,0.0,0.0,1.0,1.0,1.0,1.0,1.0,0.0,1.0,0.0,1.0,0.0,1.0,0.0,0.0,1.0
EUscV0NKT5A,1.0,0.6583333333333333,1.6833333333333336,0.0,0.9033333333333333,1.2666666666666666,0.7200000000000001,0.6366666666666666,0.3233333333333333,0.7600000000000001,0.75,0.9033333333333333,0.65,0.14333333333333334,0.0,0.63,1.28,1.1066666666666667,0.09333333333333334,1.0,0.6666666666666666,0.6666666666666666,0.3333333333333333,0.3333333333333333,0.3333333333333333,0.3333333333333333,0.3333333333333333,0.6666666666666666,0.3333333333333333,0.6666666666666666,0.0,0.0,0.3333333333333333,0.6666666666666666,0.3333333333333333,0.6666666666666666,0.3333333333333333
EVaPduUL7lQ,1.5,0.9375,0.0625,0.09,0.1425,0.5575,0.72,0.6174999999999999,0.24,1.2525,0.9125,1.0525,0.8775,0.4925,0.1475,0.435,0.595,0.1025,0.48,0.5,1.0,0.25,0.5,0.75,0.75,0.25,0.75,0.5,0.5,0.25,0.25,0.0,0.25,0.5,0.25,0.25,0.5
EW_xym12SoY,0.0,0.975,0.74,1.28,0.0,0.0,2.56,1.92,1.76,2.1,2.9,1.71,0.67,0.0,0.19,0.0,2.76,0.54,0.0,1.0,1.0,0.0,0.0,1.0,1.0,1.0,1.0,1.0,1.0,1.0,0.0,0.0,0.0,1.0,1.0,0.0,1.0
EesEuIeDRQg,0.0,0.925,2.05,0.6,0.0,0.57,0.0,0.69,0.0,0.0,0.11,0.0,0.27,0.0,0.0,0.0,0.0,0.38,0.0,1.0,1.0,0.0,1.0,0.0,0.0,0.0,0.0,1.0,0.0,1.0,0.0,0.0,0.0,0.0,0.0,0.0,0.0
EhUq2lQGSLE,2.0,0.945,0.10400000000000001,0.086,0.05,0.22999999999999998,0.656,0.718,0.096,0.2,0.852,0.5,0.458,0.9120000000000001,0.6759999999999999,0.13399999999999998,0.5,0.382,0.0,0.6,0.8,0.4,0.4,0.4,0.4,0.2,0.4,0.4,0.6,0.4,0.4,0.8,0.4,0.4,0.4,0.4,0.0
EhjwtOwsfCQ,0.5,0.825,0.8499999999999999,0.34,0.815,0.6,0.535,0.955,0.6799999999999999,0.66,0.57,0.485,0.18,0.255,0.065,0.0,0.875,0.935,0.0,0.5,0.5,0.5,0.5,0.5,1.0,1.0,0.0,0.5,0.5,0.5,0.0,0.0,0.0,1.0,0.5,0.0,0.5
EjIfBv8ZNts,0.0,0.975,1.77,2.3,0.0,2.77,0.03,2.56,0.0,0.0,0.0,0.61,1.08,2.64,1.5,1.21,0.0,1.4,0.0,1.0,1.0,0.0,1.0,0.0,0.0,0.0,0.0,0.0,1.0,1.0,1.0,1.0,1.0,0.0,0.0,1.0,0.0
EmPlp6ddNeU,0.0,0.975,2.01,3.34,0.0,3.56,0.0,0.0,0.0,0.0,0.0,0.0,0.43,0.64,0.0,0.0,0.0,0.0,0.0,1.0,1.0,0.0,1.0,0.0,0.0,0.0,0.0,0.0,0.0,1.0,1.0,0.0,0.0,0.0,1.0,1.0,0.0
Es_qxnq5jzg,0.0,0.975,0.75,0.14,0.0,0.0,0.0,1.11,0.0,0.3,1.41,0.0,0.13,0.0,0.0,0.0,0.74,0.86,0.74,1.0,1.0,0.0,0.0,1.0,0.0,0.0,1.0,1.0,1.0,1.0,0.0,1.0,0.0,0.0,0.0,0.0,1.0
Ev5dUwAQz7M,0.0,0.875,0.6,0.44,0.0,0.98,1.67,1.16,0.18,1.73,2.13,1.9,0.0,0.0,0.81,0.07,2.93,0.0,1.23,1.0,1.0,1.0,1.0,1.0,1.0,1.0,1.0,1.0,0.0,0.0,0.0,1.0,0.0,1.0,1.0,1.0,1.0
Ezn90OendIo,1.0,0.975,1.12,0.8833333333333333,0.7466666666666667,1.6066666666666667,0.79,1.6433333333333333,0.2833333333333333,0.5166666666666667,0.5433333333333333,0.17,0.49000000000000005,0.0,0.3466666666666667,0.18000000000000002,1.9933333333333334,1.3166666666666667,0.33,1.0,0.6666666666666666,0.6666666666666666,0.0,1.0,0.6666666666666666,0.0,0.3333333333333333,0.3333333333333333,0.0,0.0,0.0,0.3333333333333333,1.0,1.0,1.0,0.3333333333333333,0.6666666666666666
F4A56Fm9eLY,0.0,0.975,2.38,0.83,0.23,1.51,0.0,0.13,0.0,0.68,0.5,0.0,0.8,0.0,0.0,0.0,0.72,0.11,0.38,1.0,1.0,1.0,1.0,0.0,0.0,0.0,0.0,0.0,0.0,1.0,0.0,1.0,0.0,0.0,1.0,0.0,1.0
F59W77FEm8c,0.5,0.4375,0.94,0.0,0.47500000000000003,1.17,0.045,1.02,0.025,0.885,1.03,0.6,2.595,0.9,2.73,0.0,1.16,0.0,0.33,0.5,0.5,0.0,0.5,0.0,0.5,0.0,0.5,0.5,0.5,1.0,0.0,1.0,0.0,1.0,0.0,0.5,0.5
F5yCChwGHzM,0.5,0.4875,0.03,0.0,0.0,1.22,0.645,0.0,0.0,1.29,1.285,2.79,1.8199999999999998,0.0,0.0,1.29,1.1800000000000002,0.0,0.0,1.0,1.0,0.0,1.0,0.5,0.0,0.5,0.5,0.5,1.0,1.0,0.0,0.5,1.0,0.5,0.0,0.5,0.0
F6it4K33C-o,0.0,0.875,2.06,0.91,0.29,0.03,0.01,0.0,0.0,0.9,0.46,0.0,0.0,0.0,1.05,0.0,0.85,0.0,0.25,1.0,1.0,1.0,1.0,0.0,1.0,0.0,1.0,0.0,0.0,0.0,0.0,0.0,0.0,1.0,0.0,1.0,0.0
F8BtVioDCn0,0.0,0.975,1.8,1.05,0.18,0.0,1.51,0.07,0.0,1.32,2.82,1.2,0.0,0.0,1.0,0.16,2.9,0.0,2.57,1.0,1.0,0.0,0.0,0.0,0.0,0.0,1.0,1.0,1.0,0.0,0.0,1.0,0.0,1.0,0.0,0.0,1.0
F9z7b9ei2Lg,0.5,0.95,0.99,0.0,0.575,0.59,0.655,1.045,0.545,0.6599999999999999,0.645,0.46,0.51,0.095,0.0,0.375,0.495,0.605,0.27,1.0,0.0,0.5,0.0,0.5,1.0,0.5,0.0,0.5,0.5,0.5,0.5,0.5,0.5,0.5,0.5,1.0,0.5
FAHL0cT3GjQ,0.5,0.975,0.045,0.0,0.03,0.0,0.965,0.695,1.05,0.985,0.9099999999999999,1.035,0.2,0.0,0.865,0.0,0.98,0.715,0.02,0.5,0.0,0.0,0.0,1.0,0.5,0.5,0.5,1.0,1.0,0.5,0.0,0.5,0.0,1.0,0.0,0.5,0.0
FBWBu3LOz4k,0.0,0.975,0.0,0.0,0.0,0.0,1.45,2.35,0.02,2.6,2.62,0.02,0.01,0.0,0.44,0.0,2.38,0.89,0.0,1.0,1.0,0.0,0.0,1.0,1.0,0.0,1.0,1.0,0.0,1.0,0.0,1.0,0.0,1.0,1.0,0.0,1.0
FCoXHJNIUgs,0.0,0.025,1.94,0.37,0.67,2.05,1.61,2.43,0.0,1.35,1.41,1.38,1.86,1.17,1.74,0.71,0.0,0.0,0.07,1.0,1.0,1.0,0.0,1.0,1.0,0.0,1.0,0.0,1.0,1.0,0.0,1.0,1.0,0.0,0.0,1.0,0.0
FEIgBk9fJCM,0.0,0.025,0.94,0.7,0.0,2.57,0.28,0.0,1.32,0.0,0.0,0.0,3.22,2.5,0.0,1.24,0.0,0.0,0.0,1.0,1.0,0.0,1.0,0.0,1.0,0.0,0.0,0.0,0.0,1.0,1.0,0.0,1.0,0.0,0.0,1.0,0.0
FG2VZEE1E0Y,1.5,0.75,0.7925,0.1775,0.2925,0.4075,0.1275,0.605,0.28,0.5599999999999999,0.1425,0.8925000000000001,0.4875,0.215,0.0775,0.0,0.075,0.605,0.125,0.75,1.0,0.25,0.25,0.0,0.5,0.25,0.25,0.25,0.75,0.75,0.25,0.5,0.0,0.25,0.5,0.5,0.5
FHWph0x6D2o,2.0,0.9650000000000001,0.892,0.164,0.51,0.974,0.666,0.618,0.11399999999999999,0.992,1.1079999999999999,0.34400000000000003,0.44799999999999995,0.0,0.0,0.004,0.984,0.49400000000000005,0.30999999999999994,0.8,0.4,0.6,0.2,0.4,0.4,0.2,0.4,0.4,0.6,0.6,0.0,0.2,0.2,0.4,0.6,0.2,0.4
FIRyxLCCAyY,0.5,0.925,0.87,0.95,1.535,1.76,1.3900000000000001,1.525,0.765,2.355,1.18,0.725,0.65,0.29,0.215,0.0,2.6550000000000002,1.3,0.045,1.0,0.5,0.5,0.5,1.0,1.0,0.5,0.5,0.5,0.5,1.0,0.5,0.0,0.0,1.0,1.0,0.0,0.5
FKH-4n-D9jc,1.0,0.875,0.59,0.06333333333333334,0.3666666666666667,0.8733333333333334,0.3833333333333333,1.5666666666666667,0.5,0.4266666666666667,0.6900000000000001,0.21333333333333335,0.09666666666666666,0.45999999999999996,0.3233333333333333,0.18999999999999997,0.9566666666666667,0.68,0.28,1.0,0.6666666666666666,0.3333333333333333,0.3333333333333333,0.3333333333333333,0.3333333333333333,0.0,0.3333333333333333,0.6666666666666666,0.3333333333333333,0.6666666666666666,0.3333333333333333,0.3333333333333333,0.0,0.6666666666666666,1.0,0.3333333333333333,0.6666666666666666
FKeHVxJdXVg,0.0,0.975,0.0,1.0,0.0,2.92,0.0,0.0,0.59,0.0,0.0,0.83,0.06,0.0,0.0,0.0,1.24,1.07,0.0,1.0,1.0,0.0,1.0,0.0,0.0,1.0,0.0,0.0,0.0,0.0,0.0,1.0,0.0,1.0,1.0,1.0,0.0
FLsTtX7FMJA,1.0,0.325,0.0,0.45,0.0,1.07,1.0466666666666666,0.8933333333333334,0.05666666666666667,0.0,1.0133333333333334,0.89,1.72,0.4266666666666667,0.8933333333333334,0.3,0.17,0.0,0.17666666666666667,0.6666666666666666,0.6666666666666666,0.0,0.6666666666666666,0.6666666666666666,0.6666666666666666,0.0,0.3333333333333333,0.6666666666666666,0.6666666666666666,0.3333333333333333,0.3333333333333333,0.6666666666666666,0.3333333333333333,0.3333333333333333,0.0,0.0,0.0
FO4wZcWiU_U,0.5,0.975,0.48,0.425,0.0,2.2800000000000002,1.5,1.4500000000000002,0.0,1.94,2.255,1.3900000000000001,0.0,0.0,0.0,0.275,1.785,0.47,0.0,0.5,0.0,0.5,0.5,1.0,1.0,0.0,1.0,1.0,1.0,0.0,0.0,0.0,0.0,1.0,0.5,0.0,0.0
FO6mvnRPbZk,1.0,0.9583333333333334,0.2866666666666667,0.0,0.0,0.0,0.38666666666666666,1.02,0.6466666666666666,0.36000000000000004,0.5166666666666666,0.06666666666666667,0.16666666666666666,0.7933333333333333,1.24,0.2233333333333333,0.44333333333333336,0.2233333333333333,0.11333333333333334,0.3333333333333333,0.3333333333333333,0.0,1.0,0.6666666666666666,0.6666666666666666,0.3333333333333333,0.6666666666666666,0.6666666666666666,0.6666666666666666,0.6666666666666666,0.6666666666666666,1.0,0.3333333333333333,0.6666666666666666,0.3333333333333333,0.3333333333333333,0.6666666666666666
FOKY8uJWV0k,0.5,0.975,0.095,0.0,0.24,0.41000000000000003,0.975,0.44,0.38,0.175,1.12,1.285,0.325,0.03,1.6099999999999999,0.0,0.12,0.07,0.0,0.0,0.5,0.0,0.5,0.5,0.0,0.5,0.5,0.5,0.5,0.5,0.0,1.0,0.0,0.0,0.0,0.5,0.0
FQXl6SFVZs8,0.5,0.95,0.8400000000000001,0.015,0.385,0.61,2.02,3.6550000000000002,1.27,1.62,1.705,0.565,1.26,0.0,0.3,0.0,2.3,0.0,0.3,1.0,0.5,0.0,0.5,1.0,1.0,0.5,0.5,1.0,0.5,1.0,0.0,0.0,0.5,1.0,0.5,0.0,0.5
FUMnwUjs0BI,0.0,0.025,2.96,0.0,0.0,0.48,0.0,0.0,0.0,0.4,0.0,1.83,0.78,1.59,1.29,0.0,0.0,1.05,0.0,1.0,1.0,1.0,1.0,0.0,0.0,1.0,0.0,0.0,1.0,1.0,1.0,1.0,0.0,0.0,0.0,1.0,0.0
FUNVx1HqOKY,1.0,0.9583333333333334,0.98,0.6533333333333333,0.51,0.9199999999999999,1.0266666666666666,0.9433333333333334,0.47,1.9866666666666666,0.8466666666666667,0.5066666666666667,1.61,0.24,0.18333333333333335,0.19999999999999998,1.68,1.1300000000000001,0.4666666666666666,0.6666666666666666,0.3333333333333333,0.6666666666666666,0.0,0.6666666666666666,0.3333333333333333,0.3333333333333333,0.6666666666666666,0.3333333333333333,0.3333333333333333,1.0,0.0,0.3333333333333333,0.3333333333333333,0.6666666666666666,0.0,0.3333333333333333,0.0
FUa0_ozJK-A,1.0,0.9583333333333334,0.6900000000000001,0.5066666666666667,0.0,1.8566666666666667,0.15333333333333335,0.4666666666666666,0.01,0.5166666666666667,0.4533333333333333,0.3233333333333333,0.05666666666666667,0.0,0.18666666666666665,0.0,0.79,0.5033333333333333,0.0,1.0,0.6666666666666666,0.0,0.6666666666666666,0.3333333333333333,0.3333333333333333,0.3333333333333333,0.3333333333333333,0.3333333333333333,0.3333333333333333,0.3333333333333333,0.0,0.3333333333333333,0.0,0.3333333333333333,0.3333333333333333,0.3333333333333333,0.0
FVsmr-tGyUg,0.0,0.975,2.32,1.51,0.22,0.86,2.76,1.99,0.0,1.89,3.06,0.93,0.0,0.0,0.61,0.0,3.61,1.03,0.0,1.0,1.0,0.0,0.0,1.0,0.0,0.0,1.0,1.0,1.0,1.0,0.0,1.0,0.0,1.0,1.0,0.0,0.0
FXnVfuiMQjg,5.5,0.5604166666666667,1.3625,0.1225,0.7000000000000001,0.8291666666666666,0.4766666666666666,0.4275,0.1825,0.5983333333333333,0.815,1.1616666666666668,0.38999999999999996,0.32166666666666666,0.39166666666666666,0.19666666666666666,0.5875,0.465,0.19666666666666666,1.0,0.75,0.6666666666666666,0.4166666666666667,0.25,0.4166666666666667,0.08333333333333333,0.5,0.5,0.6666666666666666,0.5,0.25,0.4166666666666667,0.4166666666666667,0.5,0.16666666666666666,0.5,0.3333333333333333
F_Qdk9bD-a4,0.5,0.4875,1.145,0.995,0.575,0.465,0.475,1.31,0.66,0.51,0.13,0.925,0.06,0.165,0.855,0.11,1.335,0.695,0.085,1.0,1.0,1.0,1.0,0.0,0.0,0.5,0.5,0.0,1.0,0.5,0.5,0.5,0.0,0.5,0.5,1.0,0.0
FddaSoPes6Y,0.5,0.5,1.68,0.33999999999999997,2.1,0.03,0.31,0.0,0.44,1.195,0.8400000000000001,1.355,0.255,1.0050000000000001,0.0,0.3,0.0,0.0,0.165,1.0,1.0,1.0,0.5,0.0,0.5,0.0,0.5,0.5,0.5,0.5,1.0,0.0,0.0,0.0,0.0,1.0,0.0
FgHt-nEd_e0,0.5,0.95,0.8300000000000001,0.83,0.0,0.0,1.49,0.355,0.0,1.24,2.6799999999999997,1.655,0.0,0.33499999999999996,0.63,0.0,0.76,0.51,1.33,1.0,1.0,0.0,0.0,1.0,1.0,0.0,1.0,1.0,1.0,0.5,0.5,1.0,0.0,0.5,1.0,0.0,1.0
Fi8gTif6kpE,1.0,0.8916666666666666,0.023333333333333334,0.0,0.01,0.77,1.0833333333333333,0.6466666666666666,0.4266666666666667,0.9533333333333335,0.7966666666666665,0.48,0.18333333333333335,0.0,0.0,0.0,0.79,0.0,0.19333333333333333,0.3333333333333333,1.0,0.0,0.6666666666666666,0.3333333333333333,0.6666666666666666,0.3333333333333333,0.6666666666666666,0.3333333333333333,0.6666666666666666,0.0,0.0,0.0,0.0,0.6666666666666666,0.3333333333333333,0.3333333333333333,0.6666666666666666
FkBRtBZhNyc,1.0,0.9583333333333334,0.4033333333333333,0.0,0.09999999999999999,0.7366666666666667,2.783333333333333,2.77,1.0033333333333332,2.5566666666666666,2.526666666666667,1.8133333333333335,0.17666666666666667,0.043333333333333335,0.44333333333333336,0.08666666666666667,1.3133333333333332,0.2733333333333333,0.42333333333333334,0.6666666666666666,0.0,0.3333333333333333,0.0,1.0,1.0,0.6666666666666666,1.0,1.0,1.0,0.3333333333333333,0.0,0.3333333333333333,0.3333333333333333,1.0,0.0,0.0,0.6666666666666666
Fl-SivJGwiU,0.5,0.5,0.825,0.0,0.0,0.795,0.78,1.49,0.375,0.8899999999999999,1.1099999999999999,1.7,0.0,0.855,0.0,0.935,0.755,0.0,0.0,1.0,0.5,0.5,0.5,0.5,0.5,0.5,0.5,1.0,1.0,0.5,0.5,0.0,0.5,0.5,0.0,0.5,0.0
FlEz4gs_LUA,0.5,0.925,1.4549999999999998,0.61,1.315,0.0,0.0,0.0,0.07,0.0,0.035,0.72,0.65,0.825,1.035,0.305,0.24,1.04,0.135,0.5,1.0,0.5,0.0,0.0,0.0,0.0,0.0,0.0,0.5,1.0,0.5,0.5,0.5,0.5,0.0,0.5,0.5
FlrYASSTeqc,0.0,0.925,0.83,1.3,0.0,0.89,0.27,0.16,0.02,0.77,0.0,1.45,0.04,0.0,0.88,0.0,3.01,1.97,0.0,1.0,1.0,0.0,1.0,1.0,0.0,1.0,1.0,0.0,1.0,1.0,0.0,1.0,0.0,1.0,1.0,1.0,0.0
FmdpQzURvDQ,0.5,0.95,0.0,0.065,0.335,0.015,1.305,0.855,0.355,0.34,1.705,1.5150000000000001,0.095,0.015,0.915,0.265,1.045,0.09,0.0,0.0,0.5,0.0,0.5,1.0,1.0,0.5,1.0,1.0,1.0,0.5,0.5,0.5,0.5,0.5,0.0,0.0,0.5
Foa5W5bVUEQ,1.0,0.975,0.4566666666666667,0.043333333333333335,0.0,0.05666666666666667,2.216666666666667,1.7000000000000002,0.4766666666666666,1.3866666666666667,2.1799999999999997,1.3833333333333335,0.24333333333333332,0.0,0.0,0.02,1.8399999999999999,0.06333333333333334,0.08333333333333333,0.6666666666666666,0.0,0.3333333333333333,0.0,1.0,0.6666666666666666,0.6666666666666666,1.0,1.0,1.0,1.0,0.0,0.6666666666666666,0.3333333333333333,1.0,0.0,0.0,0.6666666666666666
Fpv06UACKNE,0.5,0.925,0.565,0.0,1.505,0.0,1.58,0.0,0.53,1.1400000000000001,1.71,1.06,0.065,0.0,0.42,0.0,2.03,0.0,0.1,0.5,0.5,0.5,0.0,0.5,0.0,0.0,1.0,1.0,0.5,0.5,0.0,0.0,0.5,1.0,0.0,0.0,0.0
FqxdJ7XPB7U,0.0,0.975,2.37,0.29,1.33,0.14,1.82,1.45,0.53,1.99,1.34,0.33,0.0,0.0,0.0,0.0,2.29,1.13,0.0,1.0,1.0,1.0,1.0,1.0,0.0,0.0,1.0,1.0,0.0,1.0,0.0,0.0,0.0,1.0,1.0,1.0,0.0
Fr9KGPq93Fw,0.0,0.975,0.07,0.0,0.0,0.0,0.17,0.0,0.99,0.0,1.46,0.64,0.0,0.64,0.91,0.0,0.08,0.0,0.0,0.0,1.0,0.0,0.0,0.0,0.0,1.0,1.0,1.0,0.0,0.0,1.0,1.0,0.0,0.0,0.0,0.0,0.0
FsFKueX-BL0,2.0,0.9550000000000001,1.08,0.588,0.6639999999999999,0.03,0.774,0.8719999999999999,0.318,1.864,1.208,1.34,0.28800000000000003,0.236,0.5279999999999999,0.0,0.6199999999999999,0.65,0.392,0.8,0.8,0.4,0.2,0.4,0.4,0.2,1.0,0.4,0.8,1.0,0.2,0.8,0.0,0.4,0.4,0.2,0.8
FsrMdi3MHsI,2.5,0.9083333333333333,0.37166666666666665,0.19333333333333333,0.605,0.81,0.07333333333333335,0.4216666666666667,0.10333333333333333,0.37833333333333335,0.48333333333333334,0.36333333333333334,0.44,0.665,0.47833333333333333,0.25,0.39666666666666667,0.016666666666666666,0.17,0.5,0.3333333333333333,0.5,0.5,0.3333333333333333,0.3333333333333333,0.3333333333333333,0.5,0.5,0.8333333333333334,0.6666666666666666,0.6666666666666666,0.8333333333333334,0.3333333333333333,0.3333333333333333,0.3333333333333333,0.3333333333333333,0.5
Fvs5JlRVEGE,1.0,0.9583333333333334,1.3933333333333333,0.29333333333333333,0.7266666666666667,1.1300000000000001,0.35333333333333333,0.6733333333333333,0.07333333333333333,0.6633333333333333,0.3933333333333333,0.06666666666666667,0.8033333333333333,0.5266666666666667,0.44,0.05666666666666667,0.13,0.4633333333333333,0.0,0.6666666666666666,0.6666666666666666,0.3333333333333333,0.3333333333333333,0.3333333333333333,0.0,0.0,0.3333333333333333,0.3333333333333333,0.0,0.6666666666666666,0.3333333333333333,0.3333333333333333,0.3333333333333333,0.3333333333333333,0.0,0.6666666666666666,0.0
FwtwO6lf2aA,0.0,0.975,0.24,0.39,0.0,0.0,2.03,2.04,0.27,2.28,2.78,0.54,0.0,0.0,0.0,0.0,2.99,0.71,0.52,1.0,1.0,0.0,0.0,1.0,1.0,1.0,1.0,1.0,1.0,1.0,0.0,1.0,0.0,1.0,1.0,0.0,1.0
G--ZscjJsG8,1.5,0.68125,0.6625,0.165,0.2275,1.105,0.0375,0.67,0.0125,0.0,0.26,0.0,0.21750000000000003,0.065,0.32,0.0425,0.565,0.655,0.12000000000000001,1.0,1.0,0.25,0.75,0.0,0.5,0.0,0.0,0.25,0.0,0.5,0.25,0.75,0.25,0.5,0.5,0.0,0.25
G8-Jhb9UhWw,6.0,0.9019230769230769,0.37,0.1823076923076923,0.15076923076923077,0.23461538461538461,0.9069230769230768,0.5438461538461538,0.6561538461538462,1.2376923076923076,1.1592307692307693,1.073846153846154,0.2353846153846154,0.1630769230769231,0.39076923076923076,0.16,0.6038461538461538,0.2569230769230769,0.08846153846153845,0.3076923076923077,0.6923076923076923,0.23076923076923078,0.38461538461538464,0.46153846153846156,0.6923076923076923,0.5384615384615384,0.7692307692307693,0.6153846153846154,0.8461538461538461,0.46153846153846156,0.15384615384615385,0.6923076923076923,0.38461538461538464,0.6923076923076923,0.07692307692307693,0.23076923076923078,0.46153846153846156
G8gvUb0arjw,0.0,0.925,1.8,2.29,0.0,3.96,0.0,0.0,0.0,1.07,0.33,0.0,0.0,0.58,0.68,0.46,0.0,1.01,0.0,1.0,1.0,0.0,1.0,0.0,0.0,0.0,0.0,0.0,0.0,1.0,1.0,0.0,0.0,0.0,1.0,1.0,0.0
G9wo06s2yec,1.0,0.9583333333333334,0.6733333333333333,1.1,0.0,0.9533333333333335,0.5633333333333334,1.1500000000000001,0.4666666666666666,0.4633333333333334,0.8066666666666666,0.4666666666666666,0.13666666666666666,0.06333333333333334,0.8566666666666668,0.14333333333333334,1.5566666666666666,1.5,0.0,1.0,1.0,0.0,0.6666666666666666,0.3333333333333333,0.3333333333333333,0.3333333333333333,0.3333333333333333,0.3333333333333333,0.6666666666666666,0.0,0.3333333333333333,1.0,0.3333333333333333,1.0,1.0,0.3333333333333333,0.0
GA0gK6rmqFQ,0.5,0.925,1.51,0.15,0.435,0.25,1.45,0.645,0.0,1.185,1.695,1.4500000000000002,0.335,0.06,0.85,0.705,2.3,2.475,0.6,1.0,0.5,0.5,0.0,0.5,0.5,0.0,0.5,0.5,1.0,0.5,0.0,0.5,0.5,1.0,0.5,0.5,0.0
GCrIWEB4bcc,0.5,0.95,1.5350000000000001,0.385,1.275,2.02,0.26,0.885,0.28,0.5650000000000001,0.385,0.375,0.53,0.275,0.0,0.035,1.8650000000000002,1.9100000000000001,0.29,1.0,0.5,0.5,0.5,0.0,0.5,0.0,0.0,0.0,0.0,0.5,0.5,0.0,0.5,1.0,1.0,0.0,0.5
GDdvwefLXWY,0.0,0.975,3.47,5.0,0.0,3.46,1.49,0.25,0.0,2.05,2.28,0.0,1.21,1.8,0.47,0.0,0.96,1.15,0.0,1.0,1.0,0.0,1.0,1.0,0.0,0.0,1.0,1.0,0.0,1.0,1.0,0.0,0.0,1.0,1.0,1.0,0.0
GH4gd0X9K_E,2.0,0.37,0.8300000000000001,0.17200000000000001,0.016,0.532,0.13599999999999998,0.532,0.346,0.522,0.242,0.97,0.11399999999999999,0.046,0.892,0.11200000000000002,0.48200000000000004,0.396,0.016,0.6,0.8,0.2,0.8,0.0,0.4,0.4,0.6,0.2,1.0,0.4,0.0,0.8,0.2,0.6,0.4,0.4,0.0
GHOWbGqY2r4,0.0,0.975,2.45,3.41,0.0,0.01,0.91,1.48,0.0,0.17,2.38,1.3,0.0,0.0,0.0,0.0,3.9,3.01,0.64,1.0,1.0,0.0,0.0,1.0,1.0,0.0,1.0,1.0,1.0,0.0,0.0,0.0,0.0,1.0,1.0,0.0,0.0
GIkKsDuI1_8,0.5,0.975,0.205,0.595,0.0,1.645,0.0,0.31,0.0,0.0,0.105,0.345,0.11499999999999999,0.0,0.0,0.3,0.71,0.0,0.065,1.0,0.5,0.0,0.5,0.0,0.5,0.0,0.0,0.0,0.5,0.0,0.0,0.0,0.5,0.5,0.5,0.5,0.5
GJNDPuy7ER8,0.0,0.975,0.0,0.0,0.0,0.91,0.0,0.0,0.0,1.07,0.0,0.17,0.44,0.0,0.0,0.0,0.0,0.99,0.0,1.0,1.0,1.0,1.0,0.0,0.0,0.0,0.0,0.0,0.0,1.0,0.0,0.0,0.0,0.0,0.0,0.0,0.0
GLmdX92Z-GE,0.0,0.975,2.03,0.63,0.0,0.28,1.07,0.11,0.09,1.23,0.36,0.41,1.05,0.88,2.43,0.0,0.09,0.0,0.0,1.0,1.0,0.0,0.0,1.0,0.0,0.0,1.0,1.0,0.0,1.0,1.0,1.0,0.0,0.0,0.0,1.0,0.0
GNlbItng_RE,0.0,0.975,0.0,0.0,0.0,0.0,1.75,3.49,0.08,2.59,2.58,0.55,0.0,0.0,0.0,0.0,3.96,1.76,0.0,1.0,1.0,0.0,0.0,1.0,1.0,1.0,1.0,1.0,1.0,0.0,0.0,0.0,0.0,1.0,1.0,0.0,1.0
GWPh58nY6gY,0.5,0.875,0.9400000000000001,0.435,0.58,1.32,1.07,0.865,0.0,1.445,1.7,1.085,0.225,0.0,0.49,0.315,1.24,1.0150000000000001,0.0,1.0,1.0,0.5,1.0,0.5,1.0,0.0,0.5,0.5,0.5,0.5,0.0,0.5,0.5,1.0,0.0,0.0,0.5
GYEAvNO1afo,1.0,0.65,0.4266666666666667,0.0,0.22666666666666668,0.26666666666666666,0.9633333333333334,1.57,1.2699999999999998,0.6733333333333333,0.65,0.8533333333333334,0.7233333333333333,0.87,0.7166666666666667,0.10333333333333333,1.1533333333333333,0.7033333333333333,0.2633333333333333,1.0,0.6666666666666666,0.3333333333333333,0.0,0.6666666666666666,0.6666666666666666,0.0,0.3333333333333333,0.6666666666666666,0.6666666666666666,0.0,0.6666666666666666,0.3333333333333333,0.3333333333333333,0.6666666666666666,0.3333333333333333,1.0,0.3333333333333333
GZT76v0h46A,0.0,0.875,2.04,2.13,0.33,1.83,0.52,0.81,2.19,2.2,0.36,0.42,1.19,1.75,0.0,0.1,0.52,0.0,0.0,1.0,1.0,0.0,1.0,0.0,0.0,1.0,1.0,0.0,0.0,1.0,1.0,0.0,1.0,1.0,0.0,0.0,0.0
G_4kOyEUek8,0.0,0.875,0.0,0.62,0.0,1.64,0.06,0.95,1.07,0.0,0.0,0.24,0.0,0.14,0.0,0.0,0.36,1.2,0.0,1.0,1.0,1.0,1.0,0.0,1.0,0.0,0.0,0.0,0.0,0.0,0.0,0.0,0.0,0.0,1.0,1.0,0.0
G_WEK9DAR9I,0.0,0.975,0.0,0.0,1.66,0.0,2.26,2.94,1.3,2.53,1.4,1.39,0.18,1.77,0.1,0.87,1.09,1.04,0.0,0.0,0.0,1.0,0.0,1.0,1.0,1.0,1.0,1.0,1.0,1.0,1.0,0.0,1.0,1.0,0.0,0.0,0.0
GbSSf9Xa1LY,0.5,0.975,1.0350000000000001,0.0,0.355,0.335,1.165,0.245,0.0,1.345,1.7049999999999998,0.97,0.54,1.21,0.265,0.175,1.135,0.54,0.0,1.0,0.5,0.0,0.5,0.5,1.0,0.0,0.5,1.0,0.5,0.5,0.5,0.5,0.0,0.5,1.0,0.5,0.0
GjVBD9OYzOo,1.5,0.9625,0.455,0.35,0.27,0.1875,2.015,1.16,0.34,1.8475,2.8875,2.02,0.0,0.175,0.0075,0.28250000000000003,2.2475,0.3875,0.045,0.5,0.5,0.25,0.25,1.0,1.0,0.0,1.0,1.0,1.0,0.0,0.0,0.0,0.5,0.75,0.75,0.25,0.0
Gl2RpA1xS6M,0.0,0.975,1.63,0.14,0.18,0.0,2.5,2.92,1.35,1.57,1.85,1.49,0.0,0.0,0.76,0.0,2.45,1.19,0.0,1.0,0.0,0.0,0.0,1.0,1.0,1.0,1.0,1.0,1.0,0.0,0.0,1.0,0.0,1.0,1.0,0.0,1.0
GqyT13H6sws,2.0,0.9550000000000001,0.29,0.06,0.16799999999999998,0.404,0.8640000000000001,0.9620000000000001,0.178,0.588,1.032,0.8560000000000001,0.502,0.052000000000000005,0.386,0.09,0.842,0.252,0.308,0.4,0.8,0.2,0.4,1.0,0.4,0.6,0.6,0.8,1.0,0.6,0.0,0.4,0.4,0.4,0.2,0.0,0.4
Grr_LaehRrk,0.5,0.95,1.49,1.7049999999999998,0.0,2.83,0.99,0.46499999999999997,0.02,1.81,1.505,1.605,0.31,0.015,0.085,0.0,2.87,1.675,0.025,1.0,1.0,0.0,1.0,0.5,0.0,0.0,1.0,1.0,1.0,1.0,0.0,0.0,0.0,1.0,0.5,0.0,0.0
Gt1c-o8FTRQ,0.0,0.975,0.78,0.4,1.39,1.35,0.3,1.72,0.43,0.0,0.0,0.0,1.08,0.65,0.89,0.02,0.23,0.86,0.0,0.0,0.0,1.0,0.0,0.0,0.0,0.0,0.0,0.0,0.0,0.0,1.0,1.0,0.0,1.0,0.0,1.0,0.0
GtBth3A_C9A,0.5,0.975,0.0,0.0,0.0,0.24,0.035,1.23,0.0,0.0,1.1099999999999999,1.13,0.515,0.0,0.655,0.0,0.755,0.9600000000000001,0.16,0.5,1.0,0.5,0.0,0.5,0.5,0.0,0.5,1.0,1.0,1.0,0.0,1.0,0.0,1.0,0.5,0.0,0.5
Gv4rx62PbGA,1.5,0.975,0.275,0.11000000000000001,0.0,0.2225,0.5575000000000001,0.0,0.1025,0.36,1.1575,0.5,0.22749999999999998,0.0,0.065,0.0,1.515,0.33749999999999997,0.7949999999999999,0.5,0.75,0.25,0.25,0.75,0.25,0.25,0.75,0.5,0.75,0.5,0.0,0.25,0.25,0.75,0.75,0.0,0.5
Gy-8lssJcYU,0.0,0.925,3.02,2.36,0.0,3.16,0.0,0.0,0.0,1.37,0.63,0.46,0.0,0.24,0.0,0.0,0.2,0.0,0.0,1.0,1.0,0.0,1.0,0.0,0.0,0.0,1.0,0.0,0.0,1.0,0.0,0.0,0.0,1.0,0.0,1.0,0.0
H-xGGNYjv4U,0.5,0.47500000000000003,0.235,0.0,1.28,0.0,1.37,1.715,0.8599999999999999,2.16,0.655,0.52,1.715,1.33,0.605,1.09,0.91,0.265,0.25,0.0,0.0,1.0,0.0,1.0,1.0,1.0,0.5,0.5,0.5,0.0,0.5,1.0,0.5,0.5,0.0,0.5,0.0
H4tGheX1GWE,0.5,0.5,0.93,0.0,0.0,1.71,0.625,0.0,1.045,1.265,0.0,0.135,0.55,0.97,0.365,0.385,0.0,0.0,0.0,0.5,0.5,0.0,0.5,0.5,0.0,0.5,0.5,0.0,0.5,0.5,0.5,0.0,0.0,0.5,0.0,0.5,0.0
H8FCZSOqzds,0.5,0.925,0.9850000000000001,0.915,1.51,0.2,0.425,2.06,0.965,0.34,0.035,0.63,0.465,0.865,0.75,0.035,0.41000000000000003,0.44,0.18,1.0,1.0,0.5,0.0,0.5,1.0,0.5,0.0,0.0,0.5,0.5,0.5,0.5,0.0,0.0,0.5,0.5,1.0
H8qLpIt_Bqs,0.5,0.925,0.95,0.89,0.345,0.88,0.925,0.56,0.115,1.21,0.88,0.385,0.55,0.89,0.44,0.395,0.475,0.985,0.0,1.0,1.0,0.5,0.5,0.5,0.5,0.0,0.5,0.5,0.0,1.0,0.5,0.5,0.5,0.0,0.5,0.0,0.5
H8yvD6Rgz44,0.5,0.6,1.125,0.1,0.99,0.52,0.055,0.345,0.005,0.03,0.0,0.0,0.29,0.32,0.0,0.0,0.025,0.84,0.0,1.0,1.0,0.0,0.0,0.0,0.5,0.0,0.0,0.0,0.0,0.0,0.5,0.0,0.0,0.0,0.5,0.0,0.0
H9DCKJwUnWA,0.0,0.975,0.68,1.21,0.0,0.21,0.0,0.24,0.0,0.48,0.41,0.0,0.0,0.0,0.0,0.0,1.19,0.45,0.0,1.0,1.0,0.0,1.0,0.0,1.0,0.0,1.0,0.0,0.0,0.0,0.0,0.0,0.0,1.0,1.0,0.0,1.0
H9V51GUVLOA,0.5,0.975,1.0350000000000001,1.275,0.075,0.53,0.005,0.5,0.0,0.51,0.31,0.85,0.515,0.35500000000000004,0.105,0.025,0.18,0.8400000000000001,0.45999999999999996,1.0,0.5,0.5,0.5,0.5,0.5,0.0,0.0,0.0,1.0,1.0,0.5,0.0,0.0,0.0,1.0,0.0,0.5
H9yhYBQYqh8,1.0,0.49166666666666664,0.8666666666666667,0.5299999999999999,0.3733333333333333,1.3066666666666666,0.06333333333333334,0.2833333333333333,0.5633333333333334,0.7066666666666667,0.4033333333333333,0.0,0.5933333333333333,1.5966666666666667,0.35000000000000003,0.0,0.11333333333333333,0.15666666666666665,0.18000000000000002,1.0,1.0,0.3333333333333333,0.3333333333333333,0.0,0.3333333333333333,0.3333333333333333,0.3333333333333333,0.0,0.0,0.6666666666666666,0.3333333333333333,0.6666666666666666,0.0,0.3333333333333333,0.3333333333333333,0.6666666666666666,0.3333333333333333
HBqFfthfJCU,0.0,0.975,2.31,2.35,0.0,0.99,0.49,1.08,0.0,1.47,1.93,0.84,0.15,0.0,0.0,0.0,2.46,1.53,0.0,1.0,1.0,0.0,1.0,0.0,0.0,0.0,1.0,1.0,1.0,1.0,0.0,0.0,0.0,1.0,1.0,0.0,0.0
HByXqP7uy00,0.0,0.875,0.0,0.0,2.42,0.54,0.98,0.0,1.66,0.0,0.56,0.42,2.81,1.67,4.31,0.0,1.63,0.0,0.0,0.0,0.0,1.0,0.0,0.0,0.0,0.0,0.0,1.0,0.0,1.0,0.0,0.0,0.0,1.0,0.0,0.0,0.0
HDTNDL_X1b0,4.5,0.9349999999999999,0.64,0.014000000000000002,0.8560000000000001,0.644,0.26999999999999996,0.5730000000000001,0.538,0.55,0.356,0.43200000000000005,0.46699999999999997,0.31,0.38,0.119,0.589,0.11600000000000002,0.45899999999999996,0.4,0.7,0.4,0.7,0.3,0.8,0.6,0.3,0.2,0.5,0.4,0.2,0.4,0.1,0.4,0.3,0.4,0.8
HDb52NrpSyE,1.5,0.9125,1.4725000000000001,0.515,0.5275,1.1275,0.145,0.54,0.135,0.0,0.40249999999999997,0.23,0.925,0.405,0.5425,0.1675,0.435,1.2125,0.1575,0.75,0.75,0.25,0.75,0.25,0.25,0.5,0.0,0.25,0.5,0.75,0.5,0.75,0.25,0.25,0.5,0.0,0.75
HHOAg9XyA70,1.0,0.975,0.47000000000000003,0.22666666666666668,0.11333333333333334,0.7933333333333333,0.6766666666666666,0.6933333333333334,0.0,1.1166666666666665,1.08,0.6966666666666667,0.03666666666666667,0.0,0.5666666666666667,0.0,1.1333333333333333,0.33666666666666667,0.0,0.6666666666666666,0.3333333333333333,0.6666666666666666,0.3333333333333333,0.3333333333333333,0.6666666666666666,0.0,0.3333333333333333,0.3333333333333333,0.3333333333333333,0.0,0.0,0.3333333333333333,0.0,0.6666666666666666,0.3333333333333333,0.0,0.3333333333333333
HKAqIj-Z9ts,0.0,0.925,0.8,0.95,0.0,2.37,0.0,0.0,0.0,0.0,0.83,0.82,0.0,0.58,0.0,0.0,2.29,1.29,0.0,1.0,0.0,0.0,0.0,0.0,0.0,0.0,1.0,1.0,0.0,0.0,0.0,0.0,0.0,1.0,1.0,0.0,0.0
HL1UJYugSA8,0.0,0.975,0.53,0.0,0.88,0.8,1.96,1.79,0.0,1.26,2.08,0.71,0.0,0.0,0.07,0.0,2.46,1.74,0.03,0.0,0.0,0.0,0.0,1.0,1.0,0.0,1.0,1.0,0.0,0.0,0.0,0.0,0.0,1.0,1.0,1.0,0.0
HLcnwnJMgd8,8.5,0.9083333333333334,0.29555555555555557,0.10111111111111111,0.18555555555555556,0.23222222222222222,0.6383333333333333,0.9233333333333333,0.18944444444444444,0.7355555555555555,1.2505555555555556,0.9449999999999998,0.06777777777777777,0.19,0.20277777777777778,0.24722222222222223,1.0588888888888888,0.43333333333333335,0.19499999999999998,0.6666666666666666,0.6666666666666666,0.2222222222222222,0.3333333333333333,0.5555555555555556,0.5,0.2777777777777778,0.7222222222222222,0.7222222222222222,0.7777777777777778,0.5555555555555556,0.16666666666666666,0.2222222222222222,0.2222222222222222,0.7777777777777778,0.5,0.16666666666666666,0.3333333333333333
HMmOsV85AHI,1.5,0.95,0.5725,0.965,0.48,0.9075,0.5575,0.2375,0.185,0.6525,1.2625,1.0825,0.0875,0.0,0.1325,0.0,1.4324999999999999,0.545,0.085,0.5,0.75,0.5,0.5,0.25,0.25,0.25,0.5,0.5,0.5,0.5,0.0,0.0,0.0,0.5,0.5,0.0,0.25
HOCAYxtfSks,3.5,0.95,0.33375,0.2875,0.1225,0.155,0.57125,0.765,0.17500000000000002,0.6825,1.16375,0.6825,0.027500000000000004,0.16375,0.045,0.28125,1.045,0.08499999999999999,0.025,0.625,0.75,0.125,0.125,0.75,0.5,0.625,0.875,0.625,0.75,0.5,0.0,0.0,0.125,0.75,0.375,0.125,0.625
HOk3y5y__TQ,0.0,0.975,0.68,0.0,0.0,1.52,0.0,0.06,0.08,0.47,0.0,0.0,0.72,0.0,0.0,0.0,0.86,2.09,0.0,0.0,0.0,1.0,0.0,0.0,0.0,0.0,0.0,0.0,0.0,1.0,0.0,1.0,0.0,0.0,1.0,1.0,0.0
HP3QdU8mdjQ,0.0,0.925,1.64,0.15,0.0,0.0,0.0,0.14,0.0,0.0,0.0,0.03,0.14,1.37,0.23,0.0,0.0,0.55,0.0,1.0,1.0,1.0,1.0,0.0,1.0,0.0,0.0,0.0,0.0,0.0,1.0,1.0,0.0,0.0,0.0,1.0,0.0
HPaoUUrF9ac,1.5,0.7125,1.0425,0.49749999999999994,0.4175,0.355,0.27999999999999997,0.4275,0.0925,0.8075,0.225,0.0,1.2325,0.815,1.2875,0.22,0.27749999999999997,0.4125,0.0,0.75,1.0,0.25,0.75,0.0,0.25,0.25,0.25,0.25,0.0,0.75,0.5,0.75,0.25,0.75,0.25,0.25,0.25
HSmjMK4Eisc,1.0,0.6916666666666668,0.7133333333333333,0.13999999999999999,0.34,0.64,0.48,0.54,0.0,0.3433333333333333,0.0,0.0033333333333333335,2.04,0.7000000000000001,0.14333333333333334,0.0,0.8066666666666666,0.8866666666666667,0.33666666666666667,0.6666666666666666,0.6666666666666666,0.3333333333333333,0.3333333333333333,0.0,0.0,0.0,0.0,0.0,0.0,0.3333333333333333,0.3333333333333333,0.6666666666666666,0.0,0.6666666666666666,0.3333333333333333,0.3333333333333333,0.3333333333333333
HSrvch0vdyo,0.5,0.025,1.42,0.43,0.44,0.7150000000000001,1.5399999999999998,3.145,0.245,0.775,1.26,0.0,0.485,1.56,0.03,0.61,0.99,0.9,0.0,1.0,1.0,0.5,0.5,1.0,1.0,0.0,0.5,0.5,0.0,1.0,1.0,0.5,0.5,1.0,0.5,0.5,0.0
HUaC1mVw7oA,0.5,0.975,1.53,0.065,0.64,0.06,0.925,0.0,0.0,1.085,2.185,0.71,0.0,0.0,0.365,0.0,1.825,0.81,0.595,0.5,1.0,0.5,0.5,0.5,0.5,0.0,1.0,1.0,0.5,0.5,0.0,1.0,0.0,1.0,0.5,0.0,0.5
HUk622Y1qX8,2.0,0.9349999999999999,0.258,0.0,0.514,0.612,0.79,1.174,0.15999999999999998,0.6639999999999999,0.882,0.984,0.188,0.16999999999999998,0.664,0.43200000000000005,0.72,0.442,0.04,0.6,0.6,0.4,0.4,0.8,0.2,0.2,0.6,1.0,1.0,0.4,0.2,1.0,0.4,0.8,0.0,0.0,0.0
HVruVUdSbUc,0.5,0.975,1.355,1.72,0.0,3.875,0.55,0.395,0.0,0.78,1.8599999999999999,0.9650000000000001,0.0,0.0,0.035,0.30000000000000004,2.05,0.905,0.0,1.0,1.0,0.0,1.0,0.5,1.0,0.0,0.5,1.0,1.0,0.0,0.0,0.5,0.5,1.0,0.5,0.0,0.0
HWDjWJ5rptg,0.5,0.975,1.205,0.0,1.845,1.365,0.81,0.47,0.835,0.73,0.36,0.0,0.13,0.015,0.825,0.0,1.555,0.0,0.0,0.5,0.5,1.0,1.0,0.5,0.5,0.5,0.5,0.0,0.0,1.0,0.5,1.0,0.0,0.5,0.5,1.0,0.5
HYwBHEIfj_U,0.5,0.5,0.03,0.05,0.255,0.8,1.365,2.225,0.895,1.205,0.905,0.72,0.20500000000000002,0.135,1.46,0.08,1.75,0.365,0.0,1.0,1.0,0.5,0.5,1.0,0.5,0.5,1.0,0.5,0.5,1.0,0.5,0.5,0.0,1.0,0.5,0.5,0.5
H_w4DjRC5N8,3.0,0.9178571428571428,0.5428571428571429,0.17857142857142858,0.6799999999999999,0.7485714285714286,0.08285714285714285,0.6799999999999999,0.3242857142857143,0.29857142857142854,0.21285714285714286,0.21000000000000002,1.17,0.6471428571428571,0.08714285714285715,0.2714285714285714,0.08571428571428572,0.8542857142857143,0.10285714285714286,0.8571428571428571,1.0,0.5714285714285714,0.5714285714285714,0.14285714285714285,0.2857142857142857,0.14285714285714285,0.0,0.42857142857142855,0.14285714285714285,0.8571428571428571,0.5714285714285714,0.14285714285714285,0.42857142857142855,0.42857142857142855,0.7142857142857143,0.2857142857142857,0.42857142857142855
Hb6ZBFuM3fU,1.0,0.9249999999999999,1.3466666666666667,0.18666666666666668,1.14,0.06666666666666667,0.94,1.53,0.2233333333333333,1.4533333333333331,0.8366666666666668,0.68,0.32,0.2833333333333333,0.22999999999999998,0.09999999999999999,0.07666666666666667,0.0,0.11333333333333334,0.6666666666666666,0.3333333333333333,1.0,0.0,1.0,1.0,0.0,1.0,1.0,1.0,0.6666666666666666,0.0,0.3333333333333333,0.3333333333333333,0.0,0.0,0.0,0.0
HbJirZgxrSY,0.0,0.925,0.76,0.82,0.0,3.25,0.0,0.0,0.0,0.0,0.0,0.0,0.52,2.15,0.0,0.0,0.0,0.0,0.0,1.0,1.0,1.0,1.0,0.0,0.0,0.0,0.0,0.0,0.0,0.0,1.0,0.0,0.0,0.0,0.0,1.0,0.0
HcRh8IrwbCA,0.0,0.975,1.05,0.0,0.91,0.0,1.86,2.49,1.3,2.31,1.6,0.74,0.0,0.0,0.0,0.0,2.5,0.24,0.0,1.0,0.0,1.0,0.0,1.0,1.0,1.0,1.0,1.0,1.0,0.0,0.0,0.0,0.0,1.0,1.0,0.0,0.0
Hdwd_-K413I,1.0,0.6583333333333333,1.2933333333333332,1.99,0.12,2.603333333333333,0.36000000000000004,0.06666666666666667,0.0,0.4566666666666667,0.32,0.45,0.2333333333333333,0.8733333333333334,0.6633333333333333,0.21999999999999997,1.6966666666666665,0.86,0.32666666666666666,1.0,0.6666666666666666,0.3333333333333333,1.0,0.3333333333333333,0.0,0.3333333333333333,0.3333333333333333,0.3333333333333333,0.6666666666666666,0.3333333333333333,0.3333333333333333,0.3333333333333333,0.3333333333333333,0.6666666666666666,0.6666666666666666,0.3333333333333333,0.3333333333333333
HfJjo_Y9miA,0.0,0.975,1.02,0.0,0.0,0.91,0.0,0.0,0.0,0.82,0.57,0.0,0.12,0.0,0.12,0.0,1.19,0.05,0.41,1.0,1.0,0.0,1.0,0.0,0.0,1.0,1.0,1.0,0.0,1.0,0.0,1.0,1.0,1.0,1.0,0.0,1.0
HgdweO7nt3c,1.0,0.975,0.85,0.47,0.0,0.13666666666666666,1.3566666666666667,1.86,0.3566666666666667,1.3633333333333333,1.5233333333333334,0.8833333333333333,0.05333333333333334,0.0,0.26333333333333336,0.0,1.4466666666666665,0.06,0.32666666666666666,1.0,0.6666666666666666,0.0,0.3333333333333333,0.6666666666666666,0.6666666666666666,0.3333333333333333,0.6666666666666666,0.6666666666666666,0.6666666666666666,0.0,0.0,0.3333333333333333,0.0,0.6666666666666666,0.3333333333333333,0.0,0.3333333333333333
HgfUAVbjo80,0.5,0.975,1.8,1.07,0.0,0.11,1.5,0.7,0.0,1.885,2.9050000000000002,1.1,0.04,0.0,0.52,0.0,2.5549999999999997,0.37,0.415,1.0,1.0,0.0,0.0,1.0,0.5,0.0,1.0,1.0,1.0,0.0,0.0,0.0,0.0,1.0,0.5,0.0,0.0
HhJ-j_Y2-fo,0.0,0.975,0.44,0.77,0.0,1.28,0.45,0.26,0.0,0.02,0.92,1.13,0.0,0.0,0.0,0.0,0.33,0.0,0.0,0.0,0.0,0.0,0.0,1.0,0.0,0.0,0.0,1.0,1.0,0.0,0.0,0.0,0.0,0.0,0.0,0.0,0.0
HhzVar8JGss,0.5,0.925,0.36,0.245,1.195,0.31999999999999995,0.87,0.99,0.135,0.7050000000000001,1.0899999999999999,0.925,0.0,0.285,0.0,0.15,0.065,0.0,0.35,0.5,0.5,0.5,0.5,0.5,1.0,0.5,1.0,0.5,0.5,0.0,0.5,0.5,0.5,0.5,0.0,0.5,0.5
HjElH_pDbU8,0.0,0.975,1.06,0.0,0.0,3.8,1.4,3.08,0.4,0.91,0.2,0.47,0.7,0.0,2.34,0.29,1.54,0.0,0.0,0.0,0.0,0.0,1.0,1.0,1.0,0.0,0.0,1.0,0.0,1.0,0.0,1.0,1.0,1.0,0.0,1.0,0.0
HkRKi7_Iywc,0.5,0.975,1.94,0.355,1.83,0.6699999999999999,0.27,0.48,0.0,0.0,0.0,0.0,2.915,0.545,1.865,0.475,1.895,3.535,0.28,1.0,1.0,1.0,0.0,0.0,0.5,0.0,0.0,0.0,0.0,0.0,0.5,0.0,0.5,1.0,0.5,1.0,0.0
HoPSiXZpoF4,2.5,0.9666666666666667,1.0116666666666667,0.71,0.35666666666666663,0.6883333333333335,0.6066666666666666,1.1733333333333333,0.26666666666666666,0.6416666666666667,0.89,0.4033333333333333,0.045000000000000005,0.205,0.145,0.0,1.6416666666666668,0.9533333333333333,0.105,0.6666666666666666,0.3333333333333333,0.3333333333333333,0.5,0.6666666666666666,0.3333333333333333,0.3333333333333333,0.8333333333333334,0.6666666666666666,0.6666666666666666,0.3333333333333333,0.16666666666666666,0.16666666666666666,0.16666666666666666,1.0,1.0,0.0,0.16666666666666666
HpUD_FjHI8I,0.0,0.975,0.0,0.0,0.0,0.14,0.0,0.0,0.53,0.16,1.08,0.98,0.13,0.0,0.87,0.0,0.0,0.0,0.0,0.0,1.0,0.0,0.0,1.0,0.0,1.0,1.0,1.0,1.0,1.0,0.0,1.0,0.0,0.0,0.0,0.0,0.0
HshFxjKWDNI,0.0,0.975,2.14,0.08,0.66,1.59,1.63,1.89,0.0,1.42,1.47,1.37,1.98,0.9,1.72,0.57,0.0,0.0,0.13,1.0,1.0,0.0,0.0,1.0,1.0,0.0,1.0,0.0,1.0,1.0,0.0,1.0,1.0,0.0,0.0,1.0,0.0
HuwWfuiI30I,1.5,0.725,0.325,0.0,0.0,0.51,0.13,0.03,0.27,0.2875,0.0,0.5025000000000001,1.2375,0.26,1.0274999999999999,0.055,0.33,0.195,0.2625,0.75,1.0,0.25,1.0,0.0,0.0,0.25,0.5,0.0,0.25,0.75,0.5,0.5,0.25,0.5,0.5,0.0,0.75
I-vJ_fSA9Wg,0.0,0.025,0.03,0.0,1.73,0.03,0.87,0.75,1.29,2.49,1.31,0.0,1.3,0.68,0.0,0.0,0.88,1.11,0.0,0.0,0.0,0.0,0.0,0.0,0.0,0.0,1.0,0.0,0.0,1.0,0.0,0.0,0.0,0.0,0.0,0.0,0.0
I-z3hDWHZoU,0.5,0.975,0.295,0.0,0.695,0.26,3.74,2.3949999999999996,0.9450000000000001,2.575,3.325,1.935,0.0,0.0,0.96,0.655,3.715,1.2149999999999999,0.07,0.0,0.0,0.0,0.0,1.0,1.0,0.0,1.0,1.0,1.0,0.0,0.0,1.0,0.5,1.0,1.0,0.0,0.5
I10c2BUazL4,0.5,0.47500000000000003,1.345,0.0,1.58,1.01,0.1,0.675,0.485,1.04,0.0,0.755,1.4249999999999998,0.0,0.0,0.0,0.565,2.06,0.745,0.5,1.0,1.0,0.5,0.0,0.0,0.5,0.5,0.0,1.0,0.0,0.0,0.5,0.0,0.0,0.5,0.5,1.0
I3V15kgcgNM,3.0,0.9035714285714286,0.7028571428571428,0.31999999999999995,0.5857142857142856,1.247142857142857,0.10428571428571429,0.18571428571428572,0.24857142857142858,0.10428571428571429,0.21857142857142858,0.4828571428571428,0.25142857142857145,0.027142857142857142,0.18142857142857144,0.07285714285714286,0.7671428571428571,0.7942857142857144,0.3757142857142857,0.8571428571428571,0.8571428571428571,0.5714285714285714,0.7142857142857143,0.0,0.2857142857142857,0.2857142857142857,0.2857142857142857,0.14285714285714285,0.2857142857142857,0.42857142857142855,0.0,0.42857142857142855,0.14285714285714285,0.7142857142857143,0.8571428571428571,0.42857142857142855,0.2857142857142857
I3jdiRTbiRI,3.0,0.6392857142857142,0.20285714285714285,0.045714285714285714,0.8200000000000001,0.19571428571428573,0.79,0.15,0.09999999999999999,1.1157142857142859,0.7242857142857143,0.8314285714285715,0.12000000000000001,0.5371428571428571,0.42,0.13428571428571429,0.33285714285714285,0.018571428571428572,0.16285714285714284,0.2857142857142857,0.2857142857142857,0.2857142857142857,0.2857142857142857,0.8571428571428571,0.8571428571428571,0.2857142857142857,0.8571428571428571,0.5714285714285714,0.5714285714285714,0.42857142857142855,0.42857142857142855,0.42857142857142855,0.14285714285714285,0.5714285714285714,0.14285714285714285,0.5714285714285714,0.5714285714285714
I5SKFXqR9r8,0.0,0.975,0.19,0.0,1.08,0.0,2.56,2.36,2.49,2.02,2.25,2.04,0.23,0.0,0.15,0.0,3.44,1.65,0.0,0.0,0.0,0.0,0.0,1.0,1.0,1.0,1.0,1.0,1.0,1.0,0.0,0.0,0.0,1.0,1.0,0.0,0.0
I6Fi22hxITM,1.5,0.7125,0.8,0.36,1.0150000000000001,0.595,0.2175,1.165,0.2775,0.13,0.4975,0.2375,0.045,0.0,0.22,0.235,0.185,0.3125,0.195,0.75,0.75,0.75,0.5,0.25,0.5,0.0,0.25,0.75,0.75,0.5,0.25,0.25,0.25,0.5,0.75,0.25,0.75
I6qSF2tKdkI,0.0,0.975,1.55,2.13,0.0,1.0,0.0,0.0,0.0,0.19,0.0,0.0,0.0,0.05,0.0,0.0,1.22,0.68,0.0,1.0,1.0,0.0,1.0,0.0,0.0,0.0,1.0,0.0,0.0,0.0,0.0,0.0,0.0,1.0,1.0,1.0,0.0
I71Fpu_mmcg,0.0,0.975,0.57,0.0,0.74,0.0,1.94,2.6,0.09,2.01,1.34,0.0,0.0,0.0,0.0,0.0,1.36,0.0,0.27,1.0,1.0,1.0,0.0,1.0,1.0,0.0,1.0,1.0,1.0,0.0,0.0,0.0,0.0,1.0,0.0,0.0,1.0
I8McPt1ux9U,0.5,0.5,0.18,0.0,0.0,1.965,0.0,0.0,1.905,0.0,0.67,0.395,2.24,1.125,0.075,0.47000000000000003,0.41,0.0,0.0,0.5,0.5,0.0,1.0,0.5,0.0,0.0,0.0,0.5,0.5,0.0,0.5,0.5,0.5,0.5,0.0,0.5,0.0
I8McPt1ux9U(1),0.5,0.5,0.18,0.0,0.0,1.965,0.0,0.0,1.905,0.0,0.67,0.395,2.24,1.125,0.075,0.47000000000000003,0.41,0.0,0.0,0.5,0.5,0.0,1.0,0.5,0.0,0.0,0.0,0.5,0.5,0.0,0.5,0.5,0.5,0.5,0.0,0.5,0.0
I8q2eutBoXk,4.5,0.7899999999999999,0.372,0.020999999999999998,0.386,0.45199999999999996,0.563,0.5269999999999999,0.248,0.7889999999999999,0.8150000000000001,0.7529999999999999,0.32999999999999996,0.296,0.6599999999999999,0.175,0.6399999999999999,0.40800000000000003,0.633,0.5,0.7,0.6,0.3,0.5,0.3,0.2,0.5,0.5,0.8,0.6,0.2,0.9,0.5,0.5,0.4,0.1,0.5
IC2IoO8PHEw,0.5,0.925,1.34,0.87,0.51,1.3,1.025,1.605,0.0,1.37,1.86,0.9,0.0,0.0,1.295,0.48,1.8900000000000001,1.5950000000000002,1.205,1.0,1.0,0.5,0.0,0.5,1.0,0.0,0.5,1.0,0.5,0.0,0.0,0.5,0.5,1.0,1.0,0.5,0.5
IIxlljazVf8,1.0,0.9416666666666668,0.4366666666666667,0.0,1.18,0.1366666666666667,0.16333333333333333,0.37000000000000005,0.14333333333333334,1.6500000000000001,0.6633333333333333,0.41333333333333333,0.21666666666666667,0.0,0.27666666666666667,0.0,1.1266666666666667,0.33666666666666667,0.5266666666666667,0.6666666666666666,0.6666666666666666,0.6666666666666666,0.0,0.3333333333333333,0.0,0.6666666666666666,0.6666666666666666,0.3333333333333333,0.3333333333333333,0.6666666666666666,0.0,0.3333333333333333,0.0,0.6666666666666666,0.6666666666666666,0.3333333333333333,1.0
IMM_kPrs1KY,0.5,0.95,0.63,0.0,0.72,0.15,0.54,0.88,1.245,0.715,0.0,0.51,1.02,0.59,0.755,0.06,0.235,0.535,0.0,1.0,0.0,1.0,0.5,1.0,0.5,1.0,0.5,0.0,1.0,1.0,1.0,0.5,0.5,0.5,0.5,0.5,0.0
IN2S_grP2ZE,2.0,0.9550000000000001,0.174,0.13,0.0,0.30600000000000005,1.068,0.4600000000000001,0.396,1.074,1.732,0.9179999999999999,0.158,0.098,0.246,0.16,1.248,0.384,0.0,0.2,0.6,0.0,0.2,0.8,0.6,0.6,0.8,0.8,0.8,0.6,0.2,0.4,0.2,0.8,0.4,0.0,0.0
INYxG2V6mvc,1.0,0.6083333333333333,0.37333333333333335,0.0,0.5933333333333334,1.1833333333333333,0.62,0.6866666666666666,0.0,0.9066666666666666,1.08,1.3466666666666665,0.33666666666666667,0.0,0.0,0.02666666666666667,1.45,1.6033333333333335,0.0,0.0,0.3333333333333333,0.6666666666666666,0.3333333333333333,0.3333333333333333,0.3333333333333333,0.0,0.6666666666666666,0.3333333333333333,0.6666666666666666,0.6666666666666666,0.0,0.3333333333333333,0.0,0.6666666666666666,0.6666666666666666,0.0,0.0
ISmQJQJxxPs,2.0,0.9550000000000001,0.898,0.55,0.062,0.9119999999999999,0.076,0.20600000000000002,0.20400000000000001,0.534,0.302,0.58,0.748,0.126,0.036,0.352,0.186,0.1,0.22999999999999998,0.8,0.4,0.4,0.8,0.2,0.2,0.2,0.2,0.2,0.6,0.6,0.2,0.2,0.2,0.2,0.6,0.6,0.2
IT9r-ovHmDM,0.5,0.975,0.56,0.025,0.14500000000000002,0.42,0.6,1.225,0.45999999999999996,0.85,0.57,0.0,0.635,0.08,0.08,0.0,1.1099999999999999,0.055,0.505,0.5,0.5,0.0,0.5,0.5,0.0,0.0,0.5,0.5,0.5,1.0,0.0,0.0,0.0,0.5,0.5,0.0,0.5
IVHzY-UlG9s,0.5,0.975,0.8049999999999999,0.645,0.0,0.705,0.3,0.19,0.0,0.7,0.305,0.315,0.0,0.0,0.0,0.01,0.395,0.475,0.0,1.0,1.0,0.0,0.5,0.0,1.0,0.0,0.5,0.5,0.5,0.5,0.0,0.5,0.5,0.5,0.5,0.5,0.5
IXoVDl1oTs8,1.5,0.95,1.3275000000000001,1.165,0.0,2.5275,0.0,0.05,0.0275,0.2025,0.0,0.415,0.275,0.0325,0.0625,0.135,0.42,0.3125,0.075,1.0,0.5,0.5,0.75,0.0,0.0,0.25,0.0,0.0,0.25,0.0,0.0,0.25,0.0,0.75,0.75,0.75,0.0
IZA1t7vmai4,1.5,0.925,0.78,0.4825,0.815,1.3399999999999999,0.995,0.9025,0.39749999999999996,0.975,0.9325,1.3375,0.16,0.1525,0.1575,0.29,1.405,0.5375000000000001,0.2725,0.75,0.75,0.75,0.25,0.5,0.5,0.75,1.0,0.5,0.75,1.0,0.25,0.5,0.25,0.75,0.5,0.0,0.5
IaEj2mNTg3o,1.5,0.975,0.32,0.055,0.0,0.7075,0.19,0.2575,0.0,0.16,0.5225,0.265,0.295,0.0,0.29000000000000004,0.035,0.6625,0.035,0.1275,0.5,0.25,0.0,0.75,0.25,0.0,0.25,0.5,0.75,0.25,0.75,0.0,0.25,0.5,0.75,0.25,0.0,0.5
IaOE08wtI2o,2.0,0.6950000000000001,0.44799999999999995,0.202,0.266,0.33599999999999997,0.762,1.666,0.472,0.6300000000000001,1.028,0.614,0.308,0.048,0.6439999999999999,0.09,0.7899999999999999,1.106,0.324,0.8,0.6,0.6,0.0,0.8,0.8,0.6,0.4,0.6,0.6,0.8,0.2,0.6,0.2,0.4,0.4,0.0,0.4
Ib2Y0kt_6Ok,0.0,0.025,1.02,0.0,0.0,0.0,0.0,0.0,0.0,0.11,0.52,1.09,1.83,1.53,0.0,0.0,0.0,0.0,0.0,1.0,1.0,0.0,0.0,0.0,0.0,0.0,0.0,1.0,1.0,1.0,1.0,0.0,0.0,0.0,1.0,1.0,0.0
IdUZHc7nqnE,0.0,0.975,0.0,0.0,0.0,0.0,1.34,2.55,0.0,2.74,2.7,0.11,0.0,0.0,0.51,0.0,2.39,1.08,0.0,1.0,1.0,0.0,0.0,1.0,1.0,0.0,1.0,1.0,1.0,1.0,0.0,1.0,0.0,1.0,0.0,0.0,1.0
Idmu78v5TeE,1.0,0.8416666666666667,1.0466666666666666,0.10000000000000002,1.5599999999999998,0.81,0.3333333333333333,0.7433333333333333,0.09333333333333334,0.5966666666666667,0.18333333333333335,0.18666666666666668,0.7799999999999999,1.5466666666666669,1.17,0.0,0.5566666666666668,2.4933333333333336,0.22666666666666668,1.0,1.0,1.0,0.6666666666666666,0.3333333333333333,0.6666666666666666,0.0,0.0,0.3333333333333333,0.3333333333333333,0.3333333333333333,0.6666666666666666,1.0,0.0,0.0,1.0,0.6666666666666666,0.6666666666666666
Ih2toFSTLVU,1.0,0.8083333333333332,1.0633333333333332,0.81,1.2066666666666668,2.21,0.0,0.0,0.11333333333333334,0.0,0.18333333333333335,0.14666666666666667,0.5133333333333333,0.12333333333333334,0.18333333333333335,0.0,0.09333333333333334,0.6866666666666666,0.26666666666666666,1.0,1.0,0.6666666666666666,1.0,0.0,0.3333333333333333,0.0,0.0,0.3333333333333333,0.0,0.6666666666666666,0.0,0.3333333333333333,0.0,0.3333333333333333,0.6666666666666666,0.6666666666666666,0.3333333333333333
IhQx_G2Dv6E,0.5,0.975,0.28,0.015,0.125,0.345,2.165,1.35,0.17,1.15,2.335,1.27,0.0,0.0,0.27,0.05,1.375,0.215,0.02,0.5,0.5,0.0,0.5,1.0,1.0,1.0,1.0,1.0,1.0,1.0,0.0,0.5,0.5,1.0,0.5,0.5,0.5
IiCfEzRvUIQ,0.5,0.4875,0.45999999999999996,0.0,0.69,0.0,1.2,1.745,0.575,0.845,1.1800000000000002,1.03,0.265,0.275,0.765,0.305,0.48,0.415,0.305,1.0,0.5,0.5,0.0,1.0,0.5,0.5,1.0,1.0,1.0,1.0,0.5,1.0,0.5,0.5,0.5,0.0,1.0
Ij7d7wZ5qqc,0.5,0.9,0.81,0.0,0.0,2.54,0.0,0.0,0.0,0.0,0.0,0.0,0.33,0.15,0.17,0.0,1.545,1.06,0.0,1.0,0.5,1.0,1.0,0.0,0.0,0.5,0.0,0.0,0.0,1.0,0.0,0.5,0.0,1.0,0.5,1.0,0.5
IkSQHSccOrw,0.5,0.975,0.64,0.105,1.5,0.495,0.62,1.585,0.77,0.66,0.375,0.61,0.455,0.86,0.93,0.305,0.085,0.53,0.07,0.5,0.5,0.5,0.5,0.5,0.5,0.5,0.5,0.5,1.0,0.5,0.5,0.5,0.5,0.0,0.0,0.5,0.5
IkeDmcu8-2o,0.5,0.975,0.495,0.0,0.025,0.205,2.17,1.89,0.8799999999999999,2.5700000000000003,2.56,0.75,0.0,0.34,0.445,0.0,2.3899999999999997,0.42000000000000004,0.0,0.5,0.5,0.0,0.5,1.0,1.0,0.5,1.0,1.0,1.0,0.5,0.0,0.0,0.0,1.0,1.0,0.0,0.0
Ikm4UITCSKA,0.0,0.975,1.61,0.32,0.48,1.23,2.11,0.77,0.0,2.2,2.87,1.57,0.05,0.0,0.0,0.0,2.9,0.0,0.0,1.0,1.0,0.0,0.0,1.0,1.0,0.0,1.0,1.0,1.0,1.0,0.0,0.0,0.0,1.0,0.0,0.0,0.0
IkusGn6DhGo,0.5,0.975,0.8899999999999999,0.17,0.025,0.305,0.415,1.79,0.0,0.37,0.965,1.41,0.265,0.415,0.0,0.175,0.635,1.095,0.365,1.0,0.5,0.5,0.0,0.5,1.0,0.5,0.5,1.0,1.0,0.0,0.5,0.5,0.0,1.0,0.5,0.0,0.5
IlQCHjxHUkU,0.5,0.525,1.59,0.19,0.42,0.45,0.515,1.995,0.0,0.365,0.6950000000000001,0.0,1.6549999999999998,0.68,0.12,0.0,0.0,0.0,0.0,1.0,1.0,1.0,0.0,0.5,1.0,0.0,0.0,0.5,0.0,0.5,0.0,0.0,0.0,0.0,0.0,1.0,0.0
ImeZpAX1RIA,0.0,0.975,0.0,0.0,0.0,2.48,0.0,0.0,0.31,0.57,0.0,0.0,0.0,0.0,1.48,0.0,2.32,1.48,0.0,1.0,1.0,0.0,1.0,0.0,0.0,0.0,0.0,0.0,0.0,1.0,0.0,0.0,0.0,1.0,1.0,0.0,0.0
InHXOZbufdw,0.0,0.875,1.69,0.0,0.0,0.26,1.37,0.0,0.0,0.9,1.63,3.06,0.28,0.0,0.76,1.0,0.54,0.56,0.0,1.0,1.0,0.0,1.0,1.0,1.0,0.0,0.0,1.0,1.0,0.0,0.0,1.0,1.0,0.0,0.0,1.0,0.0
InP5_mgUUfE,1.5,0.9375,0.045,0.0,0.13,0.49,0.5425,1.5025,0.87,1.1675,0.4675,0.4325,0.2475,0.2925,0.245,0.2575,0.29,0.5449999999999999,0.0,0.25,0.25,0.5,0.25,0.5,0.75,0.75,0.5,0.25,0.75,0.25,0.5,0.5,0.25,0.5,0.25,0.25,0.0
IoFKtGYM6I0,0.0,0.025,1.2,0.28,0.35,1.03,0.83,0.0,0.0,1.19,1.34,1.12,0.93,0.14,0.0,0.0,0.79,0.0,0.09,1.0,1.0,1.0,0.0,0.0,0.0,0.0,1.0,1.0,1.0,1.0,0.0,0.0,1.0,1.0,0.0,1.0,0.0
IouFUBMbSXY,0.0,0.975,1.41,1.21,0.0,0.3,0.85,0.9,0.75,1.43,2.33,1.65,0.0,0.0,0.0,1.33,0.14,0.0,0.14,1.0,1.0,0.0,0.0,0.0,1.0,0.0,0.0,1.0,1.0,1.0,0.0,0.0,1.0,0.0,0.0,0.0,0.0
IqA_Ae_fso0,2.0,0.51,0.736,0.33599999999999997,0.014000000000000002,0.992,0.37,0.346,0.0,0.48200000000000004,0.462,0.75,0.6,0.124,0.6940000000000001,0.16999999999999998,0.724,0.522,0.076,0.4,1.0,0.4,0.6,0.2,0.6,0.0,0.4,0.4,0.4,0.6,0.0,0.4,0.2,0.6,0.2,0.4,0.0
IsVlRj4visc,0.0,0.025,2.16,0.36,0.64,1.46,1.12,3.08,0.0,0.61,0.89,0.0,1.23,0.16,0.35,0.0,0.0,0.0,0.0,1.0,1.0,1.0,0.0,1.0,1.0,0.0,0.0,0.0,0.0,1.0,0.0,0.0,0.0,0.0,0.0,1.0,0.0
IsgC81D2O8w,1.0,0.9249999999999999,1.08,0.31333333333333335,0.0,0.31,2.1333333333333333,1.7533333333333332,0.9900000000000001,1.02,1.28,0.6699999999999999,0.24333333333333332,0.6466666666666666,0.14666666666666667,0.61,1.3533333333333335,1.07,0.04,0.6666666666666666,0.6666666666666666,0.3333333333333333,0.3333333333333333,1.0,0.6666666666666666,0.3333333333333333,0.6666666666666666,0.6666666666666666,0.6666666666666666,0.3333333333333333,0.0,0.3333333333333333,1.0,1.0,0.3333333333333333,0.3333333333333333,0.3333333333333333
IuOpZs9lo6I,1.5,0.8625,1.29,1.1375,0.2375,1.945,0.4675,0.6900000000000001,0.12,0.3175,0.4525,0.0,0.3125,0.22749999999999998,0.36750000000000005,0.0275,1.225,0.62,0.0,0.75,0.75,0.25,0.75,0.25,0.5,0.5,0.5,0.75,0.0,0.75,0.25,0.25,0.0,1.0,0.75,0.25,0.25
IuRDt2Wvo5o,0.5,0.875,0.83,0.0,1.685,0.935,0.49,1.5250000000000001,0.59,1.105,0.06,0.0,0.665,0.17,0.0,0.375,0.7,0.25,0.0,1.0,0.5,1.0,0.5,0.5,0.5,0.0,0.5,0.0,0.0,0.5,0.0,0.0,0.5,0.5,0.5,0.5,0.0
Ivn4-GzrETM,0.5,0.975,0.5,0.675,0.685,1.055,3.49,3.045,0.9400000000000001,2.445,2.8099999999999996,0.935,0.235,0.53,0.0,0.395,2.83,0.72,0.33,0.0,0.5,0.5,0.5,1.0,1.0,0.5,1.0,1.0,0.5,0.0,0.0,0.0,1.0,1.0,1.0,1.0,0.5
IxD2NbXzgpQ,0.5,0.95,0.295,0.495,0.39,0.375,0.895,0.74,0.22,1.18,1.405,1.62,0.28,0.075,0.38,0.06,1.815,0.8500000000000001,0.035,1.0,0.5,0.0,0.5,0.5,0.5,0.0,0.5,0.5,1.0,0.5,0.0,0.0,0.0,0.5,1.0,0.0,0.0
IxGdNHDMFPI,0.0,0.025,1.25,0.0,1.27,1.17,0.21,1.92,0.42,1.9,0.31,0.0,0.0,1.37,0.48,0.9,0.0,0.0,0.0,0.0,1.0,0.0,1.0,0.0,1.0,0.0,1.0,0.0,0.0,1.0,1.0,0.0,0.0,0.0,0.0,1.0,0.0
IyxERiRuRBw,1.0,0.9583333333333334,0.35333333333333333,0.0,0.0,1.1333333333333335,1.1966666666666665,0.6633333333333333,0.013333333333333334,0.9166666666666666,1.6066666666666667,0.4166666666666667,0.06666666666666667,0.0,0.25333333333333335,0.0,1.5266666666666666,0.05666666666666667,0.21666666666666667,0.3333333333333333,1.0,0.3333333333333333,0.6666666666666666,0.6666666666666666,0.0,0.0,0.6666666666666666,1.0,0.3333333333333333,0.0,0.0,0.3333333333333333,0.0,0.6666666666666666,0.0,0.0,0.3333333333333333
IzAW6O5YWBU,0.5,0.5,1.055,0.76,0.5750000000000001,0.55,0.8150000000000001,0.0,0.0,0.655,1.195,1.125,0.385,1.22,1.1,0.42,0.98,0.7050000000000001,0.145,1.0,0.5,0.5,0.5,0.5,0.5,0.0,0.5,0.5,1.0,1.0,0.5,0.5,0.5,0.5,0.5,0.5,0.5
J-E4D9E4xsI,1.0,0.625,0.2833333333333333,0.03,0.8066666666666666,0.35333333333333333,0.4266666666666667,0.24666666666666667,0.4066666666666667,0.7466666666666667,0.4066666666666667,0.6966666666666667,0.0,0.4666666666666666,0.38666666666666666,0.5433333333333333,0.4666666666666666,0.0,0.22999999999999998,1.0,0.6666666666666666,1.0,0.3333333333333333,0.3333333333333333,0.3333333333333333,0.6666666666666666,0.3333333333333333,0.3333333333333333,0.6666666666666666,0.0,0.3333333333333333,1.0,0.3333333333333333,0.6666666666666666,0.0,0.0,0.3333333333333333
J3mX_a2tmMc,0.5,0.975,2.29,1.4749999999999999,0.595,1.32,0.65,0.8150000000000001,0.25,2.035,1.5699999999999998,1.27,0.195,0.105,0.28,0.0,1.3599999999999999,0.45,0.395,1.0,1.0,0.0,0.5,0.5,0.5,0.0,1.0,0.5,1.0,1.0,0.0,0.0,0.0,1.0,0.0,0.0,0.5
J4H-0ue4gXk,0.0,0.975,0.07,0.0,1.95,0.0,0.0,0.12,0.22,0.47,0.53,0.76,0.18,1.03,1.34,0.36,0.0,0.0,0.91,1.0,1.0,1.0,0.0,0.0,0.0,1.0,1.0,1.0,1.0,1.0,1.0,1.0,1.0,0.0,0.0,1.0,1.0
J4dz7tiXNEc,0.5,0.975,0.42,0.28,0.0,0.27,0.78,0.375,0.415,0.69,1.205,1.9300000000000002,0.0,0.0,0.445,0.0,0.93,0.0,0.9099999999999999,1.0,1.0,0.0,0.0,0.5,0.5,0.5,1.0,1.0,1.0,0.0,0.0,0.5,0.0,0.5,0.5,0.5,1.0
J5LWi9sqvQk,0.0,0.975,0.76,0.0,0.0,0.33,2.26,2.19,0.11,2.68,3.09,0.0,0.0,0.0,1.05,0.0,2.81,0.0,0.0,1.0,1.0,0.0,0.0,1.0,0.0,1.0,1.0,1.0,0.0,0.0,0.0,0.0,0.0,1.0,0.0,0.0,0.0
J7IGbrXZEZI,0.0,0.975,0.04,0.02,1.64,0.09,2.51,2.9,1.65,1.91,2.9,1.47,0.0,0.2,0.0,0.0,1.04,0.0,0.79,1.0,0.0,1.0,0.0,1.0,1.0,1.0,1.0,1.0,1.0,1.0,0.0,0.0,0.0,1.0,1.0,0.0,1.0
J9gH_ZLFHyU,0.5,0.975,1.4249999999999998,1.03,0.13,0.99,0.0,0.04,0.0,0.295,0.04,0.0,0.755,0.0,0.32,0.035,0.455,0.655,0.21,1.0,0.5,0.0,0.5,0.0,0.0,0.0,0.0,0.0,0.0,0.5,0.0,0.0,0.0,0.5,0.5,0.0,0.0
JBMQsxcS0Xk,0.5,0.925,0.925,0.425,0.34,0.085,0.59,0.16,0.39,0.96,1.065,0.385,0.095,0.0,0.0,0.0,0.92,0.0,0.075,1.0,1.0,0.0,0.5,0.0,1.0,1.0,0.5,0.5,0.5,0.0,0.0,0.5,0.0,1.0,0.5,0.5,0.0
JDUVOzWAWWs,0.5,0.925,1.36,1.135,0.415,0.0,0.77,0.8999999999999999,0.22,0.35,0.62,0.405,0.715,1.46,1.025,0.44,0.22,0.0,1.135,1.0,1.0,0.0,0.0,0.5,0.5,0.0,0.5,0.0,0.0,1.0,0.5,0.0,0.5,0.0,0.0,0.5,0.5
JDkoMGF8aEY,2.0,0.9650000000000001,1.062,1.028,0.0,1.614,0.8140000000000001,0.658,0.10600000000000001,0.742,0.792,0.496,0.5820000000000001,0.8219999999999998,0.552,0.22399999999999998,0.9019999999999999,0.404,0.44399999999999995,0.8,0.8,0.2,0.8,0.2,0.4,0.0,0.6,0.4,0.2,0.8,0.2,0.6,0.2,0.8,0.6,0.6,0.2
JEZPL3YERBY,1.0,0.975,1.3666666666666665,1.1266666666666667,0.7233333333333333,1.5899999999999999,0.48666666666666664,0.7633333333333333,0.2966666666666667,0.77,0.26666666666666666,0.0,0.8633333333333333,0.34,0.3666666666666667,0.0,1.0333333333333332,0.6233333333333334,0.13666666666666666,0.6666666666666666,0.6666666666666666,0.3333333333333333,0.6666666666666666,0.3333333333333333,0.3333333333333333,0.3333333333333333,0.6666666666666666,0.0,0.0,1.0,0.6666666666666666,0.3333333333333333,0.3333333333333333,1.0,1.0,0.0,0.3333333333333333
JFzRQ3TqhPs,0.0,0.875,0.28,0.0,0.0,0.98,0.24,0.78,0.03,0.0,0.0,0.0,0.26,0.0,0.0,0.0,1.35,0.0,0.0,1.0,1.0,1.0,1.0,0.0,0.0,1.0,0.0,0.0,0.0,1.0,0.0,1.0,0.0,1.0,0.0,1.0,0.0
JJcY3gQsBu4,0.5,0.925,0.16,0.0,0.0,0.335,1.85,1.2,0.595,2.25,2.38,0.425,0.05,0.135,0.055,0.12,1.315,0.045,0.49,0.0,0.5,0.0,0.0,1.0,0.5,0.5,1.0,0.5,0.5,0.0,0.0,0.0,0.0,0.5,0.0,0.0,0.5
JM14c0yL29I,2.5,0.9583333333333334,0.89,0.2383333333333333,0.5383333333333333,0.45999999999999996,0.18166666666666667,0.8266666666666667,0.08833333333333333,1.4466666666666665,0.8550000000000001,0.31666666666666665,0.17500000000000002,0.13333333333333333,0.38166666666666665,0.0,1.0733333333333333,0.2316666666666667,0.065,1.0,0.8333333333333334,0.6666666666666666,0.3333333333333333,0.3333333333333333,0.5,0.0,1.0,0.6666666666666666,0.5,0.8333333333333334,0.0,0.5,0.3333333333333333,0.8333333333333334,0.8333333333333334,0.0,0.16666666666666666
JNUQ72ZHlZs,1.0,0.975,1.4400000000000002,0.5333333333333333,0.7433333333333333,0.56,0.22333333333333336,0.28,0.5166666666666667,0.43333333333333335,0.32333333333333336,0.5533333333333333,0.42,0.16666666666666666,0.3433333333333333,0.0,0.19999999999999998,1.3866666666666667,0.37333333333333335,1.0,1.0,0.6666666666666666,0.0,0.3333333333333333,0.3333333333333333,0.3333333333333333,0.3333333333333333,0.3333333333333333,1.0,0.6666666666666666,0.3333333333333333,0.6666666666666666,0.0,0.0,1.0,0.6666666666666666,0.3333333333333333
JP12qxJQKDk,3.0,0.9607142857142856,0.3828571428571429,0.20428571428571426,0.045714285714285714,0.9428571428571428,0.17714285714285713,0.19714285714285712,0.29857142857142854,0.6471428571428571,0.2714285714285714,0.5557142857142857,0.12571428571428572,0.09142857142857143,0.04,0.0,0.32142857142857145,0.25142857142857145,0.0071428571428571435,0.5714285714285714,1.0,0.5714285714285714,0.7142857142857143,0.14285714285714285,0.2857142857142857,0.42857142857142855,0.14285714285714285,0.14285714285714285,0.5714285714285714,0.5714285714285714,0.14285714285714285,0.2857142857142857,0.0,0.2857142857142857,0.8571428571428571,0.7142857142857143,0.42857142857142855
JQ-eZkZC5nA,0.0,0.975,1.47,0.73,0.0,1.82,0.0,0.0,0.0,1.13,0.21,0.98,0.32,0.0,0.0,0.19,0.71,0.0,0.0,1.0,1.0,0.0,1.0,0.0,0.0,0.0,1.0,0.0,1.0,1.0,0.0,1.0,1.0,1.0,0.0,0.0,0.0
JQpjfWV_p6E,0.5,0.975,0.73,0.33,0.495,0.52,1.43,1.7049999999999998,0.67,1.605,0.815,0.27,0.895,0.895,0.0,0.09,0.27,1.35,0.72,0.5,0.5,0.5,0.0,0.5,0.5,0.5,1.0,0.0,0.5,0.5,1.0,0.5,0.0,0.0,0.5,1.0,0.5
JR0jhnzM5VU,2.0,0.705,1.43,0.772,0.446,1.8479999999999996,0.55,1.142,0.434,0.8140000000000001,0.704,0.26799999999999996,1.0719999999999998,0.634,0.29,1.48,0.118,0.298,0.086,0.8,1.0,0.6,0.6,0.2,0.6,0.4,0.4,0.6,0.4,0.6,0.8,0.2,0.8,0.2,0.2,1.0,0.2
JRzVGCUDuC0,0.5,0.95,0.72,0.695,0.23,0.0,2.3449999999999998,2.185,0.74,1.6099999999999999,2.145,0.92,0.025,0.065,0.385,0.06,3.8150000000000004,0.11,1.125,0.5,0.5,0.5,0.0,1.0,0.5,0.5,1.0,1.0,0.5,0.0,0.0,0.5,0.5,1.0,0.5,0.0,1.0
JT5AVuqTeaE,0.0,0.975,1.92,0.44,0.0,1.2,0.0,0.0,0.5,0.0,0.36,0.0,0.0,0.0,0.0,0.0,0.0,0.0,0.0,1.0,1.0,0.0,1.0,0.0,0.0,1.0,0.0,0.0,0.0,0.0,0.0,0.0,0.0,0.0,0.0,0.0,0.0
JVIVZgJ5aec,1.0,0.9416666666666668,1.6566666666666665,1.6333333333333335,0.0,1.7466666666666668,0.2733333333333333,0.18333333333333335,0.0,0.96,0.7499999999999999,1.0133333333333334,0.3933333333333333,0.47666666666666674,0.19333333333333333,0.04666666666666667,0.43,0.3233333333333333,0.08,1.0,1.0,0.0,1.0,0.3333333333333333,0.0,0.0,0.6666666666666666,0.3333333333333333,0.6666666666666666,1.0,0.6666666666666666,0.6666666666666666,0.0,0.6666666666666666,0.3333333333333333,0.3333333333333333,0.0
JXxBmfyw6Xc,0.0,0.975,3.69,1.48,0.0,0.0,1.13,0.19,0.0,2.39,2.33,1.74,0.0,0.0,0.72,0.0,1.3,0.52,0.95,1.0,1.0,0.0,1.0,1.0,0.0,0.0,1.0,1.0,1.0,1.0,0.0,1.0,0.0,1.0,0.0,0.0,0.0
JZIEfgYvQio,0.0,0.925,1.01,0.76,0.0,0.01,1.37,0.0,0.0,1.57,3.52,1.52,0.0,0.0,0.46,0.0,1.74,0.45,1.9,1.0,1.0,0.0,0.0,1.0,0.0,0.0,1.0,1.0,1.0,0.0,0.0,0.0,0.0,1.0,1.0,0.0,1.0
JZnvP1MWBlk,0.0,0.925,0.83,1.49,0.0,0.96,0.0,0.0,0.0,0.0,0.0,0.0,0.0,0.12,0.0,0.41,0.0,0.6,0.0,1.0,1.0,0.0,1.0,0.0,0.0,0.0,0.0,0.0,0.0,0.0,0.0,1.0,1.0,0.0,0.0,1.0,0.0
J_BQmskzXDk,1.0,0.6583333333333333,1.95,2.8000000000000003,0.0,3.0233333333333334,0.26666666666666666,0.0,0.0,0.15,1.1966666666666665,0.14666666666666667,0.16666666666666666,0.09000000000000001,0.0,0.19999999999999998,1.2,0.69,0.01,1.0,1.0,0.0,1.0,0.3333333333333333,0.0,0.0,0.3333333333333333,1.0,0.0,0.0,0.0,0.0,0.3333333333333333,1.0,0.6666666666666666,1.0,0.0
Ja2nNDd9fjg,1.5,0.7125,0.7125,0.0,0.34500000000000003,0.4875,0.07999999999999999,0.1175,0.075,0.6475,0.25,0.6025,1.4224999999999999,0.0,0.4625,0.79,0.79,0.0,0.145,0.75,0.25,0.75,0.5,0.5,0.25,0.0,0.5,0.25,0.5,0.5,0.25,0.75,0.25,0.25,0.0,0.5,0.0
Jc2hb8-rcrY,0.0,0.975,1.41,0.0,0.19,0.59,2.2,2.13,0.0,1.39,2.55,0.76,0.02,0.0,0.0,0.0,2.19,0.14,0.0,1.0,0.0,0.0,0.0,1.0,1.0,0.0,1.0,1.0,1.0,0.0,0.0,0.0,0.0,1.0,0.0,0.0,0.0
JeiuMNOJ1EA,0.0,0.925,0.7,0.0,0.68,0.0,2.47,0.78,0.01,2.4,1.95,1.03,0.0,0.0,0.0,0.65,2.05,0.01,0.0,1.0,0.0,1.0,0.0,1.0,1.0,1.0,1.0,1.0,1.0,1.0,0.0,0.0,1.0,1.0,0.0,0.0,0.0
Jf2tNIE-IHE,1.0,0.65,0.5633333333333334,0.22666666666666668,0.0,0.8633333333333333,0.4266666666666667,0.27666666666666667,0.09999999999999999,0.8099999999999999,1.4800000000000002,0.8266666666666667,0.35000000000000003,0.02666666666666667,0.5833333333333334,0.0,1.0866666666666667,0.043333333333333335,0.14666666666666667,0.3333333333333333,0.6666666666666666,0.0,0.3333333333333333,0.3333333333333333,0.0,0.3333333333333333,0.6666666666666666,0.6666666666666666,0.6666666666666666,0.6666666666666666,0.0,0.3333333333333333,0.0,0.6666666666666666,0.3333333333333333,0.0,0.0
JlrWlTMAqr0,0.5,0.975,0.98,0.05,0.69,0.74,0.62,0.985,0.36,1.195,1.2999999999999998,0.555,1.13,0.0,0.0,0.0,0.705,0.135,0.0,0.5,0.5,1.0,0.5,0.0,0.5,0.5,0.5,1.0,1.0,0.5,0.0,0.5,0.0,0.5,0.5,0.5,0.5
JpOnvii2_1s,1.0,0.6583333333333333,1.5200000000000002,0.8766666666666666,0.75,1.6466666666666665,0.0,0.26,0.0,0.3666666666666667,0.21,0.26666666666666666,0.0,0.0,0.3466666666666667,0.10666666666666667,0.3033333333333333,0.37000000000000005,0.15,1.0,1.0,0.0,0.3333333333333333,0.0,0.3333333333333333,0.0,0.3333333333333333,0.3333333333333333,0.0,0.3333333333333333,0.0,0.3333333333333333,0.0,0.3333333333333333,0.3333333333333333,0.3333333333333333,0.0
Jppwo7-7hLs,0.0,0.875,0.65,0.0,1.41,2.42,0.0,1.3,1.11,1.07,0.0,0.0,0.07,0.0,0.0,0.0,3.81,1.23,0.0,1.0,1.0,1.0,1.0,0.0,0.0,1.0,1.0,0.0,0.0,1.0,0.0,0.0,0.0,1.0,1.0,1.0,0.0
JsbGDdik8ao,1.5,0.95,0.81,0.0,0.39,0.3825,0.27249999999999996,1.1425,0.28750000000000003,0.595,0.0775,0.3625,0.615,0.0325,0.7575000000000001,0.0,0.4275,0.3625,0.3075,0.25,0.25,0.5,0.25,0.25,0.75,0.5,0.25,0.0,0.25,1.0,0.0,0.75,0.0,0.5,0.5,0.0,0.25
Jsm7oZ-8lVk,0.5,0.975,1.06,0.035,0.64,1.775,1.42,1.15,0.245,1.815,1.8,0.74,0.065,0.72,0.06,0.065,1.4649999999999999,0.0,0.31,0.5,0.5,0.0,0.5,0.5,0.5,0.0,1.0,0.5,0.0,0.0,0.5,0.0,0.5,1.0,0.5,0.5,0.5
Jsz4MSGM-08,0.5,0.975,0.495,0.0,0.14,0.355,1.2000000000000002,1.9100000000000001,0.16999999999999998,1.57,2.005,1.0350000000000001,0.0,0.0,0.0,0.0,1.005,0.0,0.0,1.0,1.0,0.5,0.0,1.0,1.0,0.5,1.0,1.0,1.0,1.0,0.0,0.0,0.0,1.0,0.0,0.0,0.5
Jw72XdBwhjQ,0.0,0.875,0.55,0.23,1.5,0.0,3.12,3.28,0.29,2.58,3.56,0.71,0.0,0.0,0.0,0.0,2.16,1.22,1.39,0.0,1.0,1.0,0.0,1.0,1.0,0.0,1.0,1.0,1.0,0.0,0.0,0.0,0.0,1.0,1.0,0.0,0.0
JwIeegXNZ9c,2.5,0.9249999999999999,0.27666666666666667,0.0,0.16833333333333333,0.7266666666666667,0.9416666666666665,0.6483333333333333,0.38166666666666665,0.6749999999999999,0.9083333333333332,0.7433333333333333,0.27499999999999997,0.13,0.9966666666666667,0.05833333333333333,0.6416666666666667,0.3116666666666667,0.07333333333333333,0.3333333333333333,0.5,0.0,0.5,0.5,0.3333333333333333,0.6666666666666666,0.5,0.3333333333333333,0.6666666666666666,1.0,0.16666666666666666,1.0,0.3333333333333333,0.6666666666666666,0.3333333333333333,0.3333333333333333,0.16666666666666666
JyespbKFTZE,0.0,0.975,0.74,0.41,0.07,2.87,0.0,0.0,0.8,0.18,0.0,0.0,0.0,0.0,0.15,0.0,2.63,1.16,0.0,1.0,1.0,1.0,1.0,0.0,0.0,1.0,0.0,0.0,0.0,0.0,0.0,0.0,0.0,1.0,1.0,1.0,0.0
JyuDpnjCK_U,0.5,0.4,0.88,0.0,1.13,0.525,0.015,1.02,1.33,1.5,0.0,0.47,1.325,1.215,0.11,0.33999999999999997,0.0,1.26,0.645,0.0,0.0,1.0,0.0,0.0,0.0,1.0,0.5,0.0,0.5,0.5,0.5,0.5,0.0,0.0,0.0,0.0,1.0
K-W7_RY8d4M,1.0,0.9583333333333334,0.9633333333333334,0.25,0.13999999999999999,0.15,0.0,0.18333333333333335,0.02666666666666667,0.11666666666666665,0.45,0.26333333333333336,0.4266666666666667,0.0,0.8833333333333333,0.15666666666666665,0.4466666666666666,0.21000000000000005,0.5066666666666667,1.0,1.0,0.3333333333333333,1.0,0.0,0.6666666666666666,0.0,0.0,0.3333333333333333,1.0,1.0,0.3333333333333333,1.0,0.3333333333333333,0.6666666666666666,0.0,0.0,0.6666666666666666
K-mSi0GNWN8,0.5,0.6,0.53,0.0,0.795,1.675,0.905,0.835,1.1300000000000001,0.7350000000000001,0.485,2.065,0.215,0.685,0.43,0.33,0.86,0.795,0.38,0.5,0.5,0.5,0.5,0.5,0.5,0.5,0.5,0.5,1.0,0.5,0.5,1.0,0.5,0.5,0.0,0.0,0.5
K-o1LlCF-Hc,0.5,0.025,0.44,0.0,0.41500000000000004,0.0,0.6499999999999999,1.24,0.715,1.4,0.0,1.14,0.965,0.0,0.415,0.215,0.92,0.805,0.405,0.5,0.5,0.5,0.0,0.5,0.5,0.5,0.5,0.0,0.5,0.5,0.0,1.0,0.0,0.5,0.5,0.0,1.0
K-rtaegZYkE,1.0,0.9083333333333333,0.38000000000000006,0.03,1.0333333333333334,1.5599999999999998,0.4666666666666666,0.25333333333333335,0.22999999999999998,0.8033333333333333,0.8333333333333334,1.3366666666666667,0.0,0.0,0.09999999999999999,0.0,1.2766666666666666,0.41,0.49,0.6666666666666666,0.3333333333333333,0.6666666666666666,0.6666666666666666,0.3333333333333333,0.3333333333333333,0.0,0.3333333333333333,0.3333333333333333,0.6666666666666666,0.0,0.0,0.3333333333333333,0.0,0.3333333333333333,0.3333333333333333,0.3333333333333333,0.3333333333333333
K05mhgf0Lj4,0.0,0.975,0.41,0.0,2.94,0.6,0.0,1.93,0.75,1.32,0.0,0.96,2.2,0.47,4.06,0.0,1.46,3.14,0.27,0.0,0.0,1.0,0.0,0.0,0.0,0.0,0.0,0.0,0.0,1.0,0.0,1.0,0.0,0.0,1.0,0.0,0.0
K0FmdB8uGKA,0.0,0.975,2.01,1.67,0.0,2.95,0.0,0.0,0.0,2.17,1.19,0.28,0.48,0.0,0.56,0.0,0.85,0.6,0.85,1.0,1.0,0.0,1.0,0.0,0.0,0.0,1.0,0.0,0.0,1.0,0.0,0.0,0.0,0.0,0.0,0.0,0.0
K20VZzncHgY,1.5,0.5625,0.67,0.1225,0.14250000000000002,0.4575,0.77,0.3125,1.8775000000000002,0.23750000000000002,0.045,0.495,1.6925,0.9099999999999999,0.7949999999999999,1.5575,0.1425,1.3225,0.3075,0.75,0.5,0.0,0.25,0.75,0.5,0.0,0.0,0.0,0.25,0.25,0.5,0.5,0.5,0.5,0.25,1.0,0.0
K4BnzGb1FGQ,1.0,0.9249999999999999,0.6766666666666666,0.01,0.56,0.006666666666666667,1.6133333333333333,2.54,0.27666666666666667,1.22,1.6033333333333335,0.73,0.5466666666666666,0.0,0.19666666666666668,0.0,1.6233333333333333,0.19666666666666666,0.4666666666666666,1.0,0.3333333333333333,0.6666666666666666,0.0,1.0,1.0,0.0,0.6666666666666666,0.6666666666666666,0.6666666666666666,0.3333333333333333,0.0,0.3333333333333333,0.0,0.6666666666666666,0.3333333333333333,0.0,0.3333333333333333
K6dZW1V3-FU,0.0,0.975,1.4,0.02,0.59,0.81,1.66,1.53,0.0,1.25,1.15,0.64,0.73,0.0,1.18,0.0,0.0,0.0,0.0,1.0,1.0,0.0,1.0,1.0,1.0,0.0,1.0,1.0,1.0,1.0,0.0,1.0,0.0,0.0,0.0,0.0,0.0
K9_kfYsDQgw,0.5,0.95,0.0,0.0,0.185,0.855,1.065,2.33,0.095,1.295,1.4,0.0,0.71,0.11,0.77,0.0,1.065,0.0,0.225,1.0,0.5,0.0,0.5,1.0,0.5,1.0,1.0,1.0,0.0,0.5,0.0,1.0,0.0,1.0,0.0,0.0,0.5
K9h7xBf9uzA,0.5,0.925,1.45,0.55,1.2550000000000001,0.05,0.94,0.235,0.79,1.555,1.525,0.665,0.06,0.0,0.385,0.0,1.0,0.0,0.0,1.0,0.5,0.5,0.0,0.5,0.5,0.5,0.5,0.5,0.0,0.0,0.0,0.5,0.0,0.5,0.0,0.0,0.0
KAWBqgvlhfo,0.0,0.975,0.14,0.0,0.0,0.0,0.6,0.0,0.0,1.58,1.18,1.15,0.0,0.0,0.0,0.0,0.0,0.2,0.0,0.0,0.0,0.0,1.0,1.0,1.0,0.0,1.0,1.0,1.0,1.0,0.0,0.0,0.0,0.0,1.0,1.0,1.0
KAXmWs4Hlis,0.5,0.975,0.75,0.0,0.6900000000000001,0.0,1.51,2.285,1.2650000000000001,1.415,0.87,1.005,0.315,1.19,0.645,0.0,0.475,0.26,0.18,0.5,0.5,0.5,0.0,1.0,1.0,0.5,1.0,0.5,1.0,1.0,0.5,0.5,0.0,0.5,0.0,0.5,0.5
KBckeRChNT4,2.5,0.7666666666666666,1.0066666666666666,0.015,0.10833333333333334,0.93,0.7433333333333333,0.32166666666666666,0.855,0.58,0.8783333333333333,0.85,1.445,0.8733333333333334,0.24833333333333332,0.45166666666666666,0.9,0.8783333333333334,0.3516666666666666,1.0,0.6666666666666666,0.3333333333333333,0.3333333333333333,0.6666666666666666,0.3333333333333333,0.3333333333333333,0.3333333333333333,0.6666666666666666,0.3333333333333333,0.5,0.3333333333333333,0.3333333333333333,0.3333333333333333,0.5,0.3333333333333333,0.5,0.16666666666666666
KG2lonDcGCU,1.0,0.325,0.18999999999999997,0.12,0.0,0.11666666666666665,0.6366666666666666,0.58,0.16666666666666666,0.5066666666666667,1.3766666666666667,1.2133333333333332,0.29,0.0,0.7933333333333333,0.0,0.49333333333333335,0.19666666666666666,0.09999999999999999,0.3333333333333333,0.6666666666666666,0.0,0.6666666666666666,1.0,0.6666666666666666,0.3333333333333333,1.0,1.0,1.0,0.3333333333333333,0.0,0.6666666666666666,0.0,1.0,0.0,0.0,0.3333333333333333
KG5Ov18N26U,0.0,0.975,0.0,0.0,0.0,0.0,1.51,1.61,1.11,0.56,1.82,0.0,0.45,0.0,0.43,0.0,2.77,1.08,0.0,1.0,1.0,0.0,0.0,1.0,0.0,1.0,1.0,1.0,0.0,1.0,0.0,0.0,0.0,1.0,1.0,0.0,0.0
KIXccECYjyU,0.5,0.95,1.835,2.015,0.0,2.27,0.495,0.075,0.0,1.2999999999999998,1.57,0.02,0.1,0.815,0.0,0.035,1.285,0.51,0.0,1.0,1.0,0.0,0.5,0.5,0.0,0.0,0.5,0.5,0.0,0.5,0.5,0.0,0.0,0.5,0.5,0.5,0.0
KNXOzx6mkUE,1.5,0.9625,0.755,0.405,0.6875,1.3875,0.01,0.2175,0.25,0.6975,0.325,0.74,0.2525,0.0,0.0925,0.0,1.8375,1.3275000000000001,0.3675,0.5,0.5,0.5,0.5,0.0,0.0,0.25,0.5,0.25,0.25,0.25,0.0,0.0,0.0,1.0,0.75,0.0,0.5
KOlzFdl35e4,1.0,0.975,0.16333333333333333,0.0,0.03666666666666667,0.0,0.7033333333333333,0.0,0.6366666666666667,0.68,0.39666666666666667,1.3299999999999998,0.5499999999999999,1.2233333333333334,0.48,0.45333333333333337,0.21,1.14,0.13999999999999999,0.3333333333333333,0.0,0.3333333333333333,0.3333333333333333,0.6666666666666666,0.0,0.6666666666666666,0.3333333333333333,0.0,0.6666666666666666,1.0,0.6666666666666666,0.6666666666666666,0.6666666666666666,0.0,0.3333333333333333,1.0,0.3333333333333333
KPbgE2STJiE,2.5,0.6333333333333333,0.24833333333333332,0.335,0.6816666666666666,1.5766666666666669,0.3383333333333334,0.7133333333333334,0.024999999999999998,0.5883333333333334,0.5816666666666667,0.7733333333333333,0.47833333333333333,0.21333333333333335,0.40166666666666667,0.03166666666666667,0.9166666666666666,0.7783333333333333,0.2333333333333333,0.8333333333333334,1.0,0.3333333333333333,0.6666666666666666,0.16666666666666666,0.5,0.3333333333333333,0.3333333333333333,0.3333333333333333,0.6666666666666666,0.6666666666666666,0.3333333333333333,0.3333333333333333,0.16666666666666666,0.6666666666666666,0.5,0.0,0.16666666666666666
KSrS_KmFcmM,1.5,0.9625,0.6799999999999999,0.62,0.0,0.6725,1.1099999999999999,0.775,0.2075,1.0074999999999998,1.7675,0.855,0.225,0.5325,0.6074999999999999,0.0075,1.8575000000000002,0.7475,0.5125,0.75,0.5,0.25,0.25,0.75,0.75,0.0,0.75,0.75,0.75,0.25,0.25,0.5,0.25,0.75,0.75,0.0,1.0
KTBkJEkTicw,1.0,0.6333333333333333,0.7566666666666667,0.0,0.6433333333333334,0.5333333333333333,1.6466666666666665,1.4366666666666668,0.39999999999999997,1.0466666666666666,1.6733333333333331,0.38999999999999996,0.14333333333333334,0.0,0.7200000000000001,0.38000000000000006,0.30666666666666664,0.0,0.22,0.6666666666666666,0.6666666666666666,0.6666666666666666,0.0,0.6666666666666666,0.3333333333333333,0.3333333333333333,0.6666666666666666,1.0,0.3333333333333333,0.3333333333333333,0.0,0.6666666666666666,0.6666666666666666,0.3333333333333333,0.0,0.3333333333333333,0.3333333333333333
KUWHXdT39Rg,0.0,0.975,1.15,1.14,0.0,3.68,0.0,0.0,0.0,0.0,0.0,0.0,1.97,0.43,2.05,0.0,2.15,0.92,0.0,1.0,1.0,0.0,1.0,0.0,0.0,0.0,0.0,0.0,0.0,1.0,0.0,1.0,0.0,1.0,1.0,1.0,0.0
KWEY2yJfy_E,2.0,0.9650000000000001,0.722,0.13,0.296,0.282,1.52,2.178,0.242,1.1320000000000001,1.476,0.756,0.476,0.19,0.776,0.0,1.566,0.258,0.45,1.0,0.6,0.2,0.2,1.0,0.6,0.4,1.0,0.8,0.6,0.8,0.0,0.6,0.2,1.0,0.4,0.2,0.8
KdAgjXVe2K4,1.0,0.6416666666666667,0.6566666666666667,0.08,0.0,0.5033333333333333,1.5466666666666669,1.1500000000000001,0.5633333333333334,1.1933333333333334,1.5699999999999996,1.6333333333333335,0.0,0.49666666666666665,0.33666666666666667,0.37666666666666665,1.623333333333333,0.6766666666666667,0.0,0.6666666666666666,0.6666666666666666,0.0,0.3333333333333333,0.6666666666666666,0.6666666666666666,0.6666666666666666,1.0,0.6666666666666666,1.0,0.3333333333333333,0.3333333333333333,1.0,0.6666666666666666,0.6666666666666666,1.0,0.3333333333333333,0.3333333333333333
KelcDGzQRKg,0.0,0.975,0.0,0.0,0.77,0.0,3.42,3.48,1.41,3.1,1.57,0.02,0.0,1.89,0.0,1.61,0.52,0.0,0.86,1.0,0.0,1.0,0.0,1.0,1.0,1.0,1.0,1.0,0.0,0.0,1.0,0.0,1.0,0.0,0.0,1.0,1.0
KewTOAuam4s,1.0,0.975,1.2266666666666666,0.58,0.7833333333333333,0.3066666666666667,0.21,1.0033333333333332,0.25,0.6166666666666667,0.62,0.21666666666666667,0.05333333333333334,0.16,0.51,0.049999999999999996,1.0766666666666667,0.5533333333333333,0.3833333333333333,0.6666666666666666,0.6666666666666666,1.0,0.3333333333333333,0.3333333333333333,0.6666666666666666,0.3333333333333333,0.6666666666666666,0.3333333333333333,0.0,0.3333333333333333,0.3333333333333333,0.3333333333333333,0.3333333333333333,0.6666666666666666,0.6666666666666666,0.3333333333333333,0.3333333333333333
Kgr7qGU_sJw,0.5,0.975,0.025,0.0,0.0,0.375,0.7949999999999999,1.2249999999999999,0.0,1.65,1.8399999999999999,1.655,0.29,0.0,0.845,0.385,0.935,0.145,0.0,1.0,0.0,0.0,0.0,1.0,0.5,0.0,1.0,1.0,1.0,0.5,0.0,1.0,0.5,0.5,0.0,0.5,0.0
Kk4YL2CZGPI,0.5,0.95,0.085,0.0,0.505,0.0,1.7650000000000001,1.255,1.17,1.6099999999999999,1.37,1.66,0.5,0.24,0.015,0.0,1.6849999999999998,0.645,0.0,0.0,0.5,0.5,0.0,1.0,1.0,1.0,1.0,0.5,1.0,0.5,0.0,0.5,0.5,1.0,0.5,0.0,0.5
KlL-XtnS_ps,5.0,0.615909090909091,0.43000000000000005,0.1,0.17181818181818184,1.0872727272727272,1.0118181818181817,1.2563636363636363,0.27090909090909093,0.9418181818181818,0.8636363636363636,0.4572727272727273,0.7863636363636364,0.6363636363636364,0.8027272727272727,0.69,0.7736363636363636,0.6590909090909091,0.03818181818181818,0.5454545454545454,0.5454545454545454,0.2727272727272727,0.6363636363636364,0.6363636363636364,0.2727272727272727,0.2727272727272727,0.5454545454545454,0.45454545454545453,0.2727272727272727,0.8181818181818182,0.45454545454545453,0.6363636363636364,0.36363636363636365,0.45454545454545453,0.36363636363636365,0.5454545454545454,0.09090909090909091
KmWoT5FmtTk,0.0,0.975,0.0,0.0,0.47,0.0,2.13,2.93,0.78,1.77,2.69,0.92,0.0,0.0,0.93,0.53,2.16,0.0,0.0,0.0,0.0,0.0,0.0,1.0,1.0,1.0,1.0,1.0,1.0,0.0,0.0,0.0,1.0,1.0,1.0,0.0,0.0
KmaO8Z99BJU,0.5,0.925,0.23,0.605,0.41,0.215,2.385,3.11,0.96,1.54,1.5150000000000001,0.72,0.54,0.055,1.4249999999999998,0.0,2.0949999999999998,0.755,0.305,0.5,0.5,0.5,0.0,1.0,1.0,0.5,1.0,1.0,0.5,0.5,0.0,1.0,0.5,1.0,0.5,0.0,1.0
KqItPSo7R58,1.5,0.825,1.88,0.495,0.9875,0.695,0.3125,1.4024999999999999,0.0,0.0675,0.4125,0.6675,0.235,0.47500000000000003,0.9374999999999999,0.06,0.635,0.1075,0.355,1.0,1.0,1.0,0.5,0.25,0.5,0.0,0.0,0.25,0.5,0.75,0.25,0.75,0.0,0.75,0.0,0.25,0.25
KrbZE3SL1vU,0.0,0.975,0.0,0.0,0.78,0.55,2.61,1.89,0.0,1.69,3.0,2.02,0.0,0.0,0.07,0.3,1.7,0.0,0.0,1.0,0.0,1.0,1.0,1.0,1.0,0.0,1.0,1.0,1.0,0.0,0.0,0.0,0.0,1.0,0.0,0.0,1.0
KuSZGmAz7zc,5.0,0.509090909090909,0.6718181818181819,0.10454545454545454,0.4309090909090909,0.20545454545454545,0.7536363636363638,0.6954545454545454,0.48363636363636364,1.2554545454545456,0.8181818181818182,0.879090909090909,0.5363636363636364,0.06454545454545454,0.6036363636363636,0.47181818181818175,0.6136363636363636,0.30818181818181817,0.15727272727272726,0.6363636363636364,0.7272727272727273,0.45454545454545453,0.09090909090909091,0.5454545454545454,0.36363636363636365,0.6363636363636364,0.5454545454545454,0.5454545454545454,0.6363636363636364,0.5454545454545454,0.09090909090909091,0.6363636363636364,0.5454545454545454,0.36363636363636365,0.18181818181818182,0.36363636363636365,0.2727272727272727
KwD4e3ziCb4,0.5,0.975,0.75,1.355,0.0,0.9199999999999999,0.76,0.615,0.0,1.15,1.44,1.07,0.135,0.0,0.0,0.13,2.135,0.9550000000000001,0.035,1.0,1.0,0.0,0.5,0.5,1.0,0.0,0.5,1.0,1.0,0.5,0.0,0.0,1.0,1.0,1.0,0.0,1.0
KwTtV2ZJZ7U,2.0,0.945,1.424,0.632,0.632,1.3719999999999999,0.066,0.324,0.08199999999999999,0.72,0.426,0.004,0.44800000000000006,0.32999999999999996,0.316,0.018,0.558,0.28600000000000003,0.22599999999999998,1.0,1.0,0.6,0.4,0.0,0.4,0.0,0.4,0.4,0.2,0.8,0.4,0.2,0.2,0.4,0.6,0.6,0.6
KxqcT1LUJhQ,2.0,0.585,0.156,0.134,0.586,1.238,0.166,0.382,0.196,0.286,0.34199999999999997,0.16,0.5519999999999999,0.454,0.22599999999999998,0.16599999999999998,0.46799999999999997,0.372,0.388,0.8,0.6,0.2,0.6,0.0,0.2,0.4,0.2,0.2,0.2,0.4,0.2,0.4,0.2,0.2,0.2,0.2,0.2
KxyoiLVn_YU,1.0,0.875,0.5,0.0,0.41333333333333333,0.8066666666666666,1.43,0.8366666666666668,0.23666666666666666,1.28,0.94,0.25333333333333335,0.9466666666666667,0.15666666666666665,0.0,0.02,0.6233333333333334,0.3,0.03333333333333333,0.3333333333333333,1.0,0.3333333333333333,0.3333333333333333,1.0,1.0,0.0,1.0,0.6666666666666666,0.0,0.6666666666666666,0.0,0.0,0.0,0.6666666666666666,0.6666666666666666,0.6666666666666666,0.3333333333333333
Kys4CbieqpU,0.5,0.975,1.0899999999999999,0.0,0.0,0.445,0.54,0.72,0.6000000000000001,1.145,1.205,2.505,0.45999999999999996,0.38,0.87,0.0,0.4,0.11,0.0,1.0,1.0,0.0,0.5,0.5,0.5,1.0,1.0,0.0,1.0,1.0,0.5,0.5,0.0,0.5,0.5,0.5,0.5
KzG17U1mbMc,0.5,0.975,0.855,0.15,0.0,0.105,0.965,0.885,0.0,1.4100000000000001,1.455,1.405,0.215,0.45999999999999996,0.495,0.0,0.655,0.04,0.0,1.0,1.0,0.0,0.5,1.0,0.5,0.0,1.0,1.0,1.0,0.0,0.5,0.5,0.0,0.5,0.5,0.5,0.0
L-OWMMdBkHk,0.5,0.975,2.185,0.76,0.545,2.51,0.355,0.0,0.0,1.255,1.7349999999999999,1.585,0.0,0.765,1.335,0.655,1.16,0.93,0.155,1.0,1.0,0.5,1.0,0.0,0.0,0.0,0.5,1.0,1.0,0.5,0.5,0.5,0.5,0.5,0.5,1.0,0.0
L9tIAMCe2dc,0.5,0.95,1.125,0.28,0.23500000000000001,0.0,1.365,0.975,1.5299999999999998,1.47,1.315,2.365,0.43999999999999995,0.15,0.825,0.0,1.64,0.16,0.475,1.0,0.5,0.5,0.0,1.0,1.0,0.5,0.5,0.5,1.0,0.5,0.0,0.5,0.0,1.0,1.0,0.0,0.5
LAfchScmbVY,1.0,0.9416666666666668,2.8033333333333332,1.8099999999999998,0.0,0.9833333333333333,0.3,0.24,0.0,0.0,0.2333333333333333,0.0,1.55,0.8533333333333334,1.1066666666666667,0.11333333333333334,0.37666666666666665,0.44333333333333336,0.24666666666666667,1.0,1.0,0.0,0.6666666666666666,0.3333333333333333,0.3333333333333333,0.0,0.3333333333333333,0.3333333333333333,0.0,1.0,1.0,0.6666666666666666,0.3333333333333333,0.6666666666666666,0.0,0.3333333333333333,0.3333333333333333
LCPdReRvd00,2.0,0.76,0.22599999999999998,0.0,0.1,0.584,0.6020000000000001,0.732,0.192,1.066,0.658,0.6439999999999999,0.582,0.124,0.782,0.132,0.714,0.724,0.136,0.2,0.6,0.4,0.4,0.4,0.4,0.0,0.4,0.4,0.4,0.8,0.0,0.6,0.4,0.6,0.4,0.2,0.2
LCpmr8NTkzQ,0.0,0.975,0.0,0.0,0.0,0.89,1.96,2.9,0.0,1.35,2.9,0.89,0.0,0.0,0.44,0.0,2.37,0.0,0.0,1.0,0.0,0.0,0.0,1.0,1.0,0.0,1.0,1.0,1.0,0.0,0.0,0.0,0.0,1.0,0.0,0.0,0.0
LFkSktRSJpM,0.5,0.95,0.17,0.0,0.4,0.0,1.045,0.88,0.0,1.6700000000000002,2.175,0.95,0.0,0.0,0.0,0.035,1.8599999999999999,0.9550000000000001,0.37,1.0,1.0,0.5,0.0,1.0,0.5,0.0,1.0,1.0,0.5,0.5,0.0,0.5,0.5,1.0,0.5,0.0,1.0
LLWlON3rO84,1.0,0.975,1.1633333333333333,0.6466666666666666,0.0,0.2966666666666667,1.6466666666666665,1.2300000000000002,0.31,1.61,2.066666666666667,0.67,0.89,0.0,0.0,0.0,2.3433333333333333,0.0,0.0,1.0,0.6666666666666666,0.0,0.0,0.6666666666666666,0.6666666666666666,0.3333333333333333,0.6666666666666666,0.6666666666666666,0.3333333333333333,0.6666666666666666,0.0,0.3333333333333333,0.0,1.0,0.6666666666666666,0.3333333333333333,0.0
LNin1zdtACc,0.0,0.975,0.31,0.0,0.0,0.0,1.62,3.25,0.08,2.26,2.6,0.57,0.0,0.0,0.15,0.0,3.98,1.57,0.0,1.0,1.0,0.0,0.0,1.0,1.0,1.0,1.0,1.0,1.0,0.0,0.0,0.0,0.0,1.0,1.0,0.0,1.0
LNtFTq32huA,2.5,0.7583333333333333,0.445,0.12666666666666668,0.7633333333333333,0.4683333333333333,0.09833333333333334,0.12833333333333333,0.10833333333333332,0.5366666666666666,0.22833333333333336,0.8016666666666666,0.16666666666666666,0.64,0.3433333333333333,0.08666666666666667,0.48500000000000004,1.0816666666666668,0.445,0.5,0.8333333333333334,0.6666666666666666,0.0,0.0,0.5,0.16666666666666666,0.16666666666666666,0.16666666666666666,0.6666666666666666,0.3333333333333333,0.16666666666666666,0.6666666666666666,0.16666666666666666,0.16666666666666666,0.5,0.3333333333333333,0.5
LQRA4LI1dpw,0.5,0.95,1.415,0.825,0.315,1.385,1.2,0.74,0.0,0.42000000000000004,2.055,0.925,0.415,0.0,0.0,0.62,0.875,0.415,0.235,1.0,1.0,0.0,0.5,0.5,0.5,0.0,0.5,1.0,0.5,0.0,0.0,0.5,0.5,0.0,0.5,1.0,0.0
LTonXvxR7wg,0.0,0.975,0.0,0.0,0.0,0.0,1.99,2.4,0.43,1.9,1.64,0.3,0.16,0.23,0.0,0.29,2.65,2.39,0.46,0.0,1.0,0.0,0.0,1.0,1.0,0.0,1.0,1.0,1.0,1.0,0.0,0.0,1.0,1.0,1.0,0.0,1.0
LU3dP_VdymQ,0.0,0.975,0.05,0.0,0.23,0.0,1.01,1.69,0.44,0.0,0.0,0.0,2.56,0.0,0.0,0.76,1.21,2.18,0.25,0.0,0.0,1.0,0.0,1.0,0.0,0.0,0.0,0.0,0.0,1.0,0.0,0.0,1.0,1.0,1.0,1.0,0.0
LV2RZPV3aR8,0.5,0.975,1.2,0.195,0.625,0.055,0.25,0.44,0.505,0.245,0.39,0.35,0.715,1.2650000000000001,1.23,0.195,0.0,0.065,0.12,1.0,0.5,0.5,0.0,1.0,0.5,1.0,0.5,0.5,1.0,1.0,1.0,1.0,1.0,0.0,0.0,0.0,0.0
LVVI4KvH_Gw,0.0,0.975,0.31,0.0,0.27,0.01,1.98,0.0,0.36,1.59,2.08,2.57,0.0,0.54,0.0,0.22,0.79,0.0,0.0,0.0,0.0,0.0,0.0,1.0,1.0,1.0,1.0,1.0,1.0,1.0,0.0,0.0,1.0,1.0,0.0,0.0,1.0
LVaz4TG41r8,1.0,0.9583333333333334,0.26666666666666666,0.4566666666666667,0.5599999999999999,0.7133333333333334,0.0033333333333333335,0.17666666666666667,0.0,0.5266666666666667,0.20333333333333334,0.83,0.3166666666666667,0.5066666666666667,0.21666666666666667,0.02666666666666667,0.8300000000000001,0.8000000000000002,0.5066666666666667,0.6666666666666666,1.0,0.3333333333333333,0.0,0.0,0.0,0.0,0.3333333333333333,0.0,0.6666666666666666,0.6666666666666666,0.3333333333333333,0.0,0.0,0.3333333333333333,0.3333333333333333,0.3333333333333333,0.3333333333333333
LVxfqOe3MFE,0.0,0.975,0.0,0.0,2.25,0.0,1.55,3.27,0.75,0.32,1.64,0.67,0.0,0.0,0.44,0.2,1.59,0.05,0.0,0.0,0.0,1.0,0.0,1.0,1.0,1.0,1.0,1.0,1.0,0.0,0.0,0.0,1.0,1.0,1.0,0.0,1.0
L_h9HRJ79-E,0.0,0.975,0.41,0.75,1.14,0.84,1.79,3.41,0.9,0.0,1.67,0.0,1.91,0.0,0.0,1.82,2.02,3.04,0.76,1.0,1.0,1.0,0.0,1.0,1.0,0.0,0.0,1.0,0.0,0.0,0.0,0.0,1.0,1.0,1.0,0.0,1.0
LcsTba_KQXM,0.5,0.975,0.755,0.005,0.535,1.26,0.96,0.765,0.025,1.355,1.2349999999999999,0.645,0.08,1.045,0.585,0.265,0.09,0.56,0.025,1.0,1.0,0.0,0.5,0.5,0.5,0.0,0.5,0.5,0.5,0.0,0.5,0.5,0.5,0.5,0.0,1.0,0.0
LczC9rkrNkM,1.5,0.9375,0.5075000000000001,0.07,0.0,0.17,1.62,2.04,0.5325,1.2475,1.7,1.0,0.2325,0.4275,0.3125,0.115,0.7925,0.3275,0.01,0.5,0.25,0.25,0.75,1.0,1.0,0.75,1.0,1.0,0.75,0.5,0.25,0.5,0.25,0.75,0.25,0.25,0.5
LfPx5Ygzr9A,0.5,0.95,1.17,0.03,0.045,0.9650000000000001,1.8050000000000002,3.245,0.855,1.755,1.5550000000000002,1.46,0.6900000000000001,0.0,0.175,0.125,1.895,0.545,0.095,1.0,0.0,0.0,0.5,1.0,1.0,1.0,1.0,0.5,1.0,0.5,0.0,1.0,0.0,1.0,1.0,0.5,1.0
LmBtqFkvIn0,0.0,0.875,0.0,0.96,0.0,0.5,0.0,1.89,1.21,0.55,0.0,0.0,1.1,0.88,0.0,0.48,0.68,1.03,0.25,1.0,1.0,1.0,1.0,0.0,1.0,1.0,0.0,0.0,0.0,1.0,0.0,0.0,1.0,1.0,1.0,0.0,1.0
LoDHH_O0fDg,0.5,0.95,0.785,0.09,1.46,1.42,1.055,0.0,0.675,0.94,1.28,0.835,0.365,0.865,0.0,0.0,1.04,0.06,0.375,0.5,0.5,0.5,0.0,0.5,0.5,0.5,0.5,0.5,0.5,1.0,0.5,0.0,0.0,0.5,0.0,0.0,0.5
Lot6VTTgzGw,0.5,0.5,1.7200000000000002,0.325,0.38,0.525,0.385,1.8599999999999999,0.0,0.25,0.62,0.0,1.4749999999999999,0.66,0.0,0.0,0.0,0.0,0.0,1.0,1.0,1.0,0.0,0.5,1.0,0.0,0.0,0.5,0.0,0.5,0.0,0.0,0.0,0.0,0.0,1.0,0.0
Lqznip8oO9M,0.5,0.95,0.76,0.835,0.0,1.235,0.52,0.93,0.25,1.4649999999999999,0.6,1.7449999999999999,0.64,0.0,0.145,0.0,1.62,2.0549999999999997,0.0,1.0,1.0,0.0,0.5,0.5,0.0,0.0,1.0,0.5,1.0,1.0,0.0,0.0,0.0,1.0,1.0,0.0,0.5
LsCHNOZ3htY,0.5,0.975,0.98,0.0,0.36,0.435,1.415,1.835,0.4,0.74,0.9650000000000001,0.96,0.81,0.53,2.16,0.33,0.7050000000000001,2.295,0.0,1.0,0.0,0.5,0.5,1.0,0.0,0.0,1.0,1.0,1.0,1.0,0.0,0.5,1.0,1.0,0.5,0.0,0.0
LsFTrq6vAus,0.5,0.825,0.455,0.23,0.0,0.36,1.565,0.0,0.0,2.045,2.4299999999999997,2.425,0.215,0.11,0.0,0.115,1.44,0.015,0.0,0.5,1.0,0.0,0.5,0.5,0.0,0.0,1.0,1.0,1.0,0.5,0.0,0.0,0.0,0.5,0.5,0.5,0.0
LtXiRN0P2VY,0.0,0.975,0.25,0.0,0.0,0.32,1.26,2.96,0.27,1.78,2.06,0.29,0.46,0.0,0.0,0.06,1.52,0.0,0.0,1.0,0.0,0.0,0.0,1.0,1.0,1.0,1.0,1.0,1.0,1.0,0.0,0.0,0.0,1.0,0.0,0.0,0.0
LtrL-cCzoNo,1.0,0.975,0.87,0.64,0.27666666666666667,0.13666666666666666,0.62,0.0,0.05333333333333334,0.64,1.26,0.9700000000000001,0.48000000000000004,0.38666666666666666,0.0,0.06666666666666667,0.63,0.0,0.25666666666666665,1.0,0.6666666666666666,0.3333333333333333,0.3333333333333333,0.3333333333333333,0.0,0.0,0.3333333333333333,0.3333333333333333,0.6666666666666666,0.3333333333333333,0.3333333333333333,0.3333333333333333,0.0,0.3333333333333333,0.3333333333333333,0.0,0.3333333333333333
LvtB_HOBtXU,3.0,0.8678571428571429,0.6828571428571427,0.1457142857142857,0.22571428571428573,0.6728571428571428,0.18857142857142856,0.0,0.012857142857142857,0.3314285714285714,0.18857142857142858,0.23857142857142857,1.1457142857142857,0.32857142857142857,0.5,0.2057142857142857,0.4114285714285714,0.03142857142857143,0.002857142857142857,0.8571428571428571,0.7142857142857143,0.2857142857142857,0.7142857142857143,0.0,0.0,0.0,0.42857142857142855,0.2857142857142857,0.42857142857142855,0.42857142857142855,0.2857142857142857,0.42857142857142855,0.42857142857142855,0.2857142857142857,0.42857142857142855,0.2857142857142857,0.42857142857142855
LyiAFZFC0NI,0.0,0.875,0.73,0.0,0.0,1.77,0.0,2.57,0.34,0.43,0.0,0.0,0.5,0.0,1.25,0.0,0.0,0.0,0.0,1.0,1.0,1.0,0.0,0.0,1.0,0.0,0.0,0.0,0.0,0.0,0.0,1.0,0.0,0.0,0.0,0.0,0.0
M0lKXfyJh-I,0.5,0.95,0.0,0.285,0.945,1.085,1.48,1.7200000000000002,1.0250000000000001,0.405,1.17,0.995,0.91,0.48,0.0,0.0,0.83,0.68,0.03,0.5,0.5,1.0,0.5,0.5,1.0,0.0,0.5,0.5,0.5,0.5,0.0,0.5,0.0,1.0,0.5,0.5,0.5
M6PeY_lZJk0,0.0,0.975,1.07,0.43,0.0,0.58,0.6,0.35,0.0,0.87,0.99,0.65,0.0,0.33,0.0,0.31,0.0,0.0,0.0,1.0,1.0,0.0,1.0,1.0,0.0,0.0,0.0,1.0,1.0,0.0,0.0,0.0,0.0,0.0,0.0,0.0,0.0
M7clFz4fyeg,0.5,0.95,1.44,1.18,0.75,1.775,1.55,1.83,0.46,1.4,1.665,0.705,0.0,0.0,0.0,0.095,1.52,0.43,0.425,1.0,0.0,0.5,0.5,0.5,1.0,0.5,0.5,0.5,0.5,0.5,0.0,0.0,0.5,1.0,1.0,0.5,1.0
M7nAZgyp9I0,0.0,0.975,0.11,0.0,0.0,0.16,0.0,1.45,0.0,0.0,0.4,0.0,0.0,0.0,0.0,0.0,0.0,0.04,0.0,1.0,0.0,0.0,1.0,0.0,0.0,0.0,0.0,0.0,0.0,1.0,0.0,0.0,0.0,0.0,0.0,1.0,0.0
M8MG_3YB3b8,3.0,0.9321428571428572,0.1,0.05714285714285715,0.41857142857142854,0.43714285714285717,0.27285714285714285,0.74,0.08142857142857143,0.2942857142857143,0.35285714285714287,0.4557142857142857,0.08142857142857143,0.054285714285714284,0.09714285714285716,0.0,0.3014285714285715,0.051428571428571435,0.3028571428571428,0.7142857142857143,0.5714285714285714,0.7142857142857143,0.42857142857142855,0.14285714285714285,0.7142857142857143,0.14285714285714285,0.14285714285714285,0.2857142857142857,0.7142857142857143,0.0,0.0,0.2857142857142857,0.0,0.2857142857142857,0.2857142857142857,0.0,0.7142857142857143
M9C3dF4FjpQ,0.0,0.975,0.0,0.0,0.67,0.0,2.09,2.36,0.69,1.96,2.38,1.48,0.0,0.0,0.0,0.45,1.75,0.0,0.0,0.0,0.0,0.0,0.0,1.0,1.0,1.0,1.0,1.0,1.0,0.0,0.0,0.0,1.0,1.0,0.0,0.0,0.0
M9tx5tggT-k,0.5,0.8,0.085,0.0,0.0,0.01,0.40499999999999997,1.155,0.635,0.99,0.105,0.075,0.04,1.05,0.0,0.325,0.0,0.2,0.0,0.0,0.5,0.0,0.5,0.0,0.5,1.0,0.5,0.0,0.5,0.5,0.5,0.5,0.5,0.0,0.0,1.0,0.5
MBtWxCM7NYg,0.0,0.975,1.51,0.07,0.7,0.0,1.32,1.53,0.83,0.35,1.77,1.28,0.23,0.0,0.57,0.0,3.84,1.17,0.0,1.0,1.0,0.0,0.0,1.0,1.0,1.0,1.0,1.0,1.0,1.0,0.0,0.0,0.0,1.0,1.0,0.0,1.0
ME0ICNval34,0.0,0.975,2.29,0.55,0.67,0.0,2.51,1.28,1.04,1.5,2.7,1.85,0.0,0.0,0.0,0.33,2.23,1.18,0.0,1.0,0.0,1.0,0.0,1.0,1.0,0.0,1.0,1.0,1.0,0.0,0.0,0.0,0.0,1.0,1.0,0.0,0.0
MEDamnVjgXI,0.0,0.975,0.0,0.0,0.99,1.01,1.37,0.11,0.97,0.92,1.59,0.46,0.0,0.0,0.65,0.15,1.78,0.0,0.33,0.0,0.0,0.0,1.0,1.0,0.0,1.0,1.0,1.0,0.0,0.0,0.0,1.0,1.0,1.0,1.0,1.0,1.0
MEh5Nuqwmok,2.0,0.925,0.368,0.02,0.616,0.15,1.076,1.436,0.34199999999999997,0.9179999999999999,0.866,0.538,0.514,0.7220000000000001,0.48200000000000004,0.21800000000000003,1.1199999999999999,0.20600000000000002,0.22400000000000003,0.6,0.4,0.4,0.2,0.8,0.6,0.4,0.8,0.4,0.4,0.6,0.2,0.4,0.4,0.6,0.0,0.4,0.4
MF3Xjml0UPI,1.0,0.6416666666666667,0.44333333333333336,0.0,0.10666666666666667,0.68,1.2899999999999998,1.6766666666666665,1.07,0.8933333333333334,1.4166666666666667,0.6666666666666666,0.43333333333333335,0.0,0.0,0.35000000000000003,1.1433333333333333,0.11333333333333333,0.8366666666666666,0.3333333333333333,0.6666666666666666,0.3333333333333333,0.3333333333333333,1.0,0.6666666666666666,0.6666666666666666,0.3333333333333333,1.0,0.6666666666666666,0.3333333333333333,0.0,0.0,1.0,0.3333333333333333,0.6666666666666666,0.0,0.6666666666666666
MIiVqUYh_eo,5.5,0.61875,0.7025,0.030833333333333334,0.8916666666666666,0.5675,0.33749999999999997,1.0858333333333334,0.3408333333333333,0.25416666666666665,0.38916666666666666,0.32,0.5841666666666666,0.47750000000000004,0.6241666666666666,0.1275,0.38083333333333336,0.06916666666666667,0.03833333333333334,1.0,0.9166666666666666,0.75,0.3333333333333333,0.3333333333333333,0.9166666666666666,0.16666666666666666,0.16666666666666666,0.25,0.5,0.75,0.4166666666666667,0.5,0.25,0.3333333333333333,0.08333333333333333,0.08333333333333333,0.5833333333333334
MKBogPOM3Ao,0.5,0.95,1.215,0.78,0.325,0.4,1.36,1.415,0.20500000000000002,1.65,2.415,0.845,0.0,0.0,0.28,0.0,2.665,0.86,0.0,1.0,1.0,0.0,0.5,0.5,0.5,0.0,1.0,1.0,0.5,0.0,0.0,0.0,0.0,1.0,1.0,0.0,0.0
MKgOWgUwTrU,0.0,0.975,0.0,0.0,0.0,0.0,1.26,2.7,0.04,2.75,2.59,0.17,0.0,0.0,0.34,0.0,2.36,0.64,0.0,1.0,1.0,0.0,0.0,1.0,1.0,0.0,1.0,1.0,1.0,1.0,0.0,1.0,0.0,1.0,0.0,0.0,1.0
MLQ2ZT_v7WI,4.5,0.7,0.48,0.0,0.32599999999999996,0.8459999999999999,0.48600000000000004,0.758,0.548,0.8640000000000001,0.34199999999999997,0.654,0.393,0.355,0.23800000000000004,0.093,0.27,0.31,0.191,0.7,0.7,0.4,0.3,0.4,0.3,0.5,0.5,0.2,0.7,0.6,0.3,0.7,0.1,0.4,0.2,0.3,0.8
MMOR5h6gS8s,1.0,0.9083333333333333,0.7799999999999999,0.22666666666666668,0.49666666666666676,0.10333333333333333,0.9066666666666666,0.36000000000000004,0.0,1.4766666666666666,1.72,1.0633333333333332,0.18000000000000002,0.0,0.08,0.27666666666666667,2.2366666666666664,0.77,0.29333333333333333,1.0,1.0,0.6666666666666666,0.3333333333333333,0.6666666666666666,0.6666666666666666,0.3333333333333333,1.0,0.6666666666666666,0.6666666666666666,0.3333333333333333,0.3333333333333333,0.0,0.3333333333333333,1.0,0.6666666666666666,0.0,1.0
MNtJxjc0Agc,0.0,0.675,1.03,0.0,1.45,1.53,0.06,0.25,0.28,1.77,0.25,0.0,0.18,0.32,2.49,0.0,0.41,0.18,0.0,0.0,1.0,0.0,0.0,0.0,0.0,0.0,1.0,0.0,0.0,1.0,0.0,1.0,0.0,1.0,0.0,1.0,0.0
MRQ7_4CsCBk,1.0,0.65,1.1300000000000001,0.8866666666666667,0.4366666666666667,0.5766666666666667,0.5933333333333334,1.3566666666666667,0.51,0.6966666666666667,0.5333333333333333,0.56,0.36000000000000004,0.4533333333333333,0.5033333333333333,0.05333333333333334,0.6666666666666666,1.0533333333333335,0.39666666666666667,0.6666666666666666,1.0,0.3333333333333333,0.6666666666666666,0.3333333333333333,0.3333333333333333,0.0,0.3333333333333333,0.3333333333333333,0.6666666666666666,0.6666666666666666,0.3333333333333333,0.3333333333333333,0.0,0.6666666666666666,0.6666666666666666,0.3333333333333333,0.3333333333333333
MT5RB0pm6Yo,0.5,0.925,0.565,0.0,0.38,0.32,0.9,2.105,0.33,0.0,0.625,0.515,0.2,0.105,2.245,0.45,0.245,1.02,0.0,1.0,0.5,0.0,0.0,0.5,1.0,0.0,0.0,0.5,0.5,1.0,0.0,1.0,0.5,0.5,1.0,1.0,0.0
MU061QXgKGk,0.0,0.975,0.0,0.0,2.56,0.18,1.56,0.0,1.5,1.52,0.52,0.88,0.1,0.0,0.62,0.0,0.21,0.18,0.0,0.0,1.0,1.0,0.0,1.0,0.0,1.0,1.0,0.0,1.0,0.0,0.0,1.0,0.0,1.0,0.0,0.0,0.0
MXK1zjOEAP8,0.5,0.975,0.855,0.395,0.47,1.345,0.715,1.24,0.33,0.695,0.755,0.0,0.14500000000000002,0.0,0.47,0.0,1.155,1.22,0.0,1.0,1.0,0.5,0.5,0.5,0.5,0.5,0.5,0.5,0.0,1.0,0.0,0.0,0.0,0.5,1.0,0.0,0.5
MYOdeJM1KDs,0.5,0.4375,0.09,0.0,0.7100000000000001,0.7949999999999999,1.02,0.205,0.07,0.79,0.9099999999999999,1.845,0.295,0.105,1.24,0.255,0.34,0.15,0.0,0.5,0.5,0.5,0.5,1.0,0.5,0.5,1.0,1.0,1.0,1.0,0.5,1.0,0.5,0.5,0.0,0.0,0.0
MYYXYv1CeXc,1.5,0.21875,0.22500000000000003,0.0,0.15,0.8049999999999999,0.9325,0.9149999999999999,0.9775,0.4425,0.3325,0.10500000000000001,0.465,0.0625,0.3225,0.05,0.0,0.0,0.1225,0.75,0.75,0.0,0.25,0.5,0.75,0.25,0.0,0.25,0.25,0.5,0.0,0.25,0.0,0.0,0.0,0.5,0.25
MYiU3RxXWKE,1.0,0.9583333333333334,1.5233333333333334,1.6766666666666665,0.49333333333333335,1.0933333333333335,0.0,0.19999999999999998,0.14333333333333334,0.33,0.09000000000000001,0.0,0.5166666666666666,0.0,0.11666666666666665,0.0,0.0,0.0,1.2833333333333334,1.0,1.0,0.6666666666666666,0.3333333333333333,0.0,0.0,0.3333333333333333,0.0,0.0,0.0,1.0,0.0,0.3333333333333333,0.3333333333333333,0.0,0.0,0.0,0.6666666666666666
MYxDGf35jck,0.0,0.975,0.0,0.0,0.0,2.4,0.4,0.0,0.29,1.09,0.55,0.85,0.76,0.0,1.8,0.0,1.33,0.36,0.0,1.0,1.0,0.0,1.0,0.0,1.0,0.0,1.0,0.0,1.0,1.0,0.0,1.0,0.0,1.0,1.0,1.0,0.0
MZrAxGNnjSk,0.5,0.95,1.5699999999999998,2.995,0.0,2.77,0.085,0.415,0.0,0.425,0.345,0.495,0.105,0.0,0.175,0.6950000000000001,0.355,0.27,0.14,1.0,1.0,0.0,1.0,0.0,0.5,0.0,0.5,1.0,0.5,0.5,0.0,1.0,0.5,1.0,1.0,1.0,0.0
M_LqzLGt9h4,3.0,0.8107142857142857,0.4428571428571429,0.0,0.4628571428571429,0.7928571428571428,0.14285714285714285,0.7057142857142857,0.45,0.6900000000000001,0.34714285714285714,0.3371428571428572,0.5871428571428571,0.37142857142857144,0.26857142857142857,0.19428571428571426,0.6071428571428571,0.39285714285714285,0.1157142857142857,0.7142857142857143,0.8571428571428571,0.42857142857142855,0.42857142857142855,0.0,0.42857142857142855,0.2857142857142857,0.42857142857142855,0.14285714285714285,0.14285714285714285,0.7142857142857143,0.14285714285714285,0.42857142857142855,0.42857142857142855,0.2857142857142857,0.2857142857142857,0.2857142857142857,0.2857142857142857
M_VlwYFRQJk,3.0,0.8107142857142857,0.5785714285714285,0.37285714285714283,0.5728571428571428,1.127142857142857,0.22,0.4585714285714286,0.21142857142857144,0.687142857142857,0.5671428571428572,0.48142857142857143,0.7242857142857143,0.17999999999999997,0.35714285714285715,0.37,0.5199999999999999,0.7657142857142858,0.19999999999999998,0.7142857142857143,0.8571428571428571,0.42857142857142855,0.7142857142857143,0.14285714285714285,0.14285714285714285,0.14285714285714285,0.42857142857142855,0.2857142857142857,0.8571428571428571,0.8571428571428571,0.14285714285714285,0.7142857142857143,0.2857142857142857,0.42857142857142855,0.42857142857142855,0.2857142857142857,0.14285714285714285
M_XUw3tno9U,3.0,0.525,0.5457142857142857,0.41714285714285715,0.31285714285714283,1.2614285714285713,0.17857142857142858,0.2357142857142857,0.29000000000000004,0.4828571428571428,0.2785714285714286,0.4328571428571429,0.8428571428571427,0.7657142857142858,0.7628571428571428,0.07857142857142858,0.8242857142857144,1.304285714285714,0.032857142857142856,0.7142857142857143,0.8571428571428571,0.2857142857142857,0.2857142857142857,0.14285714285714285,0.0,0.14285714285714285,0.2857142857142857,0.42857142857142855,0.42857142857142855,0.5714285714285714,0.42857142857142855,0.42857142857142855,0.14285714285714285,0.42857142857142855,0.42857142857142855,0.2857142857142857,0.0
M_zxfX-BJK4,1.0,0.9583333333333334,0.9466666666666667,0.3866666666666667,0.2733333333333333,1.22,0.9366666666666666,0.9333333333333332,0.9866666666666667,0.9333333333333332,0.5566666666666666,0.9199999999999999,0.5333333333333333,0.22333333333333336,0.42,0.023333333333333334,1.2533333333333334,0.0,0.016666666666666666,0.6666666666666666,0.6666666666666666,0.3333333333333333,0.0,0.6666666666666666,0.6666666666666666,0.3333333333333333,1.0,0.6666666666666666,0.6666666666666666,0.6666666666666666,0.0,0.3333333333333333,0.0,0.6666666666666666,0.0,0.0,0.0
MdRI-Yy1jkY,0.5,0.975,0.23,0.38,0.0,0.0,2.26,2.2199999999999998,0.85,2.3,2.75,0.595,0.55,0.0,0.615,0.0,3.1799999999999997,1.365,0.31,0.5,1.0,0.0,0.0,1.0,1.0,0.5,1.0,1.0,0.0,0.5,0.0,0.0,0.0,1.0,1.0,0.0,1.0
MfftS_h6sNQ,2.0,0.9550000000000001,0.32199999999999995,0.0,0.256,0.11000000000000001,1.06,1.3980000000000001,0.11800000000000002,0.33999999999999997,1.864,1.112,0.08,0.192,0.148,0.262,1.278,0.75,0.154,0.4,0.4,0.2,0.2,0.8,0.4,0.2,0.4,1.0,1.0,0.4,0.2,0.4,0.4,0.6,0.6,0.0,0.0
Mg58cqXP4q4,2.0,0.875,0.842,0.778,0.13999999999999999,1.94,0.378,1.224,0.518,0.6799999999999999,0.556,1.124,0.396,0.796,0.324,0.094,0.754,0.72,0.0,0.6,0.6,0.4,0.8,0.2,0.4,0.6,0.4,0.4,0.6,0.8,0.2,0.0,0.2,0.6,0.6,0.8,0.0
MhC8j6zwpLg,0.5,0.5,1.3599999999999999,0.37,0.0,1.7400000000000002,0.705,1.32,0.585,1.185,0.97,0.63,0.77,0.535,0.91,0.0,1.08,0.32,0.14,1.0,1.0,0.5,0.0,0.5,0.5,0.5,0.5,0.5,0.5,1.0,0.5,1.0,0.0,1.0,0.5,0.5,0.0
MhX6041_O9Y,0.0,0.975,2.62,0.79,1.42,2.1,0.92,0.9,0.67,1.72,1.16,1.54,1.11,0.0,0.0,0.0,3.48,0.0,0.0,1.0,1.0,0.0,1.0,0.0,0.0,1.0,1.0,1.0,1.0,1.0,0.0,0.0,0.0,1.0,0.0,0.0,0.0
MitgWktj-BY,0.5,0.975,0.905,0.665,0.0,0.645,0.265,0.145,0.0,0.69,0.36,0.22,0.0,0.0,0.0,0.0,0.395,0.51,0.0,1.0,1.0,0.0,0.5,0.0,1.0,0.0,0.5,0.5,0.5,0.5,0.0,0.5,0.0,0.0,0.5,0.5,0.5
MjL05yopUzw,0.0,0.975,1.22,2.7,0.0,1.66,1.26,0.67,0.0,1.21,2.28,0.31,0.0,0.0,0.84,0.0,3.15,1.29,0.0,1.0,1.0,0.0,1.0,1.0,1.0,0.0,1.0,1.0,0.0,0.0,0.0,0.0,0.0,1.0,1.0,0.0,0.0
MlGE038jc4k,0.0,0.925,3.55,2.17,0.0,2.65,0.0,0.0,0.0,0.0,0.87,0.53,0.65,0.0,2.64,0.0,2.5,0.0,0.11,1.0,1.0,0.0,1.0,0.0,0.0,0.0,0.0,0.0,1.0,1.0,0.0,1.0,0.0,1.0,0.0,0.0,0.0
Mm2I5N5xfes,0.0,0.975,0.3,0.34,0.0,0.56,0.0,0.0,0.0,0.0,0.0,0.0,0.0,0.0,0.53,0.0,0.68,0.08,0.0,0.0,1.0,1.0,0.0,0.0,0.0,0.0,0.0,0.0,0.0,0.0,0.0,1.0,0.0,1.0,0.0,0.0,0.0
MoWue2YAvJE,0.0,0.975,1.6,2.14,0.11,0.0,0.73,1.19,1.45,1.74,0.94,0.73,1.38,1.65,0.73,0.14,0.69,2.32,1.04,1.0,1.0,0.0,0.0,0.0,1.0,0.0,1.0,1.0,0.0,1.0,1.0,0.0,0.0,0.0,1.0,0.0,0.0
Mqg3qC6Ly3k,0.5,0.5,1.075,0.655,0.6,0.76,0.155,0.455,0.065,0.56,1.01,0.35,1.895,0.735,0.0,0.155,0.9849999999999999,0.0,1.3250000000000002,0.5,0.5,0.5,0.0,0.5,0.5,0.5,0.5,0.5,0.5,0.0,0.5,0.0,0.5,0.5,0.0,0.5,1.0
MrEgR1mpbLY,0.0,0.025,0.21,0.21,1.79,1.99,0.0,0.0,0.02,0.0,0.0,0.0,0.78,1.33,0.0,0.66,0.89,3.67,0.0,0.0,1.0,1.0,1.0,0.0,0.0,0.0,0.0,0.0,0.0,0.0,1.0,0.0,1.0,0.0,1.0,1.0,0.0
MraeBd8ft78,0.5,0.95,0.755,0.0,0.175,0.56,0.19,0.125,0.33,0.065,0.25,0.605,1.135,1.29,0.71,0.0,0.215,0.555,0.2,1.0,0.0,0.5,0.5,0.5,0.0,1.0,0.0,0.0,0.5,1.0,1.0,0.0,0.5,0.0,0.5,0.5,0.5
MttG7NB1ilk,0.5,0.975,1.0250000000000001,0.405,0.75,0.36,0.44,1.14,0.035,1.05,0.975,0.43,0.025,0.75,0.0,0.0,0.715,1.32,0.335,1.0,1.0,1.0,0.0,0.0,1.0,0.0,0.5,0.5,0.5,0.5,0.5,0.5,0.0,0.5,0.5,0.0,1.0
Mvjmt7bfpjM,0.5,0.47500000000000003,1.48,0.33,0.22500000000000003,0.75,0.16,0.925,0.525,1.17,0.22,0.87,0.865,1.245,0.635,0.335,0.295,0.335,0.24,1.0,0.5,0.5,0.5,0.5,0.5,0.5,0.5,0.0,0.5,0.5,1.0,0.5,0.5,0.0,0.5,1.0,0.0
Mxw5bLTK5pk,0.5,0.975,1.585,1.625,0.005,2.045,0.0,0.55,0.17,0.08,0.0,0.975,0.41500000000000004,1.085,0.8899999999999999,0.535,0.31,0.775,0.0,1.0,1.0,0.0,1.0,0.0,0.5,0.0,0.0,0.0,0.5,1.0,0.5,0.5,0.5,0.5,1.0,1.0,0.5
N-cRDwAUgFE,0.5,0.975,1.83,0.26,1.555,0.0,1.445,0.17,0.055,2.445,1.22,1.97,0.255,0.79,0.81,0.285,0.9,0.1,0.0,0.5,0.5,1.0,0.5,1.0,1.0,0.0,1.0,1.0,1.0,1.0,0.0,1.0,0.5,1.0,0.0,1.0,0.0
N0nI2EpovhQ,0.0,0.875,0.33,0.0,0.0,0.91,0.8,1.48,1.41,0.68,0.51,0.0,0.97,0.46,2.16,0.0,0.0,0.0,0.0,1.0,1.0,0.0,0.0,1.0,1.0,1.0,1.0,1.0,0.0,1.0,0.0,1.0,0.0,1.0,0.0,0.0,1.0
N30eSJCl5Cs,0.5,0.5,0.76,0.21,0.75,2.065,0.0,0.1,0.2,0.48,0.0,0.185,1.12,0.24,0.475,0.62,0.38,0.945,0.0,1.0,1.0,0.5,0.5,0.0,0.0,0.0,0.0,0.0,0.5,1.0,1.0,1.0,1.0,0.0,0.5,1.0,0.5
N3Cit-AE43o,0.0,0.975,0.0,0.0,0.0,0.0,0.66,1.42,0.07,1.41,0.33,0.33,0.58,0.91,0.03,0.0,0.43,0.89,0.0,1.0,0.0,0.0,1.0,1.0,1.0,0.0,1.0,0.0,1.0,1.0,1.0,1.0,0.0,1.0,1.0,0.0,0.0
N7Are3AU9oQ,0.5,0.975,0.955,0.0,0.0,0.0,1.2000000000000002,1.395,0.705,0.875,0.985,2.0700000000000003,0.8150000000000001,0.51,1.425,0.02,0.63,0.41,0.0,1.0,0.0,0.0,0.0,1.0,1.0,0.0,1.0,0.5,1.0,1.0,0.5,1.0,0.0,0.5,0.5,0.0,0.0
N7UQv3UImGA,1.0,0.3416666666666666,2.0100000000000002,1.0,0.0,0.32,1.68,1.5666666666666667,0.3933333333333333,1.5866666666666667,1.7066666666666668,1.906666666666667,0.0,0.17666666666666667,0.66,0.16,1.8866666666666667,0.6233333333333333,1.22,1.0,1.0,0.3333333333333333,0.3333333333333333,1.0,1.0,0.3333333333333333,0.6666666666666666,0.6666666666666666,0.6666666666666666,0.3333333333333333,0.0,0.6666666666666666,0.6666666666666666,0.6666666666666666,0.6666666666666666,0.3333333333333333,0.6666666666666666
N7ZUJU_8vU4,0.0,0.925,2.5,1.35,0.43,1.46,0.72,0.02,1.58,1.02,0.38,0.49,0.0,0.0,2.3,0.0,2.39,0.0,0.95,1.0,1.0,0.0,0.0,0.0,0.0,1.0,1.0,0.0,1.0,1.0,0.0,1.0,0.0,1.0,0.0,0.0,0.0
N7x3UtdMxE4,2.5,0.9583333333333334,0.26333333333333336,0.16833333333333333,0.11833333333333333,0.51,0.03,0.5833333333333334,0.12666666666666668,0.4266666666666667,0.19500000000000003,0.125,0.17666666666666667,0.22833333333333336,0.0,0.0,0.465,0.58,0.305,0.6666666666666666,1.0,0.3333333333333333,0.5,0.0,0.5,0.0,0.3333333333333333,0.3333333333333333,0.5,0.3333333333333333,0.16666666666666666,0.16666666666666666,0.0,0.6666666666666666,0.5,0.0,0.5
N9ZT_Ot_1ao,0.0,0.975,0.0,0.23,0.0,0.0,2.26,0.03,0.47,1.62,1.9,0.0,0.0,0.0,1.2,0.0,1.37,0.0,0.01,0.0,1.0,0.0,0.0,1.0,0.0,0.0,1.0,1.0,0.0,0.0,0.0,0.0,0.0,1.0,0.0,0.0,0.0
NBVO7zfPBgA,0.0,0.975,1.2,0.18,1.67,3.24,0.0,0.0,0.0,0.0,0.0,0.0,0.0,0.0,0.18,0.0,1.03,1.22,0.0,1.0,1.0,1.0,1.0,0.0,0.0,0.0,0.0,0.0,0.0,1.0,1.0,0.0,0.0,1.0,1.0,1.0,0.0
NBndpEzd9CI,0.0,0.875,0.33,0.0,0.04,0.44,1.72,1.91,0.16,1.78,1.88,1.23,0.0,0.23,0.71,0.0,2.64,1.42,1.1,1.0,1.0,1.0,1.0,1.0,1.0,1.0,1.0,1.0,0.0,0.0,0.0,1.0,0.0,1.0,1.0,1.0,1.0
NDW-jpl6MZM,2.0,0.37,0.8039999999999999,0.674,0.41600000000000004,0.716,0.358,0.39,0.178,0.9280000000000002,0.654,0.40199999999999997,0.27199999999999996,0.0,0.42800000000000005,0.012,0.9359999999999999,0.772,0.162,1.0,1.0,0.4,0.4,0.2,0.4,0.0,0.8,0.4,0.2,0.4,0.0,0.2,0.0,1.0,0.8,0.2,0.4
NEDLWRSapp0,1.5,0.4875,1.43,0.8925,0.65,1.97,0.4825,0.0,0.0375,0.7475,0.6275000000000001,0.5225,0.915,0.5,0.135,0.0825,0.63,0.5625,0.0375,0.5,1.0,0.5,0.75,0.25,0.25,0.0,0.25,0.25,0.25,0.75,0.5,0.25,0.0,0.25,0.5,0.75,0.0
NFgiuRVkg_o,1.5,0.675,0.9575,0.0175,0.495,1.06,0.86,0.2225,0.235,0.8350000000000001,1.01,1.0825,0.0,0.0,0.285,0.625,0.595,0.39749999999999996,0.38,0.75,0.75,0.5,0.75,0.75,0.25,0.25,0.5,0.75,0.75,0.25,0.0,0.75,0.75,0.75,0.25,0.75,0.25
NIS_Pckfru0,0.5,0.975,0.25,0.0,0.665,0.0,2.3049999999999997,1.295,0.46,2.475,2.96,2.0700000000000003,0.0,0.0,0.0,0.0,3.315,0.345,1.5599999999999998,0.0,0.0,0.5,0.0,1.0,1.0,0.5,1.0,1.0,1.0,0.0,0.0,0.5,0.0,1.0,1.0,0.0,1.0
NJhJ_9bQZKE,0.5,0.925,0.43000000000000005,0.5,0.485,0.865,0.315,0.705,0.0,1.19,0.76,0.24,0.0,0.0,0.095,0.0,1.915,1.98,0.77,1.0,0.5,0.5,0.0,0.5,0.5,0.0,0.5,0.0,0.5,0.5,0.0,0.5,0.0,1.0,1.0,0.0,0.5
NL-amMbK2xE,1.0,0.9416666666666668,0.43999999999999995,0.5233333333333333,0.25333333333333335,0.63,0.30333333333333334,0.0,0.43333333333333335,0.4266666666666667,0.7933333333333333,0.7533333333333333,0.16333333333333333,0.0,0.0,0.0,1.0566666666666666,0.18666666666666668,0.0,0.6666666666666666,0.6666666666666666,0.0,0.3333333333333333,0.0,0.3333333333333333,0.3333333333333333,0.6666666666666666,0.6666666666666666,0.6666666666666666,0.6666666666666666,0.0,0.3333333333333333,0.0,0.6666666666666666,0.6666666666666666,0.0,0.0
NMqCIrGbmug,0.0,0.925,0.59,0.0,0.0,0.26,0.0,0.51,0.0,0.0,0.11,0.0,0.54,0.7,0.5,0.36,0.25,0.85,0.18,1.0,1.0,0.0,0.0,0.0,1.0,0.0,0.0,0.0,0.0,1.0,1.0,1.0,1.0,0.0,1.0,0.0,1.0
NMuU2Tv-Oi4,0.5,0.925,0.8999999999999999,0.945,0.125,2.2800000000000002,1.0899999999999999,0.40499999999999997,0.21,1.6300000000000001,1.795,0.525,0.94,0.545,0.0,0.0,1.73,0.685,0.265,1.0,1.0,0.0,0.0,0.5,0.0,0.0,0.5,0.5,0.5,0.5,0.5,0.0,0.0,0.5,0.5,0.0,0.5
NNDYf-F_18U,0.5,0.47500000000000003,0.46,0.23,1.275,0.46,1.4849999999999999,1.15,1.4849999999999999,1.06,0.61,0.49,0.3,0.3,0.395,0.47,0.49,1.9449999999999998,0.0,0.5,0.5,1.0,0.0,1.0,1.0,1.0,0.5,0.5,0.0,0.5,0.0,0.5,0.5,0.5,0.5,1.0,0.5
NRVvumC3hY8,1.0,0.9249999999999999,0.8966666666666668,0.6066666666666667,0.22999999999999998,0.9733333333333333,0.0,0.19999999999999998,0.25666666666666665,0.24333333333333337,0.17666666666666667,0.14666666666666667,0.8633333333333333,0.6966666666666667,0.27,0.11666666666666665,1.14,2.11,0.7133333333333334,0.6666666666666666,0.6666666666666666,0.6666666666666666,0.3333333333333333,0.0,0.3333333333333333,0.3333333333333333,0.0,0.0,0.3333333333333333,0.6666666666666666,0.3333333333333333,0.3333333333333333,0.0,0.3333333333333333,0.6666666666666666,0.3333333333333333,0.6666666666666666
NSzUsGDUYNc,0.5,0.975,0.855,0.49,1.02,0.025,0.7050000000000001,0.58,0.77,0.72,0.41,0.015,0.315,1.01,0.83,0.0,0.22,0.385,0.0,0.5,1.0,0.5,0.5,0.5,0.5,1.0,1.0,0.0,0.0,0.5,0.5,0.5,0.0,0.5,0.5,1.0,0.5
NTAnGrxuP0g,1.0,0.625,0.5566666666666668,0.13999999999999999,0.3033333333333333,0.7233333333333333,0.8833333333333333,0.5033333333333333,0.42,1.7699999999999998,1.1333333333333333,1.46,0.9766666666666667,0.6566666666666666,0.7400000000000001,0.0,1.2,0.0,0.0,1.0,0.3333333333333333,0.3333333333333333,0.3333333333333333,0.3333333333333333,0.3333333333333333,0.3333333333333333,0.6666666666666666,0.0,1.0,0.3333333333333333,0.3333333333333333,0.6666666666666666,0.0,0.6666666666666666,0.0,0.3333333333333333,0.0
NTFjW6PhAC4,3.0,0.9464285714285714,0.23714285714285713,0.0,0.0,0.18,0.7857142857142857,0.8371428571428572,0.23857142857142857,1.5542857142857145,1.2914285714285714,0.39428571428571424,0.23428571428571426,0.0642857142857143,0.19714285714285715,0.022857142857142857,1.0542857142857143,0.10571428571428572,0.08714285714285715,0.42857142857142855,0.7142857142857143,0.14285714285714285,0.42857142857142855,0.7142857142857143,0.2857142857142857,0.42857142857142855,0.8571428571428571,0.7142857142857143,0.8571428571428571,0.7142857142857143,0.14285714285714285,0.42857142857142855,0.0,1.0,0.14285714285714285,0.14285714285714285,0.2857142857142857
NTh5laTZJu0,0.5,0.975,0.925,1.115,1.335,0.33,0.76,0.13,0.625,1.82,0.95,0.775,0.2,0.15,0.5,0.0,0.885,0.365,1.285,1.0,1.0,0.5,0.5,0.5,0.5,0.5,0.5,0.0,0.5,0.5,0.0,0.5,0.0,0.5,1.0,1.0,0.5
NVwZy5FssBY,1.5,0.925,1.0150000000000001,0.28500000000000003,0.0625,1.4224999999999999,0.27249999999999996,1.9224999999999999,0.2475,0.485,0.3225,0.0,0.7775000000000001,0.69,0.3925,0.025,0.3275,0.6575,0.0,1.0,0.75,0.25,0.5,0.25,0.5,0.25,0.0,0.25,0.0,0.75,0.5,0.0,0.0,0.75,0.5,0.5,0.0
NavnqPt9zHc,0.5,0.95,1.615,0.07,1.05,0.515,0.985,1.27,0.02,0.89,1.335,1.58,0.0,0.0,0.56,0.14,2.2199999999999998,1.205,0.8400000000000001,1.0,0.5,0.5,0.0,1.0,0.5,0.0,0.5,0.5,1.0,0.0,0.0,0.0,0.5,1.0,0.5,0.0,0.5
NbND1Zfw6TY,0.0,0.875,1.53,0.18,0.0,1.8,0.46,0.07,0.0,1.64,1.19,1.4,0.29,0.3,0.0,0.26,0.08,2.78,0.0,1.0,1.0,0.0,0.0,0.0,1.0,0.0,1.0,0.0,1.0,1.0,1.0,1.0,0.0,0.0,1.0,0.0,0.0
Nd7SFkREd8k,0.0,0.875,2.26,2.92,0.0,2.32,0.91,0.0,0.0,0.0,2.4,1.56,0.0,0.6,0.79,0.57,0.14,0.0,0.43,1.0,1.0,0.0,0.0,0.0,0.0,0.0,0.0,1.0,1.0,0.0,0.0,0.0,0.0,0.0,0.0,1.0,0.0
NdLjKxqzDbA,0.0,0.975,1.15,2.09,0.0,2.06,0.0,0.0,0.0,0.0,0.0,0.0,0.23,0.0,0.0,0.0,0.33,1.15,0.0,1.0,1.0,0.0,1.0,0.0,0.0,0.0,0.0,0.0,0.0,1.0,0.0,0.0,0.0,1.0,1.0,1.0,0.0
NdPb1csdnuM,0.0,0.975,1.0,0.43,0.0,0.0,1.04,1.74,0.0,1.22,2.05,0.74,0.0,0.1,0.0,0.01,0.31,0.25,0.59,1.0,1.0,0.0,0.0,0.0,1.0,0.0,1.0,1.0,1.0,0.0,0.0,1.0,0.0,0.0,0.0,0.0,1.0
NdXV5fzQfB8,0.0,0.975,1.81,0.23,0.31,0.89,0.0,0.42,0.0,0.58,0.19,0.0,0.64,1.01,1.06,0.0,0.95,0.0,1.04,1.0,1.0,0.0,1.0,0.0,0.0,0.0,0.0,0.0,0.0,1.0,1.0,1.0,0.0,1.0,0.0,0.0,1.0
Ndo79ZpSvrM,0.5,0.95,0.375,0.0,0.0,0.945,1.01,0.125,0.0,1.0,1.7,0.36,0.0,0.0,1.0,0.355,0.8650000000000001,0.0,0.8150000000000001,0.0,1.0,0.0,0.5,0.5,0.0,0.0,0.5,0.5,0.5,0.0,0.0,1.0,0.5,0.5,0.0,0.0,0.5
NiKnEUWhdko,0.0,0.975,0.85,0.43,0.0,1.0,1.38,1.11,0.0,1.19,2.82,1.2,0.0,0.0,0.04,0.0,3.13,0.39,0.0,1.0,0.0,0.0,1.0,1.0,1.0,0.0,1.0,1.0,1.0,0.0,0.0,0.0,0.0,1.0,0.0,0.0,0.0
Nif8Lq8sRj0,0.5,0.975,0.365,0.0,0.29,0.3,0.595,0.915,1.075,0.135,0.015,0.455,0.695,0.74,1.085,0.055,0.195,0.59,0.2,1.0,0.5,1.0,0.5,1.0,0.5,1.0,0.5,0.0,1.0,0.5,1.0,1.0,0.0,0.5,0.5,1.0,0.5
NnaW8-F3VwM,0.0,0.975,0.0,0.19,0.97,2.46,0.08,0.39,0.48,0.8,0.0,0.0,0.0,0.0,0.89,0.0,4.25,2.94,0.0,1.0,1.0,1.0,1.0,0.0,0.0,1.0,1.0,0.0,0.0,1.0,0.0,0.0,0.0,1.0,1.0,1.0,0.0
No5ohGvALOs,0.0,0.975,0.84,0.0,0.38,0.41,0.27,1.33,0.69,0.66,0.0,0.35,0.62,0.0,0.61,0.0,0.79,0.9,0.0,1.0,1.0,1.0,1.0,1.0,1.0,1.0,1.0,0.0,1.0,1.0,0.0,0.0,0.0,1.0,0.0,0.0,0.0
NpVco5TTFKE,0.0,0.975,1.88,2.08,0.73,1.59,1.16,0.89,0.0,2.07,2.21,2.3,0.0,0.0,0.0,0.0,3.31,1.8,0.0,1.0,1.0,0.0,1.0,1.0,0.0,0.0,1.0,1.0,1.0,1.0,0.0,0.0,0.0,1.0,1.0,1.0,1.0
NqVSBi-UkY4,0.0,0.975,0.61,0.0,0.0,0.22,0.55,0.86,0.0,0.92,1.73,1.72,0.0,0.0,0.0,0.0,2.11,0.0,0.0,1.0,1.0,0.0,1.0,0.0,0.0,0.0,1.0,1.0,1.0,0.0,0.0,1.0,0.0,1.0,0.0,0.0,0.0
NqgrTt_pjyE,2.5,0.75,0.6233333333333334,0.17666666666666667,0.3116666666666667,0.8116666666666666,0.2966666666666667,0.6233333333333333,0.31666666666666665,0.8166666666666668,0.7316666666666668,0.24,0.38166666666666665,0.06,0.15166666666666664,0.0,0.515,0.66,0.09499999999999999,0.6666666666666666,0.8333333333333334,0.3333333333333333,0.3333333333333333,0.16666666666666666,0.3333333333333333,0.16666666666666666,0.16666666666666666,0.3333333333333333,0.5,0.6666666666666666,0.0,0.16666666666666666,0.0,0.6666666666666666,0.16666666666666666,0.3333333333333333,0.16666666666666666
NszjlDWCpc0,0.0,0.875,0.0,0.0,2.16,0.25,0.45,0.68,0.0,0.66,0.06,0.0,2.15,0.96,0.7,0.0,1.4,0.0,0.0,0.0,0.0,1.0,1.0,0.0,1.0,0.0,0.0,0.0,0.0,1.0,0.0,0.0,0.0,1.0,0.0,1.0,0.0
O16JP0YRKv4,0.0,0.875,1.41,0.0,0.84,0.7,0.4,0.0,0.59,0.72,0.0,1.41,1.66,0.6,0.0,1.11,1.03,2.2,0.13,0.0,0.0,1.0,0.0,0.0,0.0,0.0,0.0,0.0,0.0,1.0,0.0,0.0,1.0,0.0,0.0,1.0,0.0
O2ply5FZOfE,1.5,0.9375,0.74,0.7775,0.4425,2.05,0.40249999999999997,0.0975,0.0,0.6,0.8425,0.49,0.5475,0.07,0.095,0.115,1.0225,0.7725,0.0,0.75,0.5,0.75,0.5,0.5,0.5,0.0,0.5,0.25,0.5,0.75,0.0,0.25,0.25,0.75,1.0,0.5,0.0
O4W9GKQlX7c,2.5,0.6666666666666666,0.43333333333333335,0.26166666666666666,0.6849999999999999,0.3116666666666667,0.5666666666666667,0.49666666666666665,0.38166666666666665,0.9816666666666668,0.7233333333333333,0.8166666666666668,0.535,0.58,0.6983333333333333,0.02,0.2966666666666667,0.665,0.06999999999999999,0.6666666666666666,0.6666666666666666,0.6666666666666666,0.3333333333333333,0.3333333333333333,0.3333333333333333,0.5,0.8333333333333334,0.6666666666666666,0.5,0.8333333333333334,0.3333333333333333,0.5,0.0,0.6666666666666666,0.5,0.3333333333333333,0.3333333333333333
O51QHb7QnRc,0.5,0.5,0.53,0.285,1.105,0.73,0.705,0.385,0.49,1.33,1.63,0.89,0.465,0.26,0.41,0.035,0.405,0.74,0.0,1.0,1.0,0.5,1.0,0.5,0.5,0.5,1.0,0.5,0.5,0.5,0.0,0.5,0.0,0.0,0.5,0.0,0.0
O5HEPxzKCZI,2.0,0.9650000000000001,0.4,0.0,0.022,0.15,1.246,1.97,0.8460000000000001,0.7779999999999999,1.02,0.248,0.386,0.008,0.48600000000000004,0.146,0.9219999999999999,0.16999999999999998,0.1,0.8,0.4,0.2,0.4,0.8,1.0,0.6,0.6,0.8,0.4,0.6,0.0,0.8,0.6,0.6,0.0,0.0,0.8
O5VbXW2YLIc,0.5,0.975,0.565,0.0,0.39,0.44,1.3199999999999998,1.06,0.36,0.56,1.265,0.585,0.0,0.105,0.235,0.15999999999999998,0.535,0.095,0.115,0.0,0.5,0.5,0.5,1.0,0.5,0.5,0.5,1.0,0.5,0.5,0.5,1.0,0.0,0.5,0.0,0.0,0.5
O6efGAJXasw,0.5,0.975,0.28,0.0,0.375,0.185,0.8400000000000001,0.85,1.31,1.01,0.92,1.475,0.7949999999999999,0.495,1.02,0.0,1.17,0.775,0.0,0.5,0.0,0.0,0.5,0.5,0.5,1.0,0.5,1.0,1.0,1.0,0.5,0.0,0.5,1.0,0.5,0.0,0.0
O6qgWxGfnfc,1.5,0.95,0.985,0.21499999999999997,0.8999999999999999,0.0675,0.2225,0.545,0.0725,0.5325,0.53,0.5,0.30500000000000005,0.3125,0.08,0.0075,0.5625,0.2,0.49,0.75,1.0,0.5,0.25,0.25,0.5,0.0,0.25,0.25,0.75,0.5,0.25,0.0,0.0,0.25,0.5,0.5,0.75
O8MjgV7fPXY,1.5,0.8875,0.7075,0.2175,0.3075,1.4475,0.26,1.055,0.78,0.0125,0.23,0.0,0.7224999999999999,0.7,0.0,0.16,0.0375,0.445,0.0,0.75,0.75,0.25,0.75,0.25,0.5,1.0,0.25,0.25,0.0,0.25,0.5,0.75,0.75,0.25,0.25,0.5,0.0
O9X91TACsyA,0.5,0.5,1.545,0.315,0.79,0.55,0.875,1.97,0.545,0.575,0.835,0.355,0.23,0.09,0.9299999999999999,0.0,1.305,0.26,0.03,1.0,0.5,0.0,0.5,0.5,1.0,0.5,0.5,0.5,0.5,0.0,0.0,0.0,0.0,0.5,0.5,1.0,0.5
OA5QfHZOIMA,0.5,0.875,1.4100000000000001,0.435,0.32,0.5900000000000001,0.0,0.0,0.485,0.33,0.0,0.0,0.4,0.22,1.885,0.0,0.395,0.28500000000000003,0.945,1.0,1.0,0.5,0.0,0.0,0.0,0.0,0.0,0.0,0.0,0.0,0.0,0.0,0.0,0.5,0.0,0.0,0.5
ODpvcLgLj9k,0.5,0.925,0.765,0.0,1.15,0.34,0.285,0.27,0.04,0.17,0.57,1.28,0.0,0.875,0.505,0.185,0.0,0.0,0.0,0.5,1.0,1.0,0.0,0.0,0.5,0.0,0.5,0.5,0.5,0.5,0.5,0.5,0.0,0.0,0.0,1.0,0.5
OGdIZ6H3EZ0,1.0,0.9416666666666668,0.54,0.6466666666666666,0.38999999999999996,1.1966666666666665,0.53,0.53,0.0,0.9199999999999999,0.7466666666666667,0.36000000000000004,0.0,0.0,0.0,0.0,1.2133333333333334,0.81,0.006666666666666667,0.6666666666666666,0.6666666666666666,0.3333333333333333,0.6666666666666666,0.3333333333333333,0.3333333333333333,0.3333333333333333,0.3333333333333333,0.3333333333333333,0.6666666666666666,0.3333333333333333,0.0,0.0,0.0,0.6666666666666666,0.3333333333333333,0.0,0.0
OGsuQMEV5OY,1.0,0.9249999999999999,0.9533333333333333,0.73,1.0033333333333334,0.75,0.23666666666666666,0.4766666666666666,0.04666666666666667,0.98,0.39333333333333337,0.20333333333333334,0.5299999999999999,0.18333333333333335,0.0,0.0,1.0733333333333333,1.5933333333333335,0.11333333333333334,1.0,0.3333333333333333,0.6666666666666666,0.6666666666666666,0.3333333333333333,0.3333333333333333,0.0,0.3333333333333333,0.3333333333333333,0.3333333333333333,1.0,0.3333333333333333,0.0,0.0,1.0,1.0,0.0,0.3333333333333333
OKejnARrorc,3.5,0.79375,0.33875,0.08125,0.22125,1.0725,0.33125,0.50125,0.19375,0.55375,0.555,0.29875,0.37375,0.14125000000000001,0.355,0.1725,0.5700000000000001,0.40750000000000003,0.20625,0.875,0.625,0.25,0.5,0.5,0.75,0.375,0.625,0.75,0.625,0.625,0.25,0.5,0.25,0.75,0.5,0.25,0.5
OOne93VSuCA,0.0,0.975,1.71,1.6,0.0,2.64,0.94,0.0,0.35,2.69,1.73,1.05,0.46,0.0,1.13,0.0,0.06,0.49,0.0,1.0,1.0,0.0,1.0,0.0,0.0,0.0,1.0,1.0,1.0,1.0,0.0,1.0,0.0,0.0,1.0,0.0,0.0
OPhlVS1igFI,2.0,0.545,1.062,0.022,0.458,0.33999999999999997,0.42400000000000004,1.0699999999999998,0.16599999999999998,0.898,0.602,0.8800000000000001,0.636,1.254,0.818,0.584,0.308,1.1179999999999999,0.188,0.8,1.0,0.6,0.0,0.6,0.4,0.2,0.4,0.2,0.4,1.0,1.0,1.0,0.4,0.4,0.6,0.8,0.6
OQBIl8dDGs8,1.5,0.975,0.755,0.295,0.0,0.6799999999999999,0.6275,0.9299999999999999,0.0,0.7025,0.7175,0.595,0.515,0.11,0.5025,0.0,0.21,0.27999999999999997,0.04,0.75,0.75,0.0,0.5,0.5,0.75,0.25,0.75,0.75,0.75,0.75,0.0,0.75,0.0,0.25,0.25,0.25,0.5
OSBd03yJyhQ,0.0,0.875,1.52,0.0,0.0,1.32,0.28,1.49,0.94,2.28,1.02,0.0,1.23,1.1,1.39,0.71,0.0,0.0,0.0,1.0,1.0,0.0,0.0,0.0,1.0,0.0,1.0,1.0,0.0,1.0,0.0,1.0,1.0,0.0,0.0,0.0,0.0
OSKMaEviHDY,0.5,0.925,0.185,0.0,0.36,0.015,0.42,0.22,0.63,0.16,0.0,0.76,0.86,1.57,1.165,0.175,0.29,1.515,0.12,1.0,0.5,0.5,0.5,0.5,0.5,0.5,0.0,0.0,1.0,1.0,1.0,1.0,0.5,0.5,1.0,1.0,0.5
OS_zteUZdwU,0.0,0.975,0.0,0.0,0.0,0.0,1.97,1.21,0.0,0.71,3.09,1.45,0.0,0.0,0.0,0.0,2.87,0.65,0.58,0.0,0.0,0.0,0.0,1.0,0.0,0.0,1.0,1.0,1.0,0.0,0.0,0.0,0.0,1.0,1.0,0.0,1.0
OSanouo7f7I,1.5,0.6875,1.1475,0.10750000000000001,0.7424999999999999,1.2149999999999999,0.6525,1.1124999999999998,1.08,1.0474999999999999,0.8474999999999999,0.8150000000000001,0.53,0.7625,0.1,0.0975,1.2325,0.26,0.0975,1.0,1.0,0.5,0.25,0.25,0.75,0.75,0.75,0.75,0.5,0.5,0.5,0.25,0.25,0.5,0.25,0.25,0.25
OUCbGaYIWfg,1.0,0.975,0.9266666666666666,0.25666666666666665,0.2866666666666667,0.24333333333333332,0.7866666666666666,1.93,0.52,1.0066666666666666,1.1166666666666665,0.49,0.2733333333333333,0.3233333333333333,0.3133333333333333,0.22999999999999998,1.1199999999999999,0.5533333333333333,0.28333333333333327,1.0,0.3333333333333333,0.6666666666666666,0.0,1.0,1.0,0.6666666666666666,0.3333333333333333,1.0,0.6666666666666666,0.0,0.3333333333333333,0.0,0.3333333333333333,0.6666666666666666,0.6666666666666666,0.0,1.0
OVISEDOiSmY,0.0,0.875,1.14,0.0,0.52,1.01,2.05,1.15,0.73,3.08,1.73,2.9,0.0,1.53,1.08,0.98,0.1,0.0,0.0,0.0,1.0,0.0,1.0,1.0,1.0,1.0,1.0,1.0,1.0,1.0,1.0,1.0,1.0,1.0,1.0,1.0,0.0
OWmdWZsi8Kc,1.0,0.9083333333333333,1.3466666666666667,0.3933333333333333,0.9600000000000001,1.23,0.8866666666666667,0.3433333333333333,0.12333333333333334,1.3166666666666667,1.0466666666666666,1.04,0.07666666666666667,0.7133333333333334,0.0,0.0,0.2233333333333333,0.006666666666666667,0.013333333333333334,1.0,1.0,0.6666666666666666,0.6666666666666666,0.3333333333333333,0.3333333333333333,0.3333333333333333,1.0,0.3333333333333333,0.6666666666666666,0.6666666666666666,0.3333333333333333,0.3333333333333333,0.0,1.0,0.0,0.6666666666666666,0.0
OZ7FYacpq7w,1.0,0.016666666666666666,1.3133333333333332,0.18000000000000002,0.35000000000000003,0.4066666666666667,0.16,0.44333333333333336,0.2733333333333333,0.18999999999999997,0.3,1.1700000000000002,0.7399999999999999,0.03333333333333333,0.34,0.48666666666666664,0.4066666666666667,0.2733333333333333,0.33666666666666667,0.6666666666666666,1.0,0.6666666666666666,0.0,0.0,0.3333333333333333,0.0,0.0,0.0,0.6666666666666666,0.6666666666666666,0.3333333333333333,0.3333333333333333,0.6666666666666666,0.0,0.0,0.6666666666666666,0.3333333333333333
OZScLVaTZdQ,0.5,0.47500000000000003,0.225,0.495,0.0,0.505,1.3250000000000002,1.545,0.37,1.6949999999999998,2.0549999999999997,0.25,0.21,0.49,0.015,0.48,1.4,0.6,0.0,0.0,0.5,0.0,0.0,1.0,1.0,0.5,1.0,1.0,0.0,0.5,0.5,0.5,0.5,0.5,0.5,0.5,0.0
O_6cK6NVsqA,1.5,0.7125,0.4375,0.0,0.06,0.6675,0.965,0.9400000000000001,0.035,1.46,1.215,0.8225,0.17,0.495,0.0925,0.0,0.875,0.8700000000000001,0.17,0.5,1.0,0.25,0.5,0.75,0.5,0.0,0.5,0.75,0.75,0.75,0.25,0.5,0.25,0.75,0.5,0.25,0.25
OaFdmeDbB08,0.0,0.975,0.89,1.5,0.0,1.22,0.0,0.0,0.0,0.9,0.36,0.0,0.88,0.26,0.0,0.0,0.44,0.0,1.5,1.0,1.0,0.0,1.0,0.0,0.0,0.0,0.0,0.0,0.0,1.0,0.0,0.0,0.0,0.0,0.0,0.0,0.0
ObTenfSiLuE,1.5,0.875,0.845,0.4,0.545,0.11,0.88,0.875,0.3575,1.52,1.1225,1.585,0.185,0.0,0.4,0.0,2.05,0.43,0.43,0.75,0.75,0.75,0.25,1.0,0.25,0.25,0.75,0.75,0.5,0.25,0.0,0.5,0.25,1.0,0.5,0.25,0.25
OdtTaM1feHE,0.5,0.975,0.5449999999999999,0.22000000000000003,0.03,0.61,1.2349999999999999,0.665,0.665,0.65,1.75,1.24,0.305,0.4,0.0,0.105,1.42,0.825,0.055,0.5,1.0,0.0,1.0,0.5,0.5,0.0,0.5,1.0,1.0,0.5,0.5,0.0,0.5,0.5,0.5,0.0,0.0
OfuTFJuM-yY,2.5,0.43333333333333335,1.0083333333333333,0.44,1.16,0.92,0.6250000000000001,0.6283333333333333,0.5916666666666667,0.36333333333333334,0.8266666666666667,0.8933333333333332,1.155,0.725,1.4333333333333333,0.2683333333333333,0.40166666666666667,1.1683333333333332,0.26666666666666666,0.8333333333333334,0.8333333333333334,0.3333333333333333,0.8333333333333334,0.5,0.5,0.3333333333333333,0.5,0.5,0.5,0.3333333333333333,0.5,0.6666666666666666,0.3333333333333333,0.6666666666666666,0.3333333333333333,0.6666666666666666,0.16666666666666666
OkES3VPT7So,0.5,0.975,2.115,0.655,1.545,0.98,1.35,1.69,0.71,0.7749999999999999,0.09,0.0,1.145,1.475,0.69,0.44,0.195,0.0,0.0,1.0,0.0,0.5,0.5,0.5,1.0,0.0,0.5,0.0,0.0,1.0,1.0,0.5,0.5,0.0,0.0,1.0,0.0
Omu6RFJ_7yE,0.0,0.975,1.14,0.33,0.85,0.26,1.25,0.0,0.46,1.94,2.3,0.0,0.0,0.0,1.05,0.0,4.92,2.68,0.51,1.0,1.0,1.0,0.0,0.0,1.0,1.0,1.0,0.0,0.0,1.0,0.0,1.0,0.0,1.0,1.0,0.0,1.0
Oo-BAkHGqx4,0.5,0.975,0.19,0.0,0.23,0.0,0.99,0.9550000000000001,1.055,0.895,0.865,1.0150000000000001,0.12,0.225,0.765,0.0,0.955,0.895,0.08,0.5,0.0,0.0,0.0,1.0,0.5,0.5,0.5,1.0,1.0,0.5,0.5,0.0,0.0,1.0,0.5,0.5,0.5
OoEmV3-yF0w,0.0,0.975,3.36,2.84,0.26,0.91,0.0,0.0,0.0,0.13,0.05,0.0,1.33,2.41,1.32,0.0,0.0,0.0,1.24,1.0,1.0,0.0,1.0,0.0,0.0,0.0,0.0,0.0,0.0,1.0,1.0,1.0,0.0,0.0,1.0,1.0,1.0
Ormouw6yOCc,0.0,0.975,0.52,0.41,1.74,0.65,0.0,0.0,0.0,0.0,0.0,0.0,0.21,1.75,0.0,0.23,0.0,0.81,1.48,1.0,0.0,1.0,0.0,0.0,1.0,0.0,0.0,0.0,0.0,0.0,1.0,0.0,1.0,0.0,1.0,1.0,1.0
OtCORnXCjxY,3.0,0.975,0.3271428571428571,0.3157142857142857,0.0,0.53,0.1285714285714286,0.48857142857142855,0.0,0.4714285714285715,0.15999999999999998,0.2285714285714286,0.2057142857142857,0.054285714285714284,0.20714285714285716,0.0,0.32,0.52,0.0,0.7142857142857143,1.0,0.0,0.5714285714285714,0.14285714285714285,0.2857142857142857,0.14285714285714285,0.42857142857142855,0.2857142857142857,0.42857142857142855,0.7142857142857143,0.14285714285714285,0.5714285714285714,0.0,0.7142857142857143,0.7142857142857143,0.2857142857142857,0.2857142857142857
OtZqj0iKHsM,0.5,0.95,0.12,0.07,0.455,0.305,1.56,0.65,0.36,2.5700000000000003,2.5700000000000003,1.8449999999999998,0.0,0.0,0.085,0.0,2.735,0.86,0.605,0.5,0.5,0.0,0.0,1.0,1.0,1.0,1.0,1.0,1.0,0.0,0.0,0.0,0.0,1.0,1.0,0.0,1.0
Ou2zaMWAHfk,2.0,0.6799999999999999,0.592,0.0,0.552,0.51,0.628,0.766,0.588,1.0799999999999998,1.1199999999999999,1.276,0.55,0.024,0.398,0.472,1.0699999999999998,0.678,0.20600000000000002,0.6,0.8,0.2,0.4,0.4,0.4,0.6,0.6,0.6,1.0,0.4,0.2,0.2,0.4,0.8,0.6,0.0,0.6
OusxeFragJU,0.0,0.975,1.32,0.08,0.0,1.89,0.23,0.0,0.0,0.0,1.25,0.95,0.0,0.0,1.46,0.0,0.52,0.0,0.0,1.0,1.0,0.0,1.0,0.0,0.0,0.0,0.0,1.0,1.0,0.0,0.0,1.0,0.0,1.0,0.0,0.0,0.0
OwtlyzaZvnI,0.5,0.925,0.895,0.29000000000000004,0.235,0.585,0.0,0.115,0.23,1.705,0.17,0.915,0.185,0.825,0.0,0.235,0.0,0.02,0.17,1.0,1.0,0.5,0.5,0.0,0.0,0.0,1.0,0.0,0.5,1.0,0.5,0.0,0.5,0.0,0.5,1.0,0.5
OzQhTL5rEOI,0.5,0.925,0.7649999999999999,0.185,0.885,0.465,0.5449999999999999,0.98,0.23,0.195,0.185,0.25,0.435,0.02,0.0,0.35,0.33,0.675,0.5800000000000001,0.5,0.5,0.5,0.0,0.0,0.0,0.5,0.0,0.0,0.0,0.5,0.0,0.0,0.5,0.0,0.0,1.0,0.0
P-9zC883vFE,0.0,0.975,0.21,0.63,0.0,0.21,0.0,0.19,0.0,0.07,0.0,0.0,0.27,0.52,0.0,0.0,1.0,1.16,0.0,0.0,0.0,1.0,1.0,0.0,0.0,0.0,1.0,0.0,0.0,1.0,0.0,0.0,0.0,1.0,1.0,0.0,0.0
P-I4Bay5SXo,0.0,0.975,0.0,0.0,0.0,0.85,0.0,0.0,0.44,0.13,0.0,0.0,1.3,1.77,0.0,0.14,0.0,1.55,0.1,0.0,1.0,0.0,1.0,1.0,1.0,0.0,0.0,0.0,0.0,1.0,1.0,0.0,1.0,0.0,0.0,1.0,0.0
P0XVeUTSHWw,1.0,0.6416666666666667,1.2533333333333332,0.17333333333333334,0.25333333333333335,0.26333333333333336,0.29333333333333333,1.2000000000000002,0.0,0.3,0.49666666666666665,0.0,1.0366666666666664,0.5599999999999999,0.0,0.0,0.0,0.0,0.32,1.0,1.0,1.0,0.0,0.3333333333333333,0.6666666666666666,0.0,0.0,0.3333333333333333,0.3333333333333333,0.3333333333333333,0.0,0.3333333333333333,0.0,0.0,0.3333333333333333,0.6666666666666666,0.3333333333333333
P2bdfCm-FmM,0.0,0.975,1.65,1.98,0.0,1.9,0.31,1.92,0.0,0.33,0.77,0.22,0.25,0.0,1.01,0.0,2.38,1.73,0.0,1.0,1.0,0.0,1.0,0.0,0.0,0.0,1.0,1.0,0.0,1.0,0.0,1.0,0.0,1.0,1.0,0.0,0.0
P314z2YufoI,0.5,0.975,0.0,0.0,0.0,0.03,0.485,0.27999999999999997,0.415,1.13,0.795,0.64,0.0,0.0,0.275,0.0,0.765,0.42,0.0,0.5,1.0,0.0,0.5,0.5,0.5,0.5,1.0,0.5,1.0,1.0,0.0,0.5,0.0,0.5,0.5,0.0,0.0
P3fzx5GAXF0,0.0,0.925,0.0,0.0,0.0,0.0,2.34,0.0,0.0,0.0,1.18,0.3,0.0,0.0,1.35,0.01,0.0,0.0,1.09,0.0,1.0,0.0,0.0,1.0,0.0,1.0,1.0,1.0,1.0,0.0,0.0,1.0,0.0,1.0,0.0,0.0,0.0
P5A9qJfvj7w,0.5,0.975,1.615,0.05,1.075,1.4949999999999999,0.0,0.0,0.485,0.56,0.04,0.185,0.43,0.0,0.475,0.0,0.785,0.215,0.295,1.0,1.0,1.0,0.5,0.0,0.0,0.0,0.0,0.0,0.0,0.5,0.0,0.5,0.0,0.0,0.5,0.5,0.0
P6yTSOL8aLA,1.5,0.7125,0.6375,0.4225,0.47000000000000003,2.1725,0.3725,1.19,0.25,0.45999999999999996,0.21,0.4925,0.7325,0.6475,1.345,0.2275,0.4149999999999999,0.36,0.2575,0.75,0.75,0.0,0.75,0.25,1.0,0.25,0.5,0.25,0.25,0.75,0.25,0.5,0.5,0.5,0.25,0.0,0.25
P8L9mmLiESA,1.0,0.5416666666666666,0.8133333333333334,0.51,0.5499999999999999,0.7866666666666667,1.07,1.7766666666666666,0.5766666666666667,1.1333333333333333,1.0033333333333332,0.5299999999999999,0.4066666666666667,0.0,0.25,0.12333333333333334,0.7933333333333333,0.6266666666666666,0.17333333333333334,0.6666666666666666,0.6666666666666666,0.6666666666666666,0.3333333333333333,0.6666666666666666,0.3333333333333333,0.3333333333333333,0.3333333333333333,0.3333333333333333,0.3333333333333333,1.0,0.0,0.3333333333333333,0.0,0.6666666666666666,0.3333333333333333,0.0,0.0
P9Gox0bnrR4,0.0,0.875,1.61,0.39,0.0,1.3,0.75,1.95,0.0,0.0,0.0,0.0,0.28,0.0,1.13,0.13,0.0,0.0,0.0,1.0,1.0,0.0,1.0,1.0,1.0,0.0,0.0,0.0,0.0,1.0,0.0,1.0,1.0,1.0,0.0,0.0,0.0
P9wpqcIWreA,0.5,0.95,0.0,0.095,0.0,1.225,0.0,0.0,0.14,0.24,0.235,0.16499999999999998,0.0,0.0,0.13,0.0,0.0,0.415,0.37,1.0,1.0,0.0,0.5,0.0,0.0,0.0,0.5,0.5,1.0,0.0,0.0,0.0,0.0,0.0,1.0,0.0,0.0
PAyjxF2ZXaY,0.5,0.975,0.73,0.45,0.475,0.0,1.1800000000000002,0.32499999999999996,0.905,1.975,0.735,2.375,0.465,1.04,0.55,0.0,0.53,0.0,0.54,0.5,0.5,0.5,0.5,1.0,0.5,1.0,1.0,0.5,1.0,1.0,0.5,0.5,0.0,0.5,0.0,0.5,0.5
PBYRzMuGXpA,5.5,0.5958333333333333,1.2608333333333335,0.23416666666666666,0.48500000000000004,0.5808333333333333,0.14916666666666667,0.44083333333333335,0.345,0.5975,0.4675,0.5341666666666667,0.6591666666666667,0.9608333333333334,0.6958333333333333,0.10666666666666667,0.3625,0.3866666666666667,0.15416666666666667,0.9166666666666666,0.9166666666666666,0.5833333333333334,0.5833333333333334,0.0,0.25,0.4166666666666667,0.5,0.3333333333333333,0.3333333333333333,0.75,0.5833333333333334,0.4166666666666667,0.25,0.5,0.5,0.5833333333333334,0.25
PBmhm4BKQV4,0.5,0.9,0.83,0.0,0.165,1.545,0.0,0.0,0.0,0.02,0.04,0.19,0.755,0.295,0.0,0.52,0.06,1.245,0.0,1.0,1.0,1.0,0.0,0.0,0.0,0.0,0.0,0.0,0.5,0.5,0.5,0.0,0.5,0.0,0.0,1.0,0.0
PDh5AU4ciFk,0.0,0.975,0.74,0.0,1.33,0.0,1.89,4.51,0.0,0.82,1.93,1.25,0.0,0.0,1.49,0.28,1.88,0.6,2.04,1.0,0.0,1.0,0.0,1.0,1.0,0.0,1.0,1.0,1.0,0.0,0.0,1.0,0.0,1.0,0.0,0.0,1.0
PEXN1KkEHcE,0.5,0.45,0.89,0.24,0.0,0.565,0.6849999999999999,0.0,0.02,1.07,0.56,1.575,0.37,0.735,0.145,0.11,0.11,0.57,0.0,0.5,0.5,0.5,1.0,0.5,0.0,0.0,0.5,0.5,0.5,0.5,0.5,0.0,0.5,0.0,1.0,0.5,0.0
PFjydjyvjC8,3.5,0.7,0.35375,0.31875,0.88375,0.5225,0.05,0.33875,0.2025,0.28500000000000003,0.2525,0.1875,0.35624999999999996,0.5025,0.32999999999999996,0.3075,0.15875,0.37375,0.17625000000000002,0.625,0.75,0.5,0.625,0.0,0.125,0.25,0.25,0.25,0.125,0.375,0.375,0.375,0.375,0.125,0.375,0.625,0.5
PHG9_G5mbE4,0.0,0.975,0.17,0.13,0.0,1.36,0.24,0.0,0.0,1.68,1.33,1.49,1.19,0.0,0.22,0.0,1.18,1.92,0.16,0.0,1.0,0.0,1.0,0.0,0.0,0.0,1.0,1.0,1.0,0.0,0.0,0.0,0.0,1.0,0.0,0.0,0.0
PIt3K3wlN_M,0.0,0.975,1.56,0.31,0.45,0.26,0.0,0.62,0.0,0.62,0.99,2.09,0.33,0.0,0.0,0.61,0.98,0.2,1.88,1.0,1.0,0.0,0.0,0.0,0.0,0.0,1.0,1.0,1.0,1.0,0.0,0.0,1.0,0.0,0.0,0.0,1.0
PKTfNRIN8zo,1.0,0.9416666666666668,1.0266666666666666,0.82,0.0,0.89,1.2033333333333334,0.21666666666666667,0.19999999999999998,0.9133333333333334,2.0566666666666666,1.0799999999999998,0.1466666666666667,0.0,0.48,0.31,1.1833333333333333,0.7666666666666666,0.0033333333333333335,0.6666666666666666,0.3333333333333333,0.0,0.3333333333333333,0.6666666666666666,0.0,0.3333333333333333,0.6666666666666666,1.0,0.3333333333333333,0.3333333333333333,0.0,0.6666666666666666,0.3333333333333333,0.6666666666666666,0.6666666666666666,0.0,0.3333333333333333
PKWN0Nj38HI,0.0,0.025,1.46,1.08,0.0,0.95,1.43,3.17,1.41,0.05,0.03,0.0,1.39,1.92,2.19,1.06,0.0,0.0,0.06,1.0,0.0,0.0,0.0,0.0,1.0,0.0,0.0,0.0,0.0,1.0,1.0,1.0,1.0,0.0,0.0,0.0,0.0
PLg-uI1I1CI,2.0,0.9349999999999999,0.992,0.264,0.49000000000000005,1.234,0.6679999999999999,0.268,0.188,1.068,0.762,0.986,0.5640000000000001,0.302,0.0,0.046,0.518,0.128,0.774,0.8,0.6,0.4,0.4,0.4,0.4,0.2,0.6,0.4,0.4,0.8,0.2,0.2,0.0,0.2,0.2,0.0,0.4
PNC0dJzWO5c,0.0,0.975,0.32,0.0,1.67,0.73,1.96,1.46,0.03,1.9,2.13,0.93,0.0,0.0,0.02,0.16,1.26,0.04,0.22,0.0,0.0,1.0,0.0,1.0,1.0,0.0,1.0,1.0,0.0,0.0,0.0,0.0,0.0,1.0,1.0,0.0,1.0
PQrjHAz6vDw,1.0,0.9416666666666668,0.8066666666666666,0.0,0.016666666666666666,0.043333333333333335,1.04,0.8033333333333332,0.02666666666666667,1.08,1.4333333333333333,0.18333333333333335,0.13666666666666666,0.11,0.29333333333333333,0.31,1.51,0.5133333333333333,0.11,0.6666666666666666,0.3333333333333333,0.0,0.3333333333333333,0.3333333333333333,0.6666666666666666,0.3333333333333333,0.6666666666666666,0.3333333333333333,0.0,0.0,0.0,0.6666666666666666,0.6666666666666666,0.6666666666666666,0.3333333333333333,0.3333333333333333,0.3333333333333333
PRvLZQfT2yE,0.5,0.9,0.465,0.68,1.23,1.735,0.0,0.5549999999999999,0.095,0.0,0.0,0.0,0.44,1.02,0.325,0.04,1.645,0.525,0.0,1.0,0.5,1.0,1.0,0.0,0.5,1.0,0.0,0.0,0.0,0.0,0.5,0.0,0.0,0.5,0.5,1.0,0.0
PT1AOfiFcHg,1.0,0.9416666666666668,0.0,0.0,0.10333333333333333,0.0,1.0833333333333333,0.18000000000000002,0.24666666666666667,1.1666666666666667,1.95,1.3233333333333335,0.0,0.0,0.35333333333333333,0.0,0.9533333333333335,0.5033333333333333,0.5399999999999999,1.0,0.6666666666666666,0.3333333333333333,0.0,0.6666666666666666,1.0,0.6666666666666666,1.0,0.6666666666666666,0.6666666666666666,0.0,0.0,0.0,0.0,1.0,0.3333333333333333,0.0,0.3333333333333333
PVEeScXdSVU,0.0,0.925,1.42,0.0,2.03,1.41,1.84,1.77,0.73,2.36,1.23,2.37,1.04,1.5,0.27,0.04,0.61,1.3,0.13,1.0,0.0,1.0,0.0,1.0,1.0,0.0,1.0,1.0,1.0,1.0,1.0,0.0,0.0,1.0,1.0,1.0,1.0
PVXlBphcyYw,0.0,0.725,1.84,1.15,0.0,1.79,0.0,0.0,4.52,0.0,0.0,0.0,0.62,5.0,0.3,0.0,0.0,1.74,0.07,1.0,1.0,0.0,0.0,0.0,0.0,1.0,0.0,0.0,0.0,0.0,1.0,1.0,0.0,0.0,1.0,0.0,0.0
PVzqepG4nsM,1.5,0.5,0.15,0.0,0.19,0.26,0.9475,1.25,0.2175,0.8075,0.4375,0.3325,0.6699999999999999,0.3075,0.6225,0.0,0.5575,0.2775,0.2125,0.5,0.75,0.0,0.25,0.5,0.5,0.0,0.25,0.25,0.0,0.75,0.0,0.25,0.0,0.5,0.5,0.75,0.25
PWtX4wDu7Uk,2.0,0.8949999999999999,1.06,0.426,0.346,1.444,0.368,0.30199999999999994,0.41,0.48600000000000004,0.6140000000000001,0.4720000000000001,0.346,0.312,0.8059999999999998,0.118,0.994,0.396,0.286,0.8,0.8,0.2,0.6,0.2,0.2,0.4,0.2,0.6,0.4,0.4,0.4,0.4,0.2,0.6,0.4,0.2,0.4
PYvuh9PoXp4,0.0,0.975,0.0,0.0,0.0,0.0,0.0,0.38,1.45,0.0,0.0,0.15,0.78,0.0,0.36,0.0,1.33,1.5,0.0,0.0,0.0,0.0,1.0,0.0,1.0,1.0,0.0,0.0,1.0,1.0,0.0,1.0,0.0,1.0,0.0,0.0,0.0
P_1aJaBTcJg,0.5,0.025,0.175,0.0,0.06,0.0,1.685,1.37,0.5349999999999999,1.755,1.4849999999999999,2.48,0.97,2.215,0.815,1.0,0.0,0.7100000000000001,0.0,0.0,1.0,0.5,0.0,1.0,0.5,1.0,1.0,1.0,1.0,1.0,1.0,1.0,0.5,0.0,0.0,0.5,0.0
P_BHc5TDk1Q,0.5,0.975,0.8200000000000001,0.0,0.26,0.745,0.44,0.53,0.445,0.71,0.01,0.0,1.105,0.345,0.0,0.285,0.365,0.97,0.085,0.5,1.0,0.5,0.5,0.0,0.5,0.0,0.0,0.5,0.0,1.0,0.0,0.5,0.5,0.0,0.0,0.5,0.0
PaFTqhQ3Vgg,1.0,0.9249999999999999,0.42,0.0,0.43,0.3233333333333333,0.22666666666666666,0.4633333333333334,0.21666666666666667,0.8233333333333333,0.23666666666666666,0.21,0.36666666666666664,0.0,0.33,0.15333333333333335,0.09333333333333334,0.24666666666666667,0.16666666666666666,0.6666666666666666,0.0,0.3333333333333333,0.3333333333333333,0.3333333333333333,0.3333333333333333,0.0,0.3333333333333333,0.6666666666666666,0.6666666666666666,0.6666666666666666,0.0,0.3333333333333333,0.3333333333333333,0.3333333333333333,0.3333333333333333,0.0,0.0
Pcn9MftZGyo,2.5,0.7000000000000001,0.715,0.2383333333333333,0.5583333333333333,0.4366666666666667,0.94,0.47666666666666674,0.17,1.4716666666666667,1.4783333333333335,1.1616666666666668,0.155,0.15,0.59,0.12166666666666666,1.3099999999999998,0.3233333333333333,0.645,0.8333333333333334,0.8333333333333334,0.16666666666666666,0.3333333333333333,0.8333333333333334,0.5,0.3333333333333333,0.8333333333333334,0.6666666666666666,0.6666666666666666,0.5,0.3333333333333333,0.5,0.16666666666666666,0.6666666666666666,0.16666666666666666,0.0,0.5
PfJtTLewriA,1.0,0.8583333333333334,1.0199999999999998,0.06,0.0,0.46,0.49,0.11666666666666665,0.0,0.9466666666666667,0.13,1.11,1.93,2.046666666666667,1.6666666666666667,0.06666666666666667,0.7166666666666667,2.216666666666667,0.0,0.6666666666666666,1.0,0.0,0.0,0.0,0.0,0.0,0.0,0.6666666666666666,0.3333333333333333,0.3333333333333333,1.0,0.3333333333333333,0.0,0.0,0.6666666666666666,0.6666666666666666,0.0
PgLicTQr6dQ,0.0,0.025,2.25,0.4,0.73,1.3,1.08,2.88,0.0,0.71,0.84,0.0,1.03,0.15,0.42,0.0,0.0,0.0,0.0,1.0,1.0,1.0,0.0,1.0,1.0,0.0,0.0,0.0,0.0,1.0,0.0,0.0,0.0,0.0,0.0,1.0,0.0
PiHKh6UGumg,0.0,0.975,0.57,0.0,0.49,0.0,3.46,0.85,0.93,1.97,2.62,0.9,0.0,0.05,0.91,2.13,2.43,0.34,2.98,0.0,0.0,1.0,0.0,1.0,1.0,1.0,1.0,1.0,1.0,0.0,0.0,1.0,1.0,1.0,1.0,0.0,1.0
PjIoYOB0Juk,0.0,0.925,0.73,0.0,0.55,1.29,0.0,0.0,0.0,0.63,0.0,0.47,0.33,0.01,0.07,0.0,0.0,0.0,0.16,1.0,1.0,1.0,1.0,0.0,0.0,0.0,0.0,0.0,1.0,1.0,1.0,1.0,0.0,0.0,0.0,0.0,1.0
Pl5BzYCVwIA,1.5,0.95,0.2625,0.4175,0.2075,0.9800000000000001,0.4575,0.8475,0.055,0.43,1.1375000000000002,0.8,0.0,0.0,0.405,0.0225,0.9750000000000001,0.6174999999999999,0.0,0.75,0.75,0.25,0.5,0.75,0.75,0.5,0.75,0.75,0.75,0.25,0.0,0.5,0.0,0.75,0.5,0.5,0.0
PmfG51GjLls,0.0,0.875,0.72,1.36,0.0,1.89,0.28,1.86,0.62,0.66,0.0,0.31,0.0,0.0,0.0,0.0,0.03,0.0,0.0,1.0,1.0,0.0,1.0,1.0,1.0,0.0,0.0,0.0,0.0,0.0,0.0,1.0,0.0,0.0,0.0,1.0,1.0
PnSEFRLwv7U,0.0,0.975,0.33,0.75,0.0,2.5,1.01,1.66,0.0,1.26,2.54,1.76,0.0,0.0,0.25,0.0,2.66,0.18,0.0,1.0,1.0,0.0,1.0,1.0,1.0,0.0,1.0,1.0,1.0,0.0,0.0,0.0,0.0,1.0,1.0,0.0,0.0
PneE3ko2SSo,1.5,0.9375,0.4875,0.0125,0.175,1.1099999999999999,0.395,0.5,0.3625,0.77,0.4475,1.0625,0.38,0.0575,0.65,0.0,0.6175,1.0925,0.11,1.0,1.0,0.0,0.25,0.25,0.0,0.25,0.5,0.0,0.5,0.75,0.0,0.75,0.0,0.25,0.25,0.5,0.25
PoDAa2Bt9bU,0.5,0.925,1.66,1.105,0.18,2.225,0.0,0.0,0.0,0.09,0.1,0.0,0.645,0.03,0.06,0.02,0.61,0.14,0.0,1.0,1.0,0.5,1.0,0.0,0.0,0.0,0.0,0.0,0.0,0.5,0.0,0.0,0.5,0.5,0.0,1.0,0.0
Ppj1EpdEyYs,1.0,0.575,0.4066666666666667,0.24,0.18000000000000002,1.0333333333333334,0.16,1.05,0.09333333333333334,0.5133333333333333,0.58,0.5166666666666667,0.3466666666666667,0.6366666666666667,0.67,0.14666666666666667,1.03,0.66,0.7399999999999999,1.0,0.6666666666666666,0.3333333333333333,0.6666666666666666,0.0,0.3333333333333333,0.0,0.3333333333333333,0.3333333333333333,0.3333333333333333,0.3333333333333333,0.3333333333333333,0.6666666666666666,0.6666666666666666,0.3333333333333333,0.3333333333333333,0.3333333333333333,0.3333333333333333
Ppj5oh-2za8,1.0,0.9416666666666668,0.6133333333333334,0.12333333333333334,1.11,0.25333333333333335,2.4266666666666663,2.18,1.4466666666666665,2.953333333333333,2.5933333333333333,2.4333333333333336,0.37666666666666665,0.0,0.4366666666666667,0.09333333333333334,2.873333333333333,0.6166666666666667,0.9533333333333335,0.3333333333333333,0.6666666666666666,0.3333333333333333,0.0,1.0,1.0,1.0,1.0,0.6666666666666666,1.0,0.3333333333333333,0.0,0.0,0.3333333333333333,1.0,1.0,0.0,1.0
PqPCB3X3vPo,0.0,0.875,1.1,0.0,0.96,2.52,0.0,0.0,0.0,0.47,0.53,1.39,0.77,0.0,0.0,0.48,0.23,1.21,0.0,1.0,0.0,1.0,0.0,0.0,0.0,0.0,0.0,0.0,1.0,0.0,0.0,0.0,0.0,0.0,1.0,0.0,0.0
Pr4zrQxkK6g,0.5,0.2,0.46,0.0,0.095,0.48,0.385,0.11,0.3,0.805,0.515,0.335,0.365,0.13,0.8400000000000001,0.025,0.08,0.0,0.15,0.5,1.0,0.0,1.0,0.0,0.5,0.0,0.5,0.5,0.0,0.5,0.0,0.5,0.0,0.0,0.0,1.0,0.0
PvA4IHQh4wI,0.0,0.975,0.61,0.01,0.78,3.62,0.65,0.55,0.0,1.35,1.1,2.44,0.0,0.0,1.03,0.0,3.62,3.02,0.0,1.0,0.0,1.0,1.0,1.0,0.0,0.0,1.0,1.0,1.0,1.0,0.0,1.0,1.0,1.0,1.0,1.0,0.0
PviTPnU2ehk,1.0,0.9583333333333334,1.0866666666666667,1.3566666666666667,0.24,0.73,1.2966666666666666,1.5733333333333333,0.22333333333333336,1.2066666666666668,1.3633333333333333,0.056666666666666664,0.85,0.04666666666666667,0.22666666666666668,0.12666666666666668,1.9333333333333333,1.1733333333333333,0.18333333333333335,0.6666666666666666,0.6666666666666666,0.3333333333333333,0.3333333333333333,0.6666666666666666,0.3333333333333333,0.3333333333333333,0.6666666666666666,0.3333333333333333,0.0,0.6666666666666666,0.0,0.0,0.6666666666666666,1.0,1.0,0.3333333333333333,0.0
Px1ZJASd-8U,1.0,0.9416666666666668,1.2033333333333334,0.59,0.4533333333333333,1.16,0.7000000000000001,0.4466666666666667,1.0566666666666666,0.7166666666666667,0.22,0.7933333333333333,0.6166666666666667,0.41,0.4000000000000001,0.0,0.5533333333333333,0.34,0.0,0.3333333333333333,1.0,0.6666666666666666,1.0,0.0,0.6666666666666666,1.0,0.6666666666666666,0.0,0.3333333333333333,1.0,0.3333333333333333,0.6666666666666666,0.0,0.6666666666666666,0.3333333333333333,1.0,0.0
PxbXOiA7wgE,0.5,0.975,1.2149999999999999,0.0,0.525,0.0,1.375,1.33,0.8800000000000001,1.02,1.47,1.62,0.74,0.58,1.585,0.335,1.295,0.355,0.035,0.5,0.5,0.5,0.5,1.0,1.0,0.5,0.5,1.0,0.5,0.5,0.5,1.0,0.5,0.5,1.0,0.0,0.0
Py0b8cWz4es,0.5,0.4875,0.325,0.0,0.185,0.035,1.44,0.92,0.75,0.7949999999999999,1.075,0.755,0.055,0.43,0.965,0.185,0.275,0.085,0.065,0.5,0.5,0.0,0.0,1.0,1.0,0.5,1.0,1.0,1.0,0.5,0.5,0.5,1.0,1.0,0.0,0.0,0.0
Pyu19b9uDxM,0.5,0.975,0.46,0.21,0.15,0.24,1.75,2.83,0.74,0.8049999999999999,1.785,0.67,0.16999999999999998,0.0,0.595,0.0,2.2,0.53,0.0,0.5,0.5,0.0,0.5,1.0,1.0,1.0,1.0,1.0,0.5,0.0,0.0,0.5,0.0,1.0,0.5,0.0,1.0
Q-UMFEF4icE,0.0,0.875,0.88,0.0,0.0,1.96,0.0,0.0,0.63,1.37,0.0,0.0,0.44,0.06,0.76,0.26,0.02,0.2,0.0,0.0,0.0,0.0,1.0,0.0,0.0,0.0,0.0,0.0,0.0,1.0,0.0,0.0,0.0,0.0,1.0,1.0,0.0
Q0A1uyH0hTE,0.5,0.925,0.855,0.755,0.41,0.39,2.195,1.0150000000000001,0.875,2.37,2.23,2.1550000000000002,0.185,0.34,0.8150000000000001,0.04,2.5,0.73,0.85,0.5,0.5,0.5,0.0,1.0,0.5,0.5,1.0,1.0,1.0,0.0,0.5,1.0,0.5,1.0,0.5,0.0,0.5
Q1PpPdkyIUk,0.0,0.975,0.44,0.99,0.0,2.62,0.6,0.34,0.68,1.39,0.0,0.0,0.52,2.5,0.29,0.73,0.0,0.0,0.0,0.0,0.0,0.0,1.0,0.0,0.0,0.0,1.0,0.0,0.0,1.0,1.0,0.0,0.0,0.0,0.0,1.0,0.0
Q27RZL21368,0.0,0.875,0.39,0.63,0.0,1.42,1.1,0.0,0.36,0.16,0.25,0.0,0.0,0.0,0.0,0.0,0.84,0.21,0.0,1.0,1.0,0.0,1.0,1.0,0.0,0.0,0.0,0.0,0.0,0.0,0.0,0.0,0.0,1.0,1.0,1.0,0.0
Q2m3ngosX5Q,1.0,0.975,0.016666666666666666,0.0,0.0,0.7933333333333333,1.3399999999999999,1.1766666666666665,0.4366666666666667,1.0766666666666667,2.31,0.3633333333333333,0.10333333333333335,0.0,0.36000000000000004,0.01,1.68,0.44,0.0,0.0,0.0,0.0,0.3333333333333333,1.0,1.0,0.3333333333333333,1.0,1.0,0.3333333333333333,0.3333333333333333,0.0,0.3333333333333333,0.0,0.6666666666666666,0.6666666666666666,0.0,0.3333333333333333
Q5xvaryTpXM,0.5,0.975,0.39,0.0,0.655,0.035,0.3,0.36,0.135,0.805,0.715,0.49,0.275,0.0,0.0,0.0,0.465,0.0,0.29,0.5,0.0,1.0,0.0,0.0,0.0,0.0,0.5,0.5,0.0,1.0,0.0,0.0,0.0,0.5,0.5,0.5,0.0
QBJxmfAfphE,2.0,0.71,0.7779999999999999,0.02,0.036,0.42400000000000004,0.6479999999999999,0.6839999999999999,1.434,0.594,0.85,0.76,1.23,0.0,0.258,1.0,0.8220000000000001,0.0,0.28200000000000003,0.6,0.6,0.0,0.4,0.4,0.2,0.4,0.4,0.4,0.6,0.4,0.0,0.2,0.2,0.6,0.0,0.2,0.2
QCN_ivNr2Qk,0.5,0.95,2.085,2.145,0.98,1.365,0.0,0.06,0.0,0.23,0.0,0.01,0.355,0.0,0.07,0.0,3.06,2.09,1.205,1.0,1.0,0.5,0.5,0.0,0.0,0.0,0.0,0.0,0.0,1.0,0.0,0.0,0.0,1.0,1.0,0.0,1.0
QDgZloUGRe4,0.0,0.975,0.97,0.56,0.0,0.0,1.12,1.47,0.0,1.06,2.0,1.05,0.0,0.09,0.0,0.07,0.2,0.09,0.63,1.0,1.0,0.0,0.0,1.0,1.0,0.0,1.0,1.0,1.0,0.0,0.0,0.0,0.0,0.0,0.0,0.0,1.0
QIi0httojvs,0.0,0.925,0.0,0.0,0.0,0.0,0.81,1.57,0.7,1.68,0.8,1.61,0.37,0.08,0.0,0.0,1.26,0.76,0.0,1.0,1.0,0.0,0.0,1.0,1.0,1.0,1.0,1.0,1.0,0.0,0.0,1.0,0.0,1.0,0.0,0.0,0.0
QIlHrWat8S4,5.5,0.3645833333333333,1.0275,0.225,0.43916666666666665,1.4883333333333333,0.525,0.12,0.3908333333333333,1.0741666666666667,0.6516666666666667,0.9191666666666666,0.4033333333333333,0.3758333333333333,0.15,0.14333333333333334,0.4466666666666667,0.7358333333333333,0.1425,0.75,0.9166666666666666,0.5833333333333334,0.5,0.25,0.0,0.4166666666666667,0.6666666666666666,0.25,0.3333333333333333,0.6666666666666666,0.25,0.5,0.25,0.75,0.5833333333333334,0.5833333333333334,0.25
QJ2juErC6gw,1.0,0.6083333333333333,0.37000000000000005,0.09999999999999999,0.3133333333333333,1.5366666666666664,0.8099999999999999,0.8933333333333334,0.03666666666666667,0.7733333333333333,0.57,0.6833333333333332,0.7666666666666666,0.33666666666666667,0.57,0.12666666666666668,0.33666666666666667,0.13666666666666666,0.25333333333333335,0.6666666666666666,1.0,0.3333333333333333,0.6666666666666666,0.3333333333333333,0.0,0.0,0.3333333333333333,0.3333333333333333,0.3333333333333333,0.6666666666666666,0.0,0.6666666666666666,0.0,0.3333333333333333,0.0,0.3333333333333333,0.0
QJDgbmiflgA,1.5,0.7125,0.6275,0.4225,0.3775,1.425,0.995,1.655,0.3775,1.185,1.1775,0.55,0.7775,0.6575,0.63,0.0,1.5775,0.35250000000000004,0.0,0.75,1.0,0.25,0.5,0.5,0.75,0.25,0.5,0.5,0.5,0.25,0.25,0.75,0.0,0.75,0.5,0.0,0.25
QJQ-iZZp2Hw,0.0,0.975,1.83,0.0,0.33,0.92,1.22,0.0,0.0,1.67,2.28,0.84,0.0,0.0,0.59,0.0,1.74,0.0,0.09,1.0,1.0,0.0,0.0,1.0,0.0,1.0,1.0,1.0,1.0,1.0,0.0,0.0,0.0,1.0,0.0,0.0,0.0
QO7RdQboTVg,1.0,0.9583333333333334,1.8500000000000003,1.3733333333333333,0.5166666666666667,0.73,1.0999999999999999,1.01,0.6033333333333334,1.47,1.5933333333333335,0.79,0.8666666666666667,0.2966666666666667,0.15,0.04666666666666667,1.3233333333333333,0.7233333333333333,0.35333333333333333,1.0,1.0,0.0,0.3333333333333333,0.6666666666666666,1.0,0.3333333333333333,0.6666666666666666,1.0,0.3333333333333333,0.6666666666666666,0.3333333333333333,0.3333333333333333,0.3333333333333333,0.6666666666666666,1.0,0.0,0.3333333333333333
QPho4EUQ_OY,2.0,0.7649999999999999,0.506,0.09,0.462,0.0,0.858,0.34,0.294,0.67,0.8460000000000001,1.318,0.164,0.434,0.46799999999999997,0.182,0.722,0.674,0.032,1.0,0.6,0.2,0.2,0.6,0.6,0.4,0.4,0.6,0.8,0.6,0.4,0.6,0.2,0.2,0.2,0.4,0.0
QS7B8e-vq5E,1.0,0.9416666666666668,0.5266666666666667,0.5833333333333334,0.04,0.5266666666666667,1.18,0.4466666666666667,0.0,1.37,2.0,0.8033333333333333,0.11333333333333334,0.043333333333333335,0.19666666666666666,0.13333333333333333,0.8766666666666666,0.31,0.24,0.6666666666666666,1.0,0.3333333333333333,0.3333333333333333,0.6666666666666666,0.3333333333333333,0.0,0.6666666666666666,1.0,1.0,0.6666666666666666,0.0,0.0,0.0,0.6666666666666666,0.6666666666666666,0.3333333333333333,0.3333333333333333
QSqIy5TlHBo,1.0,0.9416666666666668,1.0066666666666666,0.3666666666666667,0.35000000000000003,1.4966666666666668,0.26666666666666666,0.4033333333333333,0.0,0.7599999999999999,0.5866666666666668,0.3133333333333333,0.2833333333333333,0.0,0.16,0.02,1.0466666666666666,0.5733333333333334,0.20333333333333337,0.6666666666666666,1.0,0.3333333333333333,0.6666666666666666,0.0,0.3333333333333333,0.3333333333333333,0.6666666666666666,0.0,0.6666666666666666,0.3333333333333333,0.0,0.6666666666666666,0.0,1.0,0.3333333333333333,0.0,0.6666666666666666
QTmytXCEFYk,0.0,0.875,1.16,0.0,0.03,1.18,1.55,0.0,0.0,2.36,2.24,0.81,0.0,0.71,0.42,0.54,1.94,0.0,0.74,0.0,1.0,0.0,1.0,1.0,0.0,0.0,1.0,1.0,0.0,1.0,0.0,0.0,1.0,1.0,0.0,1.0,1.0
QUKFYwsVrAM,0.5,0.775,2.745,1.835,0.0,0.765,0.47000000000000003,0.705,0.215,1.85,1.2,0.825,0.01,0.165,0.395,0.0,1.2550000000000001,0.0,0.31,1.0,0.5,0.0,0.0,0.0,1.0,0.0,0.5,0.5,0.5,0.0,0.0,0.0,0.0,0.5,0.5,0.5,0.0
QV-bgDPiiro,2.0,0.7849999999999999,0.908,0.0,0.184,0.966,0.618,0.6759999999999999,0.20800000000000002,0.968,0.708,0.132,0.40800000000000003,0.23399999999999999,0.42800000000000005,0.51,0.882,1.41,0.094,1.0,0.8,0.0,0.0,0.4,0.4,0.6,0.6,0.4,0.2,0.6,0.2,0.8,0.2,0.4,0.6,0.2,0.2
QXCGv2x4GM4,0.0,0.975,0.27,0.0,0.0,0.0,2.71,0.75,0.0,1.79,2.86,1.87,0.0,0.0,0.0,0.02,2.59,0.83,0.0,1.0,1.0,0.0,0.0,1.0,1.0,0.0,1.0,1.0,1.0,0.0,0.0,0.0,0.0,1.0,0.0,0.0,0.0
QXPDs1zcN_Y,1.0,0.9083333333333333,0.6666666666666666,0.20333333333333334,0.0,0.38999999999999996,0.7400000000000001,0.5366666666666667,0.29333333333333333,1.0899999999999999,1.2033333333333334,1.0833333333333333,0.08666666666666667,0.12,0.53,0.0,0.33,0.049999999999999996,0.0,0.6666666666666666,0.6666666666666666,0.0,0.3333333333333333,0.3333333333333333,0.3333333333333333,0.3333333333333333,1.0,1.0,1.0,0.3333333333333333,0.0,1.0,0.3333333333333333,1.0,0.3333333333333333,0.0,0.3333333333333333
Q_bSSUFafKE,1.0,0.9416666666666668,0.93,0.37333333333333335,0.2833333333333334,0.7433333333333333,1.0333333333333334,0.9500000000000001,0.4166666666666667,0.8233333333333333,1.5899999999999999,0.6666666666666666,0.61,0.07333333333333333,0.41333333333333333,0.05333333333333334,1.8833333333333335,0.3933333333333333,0.22666666666666666,0.6666666666666666,0.6666666666666666,0.3333333333333333,0.6666666666666666,0.6666666666666666,0.3333333333333333,0.3333333333333333,0.3333333333333333,0.6666666666666666,0.3333333333333333,0.6666666666666666,0.0,0.3333333333333333,0.6666666666666666,1.0,0.6666666666666666,0.0,0.3333333333333333
QaumqNGe8Oc,0.5,0.95,1.745,1.615,0.945,0.7200000000000001,1.27,1.7650000000000001,0.715,1.46,0.735,0.57,0.545,0.785,0.095,0.0,1.81,0.0,1.295,1.0,1.0,0.5,0.0,0.5,1.0,0.5,1.0,0.0,0.5,0.5,0.5,1.0,0.0,0.5,0.5,0.5,1.0
QeGqPTs8kvo,0.0,0.975,1.07,0.0,0.0,0.0,1.87,1.99,0.0,0.12,2.71,0.0,0.0,0.0,0.32,0.47,1.83,0.0,0.1,1.0,1.0,0.0,0.0,1.0,0.0,0.0,1.0,1.0,0.0,0.0,0.0,1.0,1.0,1.0,0.0,0.0,0.0
QeKYdEWg51k,3.0,0.9107142857142857,0.7285714285714285,0.04,1.2885714285714285,0.8228571428571428,0.4842857142857143,1.802857142857143,0.41714285714285715,0.15285714285714286,0.16999999999999998,0.4471428571428571,0.19142857142857145,0.26142857142857145,0.14857142857142858,0.11714285714285713,0.08285714285714285,0.5671428571428572,0.15142857142857144,0.7142857142857143,0.5714285714285714,0.8571428571428571,0.42857142857142855,0.14285714285714285,0.7142857142857143,0.42857142857142855,0.14285714285714285,0.14285714285714285,0.14285714285714285,0.2857142857142857,0.2857142857142857,0.2857142857142857,0.0,0.14285714285714285,0.2857142857142857,0.0,0.42857142857142855
QeLr8WOOEfY,0.5,0.95,0.295,0.0,0.615,0.56,0.31,2.02,0.12,0.0,0.15,0.195,0.09,0.355,0.52,0.10500000000000001,0.055,0.475,0.0,0.5,0.0,1.0,1.0,1.0,1.0,0.0,0.0,0.0,0.5,0.5,1.0,0.5,0.0,0.5,0.5,0.0,0.5
QeaR2b2l-n8,0.0,0.875,0.91,0.19,0.17,4.08,0.3,0.71,0.25,1.78,1.22,0.64,0.05,0.0,0.0,0.0,1.87,0.69,0.0,1.0,1.0,1.0,1.0,0.0,0.0,0.0,1.0,1.0,1.0,0.0,0.0,0.0,0.0,1.0,0.0,0.0,0.0
QflJ7MusWmU,0.0,0.975,0.0,0.0,0.94,0.16,2.13,2.73,1.09,1.18,1.94,0.47,0.0,0.0,0.0,0.0,1.98,0.0,1.52,0.0,0.0,1.0,0.0,1.0,1.0,1.0,1.0,1.0,1.0,0.0,0.0,0.0,0.0,1.0,0.0,0.0,1.0
QiVHr19_h4k,0.0,0.975,0.28,0.0,1.27,0.0,1.12,3.27,0.38,0.25,0.67,0.0,0.99,0.64,1.16,0.28,0.85,0.72,0.11,1.0,0.0,1.0,0.0,1.0,1.0,0.0,1.0,1.0,0.0,1.0,0.0,1.0,1.0,1.0,1.0,0.0,1.0
Qn50ttkHGdQ,0.0,0.975,0.03,0.67,0.0,1.64,0.55,0.0,0.0,1.06,1.65,0.45,0.84,0.0,0.0,0.0,2.99,1.8,0.0,1.0,1.0,0.0,1.0,1.0,0.0,0.0,1.0,1.0,0.0,1.0,0.0,0.0,0.0,1.0,1.0,0.0,0.0
QnHMIDrlqbA,0.0,0.975,0.0,0.06,0.0,0.0,1.8,2.05,0.35,1.47,2.56,0.91,0.0,0.0,0.0,0.0,2.09,0.2,0.17,1.0,1.0,0.0,0.0,1.0,1.0,0.0,1.0,1.0,1.0,0.0,0.0,0.0,0.0,1.0,1.0,0.0,0.0
Qo-Gs8w_P80,2.0,0.9650000000000001,0.502,0.1,0.616,0.8019999999999999,0.176,0.22400000000000003,0.05600000000000001,0.238,0.522,0.128,0.18,0.0,0.028000000000000004,0.0,1.258,1.106,0.05,0.8,0.4,0.6,0.6,0.4,0.2,0.4,0.4,0.6,0.4,0.4,0.0,0.0,0.0,1.0,1.0,0.0,0.2
QrN6BpfxsRE,0.0,0.975,0.23,0.0,0.49,1.36,2.8,3.92,1.51,2.33,2.31,2.24,0.12,0.0,0.44,0.0,4.36,2.09,0.0,1.0,0.0,0.0,1.0,1.0,1.0,1.0,1.0,1.0,1.0,1.0,0.0,0.0,0.0,1.0,1.0,0.0,0.0
QsFi0SkZHsY,0.5,0.95,2.005,1.795,0.0,3.5149999999999997,0.465,0.81,0.045,0.675,0.52,0.0,0.25,0.08,0.175,0.0,2.45,0.445,0.0,1.0,1.0,0.0,1.0,0.5,0.0,0.0,0.5,0.0,0.0,0.0,0.0,0.0,0.5,1.0,1.0,0.5,0.0
R1fuPtrok3M,1.0,0.9583333333333334,0.7400000000000001,0.8433333333333334,0.7233333333333333,2.0433333333333334,0.0,0.0,0.0,0.17,0.0,0.0,0.05666666666666667,0.16,0.02666666666666667,0.20333333333333334,0.10666666666666667,0.79,0.0033333333333333335,1.0,0.3333333333333333,0.6666666666666666,0.6666666666666666,0.0,0.0,0.0,0.0,0.0,0.0,0.3333333333333333,0.0,0.0,0.0,0.6666666666666666,0.6666666666666666,0.6666666666666666,0.3333333333333333
R3uIfHZPPm8,0.5,0.0125,0.38,0.0,0.05,1.67,0.15,0.0,0.0,0.34,0.755,0.0,0.0,0.68,0.0,0.0,0.0,0.885,0.175,1.0,1.0,0.0,0.5,0.5,0.0,0.0,0.5,0.5,0.5,0.5,0.5,0.0,0.0,0.0,0.0,0.5,0.0
R7KpmpPzCEQ,3.0,0.7535714285714287,0.4828571428571428,0.0,0.1942857142857143,0.9228571428571428,0.6,0.54,0.23142857142857146,0.5314285714285715,0.59,0.6957142857142857,0.5114285714285713,0.9385714285714286,0.4928571428571429,0.39285714285714285,0.3385714285714286,0.6971428571428573,0.10142857142857144,0.8571428571428571,0.7142857142857143,0.14285714285714285,0.42857142857142855,0.14285714285714285,0.5714285714285714,0.14285714285714285,0.2857142857142857,0.2857142857142857,0.42857142857142855,0.2857142857142857,0.5714285714285714,0.42857142857142855,0.7142857142857143,0.14285714285714285,0.14285714285714285,0.42857142857142855,0.14285714285714285
R8-LyHgcl5I,0.0,0.975,4.33,3.74,2.43,3.24,0.0,0.0,0.0,0.22,0.0,0.0,1.58,0.66,0.4,0.0,1.6,0.79,0.05,1.0,1.0,1.0,1.0,0.0,0.0,0.0,0.0,0.0,0.0,1.0,1.0,0.0,0.0,1.0,1.0,0.0,0.0
R83eEaGON9A,0.0,0.925,0.13,0.0,1.7,0.0,1.51,1.45,1.03,1.97,1.82,1.76,0.08,0.0,0.59,0.09,1.52,0.77,0.0,0.0,0.0,1.0,0.0,1.0,1.0,1.0,1.0,1.0,1.0,1.0,0.0,0.0,1.0,1.0,1.0,0.0,0.0
R8IaZ0NdLC4,0.0,0.975,0.0,0.0,0.0,0.0,2.65,3.47,0.59,1.11,2.74,0.44,2.73,0.0,0.0,0.0,3.85,0.0,0.0,1.0,0.0,0.0,1.0,1.0,1.0,0.0,1.0,1.0,1.0,1.0,0.0,0.0,1.0,1.0,1.0,0.0,0.0
R965if9bSGg,0.5,0.925,1.5699999999999998,1.24,0.705,2.23,0.095,0.295,0.055,1.405,0.8200000000000001,1.14,0.855,0.0,0.125,0.135,2.275,1.475,0.445,1.0,1.0,0.5,0.5,0.0,0.0,0.0,1.0,0.5,0.5,1.0,0.0,0.5,0.5,1.0,0.5,0.0,0.5
R9ya0jtNpGs,0.5,0.5,1.17,0.99,0.235,1.425,0.0,0.0,0.14,0.375,0.0,0.07,0.385,0.425,0.0,0.0,1.05,1.7349999999999999,0.0,1.0,1.0,0.5,0.5,0.0,0.0,0.0,0.0,0.0,0.0,0.0,0.0,0.0,0.0,0.5,0.5,0.5,0.0
RBVTAGtvwBo,0.0,0.025,0.65,0.0,0.0,0.0,2.47,0.54,0.0,1.91,2.46,1.06,2.06,0.29,0.49,0.97,1.91,0.0,2.39,0.0,0.0,0.0,0.0,1.0,1.0,0.0,1.0,1.0,0.0,1.0,0.0,1.0,1.0,1.0,0.0,0.0,1.0
RBlt4rwpyyo,0.0,0.975,0.14,0.0,0.0,0.39,2.61,2.75,1.98,2.98,2.93,2.65,0.05,0.0,0.0,0.0,3.57,0.58,0.39,0.0,0.0,0.0,0.0,1.0,1.0,1.0,1.0,1.0,1.0,1.0,0.0,0.0,0.0,1.0,1.0,0.0,0.0
RD0jioq8SO4,0.5,0.975,0.685,0.68,0.0,0.52,0.325,0.3,0.015,0.675,0.275,0.69,0.08,0.0,0.0,0.0,0.46,1.0,0.0,1.0,1.0,0.0,0.5,0.5,1.0,0.0,0.5,0.5,0.5,1.0,0.0,0.5,0.5,0.5,1.0,0.0,0.5
RE9-FzyT28Q,0.5,0.975,0.785,0.0,0.265,0.26,2.23,3.02,1.1949999999999998,1.87,2.115,0.905,0.38,0.66,0.0,0.23,1.68,0.365,0.28,1.0,0.0,0.0,0.0,1.0,1.0,1.0,1.0,1.0,0.5,0.5,0.5,0.0,0.0,0.5,0.5,0.0,0.5
REAyiXNfwyo,0.0,0.975,0.0,0.08,0.0,0.0,1.71,1.84,1.38,1.88,1.85,0.19,0.37,0.0,0.22,0.0,3.33,2.11,0.12,0.0,0.0,0.0,0.0,1.0,1.0,1.0,1.0,1.0,0.0,0.0,0.0,0.0,0.0,1.0,1.0,0.0,0.0
REvaHqT3uro,0.5,0.925,0.845,0.38,0.9650000000000001,1.37,0.395,0.575,0.29500000000000004,1.365,0.51,0.51,0.27999999999999997,0.1,0.26,0.0,1.655,1.44,0.055,1.0,0.0,1.0,0.0,0.5,0.0,0.5,0.5,0.5,0.0,0.5,0.0,0.0,0.0,0.5,0.5,0.0,0.5
RJ72QNP1Nws,0.0,0.975,0.0,0.0,1.3,0.0,0.63,2.25,0.94,0.18,0.52,1.2,0.23,0.0,1.01,0.42,0.38,0.22,0.43,0.0,0.0,1.0,1.0,1.0,1.0,1.0,1.0,1.0,1.0,1.0,0.0,0.0,1.0,1.0,1.0,0.0,1.0
RKjCW_RR8qk,0.0,0.975,0.0,0.8,0.0,2.27,0.0,0.0,0.0,0.07,0.0,0.0,0.0,0.0,0.0,0.0,1.65,1.42,0.0,1.0,1.0,1.0,0.0,0.0,0.0,0.0,0.0,0.0,0.0,0.0,0.0,0.0,0.0,1.0,1.0,0.0,0.0
RNp9dshmsqQ,1.5,0.95,0.2775,0.2775,0.8475,1.7375,0.7725,0.7875,0.3425,0.7425,0.7725,0.365,0.35,0.0925,0.11,0.0,1.4675,0.9424999999999999,0.1475,0.25,0.25,0.75,0.75,0.5,0.5,0.25,0.5,0.25,0.25,0.25,0.0,0.0,0.0,0.5,0.5,0.25,0.5
RPHoH_vpKRk,0.0,0.925,1.45,1.19,0.0,3.09,0.82,0.0,0.0,0.25,1.73,0.0,0.3,0.0,1.23,0.04,2.11,0.0,0.0,1.0,1.0,0.0,1.0,0.0,0.0,1.0,1.0,1.0,0.0,1.0,0.0,1.0,1.0,1.0,0.0,0.0,0.0
RUipBSnN2tA,0.0,0.875,0.0,0.0,0.23,3.06,0.26,0.0,0.01,0.0,0.0,0.66,0.57,0.35,0.0,0.0,0.0,1.37,0.0,1.0,1.0,1.0,0.0,0.0,0.0,0.0,0.0,0.0,0.0,0.0,0.0,0.0,0.0,0.0,0.0,1.0,0.0
RUmFeFqFUWw,0.0,0.925,2.59,3.69,0.12,3.42,0.0,0.0,0.0,0.0,0.22,0.0,0.37,0.28,0.0,0.0,3.42,0.7,0.0,1.0,1.0,0.0,1.0,0.0,0.0,0.0,0.0,0.0,0.0,1.0,0.0,0.0,0.0,1.0,1.0,0.0,0.0
RWEssVacb00,0.0,0.975,0.13,0.0,0.0,0.0,1.25,0.0,0.0,1.44,1.89,0.0,0.0,0.0,0.0,0.0,1.34,0.45,0.0,1.0,1.0,0.0,0.0,1.0,1.0,0.0,1.0,1.0,0.0,1.0,0.0,0.0,0.0,1.0,1.0,0.0,0.0
RXrKUTh81oU,1.0,0.9583333333333334,0.4466666666666666,0.12333333333333334,0.0,1.0166666666666666,1.3666666666666665,0.8133333333333334,0.45,0.7133333333333334,1.6733333333333331,1.4733333333333334,0.6933333333333334,0.7933333333333333,0.0,0.38999999999999996,1.2433333333333334,0.27999999999999997,0.2833333333333333,0.6666666666666666,0.6666666666666666,0.0,0.6666666666666666,1.0,0.6666666666666666,0.3333333333333333,0.6666666666666666,0.6666666666666666,0.6666666666666666,0.3333333333333333,0.6666666666666666,0.6666666666666666,0.3333333333333333,0.6666666666666666,0.3333333333333333,1.0,0.3333333333333333
Ra6ztNcUlsY,0.0,0.975,0.11,0.0,0.28,0.0,0.9,2.63,2.21,0.37,0.0,2.65,0.55,0.0,0.0,0.0,1.61,0.0,0.22,0.0,0.0,0.0,0.0,1.0,1.0,1.0,0.0,0.0,1.0,0.0,0.0,1.0,0.0,1.0,1.0,1.0,1.0
RaQcueErQYg,1.5,0.95,1.125,0.635,0.355,0.4825,1.25,1.5825,0.2675,0.7250000000000001,1.015,0.48,0.0675,0.585,0.0775,0.57,0.9625,1.165,0.2075,1.0,0.75,0.25,0.25,0.75,1.0,0.25,0.5,0.5,0.75,0.0,0.25,0.5,0.5,0.75,0.25,0.25,0.75
RanyrxILSDk,0.0,0.975,0.85,0.95,2.18,0.0,1.78,2.14,2.02,1.98,2.15,1.22,0.12,0.0,0.0,0.0,1.99,1.05,0.0,1.0,1.0,1.0,0.0,1.0,1.0,1.0,1.0,1.0,1.0,1.0,0.0,0.0,0.0,1.0,1.0,0.0,0.0
RbZUbbTEgnA,0.5,0.0,0.61,0.115,1.6700000000000002,0.86,0.15,0.035,0.0,0.0,0.2,0.26,0.835,0.0,0.73,0.1,0.515,0.52,0.22,1.0,0.5,0.5,0.5,0.0,0.5,0.0,0.5,0.0,0.5,1.0,0.0,0.0,0.0,0.5,0.5,1.0,0.0
Rbw48sZhAdo,1.5,0.975,0.27,0.0,0.0,0.865,1.13,0.315,0.0,0.7025,1.9825,1.0075,0.0,0.02,0.1,0.0,0.9375,0.0,0.1975,0.75,0.75,0.5,0.25,1.0,0.0,0.5,1.0,1.0,0.75,0.0,0.0,0.25,0.0,1.0,0.0,0.0,0.25
Rg0du2jpPME,1.0,0.9083333333333333,0.8166666666666665,0.6733333333333333,0.7333333333333334,0.68,0.5833333333333334,1.18,0.3833333333333333,0.22333333333333336,0.52,0.3933333333333333,0.26333333333333336,0.4366666666666667,0.3633333333333333,0.16333333333333333,0.65,0.71,0.8466666666666667,1.0,1.0,0.6666666666666666,0.3333333333333333,0.6666666666666666,0.3333333333333333,0.0,0.3333333333333333,0.3333333333333333,0.3333333333333333,0.3333333333333333,0.0,0.3333333333333333,0.6666666666666666,0.6666666666666666,0.6666666666666666,0.3333333333333333,0.3333333333333333
Rg1ONQOf4L8,0.0,0.875,2.29,0.99,1.02,2.32,2.16,1.8,0.59,3.29,3.0,3.13,0.0,0.0,0.0,0.67,3.6,0.39,0.12,1.0,1.0,0.0,1.0,1.0,0.0,0.0,1.0,1.0,1.0,0.0,0.0,0.0,1.0,1.0,0.0,1.0,0.0
Ro8sQ6CGin8,0.0,0.975,0.0,0.0,0.0,0.44,1.43,2.53,0.51,2.35,3.03,1.43,0.0,0.0,0.0,0.25,2.65,1.51,0.52,1.0,0.0,0.0,1.0,1.0,1.0,1.0,1.0,1.0,1.0,0.0,0.0,0.0,1.0,1.0,1.0,0.0,1.0
RoKQM1n6gIA,2.0,0.975,0.48200000000000004,0.382,0.17400000000000002,1.236,0.236,0.82,0.274,0.438,0.256,0.23399999999999999,0.48200000000000004,0.146,0.22200000000000003,0.018,0.38,0.21600000000000003,0.062,0.8,0.4,0.4,0.6,0.2,0.2,0.2,0.2,0.0,0.4,0.4,0.2,0.4,0.2,0.6,0.2,0.0,0.2
RoLBag1rh6A,0.0,0.925,1.89,2.24,0.0,3.07,0.0,0.0,0.0,0.38,0.7,0.0,0.0,0.29,0.0,1.0,2.21,2.07,0.13,1.0,1.0,0.0,1.0,0.0,1.0,0.0,0.0,0.0,0.0,0.0,0.0,0.0,1.0,1.0,1.0,1.0,1.0
RqwT81VWcfs,2.0,0.745,1.9420000000000002,0.552,0.79,0.41600000000000004,0.016,1.24,0.034,0.492,0.13199999999999998,0.27799999999999997,0.536,0.422,0.168,0.086,0.13999999999999999,0.6940000000000001,0.442,1.0,0.8,1.0,0.6,0.0,0.8,0.0,0.2,0.0,0.2,0.8,0.6,0.8,0.2,0.0,0.4,0.0,0.8
RsRT-S90As8,1.0,0.975,0.6433333333333333,0.8733333333333334,0.0,0.3666666666666667,0.02,0.36000000000000004,0.04666666666666667,0.7133333333333333,0.62,0.9700000000000001,0.18333333333333335,0.0,0.7799999999999999,0.0,0.9466666666666667,0.7233333333333333,0.05666666666666667,0.6666666666666666,1.0,0.0,1.0,0.3333333333333333,0.3333333333333333,0.0,0.6666666666666666,0.6666666666666666,0.6666666666666666,0.6666666666666666,0.0,1.0,0.0,1.0,0.6666666666666666,0.0,0.0
RupvFbi5e2s,0.5,0.975,1.04,0.12,0.88,0.395,0.635,0.37,0.165,0.855,0.82,0.275,0.23,0.06,0.33,0.04,1.3,1.02,0.0,1.0,0.5,0.5,0.5,0.5,0.5,0.0,0.5,0.5,0.5,0.5,0.0,0.5,0.5,1.0,1.0,0.0,0.0
S-5ZBnkdra8,0.0,0.875,0.0,0.0,0.0,0.13,0.0,0.0,0.0,0.41,0.26,0.76,0.45,2.16,0.0,0.0,0.0,1.66,0.18,0.0,0.0,0.0,0.0,0.0,0.0,0.0,1.0,0.0,1.0,1.0,1.0,0.0,0.0,0.0,1.0,0.0,1.0
S-xx5NLNEuc,0.0,0.975,0.53,2.17,0.0,0.06,0.0,0.59,0.4,0.0,0.0,0.0,0.28,0.0,0.12,0.0,0.73,1.49,0.01,1.0,1.0,0.0,1.0,0.0,0.0,1.0,0.0,0.0,0.0,1.0,0.0,1.0,0.0,1.0,1.0,0.0,0.0
S1ITUnYLqOQ,1.0,0.9083333333333333,0.0,0.0,0.9966666666666667,1.1433333333333333,0.08333333333333333,0.26666666666666666,0.18333333333333335,0.2866666666666667,0.3133333333333333,0.2066666666666667,0.15,0.0,0.25666666666666665,0.0,1.1033333333333333,0.5766666666666667,0.24666666666666667,1.0,0.6666666666666666,0.3333333333333333,0.6666666666666666,0.0,0.3333333333333333,0.3333333333333333,0.3333333333333333,0.3333333333333333,0.0,0.6666666666666666,0.0,0.3333333333333333,0.0,1.0,0.6666666666666666,0.6666666666666666,0.3333333333333333
S3N0vl_wBD0,0.5,0.025,1.665,2.165,0.795,4.0600000000000005,0.365,1.905,0.395,2.86,0.815,2.3850000000000002,3.34,1.145,0.785,2.745,0.985,0.0,0.115,1.0,1.0,0.5,0.5,0.0,0.0,0.0,0.0,0.0,0.5,0.5,0.0,0.0,1.0,1.0,0.0,1.0,0.0
S4bNEgM483k,3.0,0.9464285714285714,0.4842857142857143,0.21142857142857144,0.15285714285714286,0.40142857142857136,0.22285714285714286,0.22285714285714286,0.06714285714285714,0.6857142857142857,0.6885714285714286,0.32285714285714284,0.060000000000000005,0.1457142857142857,0.037142857142857144,0.0,0.767142857142857,0.48,0.16285714285714284,0.8571428571428571,0.7142857142857143,0.2857142857142857,0.42857142857142855,0.42857142857142855,0.5714285714285714,0.2857142857142857,0.42857142857142855,0.7142857142857143,0.5714285714285714,0.42857142857142855,0.14285714285714285,0.42857142857142855,0.14285714285714285,0.8571428571428571,0.5714285714285714,0.14285714285714285,0.2857142857142857
S6jRwPIKIVM,0.0,0.675,0.0,0.0,0.59,0.0,0.0,0.0,0.1,0.0,0.0,1.0,0.69,1.02,0.0,0.36,0.0,0.37,0.0,0.0,1.0,0.0,0.0,0.0,0.0,0.0,0.0,0.0,1.0,1.0,1.0,0.0,1.0,0.0,1.0,1.0,0.0
S7YFxw0oK6c,0.0,0.975,0.45,0.83,0.41,1.27,2.15,1.72,0.0,2.03,2.37,1.85,0.0,0.0,0.11,0.51,2.38,0.0,0.62,0.0,1.0,0.0,0.0,1.0,1.0,0.0,1.0,1.0,1.0,1.0,0.0,1.0,1.0,1.0,1.0,0.0,0.0
S8U0sCHork8,0.5,0.975,0.0,0.0,0.425,0.0,2.605,1.4,0.81,2.07,2.895,1.635,0.23,0.58,0.225,0.355,1.58,0.27,0.025,0.0,0.0,0.5,0.0,1.0,0.5,0.0,1.0,1.0,1.0,0.5,0.5,0.0,0.5,0.5,0.5,0.5,0.0
S9q3e8AL_-0,1.0,0.9416666666666668,1.49,0.08333333333333333,1.1033333333333333,1.1033333333333333,0.0,0.01,0.0,0.42,0.0,0.016666666666666666,0.20666666666666667,0.37666666666666665,0.0,0.26,0.0033333333333333335,0.09666666666666666,0.31666666666666665,1.0,1.0,1.0,0.0,0.0,0.0,0.0,0.0,0.0,0.0,0.6666666666666666,0.3333333333333333,0.6666666666666666,0.3333333333333333,0.3333333333333333,0.6666666666666666,0.6666666666666666,0.6666666666666666
SBWBp125e4Y,1.0,0.9416666666666668,1.7166666666666668,2.236666666666667,0.0,2.4266666666666667,0.47000000000000003,0.6133333333333334,0.07666666666666667,0.43,0.8366666666666666,1.45,0.12666666666666668,0.35333333333333333,0.45,0.06999999999999999,1.55,1.1266666666666667,0.0,1.0,1.0,0.0,0.3333333333333333,1.0,0.3333333333333333,0.0,0.3333333333333333,0.3333333333333333,0.6666666666666666,0.3333333333333333,0.3333333333333333,0.3333333333333333,0.3333333333333333,1.0,0.6666666666666666,0.3333333333333333,0.0
SDHspt6VI2s,1.0,0.3416666666666666,0.13,0.0,0.05666666666666667,0.13,0.7200000000000001,0.7166666666666667,0.08,0.7666666666666666,0.9900000000000001,0.6833333333333332,0.6066666666666667,0.056666666666666664,0.10666666666666667,0.02,0.6466666666666666,0.6733333333333333,0.2133333333333333,0.3333333333333333,0.6666666666666666,0.6666666666666666,0.0,0.6666666666666666,0.6666666666666666,0.0,0.0,0.3333333333333333,0.3333333333333333,1.0,0.3333333333333333,0.0,0.0,0.3333333333333333,0.6666666666666666,0.3333333333333333,0.6666666666666666
SH8YofIJ3zc,0.5,0.925,1.72,1.355,0.6,2.685,0.0,0.0,0.125,0.03,0.06,0.175,0.9750000000000001,1.28,0.0,0.0,0.495,0.61,0.78,1.0,1.0,0.5,1.0,0.0,0.0,0.0,0.5,0.0,0.0,1.0,0.5,0.0,0.0,0.5,0.0,0.0,0.0
SLB72qmrusk,4.5,0.845,0.9039999999999999,0.0,0.507,0.5640000000000001,0.20800000000000002,0.542,0.256,0.457,0.366,0.185,0.29100000000000004,0.176,0.724,0.064,0.298,0.21000000000000002,0.41,0.8,0.7,0.6,0.5,0.5,0.3,0.2,0.5,0.2,0.4,0.7,0.1,0.7,0.1,0.3,0.0,0.5,0.7
SLfMX2eA7Lc,0.0,0.975,1.05,0.48,0.0,0.0,0.0,0.8,0.0,0.0,0.45,0.0,0.0,0.0,0.53,0.0,0.0,0.13,0.0,1.0,1.0,0.0,1.0,0.0,0.0,0.0,0.0,1.0,1.0,0.0,0.0,1.0,0.0,1.0,0.0,0.0,0.0
SLq86U68qO8,0.5,0.675,1.43,0.6,0.02,0.6499999999999999,0.18,0.27,0.46,0.085,0.24,0.0,0.24000000000000002,0.0,0.78,0.26,0.045,0.64,0.085,0.5,1.0,0.0,0.5,0.0,0.5,0.5,0.0,0.5,0.0,0.0,0.0,0.5,0.5,0.5,0.5,0.0,0.5
SOAIc9ONdb4,0.5,0.5,0.99,0.29,0.86,1.87,0.685,1.57,0.215,0.84,0.34,0.0,1.19,0.0,0.0,1.18,1.325,0.0,0.09,0.5,0.5,0.5,1.0,0.5,0.5,0.0,0.5,0.5,0.5,1.0,0.0,0.0,0.5,1.0,0.5,1.0,0.0
SQzmJ7lSvHk,0.0,0.925,2.91,3.73,0.0,1.99,0.0,0.0,0.0,0.0,0.45,0.44,0.0,0.0,0.0,0.41,1.12,0.47,0.22,1.0,1.0,0.0,1.0,0.0,0.0,0.0,0.0,0.0,0.0,0.0,0.0,0.0,1.0,1.0,0.0,0.0,0.0
SR3MF-ZAvB0,0.5,0.5,0.81,0.68,1.71,0.485,0.765,1.08,0.72,0.72,0.705,0.92,0.0,0.145,0.56,0.02,1.095,0.675,0.6900000000000001,0.5,0.5,1.0,0.0,0.5,0.0,0.5,1.0,0.0,1.0,1.0,0.5,0.0,0.5,0.5,0.5,0.5,0.0
SUNE9Kflopg,1.0,0.975,0.5499999999999999,0.02,0.8433333333333333,0.7833333333333333,0.7566666666666667,1.2333333333333334,0.6933333333333334,0.8633333333333333,0.9866666666666667,0.9866666666666667,0.21666666666666667,0.19999999999999998,0.5033333333333333,0.27666666666666667,0.57,0.0,0.006666666666666667,0.3333333333333333,0.0,0.6666666666666666,0.6666666666666666,0.6666666666666666,0.3333333333333333,0.6666666666666666,0.6666666666666666,1.0,1.0,1.0,0.3333333333333333,0.6666666666666666,0.6666666666666666,0.6666666666666666,0.3333333333333333,0.3333333333333333,0.3333333333333333
SW4AldBdyk8,0.5,0.8999999999999999,1.56,0.65,0.96,0.6950000000000001,1.455,0.715,0.45,1.62,1.615,1.5750000000000002,0.41,0.315,0.35500000000000004,0.16999999999999998,1.86,0.255,0.1,1.0,0.5,0.5,0.0,0.5,0.5,0.0,0.5,0.5,0.5,0.5,0.5,0.5,0.5,0.5,0.5,0.0,0.5
SaMR6tkhh_M,0.5,0.975,0.905,0.36,0.185,0.705,0.5,1.24,0.615,1.5750000000000002,0.745,1.11,0.19,0.0,1.335,0.0,0.65,0.03,0.44,0.5,1.0,0.0,0.0,0.5,0.5,0.5,0.5,0.0,0.5,0.5,0.0,0.5,0.0,0.0,0.5,0.5,0.5
SaiDP96j2P8,0.0,0.875,2.19,2.57,0.0,0.57,2.52,0.28,0.0,1.2,3.69,1.85,0.0,2.02,0.65,1.77,0.0,0.0,0.06,1.0,1.0,0.0,1.0,1.0,1.0,0.0,1.0,1.0,1.0,0.0,1.0,0.0,1.0,0.0,0.0,1.0,0.0
SgpzJ9peq0Q,2.0,0.67,0.5640000000000001,0.0,0.38,0.49000000000000005,0.244,0.714,0.0,0.662,0.9199999999999999,0.578,0.264,0.718,0.626,0.004,0.138,0.176,0.154,0.6,0.8,0.2,0.4,0.4,0.6,0.0,0.8,0.4,0.4,0.6,0.2,0.4,0.2,0.4,0.6,0.0,0.6
SgrfCgr4cyU,0.0,0.925,0.33,0.27,0.0,2.16,0.0,0.0,0.05,0.28,0.0,0.21,0.33,1.15,0.0,0.43,0.37,1.49,0.0,0.0,1.0,0.0,1.0,0.0,0.0,0.0,0.0,0.0,0.0,1.0,1.0,0.0,0.0,1.0,1.0,1.0,0.0
SpIeqCNKrMQ,3.0,0.6607142857142857,0.7142857142857143,0.07142857142857142,0.20714285714285716,0.29714285714285715,0.7914285714285715,1.2414285714285715,0.38,0.3742857142857143,0.79,0.8914285714285715,0.40714285714285714,0.30857142857142855,0.9257142857142858,0.26,0.5228571428571429,0.48714285714285716,0.2571428571428571,0.5714285714285714,0.7142857142857143,0.42857142857142855,0.42857142857142855,0.42857142857142855,0.5714285714285714,0.5714285714285714,0.2857142857142857,0.7142857142857143,0.8571428571428571,1.0,0.42857142857142855,0.8571428571428571,0.2857142857142857,0.5714285714285714,0.42857142857142855,0.14285714285714285,0.5714285714285714
SqNw_SMrIQA,1.0,0.9416666666666668,1.0433333333333332,0.8633333333333334,0.41,0.11,0.18000000000000002,0.36333333333333334,0.30333333333333334,0.0,0.18333333333333335,0.3033333333333333,0.7000000000000001,0.0,0.51,0.0,0.17666666666666667,0.85,0.7799999999999999,1.0,1.0,0.3333333333333333,0.3333333333333333,0.0,0.0,0.3333333333333333,0.0,0.3333333333333333,0.3333333333333333,0.6666666666666666,0.0,0.3333333333333333,0.0,0.3333333333333333,0.3333333333333333,0.0,0.3333333333333333
Ss4sYHi7XZg,1.0,0.975,1.3266666666666667,0.47,0.043333333333333335,0.44,1.8733333333333333,1.4033333333333333,0.31666666666666665,1.1500000000000001,2.21,0.9866666666666667,0.0,0.0,0.96,0.0033333333333333335,2.356666666666667,0.20333333333333334,0.09333333333333334,0.3333333333333333,0.6666666666666666,0.3333333333333333,0.3333333333333333,1.0,0.0,0.3333333333333333,1.0,1.0,0.6666666666666666,0.6666666666666666,0.0,0.0,0.3333333333333333,1.0,0.3333333333333333,0.3333333333333333,0.3333333333333333
Ss4sYHi7XZg(1),1.0,0.975,1.3266666666666667,0.47,0.043333333333333335,0.44,1.8733333333333333,1.4033333333333333,0.31666666666666665,1.1500000000000001,2.21,0.9866666666666667,0.0,0.0,0.96,0.0033333333333333335,2.356666666666667,0.20333333333333334,0.09333333333333334,0.3333333333333333,0.6666666666666666,0.3333333333333333,0.3333333333333333,1.0,0.0,0.3333333333333333,1.0,1.0,0.6666666666666666,0.6666666666666666,0.0,0.0,0.3333333333333333,1.0,0.3333333333333333,0.3333333333333333,0.3333333333333333
SutFZNd73qU,0.5,0.45,0.505,0.0,0.8049999999999999,0.37,0.39,0.655,0.0,1.3399999999999999,0.525,0.0,1.84,0.17,1.6,0.115,0.9500000000000001,0.61,0.265,0.0,1.0,1.0,0.0,0.5,0.5,0.0,0.5,0.0,0.0,0.5,0.0,0.5,0.0,0.0,0.0,0.5,0.5
SvGbt99BHEg,0.5,0.975,0.405,1.295,0.95,1.6949999999999998,0.87,1.19,0.225,1.7000000000000002,1.555,0.99,1.04,0.055,0.485,0.185,2.82,0.31,0.33,1.0,1.0,0.0,0.5,0.5,0.5,0.0,1.0,1.0,1.0,1.0,0.0,0.5,0.5,1.0,0.5,0.0,0.5
SvVELQ6_7PI,0.5,0.975,0.015,0.0,1.365,0.41,1.825,2.04,1.25,1.635,1.14,0.76,0.495,1.235,0.0,0.32499999999999996,0.7,1.04,0.665,0.0,0.0,1.0,0.0,0.5,0.5,0.5,0.5,0.5,0.5,1.0,0.5,0.0,0.0,0.5,0.5,0.5,0.5
SwRDqwudsE0,0.5,0.5,0.875,0.6699999999999999,0.075,0.91,0.345,0.33999999999999997,0.645,0.345,0.015,0.395,0.16,0.215,0.465,0.03,0.225,0.3,0.86,0.5,1.0,0.5,0.0,0.5,0.5,0.5,0.5,0.0,0.5,0.5,0.0,0.5,0.0,0.0,0.5,0.0,1.0
SwvKOc1Gy40,0.5,0.875,0.0,0.0,0.0,0.0,1.225,1.125,1.53,2.165,1.79,1.12,0.23,1.56,1.265,0.335,1.105,0.605,0.23500000000000001,0.0,0.5,0.0,0.5,0.5,0.0,1.0,1.0,0.5,0.5,1.0,1.0,0.5,0.5,1.0,0.5,0.0,0.5
SxvIkh5QiBE,0.0,0.875,1.36,0.0,2.0,1.59,0.47,0.0,1.39,0.44,0.0,0.86,1.38,0.0,0.0,1.0,1.29,0.0,0.25,1.0,0.0,1.0,0.0,0.0,0.0,1.0,0.0,0.0,0.0,1.0,0.0,0.0,1.0,1.0,0.0,1.0,1.0
Sy9xBeBhYZw,0.5,0.025,0.58,0.355,0.0,0.365,1.28,0.47,0.34,1.03,0.54,0.965,0.9199999999999999,1.225,0.915,1.33,0.11,0.0,0.0,0.0,0.5,0.5,0.0,0.5,0.0,0.0,0.5,0.5,0.5,0.5,0.5,0.5,1.0,0.0,0.0,1.0,0.0
T1_A2TNM4L4,0.0,0.975,0.0,0.0,0.0,0.0,1.52,2.63,0.02,2.59,2.7,0.0,0.0,0.0,0.3,0.0,2.38,0.84,0.0,1.0,1.0,0.0,0.0,1.0,1.0,0.0,1.0,1.0,0.0,1.0,0.0,1.0,0.0,1.0,0.0,0.0,1.0
T1jJIhxXq-4,2.0,0.9650000000000001,0.5980000000000001,0.978,0.0,0.866,0.19,0.24,0.298,0.346,0.608,0.492,0.312,0.194,0.42400000000000004,0.06999999999999999,0.558,0.354,0.42200000000000004,0.4,0.8,0.0,0.6,0.4,0.4,0.4,0.4,0.4,0.4,0.8,0.2,0.6,0.2,0.6,0.6,0.0,0.4
T2dRUFTgLCk,0.0,0.975,0.0,0.0,0.59,1.02,0.7,0.0,0.84,0.97,0.99,1.47,0.0,0.04,1.21,0.36,1.04,0.0,0.44,0.0,0.0,1.0,0.0,0.0,0.0,1.0,1.0,1.0,1.0,1.0,0.0,1.0,0.0,1.0,0.0,1.0,1.0
T6p-4PGf-Cw,0.5,0.9,1.6199999999999999,0.82,0.0,0.58,1.655,0.395,0.035,1.295,2.52,1.4249999999999998,0.0,0.0,0.545,0.025,1.3800000000000001,0.0,0.51,1.0,1.0,0.0,0.0,1.0,0.0,0.0,1.0,1.0,0.5,0.5,0.0,0.0,0.0,1.0,1.0,0.5,0.5
T7O2EwCKjrE,1.0,0.9083333333333333,0.58,0.0,0.48333333333333334,0.0,1.89,2.43,0.43999999999999995,1.1166666666666667,1.7599999999999998,1.05,0.06333333333333334,0.0,0.7566666666666667,0.16,1.6900000000000002,0.30333333333333334,0.03333333333333333,1.0,0.3333333333333333,0.6666666666666666,0.3333333333333333,1.0,1.0,0.3333333333333333,1.0,1.0,1.0,0.6666666666666666,0.0,0.6666666666666666,0.3333333333333333,1.0,0.6666666666666666,0.0,0.3333333333333333
T9zN_s3m5xM,5.0,0.8613636363636363,0.5618181818181818,0.042727272727272725,0.30818181818181817,0.52,0.10545454545454547,0.4981818181818182,0.20909090909090908,0.22636363636363638,0.25727272727272726,0.35090909090909095,0.5090909090909091,0.20636363636363636,0.41,0.007272727272727273,0.2781818181818182,0.5227272727272727,0.24000000000000002,0.8181818181818182,0.9090909090909091,0.36363636363636365,0.5454545454545454,0.09090909090909091,0.2727272727272727,0.36363636363636365,0.18181818181818182,0.2727272727272727,0.2727272727272727,0.6363636363636364,0.18181818181818182,0.6363636363636364,0.0,0.2727272727272727,0.5454545454545454,0.09090909090909091,0.5454545454545454
TA11qP7TuBg,0.0,0.975,1.23,2.39,0.0,2.82,0.59,0.15,0.8,1.69,0.77,1.73,2.11,0.0,1.78,0.0,1.6,0.0,0.0,1.0,1.0,0.0,1.0,0.0,0.0,0.0,0.0,0.0,0.0,1.0,0.0,0.0,1.0,1.0,0.0,0.0,0.0
TCOE79IOmLM,0.0,0.975,0.34,0.0,1.54,0.31,2.47,4.1,0.42,2.26,2.79,0.74,0.0,0.0,0.0,0.0,2.44,0.2,0.0,1.0,0.0,1.0,0.0,1.0,1.0,1.0,1.0,1.0,1.0,0.0,0.0,0.0,0.0,1.0,0.0,0.0,1.0
TDwgAg-2BaY,1.0,0.875,0.31,0.016666666666666666,1.08,0.53,0.8433333333333333,0.32666666666666666,0.5533333333333333,1.9466666666666665,1.2766666666666666,1.07,0.29,0.17333333333333334,0.0,0.0,1.79,1.7133333333333336,0.5733333333333334,0.6666666666666666,0.6666666666666666,0.3333333333333333,0.0,0.3333333333333333,0.3333333333333333,0.3333333333333333,1.0,0.6666666666666666,0.3333333333333333,1.0,0.3333333333333333,0.0,0.0,1.0,0.6666666666666666,0.0,0.6666666666666666
TFEIZ4drK-k,0.0,0.975,0.52,0.0,0.0,0.3,0.75,0.32,0.0,0.78,2.6,0.07,0.0,0.25,0.33,0.11,1.3,0.47,0.0,0.0,1.0,0.0,1.0,1.0,1.0,0.0,1.0,1.0,0.0,0.0,0.0,0.0,0.0,1.0,1.0,0.0,0.0
TGZ46HAbePg,0.0,0.925,0.98,0.54,0.12,0.05,1.81,1.21,0.74,2.71,2.1,1.27,0.0,0.51,0.65,0.12,2.19,0.0,0.19,1.0,1.0,0.0,0.0,1.0,1.0,1.0,1.0,1.0,1.0,0.0,1.0,0.0,0.0,1.0,1.0,1.0,0.0
THAzTxjbi8k,0.0,0.925,0.55,0.0,0.0,0.0,2.22,1.26,1.02,2.04,1.92,1.16,0.0,0.0,0.01,0.0,1.56,0.43,0.0,0.0,0.0,0.0,0.0,1.0,0.0,1.0,1.0,1.0,1.0,0.0,0.0,0.0,0.0,1.0,1.0,0.0,1.0
TJ-xXlc171c,1.0,0.9083333333333333,1.0366666666666668,0.7799999999999999,0.34,1.0033333333333332,0.87,0.08,0.08,2.09,1.9799999999999998,2.1999999999999997,0.0,0.49,0.19333333333333336,0.0,1.1300000000000001,0.32,0.0,1.0,0.6666666666666666,0.0,1.0,1.0,1.0,0.0,1.0,1.0,0.6666666666666666,0.3333333333333333,0.3333333333333333,0.0,0.0,1.0,1.0,1.0,0.0
TJB9f95X4cg,0.5,0.975,0.885,0.0,0.605,1.705,0.265,0.185,0.0,1.175,0.805,1.66,0.72,0.685,0.0,0.765,0.225,0.0,0.0,0.5,1.0,0.5,1.0,0.5,0.0,0.5,1.0,0.5,0.5,0.5,0.5,0.0,0.5,0.0,0.5,0.0,0.0
TKQqKGOIHFM,0.5,0.975,0.27,0.0,0.035,0.0,1.115,1.175,0.0,0.64,1.745,2.0300000000000002,0.03,0.0,0.625,0.44999999999999996,0.26,0.18,0.25,0.5,0.0,1.0,0.5,1.0,1.0,0.0,0.5,1.0,1.0,0.5,0.0,1.0,1.0,1.0,0.0,0.0,0.0
TN7lweGEmuk,0.0,0.975,1.51,1.43,0.36,0.27,0.0,0.0,0.0,0.42,0.6,0.8,0.0,0.0,0.0,0.0,0.3,0.24,0.0,1.0,1.0,1.0,1.0,0.0,0.0,0.0,0.0,1.0,0.0,0.0,0.0,0.0,0.0,0.0,0.0,1.0,0.0
TOj-pssurng,0.0,0.975,1.66,2.83,0.0,2.53,0.0,0.3,0.0,0.13,0.0,0.0,1.76,0.13,0.0,0.0,0.59,1.81,0.77,1.0,1.0,0.0,1.0,0.0,0.0,0.0,0.0,0.0,0.0,1.0,0.0,0.0,1.0,0.0,1.0,1.0,0.0
TSv5dcZ_NRQ,1.0,0.975,0.5266666666666667,0.2966666666666667,0.26333333333333336,0.18666666666666668,1.11,0.6233333333333334,0.9900000000000001,0.9733333333333333,1.75,1.1866666666666668,0.35333333333333333,0.06333333333333334,0.6433333333333333,0.05666666666666667,1.51,0.35000000000000003,0.16666666666666666,0.6666666666666666,0.6666666666666666,0.3333333333333333,0.3333333333333333,0.6666666666666666,0.3333333333333333,0.3333333333333333,0.6666666666666666,1.0,1.0,0.6666666666666666,0.0,0.3333333333333333,0.3333333333333333,0.6666666666666666,0.0,0.0,0.3333333333333333
TVO3aqHMPYk,1.0,0.6,1.0766666666666667,0.3666666666666667,0.3833333333333333,0.9266666666666667,0.0,0.5,0.16,1.0933333333333335,0.4166666666666667,0.45999999999999996,0.6166666666666667,0.5966666666666667,0.58,0.27999999999999997,0.12666666666666668,0.3133333333333333,0.22666666666666668,0.6666666666666666,0.6666666666666666,0.3333333333333333,0.3333333333333333,0.0,0.0,0.3333333333333333,0.3333333333333333,0.3333333333333333,0.3333333333333333,0.6666666666666666,0.3333333333333333,0.3333333333333333,0.3333333333333333,0.0,0.0,0.3333333333333333,0.6666666666666666
T_WmfJ7_bjE,0.0,0.975,1.22,0.97,0.39,3.46,0.64,1.2,0.0,1.04,0.31,0.0,0.42,0.02,0.0,0.0,1.5,0.75,0.0,1.0,1.0,0.0,0.0,1.0,1.0,0.0,1.0,0.0,0.0,1.0,0.0,0.0,0.0,1.0,0.0,0.0,0.0
Tckjqy0jhG4,1.5,0.9625,0.7075,0.0775,0.0,0.645,1.8399999999999999,1.595,0.5275000000000001,1.8275000000000001,2.215,0.7675000000000001,0.16499999999999998,0.0625,1.03,0.0,1.4675,0.2175,0.2575,0.5,0.5,0.0,0.5,1.0,0.5,0.75,1.0,1.0,0.5,0.5,0.0,0.75,0.0,1.0,0.25,0.25,0.25
TeWekX9VORg,0.0,0.975,0.0,0.0,2.14,2.12,0.46,0.0,0.72,0.74,0.0,0.23,0.19,0.0,0.11,0.0,1.3,0.81,0.0,0.0,1.0,1.0,1.0,0.0,0.0,0.0,0.0,0.0,0.0,1.0,0.0,0.0,0.0,1.0,1.0,0.0,0.0
ThxG5a02aT0,0.0,0.025,1.3,2.36,0.0,3.25,0.47,0.62,0.0,0.49,1.77,0.0,1.35,1.31,1.1,0.0,1.27,0.64,0.0,1.0,1.0,0.0,0.0,1.0,0.0,0.0,0.0,1.0,0.0,1.0,1.0,1.0,0.0,1.0,1.0,1.0,0.0
TiCHTyCel1M,0.5,0.5,0.24,0.0,0.3,1.095,0.705,1.295,0.235,1.53,1.17,1.045,0.0,0.09000000000000001,0.07,0.38,0.365,0.15,0.1,0.0,0.0,0.5,1.0,0.0,0.5,0.5,1.0,1.0,1.0,0.5,0.5,1.0,0.5,0.5,0.0,0.0,0.0
TiyxdTPnL9o,0.0,0.975,2.29,0.87,0.54,0.0,2.21,1.43,0.08,2.66,2.9,1.49,0.11,0.0,0.0,0.0,3.21,1.12,0.26,1.0,1.0,0.0,0.0,1.0,1.0,0.0,1.0,1.0,1.0,1.0,0.0,0.0,0.0,1.0,1.0,0.0,1.0
TjpuhXYRE48,5.5,0.9416666666666668,0.32416666666666666,0.015833333333333335,0.5566666666666666,0.08666666666666667,1.1408333333333334,0.8574999999999999,0.4083333333333334,1.1316666666666666,1.315,1.4783333333333333,0.18416666666666667,0.05666666666666667,0.33916666666666667,0.13166666666666668,0.6633333333333333,0.16583333333333333,0.23750000000000002,0.6666666666666666,0.25,0.3333333333333333,0.3333333333333333,0.75,0.5833333333333334,0.5833333333333334,0.8333333333333334,0.8333333333333334,1.0,0.6666666666666666,0.0,0.6666666666666666,0.3333333333333333,0.9166666666666666,0.3333333333333333,0.16666666666666666,0.75
Tl--ubgEmks,2.0,0.975,0.166,0.0,0.0,0.244,1.19,1.6780000000000002,0.506,1.6920000000000002,1.4300000000000002,1.416,0.298,0.10800000000000001,0.716,0.10200000000000001,0.826,0.23600000000000004,0.046,0.2,0.2,0.2,0.2,1.0,0.4,0.8,1.0,1.0,1.0,1.0,0.2,0.4,0.2,0.6,0.2,0.0,0.2
TmgLhC31C1o,4.5,0.6599999999999999,0.767,0.02,0.366,0.22200000000000003,0.636,0.656,0.101,0.623,1.111,0.395,0.23700000000000002,0.219,0.166,0.061,0.791,0.392,0.128,0.8,0.8,0.2,0.3,0.5,0.4,0.0,0.7,0.6,0.5,0.6,0.1,0.4,0.1,0.6,0.4,0.2,0.3
Tn5OfBoGJwE,0.0,0.975,0.0,0.0,0.49,1.26,0.66,0.0,0.71,0.54,0.71,0.9,0.0,0.0,1.34,0.4,1.0,0.0,0.86,0.0,0.0,1.0,0.0,0.0,0.0,1.0,1.0,1.0,1.0,0.0,0.0,1.0,1.0,1.0,0.0,1.0,1.0
ToDydz2wCJ0,0.5,0.925,0.755,0.0,0.36,0.075,1.395,1.72,0.25,2.4450000000000003,1.19,0.585,0.5,0.185,0.385,0.0,1.27,1.2449999999999999,0.035,1.0,0.0,0.5,0.0,0.5,0.5,0.5,1.0,0.5,1.0,1.0,0.5,0.5,0.0,0.5,0.0,0.0,0.5
TvjH_5p7DfE,1.0,0.975,0.96,1.42,0.08333333333333333,1.1533333333333333,0.0,0.37333333333333335,0.0,0.0,0.26,0.25666666666666665,0.0,0.24333333333333332,0.24333333333333332,0.0,1.11,0.7633333333333333,0.0,1.0,0.6666666666666666,0.3333333333333333,1.0,0.3333333333333333,0.6666666666666666,0.0,0.0,0.3333333333333333,0.3333333333333333,0.0,0.3333333333333333,0.3333333333333333,0.3333333333333333,0.6666666666666666,1.0,0.0,0.3333333333333333
TxRwjf8BLmY,0.0,0.975,1.46,2.07,0.0,2.39,0.06,1.3,0.0,0.0,1.05,0.0,1.23,0.0,0.0,0.0,1.89,0.43,0.0,1.0,1.0,0.0,1.0,0.0,1.0,0.0,0.0,1.0,0.0,1.0,0.0,1.0,0.0,1.0,1.0,0.0,0.0
Ty2GiwdE7jA,0.5,0.975,0.39,0.675,0.0,1.2650000000000001,0.295,0.96,0.0,0.22,0.745,0.07,0.105,0.82,0.64,0.225,1.085,0.895,0.59,0.5,0.5,0.0,1.0,0.5,0.0,0.0,0.5,0.5,0.0,0.5,0.5,0.5,0.5,1.0,1.0,0.5,0.5
U-5l1A78ATs,0.5,0.975,1.09,0.0,0.355,0.84,0.8150000000000001,1.045,0.46499999999999997,1.57,0.81,1.97,0.32,0.0,0.38,0.0,1.195,0.0,0.82,0.5,1.0,0.5,0.5,0.5,0.5,0.5,0.5,0.5,1.0,0.5,0.0,1.0,0.5,0.5,0.0,0.0,0.5
U0zW0mBu_p0,0.0,0.775,0.37,0.0,0.0,0.66,1.12,2.47,0.33,2.75,0.93,2.35,1.46,0.81,1.87,0.0,0.19,0.0,0.0,0.0,0.0,1.0,0.0,1.0,1.0,0.0,1.0,1.0,0.0,1.0,0.0,0.0,1.0,0.0,0.0,1.0,0.0
U5tOuCwgBpw,0.5,0.975,0.66,0.64,0.0,0.56,0.395,0.35,0.025,0.69,0.225,0.705,0.005,0.0,0.0,0.01,0.475,0.94,0.0,1.0,1.0,0.0,0.5,0.5,1.0,0.0,0.5,0.5,0.5,0.5,0.0,0.5,0.5,0.5,1.0,0.0,0.5
U6UkokV76nM,1.0,0.9249999999999999,0.30333333333333334,0.24333333333333332,0.25666666666666665,1.4100000000000001,0.81,1.4966666666666668,0.16,1.2833333333333334,1.1266666666666667,0.7999999999999999,0.16,0.0,0.0,0.049999999999999996,1.04,0.3066666666666667,0.07666666666666667,0.6666666666666666,0.6666666666666666,0.3333333333333333,0.6666666666666666,0.6666666666666666,0.6666666666666666,0.0,0.6666666666666666,0.6666666666666666,0.6666666666666666,0.3333333333333333,0.0,0.3333333333333333,0.3333333333333333,0.6666666666666666,0.3333333333333333,0.0,0.0
U6_5bg5108o,0.0,0.975,1.78,2.49,0.0,1.74,0.0,0.0,0.0,1.1,0.0,0.47,0.78,0.0,0.0,0.0,3.07,1.17,0.0,1.0,1.0,0.0,1.0,0.0,0.0,0.0,1.0,0.0,0.0,1.0,0.0,0.0,0.0,1.0,1.0,0.0,0.0
U6lgI1iNHpA,0.5,0.975,0.61,0.29,0.0,1.265,0.05,0.75,0.615,0.325,0.385,0.615,0.685,1.075,0.0,0.775,0.32,0.86,0.795,1.0,0.0,0.0,0.5,0.0,1.0,0.5,0.0,0.5,0.5,1.0,0.5,0.0,0.5,0.5,0.5,0.5,0.5
U6r8HVMCxx0,0.5,0.975,0.365,0.0,0.76,0.605,0.71,0.725,1.075,0.955,0.745,0.275,0.7050000000000001,0.5449999999999999,1.595,0.26,0.76,1.04,0.09,0.5,0.0,1.0,0.5,0.5,0.5,1.0,0.5,0.5,0.0,1.0,0.5,0.5,1.0,1.0,0.5,0.5,0.5
U8XwxNBrsCA,1.0,0.9083333333333333,1.28,0.09666666666666666,0.27666666666666667,1.89,0.8433333333333334,0.8166666666666665,0.45,0.5766666666666667,0.7600000000000001,0.69,0.4366666666666667,0.44333333333333336,0.3133333333333333,0.39999999999999997,0.5533333333333333,0.5733333333333334,0.10666666666666667,1.0,1.0,0.3333333333333333,0.6666666666666666,0.6666666666666666,0.3333333333333333,0.6666666666666666,0.6666666666666666,0.6666666666666666,0.6666666666666666,1.0,0.3333333333333333,0.3333333333333333,0.6666666666666666,0.6666666666666666,0.6666666666666666,0.0,0.6666666666666666
U998QOM02GY,1.0,0.325,0.0,0.0,0.0,0.0,1.3499999999999999,1.2066666666666668,0.06,0.7266666666666667,0.9899999999999999,0.6866666666666666,0.19999999999999998,0.3466666666666667,0.30333333333333334,0.0,0.7733333333333333,0.37000000000000005,0.5466666666666666,0.0,0.0,1.0,0.0,0.6666666666666666,1.0,0.0,0.6666666666666666,0.6666666666666666,0.6666666666666666,0.3333333333333333,0.3333333333333333,1.0,0.0,0.6666666666666666,0.0,0.3333333333333333,0.6666666666666666
UAC0jPgSaqc,0.0,0.975,1.36,1.55,0.0,2.15,0.0,0.15,0.54,0.02,0.07,0.0,0.96,0.0,0.0,0.49,0.83,1.67,0.0,1.0,1.0,0.0,1.0,0.0,0.0,0.0,0.0,0.0,0.0,1.0,0.0,0.0,1.0,0.0,1.0,0.0,0.0
UB4BgwVJUjs,1.5,0.9375,0.5325,0.5975,0.0,0.8375,0.1525,0.8225,0.4725,0.66,0.1075,0.08,0.665,0.575,0.0,0.0675,0.8675,0.5675,0.0,0.75,0.75,0.5,0.5,0.0,0.5,0.25,0.25,0.25,0.0,0.75,0.25,0.25,0.25,0.75,1.0,0.25,0.5
UBmkJdJj11Q,1.0,0.6583333333333333,1.1766666666666667,0.48,0.11,0.52,0.30333333333333334,0.7200000000000001,0.0,0.42,0.3666666666666667,0.26666666666666666,0.0,0.91,0.0,0.21333333333333335,0.25666666666666665,0.34,0.0,1.0,1.0,0.3333333333333333,0.6666666666666666,0.0,1.0,0.0,0.3333333333333333,0.3333333333333333,0.3333333333333333,0.3333333333333333,0.3333333333333333,0.3333333333333333,0.0,0.3333333333333333,0.3333333333333333,0.6666666666666666,0.3333333333333333
UD65igFlINE,8.5,0.875,0.8855555555555555,0.3138888888888889,0.12777777777777777,1.103888888888889,0.10166666666666667,0.20666666666666667,0.07888888888888888,0.30222222222222217,0.22166666666666668,0.30333333333333334,0.37222222222222223,0.008888888888888889,0.022222222222222223,0.24777777777777776,0.125,0.20166666666666666,0.002777777777777778,1.0,1.0,0.16666666666666666,0.5,0.2222222222222222,0.2222222222222222,0.05555555555555555,0.4444444444444444,0.16666666666666666,0.6111111111111112,0.6666666666666666,0.2222222222222222,0.3333333333333333,0.2777777777777778,0.05555555555555555,0.05555555555555555,0.3888888888888889,0.1111111111111111
UDixEHBz4XU,0.0,0.775,0.0,0.0,0.43,0.0,0.23,0.31,0.34,0.0,0.0,0.99,1.69,0.0,0.31,0.0,0.17,0.0,0.0,1.0,1.0,0.0,0.0,0.0,0.0,0.0,0.0,1.0,1.0,1.0,0.0,1.0,0.0,0.0,0.0,0.0,0.0
ULuet4N8eoU,0.0,0.975,0.0,0.0,0.0,1.36,0.0,1.27,0.0,0.0,0.0,0.28,0.3,0.0,0.0,0.0,0.1,0.96,0.0,0.0,0.0,0.0,0.0,0.0,1.0,0.0,0.0,0.0,0.0,0.0,0.0,0.0,0.0,1.0,1.0,0.0,1.0
UNfq6ITddXI,1.0,0.9416666666666668,2.72,1.1766666666666665,0.5566666666666666,1.3133333333333332,0.2866666666666667,0.22333333333333336,0.0,0.9966666666666666,1.0733333333333335,0.3666666666666667,0.7633333333333333,0.5766666666666667,0.2966666666666667,0.0,0.8566666666666666,0.0,0.42999999999999994,1.0,1.0,0.3333333333333333,0.3333333333333333,0.3333333333333333,0.0,0.3333333333333333,1.0,1.0,0.3333333333333333,1.0,0.3333333333333333,0.3333333333333333,0.0,1.0,0.3333333333333333,0.6666666666666666,0.6666666666666666
UTHUma6LUjA,0.0,0.975,1.22,0.45,0.57,0.0,1.15,0.0,0.0,2.06,2.28,2.59,0.0,0.0,1.21,0.0,1.53,0.0,0.0,1.0,1.0,0.0,1.0,1.0,1.0,0.0,1.0,1.0,1.0,0.0,0.0,1.0,0.0,1.0,1.0,0.0,0.0
UTLSHq-4w74,3.0,0.6321428571428571,0.6828571428571429,0.1357142857142857,1.162857142857143,1.5171428571428571,0.1757142857142857,0.20428571428571426,0.7942857142857144,0.6285714285714287,0.32142857142857145,0.26857142857142857,0.7700000000000001,0.5342857142857143,0.1357142857142857,0.0,0.7642857142857142,0.24857142857142858,0.1142857142857143,0.8571428571428571,0.7142857142857143,0.8571428571428571,0.8571428571428571,0.0,0.14285714285714285,0.5714285714285714,0.42857142857142855,0.42857142857142855,0.2857142857142857,0.5714285714285714,0.42857142857142855,0.5714285714285714,0.14285714285714285,0.42857142857142855,0.2857142857142857,0.5714285714285714,0.2857142857142857
UXBd8hvKHzA,1.0,0.8583333333333334,1.4933333333333334,0.6733333333333333,0.9933333333333333,0.8633333333333334,0.0,0.15666666666666668,0.0,0.52,0.016666666666666666,1.04,0.7599999999999999,0.48,1.2433333333333334,0.08333333333333333,1.0033333333333334,0.32,0.6133333333333333,1.0,0.6666666666666666,0.3333333333333333,0.0,0.0,0.0,0.0,0.3333333333333333,0.0,0.3333333333333333,1.0,0.3333333333333333,0.6666666666666666,0.0,0.6666666666666666,0.3333333333333333,0.3333333333333333,1.0
UXPqbMZG5ts,0.0,0.025,0.57,0.0,0.0,2.58,1.42,0.77,0.0,0.0,1.0,0.0,2.99,1.12,0.0,1.4,0.0,4.26,0.0,1.0,1.0,0.0,1.0,1.0,0.0,0.0,0.0,1.0,0.0,1.0,0.0,0.0,1.0,0.0,0.0,1.0,0.0
UZbWyU65_80,1.5,0.70625,0.55,0.0,0.3975,0.485,0.8150000000000001,1.5375,0.36250000000000004,1.025,1.245,0.9199999999999999,0.185,0.025,0.455,0.065,1.375,0.515,0.24000000000000002,0.5,0.25,0.25,0.0,0.75,0.5,0.0,0.75,0.75,0.75,0.75,0.0,0.75,0.25,1.0,0.5,0.25,0.25
Ue0mU-AZmpM,0.0,0.975,0.7,0.0,0.91,0.0,0.68,2.66,1.98,1.8,0.45,0.0,1.18,0.0,1.57,0.0,0.61,0.0,0.0,0.0,0.0,0.0,0.0,1.0,1.0,1.0,1.0,0.0,0.0,1.0,0.0,1.0,0.0,0.0,0.0,0.0,0.0
Uge5taACXqo,1.5,0.95,0.3275,0.14,0.0075,0.3,1.27,0.9974999999999999,0.42500000000000004,1.0225,1.4475,0.96,0.2425,0.385,0.9249999999999999,0.5249999999999999,1.1824999999999999,0.17250000000000001,0.505,0.75,0.75,0.25,0.25,0.5,0.75,0.75,0.5,0.5,0.25,0.5,0.25,0.75,0.5,0.5,0.0,0.25,0.25
Uhck2wAnabo,0.0,0.875,0.0,0.09,0.0,0.0,1.4,0.0,0.64,0.92,2.44,2.42,0.0,0.0,1.14,0.44,0.36,0.0,0.0,1.0,1.0,0.0,0.0,1.0,0.0,0.0,1.0,1.0,1.0,1.0,0.0,1.0,1.0,0.0,0.0,0.0,0.0
UhgfEIZQzu4,0.5,0.925,0.8300000000000001,0.035,0.0,0.59,2.27,1.47,0.34,1.6749999999999998,1.845,0.23,1.655,0.15,0.075,0.0,1.75,0.0,0.39,1.0,1.0,0.0,0.0,1.0,1.0,0.0,0.5,0.5,0.0,0.5,0.0,0.0,0.0,0.5,0.5,0.5,0.0
UiK5n3SYb-s,1.5,0.625,0.865,0.065,0.21500000000000002,1.1975,0.81,1.2825,0.225,1.4325,1.04,0.745,0.715,0.505,0.9874999999999999,0.0575,0.9874999999999999,0.0,0.115,0.5,0.75,0.25,0.5,0.5,0.5,0.25,0.75,0.75,0.5,1.0,0.25,0.5,0.25,0.75,0.0,0.0,0.5
UiZns0bGEPA,2.0,0.48500000000000004,0.8140000000000001,0.406,0.29000000000000004,0.716,1.216,0.8539999999999999,0.6599999999999999,1.9740000000000002,0.758,1.198,0.798,0.692,0.624,0.284,1.264,0.5,0.148,1.0,1.0,0.4,0.0,0.8,0.6,0.4,0.8,0.4,0.6,1.0,0.6,0.8,0.6,0.6,0.4,0.2,0.2
UipAKWq8YVM,0.5,0.975,1.87,0.675,0.065,0.565,0.62,0.485,0.0,1.9100000000000001,1.29,0.49,0.465,0.0,0.56,0.0,1.415,0.575,0.08,1.0,1.0,0.0,0.0,0.0,1.0,0.0,1.0,0.5,0.5,1.0,0.0,0.5,0.0,0.5,0.5,0.0,0.0
UkwwzJwcwJE,0.0,0.975,0.73,0.26,0.0,0.0,1.87,1.43,0.0,1.49,2.2,0.22,0.0,0.0,0.0,0.0,2.47,1.05,0.74,1.0,1.0,0.0,0.0,1.0,1.0,0.0,1.0,1.0,1.0,0.0,0.0,0.0,0.0,1.0,1.0,0.0,1.0
Um5Ps_krL7I,0.5,0.85,0.475,0.04,0.53,0.4,0.935,0.875,0.21,2.21,1.9549999999999998,0.0,0.48,0.0,0.0,0.0,1.7650000000000001,0.0,0.485,0.5,0.5,0.5,0.0,0.0,0.0,0.0,1.0,0.5,0.0,0.0,0.0,0.5,0.0,0.5,0.0,0.0,0.0
UrPJdohIMUw,0.5,0.45,1.605,0.27,0.345,0.645,0.58,2.29,0.0,0.45,0.77,0.0,1.9249999999999998,0.63,0.28,0.0,0.0,0.0,0.0,1.0,1.0,1.0,0.0,0.5,1.0,0.0,0.0,0.5,0.0,0.5,0.0,0.0,0.0,0.0,0.0,1.0,0.0
UrXeU489jX4,1.0,0.975,0.68,1.0599999999999998,0.06666666666666667,1.24,1.3566666666666667,0.84,0.25,2.3466666666666667,2.0866666666666664,1.6233333333333333,0.023333333333333334,0.043333333333333335,0.33,0.17,2.3033333333333332,0.7999999999999999,0.5366666666666667,0.3333333333333333,0.3333333333333333,0.0,0.3333333333333333,0.6666666666666666,0.3333333333333333,0.3333333333333333,0.6666666666666666,1.0,1.0,0.6666666666666666,0.0,0.0,0.3333333333333333,1.0,0.6666666666666666,0.3333333333333333,0.6666666666666666
UrfMGb46J-s,0.5,0.925,1.725,2.8850000000000002,0.0,2.605,0.0,0.245,0.0,0.0,0.15,0.3,0.24,0.795,0.0,0.26,0.515,0.92,0.0,1.0,1.0,0.5,1.0,0.0,0.0,0.5,0.0,0.0,0.5,0.5,0.5,0.0,0.5,0.5,0.5,0.5,0.0
UtPSGNu07dU,2.0,0.9550000000000001,0.292,0.08199999999999999,0.198,0.818,0.68,1.026,0.19,0.702,0.496,0.5980000000000001,0.6060000000000001,0.062,0.172,0.174,0.5720000000000001,0.394,0.16399999999999998,0.8,0.6,0.2,0.0,0.4,0.4,0.2,0.4,0.4,0.6,0.8,0.0,0.4,0.0,0.4,0.2,0.6,0.2
UxRTmlmTlp8,1.5,0.975,0.445,0.0,0.325,0.7575000000000001,1.5474999999999999,1.015,0.5549999999999999,1.0425,2.1550000000000002,0.8925000000000001,0.02,0.0,0.76,0.0,1.7075,0.1625,0.0,0.75,0.75,0.25,0.5,1.0,0.5,0.75,1.0,1.0,1.0,0.5,0.0,0.5,0.0,1.0,0.25,0.0,0.0
Uxfu4ZEy7X0,0.0,0.975,0.43,0.0,0.84,0.27,0.3,1.95,0.52,0.0,0.0,0.0,0.36,0.0,0.0,0.0,0.0,0.66,0.0,0.0,1.0,0.0,1.0,0.0,1.0,1.0,0.0,0.0,0.0,1.0,0.0,0.0,0.0,1.0,1.0,0.0,1.0
Uz80mFnPR1w,4.0,0.8500000000000001,0.5477777777777777,0.21111111111111114,0.32,0.39666666666666667,0.3255555555555556,0.4177777777777778,0.17444444444444446,0.8066666666666666,0.8444444444444444,0.2711111111111111,0.2866666666666667,0.012222222222222223,0.1388888888888889,0.01,0.8066666666666666,0.6422222222222222,0.26666666666666666,0.7777777777777778,0.6666666666666666,0.3333333333333333,0.2222222222222222,0.4444444444444444,0.2222222222222222,0.1111111111111111,0.4444444444444444,0.6666666666666666,0.5555555555555556,0.6666666666666666,0.0,0.1111111111111111,0.2222222222222222,0.7777777777777778,0.6666666666666666,0.0,0.7777777777777778
UzrtzYFkCyI,1.0,0.975,0.09666666666666666,0.24666666666666667,0.0,0.4266666666666667,0.36333333333333334,0.27999999999999997,0.34,1.1300000000000001,0.87,0.5766666666666667,0.15666666666666665,0.24,0.3133333333333333,0.0033333333333333335,0.82,0.53,0.09333333333333334,0.6666666666666666,0.3333333333333333,0.3333333333333333,0.6666666666666666,0.6666666666666666,0.3333333333333333,0.6666666666666666,0.6666666666666666,0.3333333333333333,0.6666666666666666,0.3333333333333333,0.3333333333333333,0.6666666666666666,0.0,0.6666666666666666,1.0,0.3333333333333333,0.3333333333333333
V0gH56RlhPQ,0.0,0.925,0.0,0.0,0.0,1.14,0.0,0.0,0.0,0.78,0.0,0.0,0.49,0.0,0.0,0.0,0.0,1.02,0.0,1.0,1.0,0.0,1.0,0.0,0.0,0.0,0.0,0.0,0.0,1.0,0.0,0.0,0.0,1.0,1.0,0.0,0.0
V3TCTZuCGy4,2.0,0.9550000000000001,0.5820000000000001,0.19,0.17200000000000001,0.542,0.9,1.154,0.5640000000000001,0.986,0.994,0.16999999999999998,0.312,0.0,0.126,0.006,0.514,0.5199999999999999,0.5860000000000001,0.8,0.8,0.4,0.2,0.6,0.4,0.8,0.6,0.6,0.4,0.6,0.0,0.6,0.0,0.4,0.2,0.0,0.6
V3eTskZkj4I,1.0,0.9416666666666668,1.0533333333333335,1.4366666666666665,0.0,1.2166666666666666,0.15,0.0,0.0,0.5766666666666667,0.6866666666666666,0.9266666666666667,0.26,1.0033333333333334,0.12333333333333334,0.03666666666666667,0.18666666666666668,0.3466666666666667,0.05333333333333334,0.6666666666666666,0.6666666666666666,0.0,1.0,0.3333333333333333,0.0,0.0,0.3333333333333333,0.3333333333333333,1.0,0.6666666666666666,1.0,0.6666666666666666,0.3333333333333333,0.0,0.3333333333333333,0.3333333333333333,0.3333333333333333
V3t0eCwBv5U,1.5,0.975,1.1675000000000002,0.27,0.155,0.085,1.1075,0.4425,0.18,1.4275,1.5525,1.27,0.2075,0.185,0.0525,0.0,0.925,0.7424999999999999,0.0,0.75,0.25,0.5,0.75,0.5,0.5,0.5,0.75,0.75,1.0,0.5,0.25,0.0,0.0,0.75,0.75,0.5,0.5
V4TxG7fVYUo,1.0,0.9583333333333334,0.0,0.24333333333333332,0.4533333333333333,0.5299999999999999,0.16333333333333333,0.5966666666666667,0.3466666666666667,0.22666666666666668,0.35333333333333333,0.37333333333333335,0.06333333333333334,0.07666666666666667,0.06999999999999999,0.0,0.8066666666666666,1.0166666666666666,0.0,0.3333333333333333,0.6666666666666666,0.3333333333333333,0.6666666666666666,0.3333333333333333,0.6666666666666666,0.3333333333333333,0.3333333333333333,0.6666666666666666,0.3333333333333333,0.3333333333333333,0.0,0.6666666666666666,0.0,0.6666666666666666,1.0,0.3333333333333333,0.3333333333333333
V4bqpSGnnA0,2.0,0.945,0.758,0.074,0.49800000000000005,0.43200000000000005,0.262,0.286,0.0,0.644,0.614,0.0,0.144,0.16199999999999998,0.22599999999999998,0.08399999999999999,0.258,0.0,0.018,0.8,1.0,0.4,0.6,0.2,0.2,0.0,0.6,0.4,0.0,0.4,0.0,0.4,0.2,0.2,0.4,0.8,0.2
VA36h1gjHg8,0.0,0.925,0.0,0.0,0.0,0.19,1.78,2.04,1.4,0.0,1.34,1.56,0.63,0.0,1.32,0.23,0.0,0.0,0.03,0.0,0.0,1.0,0.0,1.0,1.0,1.0,1.0,1.0,1.0,1.0,0.0,1.0,1.0,0.0,0.0,0.0,1.0
VAmLydvgvlI,1.5,0.7,0.7525,1.2349999999999999,0.025,1.4875,0.0325,0.3675,0.21,0.075,0.1825,0.3775,0.22,0.5775,0.5125,0.07999999999999999,0.22250000000000003,0.0,0.0,0.5,1.0,0.25,0.75,0.25,0.25,0.25,0.25,0.25,0.5,0.5,0.5,0.5,0.0,0.5,0.0,0.5,0.0
VBpyfBGjHJQ,1.0,0.49166666666666664,1.0966666666666667,0.3333333333333333,0.0,0.6233333333333333,0.043333333333333335,0.11,0.12666666666666668,0.37666666666666665,0.71,0.3833333333333333,0.24666666666666667,0.43,0.5533333333333333,0.32666666666666666,0.12666666666666668,0.10333333333333333,0.7766666666666667,0.6666666666666666,0.3333333333333333,0.6666666666666666,0.3333333333333333,0.0,0.3333333333333333,0.0,0.0,0.6666666666666666,0.3333333333333333,0.6666666666666666,0.0,1.0,0.3333333333333333,0.3333333333333333,0.3333333333333333,0.0,1.0
VD5E8E_6jPk,0.0,0.975,0.0,0.07,2.44,3.76,0.0,0.0,0.59,1.5,0.13,0.0,0.17,0.0,0.56,0.0,0.94,3.54,0.0,0.0,1.0,1.0,1.0,0.0,0.0,1.0,1.0,0.0,0.0,1.0,0.0,1.0,0.0,0.0,1.0,0.0,0.0
VDeri66Gw5k,3.0,0.9464285714285714,0.2557142857142857,0.25857142857142856,0.0,0.5314285714285714,0.47428571428571425,0.2857142857142857,0.11428571428571428,0.46714285714285714,1.1600000000000001,0.8442857142857143,0.07428571428571429,0.13142857142857142,0.1285714285714286,0.16285714285714284,1.1,0.4657142857142857,0.19285714285714287,0.42857142857142855,0.42857142857142855,0.14285714285714285,0.7142857142857143,0.5714285714285714,0.14285714285714285,0.42857142857142855,0.5714285714285714,0.5714285714285714,0.8571428571428571,0.2857142857142857,0.2857142857142857,0.5714285714285714,0.14285714285714285,0.7142857142857143,0.7142857142857143,0.14285714285714285,0.7142857142857143
VDk96ErSKjk,0.5,0.975,0.7949999999999999,0.0,0.075,0.21,0.275,0.0,0.01,1.5,1.315,0.785,0.035,0.27,0.19,0.0,1.35,1.225,0.215,0.5,1.0,0.5,0.5,0.5,0.0,0.0,1.0,1.0,0.5,1.0,0.5,1.0,0.0,1.0,0.0,0.0,0.5
VFSAR-D2WCE,0.0,0.975,0.0,0.0,1.87,0.0,3.29,4.94,4.16,3.66,2.39,2.27,0.47,0.05,1.23,0.0,3.41,1.45,1.66,0.0,0.0,1.0,0.0,1.0,1.0,1.0,1.0,1.0,1.0,0.0,0.0,1.0,0.0,1.0,1.0,0.0,1.0
VGoWRsoQyr4,2.0,0.665,0.634,0.344,0.10600000000000001,0.7619999999999999,0.554,0.5700000000000001,0.23199999999999998,1.012,1.162,0.39,0.076,0.266,0.5640000000000001,0.22000000000000003,0.696,0.278,0.25,0.8,0.6,0.4,0.6,0.4,0.8,0.4,0.8,0.8,0.4,0.2,0.2,0.4,0.6,0.4,0.4,0.4,0.2
VGoWRsoQyr4(1),2.0,0.665,0.634,0.344,0.10600000000000001,0.7619999999999999,0.554,0.5700000000000001,0.23199999999999998,1.012,1.162,0.39,0.076,0.266,0.5640000000000001,0.22000000000000003,0.696,0.278,0.25,0.8,0.6,0.4,0.6,0.4,0.8,0.4,0.8,0.8,0.4,0.2,0.2,0.4,0.6,0.4,0.4,0.4,0.2
VI3ikxCDGms,0.5,0.925,1.625,0.55,0.865,0.0,0.98,1.07,0.445,1.255,0.78,1.445,0.285,0.385,0.155,0.025,1.42,0.515,1.405,1.0,0.5,0.5,0.5,0.5,0.5,0.5,0.5,0.5,0.5,0.5,0.5,0.5,0.0,0.5,0.5,0.5,1.0
VKoE3wGc3wI,0.5,0.975,1.4,0.855,1.26,0.85,0.665,1.51,0.37,0.9400000000000001,0.605,0.595,0.33999999999999997,0.115,0.5,0.0,1.62,0.615,0.095,1.0,0.5,0.5,0.5,0.5,0.5,0.5,1.0,0.0,0.5,0.5,0.0,0.5,0.0,1.0,1.0,0.5,0.5
VL3wgrgay3k,0.5,0.975,1.1600000000000001,0.94,0.0,0.8150000000000001,0.33,0.07,0.555,0.75,0.815,0.455,0.18000000000000002,0.0,0.475,0.0,0.55,0.24,1.085,1.0,1.0,0.5,0.0,0.0,0.5,0.0,0.5,0.5,0.5,1.0,0.0,0.5,0.0,0.5,0.5,0.5,0.5
VLIVlWc_eII,0.5,0.95,0.915,0.0,0.535,0.44,0.0,0.0,0.275,0.22,0.045,0.0,0.185,0.215,0.0,0.0,0.86,1.47,0.0,1.0,0.5,1.0,0.0,0.0,0.0,0.5,0.5,0.0,0.0,0.5,0.5,0.5,0.0,0.5,1.0,0.5,0.0
VMCjnPNXoM8,0.0,0.975,0.0,0.0,0.24,0.0,0.0,0.58,0.31,1.37,0.15,0.0,0.14,0.0,0.8,0.0,2.06,1.51,0.04,1.0,1.0,1.0,1.0,0.0,0.0,1.0,1.0,0.0,0.0,1.0,0.0,1.0,1.0,1.0,1.0,0.0,1.0
VOSLLD1EPuY,0.5,0.925,0.37,0.0,0.235,0.01,0.565,0.02,0.085,0.785,0.885,0.675,0.15,0.21,0.8899999999999999,0.0,1.055,0.0,0.535,0.5,1.0,0.5,1.0,0.0,1.0,0.0,0.5,0.5,0.5,0.5,0.5,1.0,0.0,0.5,0.0,0.5,0.5
VPrX23ORDaQ,0.5,0.47500000000000003,1.185,0.0,1.28,0.465,0.09,1.36,0.0,0.185,0.0,0.59,0.125,0.835,0.0,0.17,0.615,1.075,0.25,1.0,0.5,1.0,0.5,0.5,1.0,0.0,0.0,0.5,0.5,1.0,0.5,0.0,0.0,0.5,0.5,0.5,0.5
VPzTvF8UdcM,1.0,0.7583333333333333,1.4966666666666668,0.53,0.6433333333333333,0.7433333333333333,1.1833333333333333,0.5633333333333334,0.4066666666666667,0.8166666666666668,1.4933333333333334,1.0833333333333333,0.043333333333333335,0.21666666666666667,0.15333333333333335,0.12666666666666668,1.04,0.5033333333333333,0.19333333333333333,0.6666666666666666,0.3333333333333333,0.3333333333333333,0.6666666666666666,0.6666666666666666,0.6666666666666666,0.3333333333333333,0.3333333333333333,0.6666666666666666,0.6666666666666666,0.0,0.0,0.3333333333333333,0.3333333333333333,0.6666666666666666,0.3333333333333333,0.6666666666666666,0.0
VQDYf9EfMwI,1.0,0.9416666666666668,0.3833333333333333,0.03,0.24,0.37333333333333335,1.16,0.9566666666666667,0.41,1.8533333333333333,1.88,0.31333333333333335,0.0,0.0,0.18999999999999997,0.0,1.7366666666666666,0.6133333333333333,0.2633333333333333,0.6666666666666666,0.3333333333333333,0.6666666666666666,0.0,0.6666666666666666,0.6666666666666666,0.3333333333333333,1.0,1.0,0.6666666666666666,0.0,0.0,0.6666666666666666,0.0,1.0,0.6666666666666666,0.0,1.0
VRswO3n1d40,0.5,0.975,1.605,1.485,0.0,0.25,1.45,1.31,0.315,0.92,2.405,1.355,0.0,0.34,0.5800000000000001,0.0,1.43,0.0,0.045,0.5,0.5,0.0,0.5,1.0,0.5,0.5,1.0,1.0,1.0,0.0,0.5,0.5,0.0,0.5,0.5,0.0,0.0
VS9PU8NW6jg,3.0,0.8035714285714286,0.49714285714285716,0.22142857142857145,0.5585714285714286,1.1728571428571428,0.2842857142857143,0.36,0.15142857142857144,0.7614285714285715,0.59,0.08571428571428572,0.2814285714285714,0.11,0.18142857142857144,0.0,0.7414285714285714,0.3028571428571429,0.0,0.8571428571428571,1.0,0.42857142857142855,0.5714285714285714,0.42857142857142855,0.42857142857142855,0.0,0.5714285714285714,0.42857142857142855,0.2857142857142857,0.42857142857142855,0.14285714285714285,0.42857142857142855,0.0,0.8571428571428571,0.2857142857142857,0.14285714285714285,0.14285714285714285
VUg23n16wuU,1.5,0.25,1.325,0.0,0.8500000000000001,0.1525,0.49,0.305,0.30000000000000004,0.97,0.5475,1.0625,0.5475,1.215,0.2075,0.43,0.245,0.48000000000000004,0.0025,1.0,0.75,0.75,0.25,0.5,0.5,0.0,0.25,0.75,0.5,0.5,0.75,0.5,0.25,0.5,0.5,0.75,0.0
VVJsDz-omC0,8.0,0.5073529411764706,0.8547058823529411,0.24764705882352941,0.3747058823529411,0.9047058823529412,0.19176470588235292,0.25588235294117645,0.5117647058823529,0.8711764705882353,0.41647058823529415,0.6305882352941177,0.6964705882352941,1.0364705882352943,0.39529411764705885,0.19823529411764707,0.2723529411764706,0.6158823529411764,0.1188235294117647,0.6470588235294118,0.8235294117647058,0.29411764705882354,0.47058823529411764,0.17647058823529413,0.29411764705882354,0.29411764705882354,0.47058823529411764,0.29411764705882354,0.5294117647058824,0.6470588235294118,0.47058823529411764,0.5294117647058824,0.23529411764705882,0.35294117647058826,0.35294117647058826,0.6470588235294118,0.17647058823529413
VW1fCBRUBYk,1.5,0.4625,0.5,0.0,0.1475,0.4625,0.23500000000000001,0.5675,0.37,0.425,0.115,0.2975,0.15,0.395,0.8475,0.295,0.0125,0.26,0.0,0.5,0.75,0.5,0.75,0.25,0.25,0.5,0.5,0.25,0.5,0.5,0.5,1.0,0.5,0.0,0.0,0.5,0.25
VX3AgEC1JJ0,1.0,0.8416666666666667,0.73,0.21333333333333335,0.5733333333333334,0.14666666666666667,0.48,0.5866666666666667,0.30333333333333334,0.47,0.84,0.5766666666666667,1.31,0.4633333333333334,0.37666666666666665,0.5733333333333334,0.6266666666666667,0.03333333333333333,0.26333333333333336,0.6666666666666666,1.0,0.3333333333333333,0.3333333333333333,0.3333333333333333,0.6666666666666666,0.0,0.3333333333333333,0.3333333333333333,0.3333333333333333,0.3333333333333333,0.3333333333333333,0.0,0.6666666666666666,0.3333333333333333,0.3333333333333333,0.6666666666666666,0.3333333333333333
VXWFdonv_-Q,0.5,0.975,0.295,0.42,0.0,0.325,1.1,1.315,0.0,0.87,2.52,1.555,0.0,0.235,0.0,0.015,1.43,0.14,0.195,0.5,0.5,0.0,0.5,1.0,0.5,0.5,1.0,1.0,1.0,0.0,0.0,0.5,0.0,0.5,0.0,0.0,0.0
VbOmWcb5_B0,0.0,0.975,1.17,1.22,0.5,0.29,1.37,0.0,0.89,1.72,2.58,0.8,0.0,0.0,0.0,0.3,3.33,0.56,0.0,1.0,1.0,0.0,0.0,1.0,0.0,1.0,1.0,1.0,1.0,0.0,0.0,0.0,0.0,1.0,1.0,0.0,0.0
VccHOpKy06Q,0.0,0.025,2.28,0.72,0.66,0.19,0.87,0.0,0.0,0.0,0.0,0.0,0.69,0.13,0.0,0.01,0.82,0.31,0.0,1.0,1.0,0.0,0.0,0.0,0.0,0.0,0.0,0.0,0.0,0.0,0.0,0.0,1.0,1.0,0.0,1.0,0.0
Ve2u-FIEzgY,3.5,0.9375,0.235,0.0,0.3375,0.10875,1.0462500000000001,1.5575,0.66125,0.55625,1.15,0.47125,0.12125,0.0,0.9625,0.07,0.99375,0.32875,0.045000000000000005,0.5,0.625,0.125,0.25,1.0,0.75,0.75,0.625,1.0,0.875,0.625,0.0,1.0,0.125,0.875,0.375,0.0,0.375
ViKahoBCRcw,1.0,0.6583333333333333,2.1866666666666665,1.1466666666666667,0.37999999999999995,0.3233333333333333,0.36000000000000004,1.0033333333333332,0.07333333333333333,0.0,0.25333333333333335,0.41333333333333333,0.5066666666666667,0.9666666666666667,0.2833333333333333,0.0,1.1933333333333334,0.37666666666666665,0.11333333333333334,1.0,1.0,0.3333333333333333,0.3333333333333333,0.0,0.3333333333333333,0.0,0.0,0.0,0.0,0.6666666666666666,0.3333333333333333,0.3333333333333333,0.0,0.6666666666666666,0.6666666666666666,0.3333333333333333,0.3333333333333333
VlDzJIgBk4w,0.0,0.875,1.73,0.95,1.7,0.64,0.0,0.0,0.0,1.22,0.0,0.57,0.84,0.26,0.27,0.0,0.0,1.08,0.0,1.0,1.0,1.0,1.0,0.0,0.0,0.0,0.0,0.0,0.0,1.0,0.0,1.0,0.0,0.0,1.0,1.0,0.0
Vl_ApxUIAmE,0.0,0.975,0.07,0.0,0.7,0.0,0.53,0.3,0.97,1.08,0.0,0.0,1.56,0.61,0.58,0.0,0.0,0.0,0.29,0.0,0.0,1.0,0.0,1.0,1.0,1.0,1.0,0.0,0.0,1.0,0.0,1.0,0.0,0.0,0.0,1.0,0.0
VmO94k6De_k,0.5,0.975,1.6949999999999998,0.0,0.635,0.97,2.675,3.29,1.56,1.8599999999999999,2.115,0.63,0.335,0.0,0.62,0.0,1.73,0.21,0.0,1.0,0.5,0.5,0.0,1.0,1.0,1.0,1.0,1.0,0.0,0.5,0.0,0.5,0.5,1.0,0.5,0.0,1.0
VoUdWRHkDwA,0.0,0.975,0.02,0.0,0.0,0.55,1.91,2.99,0.9,1.72,1.3,2.58,0.53,0.0,1.85,0.62,2.75,2.24,0.0,0.0,0.0,0.0,0.0,1.0,1.0,1.0,1.0,1.0,1.0,1.0,0.0,1.0,1.0,1.0,1.0,0.0,0.0
VvSHdSdi2vY,8.0,0.8397058823529412,0.22294117647058823,0.1111764705882353,0.19176470588235292,0.23588235294117646,1.724705882352941,1.6247058823529412,0.8870588235294118,1.1223529411764706,1.575294117647059,1.214705882352941,0.34352941176470586,0.18529411764705883,0.30470588235294116,0.13588235294117648,0.973529411764706,0.2194117647058824,0.15470588235294117,0.47058823529411764,0.5294117647058824,0.11764705882352941,0.29411764705882354,0.8823529411764706,0.8823529411764706,0.9411764705882353,0.7647058823529411,0.8235294117647058,0.8235294117647058,0.5294117647058824,0.23529411764705882,0.5294117647058824,0.23529411764705882,0.8235294117647058,0.23529411764705882,0.11764705882352941,0.35294117647058826
VwWCkl-CglI,1.0,0.9249999999999999,0.5366666666666667,0.20333333333333334,1.04,0.48666666666666664,1.1833333333333333,2.0,0.69,1.4100000000000001,1.1566666666666667,1.72,0.39666666666666667,0.6333333333333333,0.43,0.14333333333333334,1.05,0.6766666666666667,0.5833333333333334,1.0,0.3333333333333333,1.0,0.0,0.6666666666666666,0.6666666666666666,0.3333333333333333,1.0,0.3333333333333333,0.6666666666666666,0.6666666666666666,0.3333333333333333,0.3333333333333333,0.3333333333333333,1.0,0.6666666666666666,0.0,0.6666666666666666
Vx0TqLbcVpc,0.5,0.925,0.395,0.0,0.0,0.065,2.155,1.795,0.32999999999999996,2.54,2.36,0.25,0.1,0.17,0.0,0.045,1.97,1.205,0.3,0.5,0.5,0.5,0.0,1.0,1.0,0.0,0.5,0.5,0.0,0.0,0.0,0.5,0.0,0.5,1.0,0.5,1.0
Vy12l-WwqlQ,1.5,0.975,0.35,0.0,0.8375,0.26,0.4025,0.4875,0.625,0.59,0.8674999999999999,0.33,0.3225,0.0,0.2475,0.0,0.9525,0.25,0.7725,0.5,0.5,0.5,0.5,0.5,1.0,0.5,0.75,0.5,0.5,0.5,0.0,0.25,0.0,0.75,0.5,0.25,0.75
W0XKBx8rEHI,2.5,0.9583333333333334,0.8383333333333333,0.135,0.3333333333333333,0.3016666666666667,1.02,0.8483333333333333,0.465,1.2366666666666666,1.3266666666666667,0.6766666666666666,0.08,0.06666666666666667,0.165,0.02,0.995,0.2866666666666667,0.16333333333333333,0.8333333333333334,0.8333333333333334,0.3333333333333333,0.3333333333333333,0.6666666666666666,0.5,0.6666666666666666,0.6666666666666666,0.6666666666666666,0.5,0.6666666666666666,0.0,0.0,0.16666666666666666,0.6666666666666666,0.5,0.16666666666666666,0.5
W2FP5LKON34,0.0,0.825,1.98,0.3,0.6,1.42,1.24,2.68,0.0,0.94,1.11,0.0,1.14,0.52,1.3,0.0,0.0,0.0,0.0,1.0,1.0,1.0,0.0,1.0,1.0,0.0,0.0,0.0,0.0,1.0,0.0,1.0,0.0,0.0,0.0,1.0,0.0
W35rxGezBgQ,0.0,0.775,0.0,0.0,0.19,0.61,0.02,0.0,0.81,0.51,0.52,0.05,0.84,0.98,0.0,0.63,0.39,0.0,0.0,0.0,1.0,1.0,1.0,0.0,0.0,1.0,0.0,0.0,1.0,1.0,1.0,0.0,1.0,0.0,0.0,0.0,0.0
W6KsUlgANow,5.5,0.07291666666666667,0.3441666666666667,0.04916666666666667,0.09416666666666666,0.25166666666666665,0.635,0.7533333333333333,0.2966666666666667,0.49333333333333323,0.645,0.5266666666666667,0.04833333333333334,0.1775,0.6966666666666667,0.2658333333333333,0.3858333333333333,0.4925,0.16083333333333333,0.08333333333333333,0.4166666666666667,0.08333333333333333,0.4166666666666667,0.3333333333333333,0.5833333333333334,0.5833333333333334,0.5,0.5833333333333334,0.5833333333333334,0.5833333333333334,0.25,0.9166666666666666,0.4166666666666667,0.6666666666666666,0.5833333333333334,0.5,0.4166666666666667
W6OXvnrq5fA,0.0,0.975,1.4,0.61,0.0,0.78,0.0,0.25,0.03,0.65,0.0,0.0,0.96,1.03,0.58,0.0,0.0,0.0,0.0,1.0,1.0,0.0,1.0,0.0,0.0,0.0,1.0,0.0,0.0,1.0,1.0,1.0,0.0,0.0,0.0,1.0,0.0
W7D9L49Ez-U,0.5,0.975,1.79,2.28,0.41,2.08,0.54,0.155,0.0,0.835,1.59,0.060000000000000005,0.0,0.0,0.0,0.095,1.85,0.53,0.0,1.0,0.5,0.5,0.5,0.5,0.0,0.0,0.5,0.5,0.5,0.0,0.0,0.0,0.5,1.0,0.5,0.0,0.0
W7I3qmSf9NI,6.5,0.7089285714285715,0.8792857142857143,0.2792857142857143,0.2842857142857143,0.78,0.39785714285714285,0.47000000000000003,0.12285714285714285,0.7685714285714286,0.48714285714285716,0.6985714285714285,0.6364285714285715,0.3314285714285714,0.15714285714285717,0.2057142857142857,0.6050000000000001,0.7428571428571429,0.18214285714285716,0.8571428571428571,1.0,0.5,0.5714285714285714,0.2857142857142857,0.14285714285714285,0.21428571428571427,0.42857142857142855,0.42857142857142855,0.5714285714285714,0.7142857142857143,0.2857142857142857,0.5714285714285714,0.5,0.6428571428571429,0.35714285714285715,0.5,0.21428571428571427
W7Uxblb_Sxg,1.0,0.6583333333333333,0.29,0.0,0.13333333333333333,0.6833333333333332,0.7566666666666667,0.26999999999999996,0.25333333333333335,1.03,0.9366666666666666,0.3133333333333333,0.73,1.0433333333333332,0.29,0.27999999999999997,1.2466666666666666,0.3666666666666667,0.46666666666666673,0.6666666666666666,1.0,0.3333333333333333,0.6666666666666666,0.6666666666666666,0.0,0.0,0.6666666666666666,0.3333333333333333,0.3333333333333333,0.0,0.3333333333333333,0.6666666666666666,0.3333333333333333,0.6666666666666666,0.6666666666666666,0.3333333333333333,0.3333333333333333
W9OyX8n8cRk,0.0,0.875,1.76,0.52,0.0,0.02,1.08,0.0,0.0,0.82,1.77,0.84,0.0,0.0,0.0,0.0,2.27,0.14,0.23,1.0,1.0,0.0,0.0,1.0,0.0,0.0,1.0,1.0,1.0,1.0,0.0,0.0,0.0,1.0,0.0,0.0,0.0
W9a4a1WXAuM,0.0,0.975,0.04,0.0,0.86,0.1,2.7,1.85,1.36,2.98,2.97,1.77,0.0,0.0,0.0,0.0,2.97,0.91,0.0,1.0,0.0,0.0,0.0,1.0,1.0,1.0,1.0,1.0,1.0,0.0,0.0,0.0,0.0,1.0,1.0,0.0,0.0
WCsNRqG0PIM,0.0,0.025,1.23,0.0,0.15,0.0,0.78,0.23,1.24,0.79,1.47,1.15,0.06,0.67,0.0,0.99,0.0,0.54,0.0,1.0,1.0,1.0,0.0,1.0,1.0,1.0,0.0,1.0,1.0,1.0,1.0,0.0,1.0,0.0,0.0,1.0,0.0
WHhcj9jYdL8,0.5,0.975,0.185,0.0,0.215,0.14,0.315,0.21000000000000002,0.7999999999999999,0.295,0.025,1.28,0.9949999999999999,1.075,1.13,0.0,0.0,0.76,0.11,1.0,0.5,0.5,0.5,0.0,0.0,0.5,0.0,0.0,0.5,0.5,0.5,1.0,0.0,0.0,1.0,0.5,0.5
WI-TR7Ljjas,0.5,0.975,1.255,0.6699999999999999,1.665,2.6950000000000003,0.16,0.375,0.0,0.5,0.365,0.44,0.74,0.3,0.89,0.0,0.57,0.235,1.055,1.0,0.5,1.0,0.5,0.0,0.0,0.0,0.5,0.5,0.5,1.0,0.5,1.0,0.0,0.5,0.5,0.0,0.5
WJSH3isKuoA,1.0,0.9416666666666668,1.3566666666666667,1.68,0.21666666666666667,1.6866666666666665,0.02,0.0,0.06,0.10999999999999999,0.023333333333333334,0.0,0.52,0.27999999999999997,0.14333333333333334,0.023333333333333334,1.2933333333333334,0.7400000000000001,0.0,0.6666666666666666,0.6666666666666666,0.3333333333333333,1.0,0.0,0.0,0.0,0.3333333333333333,0.0,0.3333333333333333,0.6666666666666666,0.3333333333333333,0.3333333333333333,0.0,1.0,0.6666666666666666,0.0,0.0
WL89vihzjjk,3.5,0.68125,0.72375,0.30625,0.7875,0.9237500000000001,0.6799999999999999,0.85125,0.3825,0.62,0.7725,0.315,0.4,0.55,0.14250000000000002,0.19624999999999998,0.67625,0.435,0.40875,0.625,0.375,0.375,0.5,0.25,0.25,0.375,0.25,0.375,0.375,0.5,0.25,0.375,0.375,0.5,0.25,0.75,0.5
WPW7Xsq8toA,0.0,0.925,0.0,0.0,3.26,0.0,0.52,2.49,2.07,0.22,0.0,0.0,0.0,0.0,0.0,0.0,1.45,1.62,0.0,1.0,0.0,1.0,0.0,0.0,1.0,1.0,1.0,0.0,0.0,0.0,0.0,0.0,0.0,1.0,1.0,0.0,1.0
WQIFuWt7KzM,0.5,0.925,0.36,0.0,1.3199999999999998,0.205,0.155,0.985,0.075,0.685,0.0,0.6,0.62,0.675,0.04,0.0,0.75,0.0,0.02,0.5,0.0,1.0,0.5,0.0,1.0,0.0,0.5,0.0,0.0,1.0,0.5,0.0,0.0,0.5,1.0,0.5,1.0
WQdhMmfJAoc,0.5,0.925,0.22499999999999998,0.15,0.4,1.93,0.285,0.0,0.495,0.58,0.0,0.0,0.725,0.625,0.0,0.0,0.0,0.8600000000000001,0.04,1.0,0.5,0.5,0.5,0.5,0.5,0.5,0.0,0.0,0.0,1.0,0.0,0.0,0.0,0.0,1.0,1.0,0.0
WRHwXkLghAQ,0.5,0.85,0.445,0.0,1.06,0.03,0.73,2.005,0.53,0.01,0.73,0.555,1.1300000000000001,2.275,2.545,1.085,0.33,0.185,0.825,0.0,0.0,0.0,0.0,0.5,1.0,0.0,0.0,0.5,0.0,1.0,0.5,1.0,1.0,0.5,0.0,1.0,0.5
WS8eYFLtwSY,0.5,0.875,0.0,0.0,0.705,0.455,1.82,0.615,1.0,1.505,1.215,1.975,1.185,0.54,0.08,0.19,0.66,0.465,0.0,0.0,0.0,0.0,0.5,1.0,0.5,0.0,1.0,0.5,1.0,0.5,0.0,0.0,1.0,1.0,0.0,0.0,0.0
WUfRtk1F6ps,0.5,0.975,0.0,0.0,1.135,0.0,1.855,1.805,1.645,0.53,1.22,1.3599999999999999,0.455,0.0,1.1949999999999998,0.55,0.41,0.235,0.175,0.0,0.0,0.5,0.5,1.0,0.5,1.0,1.0,1.0,1.0,1.0,0.0,1.0,1.0,0.5,0.0,0.0,0.5
WWyZKkQecY4,2.0,0.73,0.47400000000000003,0.0,0.19,0.3,1.31,1.006,0.072,0.5820000000000001,1.6,2.054,0.24,0.094,0.7,0.146,0.984,0.096,0.192,0.6,0.6,0.2,0.4,1.0,0.8,0.8,1.0,1.0,1.0,0.4,0.2,0.6,0.4,0.8,0.4,0.2,0.6
WX0t13vt5h4,1.5,0.9625,0.8375,0.1675,0.6975,0.47250000000000003,0.1925,0.5675,0.1125,0.83,0.025,0.225,0.69,1.4125,0.2825,0.17,0.4625,0.3225,0.115,0.75,0.25,0.75,0.75,0.25,0.5,0.0,0.25,0.0,0.0,0.75,0.75,0.0,0.5,0.25,0.75,0.75,0.5
Wb74SmzO0Hg,0.0,0.925,1.79,0.57,0.0,1.22,0.0,0.0,0.0,0.15,0.05,0.0,1.29,0.0,0.0,0.0,0.13,0.0,0.0,1.0,1.0,0.0,1.0,0.0,0.0,1.0,1.0,0.0,0.0,1.0,0.0,0.0,0.0,1.0,0.0,1.0,0.0
Wfjhdicwj60,0.0,0.975,0.0,0.0,2.26,0.0,0.71,1.13,1.01,0.08,0.0,0.41,0.29,0.0,0.0,0.0,0.65,0.31,2.04,0.0,0.0,1.0,0.0,0.0,1.0,1.0,0.0,0.0,0.0,0.0,0.0,0.0,0.0,1.0,0.0,0.0,1.0
WhqgEcnZCFI,0.0,0.025,2.46,0.43,0.63,1.63,1.1,3.0,0.0,0.49,0.88,0.0,1.19,0.19,0.32,0.0,0.0,0.0,0.01,1.0,1.0,1.0,0.0,1.0,1.0,0.0,0.0,0.0,0.0,1.0,0.0,0.0,0.0,0.0,0.0,1.0,0.0
WiwntzOmL8s,1.0,0.3416666666666666,0.8466666666666667,0.15666666666666665,0.84,1.0466666666666666,0.15666666666666665,1.32,0.4266666666666667,0.13999999999999999,0.0,0.13666666666666666,2.0466666666666664,1.7433333333333334,1.6666666666666667,0.26666666666666666,0.0,0.3,0.4766666666666666,0.6666666666666666,1.0,1.0,0.6666666666666666,0.0,0.6666666666666666,0.0,0.0,0.0,0.0,0.6666666666666666,0.6666666666666666,1.0,0.3333333333333333,0.3333333333333333,0.3333333333333333,1.0,0.3333333333333333
WkRpk4bxUIc,0.0,0.975,0.14,0.0,0.48,0.25,2.58,3.05,1.04,1.92,3.14,1.13,0.0,0.0,0.51,0.64,3.15,0.06,0.1,0.0,0.0,0.0,1.0,1.0,0.0,1.0,1.0,1.0,1.0,0.0,0.0,0.0,1.0,1.0,0.0,0.0,0.0
WlMShsAZcvc,1.5,0.7125,0.18,0.0,0.41000000000000003,1.03,0.6225,1.1925,0.7525,0.6225,0.38999999999999996,0.6525,0.6575,0.02,0.745,0.0,1.0499999999999998,0.4525,0.0,0.5,0.5,0.5,0.75,0.25,0.25,0.75,0.25,0.25,0.25,1.0,0.0,0.25,0.0,0.75,0.25,0.25,0.25
WlQiV5soGOs,1.5,0.975,0.9974999999999999,1.335,0.0,1.1625,1.0775000000000001,0.9624999999999999,0.49750000000000005,0.9425,1.42,0.76,0.0925,0.0,0.085,0.0425,1.7425,0.0975,0.065,0.75,0.75,0.0,0.75,0.75,0.5,0.5,0.5,0.75,0.5,0.25,0.0,0.0,0.25,1.0,0.5,0.0,0.25
Wmthd_tHH8E,1.0,0.8916666666666666,0.5833333333333334,0.21666666666666667,0.4733333333333334,0.51,0.0,0.43333333333333335,0.25999999999999995,0.42,0.25666666666666665,0.0,0.09666666666666666,0.0,0.016666666666666666,0.07333333333333333,0.2733333333333333,0.4633333333333334,0.0033333333333333335,0.6666666666666666,0.3333333333333333,1.0,0.3333333333333333,0.0,0.0,0.3333333333333333,0.3333333333333333,0.0,0.0,0.6666666666666666,0.0,0.3333333333333333,0.3333333333333333,0.3333333333333333,0.6666666666666666,0.0,1.0
Wnc6d-DQpNs,0.5,0.975,1.7349999999999999,1.195,0.105,0.96,0.37,0.67,0.56,1.01,0.7,0.425,0.275,0.485,0.0,0.405,1.5150000000000001,0.56,0.37,1.0,1.0,0.5,0.5,0.0,0.0,0.0,0.5,0.0,0.0,1.0,0.5,0.0,0.5,1.0,0.5,0.5,0.5
WnlivU5fYD4,1.0,0.9416666666666668,1.9466666666666665,2.776666666666667,0.0,1.2433333333333334,0.0,0.0,0.22,0.12333333333333334,0.7866666666666666,0.26,0.0,0.27,0.25,0.06999999999999999,0.41,0.4666666666666666,0.04,1.0,1.0,0.3333333333333333,0.6666666666666666,0.0,0.0,0.3333333333333333,0.3333333333333333,0.6666666666666666,0.6666666666666666,0.6666666666666666,0.3333333333333333,0.3333333333333333,0.3333333333333333,0.0,0.3333333333333333,0.0,0.3333333333333333
Wr1PRU25AE0,0.0,0.975,0.17,0.86,0.0,0.16,0.0,0.0,0.0,0.09,0.0,0.21,0.13,1.56,0.0,0.67,0.05,0.58,0.63,0.0,0.0,0.0,0.0,0.0,0.0,0.0,0.0,0.0,0.0,0.0,1.0,0.0,1.0,0.0,0.0,1.0,0.0
Wst4kBA9jnQ,2.5,0.9333333333333332,0.4183333333333334,0.19833333333333333,0.4916666666666667,0.58,0.06666666666666667,0.47833333333333333,0.5583333333333333,0.3383333333333333,0.37333333333333335,0.07833333333333332,0.23666666666666666,0.29,0.62,0.13,0.0,0.08833333333333333,0.05333333333333334,0.5,0.8333333333333334,0.3333333333333333,0.3333333333333333,0.0,0.3333333333333333,0.5,0.3333333333333333,0.5,0.6666666666666666,0.8333333333333334,0.3333333333333333,0.6666666666666666,0.3333333333333333,0.3333333333333333,0.3333333333333333,0.5,0.6666666666666666
Wv7VO6sSQzM,0.0,0.925,1.21,0.0,0.0,1.19,0.0,0.0,0.0,0.0,0.4,0.0,0.26,0.0,0.0,0.0,0.66,0.0,0.0,1.0,0.0,0.0,1.0,0.0,0.0,0.0,0.0,0.0,1.0,1.0,0.0,1.0,0.0,0.0,0.0,0.0,0.0
Wx-K2LXrxxM,1.5,0.7374999999999999,0.1875,0.0,0.8075,0.2225,0.19,0.5225,0.6074999999999999,0.4575,0.1575,0.26,0.5825,0.9824999999999999,0.7475,0.055,0.035,0.20499999999999996,0.16499999999999998,0.25,0.75,0.75,0.25,0.25,0.5,0.5,0.25,0.0,0.75,1.0,0.75,1.0,0.25,0.0,0.25,0.25,0.5
WxudL917gkA,0.5,0.925,0.125,0.0,0.085,1.625,0.37,1.12,0.0,0.23,0.0,0.21,0.71,0.0,0.0,0.0,1.56,1.52,0.235,1.0,1.0,0.5,1.0,0.0,0.5,0.0,0.0,0.0,0.5,1.0,0.0,0.0,0.5,0.5,0.5,0.0,0.5
Wyu0OCB7dn4,2.0,0.37,0.28600000000000003,0.01,0.0,0.5900000000000001,0.68,0.186,0.49399999999999994,0.622,0.572,0.346,0.316,0.8539999999999999,0.182,0.406,0.142,0.13,0.11200000000000002,0.4,0.8,0.2,0.6,0.4,0.0,0.4,0.6,0.6,0.6,0.4,0.6,0.4,0.4,0.0,0.0,0.8,0.2
X3csbe8mZnY,0.0,0.975,0.19,0.0,1.78,0.0,0.2,1.74,0.38,0.28,0.0,0.0,1.03,0.0,2.43,0.0,1.42,0.77,1.51,1.0,0.0,1.0,0.0,1.0,1.0,1.0,1.0,0.0,0.0,1.0,0.0,1.0,0.0,1.0,0.0,1.0,1.0
X6qNGn3QxTU,2.0,0.9550000000000001,1.136,0.054000000000000006,0.08199999999999999,1.2120000000000002,1.292,0.784,0.10200000000000001,1.33,1.44,1.29,0.12,0.346,1.002,0.296,1.202,0.34800000000000003,0.22999999999999998,0.8,0.8,0.4,0.8,0.6,0.2,0.2,0.8,0.8,0.8,0.4,0.2,0.6,0.8,0.8,0.2,0.6,0.2
X7QwsSVQKD4,0.5,0.975,0.45,0.505,0.9550000000000001,0.61,0.605,0.835,0.24,0.795,0.9650000000000001,0.77,0.665,0.11,0.59,0.0,0.875,0.64,1.135,0.5,0.0,1.0,0.0,0.5,0.5,0.5,1.0,0.5,1.0,1.0,0.0,1.0,0.0,0.5,0.0,0.0,1.0
X8n3RZ9pjYo,1.5,0.95,0.6625,0.12,0.19499999999999998,0.3175,0.6425,0.5575,0.2175,1.105,0.8099999999999999,0.5700000000000001,0.6025,0.35,0.5475,0.1025,0.645,0.0025,0.0,0.5,0.75,0.25,0.5,0.75,0.25,0.25,1.0,0.5,1.0,0.75,0.25,0.25,0.25,0.75,0.25,0.5,0.25
XAOsZHe93LQ,0.5,0.975,0.235,0.12,0.0,0.0,0.9650000000000001,0.485,0.0,0.165,1.96,0.0,0.0,0.53,0.0,0.015,1.345,0.0,0.56,0.0,1.0,0.0,0.0,0.5,0.0,0.5,1.0,1.0,0.0,0.0,0.5,0.0,0.5,1.0,0.0,0.0,0.5
XAWlVODAJ5s,3.0,0.6892857142857143,1.1257142857142857,0.47714285714285715,0.4014285714285714,0.9214285714285715,0.65,0.6728571428571428,0.26285714285714284,0.7557142857142857,0.7657142857142858,0.24428571428571427,0.15714285714285717,0.21,0.58,0.20428571428571426,0.9871428571428572,0.25142857142857145,0.31,0.8571428571428571,0.8571428571428571,0.42857142857142855,0.7142857142857143,0.2857142857142857,0.2857142857142857,0.14285714285714285,0.5714285714285714,0.5714285714285714,0.2857142857142857,0.5714285714285714,0.2857142857142857,0.5714285714285714,0.42857142857142855,0.7142857142857143,0.2857142857142857,0.42857142857142855,0.42857142857142855
XBYoFIvcMfo,1.0,0.9083333333333333,1.3,1.8166666666666667,0.24333333333333332,0.6233333333333334,0.16666666666666666,0.3066666666666667,0.0,0.46,0.3766666666666667,0.7966666666666665,0.34,0.36333333333333334,0.18666666666666668,0.0,0.6766666666666667,0.36333333333333334,0.13,1.0,1.0,0.6666666666666666,0.6666666666666666,0.0,0.3333333333333333,0.0,0.3333333333333333,0.3333333333333333,0.6666666666666666,0.3333333333333333,0.3333333333333333,0.6666666666666666,0.3333333333333333,0.3333333333333333,0.0,0.0,0.0
XCDR6eJpc0M,0.5,0.975,1.835,2.31,0.0,3.5,0.595,0.6,0.0,1.065,1.41,1.02,0.05,0.0,0.0,0.0,2.0,0.73,0.04,1.0,0.5,0.0,1.0,0.5,0.5,0.0,0.5,0.5,0.5,0.0,0.0,0.5,0.0,1.0,0.5,0.0,0.0
XCnOh8Vp4fA,0.0,0.975,1.89,0.21,0.0,0.33,0.74,0.0,0.69,1.82,0.91,0.76,1.18,0.0,0.0,0.0,1.99,1.03,0.0,1.0,1.0,0.0,0.0,0.0,0.0,0.0,1.0,0.0,0.0,1.0,0.0,0.0,0.0,1.0,1.0,0.0,0.0
XF3-hRlrfNQ,0.0,0.875,0.45,0.26,0.0,2.64,0.41,0.0,0.69,0.0,0.0,0.0,4.7,0.0,0.0,0.0,0.72,0.0,1.51,0.0,0.0,0.0,1.0,0.0,0.0,0.0,0.0,0.0,0.0,0.0,0.0,0.0,1.0,0.0,0.0,1.0,0.0
XGxXwtHmpK4,2.0,0.76,0.0,0.0,0.344,0.284,0.148,1.276,0.49799999999999994,0.26199999999999996,0.354,0.414,0.23399999999999999,0.21200000000000002,0.446,0.21400000000000002,0.27199999999999996,0.244,0.52,0.4,0.6,0.4,0.2,0.2,0.4,0.6,0.2,0.4,0.6,0.8,0.4,0.4,0.6,1.0,0.2,0.0,1.0
XHgxISMPs5M,0.0,0.975,1.59,1.41,0.0,0.0,0.0,0.35,0.13,1.77,0.0,0.0,0.99,1.28,0.67,0.0,1.07,0.52,1.29,1.0,1.0,0.0,1.0,0.0,1.0,1.0,1.0,0.0,0.0,1.0,1.0,1.0,0.0,1.0,1.0,0.0,1.0
XI0AsIl2bZ0,0.5,0.95,1.17,0.0,0.26,0.27,1.2149999999999999,2.035,0.79,1.4849999999999999,0.945,0.725,0.09,0.0,0.01,0.34,1.105,0.27,0.165,1.0,0.5,0.5,0.5,0.5,1.0,0.5,1.0,0.5,1.0,0.0,0.0,0.0,0.5,0.5,0.5,0.5,0.5
XIMQ5o2to_s,2.0,0.5549999999999999,0.43200000000000005,0.0,0.564,0.43200000000000005,0.5740000000000001,0.922,0.41600000000000004,0.974,0.9400000000000001,0.648,0.136,0.11399999999999999,0.568,0.032,1.26,0.10400000000000001,0.142,0.8,0.6,0.6,0.2,0.4,0.6,0.4,0.8,0.4,0.8,0.2,0.4,0.4,0.2,0.6,0.4,0.2,0.6
XKOs_p60BHs,2.5,0.9583333333333334,0.7766666666666667,0.4116666666666667,0.14333333333333334,1.08,0.0,0.0,0.0,0.28833333333333333,0.14333333333333334,0.40499999999999997,0.005,0.0,0.12666666666666668,0.035,0.9433333333333334,1.3216666666666665,0.0,0.8333333333333334,1.0,0.16666666666666666,0.6666666666666666,0.16666666666666666,0.0,0.0,0.3333333333333333,0.16666666666666666,0.6666666666666666,0.5,0.0,0.16666666666666666,0.0,0.8333333333333334,0.6666666666666666,0.5,0.0
XMPOW5DS71Q,0.0,0.975,0.73,0.62,0.0,0.0,1.26,1.93,0.0,1.22,1.99,0.94,0.0,0.29,0.03,0.26,0.4,0.56,0.54,1.0,1.0,0.0,0.0,1.0,0.0,0.0,1.0,1.0,1.0,0.0,0.0,0.0,0.0,0.0,0.0,0.0,1.0
XMfnDnulMLo,0.0,0.975,0.0,0.0,0.0,0.0,1.47,2.25,0.09,2.61,2.59,0.01,0.0,0.0,0.24,0.0,2.33,0.88,0.0,1.0,1.0,0.0,0.0,1.0,1.0,0.0,1.0,1.0,1.0,1.0,0.0,1.0,0.0,1.0,1.0,0.0,1.0
XONfKXDAtAA,1.0,0.9416666666666668,0.81,0.3066666666666667,0.2066666666666667,0.15666666666666668,1.8366666666666667,0.9233333333333332,0.7666666666666667,1.8833333333333335,2.48,1.5566666666666666,0.08333333333333333,0.08333333333333333,0.4166666666666667,0.3233333333333333,2.21,0.0,0.5800000000000001,0.3333333333333333,0.3333333333333333,0.3333333333333333,0.6666666666666666,0.6666666666666666,1.0,0.3333333333333333,1.0,1.0,1.0,0.3333333333333333,0.0,0.6666666666666666,0.3333333333333333,1.0,0.0,0.0,0.6666666666666666
XOwJsnCILhw,0.0,0.975,0.81,0.53,0.0,0.0,1.2,1.84,0.0,1.08,2.07,0.98,0.0,0.07,0.0,0.12,0.24,0.05,0.52,1.0,1.0,0.0,0.0,1.0,1.0,0.0,1.0,1.0,1.0,0.0,0.0,0.0,0.0,0.0,0.0,0.0,1.0
XUqomp-z5T8,0.0,0.975,1.32,1.17,0.0,1.01,1.48,1.03,0.0,1.8,2.2,1.05,0.0,0.0,0.0,0.0,3.16,0.49,0.0,1.0,1.0,0.0,1.0,1.0,1.0,0.0,1.0,1.0,1.0,1.0,0.0,0.0,0.0,1.0,0.0,0.0,0.0
XdmzMZkk0co,0.0,0.975,1.66,0.2,0.0,2.51,0.48,1.47,0.0,0.0,0.82,0.0,0.0,1.88,0.0,0.55,0.0,0.0,0.02,1.0,1.0,0.0,1.0,0.0,1.0,0.0,1.0,1.0,0.0,0.0,1.0,0.0,0.0,0.0,0.0,1.0,0.0
XfHV3FHwMI8,0.0,0.875,0.43,0.0,0.51,1.4,0.0,0.49,0.24,1.23,0.0,0.0,0.0,0.14,0.81,0.13,0.89,0.0,0.64,0.0,1.0,0.0,1.0,0.0,0.0,0.0,1.0,0.0,0.0,1.0,0.0,0.0,1.0,1.0,0.0,0.0,0.0
XfagDObAdLk,1.0,0.6416666666666667,0.69,0.7266666666666667,0.26666666666666666,0.94,0.8633333333333333,1.0633333333333332,0.48666666666666664,1.5266666666666666,1.22,0.8133333333333334,0.2366666666666667,0.02,0.69,0.013333333333333334,1.2133333333333332,0.7133333333333334,0.03666666666666667,0.6666666666666666,1.0,0.6666666666666666,0.3333333333333333,0.3333333333333333,0.3333333333333333,0.3333333333333333,0.6666666666666666,0.6666666666666666,0.3333333333333333,0.0,0.0,0.3333333333333333,0.3333333333333333,1.0,0.6666666666666666,0.3333333333333333,0.6666666666666666
Xfz_kglF6ZU,0.5,0.925,1.375,0.365,1.45,0.845,1.5750000000000002,1.8499999999999999,0.215,1.8450000000000002,1.57,2.635,0.97,0.315,0.0,0.845,2.445,0.585,0.395,1.0,0.5,1.0,0.0,1.0,1.0,0.5,0.5,1.0,1.0,1.0,0.0,0.0,0.5,1.0,0.5,0.0,0.5
Xg7V4R6oiNg,0.0,0.975,1.97,0.0,0.3,0.0,0.24,0.44,0.0,1.91,0.0,0.0,1.44,0.37,0.24,0.0,1.05,0.0,0.36,1.0,0.0,1.0,0.0,0.0,0.0,0.0,0.0,0.0,0.0,1.0,0.0,0.0,0.0,1.0,0.0,1.0,0.0
XiAeP_bcYvk,0.5,0.925,1.2,0.12,1.085,0.5800000000000001,0.0,0.6950000000000001,0.0,1.215,0.895,0.0,0.325,0.04,0.15000000000000002,0.0,1.5299999999999998,1.255,0.395,1.0,1.0,0.5,0.5,0.0,1.0,0.5,1.0,0.5,0.0,1.0,0.0,1.0,0.0,1.0,1.0,0.0,1.0
Xiy9sQRt6Lw,0.0,0.975,1.15,2.0,0.0,2.11,0.0,0.0,0.0,0.2,0.0,0.04,0.0,0.0,0.0,0.0,0.0,0.59,0.0,1.0,1.0,0.0,1.0,0.0,0.0,0.0,0.0,0.0,0.0,0.0,0.0,0.0,0.0,0.0,0.0,0.0,0.0
XlooH2CLTIk,0.5,0.975,0.48,0.69,0.0,0.84,1.3199999999999998,1.125,0.48,1.26,1.9649999999999999,0.93,0.45,0.535,0.0,0.0,1.9449999999999998,1.225,0.04,0.5,1.0,0.0,0.5,0.5,0.5,0.5,0.5,0.5,0.5,0.5,0.0,0.0,0.0,1.0,1.0,0.0,0.0
XndDPtkXmTs,0.0,0.975,0.1,0.0,0.0,0.0,1.84,0.32,0.2,1.54,1.41,1.4,0.06,0.31,0.0,0.0,0.0,0.0,0.56,1.0,0.0,0.0,0.0,1.0,1.0,0.0,1.0,1.0,0.0,1.0,0.0,0.0,0.0,0.0,0.0,1.0,0.0
XoXF-xXxTIQ,0.0,0.875,1.16,0.0,1.75,0.0,0.55,0.0,0.49,0.0,0.16,1.32,0.0,0.0,0.0,0.0,1.24,1.93,1.48,1.0,1.0,1.0,0.0,0.0,0.0,0.0,0.0,0.0,1.0,0.0,0.0,0.0,0.0,0.0,1.0,0.0,1.0
XpgFSSrUoro,1.5,0.69375,0.6475,0.07,0.3725,0.5625,0.32,0.59,0.3675,0.38,0.245,0.0,0.435,0.47,0.395,0.11,0.5,0.3775,0.0,0.75,1.0,0.25,0.75,0.25,0.5,0.0,0.25,0.0,0.0,0.5,0.5,0.25,0.25,0.25,0.25,0.5,0.0
XqQ6QqWzQ7U,0.5,0.5,1.2349999999999999,0.475,0.0,0.515,0.23,0.0,0.29,1.105,0.26,0.965,0.555,1.04,0.0,0.355,0.15,1.08,0.0,0.5,1.0,0.0,0.5,0.0,0.0,0.0,0.0,0.0,0.5,1.0,0.5,1.0,0.5,0.0,0.0,0.5,0.0
XuAR0zlllaM,0.5,0.95,1.78,2.065,0.0,2.545,0.95,0.5,0.04,0.655,1.225,1.01,0.0,0.0,0.0,0.145,1.99,0.78,0.105,1.0,0.5,0.0,1.0,0.5,0.5,0.5,0.5,0.5,0.5,1.0,0.0,0.5,0.0,1.0,1.0,0.5,0.0
XvUxJAtnxwQ,0.0,0.975,0.93,0.0,0.0,0.0,2.96,4.29,1.12,1.71,2.7,0.72,0.03,0.0,0.82,0.32,2.24,0.72,0.64,1.0,0.0,0.0,0.0,1.0,1.0,1.0,1.0,1.0,0.0,0.0,0.0,0.0,0.0,1.0,0.0,0.0,1.0
Y11ih1OEszY,0.0,0.975,0.0,0.0,0.0,2.74,0.0,0.0,0.0,0.0,0.0,0.0,0.59,0.0,0.3,0.0,0.0,1.14,0.0,0.0,1.0,0.0,1.0,0.0,0.0,0.0,0.0,0.0,0.0,1.0,0.0,1.0,0.0,1.0,1.0,0.0,0.0
Y1zJSJiK2Mk,0.5,0.975,1.09,1.125,0.38,0.745,1.625,1.09,0.18,2.07,2.205,0.49,0.16,0.35,0.0,0.085,2.105,0.6950000000000001,1.45,0.5,0.0,0.5,0.5,0.5,0.5,0.0,0.5,0.5,0.0,0.5,0.5,0.0,0.0,0.5,1.0,0.0,0.5
Y2VvAiXtP_Y,0.0,0.975,0.68,0.76,0.0,0.0,1.21,2.12,0.0,1.12,1.97,1.02,0.0,0.29,0.18,0.11,0.38,0.0,0.7,1.0,1.0,0.0,0.0,1.0,1.0,0.0,1.0,1.0,1.0,0.0,0.0,0.0,0.0,0.0,0.0,0.0,1.0
Y3GdJZiemDk,2.0,0.175,0.7300000000000001,0.0,0.128,0.43600000000000005,0.542,0.826,0.22799999999999998,0.20800000000000002,1.082,0.682,0.09,0.0,0.648,0.12,0.558,0.536,0.018,0.2,0.6,0.2,1.0,0.4,0.6,0.6,0.4,0.6,0.4,0.2,0.0,0.8,0.4,1.0,0.4,0.4,0.2
Y3XKpz8C_bM,0.5,0.975,0.43,0.0,1.25,0.0,1.3199999999999998,2.675,1.07,1.0150000000000001,1.045,0.955,0.215,0.0,0.8599999999999999,0.005,1.295,0.7350000000000001,0.295,1.0,0.0,0.5,0.0,1.0,1.0,0.5,1.0,1.0,1.0,1.0,0.0,0.0,0.5,0.5,0.5,0.0,0.5
Y8-4rbZnrIk,3.5,0.80625,0.7275,0.35125,0.19124999999999998,1.41,0.5625,1.43,0.25625,0.55375,0.36,0.55375,0.40125,0.18,0.8412499999999999,0.03625,0.805,0.2875,0.10250000000000001,1.0,0.875,0.125,0.75,0.625,0.5,0.375,0.5,0.5,0.375,0.75,0.125,0.625,0.25,0.875,0.25,0.375,0.125
YCFNwp8TH90,0.0,0.975,0.65,0.0,0.0,0.0,1.08,0.38,0.0,0.6,1.05,0.35,0.0,0.0,0.0,0.0,0.0,0.15,0.0,1.0,1.0,0.0,0.0,1.0,0.0,0.0,1.0,1.0,1.0,1.0,0.0,0.0,0.0,0.0,0.0,0.0,0.0
YE6BquBXgmo,0.5,0.925,1.665,0.09,0.09,0.105,2.385,2.0999999999999996,0.52,1.565,1.475,1.6749999999999998,0.485,0.26,0.115,0.955,1.5650000000000002,0.0,0.875,0.5,0.5,0.0,0.0,1.0,1.0,0.5,1.0,1.0,1.0,0.5,0.0,0.5,0.5,0.5,0.0,0.5,1.0
YFOx5_ozQH8,0.5,0.975,0.35,0.44,0.395,0.0,0.7999999999999999,1.35,0.43,0.6849999999999999,0.7449999999999999,0.72,0.395,0.0,1.605,0.0,0.89,2.43,0.68,0.5,0.5,0.5,0.0,0.5,0.5,0.5,0.5,0.5,1.0,1.0,0.0,1.0,0.0,1.0,0.5,0.0,0.5
YJn6kJcDDTA,0.5,0.95,0.425,0.0,1.045,0.01,0.61,1.3900000000000001,0.855,0.82,0.75,0.815,0.065,0.0,0.16,0.0,1.55,1.8599999999999999,0.005,0.5,0.0,0.5,0.5,0.5,0.5,0.5,0.5,0.5,0.5,1.0,0.0,0.5,0.0,1.0,1.0,0.0,0.0
YJpqmd1FM_8,1.5,0.975,1.445,0.105,0.7525,0.4775,1.245,1.55,0.3725,1.1025,0.77,0.5525,2.065,0.34,0.7025,0.0225,1.8775,0.515,0.3,0.75,0.75,0.25,0.0,0.5,0.75,0.25,0.25,0.25,0.25,0.25,0.0,0.25,0.25,0.5,0.5,0.5,0.25
YK8hGMfNgzE,2.5,0.9416666666666668,0.7066666666666667,0.42166666666666663,0.02,0.4316666666666667,0.4266666666666667,0.465,0.25333333333333335,0.5983333333333333,0.4883333333333333,0.61,0.2383333333333333,0.32666666666666666,0.45333333333333337,0.265,0.16166666666666665,0.3016666666666667,0.0,0.6666666666666666,0.8333333333333334,0.0,0.3333333333333333,0.5,0.6666666666666666,0.3333333333333333,0.5,0.5,0.8333333333333334,0.8333333333333334,0.3333333333333333,0.5,0.6666666666666666,0.16666666666666666,0.3333333333333333,0.16666666666666666,0.3333333333333333
YLPogsvk7ew,0.0,0.975,0.87,0.0,0.79,0.0,0.16,0.0,0.1,0.92,0.18,0.83,0.32,0.33,0.0,0.0,0.0,0.0,0.5,1.0,1.0,1.0,0.0,0.0,0.0,0.0,0.0,0.0,1.0,1.0,1.0,0.0,0.0,0.0,0.0,0.0,0.0
YMblJMX0G40,1.5,0.6375,0.85,0.2925,0.185,0.8075,0.1725,0.25,0.12,0.83,0.5800000000000001,0.4275,0.255,0.0,0.3125,0.0,0.32,0.3125,0.0,1.0,1.0,0.25,0.5,0.25,0.5,0.25,0.75,0.25,0.25,0.75,0.0,0.25,0.0,0.75,0.25,0.25,0.0
YNjvhHBsX9M,0.0,0.975,0.19,0.0,0.0,0.0,1.52,0.43,1.16,2.26,1.76,0.0,1.31,0.29,0.83,0.0,2.04,0.0,0.0,0.0,1.0,0.0,0.0,1.0,0.0,1.0,1.0,1.0,0.0,1.0,0.0,0.0,0.0,1.0,0.0,0.0,0.0
YO49D7SH130,0.5,0.9,0.765,0.565,1.395,0.8,0.0,0.285,0.145,0.08,0.0,0.13,1.135,0.1,0.23,0.0,0.435,0.36,0.0,1.0,1.0,0.5,0.5,0.5,0.0,0.5,0.5,0.0,0.5,1.0,0.0,0.5,0.0,1.0,0.0,0.0,0.0
YQ5Jv4x_Hp0,2.5,0.9249999999999999,0.5716666666666667,0.36000000000000004,0.7316666666666666,0.125,0.355,1.0066666666666666,0.23500000000000001,0.6916666666666668,0.8583333333333334,0.165,0.15333333333333332,0.024999999999999998,0.19666666666666668,0.018333333333333333,1.0066666666666666,0.4766666666666666,0.0016666666666666668,0.8333333333333334,0.8333333333333334,0.5,0.6666666666666666,0.8333333333333334,1.0,0.16666666666666666,0.6666666666666666,0.8333333333333334,0.5,0.5,0.16666666666666666,0.3333333333333333,0.0,0.6666666666666666,0.6666666666666666,0.0,0.5
YQGnYrAuHi8,0.5,0.975,1.335,0.58,0.64,0.38,2.1950000000000003,2.425,0.03,2.485,2.68,1.08,0.0,0.0,0.0,0.09,2.0700000000000003,0.0,0.28,1.0,0.5,0.5,0.0,1.0,1.0,0.0,1.0,1.0,0.5,0.0,0.0,0.0,0.0,1.0,0.0,0.0,0.5
YR0ftQ2eIis,0.0,0.375,2.48,2.92,0.93,2.17,0.0,0.0,0.0,0.64,0.49,0.0,0.0,0.0,0.0,0.0,0.21,1.3,0.76,1.0,1.0,0.0,0.0,0.0,0.0,0.0,0.0,0.0,0.0,0.0,0.0,0.0,0.0,0.0,0.0,0.0,0.0
YSVXbP18z0Y,0.0,0.975,3.35,4.67,0.0,2.48,0.04,1.67,0.0,0.0,1.4,0.55,0.01,0.0,0.11,0.0,2.58,1.91,0.01,1.0,1.0,0.0,1.0,0.0,0.0,0.0,0.0,1.0,0.0,1.0,0.0,0.0,0.0,1.0,1.0,0.0,0.0
YSVXbP18z0Y(1),0.0,0.975,3.35,4.67,0.0,2.48,0.04,1.67,0.0,0.0,1.4,0.55,0.01,0.0,0.11,0.0,2.58,1.91,0.01,1.0,1.0,0.0,1.0,0.0,0.0,0.0,0.0,1.0,0.0,1.0,0.0,0.0,0.0,1.0,1.0,0.0,0.0
YUxJ-pihbXc,0.0,0.975,3.19,1.93,0.38,2.81,1.45,0.98,0.0,2.02,1.72,0.74,0.88,0.0,1.8,0.0,4.54,0.35,0.0,1.0,1.0,0.0,1.0,1.0,0.0,0.0,1.0,1.0,0.0,1.0,0.0,1.0,0.0,1.0,1.0,0.0,0.0
YVEXxOhYjrA,0.5,0.975,0.895,0.655,0.0,0.855,0.44,1.03,0.0,0.585,1.285,0.325,0.19,0.09,0.15,0.0,1.405,0.5800000000000001,0.16,1.0,1.0,0.0,0.5,0.5,0.5,0.0,0.5,0.5,1.0,0.0,0.0,0.5,0.0,0.5,0.0,0.0,0.0
YY0-yK2SRi4,0.0,0.975,0.0,0.0,0.31,0.0,2.32,2.64,0.79,1.27,2.33,1.81,0.18,0.62,0.68,1.06,0.55,0.44,0.0,0.0,0.0,0.0,0.0,1.0,1.0,1.0,1.0,1.0,1.0,1.0,1.0,0.0,1.0,0.0,0.0,0.0,0.0
Y_iMpzLuUUQ,0.0,0.975,0.71,2.73,0.27,3.51,0.0,0.0,0.44,0.0,0.35,0.0,0.37,0.0,0.0,0.0,3.86,2.33,0.0,1.0,1.0,0.0,1.0,0.0,0.0,0.0,0.0,0.0,0.0,1.0,0.0,0.0,0.0,1.0,1.0,0.0,0.0
YafWN3flXTU,2.5,0.8666666666666667,1.0133333333333334,0.05666666666666667,0.9483333333333333,0.33166666666666667,0.7683333333333334,1.0866666666666667,0.35833333333333334,0.9983333333333334,0.9750000000000001,0.9433333333333334,0.7833333333333333,0.45166666666666666,0.47333333333333333,0.11833333333333333,0.9433333333333334,0.615,0.8116666666666666,0.8333333333333334,0.3333333333333333,0.6666666666666666,0.16666666666666666,0.6666666666666666,0.6666666666666666,0.3333333333333333,0.5,0.6666666666666666,0.8333333333333334,1.0,0.3333333333333333,0.5,0.16666666666666666,0.8333333333333334,0.6666666666666666,0.16666666666666666,0.6666666666666666
YdUNrsq6eTE,0.0,0.025,2.41,0.57,0.69,0.99,0.46,2.61,0.0,0.19,0.46,0.0,0.59,0.07,0.0,0.0,0.0,0.0,0.0,1.0,1.0,1.0,0.0,1.0,1.0,0.0,0.0,0.0,0.0,1.0,0.0,0.0,0.0,0.0,0.0,1.0,0.0
Yfu02WSFtR0,1.5,0.44375,0.9824999999999999,0.725,1.1675,1.62,0.495,0.835,0.27,0.8999999999999999,0.5975,0.2875,0.5125,0.5825,0.4225,0.0,1.195,0.6749999999999999,0.07,0.5,0.5,0.75,0.75,0.5,0.5,0.25,0.25,0.25,0.5,0.5,0.25,0.0,0.0,0.5,0.5,0.5,0.25
YhL6ZF2luIc,0.0,0.975,0.0,0.92,0.0,1.32,0.56,0.0,0.54,0.0,0.07,0.0,2.82,1.68,0.0,1.71,0.0,0.0,0.39,0.0,1.0,0.0,0.0,0.0,0.0,0.0,0.0,0.0,0.0,1.0,1.0,0.0,1.0,0.0,0.0,1.0,0.0
YhVy0eZdUb8,0.5,0.5,0.425,0.27,0.0,1.38,1.395,1.995,0.11,0.825,1.175,0.0,1.6,1.045,0.28,0.44999999999999996,0.85,0.485,0.39,1.0,1.0,0.5,0.5,1.0,1.0,0.0,0.5,0.5,0.5,1.0,0.5,0.5,1.0,1.0,1.0,0.5,0.0
Yk-C5nmpVIQ,0.5,0.925,0.825,0.82,0.0,0.0,1.2650000000000001,2.03,0.325,1.73,1.8900000000000001,0.69,0.35,0.705,0.6950000000000001,0.245,1.58,0.53,0.165,0.5,0.5,0.0,0.5,0.5,1.0,0.0,1.0,1.0,0.5,0.5,0.5,0.0,0.0,1.0,0.5,0.5,1.0
YkPiTga-xNI,0.0,0.975,0.0,0.0,0.0,0.75,3.38,2.77,0.19,1.71,3.66,1.92,0.0,0.0,0.04,0.0,2.79,0.0,0.38,0.0,1.0,0.0,1.0,1.0,1.0,0.0,1.0,1.0,1.0,0.0,0.0,0.0,0.0,1.0,0.0,0.0,0.0
YwLkZXeGCDI,2.0,0.725,0.27999999999999997,0.23399999999999999,0.7060000000000001,0.764,0.5660000000000001,0.364,0.42000000000000004,0.32999999999999996,0.21200000000000002,0.652,1.238,0.4,0.48200000000000004,0.458,0.392,0.9359999999999999,0.138,0.4,0.8,0.6,0.6,0.4,0.2,0.2,0.4,0.2,0.4,0.2,0.4,0.2,0.4,0.6,0.0,0.8,0.0
Z-N_NyiQhbY,0.0,0.875,0.41,0.0,1.46,0.0,1.56,0.0,0.41,2.95,2.27,3.01,0.59,0.25,0.0,0.0,2.1,0.4,0.0,0.0,1.0,1.0,0.0,1.0,0.0,1.0,1.0,1.0,1.0,1.0,0.0,0.0,0.0,1.0,1.0,0.0,1.0
Z2h_Jj0ahGc,0.5,0.875,0.79,0.0,0.4,0.415,1.245,1.3,0.045,0.6,1.28,0.0,0.55,0.07,0.5900000000000001,0.0,0.17,0.06,0.46,1.0,1.0,0.0,0.0,0.5,1.0,0.0,0.5,0.5,0.5,0.5,0.0,0.5,0.0,0.0,0.5,0.0,0.0
Z5EEYQ-lepE,1.5,0.9125,2.1725,1.75,0.84,2.7,0.0,0.0,0.0,0.365,0.22500000000000003,0.1725,1.29,1.18,0.0,0.01,0.05,0.14750000000000002,0.0,0.75,0.75,0.25,0.75,0.0,0.0,0.0,0.0,0.25,0.25,1.0,0.75,0.0,0.0,0.0,0.25,0.5,0.0
Z5koqfgUcls,0.0,0.975,0.0,0.0,0.0,0.0,1.87,1.15,1.08,1.92,1.71,0.44,0.07,0.0,0.68,0.0,2.25,0.0,0.0,1.0,1.0,0.0,0.0,1.0,1.0,1.0,1.0,1.0,0.0,1.0,0.0,1.0,0.0,1.0,1.0,0.0,0.0
Z7RIYLXahfE,0.0,0.975,0.0,0.0,0.23,0.0,0.43,0.0,0.0,0.95,1.87,0.55,0.0,0.0,0.0,0.0,3.47,0.68,3.46,0.0,0.0,0.0,0.0,1.0,0.0,0.0,1.0,1.0,1.0,0.0,0.0,0.0,0.0,1.0,1.0,0.0,1.0
Z8g0zOt_c9g,0.0,0.975,2.01,1.0,0.24,1.9,0.15,0.0,0.0,0.33,1.28,0.66,0.38,1.26,2.2,0.37,0.0,0.0,0.0,1.0,1.0,0.0,1.0,0.0,0.0,0.0,1.0,1.0,1.0,1.0,1.0,1.0,0.0,0.0,0.0,1.0,0.0
Z9M_EQ3hszQ,0.5,0.975,0.615,0.78,0.45999999999999996,1.355,0.77,1.21,0.355,1.14,1.455,1.745,0.335,0.255,0.03,0.095,0.34,0.0,0.295,1.0,0.5,0.5,0.5,0.5,1.0,0.0,0.5,1.0,1.0,0.5,0.0,0.0,0.0,0.0,0.0,1.0,0.5
ZB1JAWYtIbg,0.0,0.975,0.74,0.0,0.14,0.25,2.63,3.94,2.55,2.25,2.03,1.9,0.0,0.0,0.0,0.0,5.0,0.0,0.0,1.0,0.0,0.0,0.0,1.0,1.0,1.0,1.0,1.0,1.0,0.0,0.0,0.0,0.0,1.0,1.0,0.0,0.0
ZCUtAYlt-eA,4.0,0.46388888888888885,0.9755555555555555,0.23555555555555557,0.7333333333333333,1.0766666666666667,0.21333333333333332,0.55,0.14555555555555555,0.6322222222222222,0.43111111111111117,0.39555555555555555,0.45222222222222225,0.61,0.11555555555555556,0.0,0.4077777777777778,0.8655555555555555,0.1211111111111111,0.7777777777777778,0.7777777777777778,0.5555555555555556,0.4444444444444444,0.1111111111111111,0.1111111111111111,0.1111111111111111,0.4444444444444444,0.1111111111111111,0.2222222222222222,0.2222222222222222,0.3333333333333333,0.6666666666666666,0.0,0.2222222222222222,0.4444444444444444,0.5555555555555556,0.1111111111111111
ZDNvw9fsmMg,2.5,0.7666666666666666,1.385,0.9883333333333333,0.11499999999999999,1.0066666666666666,2.0483333333333333,1.9383333333333332,0.24833333333333338,2.0466666666666664,1.9400000000000002,0.9066666666666666,0.9966666666666667,0.049999999999999996,0.38499999999999995,0.835,2.5033333333333334,1.4283333333333335,0.03333333333333333,1.0,1.0,0.16666666666666666,0.3333333333333333,0.8333333333333334,0.6666666666666666,0.16666666666666666,0.8333333333333334,0.8333333333333334,0.6666666666666666,0.3333333333333333,0.0,0.3333333333333333,0.3333333333333333,1.0,0.6666666666666666,0.5,0.16666666666666666
ZDQP4SRfrpg,0.0,0.975,1.5,1.99,0.0,0.29,1.43,0.8,0.0,1.66,3.18,1.4,0.07,0.0,0.0,0.0,2.6,0.95,0.0,1.0,1.0,0.0,1.0,1.0,1.0,0.0,1.0,1.0,1.0,1.0,0.0,0.0,0.0,1.0,1.0,0.0,0.0
ZEVLabGmE9w,0.5,0.975,0.0,0.0,0.0,0.0,1.76,1.76,0.9,1.295,2.1900000000000004,1.2149999999999999,0.0,0.06,0.09,0.17,1.46,0.46,0.37,0.0,0.0,0.0,0.0,1.0,1.0,1.0,1.0,1.0,1.0,0.0,0.0,0.5,0.5,1.0,0.5,0.0,0.5
ZFpnR0xpdRI,0.0,0.875,0.58,1.36,0.0,1.49,0.0,0.64,0.17,1.01,0.19,0.0,0.06,0.0,0.0,0.0,0.0,0.0,0.0,1.0,1.0,0.0,1.0,0.0,0.0,0.0,1.0,0.0,0.0,0.0,0.0,0.0,0.0,0.0,0.0,0.0,1.0
ZHxnWGnmTEk,4.0,0.6055555555555556,0.4955555555555555,0.7100000000000001,0.0,1.261111111111111,1.1255555555555556,1.0666666666666667,0.3111111111111111,0.9288888888888889,0.8977777777777778,0.7355555555555555,0.44222222222222224,0.0,0.7822222222222223,0.006666666666666666,1.1577777777777778,0.18888888888888888,0.005555555555555556,0.6666666666666666,0.8888888888888888,0.0,0.5555555555555556,0.7777777777777778,0.5555555555555556,0.2222222222222222,1.0,0.8888888888888888,0.4444444444444444,0.7777777777777778,0.0,0.6666666666666666,0.0,0.8888888888888888,0.3333333333333333,0.0,0.2222222222222222
ZIrqsRSprnY,0.5,0.925,0.23,0.0,0.76,1.02,1.655,1.44,0.49,2.31,1.675,1.545,0.64,0.0,0.49,0.215,1.545,0.48,0.235,1.0,0.5,0.5,0.5,1.0,0.5,0.5,1.0,1.0,0.5,1.0,0.0,0.0,0.5,1.0,0.0,0.5,0.5
ZKC2DpeBaOw,0.0,0.975,0.0,0.25,0.92,0.0,0.0,0.69,0.36,0.0,0.02,0.0,0.28,0.0,0.72,0.0,0.67,0.0,0.34,1.0,1.0,1.0,0.0,0.0,0.0,1.0,1.0,0.0,0.0,1.0,0.0,1.0,0.0,1.0,1.0,0.0,1.0
ZKv35nYm5aw,0.0,0.025,0.0,0.0,0.0,1.47,0.0,0.0,0.98,0.41,0.39,0.0,0.0,1.6,1.03,0.65,0.0,0.0,0.0,1.0,1.0,1.0,0.0,0.0,1.0,1.0,1.0,1.0,0.0,0.0,1.0,1.0,1.0,0.0,0.0,1.0,0.0
ZLZYGufLzE4,0.0,0.975,3.09,1.27,0.0,0.0,0.45,0.0,0.0,0.71,0.52,0.93,0.14,0.39,0.38,0.13,0.0,0.0,0.0,1.0,1.0,0.0,0.0,0.0,0.0,0.0,1.0,0.0,1.0,1.0,1.0,1.0,1.0,0.0,0.0,1.0,0.0
ZLfzADdFjMQ,0.0,0.975,0.64,0.0,0.0,0.26,0.0,0.38,0.0,1.05,0.99,1.27,0.82,0.19,1.29,0.0,1.24,1.19,0.69,1.0,1.0,0.0,1.0,0.0,0.0,1.0,1.0,1.0,1.0,1.0,0.0,1.0,1.0,1.0,0.0,0.0,1.0
ZMHdMN0B3QI,0.5,0.5,0.9450000000000001,0.57,0.635,0.5349999999999999,0.76,0.885,0.43,1.375,0.715,0.995,0.29,0.535,0.0,0.055,0.0,0.74,0.085,0.5,1.0,1.0,0.0,0.0,0.5,1.0,1.0,0.0,1.0,0.5,1.0,0.0,0.0,0.0,0.5,1.0,0.5
ZMHvYD5TXb4,3.0,0.9178571428571428,0.8857142857142858,0.3885714285714285,0.03571428571428571,0.8228571428571428,0.8457142857142858,0.45428571428571424,0.1442857142857143,0.7142857142857143,0.7342857142857142,0.37285714285714283,0.49142857142857144,0.0,0.20428571428571426,0.4828571428571428,0.5599999999999999,0.20428571428571432,0.0,0.7142857142857143,0.5714285714285714,0.0,0.8571428571428571,0.5714285714285714,0.42857142857142855,0.2857142857142857,0.5714285714285714,0.2857142857142857,0.42857142857142855,0.7142857142857143,0.0,0.5714285714285714,0.7142857142857143,0.42857142857142855,0.14285714285714285,0.5714285714285714,0.0
ZPZD8BZjXX4,0.0,0.975,0.98,0.74,0.0,0.0,1.24,1.92,0.0,1.06,1.95,1.03,0.0,0.07,0.0,0.18,0.32,0.0,0.59,1.0,1.0,0.0,0.0,1.0,1.0,0.0,1.0,1.0,1.0,0.0,0.0,0.0,0.0,0.0,0.0,0.0,1.0
ZPgfFMFylaY,0.5,0.4875,0.965,1.29,0.75,0.8400000000000001,0.0,0.285,0.0,0.78,1.165,1.225,0.48,0.095,0.0,0.18,0.9349999999999999,1.365,0.38,1.0,1.0,1.0,0.5,0.0,0.0,0.0,0.5,0.5,1.0,0.5,0.0,0.0,0.0,1.0,0.5,0.0,0.0
ZTiFnGBMgKU,1.5,0.6375,0.575,0.2525,0.835,0.3375,0.44,0.9675,0.3375,0.795,0.455,1.8299999999999998,0.895,0.035,0.605,0.405,0.8875,0.74,0.47000000000000003,1.0,0.5,0.75,0.0,0.5,0.5,0.25,0.25,0.25,0.5,0.75,0.25,0.5,0.25,0.75,0.25,0.25,0.25
ZUWFIXxkWhs,0.0,0.975,2.32,1.03,1.12,0.42,0.26,0.55,1.53,1.39,0.77,0.0,1.35,0.0,1.42,0.0,0.48,0.0,0.0,1.0,1.0,0.0,0.0,0.0,0.0,1.0,1.0,0.0,0.0,1.0,0.0,1.0,0.0,0.0,0.0,0.0,0.0
ZWGDjgZ76q8,0.5,0.975,0.0,0.0,0.0,0.55,0.0,0.0,0.285,0.0,0.67,0.375,0.31,0.0,0.04,0.0,1.025,0.0,0.0,1.0,1.0,0.0,1.0,0.0,0.0,0.5,0.5,0.5,0.5,0.0,0.0,0.5,0.0,1.0,0.0,0.0,0.0
ZWTRWKPcndE,1.5,0.9125,0.6875,0.5499999999999999,0.5125,0.8374999999999999,0.01,0.3175,0.235,0.31,0.0,0.185,0.53,0.37,0.0125,0.015,0.35750000000000004,0.255,0.115,0.75,0.5,0.75,0.5,0.0,0.25,0.25,0.0,0.0,0.25,1.0,0.25,0.25,0.0,0.5,0.25,0.0,0.75
ZXJ1Ebsux4g,0.5,0.925,1.29,1.155,0.0,1.24,0.145,0.0,0.22,0.355,0.55,0.07,0.105,0.0,0.0,0.085,0.855,0.0,0.45999999999999996,0.5,1.0,0.0,0.5,0.0,0.0,0.0,0.5,0.5,0.0,0.5,0.0,0.5,0.5,1.0,0.0,0.0,0.0
ZXRChhajpic,1.5,0.725,0.3,0.1525,0.08,0.3875,0.105,0.375,0.005,0.7550000000000001,0.18,1.135,0.7425,0.6925,0.2775,0.2675,0.5449999999999999,1.245,0.1925,0.5,0.25,0.25,0.25,0.25,0.5,0.25,0.5,0.25,0.75,0.75,0.25,0.75,0.25,0.5,0.75,0.25,0.5
Z_hNMcayu2A,0.0,0.975,0.0,0.0,1.69,1.47,0.74,0.0,0.0,0.0,0.0,0.0,3.86,1.37,0.8,0.0,0.82,0.0,0.0,0.0,0.0,1.0,1.0,1.0,0.0,0.0,0.0,0.0,0.0,0.0,0.0,0.0,0.0,0.0,1.0,1.0,0.0
ZcyO-ggx5tQ,2.0,0.74,0.142,0.0,0.272,0.041999999999999996,1.3139999999999998,0.792,0.458,0.954,1.15,0.36,0.944,0.332,0.5740000000000001,0.21200000000000002,1.356,0.47800000000000004,0.012,0.8,0.8,0.0,0.0,0.4,0.4,0.6,0.6,0.6,0.4,0.8,0.2,0.4,0.6,0.6,0.2,0.2,0.2
ZdELq23qUTQ,2.0,0.745,0.462,0.0,0.23200000000000004,0.45,0.446,0.42800000000000005,0.08399999999999999,0.306,0.292,0.386,0.026000000000000002,0.016,0.382,0.05800000000000001,0.40199999999999997,0.718,0.36,0.2,0.6,0.6,0.4,0.4,0.4,0.0,0.2,0.4,0.6,0.4,0.0,0.2,0.0,0.4,0.2,0.2,0.4
ZddfrVMyJH8,1.0,0.3416666666666666,1.21,0.0,0.8733333333333334,1.4933333333333334,0.2333333333333333,0.5933333333333334,0.48333333333333334,0.0,0.21,0.34,0.59,0.12333333333333334,0.37333333333333335,0.39333333333333337,0.2733333333333333,0.0,0.03666666666666667,0.6666666666666666,1.0,0.3333333333333333,0.3333333333333333,0.0,1.0,0.0,0.0,0.0,0.3333333333333333,0.6666666666666666,0.3333333333333333,0.3333333333333333,0.3333333333333333,0.6666666666666666,0.0,0.3333333333333333,0.0
ZfRf8dyBgBg,0.0,0.975,1.36,0.0,0.04,0.78,1.99,0.0,1.55,3.0,3.62,1.32,0.42,0.0,0.0,0.0,1.87,0.77,0.48,1.0,1.0,0.0,0.0,1.0,0.0,1.0,1.0,1.0,1.0,1.0,0.0,0.0,0.0,1.0,1.0,0.0,0.0
Zih_iGT9wM8,0.5,0.925,1.4849999999999999,0.0,0.045,0.6,1.3650000000000002,0.63,0.335,0.8,1.07,0.71,0.0,0.0,0.64,0.16,0.8150000000000001,0.0,0.0,1.0,1.0,0.5,1.0,0.5,0.5,0.5,0.5,0.5,1.0,1.0,0.0,0.5,0.5,1.0,0.0,0.5,0.5
ZiyjvKUTBjA,0.5,0.975,1.2,0.825,0.0,0.46,1.73,2.065,0.745,2.02,2.225,1.385,0.735,0.05,0.79,0.0,2.14,0.18,0.145,1.0,1.0,0.0,0.0,1.0,0.5,0.5,1.0,0.5,0.5,0.5,0.0,0.5,0.0,1.0,0.5,0.0,0.0
ZjZ9hap6gGI,0.0,0.975,1.07,0.0,0.53,1.84,0.0,1.75,0.52,0.63,0.0,0.03,0.55,0.31,0.0,0.0,0.39,0.0,0.0,1.0,0.0,0.0,1.0,0.0,0.0,0.0,0.0,0.0,0.0,1.0,0.0,1.0,0.0,1.0,0.0,0.0,1.0
Zo6TM_iRyJc,0.5,0.925,0.175,0.495,0.0,2.04,0.0,0.0,0.0,0.14,0.0,0.08,0.245,0.235,0.0,0.4,0.13,1.06,0.0,0.5,0.5,0.5,1.0,0.0,0.0,0.0,0.0,0.0,0.0,1.0,0.0,0.0,0.5,1.0,1.0,0.5,0.0
Zoo8qhijf5Y,0.5,0.875,1.4100000000000001,0.14,0.91,1.435,0.0,0.135,0.0,0.035,0.0,0.525,0.185,1.115,1.01,0.31,0.19,0.9950000000000001,0.11,1.0,0.5,1.0,0.5,0.0,0.0,0.0,0.0,0.0,0.5,0.5,0.5,0.5,0.5,0.5,1.0,1.0,0.5
ZvEL7DCJs5k,0.5,0.825,0.8200000000000001,0.51,1.31,0.105,0.0,0.0,1.105,0.065,0.0,0.0,2.5,0.31,0.0,2.99,0.025,3.01,0.5700000000000001,1.0,1.0,1.0,0.0,0.0,0.5,0.0,0.0,0.0,0.5,1.0,0.5,0.0,1.0,0.0,1.0,1.0,0.5
ZvRGNzNuUx8,2.5,0.6166666666666666,0.6366666666666667,0.085,0.8183333333333334,0.8666666666666667,0.09333333333333334,0.10000000000000002,0.01,0.19666666666666666,0.36000000000000004,0.2783333333333333,0.38833333333333336,0.8783333333333334,0.32666666666666666,0.2233333333333333,0.015,0.5583333333333333,0.35333333333333333,0.6666666666666666,1.0,0.5,0.5,0.0,0.16666666666666666,0.16666666666666666,0.0,0.3333333333333333,0.3333333333333333,0.3333333333333333,0.6666666666666666,0.5,0.16666666666666666,0.0,0.6666666666666666,0.8333333333333334,0.3333333333333333
Zw9Cj-bT-5U,1.0,0.9416666666666668,0.11333333333333334,0.11333333333333334,0.0,0.18000000000000002,1.4666666666666668,1.5833333333333333,0.8333333333333334,1.21,1.2466666666666666,0.6699999999999999,0.12666666666666668,0.45999999999999996,0.08,0.3333333333333333,1.7566666666666668,1.21,0.0,0.3333333333333333,1.0,0.0,0.3333333333333333,1.0,0.6666666666666666,0.3333333333333333,1.0,1.0,0.3333333333333333,1.0,0.0,0.0,0.3333333333333333,1.0,0.6666666666666666,0.3333333333333333,0.0
ZwpVhNFsfPM,0.0,0.975,0.65,0.21,0.0,0.0,0.49,0.9,0.91,1.78,0.23,0.0,0.2,0.0,0.0,0.0,2.68,1.07,1.32,1.0,1.0,0.0,0.0,1.0,1.0,1.0,1.0,0.0,0.0,0.0,0.0,0.0,0.0,1.0,1.0,0.0,1.0
ZxL58tCcTOQ,1.0,0.9416666666666668,0.4833333333333334,0.07333333333333333,0.0,0.11666666666666665,0.0,0.0,0.20333333333333334,0.49,0.33666666666666667,0.6033333333333334,0.43,0.7933333333333333,0.38333333333333336,0.0,0.25,0.7200000000000001,0.6133333333333334,0.3333333333333333,0.6666666666666666,0.0,0.3333333333333333,0.0,0.3333333333333333,0.3333333333333333,0.0,0.0,0.3333333333333333,0.3333333333333333,0.3333333333333333,0.6666666666666666,0.0,0.0,0.3333333333333333,0.3333333333333333,0.3333333333333333
_0flcFZKaH8,0.0,0.975,0.57,1.36,0.0,0.18,0.21,1.43,0.0,0.28,2.24,1.58,0.0,0.0,0.33,0.0,0.87,0.01,0.09,1.0,1.0,0.0,1.0,1.0,0.0,0.0,1.0,1.0,1.0,0.0,0.0,1.0,0.0,0.0,0.0,0.0,0.0
_1IE7uMo8iU,0.0,0.975,0.53,0.62,0.0,0.48,0.93,1.78,0.66,0.0,1.84,0.0,0.17,0.0,0.66,0.0,2.76,1.37,0.25,1.0,1.0,0.0,0.0,1.0,0.0,1.0,1.0,1.0,1.0,0.0,0.0,1.0,0.0,1.0,1.0,0.0,0.0
_3hVuFqtGA8,1.0,0.6333333333333333,0.8233333333333333,0.47333333333333333,0.14333333333333334,0.5533333333333333,0.21666666666666667,1.1466666666666667,0.3666666666666667,0.7233333333333333,0.7266666666666666,0.9733333333333333,0.18666666666666668,0.0,0.7166666666666667,0.0,0.8333333333333334,0.38000000000000006,0.42333333333333334,1.0,1.0,0.3333333333333333,0.3333333333333333,0.3333333333333333,0.3333333333333333,0.6666666666666666,0.3333333333333333,0.6666666666666666,0.6666666666666666,0.3333333333333333,0.0,0.6666666666666666,0.0,1.0,0.3333333333333333,0.0,0.6666666666666666
_4SSzYOzkG0,1.0,0.48333333333333334,0.9066666666666666,0.0,0.13,0.5733333333333334,0.47000000000000003,0.04,0.05333333333333334,0.9966666666666667,0.3066666666666667,0.38000000000000006,1.3566666666666667,0.57,0.5766666666666667,1.0266666666666666,0.79,0.11,0.17666666666666667,0.6666666666666666,1.0,0.6666666666666666,0.6666666666666666,0.3333333333333333,0.0,0.3333333333333333,0.3333333333333333,0.3333333333333333,0.3333333333333333,0.6666666666666666,0.0,0.3333333333333333,0.6666666666666666,0.3333333333333333,0.3333333333333333,0.3333333333333333,0.6666666666666666
_5ZwLBjVJ30,1.5,0.7374999999999999,1.2175,0.5725,0.1125,1.27,0.2275,0.19999999999999998,0.0,0.7525,0.6025,0.615,0.39,0.3025,0.0725,0.0275,0.435,0.5325,0.3175,0.75,0.75,0.25,0.5,0.25,0.0,0.0,0.5,0.25,0.75,1.0,0.25,0.25,0.0,0.5,0.5,0.5,0.25
_79OZZQRZN4,0.5,0.925,1.2,0.0,1.18,0.0,0.185,0.82,0.07,0.9049999999999999,0.47,1.08,0.325,0.85,0.785,0.04,0.165,0.0,0.585,1.0,0.5,1.0,0.5,0.5,0.5,0.5,1.0,0.0,1.0,1.0,0.5,1.0,0.0,0.0,0.5,0.5,0.5
_8WB6DhU0PE,0.5,0.5,1.255,0.48,0.375,0.5950000000000001,0.265,0.525,0.0,0.13,0.555,0.925,0.27,0.8,0.945,0.115,0.515,0.915,0.74,1.0,1.0,1.0,0.0,0.0,0.0,0.0,0.5,0.5,0.5,1.0,0.5,0.5,0.5,0.5,0.5,0.5,0.0
_AWKKCUJnk0,0.0,0.975,2.69,2.86,0.0,3.11,0.19,1.02,0.0,0.96,0.88,0.73,0.65,0.85,0.72,0.0,0.9,0.72,0.0,1.0,1.0,0.0,1.0,0.0,0.0,0.0,1.0,0.0,1.0,1.0,1.0,0.0,0.0,1.0,1.0,0.0,0.0
_DWXlySq7p4,0.5,0.925,1.315,0.035,0.395,0.745,0.11,0.565,0.0,0.38,0.385,0.715,1.2349999999999999,0.475,0.0,0.63,0.325,0.73,0.185,0.5,1.0,0.5,0.5,0.0,0.5,0.0,0.0,0.5,0.0,0.5,0.5,0.0,0.5,0.0,0.5,1.0,0.0
_GbBvDWLMn4,1.5,0.69375,0.515,0.72,0.1625,1.3575000000000002,0.3825,0.7675000000000001,0.6525000000000001,0.925,0.7450000000000001,0.2675,0.395,0.32,0.0525,0.0825,0.8525,0.8374999999999999,0.43500000000000005,0.75,0.5,0.0,1.0,0.25,0.5,0.5,0.75,0.25,0.5,0.75,0.5,0.5,0.25,1.0,1.0,0.0,0.5
_HSQsi3Ol-Q,0.0,0.975,1.65,1.68,2.22,1.3,0.0,0.81,0.65,1.0,0.01,0.0,0.0,0.75,0.0,0.0,0.31,0.54,0.0,1.0,1.0,1.0,1.0,0.0,1.0,0.0,0.0,0.0,0.0,0.0,0.0,0.0,0.0,1.0,1.0,0.0,0.0
_I8wNd_0Cng,3.5,0.9375,0.26375000000000004,0.12625,0.445,0.4225,0.8075,1.165,0.33875,0.63125,1.07,1.08375,0.27375,0.05875,1.0125,0.11375,0.76125,0.27125,0.08,0.5,0.5,0.25,0.375,0.875,0.5,0.375,0.875,0.875,1.0,0.75,0.0,0.75,0.375,0.875,0.375,0.0,0.875
_IjUsVx6WVg,0.5,0.5,1.1400000000000001,0.435,0.33,0.57,0.385,0.585,0.97,0.55,0.4,0.0,1.255,2.5,0.0,0.0,0.56,0.755,0.0,1.0,1.0,0.5,0.5,0.5,0.0,0.5,0.0,0.0,0.0,1.0,0.5,0.5,0.0,0.5,0.5,0.5,0.0
_M3ScFB7d8w,0.0,0.925,3.14,1.02,2.24,4.61,0.0,1.68,1.13,1.21,0.0,0.0,1.86,0.11,0.2,0.0,2.67,0.0,0.0,1.0,1.0,1.0,1.0,0.0,0.0,0.0,1.0,0.0,0.0,1.0,0.0,0.0,0.0,1.0,0.0,0.0,0.0
_MRKWqd3L3w,0.5,0.925,0.0,0.0,0.12,0.095,1.525,1.405,0.625,1.25,1.62,0.055,0.06999999999999999,0.0,0.515,0.0,0.89,0.39,0.13,1.0,0.5,0.5,0.0,0.5,1.0,0.5,1.0,0.5,1.0,0.5,0.0,1.0,0.0,0.5,0.0,0.0,1.0
_NDGwUzXNFM,0.5,0.5,0.595,0.0,0.445,0.5800000000000001,0.7849999999999999,0.46,0.57,0.58,0.58,0.0,0.405,0.0,0.0,0.25,0.95,0.0,0.285,0.5,0.5,0.5,1.0,0.5,0.0,0.0,0.0,0.0,0.0,0.5,0.0,0.0,0.5,0.5,0.5,0.5,0.0
_NM4uI_ntX8,1.0,0.9249999999999999,0.5566666666666666,0.8233333333333333,0.3833333333333333,1.11,0.11,0.4466666666666667,0.51,0.83,0.6366666666666667,0.34,0.4066666666666667,0.02666666666666667,0.0,0.02,0.37999999999999995,0.3333333333333333,0.20333333333333334,0.6666666666666666,0.6666666666666666,0.0,0.6666666666666666,0.0,0.6666666666666666,0.3333333333333333,0.6666666666666666,0.6666666666666666,0.3333333333333333,1.0,0.0,0.0,0.3333333333333333,0.6666666666666666,0.6666666666666666,0.3333333333333333,0.3333333333333333
_N_a7oVNfrg,0.5,0.9,1.605,2.44,0.215,2.51,0.86,1.115,0.135,1.5550000000000002,1.335,1.2249999999999999,0.455,0.395,0.285,0.0,2.165,1.44,0.0,1.0,1.0,0.0,1.0,0.5,0.5,0.0,0.5,0.5,1.0,0.5,0.0,0.0,0.0,1.0,0.5,0.5,0.0
_NzvNZ-dMuA,0.0,0.925,0.89,0.03,0.0,0.61,1.8,0.74,1.04,1.51,1.36,0.1,0.0,0.0,0.0,0.05,2.07,1.08,0.0,1.0,1.0,0.0,0.0,1.0,1.0,1.0,1.0,1.0,0.0,0.0,0.0,1.0,0.0,1.0,0.0,0.0,0.0
_SqrtpMVLOc,6.0,0.4846153846153846,0.6307692307692307,0.4115384615384615,0.6246153846153847,1.0723076923076922,0.08153846153846155,0.28692307692307695,0.15153846153846154,0.2784615384615385,0.2553846153846154,0.2946153846153846,0.29538461538461536,0.2692307692307692,0.2330769230769231,0.053076923076923084,0.6569230769230769,0.5576923076923077,0.20153846153846156,0.9230769230769231,0.8461538461538461,0.6923076923076923,0.3076923076923077,0.15384615384615385,0.23076923076923078,0.15384615384615385,0.07692307692307693,0.15384615384615385,0.3076923076923077,0.6923076923076923,0.23076923076923078,0.6923076923076923,0.15384615384615385,0.46153846153846156,0.3076923076923077,0.07692307692307693,0.46153846153846156
_U68ozbzkqg,0.5,0.925,2.15,2.06,0.0,2.38,1.42,0.88,0.0,1.525,0.95,0.96,2.31,2.04,0.91,0.345,0.9450000000000001,1.52,0.0,1.0,1.0,0.0,1.0,1.0,0.5,0.0,0.5,0.5,0.5,0.5,0.5,0.5,0.5,0.5,0.5,0.5,0.0
_UgMjYOmuZI,3.0,0.8107142857142857,0.9442857142857142,0.32285714285714284,0.7914285714285715,1.0342857142857143,0.36428571428571427,0.25,0.19285714285714287,0.722857142857143,0.7285714285714285,0.5214285714285715,0.4228571428571429,0.10285714285714286,0.52,0.027142857142857142,0.3842857142857143,0.06,0.41714285714285715,0.8571428571428571,0.8571428571428571,0.5714285714285714,0.5714285714285714,0.42857142857142855,0.14285714285714285,0.14285714285714285,0.5714285714285714,0.5714285714285714,0.5714285714285714,0.2857142857142857,0.2857142857142857,0.42857142857142855,0.14285714285714285,0.5714285714285714,0.2857142857142857,0.7142857142857143,0.2857142857142857
_VyIplCMi4A,0.0,0.825,1.86,1.33,0.0,2.42,1.31,1.23,0.86,2.81,2.22,0.05,0.17,0.0,0.45,0.29,1.5,0.92,0.04,1.0,1.0,0.0,1.0,1.0,0.0,0.0,1.0,1.0,0.0,1.0,0.0,1.0,1.0,1.0,1.0,1.0,0.0
_XGyyuBHo0o,1.0,0.875,0.57,0.09666666666666666,0.8466666666666666,0.4833333333333334,0.88,0.51,0.27666666666666667,0.86,1.0833333333333333,0.17,0.15,0.0,0.23,0.0,2.356666666666667,0.6133333333333334,0.06999999999999999,0.6666666666666666,0.3333333333333333,0.6666666666666666,0.0,1.0,0.6666666666666666,0.6666666666666666,0.6666666666666666,0.6666666666666666,0.3333333333333333,0.0,0.0,0.3333333333333333,0.3333333333333333,1.0,1.0,0.3333333333333333,1.0
_YzEYbX8Ju0,2.5,0.9500000000000001,0.32,0.0,0.39166666666666666,0.2633333333333333,0.5516666666666666,1.4633333333333336,0.47500000000000003,0.7666666666666666,0.9516666666666667,0.2233333333333333,0.11166666666666668,0.03,0.34333333333333327,0.085,0.7399999999999999,0.63,0.09666666666666668,1.0,0.8333333333333334,0.5,0.16666666666666666,0.6666666666666666,1.0,0.8333333333333334,0.8333333333333334,0.6666666666666666,0.6666666666666666,0.5,0.16666666666666666,0.6666666666666666,0.3333333333333333,1.0,0.8333333333333334,0.16666666666666666,0.6666666666666666
_aAeGztwbpw,1.0,0.9416666666666668,0.6433333333333333,0.9466666666666667,0.0,3.0,0.45333333333333337,0.45999999999999996,0.17,0.86,0.8966666666666666,1.6633333333333333,0.11,0.8133333333333334,0.6233333333333334,0.31666666666666665,0.93,1.12,0.0,1.0,1.0,0.0,1.0,0.3333333333333333,0.6666666666666666,0.0,0.6666666666666666,0.6666666666666666,0.6666666666666666,0.6666666666666666,0.3333333333333333,0.6666666666666666,0.6666666666666666,0.6666666666666666,0.3333333333333333,0.6666666666666666,0.0
_axaqyGbSmk,0.0,0.775,3.3,1.28,2.24,0.28,0.0,0.0,0.0,0.0,0.0,1.92,0.13,0.07,0.0,1.07,0.11,0.0,0.0,1.0,1.0,1.0,0.0,0.0,1.0,0.0,0.0,0.0,1.0,0.0,0.0,1.0,1.0,1.0,0.0,1.0,1.0
_c4HJnpPJJM,0.0,0.975,0.87,0.59,0.0,0.0,1.25,2.03,0.0,1.06,1.99,1.03,0.0,0.2,0.12,0.06,0.43,0.12,0.68,1.0,1.0,0.0,0.0,1.0,1.0,0.0,1.0,1.0,1.0,0.0,0.0,1.0,0.0,0.0,0.0,0.0,1.0
_eGxfDkte9Y,0.0,0.775,1.97,0.0,0.62,1.46,0.15,0.0,0.76,1.25,0.88,1.09,0.6,1.77,0.0,0.3,1.07,0.41,0.45,1.0,1.0,1.0,0.0,0.0,0.0,1.0,1.0,1.0,1.0,0.0,1.0,0.0,0.0,0.0,0.0,0.0,0.0
_fIQurJlK-0,0.0,0.975,0.98,0.83,0.0,0.55,0.0,0.0,0.0,0.0,0.0,0.0,0.13,0.0,0.0,0.0,0.0,0.0,0.0,1.0,1.0,0.0,1.0,0.0,0.0,0.0,0.0,0.0,0.0,1.0,0.0,0.0,0.0,0.0,0.0,1.0,0.0
_imBxendSy4,0.5,0.975,0.715,0.65,0.0,0.44,0.295,0.075,0.0,0.605,0.3,0.435,0.005,0.0,0.0,0.0,0.41,0.42000000000000004,0.0,1.0,1.0,0.0,0.5,0.0,1.0,0.5,0.5,0.5,0.5,0.5,0.0,0.5,0.5,0.5,0.5,0.0,0.5
_iwYr_FG9f8,0.0,0.975,2.59,0.0,1.06,1.72,0.0,0.0,0.22,0.0,0.0,2.0,0.26,0.6,0.0,0.0,0.47,0.27,0.36,1.0,0.0,1.0,0.0,0.0,0.0,0.0,0.0,0.0,1.0,1.0,1.0,0.0,0.0,0.0,0.0,1.0,0.0
_jiVtXsfupo,1.0,0.625,1.2366666666666666,0.18333333333333335,1.02,1.0233333333333334,0.3266666666666666,0.6233333333333334,0.14666666666666667,0.8099999999999999,0.64,1.06,0.45,0.38000000000000006,0.0,0.19333333333333333,0.4033333333333333,0.7666666666666666,0.0,1.0,0.6666666666666666,0.6666666666666666,0.3333333333333333,0.6666666666666666,0.6666666666666666,0.3333333333333333,0.6666666666666666,0.3333333333333333,0.6666666666666666,0.3333333333333333,0.3333333333333333,0.6666666666666666,0.6666666666666666,0.3333333333333333,0.3333333333333333,0.3333333333333333,0.3333333333333333
_kKm-OqzmWs,0.0,0.025,2.73,0.9,0.55,1.88,2.13,3.83,0.76,0.84,1.28,0.6,0.89,0.37,3.32,0.99,0.76,0.0,0.0,1.0,1.0,0.0,0.0,1.0,1.0,0.0,0.0,0.0,0.0,1.0,0.0,1.0,1.0,0.0,0.0,1.0,0.0
_nJkaMeJESU,0.0,0.875,0.13,0.0,0.0,1.59,0.0,0.99,0.36,0.0,0.0,0.0,1.49,0.51,0.38,0.0,0.0,0.0,0.0,1.0,1.0,0.0,1.0,0.0,0.0,0.0,0.0,0.0,0.0,1.0,0.0,1.0,0.0,0.0,0.0,0.0,0.0
_o75JPAZM1c,1.0,0.6583333333333333,0.7766666666666667,0.38999999999999996,1.02,1.0366666666666668,0.20666666666666667,0.5399999999999999,0.0,0.53,0.69,1.4633333333333332,0.47,0.6633333333333333,0.7333333333333334,0.4200000000000001,0.61,0.59,0.9899999999999999,1.0,0.6666666666666666,0.3333333333333333,0.3333333333333333,0.0,0.0,0.0,0.6666666666666666,0.0,0.6666666666666666,1.0,0.3333333333333333,0.6666666666666666,1.0,0.6666666666666666,0.3333333333333333,0.3333333333333333,0.3333333333333333
_pKWT4ZcobQ,0.5,0.45,1.42,0.38,1.2850000000000001,0.0,0.855,2.065,0.765,1.95,0.83,0.0,0.475,1.345,0.72,0.43,0.0,0.18,0.0,1.0,0.5,1.0,0.5,0.5,1.0,0.5,0.5,0.0,0.0,0.5,1.0,0.5,0.0,0.0,0.5,1.0,0.5
_q5xGr3Hs04,0.5,0.975,0.12,0.0,0.0,0.02,1.745,1.085,0.2,1.235,2.8049999999999997,0.845,0.035,0.0,0.14,0.0,1.905,0.035,0.0,0.5,0.5,0.0,1.0,1.0,1.0,0.0,1.0,1.0,0.5,0.5,0.0,0.0,0.0,1.0,0.0,0.0,0.0
_qWi95cDlAA,1.5,0.625,0.68,0.0425,0.1325,0.8125,1.3825,1.2875,0.4625,1.0899999999999999,0.9975,0.5175,0.4475,0.33999999999999997,1.2575,1.1524999999999999,1.4500000000000002,0.645,0.0,0.75,0.5,0.25,0.0,0.75,0.25,0.25,0.5,0.5,0.5,0.5,0.25,0.75,0.75,0.75,0.5,0.5,0.0
_qZsmW5IW20,0.0,0.975,1.62,1.31,0.0,0.78,1.14,1.87,0.0,3.97,2.64,1.79,0.45,0.0,0.76,0.0,2.08,0.0,0.36,1.0,1.0,0.0,1.0,1.0,1.0,0.0,1.0,1.0,1.0,1.0,0.0,0.0,0.0,1.0,0.0,0.0,0.0
_qoxcsCD7kw,0.0,0.975,0.0,0.0,4.0,0.0,0.0,0.0,1.53,0.0,0.0,0.0,0.5,0.36,0.0,0.0,0.0,0.11,2.14,0.0,0.0,1.0,0.0,0.0,1.0,1.0,0.0,0.0,0.0,0.0,1.0,0.0,0.0,0.0,0.0,0.0,1.0
_sR1cALLCVg,0.0,0.975,0.0,0.0,0.0,0.0,2.53,1.07,0.0,1.81,2.5,1.76,0.66,0.98,0.89,0.0,0.87,0.07,0.0,0.0,0.0,0.0,0.0,1.0,1.0,1.0,1.0,1.0,1.0,0.0,1.0,1.0,1.0,1.0,0.0,0.0,0.0
_ximeemA3OI,1.5,0.9,0.9325,0.3125,1.4575,0.4525,0.28,0.6975,0.0,0.7025,0.8525,0.34,0.39,0.485,1.4525000000000001,0.01,0.43499999999999994,0.61,0.105,1.0,0.75,0.75,0.0,0.5,0.5,0.0,0.5,0.75,0.5,0.5,0.0,1.0,0.25,0.25,0.5,0.5,0.5
_xuMLlPPhtc,0.0,0.975,2.05,2.89,0.0,1.92,0.52,0.0,0.0,0.0,1.24,0.55,0.0,0.0,0.05,0.03,1.97,1.22,0.0,1.0,1.0,0.0,1.0,0.0,0.0,0.0,1.0,1.0,1.0,0.0,0.0,1.0,0.0,1.0,0.0,1.0,0.0
a0Yr4CejPXg,1.0,0.975,0.5066666666666667,0.4433333333333333,0.0033333333333333335,0.75,0.9066666666666666,0.7233333333333333,0.13,0.8666666666666667,0.45,1.2833333333333334,0.15,0.26333333333333336,0.0033333333333333335,0.0,1.0599999999999998,0.2833333333333333,0.0,0.6666666666666666,0.6666666666666666,0.3333333333333333,1.0,0.6666666666666666,0.6666666666666666,0.0,0.6666666666666666,0.6666666666666666,1.0,0.3333333333333333,0.0,0.3333333333333333,0.0,0.6666666666666666,0.0,0.6666666666666666,0.0
a1Pd3XPaAuE,2.5,0.6083333333333333,0.685,0.0033333333333333335,0.10833333333333334,1.0983333333333334,0.49333333333333335,0.43,0.1366666666666667,1.1483333333333334,0.955,0.7983333333333333,0.3216666666666667,0.84,0.5416666666666666,0.3516666666666666,0.6983333333333333,1.085,0.445,0.6666666666666666,1.0,0.3333333333333333,0.16666666666666666,0.5,0.16666666666666666,0.0,0.5,0.3333333333333333,0.5,0.5,0.16666666666666666,0.5,0.3333333333333333,0.8333333333333334,0.5,0.3333333333333333,0.3333333333333333
a1g3kt4XLfo,0.5,0.975,0.0,0.0,0.1,0.0,0.895,0.55,0.055,0.8800000000000001,2.115,1.06,0.0,0.0,0.18,0.0,1.81,0.525,0.0,0.0,0.5,0.0,0.5,1.0,0.5,0.5,1.0,1.0,1.0,0.5,0.0,0.0,0.5,1.0,1.0,0.0,0.5
a1jF-AokfCQ,1.5,0.925,1.0725,0.3,0.6725,0.3025,0.5974999999999999,1.4575,0.5175,0.7,0.55,0.40750000000000003,0.0525,0.0,0.5275,0.1325,0.7925,0.7274999999999999,0.04,1.0,1.0,0.25,0.5,0.5,1.0,0.25,0.5,0.5,0.25,0.25,0.0,0.75,0.25,0.25,0.0,0.0,0.25
a8kwJYMSyFI,0.5,0.5750000000000001,0.72,0.0,0.355,0.24,1.42,2.055,1.15,0.495,0.31,1.1600000000000001,0.445,0.35,0.8799999999999999,0.14,0.315,0.33499999999999996,1.005,1.0,0.5,0.5,0.0,1.0,1.0,0.5,0.0,0.0,1.0,0.5,0.5,1.0,0.0,0.0,0.5,0.5,0.5
a9PyRuEJlbM,0.0,0.975,0.95,0.98,0.0,0.22,0.0,0.0,0.0,0.0,0.36,0.08,0.17,0.0,0.0,0.12,0.0,0.0,0.0,1.0,1.0,0.0,1.0,0.0,0.0,0.0,0.0,0.0,1.0,1.0,0.0,0.0,1.0,0.0,0.0,1.0,0.0
a9ss9hxdc_g,0.5,0.975,1.885,2.565,0.085,2.19,0.0,0.0,0.0,0.16499999999999998,0.14,0.065,0.06,0.0,0.0,0.0,1.54,0.19,0.04,1.0,1.0,0.5,1.0,0.0,0.0,0.0,0.0,0.0,0.0,0.5,0.0,0.5,0.0,1.0,0.5,0.5,0.0
aA8hpFdp8rk,0.0,0.925,0.21,0.0,0.0,0.0,0.72,0.93,1.19,1.35,1.53,2.14,0.0,0.0,0.32,0.0,0.54,0.11,0.03,0.0,1.0,0.0,0.0,1.0,1.0,0.0,0.0,1.0,1.0,0.0,0.0,0.0,0.0,0.0,0.0,0.0,0.0
aBBKBpmtfTU,0.5,0.925,0.335,0.0,0.76,0.0,1.9900000000000002,1.38,1.2850000000000001,2.06,2.02,1.62,0.3,0.0,0.375,0.165,2.815,1.365,1.32,0.5,0.0,0.5,0.0,1.0,1.0,1.0,1.0,0.5,1.0,0.5,0.0,0.5,0.0,1.0,1.0,0.0,1.0
aDAR65Fcp7E,0.0,0.975,0.7,0.0,1.45,0.1,0.05,0.08,0.39,0.48,1.23,1.86,0.0,0.64,0.42,0.03,0.03,0.0,0.25,1.0,1.0,1.0,0.0,0.0,1.0,0.0,1.0,1.0,1.0,1.0,1.0,1.0,0.0,1.0,0.0,0.0,0.0
aDMij0Q5trA,0.0,0.825,2.08,0.05,0.39,1.52,1.32,2.69,0.0,0.98,1.13,0.34,1.46,0.5,1.61,0.0,0.0,0.0,0.02,1.0,1.0,1.0,0.0,1.0,1.0,0.0,0.0,0.0,0.0,1.0,0.0,1.0,0.0,0.0,0.0,1.0,0.0
aHXJvqCqhyc,3.0,0.7321428571428571,0.6,0.31428571428571433,0.6228571428571428,0.8200000000000001,0.33,0.51,0.27,0.6185714285714285,0.38,0.5057142857142857,0.24857142857142858,0.27571428571428575,0.1457142857142857,0.0,0.5242857142857142,0.5157142857142857,0.0,0.7142857142857143,0.8571428571428571,0.2857142857142857,0.8571428571428571,0.2857142857142857,0.2857142857142857,0.14285714285714285,0.2857142857142857,0.42857142857142855,0.42857142857142855,0.7142857142857143,0.14285714285714285,0.2857142857142857,0.0,0.42857142857142855,0.2857142857142857,0.2857142857142857,0.14285714285714285
aIOMYGTHqqA,0.0,0.975,0.0,0.29,1.29,2.54,0.0,0.0,0.0,0.0,0.0,0.0,0.0,0.0,0.0,0.0,1.37,1.7,0.0,1.0,1.0,1.0,1.0,0.0,0.0,0.0,0.0,0.0,0.0,0.0,0.0,0.0,0.0,1.0,1.0,0.0,1.0
aJ3H99d41l0,0.0,0.975,0.3,0.0,0.0,0.05,2.56,2.16,0.0,3.01,3.0,2.62,0.0,0.0,0.88,0.0,2.49,0.0,0.0,1.0,0.0,0.0,1.0,1.0,1.0,0.0,1.0,1.0,1.0,1.0,0.0,0.0,0.0,1.0,0.0,0.0,0.0
aLXp5M1mdoo,0.5,0.975,0.92,1.2550000000000001,0.0,0.085,0.13,0.49,0.0,0.205,0.3,0.0,0.775,0.21000000000000002,0.27,0.055,0.16,0.16,0.495,1.0,0.5,0.5,0.0,0.0,0.0,0.0,0.0,0.0,0.0,0.5,0.0,0.0,0.5,0.0,0.5,1.0,0.5
aNTEtfr81E4,0.0,0.475,2.16,0.21,1.03,1.4,0.0,0.76,0.0,0.8,0.0,0.0,2.15,0.37,0.0,1.67,0.15,0.77,0.6,1.0,1.0,1.0,1.0,0.0,1.0,0.0,0.0,0.0,0.0,1.0,0.0,1.0,1.0,0.0,1.0,1.0,1.0
aPgwD05HHKE,0.0,0.025,0.0,0.0,0.0,0.0,0.68,0.1,0.74,0.19,0.13,1.1,0.53,2.23,2.17,0.43,0.0,0.0,0.0,1.0,1.0,0.0,1.0,1.0,0.0,1.0,0.0,0.0,1.0,1.0,1.0,1.0,0.0,0.0,0.0,1.0,0.0
aRVWwPgSOkk,0.0,0.975,0.57,1.59,0.0,0.0,0.5,1.11,0.39,0.0,0.78,0.0,0.0,0.0,0.0,0.0,1.99,1.37,0.0,1.0,1.0,0.0,0.0,1.0,0.0,1.0,1.0,1.0,0.0,0.0,0.0,0.0,0.0,1.0,1.0,0.0,0.0
aRhLGffqjgk,0.0,0.975,2.02,0.43,1.23,0.75,0.92,3.52,1.14,1.36,0.0,0.0,0.71,0.0,0.0,0.0,2.19,1.68,0.47,1.0,0.0,1.0,0.0,1.0,1.0,0.0,1.0,0.0,0.0,0.0,0.0,0.0,0.0,1.0,1.0,0.0,1.0
aSvGcCDoVt0,0.0,0.675,0.0,0.0,0.0,2.62,0.71,0.0,0.08,0.78,0.41,0.0,0.0,0.0,0.0,0.0,0.0,0.0,0.0,0.0,1.0,0.0,1.0,0.0,0.0,0.0,0.0,0.0,0.0,0.0,0.0,0.0,0.0,0.0,0.0,1.0,0.0
aW1C2JvSSHg,0.5,0.975,1.14,0.0,0.69,0.07,1.965,3.2249999999999996,0.76,1.875,2.0300000000000002,0.6950000000000001,0.28500000000000003,0.445,0.255,0.34,1.245,0.28500000000000003,0.105,0.5,0.0,0.5,0.0,1.0,0.5,1.0,1.0,1.0,1.0,0.5,0.5,0.0,0.0,0.5,0.0,0.0,0.5
aYc5vE28Big,0.5,0.975,1.1099999999999999,0.77,0.335,1.62,0.0,0.0,0.0,0.595,0.565,0.0,0.0,0.0,0.225,0.0,1.5950000000000002,2.08,0.0,0.5,1.0,0.5,0.5,0.0,0.0,0.0,0.5,0.5,0.0,0.0,0.0,0.0,0.0,1.0,1.0,0.0,0.0
abYIe3yt2E8,1.0,0.9583333333333334,0.69,0.9566666666666667,0.6166666666666667,2.3699999999999997,0.3933333333333333,0.29333333333333333,0.4266666666666667,0.06666666666666667,0.03,0.2733333333333333,0.25333333333333335,0.19666666666666668,0.23666666666666666,0.03666666666666667,0.5433333333333333,1.1733333333333333,0.0,0.3333333333333333,0.6666666666666666,0.3333333333333333,0.3333333333333333,0.3333333333333333,0.3333333333333333,0.6666666666666666,0.0,0.0,0.3333333333333333,0.6666666666666666,0.0,0.3333333333333333,0.3333333333333333,0.6666666666666666,0.3333333333333333,0.3333333333333333,0.3333333333333333
acp-2bET9Tk,1.5,0.9125,0.34500000000000003,0.175,0.0,1.0325,0.3075,0.27,0.0,0.4475,0.695,0.4175,0.0,0.235,0.1225,0.0975,1.0699999999999998,0.47,0.225,0.75,0.75,0.0,0.75,0.25,0.25,0.25,0.5,0.25,0.5,0.0,0.5,0.25,0.25,0.5,0.5,0.0,0.25
affyMammfp4,0.5,0.925,0.38,0.16,0.145,0.38,0.9199999999999999,0.585,0.77,0.18,0.19,0.345,1.37,0.17,0.6699999999999999,0.3,0.59,1.67,0.0,0.0,0.5,0.0,1.0,0.5,0.5,0.5,1.0,0.5,0.5,0.5,0.0,0.5,0.5,1.0,0.5,0.5,0.5
afsIRMFQR3U,1.0,0.6583333333333333,0.66,0.20333333333333334,0.9333333333333332,0.8533333333333334,1.3666666666666665,2.3866666666666667,0.7133333333333333,1.2966666666666666,0.7200000000000001,0.14666666666666667,0.9433333333333334,1.1066666666666667,0.21666666666666667,0.9700000000000001,0.7200000000000001,0.9666666666666668,0.0,0.3333333333333333,0.3333333333333333,0.6666666666666666,0.0,0.6666666666666666,0.6666666666666666,0.3333333333333333,0.6666666666666666,0.3333333333333333,0.3333333333333333,1.0,0.3333333333333333,0.3333333333333333,0.6666666666666666,0.3333333333333333,0.6666666666666666,0.6666666666666666,0.3333333333333333
aiF84sKG90U,0.5,0.925,1.2,1.85,0.275,0.46,0.245,0.5549999999999999,0.135,0.455,2.44,0.29,0.055,0.415,0.0,0.115,1.89,1.835,0.485,1.0,1.0,0.0,0.5,0.5,0.5,0.0,1.0,1.0,0.5,0.5,0.0,0.0,1.0,1.0,1.0,0.0,0.5
aiWO5CxPUXk,1.5,0.95,1.0125,0.4275,0.28,1.9625,1.3800000000000001,0.78,0.295,1.265,1.5375,0.7725,0.0325,0.2475,0.3425,0.19,1.315,0.3575,0.0,1.0,0.5,0.25,0.25,0.75,0.5,0.5,0.75,0.75,0.5,0.25,0.25,0.5,0.25,0.75,0.25,0.5,0.25
aj6yPs9Z5sc,0.0,0.975,0.0,0.0,0.05,0.0,2.67,3.65,1.05,2.07,2.2,1.18,0.0,0.0,0.37,0.9,2.45,0.0,0.0,0.0,0.0,0.0,0.0,1.0,1.0,1.0,1.0,1.0,1.0,1.0,0.0,0.0,1.0,1.0,0.0,0.0,0.0
alFcZ3YZSig,1.0,0.8916666666666666,0.41,0.0,0.59,0.5066666666666667,0.48,0.7733333333333333,1.2366666666666666,1.0166666666666666,0.5433333333333333,0.8099999999999999,1.4500000000000002,1.6666666666666667,0.0,0.09999999999999999,0.9500000000000001,0.27,0.0,0.6666666666666666,0.6666666666666666,0.3333333333333333,0.3333333333333333,0.3333333333333333,0.3333333333333333,0.3333333333333333,0.6666666666666666,0.3333333333333333,0.6666666666666666,0.3333333333333333,0.3333333333333333,0.3333333333333333,0.0,0.6666666666666666,0.6666666666666666,0.3333333333333333,0.0
anOwLiXRa5w,0.5,0.975,0.0,0.0,0.24,0.14,1.565,2.095,1.105,2.45,1.8900000000000001,2.005,0.015,0.0,0.435,0.0,2.685,0.33999999999999997,0.0,0.0,0.0,0.5,0.0,1.0,1.0,0.5,1.0,1.0,1.0,0.0,0.0,0.0,0.5,1.0,1.0,0.0,0.0
anSOkTr4ugk,0.5,0.625,0.0,0.0,0.305,0.06,0.0,0.0,0.26,0.035,0.675,0.115,0.47,0.7,0.0,0.25,0.0,0.0,0.21,0.0,1.0,0.0,1.0,0.0,0.0,0.0,0.0,1.0,0.0,0.0,0.5,0.0,0.5,0.0,0.0,0.0,0.0
apd8JY86i4s,0.5,0.975,1.105,0.4,0.76,1.7950000000000002,0.28500000000000003,1.085,0.895,0.675,0.225,0.0,1.48,0.42,0.0,0.36000000000000004,0.0,0.715,0.0,1.0,1.0,0.5,0.5,0.5,1.0,0.5,0.0,0.0,0.0,1.0,0.5,0.0,1.0,1.0,0.5,0.5,0.0
asVHaM9QXzQ,0.0,0.975,0.0,0.0,1.3,0.0,2.0,2.12,1.32,1.72,1.98,1.87,0.0,0.0,0.0,0.12,1.59,0.0,0.0,0.0,0.0,1.0,0.0,1.0,1.0,1.0,1.0,1.0,1.0,1.0,0.0,0.0,0.0,1.0,0.0,0.0,0.0
ata_KjyCz4M,0.0,0.975,0.82,0.0,0.19,0.0,0.87,0.0,0.0,0.9,1.16,0.0,1.25,1.79,2.52,0.55,0.22,1.05,0.0,1.0,0.0,0.0,0.0,0.0,0.0,0.0,1.0,1.0,0.0,1.0,1.0,1.0,1.0,1.0,0.0,1.0,0.0
auC65HEaRQI,1.5,0.725,0.605,0.36,0.3075,0.22749999999999998,2.2625,2.2800000000000002,0.65,1.9725000000000001,2.14,0.8425,0.11,0.1,0.0,0.1,1.7925,0.03,0.1075,0.75,0.25,0.25,0.0,1.0,1.0,0.5,1.0,0.75,0.5,0.25,0.0,0.5,0.25,1.0,0.5,0.0,0.25
avVOKbL4dpI,0.5,0.975,0.445,0.0,0.0,0.205,1.08,2.295,0.375,0.65,0.83,0.77,0.79,0.67,0.375,0.445,0.42,0.185,0.44999999999999996,0.0,0.5,0.0,0.0,0.5,0.5,0.0,0.5,1.0,0.5,0.0,0.5,0.5,1.0,0.5,0.5,0.5,0.5
b21dwnHHSig,0.5,0.925,0.365,0.0,0.0,0.57,2.7350000000000003,0.755,0.225,1.295,1.8800000000000001,0.0,0.045,0.0,0.24,0.085,1.41,0.0,0.0,0.5,0.5,0.0,1.0,1.0,0.5,0.0,1.0,1.0,0.0,1.0,0.0,0.5,1.0,1.0,0.0,0.0,0.5
b2BiKjTyqII,1.0,0.6166666666666667,1.5966666666666667,0.08666666666666667,0.7999999999999999,0.25333333333333335,0.6233333333333334,0.6633333333333334,0.5233333333333333,1.1866666666666668,0.63,1.49,0.3333333333333333,0.006666666666666667,0.5766666666666667,0.04,0.82,0.7866666666666666,0.07333333333333333,1.0,0.6666666666666666,0.3333333333333333,0.3333333333333333,0.3333333333333333,1.0,0.3333333333333333,0.6666666666666666,0.6666666666666666,0.3333333333333333,0.3333333333333333,0.0,0.6666666666666666,0.3333333333333333,0.6666666666666666,0.6666666666666666,0.6666666666666666,0.0
b2OS-bv_9ts,0.0,0.875,0.94,0.0,0.0,2.06,0.0,0.0,0.0,0.0,0.0,0.0,1.23,2.11,0.0,0.16,0.0,1.08,0.0,1.0,1.0,0.0,1.0,0.0,0.0,0.0,0.0,0.0,0.0,1.0,1.0,0.0,0.0,0.0,1.0,0.0,0.0
b4lIezLc0ZY,0.0,0.975,1.05,0.0,1.21,1.21,0.0,3.4,0.0,0.0,0.0,0.0,1.2,0.26,0.0,0.0,0.87,0.0,0.14,1.0,0.0,1.0,1.0,0.0,1.0,0.0,0.0,0.0,0.0,1.0,0.0,0.0,0.0,0.0,0.0,0.0,1.0
b6qUzEN6--g,0.0,0.875,0.0,0.0,2.2,2.51,0.0,0.0,0.0,0.0,0.0,0.0,0.0,0.0,0.0,0.0,1.2,1.32,0.0,0.0,0.0,1.0,1.0,0.0,0.0,0.0,0.0,0.0,0.0,0.0,0.0,0.0,0.0,1.0,1.0,1.0,0.0
b9oguyK0IPQ,0.5,0.95,1.365,0.94,0.87,0.5249999999999999,2.365,1.94,1.095,2.29,2.395,1.075,0.0,0.0,0.155,0.0,2.135,0.785,0.015,1.0,1.0,0.5,0.0,1.0,0.5,0.5,1.0,1.0,1.0,0.0,0.0,0.0,0.0,1.0,1.0,0.0,0.5
bAn0qP3BHcI,1.5,0.9375,1.1775,0.055,0.5925,0.3875,1.3399999999999999,0.0425,0.33,0.9125000000000001,1.295,1.0175,0.155,0.08750000000000001,1.2174999999999998,0.11249999999999999,1.1624999999999999,0.065,0.11,0.25,1.0,0.25,0.75,0.75,0.25,0.25,1.0,0.75,1.0,0.75,0.0,1.0,0.5,1.0,0.0,0.25,0.0
bDhhBLga2I0,0.5,0.8,0.0,0.0,0.215,0.92,0.7799999999999999,1.95,0.055,1.52,1.58,0.30500000000000005,0.26,0.0,0.275,0.29,1.24,1.505,0.0,1.0,1.0,0.5,0.5,0.5,1.0,0.0,1.0,0.5,1.0,1.0,0.0,1.0,0.5,0.5,1.0,0.0,0.5
bGpXVxq_7iU,2.0,0.7849999999999999,0.8859999999999999,0.1,0.0,0.364,1.174,0.836,0.20800000000000002,0.65,1.1460000000000001,0.6,0.10400000000000001,0.098,0.714,0.176,0.492,0.0,0.36,0.6,0.6,0.2,0.4,0.8,0.6,0.4,0.8,1.0,0.4,0.6,0.0,0.4,0.2,0.4,0.0,0.2,0.4
bH_TiXuz5ng,0.5,0.95,0.4,0.0,1.105,0.545,1.545,0.765,0.105,1.7399999999999998,2.51,0.78,0.0,0.0,0.5900000000000001,0.0,2.695,0.0,0.595,1.0,1.0,0.5,0.5,0.5,0.5,0.0,1.0,1.0,0.5,0.0,0.0,0.0,0.0,1.0,1.0,0.0,1.0
bHa9LfG38bA,1.5,0.9,0.355,0.0,0.155,0.1825,1.6624999999999999,0.87,0.3075,1.685,2.2225,1.05,0.0275,0.0,0.545,0.06,1.9575,0.4825,0.21000000000000002,0.75,0.25,0.0,0.25,1.0,0.75,0.0,1.0,1.0,0.75,0.25,0.0,0.5,0.25,1.0,0.25,0.0,0.5
bJyXT6HK7Us,1.0,0.6583333333333333,1.17,0.24666666666666667,0.36333333333333334,0.8533333333333334,0.18666666666666668,0.3333333333333333,0.4266666666666667,0.7866666666666667,0.5066666666666667,0.5766666666666667,1.6833333333333333,1.1333333333333333,0.0,1.6666666666666667,1.2100000000000002,1.88,0.0,1.0,1.0,0.3333333333333333,0.3333333333333333,0.0,0.0,0.3333333333333333,0.3333333333333333,0.0,0.6666666666666666,0.3333333333333333,0.3333333333333333,0.3333333333333333,0.3333333333333333,0.6666666666666666,0.6666666666666666,0.6666666666666666,0.0
bKCr62Dk7Us,0.0,0.875,2.42,2.17,0.0,3.59,0.0,0.59,0.0,0.0,0.0,0.0,0.74,0.0,0.0,0.0,0.0,0.0,0.0,1.0,1.0,0.0,1.0,0.0,0.0,0.0,0.0,0.0,0.0,1.0,0.0,0.0,0.0,0.0,0.0,1.0,0.0
bPUI6knEB7w,1.0,0.625,0.6699999999999999,0.0,0.28,1.27,0.6366666666666667,0.48666666666666664,0.42,0.7966666666666667,0.17,0.8266666666666667,1.7233333333333334,1.2033333333333334,1.0,0.82,0.6166666666666667,0.3433333333333333,0.0,0.3333333333333333,0.3333333333333333,0.3333333333333333,0.0,0.3333333333333333,0.3333333333333333,0.3333333333333333,0.3333333333333333,0.0,0.6666666666666666,1.0,0.3333333333333333,0.3333333333333333,1.0,0.3333333333333333,0.0,0.6666666666666666,0.3333333333333333
bQdfoCTjU7E,1.0,0.9416666666666668,1.4233333333333331,0.15666666666666665,0.2833333333333333,0.15,0.3666666666666667,1.0266666666666666,0.4666666666666666,1.58,0.7733333333333333,1.0433333333333332,0.5666666666666667,0.2733333333333334,0.61,0.0,1.7933333333333337,0.6633333333333333,0.20666666666666667,1.0,1.0,0.3333333333333333,0.0,0.3333333333333333,0.3333333333333333,1.0,1.0,0.6666666666666666,0.3333333333333333,1.0,0.6666666666666666,0.6666666666666666,0.0,1.0,1.0,0.3333333333333333,1.0
bRLJhD0Js5U,0.5,0.5,1.18,0.94,0.18,0.345,0.73,1.4449999999999998,0.405,1.375,0.245,0.79,0.5900000000000001,0.82,1.14,0.28,0.48,1.025,0.0,0.5,0.5,0.5,0.0,0.5,0.5,0.0,0.5,0.0,0.0,1.0,0.0,0.0,0.5,0.5,0.5,0.5,0.0
bSaPw3r8lkc,1.0,0.6583333333333333,0.5266666666666667,0.2333333333333333,0.26666666666666666,0.24,0.5766666666666667,1.0799999999999998,0.32,0.8366666666666666,0.4266666666666667,0.8300000000000001,0.06,0.29,0.6900000000000001,0.17333333333333334,0.58,0.37999999999999995,0.2866666666666667,0.6666666666666666,0.6666666666666666,0.3333333333333333,0.0,0.3333333333333333,0.6666666666666666,0.3333333333333333,0.6666666666666666,0.6666666666666666,0.3333333333333333,0.6666666666666666,0.3333333333333333,0.6666666666666666,0.3333333333333333,1.0,0.3333333333333333,0.3333333333333333,0.3333333333333333
bTLMJvuPbZc,0.0,0.975,1.92,2.51,0.0,3.19,0.57,1.95,0.0,2.07,2.14,0.94,0.37,0.0,0.62,0.33,1.95,0.0,0.0,1.0,1.0,0.0,1.0,0.0,0.0,0.0,1.0,1.0,0.0,1.0,0.0,0.0,1.0,1.0,0.0,0.0,0.0
baIR7eMg5Ug,0.0,0.975,0.0,0.0,0.56,0.0,2.15,2.62,0.6,2.03,2.29,1.92,0.0,0.0,0.09,0.33,1.59,0.0,0.0,0.0,0.0,0.0,0.0,1.0,1.0,1.0,1.0,1.0,1.0,0.0,0.0,0.0,0.0,1.0,0.0,0.0,0.0
bbHLfaq8LzQ,0.5,0.925,1.645,1.065,0.825,1.1300000000000001,0.0,0.0,0.345,0.075,0.0,0.0,0.33,0.785,0.465,0.155,1.03,1.45,0.685,1.0,0.5,1.0,0.5,0.0,0.0,0.0,0.0,0.0,0.0,1.0,0.5,0.5,0.5,0.5,1.0,0.5,0.5
bbkUGFFjX_c,0.5,0.0,0.0,0.0,0.86,0.0,1.455,2.12,0.6,0.89,1.335,0.6,0.33,0.825,1.25,0.22,0.6699999999999999,0.8300000000000001,0.0,0.5,0.5,0.5,0.0,1.0,0.5,0.0,0.5,1.0,0.5,1.0,0.5,0.5,0.0,0.5,0.5,0.0,0.0
bfn9tndD9iM,0.0,0.975,2.48,1.67,0.0,2.15,0.0,0.0,0.0,0.0,0.0,0.0,0.0,0.0,0.02,0.0,1.9,0.07,0.0,1.0,1.0,0.0,1.0,0.0,0.0,0.0,0.0,0.0,0.0,0.0,0.0,0.0,0.0,1.0,1.0,0.0,0.0
biJBN1vOIDA,0.5,0.975,0.725,0.52,0.0,2.7600000000000002,0.865,0.69,0.0,1.345,1.585,0.16,0.0,0.0,0.085,0.19,1.2149999999999999,0.255,0.0,1.0,0.5,0.5,1.0,0.5,0.5,0.0,0.5,0.5,0.0,0.0,0.0,0.0,0.5,1.0,0.5,0.5,0.0
bj4tLSZnIqM,0.0,0.975,1.3,2.62,0.0,2.67,0.74,2.2,1.44,1.83,1.81,1.25,1.36,0.0,0.0,3.63,4.77,1.65,0.0,1.0,1.0,0.0,1.0,0.0,1.0,0.0,0.0,0.0,0.0,1.0,0.0,0.0,1.0,1.0,1.0,0.0,0.0
bkjKixwujk0,0.0,0.925,2.74,1.53,0.4,1.01,0.69,0.7,0.0,1.82,1.16,0.0,0.0,0.0,1.09,0.0,2.26,2.33,0.19,1.0,1.0,1.0,0.0,0.0,1.0,0.0,1.0,0.0,0.0,0.0,0.0,1.0,0.0,1.0,1.0,0.0,0.0
bqO6iZcLrv4,0.5,0.975,0.13999999999999999,0.0,0.0,0.775,1.175,2.47,0.28,1.205,1.595,1.21,0.025,0.0,0.045,0.04,1.8900000000000001,0.9450000000000001,0.0,0.5,0.0,0.0,0.0,1.0,1.0,1.0,1.0,1.0,1.0,0.5,0.0,0.5,0.0,1.0,0.0,0.0,0.5
bsTb5vMw1dQ,0.5,0.45,1.27,0.8600000000000001,0.11,1.23,0.47,2.46,0.9199999999999999,0.74,0.62,0.8400000000000001,1.085,0.8049999999999999,0.37,0.575,0.49,0.0,0.155,0.5,1.0,0.5,0.5,0.5,1.0,0.0,0.5,0.5,0.5,0.5,1.0,0.5,1.0,0.5,0.0,1.0,0.0
btEYK52Dwsc,0.5,0.975,0.53,0.0,0.915,0.0,2.105,2.54,0.765,2.26,2.035,0.735,0.36,0.285,0.875,0.0,1.855,0.77,0.8150000000000001,1.0,0.5,0.5,0.0,1.0,1.0,1.0,1.0,1.0,1.0,1.0,0.0,1.0,0.0,0.5,0.5,0.0,0.5
bwQ1ifGRKGY,1.0,0.9416666666666668,1.01,0.49,0.6733333333333333,0.03333333333333333,0.65,0.41333333333333333,0.5366666666666667,1.11,1.0999999999999999,0.21,0.0,0.0,0.26333333333333336,0.0,2.4166666666666665,0.66,0.7733333333333333,1.0,0.6666666666666666,0.6666666666666666,0.0,0.3333333333333333,0.0,0.3333333333333333,1.0,0.3333333333333333,0.0,0.3333333333333333,0.0,0.3333333333333333,0.0,1.0,1.0,0.0,0.6666666666666666
bwp3C1HRCzk,4.0,0.6305555555555555,0.5377777777777778,0.19444444444444445,1.0022222222222221,0.38222222222222224,0.7344444444444445,0.9600000000000001,0.5855555555555556,0.5011111111111111,0.6244444444444445,0.9233333333333333,0.5466666666666666,1.0844444444444443,0.7755555555555556,0.26,0.5055555555555555,0.5211111111111111,0.49444444444444446,0.7777777777777778,0.5555555555555556,0.6666666666666666,0.3333333333333333,0.4444444444444444,0.6666666666666666,0.6666666666666666,0.3333333333333333,0.4444444444444444,0.4444444444444444,0.1111111111111111,0.4444444444444444,0.7777777777777778,0.5555555555555556,0.5555555555555556,0.1111111111111111,0.4444444444444444,0.6666666666666666
bxU3BHbt4ZY,0.0,0.975,0.37,0.05,0.0,0.22,1.68,2.29,0.0,1.45,1.65,0.64,1.17,0.97,2.98,0.0,1.54,1.69,0.61,1.0,1.0,1.0,0.0,1.0,1.0,0.0,1.0,1.0,0.0,1.0,0.0,0.0,1.0,1.0,1.0,0.0,1.0
by4HzfWRbT4,0.0,0.925,0.92,0.0,1.68,0.0,2.4,2.06,1.14,1.74,1.59,1.67,0.0,0.02,0.0,0.54,0.2,0.0,0.2,0.0,0.0,1.0,1.0,1.0,1.0,1.0,1.0,1.0,1.0,0.0,0.0,0.0,0.0,0.0,0.0,1.0,0.0
byOqHHUBlVg,0.0,0.975,1.48,2.24,0.98,1.48,0.97,0.51,0.92,0.84,1.04,1.62,0.32,0.0,0.33,0.0,2.2,0.46,0.0,1.0,1.0,0.0,0.0,0.0,1.0,0.0,1.0,1.0,1.0,1.0,0.0,0.0,0.0,1.0,1.0,0.0,0.0
bzjxxzxdeuM,1.0,0.975,1.3166666666666667,1.58,0.6733333333333333,1.21,0.5066666666666667,0.0,0.33666666666666667,0.8466666666666667,0.25333333333333335,0.7733333333333333,0.0,0.17333333333333334,0.3433333333333333,0.11,0.6633333333333333,1.1900000000000002,0.23666666666666666,1.0,0.6666666666666666,0.3333333333333333,0.3333333333333333,0.3333333333333333,0.0,0.3333333333333333,0.3333333333333333,0.0,0.6666666666666666,0.3333333333333333,0.3333333333333333,0.3333333333333333,0.3333333333333333,0.6666666666666666,1.0,0.0,0.0
c-fijV9L28k,1.5,0.7125,0.7175,0.0,0.0575,0.6950000000000001,1.505,0.7575,0.4525,0.88,1.3,1.7249999999999999,0.44499999999999995,0.6275,1.3900000000000001,0.2925,0.9099999999999999,0.7475,0.125,0.5,0.25,0.0,0.5,0.75,0.5,0.5,0.75,0.5,0.75,0.5,0.25,0.5,0.25,0.75,0.5,0.5,0.0
c12zRnFUTdo,0.0,0.975,1.23,1.97,0.0,2.29,0.22,0.58,0.03,1.46,0.81,0.51,0.06,0.59,0.0,0.0,2.04,1.56,0.0,1.0,1.0,1.0,1.0,0.0,0.0,0.0,1.0,0.0,0.0,1.0,0.0,0.0,0.0,1.0,1.0,0.0,0.0
c185R3zpFQk,4.0,0.9249999999999999,0.49666666666666665,0.7833333333333333,0.26,0.6622222222222223,0.1288888888888889,0.8666666666666667,0.12777777777777777,0.4322222222222222,0.33555555555555555,0.0,0.5133333333333333,0.17444444444444446,0.5266666666666667,0.018888888888888886,0.7666666666666667,0.7377777777777778,0.07333333333333332,0.6666666666666666,1.0,0.2222222222222222,0.4444444444444444,0.3333333333333333,0.5555555555555556,0.4444444444444444,0.3333333333333333,0.3333333333333333,0.0,0.7777777777777778,0.2222222222222222,0.8888888888888888,0.1111111111111111,0.6666666666666666,0.7777777777777778,0.1111111111111111,0.5555555555555556
c4kMjhSt73k,0.5,0.975,0.0,0.0,0.0,0.0,1.7799999999999998,2.865,0.465,1.705,2.705,0.855,0.03,0.0,0.025,0.0,1.78,0.1,0.0,0.5,0.5,0.0,0.0,1.0,1.0,1.0,1.0,1.0,1.0,0.0,0.0,0.0,0.0,1.0,0.0,0.0,0.5
c64OjV9lNvw,1.0,0.6416666666666667,1.4133333333333333,0.3733333333333333,0.5966666666666667,0.49666666666666665,0.6766666666666666,1.1133333333333333,0.31666666666666665,0.0,0.6033333333333334,0.23666666666666666,0.0,0.01,0.12333333333333334,0.05333333333333334,0.6066666666666667,0.03333333333333333,0.49,1.0,1.0,0.6666666666666666,0.6666666666666666,0.3333333333333333,0.6666666666666666,0.0,0.3333333333333333,0.3333333333333333,0.3333333333333333,0.0,0.0,0.6666666666666666,0.3333333333333333,0.6666666666666666,0.3333333333333333,0.0,0.6666666666666666
cANij8_TIdI,0.0,0.975,2.11,1.23,0.0,2.12,0.0,0.0,0.0,0.0,0.0,0.46,0.67,0.0,0.0,0.0,1.81,2.28,0.0,1.0,1.0,0.0,1.0,0.0,0.0,0.0,0.0,0.0,0.0,1.0,0.0,0.0,0.0,1.0,1.0,0.0,0.0
cBXHIQdKWBM,0.5,0.95,0.41,0.0,0.27,0.0,2.145,2.02,0.375,1.2349999999999999,1.585,0.695,0.02,0.0,0.33,0.0,2.48,0.38,0.0,1.0,0.5,0.0,0.0,1.0,1.0,0.5,1.0,0.5,0.5,0.0,0.0,0.0,0.0,1.0,0.5,0.0,1.0
cCGGFF_fq8k,3.0,0.8250000000000001,0.5599999999999999,0.21142857142857144,0.6985714285714286,0.7485714285714286,0.5257142857142857,0.7242857142857143,0.6442857142857142,0.6014285714285714,0.65,0.8899999999999999,0.09571428571428572,0.004285714285714286,0.38,0.025714285714285714,0.5142857142857143,0.49571428571428566,0.09,0.5714285714285714,0.7142857142857143,0.5714285714285714,0.42857142857142855,0.42857142857142855,0.5714285714285714,0.42857142857142855,0.7142857142857143,0.5714285714285714,0.7142857142857143,0.5714285714285714,0.14285714285714285,0.7142857142857143,0.14285714285714285,0.5714285714285714,0.42857142857142855,0.14285714285714285,0.5714285714285714
cDa3rn2haL4,1.0,0.9416666666666668,0.57,0.52,0.21333333333333335,1.5700000000000003,0.0,0.0,0.04666666666666667,0.08666666666666667,0.10333333333333333,0.0,0.27999999999999997,0.0,0.09333333333333334,0.13999999999999999,0.3066666666666667,0.22666666666666668,0.006666666666666667,0.6666666666666666,1.0,0.3333333333333333,0.6666666666666666,0.0,0.3333333333333333,0.0,0.0,0.0,0.0,0.0,0.0,0.6666666666666666,0.3333333333333333,0.3333333333333333,1.0,0.3333333333333333,0.0
cDaBzBo6JOU,0.0,0.975,1.54,0.74,0.34,1.37,0.41,1.97,0.75,1.54,1.67,1.55,0.0,0.0,0.0,0.0,0.3,0.0,0.0,0.0,1.0,0.0,1.0,0.0,1.0,0.0,0.0,1.0,1.0,1.0,0.0,0.0,0.0,0.0,0.0,0.0,0.0
cDfcwMk03SU,0.0,0.975,0.0,0.0,0.0,0.04,1.77,0.99,1.69,2.94,1.89,1.7,0.51,0.0,0.63,0.0,3.32,0.41,0.42,1.0,1.0,0.0,0.0,1.0,0.0,1.0,1.0,1.0,1.0,0.0,0.0,0.0,0.0,1.0,1.0,0.0,0.0
cFSIBImwMR0,0.0,0.925,1.71,0.0,0.0,0.95,1.11,0.0,0.35,0.9,2.0,2.65,0.08,0.18,2.66,0.15,1.69,0.0,0.28,1.0,1.0,0.0,0.0,0.0,0.0,0.0,1.0,1.0,1.0,1.0,0.0,1.0,1.0,1.0,0.0,0.0,1.0
cFSIBImwMR0(1),0.0,0.925,1.71,0.0,0.0,0.95,1.11,0.0,0.35,0.9,2.0,2.65,0.08,0.18,2.66,0.15,1.69,0.0,0.28,1.0,1.0,0.0,0.0,0.0,0.0,0.0,1.0,1.0,1.0,1.0,0.0,1.0,1.0,1.0,0.0,0.0,1.0
cFWKWEGIiOc,0.5,0.975,0.52,0.585,0.0,0.33999999999999997,1.515,0.9199999999999999,0.445,2.2750000000000004,2.69,1.025,0.045,0.295,0.045,0.0,2.365,0.48,0.0,0.5,0.5,0.0,1.0,1.0,1.0,0.5,1.0,1.0,1.0,0.5,0.5,0.0,0.0,1.0,0.5,0.0,0.0
cHc0025eF_4,1.5,0.6625,0.36250000000000004,0.0175,0.11750000000000001,1.55,0.12,0.0,0.1375,1.075,0.765,0.615,0.48,0.1325,0.8675,0.1775,0.085,0.05,0.1,0.25,1.0,0.25,0.75,0.25,0.0,0.0,0.75,0.75,0.5,0.5,0.25,0.75,0.5,0.0,0.25,0.75,0.0
cMKx2sNhyfo,0.5,0.975,0.32,0.11,0.57,0.0,0.71,0.595,0.545,0.675,1.28,1.08,0.0,0.05,0.33,0.34500000000000003,0.77,0.185,0.245,1.0,1.0,0.0,0.5,1.0,0.5,0.0,0.5,1.0,1.0,1.0,0.5,0.5,0.5,0.5,0.5,0.0,0.0
cMfqUT8RW80,0.5,0.95,0.03,0.09,0.01,0.0,0.905,1.555,0.66,0.72,1.145,0.8600000000000001,0.66,0.0,0.64,0.0,1.3900000000000001,0.69,0.485,0.5,0.5,0.0,0.0,0.5,1.0,1.0,0.5,0.5,1.0,0.5,0.0,0.5,0.0,1.0,1.0,0.0,1.0
cNJDwmEiie8,0.0,0.975,3.37,2.73,0.0,0.44,0.0,0.0,0.0,0.0,0.0,0.0,0.0,0.77,0.0,0.0,0.0,0.0,0.58,1.0,1.0,0.0,1.0,0.0,0.0,0.0,0.0,0.0,0.0,0.0,1.0,0.0,0.0,0.0,0.0,0.0,0.0
cNr50q5iEaU,0.5,0.975,1.35,1.08,0.14,1.6600000000000001,0.32,0.02,0.035,0.765,0.47,0.19,0.34,0.42,0.48,0.0,0.23,0.51,0.0,0.5,1.0,0.0,1.0,0.0,0.0,0.0,0.5,1.0,0.5,0.5,0.5,0.5,0.0,0.5,1.0,0.5,0.0
cOwDeDzZK0U,1.5,0.9625,0.5875,0.4125,0.3425,1.82,0.055,0.3875,0.3775,0.025,0.0775,0.105,0.18,0.1725,0.1125,0.0,0.3325,1.0325000000000002,0.1075,0.75,1.0,0.0,0.75,0.25,0.0,0.25,0.0,0.25,0.0,0.5,0.25,0.25,0.0,0.5,1.0,0.25,0.25
cPeu09bCPwA,2.5,0.5375,0.3766666666666667,0.018333333333333333,0.385,0.6716666666666667,0.5366666666666667,1.0133333333333334,0.33499999999999996,0.9683333333333333,0.61,0.5366666666666666,0.6933333333333334,0.05666666666666667,0.5650000000000001,0.05333333333333334,0.9316666666666666,0.6816666666666666,0.021666666666666667,0.6666666666666666,0.8333333333333334,0.16666666666666666,0.3333333333333333,0.5,0.3333333333333333,0.3333333333333333,0.5,0.5,0.5,0.6666666666666666,0.0,0.5,0.16666666666666666,0.3333333333333333,0.16666666666666666,0.5,0.0
cQdlPyDBHcw,0.5,0.925,0.975,0.235,0.725,0.175,1.395,1.365,0.235,1.07,1.495,1.65,0.375,0.0,0.88,0.8799999999999999,1.725,1.045,1.635,0.5,0.0,0.5,0.0,1.0,0.5,0.5,0.5,1.0,0.5,0.5,0.0,0.5,1.0,1.0,0.5,0.5,1.0
cRop2TQOFOw,1.5,0.9,0.52,0.0,0.5125,0.4125,1.2125,0.325,0.89,0.8200000000000001,1.04,1.0274999999999999,0.7474999999999999,0.355,0.7125,0.165,0.9750000000000001,0.6225,0.46249999999999997,0.5,0.5,0.75,0.5,0.75,0.5,0.25,1.0,0.5,0.5,0.75,0.25,0.5,0.75,0.75,0.25,0.0,0.5
cVkJ6Qn5JNI,0.0,0.975,0.0,0.0,0.0,0.46,1.27,0.88,1.27,1.82,1.77,1.55,0.0,0.0,0.0,0.0,1.67,0.35,0.0,0.0,1.0,0.0,0.0,1.0,1.0,1.0,1.0,1.0,1.0,1.0,0.0,0.0,0.0,1.0,1.0,0.0,0.0
cW7IXyH60VE,2.5,0.7916666666666666,0.3566666666666667,0.27666666666666667,0.215,1.0983333333333334,0.20666666666666667,0.7566666666666667,0.3116666666666667,0.5566666666666666,0.5800000000000001,0.29333333333333333,0.44,0.2833333333333333,0.7216666666666667,0.0,0.6633333333333334,0.35000000000000003,0.21833333333333335,0.5,0.8333333333333334,0.16666666666666666,0.5,0.3333333333333333,0.6666666666666666,0.16666666666666666,0.3333333333333333,0.16666666666666666,0.3333333333333333,0.3333333333333333,0.0,0.5,0.0,0.6666666666666666,0.6666666666666666,0.3333333333333333,0.3333333333333333
cZxCDeyNN0g,0.0,0.975,0.0,0.0,0.0,0.52,1.19,0.31,0.0,1.34,2.06,1.39,0.0,0.0,0.0,0.0,1.4,0.0,0.0,1.0,1.0,0.0,1.0,1.0,1.0,0.0,1.0,1.0,1.0,0.0,0.0,0.0,0.0,1.0,1.0,1.0,0.0
cfIkMJHx5RI,0.5,0.975,2.19,1.305,0.4,0.895,0.35,0.055,0.075,1.6400000000000001,1.17,1.935,0.415,0.03,0.315,0.0,1.65,0.42000000000000004,0.63,1.0,1.0,0.5,0.0,0.5,0.5,0.5,1.0,1.0,1.0,1.0,0.0,0.5,0.0,0.5,1.0,0.0,0.5
cfgd4erLBL4,0.0,0.875,4.51,5.0,0.0,4.41,0.0,0.0,0.0,0.0,1.02,0.0,0.84,0.0,1.23,0.0,3.2,0.0,0.0,1.0,1.0,0.0,1.0,0.0,0.0,0.0,0.0,1.0,0.0,1.0,0.0,0.0,0.0,1.0,1.0,0.0,0.0
cgCt4TRvrmo,1.0,0.9583333333333334,0.42333333333333334,0.0,0.24666666666666667,0.3166666666666667,0.4666666666666666,2.203333333333333,0.3066666666666667,0.5233333333333333,0.24,0.0,2.096666666666667,0.0,0.09000000000000001,0.02666666666666667,0.8500000000000001,0.27,0.6533333333333333,0.3333333333333333,0.0,0.6666666666666666,0.0,0.3333333333333333,0.3333333333333333,0.3333333333333333,0.3333333333333333,0.0,0.0,1.0,0.0,0.6666666666666666,0.0,0.6666666666666666,0.0,0.3333333333333333,0.6666666666666666
ciBt2cteN-U,0.5,0.4375,0.845,0.0,0.04,1.135,0.7949999999999999,0.6599999999999999,0.15,1.15,0.73,0.255,0.325,0.0,0.97,0.0,1.045,0.0,0.045,0.5,0.5,0.5,0.5,0.0,0.5,0.5,1.0,0.5,0.5,0.5,0.0,0.5,0.5,1.0,0.5,0.5,0.5
cifzQypGnnM,1.0,0.6416666666666667,0.7766666666666667,0.42,0.7733333333333334,2.6266666666666665,0.0,0.16333333333333333,0.0,0.0,0.2833333333333333,0.0,0.41,0.013333333333333334,0.0,0.38999999999999996,0.09999999999999999,0.41,0.11333333333333334,1.0,0.6666666666666666,1.0,0.6666666666666666,0.0,0.6666666666666666,0.0,0.3333333333333333,0.0,0.3333333333333333,0.6666666666666666,0.0,0.0,0.6666666666666666,0.6666666666666666,0.6666666666666666,0.6666666666666666,0.0
ckgTnTg9TPw,1.0,0.9583333333333334,1.1233333333333333,1.1333333333333335,0.39999999999999997,0.6333333333333333,1.58,1.1966666666666665,1.0033333333333332,1.5166666666666666,1.72,2.0,0.0,0.10333333333333333,0.45999999999999996,0.18333333333333335,1.6066666666666667,0.26666666666666666,0.13,1.0,0.6666666666666666,0.3333333333333333,0.3333333333333333,0.6666666666666666,1.0,0.6666666666666666,0.6666666666666666,1.0,1.0,0.3333333333333333,0.0,0.6666666666666666,0.3333333333333333,0.6666666666666666,0.3333333333333333,0.0,0.0
cm9m-gyMlXs,0.0,0.975,0.47,0.5,0.89,0.0,0.0,0.0,0.0,0.0,0.0,0.0,0.45,0.0,0.0,0.0,0.08,0.0,1.27,1.0,1.0,1.0,0.0,0.0,0.0,0.0,0.0,0.0,0.0,1.0,0.0,0.0,0.0,0.0,0.0,1.0,1.0
cmBaWYIfR5c,1.5,0.9,1.715,1.9425000000000001,0.4575,2.5949999999999998,0.24250000000000002,0.175,0.06,0.895,0.47,1.26,0.44499999999999995,0.7075,0.085,0.64,0.87,0.985,0.1,1.0,0.75,0.25,0.75,0.0,0.25,0.0,0.25,0.5,0.5,0.25,0.0,0.5,0.75,1.0,1.0,0.75,0.0
cmv5gtLAWPM,0.0,0.975,1.18,0.0,0.0,0.0,2.24,3.1,0.32,2.95,3.25,1.63,0.0,0.0,0.0,0.41,2.35,0.66,0.39,1.0,0.0,0.0,0.0,1.0,1.0,0.0,1.0,1.0,1.0,0.0,0.0,0.0,1.0,1.0,0.0,0.0,1.0
cnkfymvUoGI,0.5,0.925,1.085,0.38,0.98,0.425,0.575,2.25,0.235,0.0,0.755,0.0,0.28,0.07,0.855,0.39,1.205,1.6500000000000001,0.27,0.5,0.5,0.5,0.5,0.5,1.0,0.0,0.0,0.5,0.0,0.5,0.0,0.5,1.0,0.5,1.0,0.5,0.5
cntVFWMLfFI,1.0,0.9583333333333334,0.7833333333333333,0.31333333333333335,0.38666666666666666,0.5,0.66,1.7933333333333332,0.14333333333333334,0.53,0.86,0.6933333333333334,0.01,0.013333333333333334,0.05333333333333334,0.0,0.8366666666666666,0.59,0.0,1.0,0.3333333333333333,0.3333333333333333,0.3333333333333333,0.6666666666666666,1.0,0.3333333333333333,0.3333333333333333,0.6666666666666666,0.6666666666666666,0.3333333333333333,0.0,0.3333333333333333,0.0,0.6666666666666666,0.3333333333333333,0.0,0.3333333333333333
coIXi26Ktk8,2.0,0.525,1.084,0.324,0.052000000000000005,1.024,0.924,1.1520000000000001,0.188,1.318,0.9040000000000001,0.7160000000000001,0.914,0.172,0.588,0.248,0.78,0.446,0.162,0.8,0.8,0.0,0.6,0.4,0.8,0.2,0.8,0.4,0.4,0.8,0.2,0.2,0.2,0.4,0.4,0.4,0.2
coayhixmBBk,1.5,0.9375,0.20500000000000002,0.0575,0.0,0.7925000000000001,1.2775,1.0025,0.1325,1.17,1.8625,0.7025,0.0,0.0,0.6325,0.0725,1.6600000000000001,0.6325000000000001,0.0,0.75,0.75,0.0,0.25,1.0,0.75,0.75,1.0,1.0,0.75,0.25,0.0,1.0,0.25,1.0,0.75,0.0,0.0
cp0wyuBU7Oc,0.5,0.5,1.4849999999999999,0.37,1.07,1.38,0.07,0.065,0.0,0.545,0.0,1.08,0.435,0.67,0.375,0.39,0.205,0.385,0.035,1.0,1.0,0.5,1.0,0.0,0.0,0.0,0.5,0.0,1.0,0.5,0.5,0.5,0.5,0.0,0.0,1.0,0.0
crsuIRAr0rE,0.5,0.925,0.14,0.24,0.775,1.255,0.095,0.0,0.0,1.12,0.49,0.405,0.34,0.02,0.0,0.0,0.75,1.635,0.225,1.0,1.0,0.5,0.0,0.0,0.0,0.0,0.5,0.0,0.5,0.5,0.0,0.5,0.0,0.5,1.0,0.5,0.0
cwklx0IhAxs,0.0,0.975,0.25,0.0,0.27,0.1,0.16,0.6,0.0,1.64,1.14,0.0,0.0,0.0,0.0,0.0,2.52,2.23,0.0,1.0,1.0,1.0,1.0,0.0,0.0,0.0,1.0,0.0,0.0,1.0,0.0,1.0,0.0,1.0,1.0,0.0,1.0
d2I4jSEAHyc,0.0,0.025,1.92,0.23,0.73,0.27,0.0,0.0,0.89,0.41,0.0,0.83,1.36,1.07,0.0,0.13,0.0,3.37,0.0,1.0,1.0,0.0,0.0,0.0,0.0,1.0,0.0,0.0,0.0,1.0,1.0,1.0,0.0,0.0,1.0,1.0,0.0
d3dRw-098OQ,1.5,0.925,0.095,0.0,0.2775,0.0,2.41,1.255,0.4575,1.1125,1.4949999999999999,1.6549999999999998,0.42,0.5775,0.92,0.4725,0.0,0.0,0.6325000000000001,0.0,0.0,0.25,0.0,1.0,0.75,0.75,0.75,1.0,1.0,0.25,0.5,1.0,0.25,0.0,0.0,0.0,0.25
d5z3vG74xmY,1.5,0.9,0.9424999999999999,0.9525,0.0,1.3625,0.81,0.6325,0.36,1.625,0.375,0.2125,0.855,0.3,0.3425,0.3275,0.8475,1.1199999999999999,0.0525,0.75,1.0,0.25,0.5,0.25,0.25,0.25,0.5,0.0,0.0,0.75,0.25,0.25,0.5,0.5,0.5,0.75,0.25
d8Pm0p-g23k,0.0,0.975,0.0,0.0,0.08,0.0,3.0,2.22,1.9,1.88,3.31,1.09,0.0,0.0,0.33,0.0,2.91,0.28,1.51,0.0,0.0,1.0,0.0,1.0,1.0,1.0,1.0,1.0,1.0,0.0,0.0,0.0,0.0,1.0,1.0,0.0,1.0
dD3jQhawZ7g,5.0,0.6727272727272727,0.7436363636363637,0.10181818181818182,0.4209090909090909,0.2863636363636364,0.14181818181818182,0.8027272727272727,0.1781818181818182,0.36,0.36272727272727273,0.3090909090909091,0.5618181818181818,0.4581818181818182,0.6536363636363637,0.2,0.4754545454545455,0.4563636363636363,0.005454545454545454,0.9090909090909091,1.0,0.45454545454545453,0.45454545454545453,0.36363636363636365,0.7272727272727273,0.09090909090909091,0.2727272727272727,0.2727272727272727,0.45454545454545453,0.7272727272727273,0.45454545454545453,0.36363636363636365,0.36363636363636365,0.6363636363636364,0.36363636363636365,0.09090909090909091,0.2727272727272727
dFB91YBhoYY,1.0,0.9583333333333334,0.6966666666666667,0.0,0.06,0.4066666666666667,1.24,2.1633333333333336,0.5166666666666667,1.06,1.3500000000000003,0.7033333333333333,0.0,0.0,1.4733333333333334,0.15666666666666665,1.5966666666666667,0.75,0.006666666666666667,0.6666666666666666,0.0,0.3333333333333333,1.0,1.0,0.3333333333333333,0.6666666666666666,1.0,1.0,0.6666666666666666,0.3333333333333333,0.0,1.0,0.6666666666666666,1.0,0.6666666666666666,0.0,0.0
dGM9kDXdWcQ,0.5,0.0,0.0,0.0,0.0,0.0,1.4200000000000002,0.12,0.47500000000000003,0.96,1.5499999999999998,2.415,0.195,0.705,1.235,0.06,0.545,0.8200000000000001,0.03,0.0,0.0,0.0,0.0,1.0,0.5,0.5,1.0,1.0,1.0,1.0,0.5,1.0,0.0,1.0,0.5,0.5,0.0
dKYTWDErNzo,0.5,0.47500000000000003,0.27,0.99,0.36,1.655,0.155,0.0,0.0,0.13,0.28500000000000003,0.66,0.0,0.0,0.395,0.16,1.61,1.4400000000000002,0.06,1.0,1.0,1.0,0.5,0.0,0.0,0.0,0.0,0.0,0.5,0.0,0.0,0.0,0.5,1.0,1.0,0.0,0.5
dKcEfMqLatw,3.0,0.8142857142857143,0.5971428571428571,0.027142857142857142,0.23285714285714285,0.9085714285714286,0.24571428571428572,0.4614285714285714,0.24714285714285714,0.35285714285714287,0.1742857142857143,0.5085714285714286,0.5014285714285714,0.20428571428571426,0.42,0.21857142857142858,0.24285714285714285,0.8285714285714285,0.08285714285714285,0.42857142857142855,0.7142857142857143,0.5714285714285714,0.7142857142857143,0.14285714285714285,0.42857142857142855,0.0,0.2857142857142857,0.14285714285714285,0.5714285714285714,0.7142857142857143,0.2857142857142857,0.5714285714285714,0.14285714285714285,0.2857142857142857,0.5714285714285714,0.2857142857142857,0.14285714285714285
dLo695R9_oU,0.5,0.95,0.925,0.345,1.005,1.98,0.27,1.125,0.48,1.27,0.56,0.83,0.0,0.0,0.54,0.0,2.35,0.25,0.0,0.5,1.0,0.0,0.5,0.0,0.5,0.0,1.0,0.5,0.5,1.0,0.0,0.5,0.0,1.0,1.0,0.5,0.0
dOYkqc9ec1I,0.0,0.975,1.48,1.65,1.4,1.14,0.0,2.05,0.02,0.0,0.0,0.0,0.0,0.01,0.0,0.0,0.98,1.41,0.44,1.0,1.0,0.0,1.0,0.0,1.0,0.0,0.0,0.0,0.0,1.0,0.0,0.0,0.0,1.0,1.0,0.0,1.0
dSpW5Xc180Q,0.0,0.975,1.3,0.03,0.13,0.0,1.92,1.61,0.17,0.98,2.31,2.58,0.0,0.0,0.44,0.24,3.24,1.24,0.31,1.0,1.0,0.0,0.0,1.0,1.0,1.0,1.0,1.0,1.0,1.0,0.0,1.0,1.0,1.0,1.0,0.0,0.0
dVWiQDALCoY,0.5,0.925,0.565,0.0,0.7,1.8,0.0,0.15,0.17,1.705,0.11,0.885,1.02,1.28,0.33,0.195,0.89,0.95,0.0,1.0,1.0,0.5,0.5,0.0,0.0,0.0,0.5,0.0,0.5,1.0,0.5,0.0,0.5,0.5,0.5,0.5,0.5
dZdOnCkA988,1.0,0.9583333333333334,1.3399999999999999,0.34,0.26,0.16,2.52,1.6466666666666665,0.20666666666666667,2.43,2.0933333333333333,1.0,0.3066666666666667,0.6966666666666667,0.17666666666666667,0.15666666666666665,1.4466666666666665,0.0,0.0,1.0,0.6666666666666666,0.3333333333333333,0.0,1.0,1.0,0.0,1.0,1.0,0.6666666666666666,0.6666666666666666,0.3333333333333333,0.0,0.0,0.6666666666666666,0.3333333333333333,0.3333333333333333,0.0
datYaDOz2R8,0.0,0.975,2.13,2.43,0.0,1.52,0.0,0.0,0.0,0.0,0.42,0.0,0.0,0.18,1.17,0.22,0.0,0.0,0.0,1.0,1.0,0.0,1.0,0.0,0.0,0.0,0.0,0.0,0.0,1.0,0.0,1.0,0.0,0.0,0.0,1.0,0.0
decQL8TcTPQ,3.0,0.975,0.13,0.23857142857142857,0.1842857142857143,0.5928571428571429,0.8885714285714286,0.8828571428571428,0.29857142857142854,0.7028571428571428,1.477142857142857,0.7028571428571428,0.002857142857142857,0.0,0.07428571428571429,0.03142857142857143,1.7014285714285715,0.6071428571428571,0.11857142857142858,0.14285714285714285,0.42857142857142855,0.14285714285714285,0.5714285714285714,0.5714285714285714,0.2857142857142857,0.7142857142857143,0.7142857142857143,0.8571428571428571,0.5714285714285714,0.14285714285714285,0.0,0.14285714285714285,0.0,0.8571428571428571,0.5714285714285714,0.14285714285714285,0.2857142857142857
dh5czgZJIwo,0.5,0.925,0.775,1.21,0.23,1.9200000000000002,0.02,0.405,0.0,0.105,0.875,0.7,0.0,0.0,0.135,0.0,2.2199999999999998,0.715,0.0,1.0,1.0,0.0,1.0,0.5,0.0,0.0,0.5,0.5,1.0,0.0,0.0,0.5,0.0,1.0,0.5,0.0,0.0
dlHS2kdmxNE,2.5,0.975,0.3666666666666667,0.06333333333333334,0.2633333333333333,0.25333333333333335,0.8416666666666667,1.14,0.12166666666666666,0.7466666666666667,1.5666666666666667,1.03,0.0033333333333333335,0.04833333333333333,0.4166666666666667,0.13166666666666668,1.0933333333333335,0.37333333333333335,0.0,0.5,0.6666666666666666,0.0,0.6666666666666666,0.6666666666666666,0.6666666666666666,0.0,0.6666666666666666,0.6666666666666666,0.8333333333333334,0.16666666666666666,0.16666666666666666,0.6666666666666666,0.16666666666666666,0.6666666666666666,0.6666666666666666,0.0,0.16666666666666666
doapxNsSkrY,0.0,0.825,2.03,0.28,0.0,0.98,0.21,0.97,0.0,0.0,0.44,1.3,1.53,0.0,0.0,5.0,0.0,0.0,0.0,1.0,1.0,0.0,0.0,0.0,1.0,0.0,0.0,1.0,1.0,1.0,1.0,0.0,1.0,0.0,0.0,0.0,0.0
dqB5LB7i-30,0.5,0.925,1.455,0.03,1.73,0.0,2.6500000000000004,1.88,0.615,2.625,2.895,0.695,0.0,0.08,0.18,0.2,2.66,0.18,0.03,1.0,0.0,1.0,0.5,1.0,0.5,0.5,1.0,1.0,0.5,0.0,0.0,0.0,0.5,1.0,0.5,0.0,0.0
dtq3cGT8MGM,0.0,0.925,0.65,0.0,0.09,0.0,0.06,2.38,1.9,1.89,0.0,0.49,0.67,1.88,0.0,0.0,1.03,0.28,1.62,1.0,1.0,1.0,0.0,0.0,1.0,1.0,1.0,0.0,0.0,0.0,1.0,1.0,0.0,1.0,0.0,0.0,1.0
dtzX0da4h9k,2.0,0.775,0.6679999999999999,0.098,0.32599999999999996,0.562,0.89,0.22199999999999998,0.43199999999999994,0.7340000000000001,1.486,0.45199999999999996,1.388,0.036,0.6699999999999999,0.034,1.584,0.31799999999999995,0.562,0.4,1.0,0.4,0.4,0.8,0.4,0.2,0.4,0.8,0.6,0.8,0.2,0.2,0.2,0.8,0.4,0.0,0.6
dumd2OhjSFI,0.0,0.975,0.3,0.0,0.0,0.0,0.2,0.09,1.13,1.2,0.0,0.0,0.0,0.0,0.2,0.35,0.0,0.0,0.0,0.0,0.0,0.0,0.0,1.0,1.0,1.0,1.0,0.0,0.0,1.0,0.0,1.0,0.0,0.0,0.0,1.0,1.0
dvbJCDZuWhc,3.5,0.79375,0.09125,0.16625,0.20875,0.62,0.3425,0.46875,0.37,0.16249999999999998,0.37,0.35,0.31375,0.59625,0.12125000000000001,0.2025,0.115,0.18125000000000002,0.04,0.875,0.75,0.125,0.375,0.5,0.375,0.5,0.125,0.375,0.375,0.5,0.5,0.125,0.125,0.25,0.125,0.25,0.375
dwaGrJ65gUg,1.0,0.9583333333333334,0.54,0.33666666666666667,0.7866666666666667,0.9833333333333334,0.02,0.22333333333333336,0.4533333333333333,0.21,0.0,0.0,0.05333333333333334,0.0,0.0,0.0,0.8866666666666667,0.9166666666666666,0.5066666666666667,0.6666666666666666,0.6666666666666666,0.6666666666666666,0.3333333333333333,0.0,0.0,0.0,0.0,0.0,0.3333333333333333,0.3333333333333333,0.0,0.3333333333333333,0.0,0.6666666666666666,0.6666666666666666,0.3333333333333333,0.3333333333333333
dy-A9_Vr7OI,2.5,0.9666666666666667,0.22666666666666666,0.12,0.18333333333333335,1.055,0.4749999999999999,0.3466666666666667,0.13333333333333333,0.445,0.7566666666666667,0.48,0.13166666666666668,0.0,0.006666666666666667,0.07833333333333332,1.345,0.37333333333333335,0.06833333333333333,0.5,0.3333333333333333,0.0,0.6666666666666666,0.3333333333333333,0.3333333333333333,0.3333333333333333,0.5,0.3333333333333333,0.6666666666666666,0.16666666666666666,0.0,0.16666666666666666,0.16666666666666666,0.6666666666666666,0.5,0.0,0.16666666666666666
dzg9C7KsP4M,0.5,0.975,0.49,0.395,2.535,0.0,0.65,1.4,0.76,1.475,0.395,0.54,0.595,0.0,1.29,0.0,3.08,2.1550000000000002,0.23,0.5,0.5,1.0,0.0,0.5,1.0,1.0,1.0,0.0,0.0,0.5,0.0,0.5,0.0,1.0,1.0,0.0,0.5
e0pA38VUHEs,0.5,0.925,1.275,0.36,0.56,0.5900000000000001,0.545,1.2650000000000001,0.31,0.815,0.125,1.065,0.855,0.31,0.665,0.0,0.43,1.77,0.0,0.5,0.5,1.0,1.0,1.0,0.5,0.0,0.5,0.0,1.0,1.0,0.5,1.0,0.0,1.0,1.0,0.0,0.0
e2W9UaVhsX0,0.5,0.95,0.81,0.375,0.34,0.41500000000000004,3.3200000000000003,2.445,0.43,2.8200000000000003,3.385,1.9649999999999999,0.0,0.0,0.0,0.25,3.25,1.765,0.0,0.0,0.0,0.0,0.0,1.0,1.0,0.5,1.0,1.0,1.0,0.0,0.0,0.0,0.0,1.0,1.0,1.0,0.0
e5mAUbRosCY,12.5,0.23365384615384616,0.32961538461538464,0.011538461538461537,0.24076923076923076,0.5261538461538462,0.5226923076923077,1.2853846153846153,0.4061538461538462,0.25153846153846154,0.36076923076923073,0.49076923076923074,0.7507692307692307,0.86,1.1715384615384616,0.5880769230769232,0.10538461538461538,0.4476923076923077,0.19076923076923077,0.5,0.6923076923076923,0.38461538461538464,0.38461538461538464,0.46153846153846156,0.6538461538461539,0.23076923076923078,0.3076923076923077,0.38461538461538464,0.46153846153846156,0.7307692307692307,0.6923076923076923,0.8076923076923077,0.6538461538461539,0.23076923076923078,0.07692307692307693,0.5,0.46153846153846156
e7eggKProwI,5.0,0.7363636363636363,0.4772727272727273,0.25,0.5581818181818181,0.8472727272727273,0.4027272727272727,0.3972727272727273,0.2927272727272727,0.2772727272727273,0.6181818181818182,0.5445454545454544,0.4327272727272727,0.47818181818181815,0.33636363636363636,0.07090909090909091,0.5218181818181818,0.10727272727272728,0.056363636363636366,0.7272727272727273,0.9090909090909091,0.45454545454545453,0.6363636363636364,0.36363636363636365,0.36363636363636365,0.36363636363636365,0.45454545454545453,0.5454545454545454,0.5454545454545454,0.6363636363636364,0.45454545454545453,0.5454545454545454,0.09090909090909091,0.2727272727272727,0.2727272727272727,0.2727272727272727,0.09090909090909091
e8d-RyhSehM,0.0,0.975,2.37,1.63,0.77,0.0,1.41,0.0,0.4,0.54,0.74,2.26,0.19,2.02,1.35,0.85,0.83,0.0,0.97,1.0,1.0,0.0,0.0,1.0,0.0,0.0,0.0,0.0,1.0,0.0,1.0,0.0,1.0,1.0,0.0,0.0,1.0
eB_2R_Pockc,0.0,0.975,1.03,0.92,0.0,0.0,1.09,1.52,0.0,1.12,1.94,0.45,0.0,0.0,0.0,0.0,1.43,0.34,1.01,1.0,1.0,0.0,0.0,1.0,1.0,0.0,1.0,1.0,1.0,0.0,0.0,0.0,0.0,1.0,0.0,0.0,1.0
eFu2w2KX4ss,0.5,0.875,0.86,0.0,0.945,1.3050000000000002,0.32,0.27,0.72,0.135,0.0,0.015,1.46,0.305,0.0,0.205,0.28500000000000003,1.74,0.17,1.0,0.5,1.0,0.5,0.0,0.0,0.5,0.0,0.0,0.5,0.5,0.5,0.0,0.5,0.5,0.5,1.0,0.0
eJukunJZDU8,0.0,0.975,1.61,0.85,0.44,0.41,0.19,0.0,0.0,3.21,0.0,0.0,0.42,0.0,2.43,0.0,1.61,0.79,0.98,1.0,1.0,1.0,0.0,0.0,0.0,0.0,1.0,0.0,0.0,0.0,0.0,1.0,0.0,1.0,0.0,1.0,0.0
eKPzWxJ4nKI,0.0,0.975,0.5,0.0,0.0,0.34,0.0,0.32,0.0,0.0,0.0,0.0,0.85,0.74,0.0,0.0,0.0,0.75,0.0,1.0,0.0,0.0,1.0,0.0,0.0,0.0,0.0,0.0,0.0,1.0,0.0,0.0,0.0,0.0,0.0,0.0,1.0
eOyIpRJqw20,0.0,0.975,1.95,0.22,1.29,0.88,0.93,0.0,0.9,0.78,1.05,0.87,0.0,0.0,0.0,0.12,2.32,1.86,0.0,1.0,0.0,0.0,0.0,0.0,1.0,1.0,1.0,1.0,0.0,0.0,0.0,0.0,0.0,1.0,1.0,1.0,0.0
eQgF7_x5fmY,0.0,0.975,1.27,1.39,0.0,0.23,0.92,0.11,0.76,1.84,2.1,0.74,0.08,0.0,0.75,0.0,3.44,0.48,1.89,1.0,1.0,0.0,0.0,0.0,0.0,0.0,1.0,1.0,1.0,0.0,0.0,0.0,0.0,1.0,1.0,0.0,1.0
eSjAFI-wdic,1.0,0.9583333333333334,1.6933333333333334,2.2866666666666666,0.0,3.0933333333333337,0.3,0.38666666666666666,0.02666666666666667,0.9366666666666666,1.1266666666666667,0.7000000000000001,0.0,0.0,0.0,0.09999999999999999,1.3933333333333333,1.01,0.15666666666666665,1.0,1.0,0.0,1.0,0.3333333333333333,0.3333333333333333,0.0,0.3333333333333333,0.6666666666666666,0.6666666666666666,0.3333333333333333,0.0,0.0,0.3333333333333333,1.0,1.0,0.3333333333333333,0.0
eTx-r4ZI0Q0,0.5,0.975,1.075,0.405,0.34,0.65,0.645,1.645,0.0,0.53,0.92,0.0,0.26,0.0,0.2,0.0,1.04,0.165,0.0,1.0,1.0,0.0,1.0,0.5,0.5,0.0,0.5,0.5,0.5,0.5,0.0,0.5,0.0,1.0,0.0,0.0,0.0
eUmMxxACvLU,0.0,0.975,0.64,0.0,0.0,0.0,2.61,2.54,0.0,2.95,3.65,2.02,0.0,0.0,0.39,0.51,3.54,1.65,0.1,1.0,0.0,0.0,0.0,1.0,0.0,0.0,1.0,1.0,1.0,0.0,0.0,0.0,1.0,1.0,1.0,0.0,0.0
eUxW9-M-cHU,1.0,0.9416666666666668,0.96,0.5166666666666666,0.39666666666666667,1.3499999999999999,0.26333333333333336,0.0,0.0,0.09333333333333334,0.21666666666666667,0.36999999999999994,0.12,0.11,0.03333333333333333,0.0,0.8633333333333333,0.8666666666666667,0.25666666666666665,0.6666666666666666,0.6666666666666666,0.3333333333333333,0.6666666666666666,0.3333333333333333,0.3333333333333333,0.0,0.3333333333333333,0.3333333333333333,0.3333333333333333,0.3333333333333333,0.0,0.0,0.0,0.6666666666666666,0.6666666666666666,0.0,0.3333333333333333
eYvf1qMp5pQ,0.5,0.95,0.775,0.61,0.0,0.395,1.1400000000000001,0.915,0.37,1.44,1.41,0.0,0.0,0.0,0.0,0.0,2.25,1.365,0.81,0.5,0.5,0.0,0.0,1.0,0.5,0.5,1.0,1.0,0.5,0.5,0.0,0.0,0.0,1.0,1.0,0.0,0.0
ecv6X5ZWGnQ,0.5,0.975,0.5449999999999999,0.0,1.215,0.045,1.295,1.425,1.385,1.6,1.38,1.1199999999999999,0.495,0.0,0.15,0.325,1.6400000000000001,0.935,0.115,0.5,0.5,0.5,0.0,0.5,1.0,1.0,1.0,1.0,0.5,1.0,0.0,0.0,0.5,1.0,1.0,0.0,0.5
eiP4XJAsrLY,0.0,0.975,1.55,2.53,0.0,1.0,2.15,0.0,0.18,2.2,1.69,0.0,0.05,0.0,0.0,0.0,2.02,0.8,0.0,1.0,1.0,0.0,1.0,1.0,0.0,0.0,1.0,1.0,0.0,1.0,0.0,0.0,0.0,1.0,1.0,0.0,0.0
ejnZYVzPPLw,0.0,0.975,2.21,3.22,0.22,2.13,0.82,1.65,0.05,0.09,0.71,0.0,0.0,0.0,0.0,0.0,2.25,0.47,0.0,1.0,1.0,1.0,1.0,1.0,1.0,0.0,1.0,0.0,0.0,0.0,0.0,1.0,0.0,1.0,1.0,0.0,0.0
emt2OKarVZM,0.5,0.525,1.74,0.805,0.0,1.605,0.375,1.205,0.005,0.0,0.405,0.0,0.5,0.445,0.77,0.3,0.0,0.6,0.215,1.0,1.0,1.0,0.5,0.5,0.5,0.0,0.0,1.0,0.0,0.5,0.5,1.0,1.0,0.0,0.0,0.5,1.0
eqqVFOvtOcs,0.5,0.975,0.585,0.31,0.0,0.0,2.315,2.695,0.18,2.125,2.84,1.015,0.0,0.0,0.035,0.245,2.215,0.65,0.0,0.5,0.5,0.0,0.0,1.0,1.0,0.0,1.0,1.0,1.0,0.0,0.0,0.0,0.5,1.0,0.5,0.0,0.5
euOfRk3mInE,1.5,0.9,0.51,0.2375,0.225,1.08,0.7925,1.42,0.1775,0.9475,1.135,0.9724999999999999,0.4375,0.855,0.35250000000000004,0.265,0.1275,0.1175,0.0075,0.5,0.5,0.0,0.75,0.75,0.5,0.0,1.0,1.0,0.5,0.75,0.75,0.5,0.25,0.25,0.0,0.5,0.0
evIUyVRHfIc,1.0,0.975,0.18999999999999997,0.29,0.45,1.4233333333333336,0.5666666666666667,0.7999999999999999,0.8700000000000001,0.7133333333333334,0.6966666666666667,0.31666666666666665,0.24333333333333332,0.2733333333333333,0.0,0.0,0.86,0.6133333333333333,0.0,0.6666666666666666,0.6666666666666666,0.3333333333333333,0.6666666666666666,0.3333333333333333,0.6666666666666666,0.6666666666666666,0.3333333333333333,0.6666666666666666,0.6666666666666666,0.3333333333333333,0.3333333333333333,0.0,0.0,0.6666666666666666,0.6666666666666666,0.0,0.0
evTFGDVlQ4s,2.0,0.9550000000000001,0.304,0.076,0.32199999999999995,0.524,0.618,0.364,0.078,0.33799999999999997,0.304,0.08600000000000001,0.20800000000000002,0.0,0.0,0.0,1.076,0.9720000000000001,0.294,0.6,0.8,0.6,0.2,0.4,0.2,0.2,0.2,0.2,0.4,0.4,0.0,0.8,0.0,0.6,0.6,0.2,0.2
exB--zv3N4U,0.0,0.925,0.28,0.64,0.0,0.34,0.0,0.0,0.0,0.05,0.21,0.0,0.0,0.0,0.0,0.0,0.05,0.26,0.0,1.0,1.0,0.0,1.0,0.0,0.0,0.0,0.0,0.0,0.0,0.0,0.0,0.0,0.0,0.0,0.0,0.0,0.0
eyydfWC9N_w,0.5,0.975,0.0,0.0,0.0,0.38,2.19,2.245,2.25,1.635,1.6,1.045,2.62,0.0,0.015,2.5,2.7649999999999997,2.925,0.645,0.0,0.0,0.0,0.0,1.0,0.5,0.0,0.5,0.5,0.5,0.5,0.0,0.0,0.5,1.0,1.0,0.0,0.0
f0rq_-Wupeg,1.5,0.975,0.49,0.2925,0.060000000000000005,0.385,0.68,0.5425,0.55,0.7725000000000001,0.71,0.26,0.2075,0.0,0.10250000000000001,0.0,1.1775,0.6625,0.0225,0.25,1.0,0.0,0.75,0.5,0.75,1.0,0.5,0.5,0.75,0.5,0.0,0.25,0.0,0.75,0.75,0.5,0.25
f16ujuGgXOo,1.0,0.9416666666666668,1.2533333333333332,0.8833333333333333,0.5866666666666666,2.223333333333333,0.0,0.0,0.0,0.0,0.0,0.0,0.13999999999999999,0.39999999999999997,0.0,0.12,0.5166666666666666,0.9533333333333333,0.0,1.0,0.3333333333333333,0.6666666666666666,1.0,0.0,0.0,0.0,0.0,0.0,0.3333333333333333,0.6666666666666666,0.3333333333333333,0.0,0.6666666666666666,1.0,1.0,0.3333333333333333,0.0
f3uXJY4HiIk,2.5,0.4708333333333334,0.45,0.20833333333333334,0.36000000000000004,0.3466666666666667,0.35333333333333333,0.625,0.17,0.7166666666666667,0.6183333333333333,0.36500000000000005,0.415,0.5733333333333334,0.07166666666666667,0.05000000000000001,0.525,0.08,0.425,0.6666666666666666,0.8333333333333334,0.6666666666666666,0.16666666666666666,0.3333333333333333,0.6666666666666666,0.3333333333333333,0.5,0.3333333333333333,0.3333333333333333,0.5,0.6666666666666666,0.3333333333333333,0.3333333333333333,0.6666666666666666,0.16666666666666666,0.3333333333333333,0.6666666666666666
f4AsvKY-wBk,0.0,0.975,3.17,1.98,0.9,3.95,0.53,0.63,0.0,0.82,0.01,0.0,0.63,0.0,1.33,0.0,4.38,1.59,0.0,1.0,1.0,0.0,1.0,0.0,0.0,0.0,1.0,0.0,0.0,0.0,0.0,1.0,0.0,1.0,1.0,0.0,0.0
f5fD_oFGdzU,0.0,0.975,2.81,2.89,0.0,2.42,0.0,0.0,0.0,0.89,1.36,0.64,0.16,0.0,0.0,0.0,1.42,0.01,0.0,1.0,1.0,0.0,1.0,0.0,0.0,0.0,1.0,1.0,1.0,1.0,0.0,0.0,0.0,1.0,1.0,0.0,0.0
f6UXRBaKPU0,0.5,0.5,0.755,0.19,1.5750000000000002,0.0,1.43,1.875,0.21,1.34,1.6649999999999998,0.8,0.65,0.925,1.35,0.4,0.275,0.0,0.6950000000000001,0.5,0.5,0.5,0.0,1.0,1.0,0.0,1.0,1.0,0.5,1.0,0.5,1.0,0.5,0.5,0.5,0.5,1.0
f706f6KNCEM,0.0,0.975,1.33,0.0,0.41,0.83,0.0,0.0,0.0,0.0,0.0,0.0,0.17,0.0,0.04,0.0,0.78,0.41,0.0,1.0,0.0,1.0,0.0,0.0,0.0,0.0,0.0,0.0,0.0,0.0,0.0,0.0,0.0,1.0,0.0,0.0,0.0
fA0m-LaA_7c,0.5,0.5,1.15,0.32,0.58,1.07,0.2,0.5,0.0,0.595,0.16,0.6799999999999999,0.265,1.64,0.315,0.18,0.675,0.45,0.0,1.0,1.0,0.5,1.0,0.5,0.5,0.0,0.5,0.5,0.5,0.5,0.5,0.5,0.0,0.5,0.5,0.5,0.0
fBKaY6eD5vs,1.5,0.7125,0.6100000000000001,0.35,0.8999999999999999,0.26,0.545,0.49750000000000005,0.315,1.1400000000000001,0.9550000000000001,0.9025,0.3325,0.5599999999999999,0.2225,0.0925,0.8875,0.3425,0.035,0.25,0.25,0.5,0.0,0.25,0.25,0.75,0.75,0.75,0.5,0.25,0.25,0.25,0.0,0.75,0.25,0.0,0.0
fChooDx5q-s,0.5,0.5,0.455,0.0,1.21,0.11,0.2,0.0,0.555,0.275,0.11,0.4,0.23,0.16,0.03,0.0,0.04,0.0,0.075,0.5,1.0,0.5,0.0,0.0,0.5,0.5,0.0,0.0,0.0,0.5,0.0,0.5,0.0,1.0,0.5,0.5,0.0
fD8CxHFngFk,0.0,0.975,0.47,0.0,0.0,1.43,0.0,0.55,0.0,0.21,0.0,0.26,0.91,0.64,0.0,0.0,0.0,0.52,0.16,0.0,1.0,0.0,0.0,0.0,0.0,0.0,0.0,0.0,0.0,1.0,1.0,1.0,0.0,0.0,0.0,1.0,1.0
fGHZBpxJkrw,0.5,0.925,1.2000000000000002,0.125,0.455,0.59,1.33,1.645,0.595,1.455,1.725,1.8900000000000001,0.56,0.07,0.375,0.28,2.06,0.25,0.215,1.0,0.5,0.0,0.5,1.0,1.0,0.5,1.0,0.5,1.0,0.5,0.0,0.0,0.5,0.5,0.5,0.0,0.5
fI6f3sGZmz0,0.5,0.775,0.655,0.135,0.495,0.205,0.63,1.895,0.5650000000000001,0.07,0.825,0.11,0.8350000000000001,2.055,0.41000000000000003,0.0,0.365,0.27,0.32,0.5,0.5,0.5,0.0,0.5,0.5,0.5,0.5,0.5,0.5,0.5,0.5,0.5,0.0,0.5,0.5,0.5,0.5
fIi3T50w1KA,0.5,0.975,0.01,0.0,0.0,0.295,1.26,2.33,0.605,0.6799999999999999,1.9900000000000002,0.855,0.0,0.055,0.29,0.21000000000000002,0.85,0.395,0.065,0.0,0.5,0.0,0.5,1.0,1.0,0.5,0.5,1.0,1.0,0.0,0.0,0.0,0.0,0.5,0.5,0.0,0.0
fJVlMA3Fw_g,3.0,0.9535714285714285,0.13285714285714284,0.0,0.05285714285714286,0.0014285714285714286,1.1042857142857143,1.304285714285714,0.2285714285714286,1.1757142857142857,1.5257142857142856,1.122857142857143,0.5185714285714286,0.2314285714285714,0.5042857142857143,0.20142857142857143,1.1385714285714286,0.16,0.09285714285714286,0.2857142857142857,0.2857142857142857,0.14285714285714285,0.42857142857142855,0.7142857142857143,0.7142857142857143,0.2857142857142857,1.0,0.8571428571428571,1.0,0.7142857142857143,0.14285714285714285,0.7142857142857143,0.42857142857142855,0.7142857142857143,0.14285714285714285,0.0,0.42857142857142855
fJZ0IQQBOvw,0.0,0.0,0.38,0.0,0.29,2.07,0.14,1.19,0.0,0.8,0.05,1.11,0.84,0.0,1.56,0.0,0.43,1.93,0.19,0.0,1.0,0.0,0.0,0.0,0.0,0.0,0.0,0.0,0.0,1.0,0.0,0.0,0.0,0.0,0.0,1.0,0.0
fKW8cSIw50A,0.5,0.875,0.67,0.0,0.0,0.425,0.26,0.0,0.0,0.0,0.45999999999999996,0.65,0.0,0.0,0.735,0.015,0.0,0.0,0.085,1.0,1.0,0.0,0.0,1.0,0.0,1.0,0.0,0.0,1.0,0.0,0.0,1.0,0.0,0.0,0.0,0.0,0.0
fL56kvqw9K4,0.5,0.975,0.76,1.285,0.0,1.84,0.0,0.0,0.05,0.285,0.61,0.25,0.16,0.615,0.225,0.08,0.39,0.725,0.055,0.5,1.0,0.0,1.0,0.0,0.0,0.0,0.0,0.5,0.0,1.0,0.0,0.0,0.5,0.0,0.5,0.0,0.5
fLuv234IqaI,1.0,0.5916666666666667,1.2766666666666666,0.59,1.3,0.7833333333333332,0.7600000000000001,0.8766666666666666,0.6699999999999999,1.1833333333333333,1.1233333333333333,0.86,0.07333333333333333,0.24333333333333332,0.5066666666666667,0.22666666666666668,1.1966666666666665,0.4533333333333333,0.8233333333333333,1.0,1.0,0.6666666666666666,0.0,0.3333333333333333,0.6666666666666666,0.0,0.3333333333333333,0.3333333333333333,0.6666666666666666,0.3333333333333333,0.6666666666666666,0.0,0.3333333333333333,0.3333333333333333,0.3333333333333333,0.3333333333333333,0.3333333333333333
fOE4NCgK4DI,1.5,0.9625,0.0,0.0,0.725,0.0,2.8649999999999998,1.9425000000000001,1.6175,1.965,2.3675,1.9175,0.125,0.165,0.6825,0.0475,1.625,0.0,0.205,0.5,0.0,0.25,0.0,1.0,1.0,1.0,1.0,1.0,1.0,0.0,0.0,0.5,0.25,1.0,0.25,0.0,0.25
fSExytZS5Qo,0.5,0.95,0.035,0.0,0.0,0.0,2.445,1.88,0.04,2.66,1.93,2.0300000000000002,0.0,0.735,0.41000000000000003,0.2,2.0,1.325,0.62,0.5,0.0,0.0,0.0,1.0,1.0,0.5,1.0,1.0,1.0,1.0,0.5,0.5,0.5,1.0,0.5,0.0,0.0
fTdNG9dhoBY,0.0,0.025,1.16,0.5,0.0,2.28,0.0,0.0,0.06,0.0,0.01,0.0,0.78,1.26,0.57,0.85,0.0,0.0,0.0,1.0,1.0,1.0,1.0,0.0,0.0,0.0,0.0,0.0,0.0,0.0,1.0,0.0,1.0,0.0,0.0,1.0,1.0
fTnaZwbgRCE,0.5,0.975,1.23,0.835,0.55,2.02,0.475,0.735,0.31,1.45,0.865,0.0,0.66,0.93,0.275,0.0,2.19,0.025,0.085,1.0,1.0,0.5,1.0,0.0,0.0,0.0,0.5,0.5,0.0,0.5,0.5,0.0,0.0,0.5,0.5,0.5,0.5
fVZqyIJNmbg,3.5,0.359375,0.93625,0.065,0.4825,0.87875,0.475,0.64125,0.1925,0.44125,0.67125,0.6799999999999999,0.65625,0.42625,0.90875,0.11375,0.5700000000000001,0.355,0.15625,0.875,0.875,0.5,0.75,0.25,0.625,0.375,0.625,0.5,0.5,0.75,0.5,0.75,0.25,0.75,0.375,0.125,0.25
fXg9Ybo0P-M,0.0,0.975,2.52,2.49,0.0,0.94,0.0,0.0,0.0,0.0,0.17,1.33,0.0,0.0,0.4,0.15,0.86,0.0,0.72,1.0,1.0,0.0,1.0,0.0,0.0,0.0,0.0,1.0,1.0,1.0,0.0,1.0,1.0,0.0,1.0,0.0,0.0
fZ4XAWBDpFc,0.0,0.975,0.0,0.0,0.46,0.0,0.18,0.82,0.59,0.46,0.04,0.23,0.0,0.0,0.39,0.0,0.16,0.0,1.19,1.0,1.0,0.0,0.0,0.0,0.0,1.0,0.0,0.0,1.0,1.0,0.0,1.0,0.0,0.0,0.0,0.0,1.0
f_zPPqUdWCg,0.0,0.925,0.36,0.0,0.22,0.16,1.23,1.5,0.98,1.86,1.17,0.79,0.16,0.15,0.0,0.0,0.9,0.0,0.09,1.0,0.0,1.0,1.0,1.0,1.0,1.0,1.0,1.0,1.0,1.0,1.0,0.0,0.0,1.0,0.0,0.0,1.0
ffK6oaXh3Z8,4.0,0.8194444444444444,0.7355555555555555,0.36,0.35888888888888887,0.7222222222222222,0.43333333333333335,0.47333333333333333,0.18777777777777777,1.0255555555555556,0.6666666666666666,0.4411111111111111,0.21555555555555556,0.27111111111111114,0.3788888888888889,0.02888888888888889,0.6755555555555556,0.55,0.22,1.0,0.7777777777777778,0.4444444444444444,0.1111111111111111,0.2222222222222222,0.5555555555555556,0.3333333333333333,0.6666666666666666,0.2222222222222222,0.4444444444444444,0.5555555555555556,0.1111111111111111,0.4444444444444444,0.2222222222222222,0.4444444444444444,0.4444444444444444,0.2222222222222222,0.5555555555555556
ffZ2Hqxc_Bg,1.0,0.975,0.48333333333333334,0.11333333333333333,0.52,0.45333333333333337,0.6266666666666666,1.5466666666666666,0.65,0.7466666666666667,0.8666666666666667,0.3666666666666667,0.5566666666666666,0.09000000000000001,0.25333333333333335,0.07333333333333333,0.64,1.1233333333333333,0.08666666666666667,1.0,0.3333333333333333,0.0,0.3333333333333333,0.6666666666666666,1.0,0.6666666666666666,0.6666666666666666,0.3333333333333333,0.3333333333333333,0.3333333333333333,0.3333333333333333,0.6666666666666666,0.3333333333333333,0.6666666666666666,0.6666666666666666,0.0,0.6666666666666666
fg-aZiawDDI,0.0,0.975,0.25,0.25,0.0,1.66,1.52,0.23,1.07,0.71,1.18,0.0,0.0,0.0,0.0,0.0,0.12,0.0,0.0,1.0,1.0,0.0,1.0,1.0,1.0,1.0,0.0,1.0,0.0,0.0,0.0,0.0,0.0,1.0,1.0,0.0,0.0
fi-1XRsB_CM,4.0,0.8444444444444444,1.0499999999999998,0.042222222222222223,0.41333333333333333,0.31222222222222223,0.5055555555555555,0.5455555555555556,0.2122222222222222,0.9555555555555555,0.9888888888888889,0.5499999999999999,0.21555555555555556,0.07333333333333333,0.3422222222222222,0.06444444444444444,0.3888888888888889,0.27222222222222225,0.14444444444444446,0.7777777777777778,0.7777777777777778,0.3333333333333333,0.1111111111111111,0.4444444444444444,0.6666666666666666,0.2222222222222222,0.7777777777777778,0.6666666666666666,0.6666666666666666,0.5555555555555556,0.1111111111111111,0.4444444444444444,0.1111111111111111,0.3333333333333333,0.2222222222222222,0.1111111111111111,0.6666666666666666
firToZ3-2uk,1.0,0.9416666666666668,0.7633333333333333,0.31,0.5366666666666667,1.1866666666666668,0.06333333333333334,0.07333333333333333,0.37666666666666665,0.8866666666666667,0.19666666666666666,0.6233333333333333,0.3333333333333333,0.05666666666666667,0.15666666666666665,0.013333333333333334,0.04666666666666667,0.18000000000000002,0.47333333333333333,0.6666666666666666,1.0,0.3333333333333333,0.6666666666666666,0.0,0.3333333333333333,0.3333333333333333,0.6666666666666666,0.0,0.6666666666666666,0.3333333333333333,0.3333333333333333,0.3333333333333333,0.3333333333333333,0.3333333333333333,1.0,0.6666666666666666,0.6666666666666666
fldZt4yHDU0,1.5,0.7125,0.3725,0.41500000000000004,0.1,1.1875,0.8525,0.545,0.19,0.9450000000000001,1.16,0.815,0.5975,0.5675,0.31,0.005,0.69,0.44249999999999995,0.085,1.0,0.75,0.0,0.25,0.75,0.5,0.25,0.5,0.5,0.25,0.5,0.25,0.5,0.0,1.0,0.5,0.0,0.0
fltDl3izfLE,0.5,0.925,0.0,0.0,0.365,0.0,0.43,0.46,0.63,0.12,0.12,0.38,0.58,1.285,0.95,0.275,0.225,0.5700000000000001,0.33,0.5,0.5,0.5,0.5,1.0,0.5,0.5,0.0,0.5,1.0,0.5,0.5,0.5,1.0,0.5,0.0,0.5,0.5
fp19JCP2pCs,0.0,0.975,2.84,0.82,1.17,2.68,0.64,0.4,0.0,0.0,0.0,0.0,1.22,0.3,2.09,0.0,0.0,0.0,0.0,1.0,1.0,1.0,1.0,0.0,0.0,0.0,1.0,0.0,0.0,1.0,1.0,1.0,0.0,0.0,0.0,1.0,0.0
fqJRKSNryFU,2.5,0.9500000000000001,0.24333333333333332,0.02,0.041666666666666664,0.24333333333333332,1.0816666666666668,0.645,0.4083333333333334,0.5566666666666666,1.4883333333333333,1.2133333333333334,0.11333333333333333,0.0,0.24,0.0,0.8583333333333334,0.08333333333333333,0.06,0.5,0.3333333333333333,0.0,0.3333333333333333,1.0,1.0,1.0,0.8333333333333334,0.8333333333333334,0.8333333333333334,0.0,0.0,0.5,0.0,1.0,0.5,0.16666666666666666,0.8333333333333334
frFCKsWidu8,0.0,0.975,0.0,0.0,1.15,1.3,0.45,0.47,1.4,0.0,0.05,0.53,0.49,1.72,0.16,0.9,0.47,1.96,0.11,0.0,0.0,1.0,0.0,1.0,0.0,0.0,0.0,0.0,0.0,1.0,1.0,1.0,1.0,1.0,1.0,1.0,1.0
ftwXLK-RYvQ,0.5,0.975,0.25,0.0,0.05,0.0,1.605,1.195,0.085,1.31,2.67,1.17,0.235,0.0,0.0,0.09,1.9700000000000002,0.41000000000000003,1.355,0.5,0.5,0.5,0.0,1.0,1.0,0.0,1.0,1.0,1.0,0.5,0.0,0.0,0.5,1.0,1.0,0.0,1.0
fujA6IeNcZA,0.5,0.9,1.445,1.1400000000000001,0.0,1.1,1.435,2.2649999999999997,0.405,1.43,1.425,0.7,0.46,0.0,0.13,0.07,1.4000000000000001,0.875,0.0,1.0,1.0,0.0,0.5,1.0,1.0,0.5,1.0,0.5,0.5,0.5,0.0,0.5,0.0,1.0,1.0,0.5,0.0
fvzcwqQtk4I,0.0,0.975,0.02,0.0,1.14,0.0,0.07,1.39,0.42,0.0,0.0,0.0,0.32,0.0,1.48,0.31,1.04,0.89,0.0,1.0,0.0,1.0,1.0,0.0,1.0,1.0,0.0,0.0,1.0,1.0,0.0,1.0,1.0,1.0,1.0,0.0,0.0
fwBAEa4VFUc,0.5,0.925,0.785,0.52,2.14,1.505,1.315,1.5650000000000002,1.175,0.52,0.17,0.425,0.48,1.14,0.7,0.335,1.8900000000000001,1.225,0.0,0.5,0.5,0.5,0.5,1.0,1.0,0.5,1.0,0.0,0.5,0.5,0.5,0.5,1.0,1.0,0.5,0.5,0.0
fybqI8z9jhk,1.0,0.9249999999999999,1.3233333333333333,1.79,0.3166666666666667,1.9833333333333334,0.36000000000000004,0.9466666666666667,0.11666666666666665,0.6533333333333334,0.31,0.02,0.17666666666666667,0.0,0.0,0.0,1.4033333333333333,0.2866666666666667,0.18333333333333335,0.6666666666666666,0.6666666666666666,0.6666666666666666,0.6666666666666666,0.3333333333333333,0.0,0.0,0.3333333333333333,0.0,0.3333333333333333,0.6666666666666666,0.0,0.0,0.0,1.0,1.0,0.6666666666666666,0.0
fzb_OTsJQ9s,0.0,0.975,1.54,1.51,1.6,0.2,1.55,0.0,0.0,1.6,2.18,2.43,0.0,0.0,0.0,0.73,2.53,0.98,1.93,1.0,1.0,1.0,0.0,1.0,0.0,0.0,1.0,1.0,1.0,0.0,0.0,1.0,1.0,1.0,1.0,0.0,1.0
g2QVIR2UGyM,0.0,0.875,1.26,2.51,0.0,3.23,0.0,0.0,0.0,0.0,0.0,0.0,0.0,0.08,0.0,0.0,0.0,0.22,0.0,1.0,1.0,0.0,1.0,0.0,0.0,0.0,0.0,0.0,0.0,0.0,0.0,0.0,0.0,1.0,1.0,1.0,0.0
g2a8zpm2_Y0,1.5,0.7125,0.8125,0.2625,0.4525,1.385,0.8525,0.54,0.385,0.7875,0.9625,0.68,0.155,0.5575,0.3825,0.04,1.1724999999999999,0.7875,0.1625,0.75,0.5,0.75,0.0,0.5,0.5,0.0,0.25,0.5,0.5,0.25,0.5,0.25,0.25,0.75,1.0,0.5,0.0
g75rWQokYBA,0.5,0.975,1.2449999999999999,1.82,0.115,0.4,0.03,1.08,0.0,0.255,0.245,0.21,0.32,0.225,0.345,0.0,0.55,0.335,0.37,1.0,1.0,0.0,0.5,0.5,0.5,0.0,0.0,0.0,1.0,1.0,0.5,0.5,0.0,0.5,0.5,0.0,0.0
g7CpdlAtw-M,0.0,0.975,2.23,1.48,0.0,1.67,0.15,0.58,0.92,1.31,0.0,1.15,1.28,0.16,0.53,0.0,1.52,1.9,0.0,1.0,1.0,0.0,1.0,0.0,0.0,0.0,1.0,0.0,1.0,1.0,0.0,0.0,0.0,1.0,1.0,1.0,0.0
g7H5W79J3fc,0.5,0.625,0.5950000000000001,0.0,0.175,0.535,0.925,1.4,0.075,1.7149999999999999,1.06,0.14,0.62,0.595,0.0,0.0,0.665,0.0,0.0,1.0,0.0,0.0,0.5,0.5,0.5,0.5,0.5,0.5,0.5,1.0,0.0,0.0,0.0,0.5,0.0,0.5,0.5
g9c_LPCjA4Y,1.0,0.625,1.1366666666666667,1.1033333333333333,0.14666666666666667,1.19,0.3833333333333333,0.19333333333333333,0.043333333333333335,0.3066666666666667,0.12333333333333334,0.0,0.05666666666666667,0.4533333333333333,0.7933333333333333,0.03666666666666667,0.6766666666666666,0.5433333333333333,0.09999999999999999,1.0,1.0,0.3333333333333333,0.3333333333333333,0.3333333333333333,0.3333333333333333,0.0,0.0,0.0,0.0,0.0,0.3333333333333333,0.6666666666666666,0.0,0.3333333333333333,0.3333333333333333,0.6666666666666666,0.0
g9lf5YyB4Nc,0.5,0.975,0.47,0.0,0.0,0.11,1.6349999999999998,0.745,0.0,0.7949999999999999,2.145,1.65,0.0,0.455,0.845,0.495,0.79,0.0,0.0,0.5,0.5,0.0,0.0,1.0,0.5,0.0,1.0,1.0,1.0,0.5,0.5,1.0,1.0,0.5,0.0,0.0,0.0
gC4nON-snQM,0.5,0.975,0.265,0.0,0.0,0.395,1.5099999999999998,2.705,0.9450000000000001,2.0999999999999996,0.74,1.055,0.7000000000000001,1.22,0.535,0.84,1.0,2.095,0.115,0.5,0.5,0.5,0.5,1.0,0.5,0.0,0.5,0.5,0.5,0.5,0.5,0.0,0.5,0.5,1.0,0.5,0.0
gDc-8jQq9ss,1.5,0.9375,0.71,1.0025,0.0,0.5125,1.02,0.2675,0.4025,0.9450000000000001,1.595,1.8475,0.3225,0.9450000000000001,0.5525,0.235,0.7000000000000001,0.375,0.0525,0.75,1.0,0.0,0.25,0.5,0.5,0.75,0.5,0.5,1.0,0.5,0.5,0.5,0.25,0.5,0.25,0.25,0.25
gESc3obVL1c,5.5,0.9541666666666666,0.49833333333333335,0.0825,0.19333333333333333,0.625,0.3458333333333334,0.5733333333333334,0.22333333333333336,0.6941666666666667,0.7883333333333334,0.5258333333333334,0.22666666666666666,0.3116666666666667,0.19249999999999998,0.022500000000000003,0.6033333333333334,0.40750000000000003,0.005833333333333334,0.5833333333333334,0.75,0.16666666666666666,0.5833333333333334,0.4166666666666667,0.4166666666666667,0.4166666666666667,0.4166666666666667,0.5,0.75,0.5833333333333334,0.3333333333333333,0.25,0.0,0.5833333333333334,0.6666666666666666,0.25,0.16666666666666666
gEdn370z8Qg,0.0,0.975,2.17,0.43,0.16,1.48,0.48,1.59,0.0,1.24,0.84,0.09,0.12,0.5,0.0,0.52,0.97,0.64,0.0,1.0,1.0,1.0,1.0,1.0,1.0,0.0,1.0,1.0,0.0,1.0,0.0,1.0,0.0,1.0,1.0,1.0,0.0
gFOYVZiyCXA,0.0,0.425,0.93,0.0,1.57,2.07,0.0,0.0,0.98,0.36,0.0,0.63,1.33,0.07,0.0,0.43,0.09,0.96,0.0,1.0,1.0,1.0,0.0,0.0,0.0,1.0,0.0,0.0,0.0,1.0,0.0,1.0,0.0,0.0,1.0,1.0,0.0
gJ5DDXZtJbE,1.0,0.9583333333333334,0.35333333333333333,0.51,0.47333333333333333,0.5766666666666667,0.57,0.3833333333333333,0.13,0.83,1.4666666666666668,1.1766666666666667,0.13666666666666666,0.24333333333333332,0.5833333333333334,0.12333333333333334,0.57,0.64,0.07333333333333333,0.6666666666666666,0.6666666666666666,0.3333333333333333,0.3333333333333333,0.6666666666666666,0.3333333333333333,0.3333333333333333,0.3333333333333333,1.0,0.6666666666666666,0.6666666666666666,0.3333333333333333,0.6666666666666666,0.3333333333333333,0.6666666666666666,0.6666666666666666,0.3333333333333333,0.3333333333333333
gL_3rTTAsoE,1.0,0.9083333333333333,0.6766666666666667,0.0,0.61,0.8066666666666666,0.29,0.5066666666666667,0.22333333333333336,0.6366666666666666,0.49333333333333335,0.5566666666666666,0.5166666666666667,0.0,0.63,0.36999999999999994,0.5033333333333333,0.7200000000000001,0.05666666666666667,0.6666666666666666,0.3333333333333333,0.6666666666666666,0.6666666666666666,0.0,0.3333333333333333,0.6666666666666666,0.6666666666666666,0.3333333333333333,0.3333333333333333,0.6666666666666666,0.0,0.6666666666666666,0.3333333333333333,0.3333333333333333,0.6666666666666666,0.3333333333333333,0.3333333333333333
gOLEdV2Ry64,2.0,0.185,0.5599999999999999,0.11200000000000002,0.33199999999999996,1.0699999999999998,0.688,0.7,0.508,0.704,0.47400000000000003,0.10200000000000001,0.726,1.258,0.304,0.33799999999999997,0.43200000000000005,1.3379999999999999,0.05600000000000001,0.6,0.6,0.4,0.4,0.2,0.6,0.2,0.4,0.4,0.0,0.6,0.4,0.2,0.4,0.2,0.4,0.6,0.4
gR7AcCJWkiQ,1.0,0.975,0.21666666666666667,0.9033333333333333,0.5033333333333333,1.9133333333333333,0.77,1.51,0.59,1.1833333333333333,1.2866666666666666,0.98,0.45,0.26333333333333336,0.8799999999999999,0.0,2.1633333333333336,1.2233333333333334,0.13999999999999999,0.6666666666666666,0.6666666666666666,0.0,0.6666666666666666,0.6666666666666666,0.6666666666666666,0.6666666666666666,1.0,0.6666666666666666,1.0,0.6666666666666666,0.0,0.3333333333333333,0.0,1.0,1.0,0.0,0.3333333333333333
gT9mUbAE0lA,1.0,0.9416666666666668,0.9700000000000001,1.3,0.0,1.2,0.0,0.8466666666666667,0.16,0.13,0.32,0.0,0.5733333333333334,0.6233333333333334,1.0166666666666666,0.44333333333333336,0.6666666666666666,0.35333333333333333,0.11666666666666665,1.0,1.0,0.0,0.6666666666666666,0.0,0.6666666666666666,0.3333333333333333,0.0,0.6666666666666666,0.0,1.0,0.3333333333333333,0.3333333333333333,0.6666666666666666,0.3333333333333333,0.3333333333333333,0.3333333333333333,0.0
gTeTykurNzg,0.5,0.975,0.0,0.0,0.54,0.0,3.95,3.935,2.56,3.04,3.1799999999999997,1.02,0.0,0.0,0.815,0.015,3.235,1.01,1.47,0.0,0.0,0.5,0.0,1.0,1.0,1.0,1.0,1.0,1.0,0.0,0.0,0.0,1.0,1.0,0.5,0.0,1.0
g_u5v6tPnD0,2.0,0.735,1.272,0.10800000000000001,0.5700000000000001,0.8219999999999998,0.8620000000000001,1.5559999999999998,0.712,1.3199999999999998,0.6880000000000001,1.6960000000000002,0.426,0.79,0.89,0.674,0.9120000000000001,0.99,0.438,0.8,0.6,0.4,0.2,1.0,0.8,0.8,0.4,0.0,0.8,0.8,0.4,0.6,0.4,0.8,0.8,0.2,0.2
gcVlJzYshHY,0.0,0.975,0.77,0.41,0.0,1.2,0.61,0.0,0.07,2.17,0.85,0.79,0.06,0.88,0.0,0.26,0.15,1.67,0.0,0.0,1.0,0.0,0.0,0.0,0.0,0.0,1.0,0.0,1.0,1.0,0.0,0.0,0.0,0.0,1.0,1.0,1.0
gdpF56G4_mo,0.5,0.975,1.355,0.11,0.0,0.2,0.495,1.5150000000000001,0.0,0.435,0.905,0.905,0.4,0.02,1.205,0.9199999999999999,0.15,0.055,0.0,1.0,0.5,0.0,0.5,0.5,1.0,0.0,1.0,1.0,0.5,1.0,0.0,1.0,1.0,0.0,0.5,0.5,0.0
ge_Aax3qguI,0.5,0.975,0.655,0.005,0.495,0.0,0.395,1.8599999999999999,0.925,0.91,0.325,0.18,0.145,0.0,0.135,0.0,0.745,1.07,0.86,0.5,0.0,0.5,0.0,0.5,1.0,0.5,1.0,0.5,0.0,0.5,0.0,1.0,0.0,1.0,1.0,0.0,1.0
ghVDPDJQOo4,2.0,0.8150000000000001,0.758,0.0,0.41,0.6639999999999999,0.6060000000000001,1.0719999999999998,0.744,0.726,0.472,0.05,0.63,0.094,0.196,0.09,0.438,0.624,0.002,0.8,0.6,0.4,0.0,0.4,0.6,0.2,0.6,0.2,0.2,0.8,0.0,0.6,0.0,0.2,0.4,0.4,0.2
ghsdnqHHVUI,0.0,0.025,5.0,5.0,0.0,5.0,1.96,5.0,0.0,5.0,0.0,3.89,5.0,0.0,0.0,5.0,3.91,5.0,0.0,1.0,1.0,0.0,1.0,0.0,1.0,0.0,0.0,0.0,0.0,1.0,0.0,0.0,1.0,1.0,1.0,1.0,0.0
giuIZyBvR78,0.5,0.95,2.11,1.895,0.83,0.33999999999999997,0.525,1.975,0.39,1.355,0.33,0.515,0.5700000000000001,0.73,0.0,0.0,0.56,0.22,0.19,0.5,0.5,0.5,0.0,0.0,1.0,0.0,1.0,0.0,0.0,0.5,0.5,0.0,0.0,0.5,1.0,0.5,0.5
gkliaVV_wHk,2.0,0.5650000000000001,1.814,1.144,0.296,0.8619999999999999,0.8899999999999999,0.728,0.5579999999999999,0.778,1.0379999999999998,0.22000000000000003,0.9259999999999999,0.998,0.0,0.76,1.3559999999999999,0.046,0.018,0.8,0.8,0.2,0.4,0.4,0.4,0.4,0.4,0.2,0.2,0.4,0.4,0.2,0.6,0.6,0.6,0.2,0.4
glx5sAPxdvo,0.0,0.025,1.81,0.0,0.0,0.0,1.59,3.31,1.38,1.31,0.0,3.6,1.71,1.17,1.21,1.77,0.99,0.0,0.07,1.0,1.0,0.0,0.0,1.0,1.0,1.0,1.0,0.0,1.0,1.0,1.0,1.0,1.0,1.0,0.0,1.0,0.0
gn241YM147E,0.5,0.975,0.0,0.53,0.0,0.0,1.125,1.975,0.0,0.665,2.35,0.145,0.0,0.0,0.345,0.0,1.55,0.6499999999999999,0.055,1.0,1.0,0.0,0.0,1.0,1.0,0.0,1.0,1.0,1.0,0.0,0.0,1.0,0.0,1.0,1.0,0.0,1.0
gnYEDeL-jys,0.0,0.975,1.66,2.8,0.0,2.35,0.09,0.35,0.0,0.0,1.12,1.43,0.0,0.44,0.0,0.88,0.18,0.0,0.0,1.0,1.0,0.0,1.0,0.0,0.0,0.0,0.0,1.0,1.0,0.0,1.0,0.0,1.0,0.0,0.0,1.0,0.0
gneWTTqkMb0,0.5,0.875,0.755,0.53,1.315,1.9949999999999999,0.755,0.0,0.605,0.805,0.67,0.04,0.545,0.03,0.0,0.335,1.3599999999999999,0.115,0.1,0.5,1.0,0.5,0.5,0.5,0.5,0.0,0.5,0.5,0.0,0.5,0.0,0.0,0.0,1.0,0.5,0.5,0.5
gomF10frVJg,1.0,0.39166666666666666,1.7033333333333331,0.16666666666666666,0.42,0.7400000000000001,0.24666666666666667,1.6133333333333333,0.23666666666666666,0.26666666666666666,0.39666666666666667,0.0,1.4033333333333333,0.5433333333333333,0.02666666666666667,0.0,0.32666666666666666,0.0,0.0,1.0,1.0,1.0,0.3333333333333333,0.3333333333333333,0.6666666666666666,0.3333333333333333,0.0,0.6666666666666666,0.0,0.6666666666666666,0.0,0.0,0.0,0.0,0.0,1.0,0.3333333333333333
gqwRdGC87hY,0.5,0.825,0.38,0.0,0.8,0.02,0.715,2.015,1.245,2.185,0.0,0.0,0.755,0.505,0.0,0.11,0.545,0.1,0.505,1.0,0.5,0.5,0.0,0.5,0.5,1.0,1.0,0.0,0.0,1.0,0.5,0.5,0.5,0.5,0.5,0.5,1.0
gu3UXQ57Ixc,0.0,0.025,0.0,0.0,0.0,0.64,0.4,0.0,0.01,1.39,1.01,2.83,1.06,0.0,0.0,4.45,0.14,0.0,0.19,0.0,1.0,0.0,0.0,0.0,0.0,0.0,0.0,0.0,1.0,1.0,1.0,0.0,1.0,0.0,0.0,1.0,0.0
gvZQWaSkUyk,4.5,0.755,0.787,0.272,0.24699999999999997,0.434,0.404,0.433,0.152,0.639,0.9259999999999999,0.7289999999999999,0.403,0.10900000000000001,0.519,0.094,0.631,0.348,0.025,0.8,0.7,0.2,0.4,0.4,0.4,0.3,0.7,0.7,0.8,0.7,0.2,0.7,0.1,0.7,0.4,0.4,0.2
h3oDBiMbiak,1.0,0.9416666666666668,0.8099999999999999,0.049999999999999996,0.0,0.7799999999999999,1.6366666666666667,1.8166666666666667,0.4366666666666667,0.98,1.9566666666666668,0.6933333333333334,0.0,0.0,0.9133333333333334,0.15333333333333332,1.5366666666666668,0.013333333333333334,0.06333333333333334,0.3333333333333333,0.6666666666666666,0.0,0.6666666666666666,1.0,1.0,1.0,1.0,1.0,0.3333333333333333,0.3333333333333333,0.0,0.6666666666666666,0.3333333333333333,1.0,0.3333333333333333,0.0,0.3333333333333333
h4Az7Vp2d5c,0.5,0.975,0.23,0.0,0.5549999999999999,0.0,2.6900000000000004,1.6400000000000001,0.425,1.745,2.52,1.3250000000000002,0.0,0.0,0.0,0.04,1.705,0.215,0.355,0.5,0.0,0.5,0.0,1.0,1.0,1.0,1.0,1.0,1.0,0.5,0.0,0.0,0.5,1.0,0.5,0.0,0.5
h665wY-sy9E,0.5,0.5,1.805,0.255,0.34,0.45,0.57,2.035,0.0,0.39,0.7,0.0,1.81,0.7100000000000001,0.01,0.0,0.0,0.0,0.0,1.0,1.0,1.0,0.0,0.5,1.0,0.0,0.0,0.5,0.0,0.5,0.0,0.0,0.0,0.0,0.0,1.0,0.0
h6w9txRvoHs,1.0,0.625,1.1066666666666667,0.5466666666666666,0.31,0.9433333333333334,0.71,0.49000000000000005,0.47,0.5,0.44333333333333336,0.0,0.08333333333333333,0.0,0.3466666666666667,0.09999999999999999,1.2366666666666666,0.9966666666666666,0.016666666666666666,1.0,0.6666666666666666,0.3333333333333333,1.0,0.3333333333333333,0.3333333333333333,0.6666666666666666,0.6666666666666666,0.3333333333333333,0.0,0.6666666666666666,0.0,0.3333333333333333,0.3333333333333333,1.0,1.0,0.3333333333333333,0.6666666666666666
h9FLZWWDO1M,0.0,0.975,1.65,3.29,0.21,3.39,0.0,0.0,0.0,0.35,0.83,0.0,0.09,0.0,0.75,0.0,3.25,2.67,0.0,1.0,1.0,0.0,0.0,0.0,0.0,0.0,0.0,1.0,0.0,1.0,0.0,0.0,0.0,1.0,1.0,1.0,0.0
hD5quR_Rdg8,1.0,0.975,0.17666666666666667,0.0,0.0,0.05333333333333334,1.22,2.276666666666667,0.3033333333333333,0.9466666666666667,1.4866666666666666,0.30333333333333334,0.02,0.0,0.18000000000000002,0.10333333333333333,0.5933333333333334,0.49666666666666665,0.0,0.3333333333333333,0.6666666666666666,0.0,0.0,1.0,1.0,0.3333333333333333,1.0,1.0,0.6666666666666666,0.6666666666666666,0.0,0.3333333333333333,0.3333333333333333,0.3333333333333333,0.3333333333333333,0.0,0.3333333333333333
hDqk1d-s-0s,0.5,0.925,0.715,0.185,0.72,1.31,0.0,0.185,0.13,0.05,0.0,0.29500000000000004,1.03,0.1,0.405,0.51,0.29,0.295,0.21,0.5,1.0,0.5,0.5,0.0,0.0,0.0,0.0,0.0,0.5,1.0,1.0,1.0,1.0,0.0,0.5,1.0,0.5
hFTeMAm_-SY,0.0,0.025,0.79,0.0,0.0,1.38,0.0,0.0,0.12,0.09,0.18,0.87,1.07,1.06,0.22,0.8,0.0,0.0,0.0,0.0,1.0,0.0,1.0,0.0,0.0,0.0,0.0,0.0,1.0,1.0,1.0,1.0,1.0,0.0,0.0,1.0,0.0
hHBhgilEpYo,0.5,0.975,0.685,0.36,0.04,0.115,2.23,1.1749999999999998,0.0,2.285,2.5,1.0,0.67,0.0,0.0,0.0,1.96,0.255,0.0,0.5,1.0,0.0,0.0,1.0,0.5,0.0,1.0,1.0,0.5,0.0,0.0,0.0,0.0,1.0,0.5,0.0,0.0
hHOijT_ab2w,0.0,0.975,2.13,2.27,0.0,0.0,2.44,0.38,0.09,3.39,1.76,0.0,0.0,0.0,0.46,0.0,3.01,0.21,0.0,1.0,1.0,0.0,0.0,1.0,1.0,1.0,1.0,0.0,0.0,0.0,0.0,0.0,0.0,1.0,1.0,1.0,0.0
hNtIZtr4V_A,1.0,0.6583333333333333,0.52,0.0,0.36333333333333334,0.03333333333333333,0.39666666666666667,0.9899999999999999,0.27999999999999997,1.0433333333333332,0.7399999999999999,0.6266666666666667,1.0133333333333334,0.27,0.84,0.18000000000000002,0.8133333333333334,0.91,0.3133333333333333,1.0,1.0,0.3333333333333333,0.3333333333333333,0.0,0.3333333333333333,0.3333333333333333,0.6666666666666666,0.6666666666666666,0.6666666666666666,1.0,0.0,0.3333333333333333,1.0,0.6666666666666666,0.3333333333333333,0.6666666666666666,0.0
hOeiBb1UYV4,0.5,0.975,1.31,2.245,0.0,3.2350000000000003,0.0,0.0,0.0,0.0,0.0,0.0,0.1,0.0,0.06,0.025,0.78,0.47,0.0,1.0,0.5,0.5,1.0,0.0,0.0,0.0,0.0,0.0,0.0,1.0,0.0,0.5,0.0,1.0,1.0,1.0,0.0
hSUCsi3FdCU,1.0,0.03333333333333333,0.5966666666666667,0.7533333333333333,0.61,1.0433333333333332,0.4633333333333334,1.18,0.19000000000000003,0.22999999999999998,0.5933333333333334,1.1733333333333333,0.41,0.11,0.03,0.18999999999999997,0.8266666666666667,0.0,0.043333333333333335,0.6666666666666666,1.0,0.3333333333333333,0.6666666666666666,0.6666666666666666,0.6666666666666666,0.0,0.3333333333333333,0.0,1.0,0.3333333333333333,0.3333333333333333,0.0,0.3333333333333333,0.6666666666666666,0.0,0.0,0.3333333333333333
hSyCMoCcrFY,0.5,0.975,0.0,0.0,0.0,0.0,1.3050000000000002,0.82,0.28,1.55,2.4299999999999997,0.74,0.3,0.0,0.0,0.37,2.44,0.8,0.05,0.5,0.0,0.0,1.0,1.0,0.5,0.0,1.0,1.0,1.0,0.5,0.0,0.0,0.5,1.0,0.5,0.0,0.0
hT3yEHLX53g,2.0,0.945,0.384,0.11800000000000002,0.3,0.6439999999999999,0.6060000000000001,0.47400000000000003,0.614,0.37,0.472,0.378,0.4,0.346,0.168,0.312,0.826,0.836,0.394,0.8,0.8,0.4,0.2,0.6,0.4,0.4,0.2,0.6,0.6,0.8,0.2,0.4,0.4,0.6,0.6,0.2,0.6
hT9aR5J2v0U,0.0,0.975,1.23,1.46,0.0,0.4,0.32,0.0,0.0,0.34,1.36,0.0,0.0,0.0,0.0,0.0,2.14,1.28,0.0,1.0,1.0,0.0,1.0,1.0,0.0,0.0,1.0,1.0,0.0,0.0,0.0,0.0,0.0,1.0,0.0,0.0,0.0
hUAsMMhIM-A,0.5,0.975,1.45,1.8800000000000001,0.0,2.77,1.405,0.85,0.095,2.09,2.6550000000000002,0.82,0.0,0.0,0.0,0.06,3.02,0.065,0.0,1.0,1.0,0.0,1.0,1.0,0.5,0.0,1.0,1.0,0.5,0.0,0.0,0.5,0.0,1.0,0.5,0.0,0.0
hUogazKVhDQ,0.5,0.45,1.125,0.265,0.68,0.76,0.84,1.3450000000000002,0.705,0.325,1.055,0.365,0.27,0.0,0.0,0.835,0.0,1.415,0.09,1.0,1.0,0.5,0.0,0.5,0.5,0.0,0.5,0.5,0.5,0.5,0.0,0.5,0.5,0.0,0.5,0.0,0.5
hWIMspWuVEI,0.5,0.925,0.785,0.0,0.0,0.275,1.04,0.955,0.26,0.605,1.55,0.115,0.14,0.0,0.12,0.6,1.43,0.0,0.0,0.5,0.0,0.0,0.5,0.5,0.5,0.5,0.5,1.0,1.0,0.5,0.0,0.5,0.5,0.5,0.0,0.5,0.0
hWUdgZbOD6o,0.0,0.975,1.94,1.85,0.0,2.85,0.42,0.4,0.46,1.83,1.19,1.86,0.49,0.0,0.53,0.0,1.98,1.23,0.0,1.0,1.0,0.0,1.0,0.0,0.0,0.0,1.0,1.0,1.0,1.0,0.0,0.0,0.0,1.0,0.0,0.0,0.0
hWw6Ua4wyMs,0.5,0.925,1.335,0.13,1.3,1.005,0.635,1.815,0.0,0.6,0.4,0.425,0.815,0.475,0.0,0.0,0.145,0.965,0.045,1.0,0.5,0.5,0.5,0.5,0.5,0.0,0.0,0.5,0.5,0.0,0.5,0.0,0.0,0.0,0.5,0.5,0.0
hXSsMzaopZo,0.0,0.975,0.0,0.0,0.0,0.64,2.35,1.71,0.0,1.64,3.21,1.53,0.0,0.0,0.68,0.0,2.14,0.17,0.0,0.0,0.0,0.0,0.0,1.0,1.0,0.0,1.0,1.0,1.0,0.0,0.0,1.0,0.0,1.0,0.0,0.0,0.0
hXSxTOWc_Lk,2.0,0.9550000000000001,0.078,0.0,0.186,0.018,1.4419999999999997,1.988,0.53,1.0939999999999999,1.6480000000000001,1.1400000000000001,0.048,0.0,0.368,0.0,1.72,0.264,0.21200000000000002,0.6,0.4,0.4,0.6,1.0,0.8,0.4,1.0,1.0,1.0,0.6,0.0,0.8,0.0,1.0,0.4,0.0,0.4
hXqd0Uz6-e0,1.0,0.9249999999999999,1.04,1.2333333333333334,0.0,1.4666666666666668,0.32666666666666666,0.7333333333333334,0.3466666666666667,0.48,0.22,0.20666666666666667,0.30333333333333334,0.5733333333333334,0.4566666666666667,0.03666666666666667,1.18,0.7000000000000001,0.05666666666666667,0.6666666666666666,0.6666666666666666,0.3333333333333333,0.3333333333333333,0.3333333333333333,0.3333333333333333,0.3333333333333333,0.3333333333333333,0.3333333333333333,0.3333333333333333,0.6666666666666666,0.3333333333333333,0.3333333333333333,0.0,0.6666666666666666,0.6666666666666666,0.3333333333333333,0.0
hdZydzqcaiU,3.0,0.9392857142857143,0.31428571428571433,0.1657142857142857,0.33571428571428574,1.1871428571428573,0.24285714285714283,0.5428571428571428,0.24857142857142858,0.5285714285714286,0.39,0.1542857142857143,0.19285714285714287,0.11,0.13999999999999999,0.0,0.45,0.852857142857143,0.0,0.7142857142857143,0.7142857142857143,0.42857142857142855,0.7142857142857143,0.2857142857142857,0.14285714285714285,0.14285714285714285,0.14285714285714285,0.14285714285714285,0.14285714285714285,0.2857142857142857,0.14285714285714285,0.14285714285714285,0.0,0.5714285714285714,0.8571428571428571,0.5714285714285714,0.14285714285714285
hdo7ZFTK4ZE,0.0,0.975,2.35,1.0,0.0,1.88,0.86,0.0,0.0,2.31,2.0,1.45,0.0,1.23,0.0,0.0,1.25,0.0,0.0,1.0,1.0,1.0,1.0,0.0,0.0,0.0,1.0,1.0,1.0,1.0,1.0,0.0,0.0,0.0,1.0,0.0,0.0
hgBgdXzgxvo,1.5,0.9375,0.5249999999999999,0.48,0.7625,0.0175,0.32,0.23,0.065,0.9625,0.655,0.295,1.0825,0.92,0.2125,0.1425,0.9325,0.7725,1.2575,0.75,1.0,0.75,0.0,0.25,0.25,0.0,0.0,0.25,0.5,0.75,0.25,0.25,0.5,0.5,0.25,0.0,0.5
hgulTvzsAHk,0.5,0.775,0.49,0.0,0.55,0.655,0.49,0.375,0.0,1.125,0.78,0.51,0.54,0.0,0.0,0.0,1.1800000000000002,1.115,0.0,0.5,0.5,0.5,0.5,0.0,0.0,0.0,0.5,0.5,0.5,0.5,0.0,0.0,0.0,1.0,0.5,0.5,0.0
hh2IkTHssl8,0.0,0.975,0.0,0.0,0.0,0.0,1.31,1.41,1.32,1.13,1.01,1.78,0.56,1.11,0.32,0.53,0.0,0.31,0.02,0.0,0.0,0.0,0.0,1.0,1.0,1.0,1.0,1.0,1.0,1.0,1.0,0.0,0.0,0.0,1.0,1.0,0.0
hjXcUMjQVOQ,1.5,0.9375,0.06,0.0,0.8475,0.2225,0.5599999999999999,0.68,0.7325,0.7,0.9774999999999999,0.585,0.19999999999999998,0.0,0.22,0.0,1.3025,0.07,0.34,0.75,1.0,0.5,0.5,0.25,0.5,1.0,0.5,0.5,0.5,0.25,0.0,0.0,0.0,1.0,0.25,0.5,0.5
hjfRy74D8os,0.5,0.7,0.525,0.37,0.52,0.29000000000000004,0.685,0.7150000000000001,0.415,0.64,0.425,0.6,0.365,0.415,0.395,0.43,0.44,1.28,0.19,1.0,1.0,0.5,0.5,0.5,0.5,0.0,0.0,0.5,0.5,1.0,0.5,1.0,0.5,0.5,0.5,1.0,0.5
hp_gdBK2_y0,0.5,0.975,0.49,0.56,0.415,0.145,2.205,1.895,0.485,2.44,1.7149999999999999,0.835,0.61,0.46,0.49,0.015,1.7,0.0,0.765,0.5,0.5,0.5,0.0,1.0,1.0,0.5,1.0,1.0,0.5,0.0,0.0,0.0,0.5,1.0,0.0,0.5,0.5
hqSAIh6wLSg,0.5,0.975,0.9850000000000001,0.735,0.0,1.12,1.205,1.895,0.175,1.33,2.645,1.4700000000000002,0.0,0.0,0.985,0.0,2.38,0.20500000000000002,0.0,1.0,0.5,0.0,1.0,1.0,0.0,0.0,1.0,1.0,1.0,0.0,0.0,0.0,0.0,1.0,0.5,0.0,0.0
hrECwxk0Tvo,2.0,0.875,0.9399999999999998,0.072,1.1580000000000001,1.534,0.618,0.784,0.506,0.5660000000000001,0.45,1.058,0.8039999999999999,0.10600000000000001,0.396,0.156,0.462,0.6220000000000001,0.041999999999999996,0.8,0.8,0.4,0.2,0.4,0.8,0.6,0.2,0.2,0.8,0.8,0.0,0.6,0.4,0.4,0.4,0.2,0.2
hs8bgxuPzjU,3.0,0.8464285714285714,0.049999999999999996,0.0,0.2671428571428571,0.12285714285714287,0.34285714285714286,0.8385714285714286,0.14,0.10428571428571429,0.38,0.07571428571428572,0.09428571428571429,0.2742857142857143,0.19,0.0,0.3157142857142857,0.5642857142857143,0.15,0.8571428571428571,1.0,0.2857142857142857,0.0,0.7142857142857143,0.5714285714285714,0.2857142857142857,0.2857142857142857,0.2857142857142857,0.42857142857142855,0.42857142857142855,0.14285714285714285,0.2857142857142857,0.0,0.5714285714285714,0.5714285714285714,0.14285714285714285,0.8571428571428571
hsnlBpKVFnI,1.5,0.9375,0.895,0.405,0.4275,0.8175,0.58,2.06,0.8425,0.44999999999999996,0.5125,0.8049999999999999,1.0775000000000001,0.495,0.49250000000000005,0.0,0.525,0.405,0.4675,0.75,0.75,0.25,0.75,0.5,0.5,0.5,0.25,0.25,0.25,1.0,0.5,0.25,0.0,0.5,0.25,0.25,0.5
ht-EU_RWPg0,0.0,0.975,2.17,1.76,0.57,0.22,0.77,0.57,0.0,1.38,1.35,0.9,0.23,0.0,0.98,0.0,2.18,1.5,1.9,1.0,1.0,0.0,0.0,1.0,0.0,0.0,1.0,1.0,1.0,1.0,0.0,1.0,0.0,1.0,1.0,0.0,1.0
hwxmHRrlMwY,0.5,0.975,1.305,0.525,0.315,1.57,1.6949999999999998,1.19,0.0,1.19,1.865,0.415,0.0,0.745,0.665,0.195,1.25,0.39,0.015,1.0,0.5,0.0,0.5,0.5,0.5,0.0,0.5,1.0,0.5,0.0,0.5,1.0,0.0,0.5,1.0,0.5,0.5
hx87rior7Q0,0.0,0.975,1.5,0.43,0.0,1.26,0.63,1.39,0.52,1.44,1.04,0.14,0.0,0.0,0.0,0.0,1.72,0.09,1.62,0.0,0.0,0.0,1.0,1.0,1.0,0.0,1.0,1.0,0.0,0.0,0.0,0.0,0.0,1.0,1.0,0.0,1.0
hxBihR-xLM4,1.5,0.9625,0.8049999999999999,1.02,0.6725,0.5875,0.03,0.3475,0.0875,0.0,0.0,0.0,0.47250000000000003,0.0,0.0,0.0,0.39,0.25,0.1325,0.75,0.75,0.5,0.5,0.0,0.25,0.25,0.0,0.0,0.0,0.5,0.0,0.0,0.0,0.5,0.5,0.25,0.25
hyaQkvX-gOs,0.0,0.925,0.57,0.64,0.0,0.0,1.28,1.37,0.0,1.69,3.1,1.89,0.0,0.6,0.0,0.27,2.35,0.0,0.0,1.0,1.0,0.0,0.0,1.0,0.0,0.0,1.0,1.0,1.0,0.0,0.0,1.0,0.0,1.0,0.0,1.0,0.0
i19jJbU8n3o,0.5,0.5,0.025,0.0,0.485,0.385,0.78,1.66,0.29500000000000004,1.31,0.925,1.115,1.955,1.0,0.0,1.175,0.31,0.01,0.0,0.5,0.0,0.5,0.5,0.5,0.5,0.0,0.5,0.5,1.0,1.0,0.5,0.0,0.5,0.0,0.5,0.5,0.5
i2ivLsfmFoQ,0.0,0.975,0.0,0.0,0.0,0.0,1.85,1.58,0.95,2.21,2.91,1.45,0.0,0.0,0.0,0.0,2.93,0.12,0.58,0.0,0.0,1.0,0.0,1.0,1.0,1.0,1.0,1.0,1.0,0.0,0.0,0.0,0.0,1.0,1.0,0.0,0.0
i3Y9xl9ckWU,0.5,0.975,0.0,0.0,0.0,0.465,1.74,2.0500000000000003,0.39,1.41,1.63,1.54,0.0,0.0,1.3599999999999999,0.0,3.115,1.03,0.32,1.0,1.0,0.0,0.5,1.0,1.0,0.5,1.0,1.0,1.0,1.0,0.0,0.0,0.0,1.0,1.0,0.0,0.5
i73vBiLo2PA,0.5,0.5,0.43,0.0,0.27,1.4849999999999999,0.9099999999999999,1.385,0.755,1.78,0.755,1.085,1.1099999999999999,0.67,0.275,0.22,0.9450000000000001,0.765,0.01,0.0,0.0,0.5,0.5,0.5,0.0,0.5,0.5,0.5,0.0,1.0,0.5,0.5,0.0,0.5,0.5,0.5,0.0
i8qS2r4Mws0,1.0,0.625,0.9933333333333335,0.10333333333333333,1.4100000000000001,0.02666666666666667,0.77,0.4366666666666667,0.3133333333333333,1.0766666666666667,0.9,0.8233333333333333,0.22999999999999998,0.79,0.13999999999999999,0.17666666666666667,0.5666666666666668,1.0766666666666667,1.05,1.0,0.3333333333333333,1.0,0.0,0.3333333333333333,0.6666666666666666,0.0,0.6666666666666666,0.3333333333333333,0.6666666666666666,1.0,0.6666666666666666,0.3333333333333333,0.6666666666666666,0.3333333333333333,1.0,0.3333333333333333,0.3333333333333333
i9vGQ0kx-fQ,0.5,0.975,1.38,1.7999999999999998,0.0,0.76,0.215,0.105,0.35,0.19,0.075,0.485,0.045,0.185,0.0,0.0,0.265,0.28,0.0,1.0,1.0,0.0,1.0,0.0,0.0,0.5,0.0,0.0,0.5,0.0,0.0,0.0,0.5,0.5,1.0,0.0,0.0
iAAB_4LgB14,2.5,0.625,0.6216666666666667,0.051666666666666666,0.9049999999999999,0.9199999999999999,0.31166666666666665,0.7516666666666666,0.65,0.4383333333333333,0.5216666666666666,0.32,0.27666666666666667,0.0,0.3133333333333333,0.05833333333333333,0.44333333333333336,0.315,0.33666666666666667,0.5,0.5,0.6666666666666666,0.5,0.5,0.5,0.6666666666666666,0.16666666666666666,0.5,0.6666666666666666,0.6666666666666666,0.0,0.5,0.16666666666666666,0.8333333333333334,0.5,0.3333333333333333,0.5
iC2Q4euQZws,0.5,0.4875,1.695,0.435,0.21,0.845,0.0,0.0,0.0,0.435,0.215,0.78,0.695,1.3050000000000002,1.44,0.8899999999999999,0.13,0.0,1.93,0.5,0.5,1.0,0.5,0.0,0.0,0.0,0.5,0.5,0.0,0.0,0.5,1.0,1.0,0.0,0.0,0.5,0.5
iC2s7Vx4tCc,1.5,0.925,0.855,0.9125,0.3575,1.2149999999999999,0.9125,2.115,0.49,0.24,0.5925,0.9974999999999999,0.37,0.7675,0.8175000000000001,0.375,0.05,0.45,0.0,0.75,0.75,0.25,0.5,0.75,0.5,0.75,0.5,0.25,0.75,0.75,0.25,1.0,0.75,0.0,0.0,0.5,0.0
iCCuWDTfYY8,0.0,0.975,0.35,0.0,0.0,0.0,2.24,1.23,0.0,1.37,2.7,0.39,0.0,0.0,0.04,0.12,2.34,0.0,0.79,0.0,1.0,0.0,0.0,1.0,0.0,0.0,1.0,1.0,1.0,1.0,0.0,1.0,0.0,1.0,0.0,0.0,1.0
iDTQDzqoWyk,1.5,0.95,0.0925,0.15250000000000002,0.0,1.115,0.2375,0.51,0.26999999999999996,0.5025,0.1425,0.18,0.3725,0.3325,0.0,0.0,0.2925,0.445,0.0,0.5,0.75,0.0,1.0,0.0,0.25,0.25,0.25,0.0,0.5,0.25,0.25,0.5,0.0,0.25,0.25,0.75,0.25
iDXYFRX5RP4,0.0,0.925,2.1,2.02,0.0,0.0,2.36,2.43,1.03,1.98,2.2,1.5,0.12,0.0,0.55,0.0,2.16,0.49,0.0,1.0,1.0,0.0,0.0,1.0,0.0,0.0,1.0,1.0,1.0,0.0,0.0,0.0,0.0,1.0,0.0,0.0,0.0
iEq0Lc_sWjM,4.0,0.9249999999999999,0.6233333333333333,0.12666666666666668,0.39222222222222225,0.6777777777777777,1.1677777777777778,1.3411111111111111,0.3211111111111111,0.9288888888888889,0.9944444444444444,0.6788888888888889,0.4288888888888889,0.08666666666666667,0.29,0.11444444444444445,0.4844444444444444,0.09222222222222223,0.15444444444444447,0.6666666666666666,0.4444444444444444,0.4444444444444444,0.2222222222222222,0.5555555555555556,0.6666666666666666,0.4444444444444444,0.8888888888888888,0.7777777777777778,0.6666666666666666,0.7777777777777778,0.1111111111111111,0.6666666666666666,0.3333333333333333,0.7777777777777778,0.2222222222222222,0.0,0.4444444444444444
iGcS_QsiCwA,1.5,0.7125,1.33,1.7525,0.0,1.375,0.45499999999999996,0.485,0.0,1.3025,0.6275,0.0,0.5,0.14750000000000002,0.615,0.0,1.57,0.2175,0.04,0.75,1.0,0.0,0.75,0.25,0.0,0.0,0.5,0.25,0.0,0.25,0.0,0.0,0.0,0.5,0.5,0.5,0.0
iH4IPymkagQ,0.0,0.975,0.0,0.0,0.0,0.12,2.31,0.45,1.4,1.61,1.92,2.05,0.0,0.32,0.0,0.0,1.65,0.07,0.0,0.0,0.0,0.0,0.0,1.0,1.0,1.0,1.0,1.0,1.0,0.0,0.0,0.0,0.0,1.0,0.0,0.0,1.0
iHyEzFFHD1g,0.0,0.975,1.04,1.56,0.0,0.0,1.08,0.0,0.55,1.08,1.76,0.21,0.65,0.0,1.43,0.0,0.82,0.09,1.43,1.0,1.0,0.0,0.0,1.0,1.0,1.0,1.0,1.0,1.0,1.0,0.0,1.0,1.0,1.0,1.0,0.0,1.0
iM43LN5gdgs,0.0,0.975,0.9,0.3,1.33,0.94,0.02,1.65,0.56,0.0,0.0,0.0,0.52,0.0,0.0,0.0,0.41,0.0,0.0,0.0,0.0,1.0,1.0,0.0,1.0,1.0,0.0,0.0,0.0,1.0,0.0,0.0,0.0,1.0,0.0,0.0,0.0
iTeW0PTPEwE,0.5,0.975,2.665,1.66,0.74,1.44,0.0,0.14,0.08,0.625,0.275,0.35,0.875,0.0,0.23,0.0,1.42,0.76,0.0,1.0,1.0,1.0,1.0,0.0,0.0,0.0,0.5,0.0,0.5,1.0,0.0,0.0,0.0,1.0,0.5,0.5,0.0
iXDvw2_BIqM,0.5,0.925,0.69,0.175,0.895,1.05,0.55,1.175,0.34,0.445,0.3,0.0,1.43,3.055,0.9550000000000001,1.155,0.0,1.115,0.0,1.0,0.5,0.5,0.0,0.5,1.0,0.0,0.5,0.0,0.0,1.0,1.0,0.5,1.0,0.0,0.5,1.0,0.0
iXd277VEQuI,0.5,0.95,0.5700000000000001,0.03,0.42,0.335,1.505,1.195,0.05,2.27,2.3600000000000003,1.435,0.0,0.0,0.25,0.0,2.625,0.7250000000000001,0.0,1.0,0.5,0.0,0.0,1.0,1.0,0.5,1.0,1.0,1.0,0.5,0.0,0.0,0.0,1.0,0.5,0.0,0.0
iYvBDtk8z-4,1.0,0.975,0.4633333333333333,0.0,0.0,0.3566666666666667,0.10666666666666667,0.3066666666666667,0.0,0.24666666666666667,0.31,0.12333333333333334,0.4266666666666667,0.09333333333333334,0.13333333333333333,0.0,0.5066666666666667,0.71,0.2833333333333333,0.3333333333333333,0.3333333333333333,0.0,0.6666666666666666,0.3333333333333333,0.3333333333333333,0.0,0.6666666666666666,0.3333333333333333,0.3333333333333333,1.0,0.0,0.6666666666666666,0.0,0.3333333333333333,0.0,0.3333333333333333,0.6666666666666666
ifLKnE2WgPE,0.0,0.975,1.81,1.41,0.01,3.43,0.0,0.0,0.0,0.0,0.1,0.0,0.0,0.93,0.0,0.0,0.25,0.89,0.0,1.0,1.0,0.0,1.0,0.0,0.0,0.0,0.0,0.0,0.0,0.0,1.0,0.0,0.0,1.0,1.0,1.0,0.0
ihEQOF8_SXs,0.0,0.925,1.78,2.89,1.12,3.13,0.0,0.0,0.0,0.58,0.02,0.0,0.38,0.0,0.32,0.0,1.83,0.23,0.0,1.0,1.0,0.0,1.0,0.0,0.0,0.0,0.0,0.0,0.0,1.0,0.0,0.0,0.0,1.0,1.0,0.0,0.0
ihQCje3qADE,1.0,0.975,0.2866666666666667,0.8033333333333333,0.0,0.5866666666666666,1.2466666666666668,1.02,0.5266666666666667,1.0066666666666666,1.6766666666666667,1.3466666666666667,0.05000000000000001,0.7233333333333333,0.5733333333333333,0.22999999999999998,0.73,0.13333333333333333,0.3566666666666667,0.6666666666666666,0.3333333333333333,0.0,0.3333333333333333,1.0,0.6666666666666666,0.6666666666666666,1.0,1.0,1.0,0.0,0.3333333333333333,0.6666666666666666,0.3333333333333333,0.6666666666666666,0.0,0.3333333333333333,0.6666666666666666
iha3y_Oj_-o,3.0,0.5464285714285715,0.8685714285714285,0.09571428571428572,0.26571428571428574,0.2414285714285714,0.4557142857142857,0.91,0.39285714285714285,0.91,0.47714285714285715,0.39142857142857146,0.8242857142857144,0.33571428571428574,0.47428571428571425,0.35714285714285715,0.47285714285714286,0.6799999999999999,0.49857142857142855,0.8571428571428571,0.8571428571428571,0.7142857142857143,0.0,0.5714285714285714,0.7142857142857143,0.2857142857142857,0.42857142857142855,0.42857142857142855,0.42857142857142855,1.0,0.42857142857142855,0.8571428571428571,0.7142857142857143,0.5714285714285714,0.5714285714285714,0.2857142857142857,0.8571428571428571
ikCeI-HNWKU,0.0,0.025,0.84,0.13,0.0,1.56,0.0,1.13,0.64,0.54,0.42,0.1,0.08,0.79,0.6,1.0,0.0,1.32,0.0,0.0,1.0,0.0,1.0,0.0,1.0,0.0,0.0,1.0,0.0,1.0,1.0,0.0,1.0,0.0,0.0,1.0,0.0
ilvgg0xoqXg,0.5,0.4375,0.535,0.0,0.095,0.0,0.33,1.9049999999999998,0.74,0.775,0.0,0.0,0.215,0.77,0.665,0.03,0.0,0.13,0.635,0.5,1.0,0.5,0.5,0.0,0.0,0.0,0.0,0.0,0.0,0.5,0.5,0.5,0.0,0.5,0.5,0.5,0.5
im9_1MMzw3c,0.5,0.975,1.0350000000000001,0.195,0.0,0.485,1.15,1.41,0.045,0.8300000000000001,1.7149999999999999,1.32,0.0,0.0,0.415,0.0,1.27,0.015,0.0,1.0,1.0,0.0,1.0,1.0,0.5,0.0,0.5,0.5,1.0,0.5,0.0,0.0,0.0,0.5,0.5,0.0,0.0
iqd1MUUIJHM,0.5,0.4875,0.59,0.0,0.235,1.2,0.095,0.0,0.0,0.22499999999999998,0.29,0.28,0.765,0.125,0.065,0.65,0.0,1.4900000000000002,0.0,0.5,1.0,0.0,0.5,0.0,0.0,0.0,0.0,0.5,0.0,1.0,0.0,0.5,0.5,0.0,0.5,0.5,0.0
it4RYgwYIDg,0.5,0.975,0.805,0.0,0.405,0.41,1.55,1.575,0.5,0.35,1.22,0.075,0.6,1.155,0.65,0.06,0.785,0.63,0.14,0.5,0.5,0.5,0.0,0.5,0.0,0.5,0.5,0.5,0.5,0.5,0.5,0.5,0.5,0.5,0.5,0.5,0.5
iuOb6l6vbOY,0.5,0.975,0.43,0.165,0.045,0.005,0.83,1.27,0.19,0.54,1.345,0.5449999999999999,0.04,0.385,1.285,0.525,1.215,0.0,0.08,0.5,1.0,0.0,1.0,0.5,0.5,0.0,0.5,1.0,1.0,0.0,0.5,0.5,0.0,0.5,0.0,0.5,0.0
iwzPLQ6-BDs,0.5,0.95,1.22,1.37,0.585,4.255,0.0,0.0,0.0,0.0,0.51,0.365,0.0,0.0,0.0,0.15,1.19,1.4949999999999999,0.0,1.0,0.5,0.5,1.0,0.0,0.0,0.0,0.0,0.5,0.5,0.5,0.0,0.0,0.5,1.0,1.0,0.5,0.5
ix3pRU76vIc,0.5,0.5,2.36,2.5,0.0,2.5,1.305,2.83,0.03,2.0549999999999997,1.855,0.38,0.96,0.0,0.06,1.125,2.035,0.71,0.0,1.0,1.0,0.0,0.5,0.5,1.0,0.0,0.5,0.5,0.5,0.5,0.0,0.0,0.0,1.0,0.5,0.5,0.5
iz-Jvx0AmuM,0.5,0.975,0.35,0.0,0.165,0.0,0.185,0.0,0.895,0.315,0.1,0.73,0.365,0.0,0.775,0.0,0.2,0.515,0.0,1.0,1.0,0.0,0.5,0.0,0.5,0.0,0.5,0.0,1.0,0.5,0.0,0.0,0.0,0.5,0.5,0.0,0.0
j1ZDjp7CS9I,1.0,0.9416666666666668,0.20666666666666667,0.0,0.8333333333333334,0.36000000000000004,0.7266666666666667,0.0,0.7166666666666667,0.8066666666666666,0.6366666666666667,0.19999999999999998,0.17666666666666667,0.06,0.9933333333333333,0.19333333333333333,1.0733333333333335,0.37333333333333335,0.22999999999999998,0.3333333333333333,0.6666666666666666,0.6666666666666666,0.3333333333333333,0.3333333333333333,0.6666666666666666,0.6666666666666666,0.6666666666666666,0.3333333333333333,0.3333333333333333,0.6666666666666666,0.3333333333333333,0.6666666666666666,0.3333333333333333,0.6666666666666666,0.3333333333333333,0.3333333333333333,0.3333333333333333
j1knOWYwnMM,0.5,0.925,0.8200000000000001,0.27,0.12,0.17,1.9000000000000001,2.725,1.14,1.485,2.425,1.77,0.0,0.0,1.08,0.0,2.8,1.025,0.265,0.5,0.5,0.5,0.0,0.5,1.0,0.5,0.5,1.0,1.0,0.5,0.0,0.5,0.5,1.0,0.5,0.0,0.0
j2YWXAqzmX4,0.0,0.975,0.0,0.0,1.06,0.0,2.8,2.48,0.93,2.06,3.45,3.35,0.0,0.0,0.0,0.0,2.5,0.0,0.11,0.0,0.0,1.0,0.0,1.0,1.0,1.0,1.0,1.0,1.0,1.0,0.0,1.0,0.0,1.0,0.0,0.0,0.0
j4pBIs30HQc,0.5,0.975,0.33,0.0,0.315,0.425,2.28,1.5499999999999998,0.605,2.615,2.965,2.8,0.12,0.23,0.24,0.195,1.815,0.485,0.395,0.0,0.0,0.0,0.0,1.0,0.0,0.0,1.0,1.0,1.0,1.0,0.0,0.0,0.5,0.5,0.5,0.0,0.0
j5wy6RXVVCY,0.0,0.875,2.66,1.78,0.19,3.66,0.18,0.0,0.0,0.29,2.02,0.99,0.0,0.0,0.05,0.52,1.63,0.21,0.0,1.0,1.0,0.0,1.0,0.0,0.0,0.0,1.0,1.0,1.0,1.0,0.0,1.0,1.0,1.0,1.0,0.0,0.0
j61BEpr1OSg,1.0,0.9583333333333334,0.73,0.29,1.4400000000000002,1.0,0.6633333333333333,1.1,0.06666666666666667,0.6333333333333333,1.6166666666666665,1.0966666666666667,0.04666666666666667,0.0,0.0,0.0,1.5766666666666669,1.03,0.15666666666666665,0.6666666666666666,0.6666666666666666,0.6666666666666666,0.3333333333333333,0.6666666666666666,0.3333333333333333,0.0,0.6666666666666666,0.6666666666666666,0.6666666666666666,0.3333333333333333,0.0,0.0,0.0,0.6666666666666666,0.6666666666666666,0.0,0.6666666666666666
j69a0yB08gs,0.0,0.925,0.0,0.0,0.0,0.0,0.78,0.59,0.0,0.09,1.52,1.51,0.03,0.0,0.61,0.28,0.24,0.0,0.52,1.0,1.0,0.0,0.0,1.0,1.0,1.0,1.0,1.0,1.0,1.0,0.0,1.0,0.0,0.0,0.0,0.0,1.0
jAi_grkVCFY,0.5,0.5,1.365,0.2,0.43,0.6799999999999999,1.21,1.975,0.095,0.11,0.33499999999999996,0.23,0.335,0.285,0.23,0.255,0.605,0.33,0.295,1.0,0.5,1.0,0.0,1.0,1.0,0.0,0.5,0.5,0.5,1.0,0.5,0.5,0.5,0.5,0.5,0.0,0.5
jC86fVeUeZA,0.0,0.975,1.38,2.08,0.0,0.78,0.0,0.12,0.38,0.0,0.0,0.14,1.61,1.42,1.68,0.0,0.0,0.25,0.0,1.0,1.0,0.0,0.0,0.0,0.0,0.0,0.0,0.0,0.0,1.0,1.0,1.0,0.0,0.0,0.0,0.0,0.0
jDtgVcVUTVs,0.0,0.925,0.0,0.0,0.0,1.11,1.79,1.27,0.0,1.94,1.88,0.0,0.98,0.0,0.99,0.0,1.97,0.0,0.0,0.0,0.0,0.0,1.0,1.0,0.0,0.0,1.0,1.0,0.0,1.0,0.0,0.0,0.0,1.0,0.0,0.0,0.0
jDxJk9l0Wp4,1.5,0.95,0.5475,0.6950000000000001,0.32999999999999996,1.1925,0.5,0.225,0.0,0.4925,1.0425,0.27,0.0125,0.0,0.2475,0.0,1.93,0.48000000000000004,0.5875,0.75,0.75,0.25,0.25,0.5,0.5,0.0,0.75,0.25,0.25,0.0,0.0,0.0,0.0,0.75,0.5,0.25,0.5
jI23S-mYYeg,0.0,0.975,3.16,1.37,0.0,1.31,2.0,1.85,0.0,1.53,0.69,0.0,1.22,0.43,0.37,0.0,2.69,0.0,0.0,1.0,1.0,0.0,1.0,1.0,0.0,0.0,1.0,0.0,0.0,1.0,0.0,0.0,0.0,1.0,1.0,1.0,0.0
jJaymuewPYw,1.0,0.6583333333333333,1.36,0.0,0.8233333333333334,1.16,0.41333333333333333,0.8666666666666666,0.35000000000000003,0.7966666666666667,0.5266666666666667,0.5233333333333333,0.6233333333333334,0.049999999999999996,0.6733333333333333,0.006666666666666667,0.15,0.09333333333333334,0.08666666666666667,0.6666666666666666,0.3333333333333333,0.6666666666666666,0.6666666666666666,0.3333333333333333,0.3333333333333333,0.6666666666666666,0.3333333333333333,0.0,0.3333333333333333,1.0,0.3333333333333333,0.3333333333333333,0.0,0.0,0.0,0.6666666666666666,0.3333333333333333
jJyZzmYeHiQ,0.5,0.85,2.0949999999999998,1.03,0.81,1.9449999999999998,0.0,0.0,0.16,0.745,0.34,0.08,0.9500000000000001,0.73,0.12,0.045,0.325,0.68,0.135,1.0,1.0,0.5,1.0,0.0,0.0,0.0,0.0,0.0,0.0,0.5,0.5,0.0,0.0,0.0,0.0,0.0,0.0
jMLdbmElS8w,2.5,0.7958333333333334,0.6316666666666667,0.745,0.3233333333333333,0.5833333333333334,0.2916666666666667,1.0933333333333335,0.36000000000000004,0.27499999999999997,0.27999999999999997,0.16166666666666665,0.2383333333333333,0.18833333333333332,0.5,0.14333333333333334,0.48,0.42333333333333334,0.049999999999999996,0.3333333333333333,0.5,0.3333333333333333,0.3333333333333333,0.5,0.8333333333333334,0.5,0.16666666666666666,0.3333333333333333,0.6666666666666666,0.5,0.16666666666666666,0.8333333333333334,0.16666666666666666,0.6666666666666666,0.5,0.0,0.8333333333333334
jNh9sBsYgss,1.0,0.9249999999999999,0.6733333333333335,1.1066666666666667,0.39666666666666667,1.4100000000000001,0.33,0.7733333333333333,0.36333333333333334,0.62,0.22999999999999998,0.5433333333333333,0.4366666666666667,0.39666666666666667,0.06666666666666667,0.2333333333333333,0.5366666666666666,0.49666666666666665,0.15333333333333332,0.6666666666666666,0.6666666666666666,0.3333333333333333,0.6666666666666666,0.3333333333333333,0.3333333333333333,0.3333333333333333,0.3333333333333333,0.0,0.3333333333333333,0.3333333333333333,0.0,0.0,0.3333333333333333,0.6666666666666666,0.6666666666666666,0.0,0.3333333333333333
jOwLMt8-WQs,0.0,0.975,2.99,1.24,1.1,2.15,0.0,0.27,0.0,0.34,0.91,2.11,0.0,0.39,0.76,0.0,0.03,0.78,0.0,1.0,1.0,1.0,0.0,0.0,1.0,0.0,1.0,1.0,1.0,1.0,0.0,1.0,0.0,1.0,1.0,0.0,0.0
jPAf5X7D_5E,1.0,0.9416666666666668,1.2533333333333332,0.8433333333333334,0.0,0.6466666666666666,0.9733333333333333,1.2833333333333334,0.19333333333333336,1.0733333333333333,1.6233333333333333,0.8433333333333333,0.32666666666666666,0.31666666666666665,0.6699999999999999,0.7966666666666667,1.6900000000000002,0.7133333333333333,0.0,1.0,1.0,0.0,0.3333333333333333,0.6666666666666666,0.3333333333333333,0.0,0.6666666666666666,0.6666666666666666,0.6666666666666666,0.6666666666666666,0.3333333333333333,0.0,0.3333333333333333,0.6666666666666666,0.6666666666666666,0.0,0.0
jPUSclSyUiQ,0.5,0.5,0.775,0.385,0.0,0.345,0.53,1.17,0.465,0.075,0.91,1.045,0.28500000000000003,0.325,0.38,0.055,0.475,0.225,0.345,1.0,1.0,0.0,0.5,0.0,0.0,0.5,0.5,0.5,0.5,0.5,0.5,0.5,0.0,0.5,0.0,0.5,0.0
jQaxzqZztNM,0.5,0.975,0.295,0.64,0.0,0.935,0.05,1.745,0.175,0.0,0.235,0.035,0.01,0.055,0.375,0.04,0.555,0.45,0.0,0.5,0.5,0.5,0.5,0.5,1.0,0.5,0.5,0.5,0.5,0.5,0.0,1.0,0.0,0.5,0.5,0.0,0.5
jSVt-jwgQ1U,0.0,0.975,0.92,0.0,0.17,0.0,2.09,0.99,0.0,2.12,1.77,1.45,0.0,0.0,0.0,0.0,1.89,0.06,0.08,1.0,0.0,1.0,0.0,1.0,1.0,1.0,1.0,1.0,1.0,0.0,0.0,0.0,0.0,1.0,0.0,0.0,1.0
jSktkWAbLAk,0.5,0.8999999999999999,1.895,0.6950000000000001,0.475,1.3250000000000002,0.77,1.41,0.0,1.0950000000000002,1.075,0.83,1.46,0.37,1.025,0.06,0.025,0.0,0.005,1.0,1.0,0.5,0.5,0.5,0.5,0.0,0.0,0.0,0.5,1.0,0.0,0.5,0.0,0.0,0.0,0.5,0.0
jTHtIfk1Nyo,0.0,0.875,0.84,0.0,0.41,1.17,0.85,0.0,0.51,0.0,0.88,0.63,0.23,0.0,1.04,0.63,0.0,0.0,0.0,1.0,1.0,0.0,1.0,0.0,0.0,0.0,0.0,1.0,1.0,1.0,0.0,1.0,1.0,0.0,0.0,0.0,0.0
jTPe32FwjEI,0.5,0.975,1.5250000000000001,0.98,0.44,0.275,1.055,1.34,0.31,0.735,0.945,0.31,0.0,0.175,0.31,0.10500000000000001,0.9,1.275,0.0,1.0,1.0,0.5,0.0,0.5,0.5,0.0,0.5,0.5,0.5,0.5,0.0,1.0,0.5,1.0,1.0,0.5,0.5
jVtWRVmMVGg,1.5,0.9375,0.52,0.7725,0.25749999999999995,1.03,0.04,0.0325,0.0125,0.535,0.2675,0.475,0.095,0.1225,0.19749999999999998,0.0,0.725,1.3599999999999999,0.055,0.75,1.0,0.5,0.75,0.0,0.0,0.25,0.5,0.0,0.25,0.5,0.0,0.0,0.0,0.5,0.75,0.0,0.5
jZn35O_ja4Q,0.5,0.975,0.495,0.0,0.0,1.41,0.58,1.355,0.7050000000000001,1.81,0.49,0.585,1.1400000000000001,0.33,0.95,0.45,1.22,0.74,0.27,0.5,1.0,0.0,0.5,0.5,0.5,0.5,1.0,0.5,0.0,1.0,0.5,0.5,0.5,1.0,0.5,0.5,0.0
j_G9pHUL-wY,0.0,0.875,0.71,0.0,0.0,1.06,1.16,0.02,0.0,0.51,2.45,1.01,0.0,0.0,1.29,0.78,1.38,0.0,0.0,0.0,1.0,0.0,1.0,1.0,0.0,0.0,1.0,1.0,1.0,0.0,0.0,1.0,1.0,1.0,0.0,1.0,0.0
jbdN_Uwuosc,0.0,0.975,0.84,0.0,1.45,1.03,0.64,0.91,0.0,0.1,0.73,1.2,0.24,1.64,1.64,1.45,0.0,0.58,0.0,0.0,0.0,1.0,1.0,1.0,1.0,0.0,1.0,1.0,1.0,0.0,1.0,1.0,1.0,0.0,1.0,1.0,0.0
jeyDC8xrwt4,1.5,0.7125,1.145,0.505,0.0,1.3675,0.38,0.3725,0.325,0.4525,0.65,0.0825,0.9075,0.6625,0.395,0.185,1.1075000000000002,1.01,0.025,1.0,0.5,0.25,1.0,0.0,0.25,0.5,0.75,0.5,0.25,1.0,0.5,0.5,0.5,1.0,0.75,0.25,0.5
jiQ7Grr33oA,1.0,0.8250000000000001,0.7600000000000001,0.21,0.5366666666666667,0.23666666666666666,0.29666666666666663,0.7833333333333332,0.0,0.3833333333333333,0.4466666666666666,0.006666666666666667,0.7399999999999999,0.5366666666666666,0.4666666666666666,0.06666666666666667,0.82,0.5066666666666667,0.5266666666666667,1.0,1.0,0.6666666666666666,0.0,0.6666666666666666,0.6666666666666666,0.0,0.3333333333333333,0.3333333333333333,0.0,1.0,0.6666666666666666,0.3333333333333333,0.6666666666666666,0.6666666666666666,0.6666666666666666,0.0,1.0
jmntzm5yBYY,0.0,0.925,1.65,1.51,0.0,1.35,0.64,0.7,0.0,1.15,1.53,1.39,0.71,0.06,1.24,0.0,1.45,0.0,0.0,1.0,1.0,0.0,1.0,1.0,0.0,0.0,1.0,1.0,1.0,1.0,0.0,1.0,0.0,1.0,0.0,0.0,0.0
jnP26DJ4Eok,1.0,0.975,0.8633333333333333,0.35000000000000003,0.043333333333333335,0.32666666666666666,1.9033333333333333,1.8833333333333335,0.8466666666666667,1.7400000000000002,1.9266666666666665,1.0966666666666667,0.19999999999999998,0.0,0.57,0.0,2.27,0.27,1.2533333333333334,0.3333333333333333,0.3333333333333333,0.0,0.3333333333333333,0.6666666666666666,0.6666666666666666,0.3333333333333333,0.6666666666666666,0.6666666666666666,0.6666666666666666,0.3333333333333333,0.0,0.3333333333333333,0.0,0.6666666666666666,0.0,0.0,0.6666666666666666
joeAUU_Gwko,0.5,0.975,0.0,0.0,0.51,0.08,0.445,0.91,0.085,1.325,0.65,0.845,0.0,0.0,0.835,0.0,0.54,1.25,0.05,0.0,0.0,0.5,0.5,0.5,0.5,0.5,0.5,0.5,0.5,1.0,0.0,0.0,0.0,1.0,0.5,0.0,0.0
jqEDYZ_jq3s,0.5,0.975,2.09,2.505,0.0,1.38,1.94,1.195,0.24,2.0,3.485,1.72,0.0,0.0,0.0,0.0,2.69,0.42,0.195,1.0,1.0,0.0,0.5,1.0,0.5,0.0,1.0,1.0,0.5,0.0,0.0,0.0,0.0,1.0,0.5,0.0,0.5
jqrEYX5MMks,1.0,0.9583333333333334,0.8733333333333334,0.8866666666666667,0.13,0.0,0.10333333333333333,0.7833333333333333,0.6966666666666667,0.29666666666666663,0.07333333333333333,0.3333333333333333,1.7366666666666666,2.2333333333333334,0.26666666666666666,0.14666666666666667,0.7766666666666667,0.5366666666666666,1.5233333333333334,1.0,0.6666666666666666,0.3333333333333333,0.0,0.0,0.6666666666666666,0.3333333333333333,0.0,0.3333333333333333,0.0,0.6666666666666666,0.6666666666666666,0.0,0.3333333333333333,0.3333333333333333,1.0,0.6666666666666666,0.6666666666666666
jrppaG01-F0,0.0,0.975,2.21,3.66,0.0,1.93,0.0,0.0,0.0,0.0,0.0,0.0,0.0,0.31,0.0,0.0,0.0,0.0,1.36,1.0,1.0,0.0,1.0,0.0,0.0,0.0,0.0,0.0,0.0,0.0,0.0,0.0,0.0,0.0,0.0,0.0,0.0
jrxk0pWFe-I,0.0,0.975,0.5,0.34,0.0,1.26,2.03,0.07,0.12,1.41,2.35,0.92,0.0,0.0,0.0,0.0,3.28,1.38,0.0,1.0,1.0,0.0,0.0,1.0,1.0,1.0,1.0,1.0,1.0,0.0,0.0,0.0,0.0,1.0,1.0,0.0,0.0
jumDvsiJ9BI,0.0,0.975,0.72,0.0,0.16,0.44,0.09,2.03,0.21,1.13,1.02,0.0,0.72,0.0,0.23,0.0,0.95,1.58,0.0,1.0,1.0,1.0,0.0,0.0,1.0,0.0,1.0,0.0,0.0,1.0,0.0,1.0,0.0,0.0,1.0,0.0,0.0
jw1ScfGOB4U,0.0,0.975,0.0,0.0,0.09,0.0,1.98,4.08,0.21,1.49,2.4,1.86,0.0,0.0,0.0,0.0,2.47,0.51,0.0,0.0,0.0,0.0,0.0,1.0,1.0,0.0,1.0,1.0,1.0,0.0,0.0,0.0,0.0,1.0,0.0,0.0,0.0
jw7ykAwVGH0,0.0,0.975,0.0,0.0,0.0,0.0,0.81,0.85,0.8,2.11,0.04,0.47,1.2,1.97,0.0,0.65,2.02,0.0,1.45,0.0,0.0,0.0,0.0,1.0,1.0,1.0,1.0,0.0,0.0,0.0,1.0,0.0,1.0,1.0,0.0,1.0,1.0
jwhcFIoDFNg,0.5,0.975,0.615,0.52,0.3,0.455,0.14500000000000002,0.0,0.005,0.375,0.865,1.1949999999999998,0.0,0.06,0.21,0.13,0.965,0.06,0.94,0.5,0.5,0.5,0.0,0.0,0.0,0.0,0.5,0.0,1.0,0.0,0.0,0.5,0.5,0.5,0.0,0.0,0.5
jxZgccTWzcg,0.5,0.925,0.16,0.0,0.64,0.18,2.015,2.66,0.735,2.15,2.4299999999999997,1.93,0.0,0.0,0.0,0.0,3.315,0.8500000000000001,0.0,1.0,0.5,0.5,0.5,1.0,1.0,1.0,1.0,1.0,1.0,0.5,0.0,0.0,0.5,1.0,1.0,0.0,0.0
jxi7MHhur20,0.0,0.975,0.42,0.0,1.73,1.35,0.15,0.7,0.51,0.61,0.0,0.0,0.0,0.26,0.0,0.0,0.0,1.09,0.0,1.0,1.0,1.0,0.0,0.0,0.0,0.0,0.0,0.0,0.0,0.0,0.0,1.0,0.0,0.0,0.0,1.0,0.0
jyWS46pHtdA,2.0,0.945,0.798,0.184,0.0,0.22199999999999998,0.574,0.40199999999999997,0.386,0.19,1.038,0.778,0.13799999999999998,0.0,0.23199999999999998,0.05600000000000001,0.984,0.0,0.078,0.8,0.8,0.0,0.2,0.4,0.4,0.6,0.4,0.6,0.8,0.6,0.0,0.4,0.2,0.6,0.0,0.0,0.4
jzS627fKCvc,1.0,0.9583333333333334,0.24,0.013333333333333334,0.0,0.10333333333333333,1.5233333333333334,1.876666666666667,0.6166666666666667,1.6166666666666665,2.1466666666666665,1.21,0.4833333333333334,0.4833333333333334,1.16,0.0033333333333333335,1.0166666666666666,0.4366666666666667,0.08666666666666667,0.0,0.3333333333333333,0.0,0.0,1.0,0.3333333333333333,0.3333333333333333,1.0,1.0,1.0,0.6666666666666666,0.3333333333333333,0.3333333333333333,0.0,0.3333333333333333,0.3333333333333333,0.0,0.3333333333333333
k3dilnwfcec,0.5,0.875,2.275,1.62,0.075,0.835,0.72,0.0,0.01,0.5,0.655,0.0,0.8,1.42,1.535,0.965,0.755,0.24,0.265,1.0,1.0,0.0,1.0,0.5,0.5,0.5,0.5,0.0,0.5,0.5,1.0,0.5,1.0,0.5,0.0,0.0,0.0
k4VbpUl8U9I,2.0,0.905,1.264,0.18,0.28800000000000003,1.1620000000000001,1.1119999999999999,0.476,0.174,1.032,0.9860000000000001,0.974,0.32199999999999995,0.458,0.986,0.128,0.9460000000000001,0.85,0.178,0.8,0.8,0.4,0.8,0.6,0.2,0.2,0.8,0.2,0.4,0.4,0.4,0.8,0.4,0.8,0.6,0.8,0.2
k4cn8eVRCDo,1.5,0.95,0.5525,1.165,0.0,1.0125,0.0,0.3575,0.4625,0.02,0.16499999999999998,0.23249999999999998,0.22,0.21,0.085,0.0,0.1075,0.505,0.0175,1.0,1.0,0.0,0.5,0.0,0.0,0.0,0.0,0.25,0.5,0.75,0.0,0.25,0.0,0.5,0.5,0.5,0.0
k5DdXvzvQ9g,2.5,0.9166666666666666,0.73,0.0,0.4583333333333333,1.0783333333333334,0.09166666666666667,0.3433333333333333,0.10166666666666668,0.8850000000000001,0.39166666666666666,0.7000000000000001,0.7433333333333333,0.028333333333333335,0.16499999999999998,0.06166666666666667,0.41333333333333333,0.515,0.08666666666666667,0.6666666666666666,0.8333333333333334,0.3333333333333333,0.8333333333333334,0.0,0.0,0.0,0.3333333333333333,0.16666666666666666,0.3333333333333333,0.6666666666666666,0.0,0.3333333333333333,0.16666666666666666,0.5,0.3333333333333333,0.6666666666666666,0.16666666666666666
k5iXUMHPXb8,1.0,0.9249999999999999,1.7133333333333332,0.8833333333333334,0.20333333333333334,0.73,0.8066666666666666,0.61,0.0,1.54,0.82,0.8966666666666666,0.8566666666666668,0.15333333333333335,1.3399999999999999,0.10333333333333333,1.0999999999999999,0.0,0.39333333333333337,1.0,1.0,0.0,0.6666666666666666,0.3333333333333333,0.0,0.0,0.3333333333333333,0.6666666666666666,0.3333333333333333,0.3333333333333333,0.0,0.3333333333333333,0.3333333333333333,0.3333333333333333,0.3333333333333333,0.0,0.0
kAsWumwTUjQ,0.0,0.875,1.8,2.15,0.14,1.53,0.45,0.52,0.0,0.0,0.0,0.0,5.0,0.0,0.0,0.04,0.48,0.0,0.95,1.0,1.0,0.0,1.0,0.0,0.0,0.0,0.0,0.0,0.0,0.0,0.0,0.0,1.0,0.0,0.0,1.0,0.0
kBRmepdDuGk,0.5,0.5,0.7,0.24,0.20500000000000002,2.365,0.035,0.015,0.0,0.0,0.25,1.81,0.765,0.045,0.525,0.065,0.26,0.15,0.145,0.5,1.0,0.0,1.0,0.0,0.0,0.0,0.0,0.0,1.0,0.5,0.0,0.5,0.0,0.5,0.5,0.0,0.0
kEdhl7xNluM,1.0,0.975,0.0,0.0,0.07333333333333333,0.0,1.02,0.9766666666666667,0.8766666666666666,1.1500000000000001,1.5633333333333332,1.97,0.24333333333333332,0.0,0.39666666666666667,0.33,0.09999999999999999,0.06999999999999999,0.023333333333333334,0.0,0.0,0.0,0.3333333333333333,1.0,0.6666666666666666,0.3333333333333333,1.0,1.0,1.0,1.0,0.0,0.6666666666666666,1.0,0.0,0.0,0.0,0.0
kFBwyWHgkXg,0.0,0.875,0.0,0.0,0.03,1.03,0.78,0.0,0.0,0.98,1.24,2.55,0.68,0.0,1.65,0.75,0.0,0.0,0.0,0.0,1.0,0.0,0.0,1.0,0.0,0.0,1.0,1.0,1.0,1.0,0.0,1.0,1.0,0.0,0.0,0.0,0.0
kIbd4DORB-8,6.5,0.8196428571428571,0.39285714285714285,0.07142857142857142,0.5042857142857143,0.1757142857142857,0.6607142857142857,0.9607142857142856,0.23500000000000001,0.26142857142857145,0.8757142857142857,0.8071428571428572,0.3964285714285714,0.4928571428571428,0.665,0.04285714285714286,0.41285714285714287,0.11857142857142858,0.21428571428571427,0.8571428571428571,0.5,0.5,0.5,0.6428571428571429,0.7857142857142857,0.2857142857142857,0.42857142857142855,0.6428571428571429,0.5714285714285714,0.7142857142857143,0.42857142857142855,0.42857142857142855,0.07142857142857142,0.42857142857142855,0.2857142857142857,0.14285714285714285,0.6428571428571429
kL1xAYUTx2o,0.0,0.975,0.38,0.5,0.0,0.0,1.17,0.73,0.0,1.38,2.56,0.87,0.0,0.0,0.0,0.0,2.04,0.0,0.0,0.0,1.0,0.0,0.0,1.0,0.0,0.0,1.0,1.0,1.0,0.0,0.0,0.0,0.0,1.0,0.0,0.0,0.0
kOUQW-YbAeY,1.0,0.6583333333333333,1.4333333333333333,1.3333333333333333,0.0,1.7233333333333334,0.0,0.0,0.0,0.5733333333333334,0.0,0.0,0.4633333333333334,0.64,0.19333333333333333,0.04666666666666667,0.9500000000000001,0.4033333333333333,0.03666666666666667,1.0,1.0,0.6666666666666666,0.3333333333333333,0.0,0.3333333333333333,0.0,0.3333333333333333,0.3333333333333333,0.0,0.6666666666666666,0.3333333333333333,0.3333333333333333,0.0,0.3333333333333333,0.6666666666666666,0.3333333333333333,0.0
kOf9riihh1g,2.0,0.8949999999999999,0.526,0.0,0.312,0.098,1.47,1.89,1.01,1.302,1.682,0.868,0.132,1.0779999999999998,1.514,0.0,1.4120000000000001,1.448,0.388,0.6,0.8,0.2,0.2,0.8,0.8,0.4,0.6,0.8,0.6,0.4,0.2,0.6,0.0,0.6,0.6,0.2,0.4
kVfqhcWspQw,0.0,0.025,0.79,0.0,0.0,0.0,0.0,0.19,0.39,1.96,0.0,0.49,3.67,0.0,0.0,3.26,0.45,0.0,0.0,1.0,1.0,1.0,0.0,0.0,0.0,0.0,0.0,0.0,1.0,0.0,0.0,0.0,1.0,1.0,0.0,0.0,0.0
kWRYJ4P1h-A,0.0,0.025,0.22,0.58,0.0,0.38,0.55,0.0,0.0,0.33,0.38,0.0,0.79,0.75,1.96,0.0,0.0,0.0,0.0,1.0,1.0,1.0,0.0,0.0,0.0,0.0,1.0,0.0,0.0,1.0,1.0,1.0,0.0,0.0,0.0,1.0,0.0
kWXTPmPd_gk,1.5,0.49375,0.5625,0.0925,0.76,1.3325,0.5725,0.795,0.2,0.98,0.635,0.39,0.535,0.38,0.8400000000000001,0.835,0.5325,0.060000000000000005,0.1325,1.0,1.0,0.5,0.5,0.5,0.5,0.0,0.75,0.5,0.25,0.75,0.5,1.0,0.25,0.5,0.25,0.5,0.25
kXPQK-Gxkl8,0.0,0.875,0.62,0.0,0.0,0.0,0.56,0.76,3.02,0.0,0.0,0.0,0.0,0.0,2.22,0.0,0.0,3.22,0.0,0.0,1.0,1.0,0.0,1.0,1.0,0.0,0.0,0.0,0.0,0.0,0.0,1.0,0.0,1.0,0.0,1.0,0.0
kXq_pc1ug3s,0.0,0.975,0.61,1.68,0.0,3.34,0.78,0.18,0.01,0.5,2.14,0.0,0.0,0.0,0.0,0.66,2.57,0.0,0.0,0.0,1.0,0.0,1.0,0.0,0.0,0.0,1.0,1.0,0.0,0.0,0.0,0.0,1.0,1.0,1.0,0.0,0.0
kYTUmK8f52A,0.0,0.975,2.73,0.92,0.25,0.44,0.22,0.65,0.28,1.41,0.83,0.29,1.16,0.0,1.0,0.1,0.15,0.0,0.0,1.0,1.0,0.0,1.0,0.0,1.0,0.0,1.0,1.0,1.0,1.0,0.0,1.0,0.0,0.0,0.0,0.0,0.0
kaK0QUeJDs4,2.0,0.595,1.274,0.16,0.546,0.366,1.026,1.9759999999999998,0.546,0.552,0.954,0.74,0.8480000000000001,0.8380000000000001,0.41,0.24000000000000005,0.51,0.732,0.062,1.0,0.6,0.6,0.0,0.8,1.0,0.4,0.2,0.6,0.4,0.6,0.2,0.4,0.4,0.4,0.4,0.8,0.4
kceHa2XteNs,0.0,0.975,1.44,1.82,0.25,3.19,0.0,0.0,0.52,0.86,0.29,0.0,0.23,0.0,0.0,0.0,2.22,1.87,0.0,1.0,1.0,0.0,1.0,0.0,0.0,0.0,0.0,0.0,0.0,1.0,0.0,0.0,0.0,1.0,1.0,0.0,0.0
kdQjdQUFzBo,0.5,0.95,1.295,1.08,0.57,0.7999999999999999,1.675,2.925,0.625,1.555,1.665,1.345,0.0,0.295,1.0,0.055,1.225,0.175,0.375,1.0,1.0,0.5,0.5,1.0,1.0,0.5,0.5,1.0,1.0,0.0,0.5,0.5,0.0,0.5,0.0,0.5,0.5
kgG1oJiE5qs,1.0,0.975,0.6133333333333334,1.2166666666666666,0.0,1.3333333333333333,1.3466666666666667,0.6266666666666666,0.7966666666666665,1.1633333333333333,0.96,0.19333333333333333,0.4166666666666667,0.13666666666666666,0.32666666666666666,0.18000000000000002,0.11666666666666668,0.32,0.45,0.3333333333333333,1.0,0.0,0.3333333333333333,0.6666666666666666,0.6666666666666666,0.6666666666666666,0.6666666666666666,0.6666666666666666,0.3333333333333333,0.6666666666666666,0.3333333333333333,0.3333333333333333,0.3333333333333333,0.3333333333333333,0.6666666666666666,0.3333333333333333,0.3333333333333333
kkiNTet5G-Q,0.5,0.975,1.0050000000000001,0.605,0.725,0.52,1.27,1.895,0.63,0.455,1.57,1.915,0.335,0.565,1.2049999999999998,0.185,0.155,0.0,0.745,0.5,0.5,0.5,0.5,0.5,1.0,0.5,0.5,1.0,1.0,1.0,0.0,0.5,0.0,0.0,0.0,0.5,0.5
klMo0d2-VOs,0.5,0.975,0.165,0.255,0.0,0.595,1.335,0.375,0.5700000000000001,1.655,1.245,0.615,0.255,0.21,0.17,0.0,1.765,0.355,0.0,1.0,1.0,0.0,0.5,0.5,0.5,0.5,1.0,1.0,0.5,0.0,0.5,0.0,0.0,0.5,0.5,0.5,0.5
klx-_N0XMEY,0.0,0.975,1.44,1.89,0.0,0.05,1.87,2.04,0.17,1.99,3.02,2.09,0.0,0.0,1.09,0.16,4.07,0.98,0.26,1.0,1.0,0.0,1.0,1.0,0.0,0.0,1.0,1.0,1.0,0.0,0.0,1.0,1.0,1.0,1.0,0.0,0.0
koNVREBxap8,0.5,0.9,0.0,0.0,0.0,0.935,0.895,0.0,0.085,1.2349999999999999,1.125,0.12,0.21,0.07,0.0,0.0,0.445,0.165,0.0,1.0,1.0,0.0,1.0,0.5,0.0,0.0,1.0,1.0,0.5,0.0,0.5,0.0,0.0,0.5,1.0,1.0,0.0
konXumXsoFE,0.5,0.45,0.285,0.21,0.555,0.09,0.9199999999999999,1.78,0.465,0.045,0.7949999999999999,0.995,0.565,0.96,0.795,0.48000000000000004,0.0,0.115,1.545,0.0,0.5,0.5,0.0,0.5,0.5,0.5,0.5,0.5,0.5,0.5,0.5,0.5,0.5,0.0,0.0,0.0,0.5
kq2oO7fRbB4,0.0,0.975,0.82,0.43,0.0,0.0,1.43,2.91,0.79,0.94,1.36,0.0,0.36,0.44,0.0,0.37,0.42,0.22,0.0,1.0,0.0,0.0,0.0,1.0,1.0,1.0,1.0,1.0,0.0,1.0,1.0,0.0,1.0,0.0,1.0,0.0,0.0
krOzZPUb738,0.5,0.95,1.815,0.61,0.61,1.73,1.5,1.4,0.03,1.33,1.6,0.81,0.0,0.0,0.0,0.1,1.305,0.405,0.285,1.0,0.0,0.5,0.5,0.5,1.0,0.0,0.5,0.5,0.5,0.5,0.0,0.0,0.5,1.0,0.5,0.5,0.5
kssJ-jhOFPA,0.5,0.975,0.51,0.125,0.19,0.395,1.545,0.615,0.64,2.3600000000000003,1.46,0.79,0.8150000000000001,0.33,0.38,0.0,1.815,0.4,0.02,0.5,0.5,0.0,0.5,1.0,0.0,0.5,1.0,0.5,0.5,0.5,0.0,0.5,0.5,1.0,0.0,0.5,0.0
kupDrmKBW4w,1.5,0.975,0.9975,0.075,1.2475,0.17,1.7225000000000001,0.925,0.4375,1.375,2.265,1.975,0.1575,0.1025,0.40499999999999997,0.24,1.365,0.3275,0.14500000000000002,0.75,0.5,0.75,0.25,0.75,0.75,0.5,1.0,1.0,1.0,0.75,0.0,0.5,0.5,0.75,0.5,0.25,0.0
kwMIisZ35QQ,1.5,0.9625,1.15,0.9625,0.9974999999999999,2.0075000000000003,1.045,1.07,0.1,1.32,1.47,0.425,0.0825,0.0425,0.16,0.0,1.69,0.215,0.0,1.0,0.25,0.75,0.75,0.75,0.5,0.5,0.75,0.75,0.5,0.25,0.0,0.5,0.0,1.0,0.75,0.5,0.25
kxVFwfWXSSE,0.5,0.95,0.645,1.095,0.0,2.075,0.0,0.0,0.0,0.7250000000000001,0.285,0.345,0.63,0.09,0.0,0.12,0.135,0.0,0.0,1.0,1.0,0.0,1.0,0.0,0.5,0.0,0.5,0.5,0.5,0.5,0.0,0.0,0.0,0.0,0.0,1.0,0.0
kyefcNqiZOA,1.0,0.975,0.56,0.4466666666666666,0.37333333333333335,0.9866666666666667,0.8633333333333333,0.6566666666666666,0.5566666666666666,1.5200000000000002,1.51,0.28,0.07666666666666667,0.0,0.06333333333333334,0.0,2.11,1.2733333333333334,0.0,1.0,0.6666666666666666,0.3333333333333333,1.0,0.6666666666666666,0.6666666666666666,0.6666666666666666,0.6666666666666666,0.6666666666666666,0.3333333333333333,0.3333333333333333,0.0,0.0,0.0,1.0,1.0,0.0,0.0
kz8L5quDgYU,1.0,0.875,0.8333333333333334,0.0,0.9500000000000001,0.5366666666666667,0.3066666666666667,0.7133333333333333,0.02666666666666667,0.17333333333333334,0.34,0.7733333333333334,0.3066666666666667,0.7200000000000001,0.33666666666666667,0.29333333333333333,0.37666666666666665,0.20333333333333334,0.32,0.6666666666666666,0.0,0.6666666666666666,0.3333333333333333,0.3333333333333333,0.6666666666666666,0.0,0.0,0.0,0.6666666666666666,0.3333333333333333,0.6666666666666666,1.0,0.6666666666666666,0.3333333333333333,0.0,0.0,0.3333333333333333
l-lPCxX7ySg,0.5,0.925,1.81,1.0550000000000002,0.175,1.775,2.67,1.315,0.33,2.8049999999999997,2.77,1.08,0.15,0.0,0.0,0.0,2.895,1.15,0.0,1.0,1.0,0.0,0.5,1.0,1.0,0.0,1.0,1.0,0.0,0.0,0.0,0.0,0.0,1.0,1.0,0.5,0.0
l0eB8kD2EHY,0.5,0.975,1.21,1.75,1.12,3.835,0.21,0.385,0.93,1.065,0.0,0.04,0.6,0.525,0.295,0.0,2.56,0.9299999999999999,0.0,1.0,0.5,0.5,1.0,0.0,0.0,0.5,0.5,0.0,0.0,0.5,0.0,0.0,0.0,1.0,1.0,0.5,0.5
l2YVDriQtmo,1.0,0.9416666666666668,0.19666666666666666,0.5966666666666667,0.12666666666666668,1.0999999999999999,0.08666666666666667,0.0,0.15,0.0,0.19000000000000003,0.9700000000000001,0.14666666666666667,0.17333333333333334,0.08333333333333333,0.18666666666666668,0.38666666666666666,0.9766666666666667,0.5,0.6666666666666666,1.0,0.3333333333333333,0.3333333333333333,0.0,0.0,0.0,0.0,0.0,0.6666666666666666,0.6666666666666666,0.3333333333333333,0.3333333333333333,0.3333333333333333,0.3333333333333333,0.6666666666666666,0.6666666666666666,0.3333333333333333
l3050mDF35E,0.5,0.925,0.4,0.0,0.95,1.7850000000000001,0.525,0.0,0.49,1.01,0.0,0.61,0.545,0.7,0.0,0.905,0.0,1.19,0.36,0.0,0.0,0.5,0.5,0.5,0.0,1.0,0.5,0.0,1.0,1.0,0.5,0.5,1.0,0.0,0.5,1.0,1.0
l37i8s1uUx0,1.5,0.6875,0.195,0.035,0.7975,0.3725,1.2149999999999999,0.79,0.5225,1.235,1.24,2.0725,0.85,0.375,0.4375,0.18,0.9175,0.675,0.20750000000000002,0.5,0.5,0.5,0.5,1.0,0.5,0.0,0.75,0.5,1.0,0.75,0.25,0.25,0.75,0.75,0.25,0.0,0.0
l5K-jH6FWcQ,0.5,0.975,1.065,0.7350000000000001,0.0,0.55,1.4849999999999999,3.0599999999999996,0.31,1.495,1.85,0.155,0.175,0.0,0.195,0.255,1.705,0.5,1.3050000000000002,1.0,1.0,0.0,0.0,1.0,1.0,0.5,1.0,1.0,0.5,0.5,0.0,0.0,0.5,1.0,1.0,0.0,1.0
l62LKcUAKgI,0.0,0.025,0.64,0.0,0.34,0.0,0.0,0.0,0.62,1.14,0.0,1.24,0.66,2.06,0.0,0.0,0.0,3.2,0.0,1.0,1.0,1.0,0.0,0.0,1.0,1.0,0.0,0.0,1.0,1.0,1.0,0.0,0.0,0.0,1.0,1.0,0.0
l9hIJpOP5Fo,0.0,0.875,0.0,0.0,0.0,1.01,0.66,0.0,0.43,0.92,2.13,1.29,0.78,0.0,0.52,0.0,0.81,0.0,0.32,0.0,1.0,0.0,1.0,1.0,0.0,0.0,1.0,1.0,1.0,1.0,0.0,1.0,0.0,1.0,1.0,0.0,0.0
lDc5m69DlKk,0.0,0.825,0.56,0.89,0.0,1.39,0.0,0.0,0.0,0.0,1.19,0.0,0.0,0.95,0.0,0.37,0.0,0.0,0.0,1.0,1.0,0.0,1.0,0.0,0.0,0.0,0.0,1.0,1.0,0.0,1.0,0.0,0.0,0.0,0.0,1.0,0.0
lDkAhaR_cyA,2.5,0.5833333333333334,0.20333333333333334,0.0,0.5633333333333334,0.24,0.7733333333333334,1.9799999999999998,0.6916666666666665,0.25333333333333335,0.4033333333333333,0.9933333333333333,1.1433333333333333,0.9266666666666667,0.7699999999999999,1.0733333333333335,0.9716666666666667,0.6883333333333334,0.41333333333333333,0.8333333333333334,0.5,0.5,0.16666666666666666,0.3333333333333333,0.8333333333333334,0.3333333333333333,0.3333333333333333,0.3333333333333333,0.5,0.8333333333333334,0.5,0.8333333333333334,0.8333333333333334,0.8333333333333334,0.5,0.0,0.5
lEgYxTAN36I,0.0,0.875,2.3,0.69,0.58,1.86,1.2,3.55,1.2,0.66,0.49,0.0,2.31,0.0,1.87,0.0,2.09,1.75,0.0,1.0,0.0,1.0,0.0,0.0,0.0,0.0,0.0,0.0,0.0,1.0,0.0,1.0,1.0,1.0,1.0,1.0,0.0
lFDIdJ71AWQ,1.0,0.9583333333333334,0.52,0.42,0.4666666666666666,1.6533333333333333,0.4266666666666667,0.37666666666666665,0.6466666666666667,0.43,1.4166666666666667,1.0066666666666666,0.0033333333333333335,0.27999999999999997,0.0,0.0,0.5433333333333333,1.21,0.17666666666666667,0.6666666666666666,0.6666666666666666,0.0,0.6666666666666666,0.6666666666666666,0.6666666666666666,0.0,0.3333333333333333,0.6666666666666666,0.6666666666666666,0.6666666666666666,0.3333333333333333,0.0,0.0,0.3333333333333333,1.0,0.3333333333333333,0.0
lG54jwwvTrc,0.0,0.975,0.87,0.74,0.0,1.38,1.05,0.1,0.6,2.26,1.37,2.93,0.0,0.0,0.0,0.0,2.23,0.0,0.0,1.0,1.0,0.0,1.0,1.0,1.0,1.0,1.0,1.0,1.0,1.0,0.0,0.0,0.0,1.0,1.0,1.0,0.0
lGlWteaA0G4,0.0,0.975,0.76,0.94,0.0,1.25,0.0,0.19,0.0,0.83,0.0,0.0,2.12,2.16,0.0,0.0,0.5,1.3,0.52,1.0,0.0,1.0,0.0,0.0,0.0,0.0,0.0,0.0,0.0,1.0,1.0,0.0,0.0,0.0,1.0,0.0,0.0
lH-ebkL3l9w,1.0,0.9416666666666668,0.3333333333333333,0.1366666666666667,0.51,0.35333333333333333,1.3933333333333335,1.2266666666666666,0.7033333333333333,1.8033333333333335,1.0366666666666668,1.2166666666666666,0.8166666666666668,0.5533333333333333,0.0,0.27999999999999997,1.54,2.2433333333333336,0.13333333333333333,0.6666666666666666,0.3333333333333333,0.6666666666666666,0.0,0.6666666666666666,0.6666666666666666,0.3333333333333333,0.6666666666666666,0.6666666666666666,0.6666666666666666,0.6666666666666666,0.3333333333333333,0.0,0.3333333333333333,0.6666666666666666,0.6666666666666666,0.3333333333333333,0.3333333333333333
lLQcFpgbMOk,1.0,0.9583333333333334,0.26666666666666666,0.20666666666666667,0.94,0.3,0.6,1.9299999999999997,0.32666666666666666,0.16333333333333333,0.9233333333333333,0.19999999999999998,0.02666666666666667,0.0,0.2833333333333333,0.06333333333333334,1.1033333333333333,0.6233333333333333,0.36000000000000004,1.0,0.3333333333333333,0.3333333333333333,0.6666666666666666,0.6666666666666666,0.6666666666666666,0.6666666666666666,0.3333333333333333,0.6666666666666666,1.0,0.3333333333333333,0.0,0.3333333333333333,0.3333333333333333,0.6666666666666666,1.0,0.0,0.6666666666666666
lOF4vVxBQ-s,0.0,0.975,0.0,0.0,2.23,0.0,0.0,1.01,0.52,0.6,0.0,0.0,1.15,0.06,0.39,0.0,0.0,0.0,0.0,0.0,0.0,1.0,0.0,0.0,0.0,0.0,0.0,0.0,0.0,1.0,0.0,0.0,0.0,0.0,0.0,0.0,0.0
lQ_4IeSVUrQ,1.0,0.9083333333333333,0.59,0.12666666666666668,0.9033333333333333,0.21,1.4033333333333333,2.186666666666667,0.9333333333333332,1.5633333333333335,1.3666666666666665,0.57,0.47,0.6166666666666667,0.15666666666666665,0.12666666666666668,1.0633333333333332,0.44333333333333336,0.38000000000000006,0.6666666666666666,0.3333333333333333,0.3333333333333333,0.3333333333333333,1.0,0.6666666666666666,1.0,0.6666666666666666,0.6666666666666666,0.3333333333333333,1.0,0.3333333333333333,0.3333333333333333,0.3333333333333333,0.6666666666666666,0.0,0.3333333333333333,0.6666666666666666
lQfMYUon9fM,2.0,0.37,0.9100000000000001,0.836,0.298,0.45599999999999996,1.778,2.334,0.696,1.42,1.636,1.522,0.154,0.238,0.5660000000000001,0.174,1.12,0.726,0.048,0.6,0.2,0.2,0.2,1.0,0.6,0.6,1.0,1.0,1.0,0.4,0.0,0.6,0.4,1.0,0.6,0.0,0.6
lQxl7v4iZRU,0.5,0.975,0.0,0.0,0.005,0.165,0.665,0.44,0.465,1.215,1.005,1.905,0.69,0.0,0.575,0.0,1.1949999999999998,0.545,0.55,1.0,0.5,0.0,0.5,0.5,0.5,0.0,0.5,0.5,0.5,0.5,0.0,0.5,0.0,0.5,0.5,0.0,0.5
lSHh9qJOKjs,2.0,0.975,0.968,0.074,0.8960000000000001,0.27999999999999997,0.674,1.73,0.6679999999999999,1.574,0.734,0.7,0.8939999999999999,0.528,1.08,0.02,1.184,1.012,0.43199999999999994,0.8,0.6,0.4,0.2,0.4,0.8,0.6,1.0,0.4,0.8,1.0,0.2,0.6,0.6,1.0,0.6,0.2,1.0
lUy-hP3V-1o,0.0,0.875,0.0,0.0,0.75,0.0,1.89,2.59,1.03,1.63,1.56,2.51,0.75,0.16,0.18,0.42,2.03,0.88,0.0,0.0,0.0,0.0,0.0,1.0,1.0,1.0,1.0,1.0,1.0,1.0,0.0,0.0,1.0,1.0,0.0,0.0,0.0
lbR5yzJz4uA,1.0,0.975,0.5966666666666667,0.10666666666666667,0.15,0.5533333333333333,0.68,0.43,0.19333333333333333,1.0266666666666666,1.3366666666666667,0.6333333333333333,0.09000000000000001,0.0,0.26,0.14,1.08,0.2833333333333333,0.0,0.6666666666666666,0.6666666666666666,0.3333333333333333,0.3333333333333333,0.6666666666666666,0.0,0.0,0.6666666666666666,0.6666666666666666,1.0,0.6666666666666666,0.0,0.3333333333333333,0.3333333333333333,0.6666666666666666,0.3333333333333333,0.3333333333333333,0.0
lfBJnEJRlt8,1.5,0.95,0.5725,0.0,0.8574999999999999,0.74,0.6000000000000001,0.365,0.5125000000000001,1.1475,0.4125,0.495,0.7825,0.0875,0.13,0.245,1.0675,0.45999999999999996,0.215,1.0,0.0,1.0,0.5,0.25,0.0,0.25,0.75,0.25,0.5,0.75,0.0,0.0,0.25,1.0,0.5,0.25,0.25
lfq08YKgIDE,0.5,0.925,0.065,0.17,0.045,2.67,0.475,0.5700000000000001,0.535,0.8,0.97,0.87,0.0,0.41,0.185,0.175,0.405,0.595,0.0,0.5,0.0,1.0,1.0,0.5,0.5,0.5,0.5,0.5,0.5,0.0,0.5,0.0,0.0,1.0,1.0,0.5,0.0
lmisnxYQvhg,0.5,0.95,1.995,0.835,2.49,0.0,0.14,0.895,0.355,0.915,0.2,0.53,1.2149999999999999,1.755,0.25,0.5549999999999999,0.37,0.595,1.365,1.0,0.0,1.0,0.0,0.0,0.5,0.0,0.5,0.0,0.5,1.0,1.0,0.0,1.0,0.0,0.5,0.5,0.5
lmrf2EjUVa0,0.0,0.675,0.87,0.43,0.0,0.07,0.44,0.0,0.97,0.0,0.33,0.0,0.0,1.24,0.0,0.3,0.0,1.78,0.87,0.0,1.0,0.0,0.0,0.0,0.0,1.0,0.0,0.0,0.0,1.0,1.0,1.0,0.0,0.0,0.0,0.0,0.0
lnxi--Rx6Po,0.0,0.975,0.73,0.0,0.65,0.0,1.59,0.09,0.01,1.24,1.89,0.8,0.0,0.0,0.85,0.05,2.71,0.0,0.25,1.0,1.0,0.0,1.0,1.0,1.0,0.0,1.0,1.0,1.0,1.0,0.0,1.0,0.0,1.0,1.0,0.0,0.0
lqpsgJpgVBw,0.0,0.875,0.79,0.0,0.0,0.0,0.28,1.54,0.0,0.0,0.84,0.0,2.68,1.33,0.0,0.0,0.0,0.0,0.0,1.0,1.0,1.0,0.0,0.0,1.0,0.0,0.0,1.0,0.0,0.0,0.0,0.0,0.0,0.0,0.0,1.0,0.0
lwno0Z10TDg,1.5,0.975,1.095,0.3225,0.28,0.465,0.22999999999999998,0.615,0.3175,0.9199999999999999,0.5850000000000001,1.5875,0.63,0.5,0.135,0.275,0.4,1.015,0.0,0.75,0.5,0.25,0.5,0.25,0.5,0.25,0.25,0.0,0.5,1.0,0.25,0.25,0.25,0.5,0.5,0.25,0.0
lylnNLNNcbA,0.5,0.95,0.21,0.0,0.275,0.435,0.01,0.0,0.21,1.205,0.35,1.075,0.525,0.0,0.29,0.0,0.475,1.0150000000000001,0.56,1.0,1.0,0.5,0.0,0.0,0.5,0.0,1.0,0.5,0.5,0.5,0.0,0.5,0.0,0.5,0.5,0.0,0.5
lyoIryqJ08A,0.0,0.975,1.67,3.48,1.08,2.64,0.14,0.04,0.0,0.0,0.69,0.0,0.17,0.0,0.0,0.36,3.31,2.56,0.32,1.0,1.0,0.0,1.0,0.0,0.0,0.0,0.0,0.0,0.0,1.0,0.0,0.0,1.0,1.0,1.0,0.0,0.0
m-s5vnq0n-w,0.0,0.975,1.37,2.43,0.0,0.97,0.0,0.27,0.0,0.0,0.0,0.0,0.0,0.0,0.0,0.0,1.04,1.39,0.24,1.0,1.0,0.0,1.0,0.0,0.0,0.0,0.0,0.0,0.0,0.0,0.0,0.0,0.0,1.0,1.0,0.0,0.0
m1tQXkTN47Y,0.0,0.975,1.11,0.81,0.0,0.71,2.19,2.75,0.83,1.85,3.13,0.55,0.0,0.0,0.36,0.0,2.69,0.0,0.02,1.0,1.0,0.0,0.0,1.0,1.0,1.0,1.0,1.0,1.0,0.0,0.0,0.0,0.0,1.0,0.0,0.0,0.0
m42_YBQeQ7w,0.5,0.975,1.01,0.445,0.41,0.775,0.7,0.66,0.095,1.4500000000000002,0.9349999999999999,0.6799999999999999,0.595,1.155,0.0,0.03,0.425,0.8200000000000001,0.14,0.5,1.0,0.5,0.0,0.5,0.5,0.0,0.5,0.5,0.5,1.0,0.5,0.0,0.0,0.0,0.5,0.5,0.5
m4MbuuTmMM8,0.5,0.85,0.96,1.385,0.0,0.34,2.57,1.005,0.625,1.3,2.62,1.8199999999999998,0.63,0.335,0.885,0.11,2.025,0.985,0.72,0.5,0.5,0.0,0.5,1.0,0.5,0.5,1.0,1.0,0.5,0.5,0.0,0.5,0.5,1.0,0.5,0.0,0.0
m5YtJQLW_Jg,1.0,0.975,1.0166666666666666,0.15666666666666665,1.2366666666666666,0.3233333333333333,1.9566666666666668,2.1533333333333338,1.02,1.8999999999999997,1.9166666666666667,1.0633333333333335,0.24,0.02,0.51,0.0,1.8933333333333333,0.25,1.2066666666666668,0.6666666666666666,0.3333333333333333,0.6666666666666666,0.3333333333333333,1.0,1.0,0.3333333333333333,0.6666666666666666,0.6666666666666666,0.6666666666666666,0.3333333333333333,0.0,0.3333333333333333,0.0,0.6666666666666666,0.3333333333333333,0.0,0.6666666666666666
mBFUFsBtQX8,1.0,0.875,0.6466666666666666,0.0,0.47000000000000003,0.5833333333333334,0.3,0.5499999999999999,0.4000000000000001,1.7,0.5433333333333333,0.6966666666666667,0.2833333333333333,0.8466666666666667,0.21,0.14666666666666667,0.3066666666666667,0.34,0.45333333333333337,0.6666666666666666,0.6666666666666666,0.6666666666666666,0.3333333333333333,0.0,0.6666666666666666,0.3333333333333333,1.0,0.3333333333333333,0.3333333333333333,0.6666666666666666,0.3333333333333333,0.6666666666666666,0.0,0.3333333333333333,0.0,0.3333333333333333,0.0
mBTU2jyn6yU,0.5,0.8999999999999999,0.175,0.0,0.395,0.87,0.55,0.7649999999999999,0.91,0.935,1.065,1.005,0.7150000000000001,0.0,0.18,0.0,0.58,0.545,0.19,1.0,0.5,0.5,0.5,0.5,1.0,0.5,0.5,0.5,0.5,0.5,0.0,0.0,0.5,0.5,0.5,0.5,0.0
mBqdFmLnKCE,0.0,0.975,1.48,0.13,0.0,1.72,1.64,1.27,0.13,1.36,1.51,2.47,0.0,0.0,0.0,0.0,0.0,0.0,0.0,1.0,0.0,1.0,0.0,1.0,1.0,0.0,1.0,1.0,1.0,0.0,0.0,0.0,0.0,0.0,0.0,0.0,0.0
mD_eFV8Igr8,1.0,0.6083333333333334,1.6166666666666665,0.8166666666666665,0.0,0.9266666666666666,1.2166666666666666,0.9899999999999999,0.18666666666666668,0.8799999999999999,0.9133333333333334,0.17333333333333334,0.25333333333333335,0.0,0.62,0.09333333333333334,0.13666666666666666,0.4766666666666666,0.6433333333333333,0.6666666666666666,1.0,0.0,0.3333333333333333,0.6666666666666666,0.0,0.0,0.3333333333333333,0.6666666666666666,0.0,0.6666666666666666,0.0,0.3333333333333333,0.3333333333333333,0.3333333333333333,0.3333333333333333,1.0,0.3333333333333333
mEGowrcIw9E,0.0,0.925,1.21,0.0,0.0,0.28,0.84,0.52,0.06,1.45,1.42,0.33,0.09,0.0,0.88,0.49,0.02,0.0,0.56,1.0,1.0,0.0,1.0,1.0,1.0,0.0,1.0,1.0,0.0,0.0,0.0,1.0,1.0,1.0,0.0,0.0,1.0
mE_u_aqJxMU,0.0,0.975,0.0,0.0,0.47,0.6,0.27,1.11,0.31,0.0,0.0,0.0,1.0,0.18,0.34,0.0,0.26,1.0,0.41,1.0,0.0,1.0,1.0,1.0,1.0,1.0,1.0,0.0,0.0,1.0,0.0,0.0,0.0,0.0,1.0,0.0,1.0
mEd-p7Qq4jQ,0.0,0.975,0.6,0.45,0.0,1.96,0.72,0.0,1.42,2.12,0.25,1.29,1.32,0.0,0.0,0.0,1.53,2.05,0.25,0.0,1.0,0.0,0.0,0.0,0.0,1.0,0.0,0.0,1.0,1.0,0.0,1.0,0.0,1.0,1.0,1.0,0.0
mF98At7oSY4,1.5,0.9125,0.8049999999999999,0.155,0.55,0.915,0.315,0.53,0.36250000000000004,0.055,0.235,0.3225,0.48500000000000004,0.41000000000000003,0.5349999999999999,0.35750000000000004,0.44,0.975,0.025,0.75,0.75,0.5,0.25,0.25,0.25,0.0,0.25,0.0,0.5,0.75,0.25,0.5,0.5,0.75,0.25,0.25,0.5
mHSzgYb-6iI,0.5,0.975,0.255,0.0,0.575,0.15,1.15,1.275,0.31,1.22,2.275,1.7,0.0,0.0,0.0,0.0,1.5499999999999998,0.0,0.0,1.0,1.0,0.5,0.5,1.0,1.0,0.5,1.0,1.0,1.0,0.5,0.0,0.0,0.0,1.0,0.0,0.0,0.0
mIWo9H1wfc4,0.5,0.975,0.28,0.0,0.0,0.085,1.045,1.645,0.175,1.525,1.6,0.435,0.0,0.0,0.08,0.0,2.49,1.07,0.0,1.0,0.5,0.0,0.0,1.0,0.5,1.0,1.0,1.0,1.0,0.5,0.0,1.0,0.0,1.0,1.0,0.0,0.5
mIghkGjG3oI,0.0,0.975,0.12,0.0,0.93,0.0,0.49,0.0,0.81,0.0,0.2,0.62,0.24,0.0,0.0,0.2,0.5,3.17,0.0,0.0,0.0,0.0,0.0,0.0,0.0,1.0,0.0,0.0,1.0,0.0,0.0,1.0,0.0,0.0,1.0,0.0,0.0
mOxxtznRdeg,0.0,0.975,2.44,2.34,0.0,1.68,0.0,0.0,0.0,0.0,0.0,0.0,0.09,0.13,0.0,0.0,0.01,0.0,0.0,1.0,1.0,0.0,0.0,0.0,0.0,0.0,0.0,0.0,0.0,1.0,0.0,0.0,0.0,0.0,0.0,1.0,0.0
mRGsu99YAPQ,0.5,0.975,0.565,0.245,0.5,0.82,0.0,0.28,0.09,0.0,0.09,0.165,0.25,0.49,0.435,0.195,1.075,0.32999999999999996,0.065,1.0,0.5,0.5,0.5,0.0,0.0,0.5,0.0,0.0,0.5,0.5,0.5,0.5,0.5,0.5,0.5,0.5,0.0
mRSmk9PBRmA,6.0,0.8730769230769231,0.26999999999999996,0.0,0.18076923076923074,0.11076923076923076,1.4723076923076923,1.3507692307692307,0.5492307692307693,0.8484615384615386,1.4715384615384615,0.75,0.10846153846153846,0.07,0.6692307692307692,0.0,1.2692307692307692,0.19846153846153847,0.08615384615384616,0.6153846153846154,0.6923076923076923,0.07692307692307693,0.3076923076923077,0.8461538461538461,0.6923076923076923,0.7692307692307693,0.9230769230769231,0.7692307692307693,0.6153846153846154,0.15384615384615385,0.07692307692307693,0.7692307692307693,0.15384615384615385,0.9230769230769231,0.3076923076923077,0.0,0.6923076923076923
mT754_cnPBs,0.5,0.95,1.4449999999999998,2.425,0.0,4.29,0.0,0.0,0.0,0.055,0.0,0.0,0.0,0.02,0.005,0.075,0.255,0.415,0.09,1.0,0.5,0.5,1.0,0.0,0.0,0.0,0.0,0.0,0.0,0.5,0.0,0.0,0.0,1.0,1.0,1.0,0.0
mTCgnJCyz2Q,0.5,0.875,0.885,0.245,0.805,0.71,0.805,0.12,0.56,2.35,1.77,0.68,0.22,0.48,0.0,0.0,1.12,0.0,0.0,0.5,0.5,0.5,0.0,0.5,1.0,0.5,0.5,0.5,0.5,0.0,0.5,0.0,0.0,0.5,0.5,0.0,0.0
mX9rUsrSadc,0.5,0.95,0.345,0.0,0.03,0.0,0.415,0.545,0.0,0.075,0.42,0.275,0.7050000000000001,0.9650000000000001,0.32,0.1,0.255,0.525,0.0,0.5,0.0,0.0,0.0,1.0,0.0,0.0,0.5,0.0,0.5,0.5,1.0,0.5,0.0,0.5,0.5,0.0,0.5
mYaLS7CmGdQ,1.5,0.6875,1.0875,1.0425,0.8600000000000001,1.0625,1.3,1.3650000000000002,1.3025,1.9874999999999998,1.6475,0.115,0.44000000000000006,0.0325,0.25,0.27749999999999997,2.3625,1.395,0.17,0.75,1.0,0.5,0.0,0.75,0.75,0.5,0.75,0.5,0.0,0.25,0.0,0.5,0.5,0.75,1.0,0.0,0.5
mZEyGBo1SwU,0.0,0.025,1.94,0.37,0.61,1.91,1.05,2.53,0.0,0.83,0.94,0.0,1.28,0.45,1.33,0.0,0.0,0.0,0.0,1.0,1.0,1.0,0.0,1.0,1.0,0.0,0.0,0.0,0.0,1.0,0.0,1.0,0.0,0.0,0.0,1.0,0.0
mZOoi-ogbuI,0.0,0.975,0.66,1.9,0.87,2.01,0.0,0.28,0.0,0.06,0.0,0.0,0.25,0.0,0.0,0.0,1.53,0.47,0.54,1.0,1.0,1.0,0.0,0.0,1.0,0.0,0.0,0.0,0.0,0.0,0.0,0.0,0.0,1.0,0.0,0.0,0.0
mcWEmkXF4ik,2.0,0.74,0.332,0.0,0.8539999999999999,0.734,0.49400000000000005,1.134,0.308,0.45599999999999996,0.7140000000000001,0.248,0.242,0.0,0.46399999999999997,0.04,0.99,0.6539999999999999,0.182,0.8,0.4,0.4,0.4,0.8,0.8,0.4,0.8,0.6,0.6,0.8,0.0,0.4,0.2,1.0,0.6,0.0,0.4
mgwJt140qFI,0.0,0.975,0.0,0.0,0.0,0.0,1.48,0.0,0.86,0.33,1.56,0.0,0.0,0.0,0.0,0.0,0.0,0.0,0.12,1.0,1.0,1.0,0.0,1.0,0.0,1.0,1.0,1.0,1.0,0.0,0.0,1.0,0.0,1.0,0.0,1.0,0.0
moyCKiESj4E,2.5,0.9583333333333334,0.48666666666666664,0.5483333333333333,0.37000000000000005,0.5616666666666666,0.6883333333333334,0.215,0.06166666666666667,0.42333333333333334,0.9916666666666667,0.9933333333333333,0.24666666666666667,0.11333333333333334,0.08,0.09000000000000001,0.6316666666666667,0.7333333333333334,0.155,0.5,0.16666666666666666,0.16666666666666666,0.16666666666666666,0.5,0.16666666666666666,0.3333333333333333,0.6666666666666666,0.6666666666666666,0.5,0.6666666666666666,0.16666666666666666,0.3333333333333333,0.16666666666666666,0.6666666666666666,0.5,0.0,0.5
mpDjtthov0E,0.5,0.975,0.855,0.05,0.15,0.15,2.635,2.26,0.575,1.195,2.94,0.84,0.0,0.08,0.38,0.0,2.34,0.395,0.5549999999999999,0.5,0.5,0.0,0.0,1.0,1.0,1.0,1.0,1.0,1.0,0.0,0.0,0.0,0.0,1.0,0.5,0.0,1.0
mz9__Z7wrwM,0.5,0.975,0.54,0.0,0.505,0.0,0.36,0.565,0.26,0.29500000000000004,0.915,1.46,0.02,0.0,0.37,0.0,1.375,0.68,1.81,0.5,0.0,0.5,0.0,0.5,0.5,1.0,0.5,0.5,1.0,1.0,0.0,0.5,0.0,1.0,0.5,0.0,1.0
mzQatvdmAEI,0.0,0.975,0.0,0.0,0.35,0.5,0.02,0.63,0.22,1.87,0.97,0.0,0.95,0.0,0.0,0.0,1.93,0.68,0.1,1.0,1.0,0.0,1.0,0.0,0.0,0.0,1.0,1.0,0.0,0.0,0.0,0.0,0.0,1.0,1.0,0.0,1.0
mzlQGtKF2nc,2.5,0.875,0.6166666666666667,0.0,1.1366666666666667,0.6133333333333334,0.20333333333333334,0.625,0.10333333333333333,0.295,0.38999999999999996,0.31333333333333335,0.5133333333333333,0.23833333333333337,0.17833333333333334,0.0,0.24166666666666667,0.545,0.30833333333333335,1.0,0.8333333333333334,0.8333333333333334,0.16666666666666666,0.16666666666666666,0.6666666666666666,0.0,0.0,0.16666666666666666,0.16666666666666666,0.5,0.3333333333333333,0.5,0.0,0.16666666666666666,0.5,0.0,0.5
n1-q5-1NcD4,1.0,0.9583333333333334,0.26333333333333336,0.4266666666666667,0.3066666666666667,0.4666666666666666,0.02,0.0,0.17,0.6933333333333334,0.3233333333333333,0.12,0.18999999999999997,0.01,0.5233333333333333,0.0,0.35333333333333333,0.7133333333333333,0.44333333333333336,0.6666666666666666,0.6666666666666666,0.3333333333333333,0.6666666666666666,0.3333333333333333,0.0,0.3333333333333333,0.3333333333333333,0.0,0.3333333333333333,0.3333333333333333,0.3333333333333333,0.6666666666666666,0.0,0.6666666666666666,0.6666666666666666,0.3333333333333333,0.3333333333333333
n1jPXONfxjI,0.5,0.975,0.395,0.0,0.0,0.15,0.8400000000000001,0.725,0.0,1.14,1.9700000000000002,0.7949999999999999,0.0,0.0,0.0,0.245,1.43,0.375,0.44,1.0,0.5,0.0,0.0,1.0,0.5,0.0,1.0,1.0,1.0,0.0,0.0,0.5,1.0,0.5,1.0,0.0,0.5
n3rW_AoutiI,0.0,0.925,1.17,0.0,0.04,0.0,0.0,0.78,1.1,0.5,0.0,1.98,0.21,0.0,0.0,0.0,0.94,0.34,0.0,0.0,0.0,1.0,0.0,0.0,1.0,1.0,0.0,0.0,1.0,0.0,0.0,1.0,0.0,1.0,1.0,0.0,0.0
n4DJD2NH7ns,1.0,0.975,1.4799999999999998,0.4366666666666667,0.01,1.4933333333333334,0.47333333333333333,1.0366666666666666,0.3666666666666667,1.2266666666666668,0.37333333333333335,0.4666666666666666,0.3066666666666667,0.46,0.23666666666666666,0.11666666666666665,0.49,0.28,0.5466666666666666,0.6666666666666666,0.6666666666666666,0.0,0.6666666666666666,0.0,0.3333333333333333,0.0,0.3333333333333333,0.3333333333333333,0.0,0.3333333333333333,0.6666666666666666,0.0,0.3333333333333333,0.6666666666666666,0.0,0.6666666666666666,0.0
n4gq6DmWX8E,3.0,0.9464285714285714,0.17428571428571432,0.0,0.29714285714285715,0.19428571428571426,1.7685714285714285,1.82,0.5057142857142857,1.3757142857142857,1.8571428571428572,0.6571428571428573,0.032857142857142856,0.08714285714285716,0.31285714285714283,0.12714285714285714,1.3900000000000001,0.41571428571428576,0.19,0.5714285714285714,0.42857142857142855,0.2857142857142857,0.0,0.8571428571428571,1.0,0.42857142857142855,0.8571428571428571,0.8571428571428571,0.8571428571428571,0.5714285714285714,0.14285714285714285,0.2857142857142857,0.14285714285714285,0.5714285714285714,0.7142857142857143,0.14285714285714285,0.42857142857142855
n6b30Kc9ZOw,0.0,0.975,3.9,3.12,0.99,1.17,0.0,0.31,0.0,0.8,0.5,1.12,0.46,0.16,0.39,0.0,0.22,0.16,0.0,1.0,1.0,1.0,1.0,0.0,0.0,0.0,1.0,0.0,1.0,1.0,0.0,0.0,0.0,0.0,0.0,0.0,0.0
n9jXkVvpDvM,1.5,0.9375,0.12,0.0,0.365,0.14250000000000002,0.9425,0.39,0.3175,1.095,1.255,0.5725,0.1575,0.24,0.8200000000000001,0.2125,0.5625,0.1825,0.16,0.25,0.5,0.0,0.5,0.75,0.5,0.25,0.5,0.75,0.5,0.25,0.5,0.5,0.25,0.75,0.0,0.25,0.5
nBQHwf-gi2k,1.0,0.9583333333333334,1.19,0.3166666666666667,0.11,1.0033333333333332,0.22333333333333336,0.7333333333333334,0.6233333333333334,0.3,0.12333333333333334,0.4833333333333334,1.5,0.37666666666666665,0.7433333333333333,0.6033333333333333,0.49666666666666665,0.20333333333333334,0.44333333333333336,0.6666666666666666,0.6666666666666666,0.3333333333333333,0.3333333333333333,0.0,0.0,0.6666666666666666,0.3333333333333333,0.0,0.3333333333333333,0.6666666666666666,0.6666666666666666,0.6666666666666666,0.6666666666666666,0.3333333333333333,0.3333333333333333,0.6666666666666666,0.3333333333333333
nCbla8yws6k,0.0,0.975,0.39,0.01,0.0,0.0,0.51,1.0,0.73,0.56,1.42,1.24,0.0,0.17,0.74,0.0,0.13,0.0,0.0,1.0,1.0,0.0,0.0,1.0,1.0,1.0,1.0,1.0,1.0,1.0,0.0,0.0,0.0,0.0,0.0,0.0,0.0
nFaPIsfZRDM,0.5,0.4875,0.13,0.375,0.2,1.29,0.375,0.19,0.28,1.055,0.7549999999999999,1.2,0.76,0.625,0.0,0.0,0.745,0.0,0.0,0.5,1.0,0.0,0.5,1.0,0.0,0.0,0.5,0.0,0.5,0.5,0.5,0.0,0.0,0.5,0.5,1.0,0.5
nFm6POmCyrk,0.5,0.975,0.94,0.0,0.0,0.17,1.8800000000000001,2.37,0.135,0.8999999999999999,1.73,1.075,0.215,0.105,1.145,0.09,0.955,0.0,0.34500000000000003,1.0,0.0,0.0,0.5,1.0,0.5,0.0,1.0,0.5,1.0,0.5,0.5,1.0,0.5,1.0,0.0,0.5,1.0
nGak4DeFtDc,3.0,0.9107142857142857,0.6514285714285714,0.08857142857142856,0.27571428571428575,0.20714285714285713,1.2442857142857144,1.0057142857142858,0.8185714285714286,1.2957142857142858,1.2100000000000002,1.2357142857142858,0.24428571428571427,0.12142857142857143,0.63,0.10571428571428572,1.0257142857142856,0.7942857142857144,0.3757142857142857,0.5714285714285714,0.5714285714285714,0.2857142857142857,0.2857142857142857,0.5714285714285714,0.7142857142857143,0.5714285714285714,0.7142857142857143,0.7142857142857143,0.8571428571428571,0.5714285714285714,0.14285714285714285,0.7142857142857143,0.2857142857142857,0.7142857142857143,0.42857142857142855,0.14285714285714285,0.7142857142857143
nGhFWhfZKpM,0.5,0.5,2.635,2.08,0.0,1.9300000000000002,0.8049999999999999,0.665,0.29,1.025,0.57,0.355,0.98,0.71,0.0,0.06,0.26,0.0,0.0,1.0,1.0,0.5,0.5,0.5,1.0,0.0,0.5,0.5,0.0,0.5,0.5,0.0,0.0,0.5,0.5,1.0,0.0
nHJFqf5YRXc,0.5,0.9,0.0,0.0,0.0,0.275,1.055,2.185,0.055,0.72,1.15,0.185,1.195,0.175,0.295,0.065,1.33,0.62,0.0,0.5,0.0,0.5,0.5,0.5,0.5,0.0,0.5,0.5,0.5,0.0,0.0,0.5,0.5,1.0,0.5,0.5,0.5
nJUXPpqB6VE,0.0,0.875,0.75,1.29,1.16,0.24,0.0,0.0,0.0,0.0,0.0,1.15,0.0,0.37,1.22,0.06,0.0,0.0,0.17,0.0,1.0,1.0,0.0,0.0,0.0,0.0,0.0,0.0,0.0,0.0,0.0,1.0,0.0,0.0,0.0,0.0,0.0
nJrAdKC_6Og,1.5,0.95,1.09,0.0675,0.38,0.275,1.385,1.3575,0.34500000000000003,1.3425,1.7175,1.2325,0.0,0.0,0.1725,0.0025,1.2974999999999999,0.07,0.2175,0.75,0.25,0.5,0.25,1.0,1.0,0.25,1.0,1.0,1.0,0.75,0.0,0.5,0.0,1.0,0.0,0.0,1.0
nL6f2JVWkzc,0.0,0.975,0.0,0.0,1.03,0.41,1.29,0.2,1.45,0.43,0.0,0.93,1.27,0.52,0.0,1.46,0.0,0.4,0.68,0.0,0.0,1.0,0.0,0.0,0.0,1.0,0.0,0.0,0.0,1.0,1.0,0.0,1.0,0.0,0.0,1.0,0.0
nM8VDXb7Qog,0.0,0.975,1.03,1.12,0.0,0.0,0.0,0.0,0.39,1.36,0.47,0.79,1.51,0.0,0.52,0.12,0.38,0.27,1.11,1.0,1.0,0.0,0.0,0.0,0.0,0.0,0.0,0.0,1.0,1.0,0.0,1.0,1.0,0.0,1.0,0.0,0.0
nMmYXQGZ_LM,5.0,0.8681818181818183,0.37363636363636366,0.15818181818181817,0.16,0.29636363636363633,0.64,0.3472727272727273,0.2509090909090909,1.0190909090909093,1.000909090909091,1.208181818181818,0.16818181818181818,0.3318181818181818,0.27909090909090906,0.042727272727272725,0.4827272727272728,0.23727272727272727,0.02090909090909091,0.2727272727272727,0.45454545454545453,0.18181818181818182,0.8181818181818182,0.6363636363636364,0.5454545454545454,0.36363636363636365,0.7272727272727273,0.5454545454545454,0.9090909090909091,0.45454545454545453,0.36363636363636365,0.36363636363636365,0.2727272727272727,0.5454545454545454,0.36363636363636365,0.36363636363636365,0.2727272727272727
nOsxxtVS7fE,0.5,0.5,0.925,0.345,0.83,0.8999999999999999,0.64,1.34,0.405,0.79,0.725,0.285,0.845,0.0,0.0,0.0,1.095,0.5700000000000001,0.015,0.5,0.5,0.5,0.0,0.5,0.5,0.5,0.5,0.5,1.0,1.0,0.5,0.0,0.0,0.5,0.0,0.5,0.5
nPYbWkiGveo,0.0,0.025,3.08,0.21,0.0,3.4,0.06,0.0,0.0,0.0,0.0,0.0,0.85,0.0,0.0,0.19,0.0,0.0,0.0,1.0,1.0,0.0,1.0,0.0,0.0,0.0,0.0,0.0,0.0,1.0,0.0,0.0,0.0,0.0,0.0,0.0,0.0
nQ-4mPO_rug,0.0,0.925,2.29,3.37,0.0,2.93,0.0,0.0,0.0,0.0,0.13,0.05,0.7,2.59,0.0,0.0,0.0,0.0,0.0,1.0,1.0,0.0,1.0,0.0,0.0,0.0,0.0,0.0,0.0,1.0,1.0,0.0,0.0,0.0,1.0,1.0,0.0
nRQq8eSvSIQ,2.5,0.975,0.4216666666666667,0.16666666666666666,0.3516666666666666,1.0633333333333332,0.49499999999999994,0.7866666666666667,0.23500000000000001,0.795,0.9683333333333333,0.285,0.13999999999999999,0.0,0.08,0.09833333333333333,0.9316666666666666,0.32666666666666666,0.0,0.6666666666666666,0.6666666666666666,0.3333333333333333,0.5,0.3333333333333333,0.3333333333333333,0.16666666666666666,0.5,0.5,0.8333333333333334,0.16666666666666666,0.0,0.3333333333333333,0.16666666666666666,0.8333333333333334,0.16666666666666666,0.0,0.0
nRs-LD0Wd0M,1.5,0.69375,1.4725000000000001,1.4300000000000002,0.0,0.6425000000000001,0.7775,0.8775,0.245,0.1475,1.5725,0.76,1.1675,0.0,0.195,0.29750000000000004,1.8449999999999998,1.34,0.47000000000000003,0.5,0.75,0.25,0.25,0.5,0.75,0.25,0.25,0.75,0.5,0.75,0.0,0.75,0.25,0.75,1.0,0.25,0.0
nTTnNqw1awg,0.0,0.975,0.0,0.0,0.0,0.0,0.98,2.55,0.76,0.14,2.46,1.1,0.15,0.0,0.0,0.0,1.79,0.78,0.67,0.0,0.0,0.0,0.0,1.0,1.0,1.0,1.0,1.0,1.0,0.0,0.0,0.0,0.0,1.0,1.0,0.0,1.0
nTvBsO0v-Ws,0.5,0.95,1.2,0.615,0.21,0.22999999999999998,0.115,0.88,0.38,1.12,0.27,0.34,0.195,0.13,0.2,0.0,0.0,0.0,0.0,0.5,0.5,0.5,1.0,0.0,0.5,0.5,0.5,0.0,0.0,0.5,0.5,0.5,0.0,0.0,0.0,0.0,0.5
nYBYvw74-DQ,1.0,0.975,1.3366666666666667,1.5466666666666669,0.0,2.31,0.7733333333333334,0.5133333333333333,0.14333333333333334,1.29,1.8933333333333333,0.8033333333333333,0.5633333333333334,0.2966666666666667,0.0,0.02666666666666667,1.68,0.5966666666666667,0.0,0.6666666666666666,1.0,0.0,1.0,1.0,0.6666666666666666,0.0,0.6666666666666666,0.6666666666666666,0.3333333333333333,0.0,0.3333333333333333,0.0,0.3333333333333333,0.6666666666666666,0.3333333333333333,0.3333333333333333,0.0
nYMpN3oOhuM,1.5,0.9625,0.46499999999999997,0.03,0.1175,0.29000000000000004,0.9400000000000001,0.7325,0.2175,0.895,1.55,1.0750000000000002,0.3625,0.1125,0.28500000000000003,0.0,1.3575,0.6224999999999999,0.0,1.0,0.5,0.0,0.25,0.75,0.25,0.0,0.75,0.75,0.75,0.25,0.0,0.75,0.0,0.75,0.5,0.0,0.25
n_u7sgSZkYo,0.0,0.975,1.7,0.83,0.37,0.0,1.58,1.51,0.61,1.23,1.18,0.1,0.65,0.0,0.09,0.0,1.55,0.0,1.0,0.0,1.0,0.0,0.0,1.0,1.0,0.0,0.0,1.0,0.0,0.0,0.0,0.0,0.0,1.0,0.0,0.0,1.0
naDhqgjtHp0,0.5,0.95,0.0,0.0,0.0,0.41500000000000004,2.185,1.505,0.6599999999999999,2.15,2.285,1.63,0.33,0.415,0.0,0.05,1.68,0.045,0.0,0.5,0.0,0.0,1.0,1.0,0.5,1.0,1.0,1.0,0.5,0.5,0.5,0.0,0.0,0.5,0.5,0.0,0.5
nc8JE6Jznb8,0.0,0.875,0.93,0.0,0.6,0.0,0.0,0.0,0.0,0.06,0.0,0.83,0.81,0.0,0.0,0.07,0.62,0.67,0.0,1.0,1.0,1.0,0.0,0.0,0.0,1.0,0.0,0.0,1.0,1.0,0.0,0.0,0.0,0.0,0.0,0.0,0.0
ncGIO6kcN84,1.5,0.9,0.1,0.0,1.105,0.9849999999999999,0.3025,0.8975000000000001,0.365,0.1425,0.38,0.042499999999999996,0.1325,0.0,0.12,0.0,0.9675,0.59,0.1725,0.5,0.75,0.75,0.75,0.5,0.75,0.25,0.25,0.5,0.0,0.5,0.0,0.25,0.0,1.0,0.5,0.0,0.5
nffyrYzzQG8,1.5,0.95,1.1175,0.7374999999999999,0.20750000000000002,1.06,0.755,1.205,0.2475,1.025,1.09,0.145,0.1975,0.0,0.1275,0.175,1.635,1.375,0.14750000000000002,0.75,0.75,0.5,0.5,0.5,0.5,0.25,0.75,0.5,0.25,0.5,0.0,0.25,0.25,0.75,1.0,0.0,0.25
ngMwK3xf6uc,2.5,0.9666666666666667,0.775,0.29333333333333333,0.18166666666666667,0.9566666666666667,0.39666666666666667,0.6166666666666666,0.17333333333333334,0.14666666666666667,0.355,0.47833333333333333,0.505,0.14833333333333334,0.9683333333333333,0.35000000000000003,0.425,0.43,0.04666666666666667,0.8333333333333334,1.0,0.3333333333333333,0.6666666666666666,0.3333333333333333,0.3333333333333333,0.0,0.16666666666666666,0.3333333333333333,0.16666666666666666,0.8333333333333334,0.16666666666666666,0.8333333333333334,0.5,0.16666666666666666,0.3333333333333333,0.16666666666666666,0.5
nivYSwmGz2o,0.0,0.975,0.73,1.16,0.0,0.0,0.86,1.04,0.0,1.63,3.09,1.17,0.0,0.0,0.0,0.0,3.1,0.49,0.41,1.0,1.0,0.0,0.0,1.0,0.0,0.0,1.0,1.0,1.0,0.0,0.0,0.0,0.0,1.0,1.0,0.0,0.0
nlaKstONAaI,0.5,0.975,0.395,0.245,0.07,2.67,0.0,0.0,0.0,0.01,0.065,0.0,0.12,0.0,0.0,0.0,0.115,0.8300000000000001,0.0,0.5,1.0,0.5,1.0,0.0,0.0,0.0,0.0,0.5,0.0,0.0,0.0,0.0,0.0,0.5,1.0,0.5,0.0
nmAINhpI8j4,1.0,0.65,1.1433333333333333,0.16,0.24,0.6266666666666667,0.7266666666666667,0.75,0.33666666666666667,1.26,0.8233333333333334,0.39666666666666667,0.0,0.0,0.08333333333333333,0.06999999999999999,1.5066666666666668,0.8833333333333333,0.07333333333333333,1.0,1.0,0.3333333333333333,0.3333333333333333,0.6666666666666666,0.3333333333333333,0.6666666666666666,0.6666666666666666,0.6666666666666666,0.6666666666666666,1.0,0.0,0.3333333333333333,0.3333333333333333,1.0,0.3333333333333333,0.3333333333333333,0.3333333333333333
nqz1BBMWWMQ,0.0,0.925,2.01,1.11,0.0,3.46,0.18,1.3,0.04,0.0,0.0,0.0,0.66,0.0,0.22,0.0,1.04,0.87,0.0,1.0,1.0,0.0,1.0,0.0,0.0,0.0,0.0,0.0,0.0,1.0,0.0,0.0,0.0,0.0,1.0,1.0,0.0
o-I3x_-b9MA,0.5,0.925,1.9449999999999998,0.44,0.795,1.445,0.555,0.47,0.51,1.85,0.49,0.405,0.78,0.6200000000000001,0.07,0.0,0.99,0.195,0.22999999999999998,1.0,0.5,1.0,0.5,0.5,0.5,0.5,0.5,0.5,0.0,0.5,0.5,0.0,0.0,1.0,0.0,1.0,0.5
o56PwyvyeaQ,0.0,0.025,2.56,0.0,0.0,0.0,0.0,0.0,0.0,1.34,0.58,0.0,1.04,1.44,0.0,0.52,0.0,0.39,0.0,1.0,1.0,0.0,0.0,1.0,0.0,0.0,0.0,0.0,0.0,1.0,1.0,0.0,0.0,0.0,0.0,1.0,0.0
o8rlDKzIQik,2.0,0.925,0.772,0.074,0.762,0.748,0.096,0.41,0.42800000000000005,0.952,0.34199999999999997,0.27999999999999997,0.8059999999999998,0.17600000000000002,0.958,0.08199999999999999,0.33399999999999996,0.604,0.022,1.0,1.0,0.8,0.4,0.0,0.4,0.2,0.4,0.2,0.2,1.0,0.0,0.6,0.2,0.2,0.2,0.2,0.0
o90DCY4e2k0,0.0,0.975,0.15,0.0,0.0,1.02,1.16,1.19,0.0,1.23,2.28,0.26,0.0,0.0,0.0,0.0,2.25,0.0,0.0,1.0,1.0,0.0,1.0,1.0,0.0,0.0,1.0,1.0,1.0,0.0,0.0,0.0,0.0,1.0,0.0,0.0,0.0
oAvtmdAnZCU,0.5,0.925,0.785,0.815,2.3449999999999998,0.11,0.565,1.315,0.45499999999999996,0.475,0.325,0.785,2.625,0.0,0.6,2.565,0.01,2.5,0.68,1.0,1.0,0.5,0.0,1.0,1.0,0.0,0.5,0.0,0.5,1.0,0.0,0.5,0.5,0.5,0.5,0.0,0.5
oBt--EcqJ24,0.5,0.975,0.5,0.33,0.725,0.445,0.26,0.35,0.1,1.2550000000000001,1.0,0.805,0.5,0.465,0.045,0.065,0.37,0.03,0.0,1.0,1.0,0.5,1.0,0.0,0.0,0.0,1.0,0.5,0.5,1.0,0.5,0.0,0.5,0.5,0.0,0.5,0.0
oDw3zpHDS3w,1.5,0.825,1.205,0.017499999999999998,1.6125,0.9225,2.0475,1.385,0.34750000000000003,1.715,2.4325,1.8275000000000001,0.01,0.075,0.5575,0.035,2.0925000000000002,0.66,0.0,0.75,0.5,0.5,0.25,0.75,0.75,0.25,0.75,0.75,1.0,0.25,0.0,0.25,0.0,1.0,0.5,0.0,0.0
oEnVBNnNBYA,0.5,0.875,1.285,0.0,0.9249999999999999,0.265,0.84,1.3599999999999999,0.565,1.24,0.365,0.465,0.54,0.0,0.485,0.0,1.41,0.115,0.44,1.0,0.5,1.0,0.0,0.5,1.0,0.5,0.5,0.0,0.5,0.5,0.0,0.5,0.0,0.5,0.5,0.0,1.0
oGuEcctNshI,2.0,0.625,1.9140000000000001,0.908,1.042,0.974,0.20600000000000002,0.836,0.46799999999999997,0.796,0.178,0.262,0.958,1.1440000000000001,0.806,0.066,0.476,0.32799999999999996,0.26799999999999996,0.8,0.8,0.8,0.2,0.2,0.6,0.2,0.0,0.0,0.0,1.0,0.4,0.4,0.4,0.4,0.4,0.6,0.2
oHznBlRBcPo,2.0,0.945,0.61,0.5660000000000001,0.306,0.4619999999999999,0.9279999999999999,0.604,0.48600000000000004,1.4600000000000002,1.518,1.434,0.194,0.0,0.516,0.22000000000000003,2.024,1.1600000000000001,0.756,0.8,0.6,0.2,0.2,0.4,0.4,0.2,0.8,0.4,0.8,0.2,0.0,0.4,0.4,0.8,0.6,0.0,0.2
oIB4GxgZ5eY,0.5,0.975,0.67,0.675,0.0,0.625,0.325,0.395,0.065,0.715,0.26,0.65,0.04,0.0,0.0,0.0,0.5,0.9550000000000001,0.0,1.0,1.0,0.0,0.5,0.5,1.0,0.5,0.5,0.5,0.5,0.5,0.0,0.5,0.0,0.5,1.0,0.5,0.5
oK2l2dMDGlg,0.0,0.925,1.94,1.45,0.0,2.22,1.51,0.0,0.0,1.45,2.99,1.67,0.0,0.0,0.75,0.0,2.99,0.14,0.04,1.0,1.0,0.0,0.0,1.0,0.0,0.0,1.0,1.0,1.0,0.0,0.0,0.0,1.0,1.0,1.0,0.0,0.0
oLUiDrMuopA,2.5,0.8833333333333333,0.21833333333333335,0.0,0.8616666666666667,0.0,0.695,1.5966666666666667,0.3516666666666666,0.225,0.745,0.7416666666666667,0.6083333333333333,0.43333333333333335,1.4900000000000002,0.16666666666666666,0.3933333333333333,0.18333333333333335,0.37999999999999995,0.5,0.6666666666666666,0.3333333333333333,0.3333333333333333,0.5,0.8333333333333334,0.0,0.3333333333333333,0.5,0.5,1.0,0.3333333333333333,1.0,0.5,1.0,0.6666666666666666,0.0,0.5
oNsQS9n2CFI,5.0,0.8863636363636364,0.5290909090909092,0.09545454545454546,0.20272727272727273,0.33636363636363636,0.8681818181818183,1.0336363636363635,0.09727272727272727,1.019090909090909,1.4200000000000002,0.8327272727272728,0.10272727272727274,0.0,0.16636363636363635,0.06272727272727273,1.27,0.16272727272727272,0.3372727272727273,0.36363636363636365,0.36363636363636365,0.2727272727272727,0.2727272727272727,0.6363636363636364,0.36363636363636365,0.18181818181818182,0.6363636363636364,0.6363636363636364,0.9090909090909091,0.2727272727272727,0.0,0.2727272727272727,0.09090909090909091,0.7272727272727273,0.18181818181818182,0.09090909090909091,0.09090909090909091
oXPwnLZyO1w,0.5,0.4875,0.415,1.09,0.0,1.5899999999999999,0.275,0.48,0.0,0.84,0.19,0.0,0.57,0.425,0.31,0.0,0.0,0.405,0.0,0.5,0.5,0.0,0.5,0.0,0.5,0.0,0.5,0.5,0.0,0.5,0.0,0.0,0.0,0.0,0.5,1.0,0.0
oYNHeWjc6EM,5.5,0.39375,0.38999999999999996,0.205,0.5483333333333333,0.655,0.5008333333333334,0.6166666666666667,0.30083333333333334,0.2783333333333333,0.6233333333333334,0.29,0.3675,0.11833333333333333,0.6491666666666667,0.065,0.6866666666666666,0.2525,0.21583333333333335,0.6666666666666666,0.5833333333333334,0.08333333333333333,0.3333333333333333,0.5,0.75,0.5,0.4166666666666667,0.75,0.75,0.16666666666666666,0.16666666666666666,0.6666666666666666,0.16666666666666666,0.75,0.25,0.0,0.75
o_eKAIxHJ7o,0.0,0.975,1.92,0.0,0.0,0.0,1.37,0.22,0.82,3.01,2.05,3.2,0.9,0.39,0.62,0.17,0.19,0.1,0.0,1.0,0.0,0.0,0.0,0.0,0.0,0.0,1.0,0.0,1.0,0.0,0.0,1.0,0.0,0.0,0.0,0.0,0.0
oa-GMIo3dpQ,0.5,0.45,0.515,0.59,0.25,0.0,1.955,1.155,0.58,1.595,1.2449999999999999,1.035,0.165,0.0,0.245,0.31,1.155,0.695,0.675,0.5,1.0,0.5,0.0,1.0,0.0,0.0,1.0,0.5,0.5,0.5,0.0,0.5,0.5,0.5,0.5,0.0,0.5
oa3GVLOfWws,0.0,0.975,0.0,0.05,0.0,0.0,2.31,1.05,0.84,2.28,1.78,1.39,0.05,0.0,0.33,0.0,3.1,0.65,0.0,1.0,1.0,0.0,0.0,1.0,1.0,1.0,1.0,1.0,1.0,1.0,0.0,1.0,0.0,1.0,1.0,0.0,1.0
ogKvfsYCP3U,0.0,0.975,1.6,0.83,0.16,0.68,1.03,0.0,0.0,0.3,1.0,2.01,0.55,0.0,0.32,0.58,1.38,0.02,0.27,1.0,1.0,0.0,1.0,1.0,0.0,0.0,1.0,1.0,1.0,1.0,0.0,1.0,1.0,1.0,0.0,0.0,0.0
ohwPQhHSwfc,0.5,0.975,1.205,0.23,1.91,0.485,0.92,1.295,0.75,1.625,1.25,0.575,0.26,0.0,0.39,0.0,0.6950000000000001,0.0,0.635,0.5,0.5,1.0,0.0,0.5,1.0,0.5,1.0,0.5,0.5,0.0,0.0,0.5,0.0,0.0,0.0,0.0,0.5
ok1Ig_5oq-w,0.0,0.975,0.24,1.18,0.0,0.0,1.77,2.33,0.96,2.72,2.86,2.68,0.08,0.0,0.59,0.3,3.06,0.76,0.36,1.0,1.0,0.0,0.0,1.0,1.0,1.0,1.0,1.0,1.0,1.0,0.0,0.0,1.0,1.0,1.0,0.0,0.0
olL0cyfRwFs,0.5,0.975,0.24,0.0,0.8799999999999999,0.0,0.665,1.02,0.72,0.635,0.41,0.57,0.12,0.005,0.09,0.2,0.955,0.01,0.52,0.5,0.0,1.0,0.0,0.5,0.0,1.0,0.5,0.0,0.5,0.5,0.0,0.5,0.0,0.5,0.5,0.5,0.5
p10wmSrEE2Q,1.0,0.6583333333333333,0.49,0.2866666666666667,0.68,0.7533333333333333,0.5233333333333333,1.3033333333333335,0.4000000000000001,0.14333333333333334,0.5566666666666666,0.52,0.25333333333333335,0.41999999999999993,0.67,0.02666666666666667,0.06999999999999999,0.0,0.016666666666666666,0.3333333333333333,0.6666666666666666,0.6666666666666666,0.6666666666666666,0.3333333333333333,0.3333333333333333,0.3333333333333333,0.3333333333333333,0.3333333333333333,0.6666666666666666,0.6666666666666666,0.3333333333333333,0.3333333333333333,0.0,0.0,0.0,0.3333333333333333,0.0
p1LaUfLyYpQ,0.5,0.5,0.9550000000000001,0.1,0.74,0.58,1.715,2.235,0.505,0.95,1.855,0.75,0.175,0.42,0.06,0.105,1.21,0.0,0.345,0.0,0.0,0.5,0.0,0.5,0.5,0.0,0.5,0.5,0.5,0.5,0.0,0.0,0.0,0.5,0.5,0.5,0.5
p2azeYV3YN8,0.0,0.975,0.71,0.24,0.0,1.85,1.14,1.09,0.0,2.48,2.97,2.05,0.0,0.0,0.81,0.0,3.55,1.16,0.0,1.0,1.0,0.0,1.0,1.0,1.0,0.0,1.0,1.0,1.0,0.0,0.0,0.0,0.0,1.0,1.0,0.0,0.0
p5hF3mbtswo,0.0,0.975,1.11,0.23,2.65,0.2,3.17,0.98,2.9,3.49,2.22,1.27,0.0,0.0,0.24,0.0,4.23,0.59,0.0,0.0,0.0,1.0,0.0,1.0,1.0,1.0,1.0,1.0,0.0,0.0,0.0,0.0,0.0,1.0,1.0,0.0,1.0
p5hraaDYPM8,0.0,0.975,1.31,0.03,1.05,0.0,1.17,1.07,2.43,1.9,0.24,1.24,0.16,0.61,0.81,0.0,0.34,0.0,0.0,0.0,1.0,0.0,0.0,1.0,1.0,1.0,1.0,1.0,1.0,1.0,1.0,1.0,0.0,1.0,0.0,1.0,0.0
p7unyZ4U1HA,0.0,0.925,0.95,1.13,0.0,1.74,0.33,0.0,0.32,1.36,0.37,0.66,0.99,0.89,0.77,0.0,0.0,0.0,0.01,1.0,1.0,0.0,1.0,0.0,0.0,0.0,1.0,0.0,1.0,1.0,0.0,0.0,0.0,0.0,0.0,0.0,0.0
p8RR0srNNDw,0.5,0.975,0.33,0.06,0.0,0.11,0.55,0.52,0.855,0.6,0.72,1.155,0.355,0.865,0.785,0.035,0.005,0.145,0.035,1.0,0.5,0.5,0.5,0.5,0.5,0.5,0.5,0.5,0.5,0.5,0.5,0.0,0.0,0.0,0.0,0.5,0.0
pAyhlW6r84M,0.0,0.975,0.0,0.0,0.0,0.81,0.0,0.0,0.2,0.35,0.63,0.23,0.0,0.44,0.32,0.0,0.04,0.3,0.0,0.0,1.0,0.0,1.0,0.0,1.0,0.0,1.0,1.0,1.0,0.0,1.0,1.0,0.0,0.0,0.0,0.0,0.0
pCxtEYH9I84,0.0,0.975,0.05,0.01,0.0,0.38,0.24,0.0,0.0,0.0,0.15,0.0,1.54,0.45,0.0,1.39,0.0,0.0,0.0,1.0,1.0,0.0,0.0,0.0,1.0,0.0,0.0,0.0,0.0,1.0,1.0,0.0,1.0,0.0,0.0,1.0,0.0
pDvS1mifo2o,4.5,0.8425,0.639,0.28600000000000003,0.217,1.5470000000000002,0.022,0.258,0.18,0.747,0.40199999999999997,0.371,0.161,0.092,0.015,0.05700000000000001,0.783,0.998,0.22800000000000004,0.7,0.8,0.4,0.8,0.2,0.4,0.2,0.4,0.3,0.5,0.4,0.0,0.1,0.2,0.7,0.7,0.3,0.2
pIhJ6PLKelg,2.5,0.6083333333333333,0.6783333333333333,0.16833333333333333,0.4216666666666667,0.7583333333333334,0.5083333333333333,0.96,0.36833333333333335,1.12,0.87,1.0666666666666667,0.585,0.17500000000000002,1.0,0.43333333333333335,0.5033333333333333,0.9116666666666666,0.2383333333333333,0.6666666666666666,0.8333333333333334,0.5,0.6666666666666666,0.5,0.3333333333333333,0.5,0.6666666666666666,0.5,0.6666666666666666,0.5,0.5,0.8333333333333334,0.16666666666666666,0.8333333333333334,0.3333333333333333,0.3333333333333333,0.16666666666666666
pKNo_mP-2dc,1.5,0.8625,1.355,0.3075,0.555,1.2325,0.605,1.0899999999999999,0.5725,0.525,0.38,0.435,0.3875,0.2975,0.6325000000000001,0.0325,1.0525,1.0125,0.47500000000000003,1.0,1.0,0.0,0.5,0.75,0.75,0.75,0.75,0.5,0.5,0.75,0.25,0.25,0.0,0.75,0.75,0.0,0.75
pLT2-jZTPi8,3.0,0.7999999999999999,0.6371428571428571,0.31,0.5,1.1500000000000001,0.33142857142857146,0.6214285714285713,0.42428571428571427,0.43000000000000005,0.63,0.16428571428571428,0.32142857142857145,0.030000000000000002,0.19142857142857142,0.0,0.9157142857142857,0.43142857142857144,0.11857142857142856,0.5714285714285714,0.7142857142857143,0.2857142857142857,0.5714285714285714,0.14285714285714285,0.14285714285714285,0.2857142857142857,0.42857142857142855,0.42857142857142855,0.42857142857142855,0.42857142857142855,0.14285714285714285,0.2857142857142857,0.2857142857142857,0.5714285714285714,0.7142857142857143,0.14285714285714285,0.2857142857142857
pNAjL71DIzA,0.0,0.975,0.4,1.34,0.0,0.0,0.0,0.0,0.0,0.12,0.69,0.0,0.13,0.86,0.0,0.0,0.52,1.47,1.1,1.0,1.0,0.0,0.0,0.0,0.0,0.0,0.0,0.0,0.0,0.0,0.0,0.0,1.0,1.0,1.0,0.0,1.0
pOt30zljCYg,0.0,0.975,0.59,0.0,0.83,0.73,0.65,0.0,1.01,0.77,0.0,0.07,0.0,0.0,0.0,0.0,0.0,0.0,0.34,0.0,1.0,0.0,0.0,0.0,1.0,1.0,1.0,0.0,0.0,1.0,0.0,0.0,0.0,0.0,0.0,0.0,1.0
pQqcWZCvt1o,0.0,0.975,0.62,0.69,0.0,0.0,0.12,1.42,0.32,0.0,0.12,0.0,1.27,0.46,0.0,0.0,1.13,2.51,0.89,1.0,1.0,0.0,0.0,1.0,1.0,1.0,0.0,0.0,0.0,1.0,0.0,0.0,0.0,1.0,1.0,0.0,1.0
pRuQHFmwfbo,1.0,0.9583333333333334,0.33,0.1366666666666667,0.14333333333333334,0.0,0.88,0.6933333333333334,0.15,1.1466666666666667,1.2,1.2666666666666666,0.17333333333333334,0.5333333333333333,0.71,0.49666666666666665,0.15333333333333335,0.16333333333333333,0.6233333333333334,0.0,0.3333333333333333,0.0,0.6666666666666666,0.6666666666666666,0.6666666666666666,0.0,0.6666666666666666,0.6666666666666666,1.0,0.3333333333333333,0.6666666666666666,0.6666666666666666,0.6666666666666666,0.3333333333333333,0.0,0.3333333333333333,0.3333333333333333
pSZY47YY_AI,1.0,0.5916666666666667,1.3466666666666667,0.67,0.33666666666666667,1.8433333333333335,0.0,1.2966666666666666,0.0,1.5666666666666664,0.4833333333333334,1.55,0.87,1.3466666666666667,0.0,0.9866666666666667,0.31333333333333335,0.0,0.36000000000000004,1.0,1.0,0.6666666666666666,0.3333333333333333,0.0,0.0,0.0,0.0,0.3333333333333333,0.6666666666666666,0.3333333333333333,0.6666666666666666,0.3333333333333333,0.3333333333333333,0.3333333333333333,0.0,0.0,0.6666666666666666
pVi_0uV4oO4,1.0,0.9416666666666668,0.17666666666666667,0.0,0.48333333333333334,0.043333333333333335,0.9866666666666667,1.3433333333333335,1.07,0.9566666666666667,1.06,0.4666666666666666,0.17333333333333334,0.6499999999999999,0.84,0.06333333333333334,1.36,0.049999999999999996,0.6566666666666666,0.6666666666666666,0.6666666666666666,0.3333333333333333,0.0,1.0,1.0,0.6666666666666666,1.0,1.0,0.3333333333333333,0.0,0.3333333333333333,0.6666666666666666,0.3333333333333333,0.6666666666666666,0.3333333333333333,0.0,0.3333333333333333
pXNjpmV79xY,0.0,0.275,0.34,0.0,0.0,1.42,0.01,0.0,0.0,0.36,0.67,0.0,0.68,3.28,0.0,0.0,0.0,4.61,0.0,1.0,1.0,0.0,1.0,0.0,0.0,0.0,0.0,0.0,0.0,0.0,1.0,1.0,0.0,0.0,1.0,1.0,0.0
pZCZT41ikYs,1.0,0.625,0.49666666666666665,0.0,0.6233333333333334,0.39666666666666667,1.2666666666666666,1.74,0.11,1.57,1.4799999999999998,0.38999999999999996,0.24333333333333332,0.84,0.8666666666666667,0.33,0.7633333333333333,0.5966666666666667,0.20000000000000004,1.0,0.3333333333333333,0.3333333333333333,0.3333333333333333,0.6666666666666666,0.6666666666666666,0.3333333333333333,0.6666666666666666,0.6666666666666666,0.3333333333333333,0.6666666666666666,0.3333333333333333,0.6666666666666666,0.6666666666666666,0.3333333333333333,0.6666666666666666,0.6666666666666666,0.3333333333333333
paUexVQQ_0Y,0.5,0.47500000000000003,0.515,0.0,0.0,0.585,0.45,0.0,0.38,0.37,0.605,0.41,0.14,0.0,0.41,0.105,0.405,0.7,0.0,0.5,0.5,0.0,1.0,0.0,0.5,0.5,0.0,0.0,0.5,0.5,0.0,0.0,0.5,0.5,0.5,0.0,0.0
pgyCi7W-gbg,0.0,0.975,1.18,0.0,0.21,0.0,0.48,0.71,0.68,0.0,0.26,0.66,0.3,0.97,0.62,0.0,0.17,1.16,0.15,0.0,0.0,0.0,0.0,0.0,0.0,1.0,0.0,0.0,1.0,0.0,1.0,1.0,0.0,0.0,1.0,0.0,0.0
pgyfXG8mmtw,3.0,0.2785714285714286,0.11571428571428573,0.06142857142857143,0.25142857142857145,0.2842857142857143,1.0685714285714285,1.1371428571428572,0.20428571428571432,0.8057142857142857,1.0857142857142856,1.042857142857143,0.015714285714285715,0.27999999999999997,0.4228571428571429,0.06714285714285714,1.0285714285714287,0.2342857142857143,0.1142857142857143,0.2857142857142857,0.2857142857142857,0.42857142857142855,0.2857142857142857,0.8571428571428571,0.7142857142857143,0.42857142857142855,1.0,0.7142857142857143,1.0,0.2857142857142857,0.2857142857142857,0.5714285714285714,0.14285714285714285,0.8571428571428571,0.42857142857142855,0.0,0.42857142857142855
piY6UPFcg4E,0.5,0.95,0.42,0.02,0.0,1.975,0.04,0.0,0.0,0.0,0.72,0.81,0.0,0.0,0.0,0.16,0.0,0.0,0.0,1.0,1.0,0.0,1.0,0.0,0.0,0.0,0.0,0.5,0.5,0.5,0.0,0.5,0.0,0.0,0.0,0.0,0.0
pikBCAGvTQQ,0.5,0.975,0.2,0.0,1.035,0.585,2.3049999999999997,2.695,0.205,2.215,1.88,1.19,0.0,0.0,0.9049999999999999,0.0,2.4,0.0,0.0,0.5,0.0,0.5,0.0,1.0,1.0,1.0,1.0,1.0,1.0,0.0,0.0,0.5,0.0,1.0,0.0,0.0,0.0
pj8e1qh_pFw,0.5,0.975,0.43,0.0,0.53,0.0,1.315,1.2349999999999999,1.14,1.065,1.025,1.425,0.465,0.7749999999999999,1.245,0.115,0.41,0.22,0.0,0.5,0.0,0.5,0.0,1.0,0.5,1.0,0.5,0.5,1.0,1.0,1.0,0.5,0.5,0.0,0.0,0.5,0.0
plIRuVCIHoo,1.5,0.9125,0.345,0.08,0.6075,0.4825,0.565,0.1075,0.1,0.8300000000000001,0.57,0.1925,0.25,0.0,0.375,0.0,0.9975,1.3675000000000002,0.31999999999999995,0.5,0.5,0.5,0.25,0.5,0.75,0.0,0.5,0.5,0.25,0.75,0.0,0.25,0.0,0.75,0.75,0.5,0.5
plIRuVCIHoo(1),1.5,0.9125,0.345,0.08,0.6075,0.4825,0.565,0.1075,0.1,0.8300000000000001,0.57,0.1925,0.25,0.0,0.375,0.0,0.9975,1.3675000000000002,0.31999999999999995,0.5,0.5,0.5,0.25,0.5,0.75,0.0,0.5,0.5,0.25,0.75,0.0,0.25,0.0,0.75,0.75,0.5,0.5
pluh28qwVSU,1.0,0.6583333333333333,0.5,0.0,0.0,0.02,2.1766666666666667,3.1633333333333336,1.32,1.8933333333333333,1.2033333333333334,1.3133333333333332,0.3566666666666667,0.08666666666666667,0.8566666666666668,0.006666666666666667,1.67,0.68,0.016666666666666666,0.3333333333333333,0.3333333333333333,0.0,0.3333333333333333,1.0,1.0,0.6666666666666666,0.6666666666666666,0.6666666666666666,0.6666666666666666,0.6666666666666666,0.3333333333333333,0.3333333333333333,0.3333333333333333,1.0,0.6666666666666666,0.3333333333333333,0.6666666666666666
poCFGyWuPAI,0.5,0.95,0.01,0.095,0.15,0.0,1.1400000000000001,1.19,0.55,0.665,1.435,0.855,0.005,0.0,0.055,0.0,2.155,1.41,0.265,0.5,0.0,0.0,0.0,1.0,0.5,0.5,0.5,1.0,0.5,0.0,0.0,0.0,0.0,1.0,1.0,0.0,0.0
poP4WEHiHFg,1.5,0.9125000000000001,0.7150000000000001,0.2275,0.06,0.8425,0.5125000000000001,0.2625,0.0,1.475,1.6099999999999999,0.9199999999999999,0.0,0.0,0.4075,0.225,0.7375,0.3925,0.4,0.5,1.0,0.0,0.75,0.25,0.0,0.5,1.0,0.75,1.0,0.5,0.0,1.0,0.5,0.75,0.5,0.25,0.25
pqEiNd-BodQ,0.0,0.975,3.55,3.63,0.0,0.67,0.0,0.0,0.0,0.0,0.0,0.0,0.16,0.11,0.0,0.0,0.33,0.0,0.0,1.0,1.0,1.0,1.0,0.0,0.0,0.0,0.0,0.0,0.0,0.0,0.0,0.0,0.0,1.0,1.0,0.0,0.0
ps_futMHK_w,1.0,0.775,0.8266666666666667,0.8833333333333333,0.18666666666666668,2.07,0.45,1.0999999999999999,0.13333333333333333,0.45999999999999996,1.1033333333333333,0.7666666666666666,1.9233333333333331,0.3666666666666667,0.13,0.09666666666666666,2.44,0.64,0.27999999999999997,1.0,1.0,0.0,0.6666666666666666,0.0,0.0,0.3333333333333333,0.3333333333333333,0.6666666666666666,0.3333333333333333,0.6666666666666666,0.0,0.0,0.0,1.0,0.3333333333333333,0.3333333333333333,0.3333333333333333
puxKH-_9xGM,0.0,0.975,1.03,0.46,1.72,1.15,1.93,2.05,0.41,1.85,1.74,0.65,0.0,0.34,0.0,0.48,1.27,0.94,0.0,0.0,1.0,1.0,1.0,1.0,1.0,1.0,1.0,1.0,0.0,1.0,0.0,0.0,1.0,1.0,1.0,0.0,0.0
pyUP952W988,0.0,0.975,5.0,5.0,0.0,5.0,0.3,5.0,0.0,0.85,0.23,0.96,3.53,0.24,0.67,1.19,1.39,4.29,0.0,1.0,1.0,0.0,1.0,0.0,1.0,0.0,0.0,0.0,0.0,1.0,0.0,0.0,0.0,1.0,1.0,1.0,0.0
pzATTm3D-30,0.0,0.025,2.36,0.34,0.58,1.99,1.03,2.54,0.0,0.78,0.93,0.0,1.09,0.12,1.04,0.0,0.0,0.0,0.01,1.0,1.0,1.0,0.0,1.0,1.0,0.0,0.0,0.0,0.0,1.0,0.0,0.0,0.0,0.0,0.0,1.0,0.0
q0jiplnLE6A,0.5,0.4875,1.67,1.035,0.635,0.365,0.7,0.705,0.025,1.74,1.5350000000000001,1.345,0.0,0.095,0.0,0.0,1.415,0.0,0.5,1.0,1.0,1.0,0.0,0.0,0.5,0.0,1.0,0.5,0.0,0.5,0.0,0.0,0.0,0.5,1.0,0.5,0.5
q16j0aCbC-A,0.0,0.975,0.18,0.0,0.56,0.0,1.66,1.07,0.0,1.22,2.58,0.85,0.0,0.0,0.11,0.0,2.66,0.59,0.07,0.0,0.0,0.0,0.0,1.0,1.0,0.0,1.0,1.0,1.0,0.0,0.0,0.0,0.0,1.0,1.0,0.0,0.0
q5Y4j8oBtRY,1.5,0.9375,0.4525,0.055,0.59,0.2725,0.325,0.39749999999999996,0.20500000000000002,0.9125,0.6525,0.365,0.7225,0.1875,1.0825,0.0,1.1175,0.19999999999999998,0.4775,1.0,1.0,0.0,0.25,0.25,0.5,0.25,0.5,0.75,0.25,0.5,0.25,0.75,0.0,1.0,0.5,0.25,0.5
q7GvJdxx8v4,0.0,0.975,0.0,0.21,0.0,1.2,1.86,1.93,0.38,1.95,2.54,1.77,0.0,0.0,0.26,0.0,3.77,2.03,0.0,1.0,0.0,0.0,1.0,1.0,1.0,0.0,1.0,1.0,1.0,0.0,0.0,0.0,0.0,1.0,1.0,0.0,0.0
q7QzU8Q4ocE,0.0,0.975,0.67,0.0,0.0,0.0,1.78,1.88,0.8,2.0,2.92,0.09,0.04,0.0,0.56,0.34,2.09,0.0,0.0,1.0,1.0,0.0,0.0,1.0,1.0,0.0,1.0,1.0,0.0,0.0,0.0,1.0,1.0,1.0,0.0,0.0,0.0
q7w7QXvUVEw,4.5,0.77,0.187,0.048,0.377,0.41,0.772,0.86,0.231,1.1380000000000001,1.176,1.268,0.39699999999999996,0.06999999999999999,0.069,0.119,0.71,0.29500000000000004,0.213,0.6,0.4,0.2,0.1,0.6,0.7,0.3,0.7,0.6,0.8,0.6,0.1,0.7,0.3,0.7,0.0,0.0,0.4
q86_2e-nnqE,0.0,0.975,1.77,0.35,1.23,0.18,1.61,2.49,0.36,1.27,1.65,2.47,0.0,0.0,1.22,0.0,1.12,0.75,1.6,1.0,1.0,1.0,0.0,1.0,1.0,0.0,1.0,1.0,1.0,0.0,0.0,1.0,0.0,1.0,0.0,0.0,1.0
q9KqyXi6IRM,0.5,0.55,0.025,0.0,0.0,1.305,0.525,0.0,0.02,1.505,0.685,0.16999999999999998,1.53,0.12,0.755,0.685,0.78,1.395,0.0,1.0,0.5,0.0,0.5,0.5,0.0,0.5,0.0,0.5,0.5,0.5,0.5,0.5,0.5,0.0,0.5,1.0,0.0
qFcd1RYcufE,1.0,0.9416666666666668,1.8966666666666665,2.2266666666666666,0.73,2.8166666666666664,0.41,0.0,0.0033333333333333335,0.5566666666666666,0.9566666666666667,0.41999999999999993,0.39999999999999997,0.13,0.0,0.0,1.4133333333333333,0.5933333333333334,0.0,1.0,1.0,0.3333333333333333,0.6666666666666666,0.3333333333333333,0.0,0.0,0.3333333333333333,0.0,0.0,0.6666666666666666,0.0,0.0,0.0,0.6666666666666666,0.6666666666666666,0.0,0.0
qGs-DWaJS3I,0.5,0.975,1.7000000000000002,0.92,0.81,0.64,0.925,1.365,0.525,2.01,1.085,2.8499999999999996,0.28,0.72,0.0,0.0,1.185,1.73,0.575,1.0,1.0,1.0,0.5,0.0,0.5,0.5,1.0,0.5,1.0,1.0,0.5,0.5,0.0,1.0,1.0,1.0,0.5
qIbwMzcY-Fs,0.5,0.975,0.575,0.195,0.0,1.105,0.8049999999999999,0.65,0.0,0.7699999999999999,1.94,1.895,0.24,0.14,0.545,0.305,1.44,0.505,0.37,0.0,0.5,0.0,0.0,0.5,0.5,0.0,0.5,0.5,1.0,0.0,0.0,1.0,0.5,1.0,1.0,0.5,0.5
qJjZNfhWbiw,0.0,0.0,1.12,0.0,1.18,0.46,0.0,0.0,0.37,0.91,0.0,0.19,1.04,0.81,0.0,0.0,0.0,0.0,0.0,1.0,1.0,1.0,0.0,0.0,0.0,0.0,0.0,0.0,0.0,1.0,1.0,0.0,0.0,0.0,0.0,0.0,0.0
qKfeGCqI1Nk,0.0,0.925,1.13,1.27,1.59,1.55,0.0,1.8,0.0,0.0,0.0,0.0,0.0,0.0,0.0,0.0,0.52,1.28,0.0,1.0,1.0,1.0,0.0,0.0,1.0,0.0,0.0,0.0,0.0,0.0,0.0,0.0,0.0,1.0,1.0,0.0,0.0
qMmHIjfF4d0,0.0,0.875,0.0,0.0,0.73,0.84,1.65,2.54,0.75,0.0,0.0,0.0,3.86,0.06,0.0,0.0,1.23,0.0,0.0,0.0,0.0,1.0,0.0,0.0,1.0,0.0,0.0,0.0,0.0,1.0,0.0,0.0,1.0,1.0,0.0,1.0,0.0
qNK6fd81u2I,0.0,0.975,0.97,0.57,0.0,0.0,0.99,1.33,0.0,1.23,2.01,1.27,0.0,0.09,0.0,0.06,0.21,0.0,0.71,1.0,1.0,0.0,0.0,0.0,1.0,0.0,1.0,1.0,1.0,0.0,0.0,0.0,0.0,0.0,0.0,0.0,1.0
qPIzoLmZwsk,0.5,0.975,0.34500000000000003,0.055,0.0,0.92,0.535,0.535,0.5,0.625,0.255,0.0,1.005,0.15500000000000003,0.585,0.08,0.0,0.0,0.0,0.5,1.0,0.0,0.5,0.5,0.5,1.0,0.5,0.0,0.5,1.0,0.5,0.5,0.5,0.0,0.0,0.0,0.0
qPLQ2AR_Cu8,0.0,0.875,1.28,0.51,0.37,1.21,0.0,0.0,0.04,0.03,0.0,0.0,0.16,1.47,0.0,1.12,0.0,5.0,0.24,1.0,1.0,0.0,1.0,0.0,0.0,0.0,0.0,0.0,0.0,1.0,1.0,0.0,1.0,0.0,1.0,1.0,0.0
qRD-e9S9IgU,0.5,0.95,0.26,0.0,0.735,0.315,0.125,0.725,0.0,0.655,0.025,0.0,0.0,0.0,0.0,0.0,0.415,0.135,0.195,1.0,0.5,1.0,0.0,0.0,0.5,0.0,0.0,0.0,1.0,0.0,0.0,0.0,0.0,0.5,0.0,0.0,0.5
qRd5BG4FSA8,2.0,0.9650000000000001,0.48,0.0,0.44000000000000006,0.196,0.694,0.48200000000000004,0.398,1.1720000000000002,0.8400000000000001,0.25999999999999995,0.186,0.20400000000000001,0.258,0.0,0.41200000000000003,0.13999999999999999,0.188,0.8,0.8,0.4,0.4,0.4,0.2,0.4,0.6,0.4,0.6,0.6,0.2,0.4,0.0,0.6,0.2,0.0,0.4
qX5hBgRIG8Q,0.5,0.8,0.445,0.0,0.0,0.785,1.13,0.62,0.14,1.015,1.4900000000000002,1.81,0.26,1.28,0.59,0.0,1.52,0.27,0.035,0.5,0.5,0.0,0.5,0.5,0.5,0.0,1.0,0.5,0.5,0.0,0.5,0.0,0.0,0.5,0.0,0.0,0.5
qYdctclNUjo,0.5,0.975,0.825,0.685,0.02,0.9,1.07,1.53,0.705,1.625,1.88,0.53,0.26,0.0,0.465,0.235,2.015,0.535,0.065,1.0,1.0,0.0,1.0,0.5,0.5,0.5,1.0,0.5,0.5,0.5,0.0,0.0,0.5,1.0,0.5,0.0,0.0
qZgAQP1EhPY,0.5,0.975,0.0,0.0,0.25,0.0,0.0,0.0,0.0,0.8500000000000001,0.0,0.245,0.325,0.09,0.0,0.0,0.995,1.3199999999999998,0.65,0.0,0.0,1.0,0.0,0.0,0.0,0.0,0.0,0.0,0.5,1.0,0.0,0.0,0.0,0.5,1.0,0.0,0.5
qbISQ7JAYBU,0.5,0.5,1.395,0.21000000000000002,0.875,1.725,0.0,0.0,0.885,0.35,0.04,0.07,1.665,0.0,0.0,0.73,0.3,1.145,0.16,0.5,1.0,0.5,1.0,0.0,0.0,0.5,0.0,0.0,1.0,1.0,0.5,0.0,0.5,0.0,0.5,1.0,0.0
qe16IBUcZmY,0.5,0.95,0.0,0.0,0.37,0.0,0.9450000000000001,1.6600000000000001,0.985,0.59,0.88,0.325,0.10500000000000001,0.225,0.175,0.335,1.045,1.145,1.405,0.5,0.0,0.0,0.0,1.0,1.0,0.5,0.5,1.0,0.5,0.5,0.5,0.5,0.5,0.5,1.0,0.0,1.0
qfbf05K7iZo,2.0,0.9550000000000001,0.9540000000000001,0.23199999999999998,0.374,1.556,0.522,0.376,0.068,0.22599999999999998,0.40800000000000003,0.008,0.26,0.8140000000000001,0.9959999999999999,0.086,0.5599999999999999,0.524,0.014000000000000002,0.6,0.6,0.2,0.8,0.8,0.0,0.2,0.6,0.4,0.0,0.8,0.6,0.6,0.2,0.8,0.2,0.6,0.2
qkZW_IqoBBo,0.0,0.975,0.09,0.0,0.0,0.0,2.68,3.06,0.88,1.9,1.92,0.68,0.54,0.0,1.06,0.0,2.35,0.41,0.0,1.0,1.0,0.0,0.0,1.0,1.0,1.0,1.0,1.0,0.0,0.0,0.0,1.0,0.0,1.0,1.0,0.0,0.0
qlIjiP0U7iA,1.0,0.5916666666666667,0.5733333333333334,0.08666666666666667,0.31,0.23666666666666666,1.0866666666666667,0.9199999999999999,0.21999999999999997,0.6433333333333334,0.7366666666666667,0.4366666666666667,0.3666666666666667,0.33666666666666667,0.9266666666666666,0.14333333333333334,1.3433333333333335,0.8366666666666666,0.05333333333333334,0.6666666666666666,0.3333333333333333,0.6666666666666666,0.3333333333333333,0.3333333333333333,0.6666666666666666,0.3333333333333333,0.6666666666666666,0.3333333333333333,0.3333333333333333,0.3333333333333333,0.0,0.3333333333333333,0.3333333333333333,1.0,0.3333333333333333,0.3333333333333333,0.3333333333333333
qqHxrueU4iY,0.0,0.875,1.88,2.53,0.0,0.18,0.0,0.0,0.0,1.2,0.84,0.56,0.0,0.0,0.03,0.0,0.09,0.0,0.0,1.0,1.0,0.0,0.0,0.0,0.0,0.0,0.0,0.0,1.0,1.0,0.0,1.0,0.0,0.0,0.0,0.0,0.0
qzdU92L30NA,0.5,0.45,0.75,0.17,0.21500000000000002,1.14,0.48,0.805,0.57,0.76,0.0,0.21,1.7349999999999999,0.175,0.12,1.775,0.8,0.62,0.9199999999999999,1.0,0.5,1.0,0.0,0.5,0.5,0.0,0.0,0.0,0.5,0.5,0.5,0.5,0.5,0.5,0.0,0.5,0.0
r44uV9wRSK8,1.5,0.7,1.1524999999999999,0.0,0.1775,0.0525,0.5475,0.3725,0.6325000000000001,0.71,0.3575,1.335,0.915,0.4375,0.1375,0.635,0.9475,0.2875,0.4325,0.75,0.5,0.5,0.0,0.25,0.5,0.5,0.5,0.25,0.25,0.75,0.25,0.5,0.5,0.5,0.0,0.75,0.25
r5_rGPunG-w,0.5,0.975,1.7149999999999999,1.78,0.0,0.89,2.285,1.455,0.495,1.2550000000000001,3.0,0.76,0.09,0.0,0.63,0.24,1.635,0.385,0.0,1.0,0.5,0.0,0.5,1.0,0.5,0.5,1.0,1.0,1.0,0.0,0.0,0.5,0.0,0.5,0.5,0.0,0.0
rDwuNncdXkI,0.5,0.5,0.7250000000000001,0.0,0.2,0.56,0.265,0.0,0.4,0.155,0.14,0.365,0.63,0.05,0.0,0.02,0.0,0.0,0.0,0.5,1.0,0.5,0.0,0.5,0.0,0.5,0.0,0.0,0.0,0.5,0.0,0.0,0.0,0.5,0.0,1.0,0.0
rGI-ybl6hmQ,0.0,0.975,1.52,0.57,2.5,0.17,0.37,0.04,0.0,1.72,0.0,0.76,0.0,1.78,0.08,0.0,0.0,0.0,0.12,1.0,0.0,1.0,1.0,1.0,0.0,0.0,1.0,0.0,0.0,0.0,1.0,0.0,0.0,0.0,0.0,1.0,0.0
rH0goRmv83s,0.0,0.925,0.92,2.51,0.0,0.0,0.0,0.0,0.0,0.08,0.74,0.0,0.0,0.18,0.11,0.0,1.15,1.57,2.63,1.0,1.0,0.0,0.0,0.0,0.0,0.0,0.0,0.0,0.0,1.0,0.0,0.0,0.0,1.0,1.0,0.0,1.0
rL7THDp44bo,1.5,0.975,0.5775,0.0,0.32499999999999996,0.5925,0.29,1.1475,0.5775,0.44,0.05,0.95,0.5775,0.655,1.0925,0.2325,0.2025,0.315,0.04,0.75,0.75,0.5,0.5,0.25,0.5,0.25,0.25,0.0,0.75,0.5,0.5,0.75,0.25,0.25,0.0,0.75,0.25
rPaYydO--dU,9.0,0.5473684210526316,0.25684210526315787,0.019473684210526317,0.21789473684210525,0.3268421052631579,0.7684210526315789,1.0557894736842104,0.4515789473684211,0.4010526315789474,0.8289473684210527,0.7910526315789475,0.3468421052631579,0.2657894736842105,0.648421052631579,0.19631578947368422,0.5221052631578947,0.3757894736842105,0.039473684210526314,0.5263157894736842,0.42105263157894735,0.2631578947368421,0.42105263157894735,0.7368421052631579,0.8421052631578947,0.3684210526315789,0.631578947368421,0.7368421052631579,0.8421052631578947,0.5789473684210527,0.2631578947368421,0.7368421052631579,0.3157894736842105,0.6842105263157895,0.3157894736842105,0.0,0.47368421052631576
rQ0zqHlIs3A,0.0,0.975,2.19,0.08,0.18,2.0,0.0,0.48,0.0,1.71,0.0,1.01,1.93,2.27,0.0,0.59,0.0,0.0,0.0,1.0,0.0,0.0,1.0,0.0,0.0,0.0,0.0,0.0,1.0,1.0,1.0,0.0,0.0,0.0,1.0,1.0,0.0
rSlt7kxx1fk,3.0,0.8178571428571428,1.1385714285714286,0.3757142857142857,0.5314285714285715,0.6328571428571428,0.3071428571428571,0.5928571428571429,0.1842857142857143,0.8142857142857143,0.3442857142857143,0.6971428571428572,0.5157142857142857,0.025714285714285714,0.3071428571428571,0.0071428571428571435,0.5071428571428571,0.8671428571428572,0.24571428571428572,1.0,0.7142857142857143,0.42857142857142855,0.7142857142857143,0.2857142857142857,0.14285714285714285,0.2857142857142857,0.5714285714285714,0.0,0.42857142857142855,0.5714285714285714,0.14285714285714285,0.2857142857142857,0.0,0.7142857142857143,0.42857142857142855,0.42857142857142855,0.7142857142857143
rTXxkwnfLQw,0.5,0.95,0.02,0.0,0.0,0.29,2.065,0.0,0.235,2.3449999999999998,2.2199999999999998,0.905,0.135,0.0,0.04,0.035,1.155,0.175,0.0,0.0,0.0,0.0,1.0,1.0,0.5,0.5,1.0,1.0,0.5,0.5,0.0,1.0,0.5,1.0,1.0,0.0,0.5
rUqY_dUpCDY,0.0,0.975,0.0,0.0,0.18,0.0,1.71,2.38,1.57,2.69,1.87,0.0,0.52,0.0,0.0,0.0,2.72,2.78,0.0,0.0,0.0,0.0,0.0,1.0,1.0,1.0,1.0,1.0,0.0,0.0,0.0,0.0,0.0,1.0,1.0,0.0,0.0
rVv4f68pPoA,1.0,0.9416666666666668,0.08,0.0,0.21,0.6433333333333333,1.7533333333333332,1.656666666666667,0.51,1.5766666666666669,2.32,1.51,0.0,0.0,0.11,0.06333333333333334,2.3666666666666667,1.5433333333333332,0.10333333333333333,1.0,0.6666666666666666,0.3333333333333333,0.3333333333333333,0.6666666666666666,1.0,0.3333333333333333,0.6666666666666666,0.6666666666666666,1.0,0.3333333333333333,0.0,0.3333333333333333,0.3333333333333333,1.0,1.0,0.0,0.0
r_sGpp6plHQ,0.5,0.975,0.94,1.48,0.0,2.02,0.11,0.295,0.095,0.66,1.3599999999999999,0.635,0.05,0.13,0.095,0.05,1.225,0.6749999999999999,0.0,1.0,1.0,0.0,0.5,0.5,0.0,0.5,1.0,1.0,0.5,0.5,0.0,0.5,0.0,0.5,0.5,0.0,0.0
rbvXpMfZl2I,0.5,0.85,0.47,0.145,0.545,0.795,2.6550000000000002,1.84,1.51,2.75,2.575,1.7449999999999999,0.01,0.0,1.17,0.33,2.21,0.5,0.01,1.0,1.0,0.0,0.5,1.0,0.5,0.5,1.0,1.0,1.0,0.5,0.0,0.5,0.5,1.0,1.0,0.5,0.0
ricDgJt5sCQ,0.0,0.975,2.01,0.0,0.0,0.0,0.85,1.9,0.92,0.0,1.41,0.95,0.0,0.0,1.29,0.0,1.19,0.28,2.81,1.0,1.0,0.0,0.0,0.0,1.0,0.0,0.0,1.0,1.0,0.0,0.0,1.0,0.0,1.0,0.0,0.0,1.0
rmQDjbvJVik,0.5,0.5,0.395,0.1,0.0,2.0,0.23,0.0,0.05,0.185,0.275,1.36,1.0350000000000001,0.035,0.48,0.23,0.8999999999999999,0.885,0.0,0.5,1.0,0.0,0.5,0.0,0.0,0.0,1.0,0.0,0.5,1.0,0.0,0.5,0.5,1.0,0.5,0.5,0.0
rnd9Hqot5RY,0.0,0.025,1.02,0.25,0.0,2.14,0.77,0.0,0.1,1.76,1.33,1.98,1.47,2.19,0.4,0.0,0.0,0.21,0.0,1.0,1.0,0.0,1.0,1.0,0.0,0.0,1.0,1.0,1.0,1.0,1.0,0.0,0.0,0.0,1.0,1.0,0.0
roCaFODDTbM,0.5,0.975,0.57,0.335,0.485,0.06,1.4549999999999998,1.405,0.48,1.56,0.745,0.01,0.655,0.505,0.0,0.005,1.03,1.4100000000000001,0.645,0.5,0.5,0.0,0.0,0.5,0.5,0.5,0.5,0.5,0.0,0.5,0.5,1.0,0.0,0.5,0.5,0.0,1.0
rr9vlpo96d8,0.0,0.975,0.38,0.0,0.0,0.0,1.6,0.0,0.62,1.99,3.23,1.75,0.0,0.0,0.0,0.0,2.5,0.0,1.36,0.0,1.0,0.0,0.0,1.0,0.0,1.0,1.0,1.0,1.0,1.0,0.0,0.0,0.0,1.0,1.0,0.0,1.0
rrDe-q9Div4,0.0,0.975,0.76,0.0,0.0,0.5,1.49,0.53,0.99,1.95,2.45,0.13,0.21,0.0,0.97,0.0,1.88,0.0,0.0,1.0,1.0,0.0,1.0,1.0,1.0,0.0,1.0,1.0,0.0,0.0,0.0,1.0,0.0,1.0,0.0,0.0,0.0
ruBgmdFjSMQ,0.5,0.925,0.235,0.3,0.7050000000000001,0.055,2.5149999999999997,2.175,1.225,2.02,2.49,0.605,0.38,0.0,0.34,0.0,3.495,0.8450000000000001,0.86,1.0,0.5,0.0,0.0,1.0,1.0,0.5,1.0,1.0,0.5,0.0,0.0,0.0,0.0,1.0,1.0,0.0,0.5
ruElibcApIE,1.0,0.9583333333333334,0.33666666666666667,0.27666666666666667,0.4266666666666667,0.0,0.8133333333333334,0.08333333333333333,0.6766666666666667,1.4466666666666665,0.9166666666666665,0.7966666666666667,0.7033333333333333,0.7233333333333333,0.8666666666666667,0.0,1.0033333333333334,0.3566666666666667,0.48333333333333334,1.0,0.3333333333333333,0.3333333333333333,0.6666666666666666,0.6666666666666666,0.0,0.3333333333333333,0.3333333333333333,0.3333333333333333,0.3333333333333333,1.0,0.3333333333333333,0.6666666666666666,0.0,0.6666666666666666,0.3333333333333333,0.3333333333333333,0.6666666666666666
ruVGGgnY-wY,0.5,0.95,1.355,0.105,1.7349999999999999,0.36,0.795,1.075,0.315,1.085,0.815,0.25,0.48000000000000004,0.0,0.17,0.0,1.255,0.665,0.465,1.0,0.5,1.0,0.0,0.5,0.0,0.0,0.5,0.0,0.5,1.0,0.0,0.0,0.0,0.5,0.5,0.0,0.5
rvToEKQvF50,0.5,0.925,1.3199999999999998,1.865,0.095,1.38,0.315,0.0,0.21,0.93,0.565,0.32,0.525,0.485,0.0,0.52,1.055,2.325,0.0,1.0,1.0,0.0,1.0,0.0,0.0,0.0,0.5,0.0,0.5,1.0,0.0,0.5,0.5,1.0,1.0,0.0,0.0
rxxIlxGqOvI,3.0,0.9249999999999999,0.20857142857142857,0.0,0.3728571428571429,0.87,0.7042857142857143,0.5828571428571429,0.4471428571428571,1.0928571428571427,0.9628571428571429,0.7985714285714286,0.43714285714285717,0.2357142857142857,0.8742857142857143,0.03571428571428571,0.99,0.04857142857142858,0.13,0.42857142857142855,0.42857142857142855,0.5714285714285714,0.7142857142857143,0.42857142857142855,0.5714285714285714,0.2857142857142857,0.7142857142857143,0.7142857142857143,0.7142857142857143,0.42857142857142855,0.2857142857142857,0.42857142857142855,0.14285714285714285,0.7142857142857143,0.2857142857142857,0.14285714285714285,0.42857142857142855
s-7XxMvb09M,0.5,0.5,0.0,0.0,0.28,0.0,1.315,1.5150000000000001,0.505,1.075,1.215,1.0,1.135,0.035,1.745,0.325,1.335,0.315,0.0,0.5,0.5,0.5,0.0,0.5,1.0,0.5,0.5,0.5,0.5,1.0,0.0,0.0,0.5,0.5,0.0,0.5,0.0
s1_Bc_E67y0,0.5,0.9,1.1,1.4300000000000002,0.0,0.735,0.935,0.615,0.0,1.1,1.57,1.475,0.8049999999999999,0.0,0.0,0.0,2.1799999999999997,0.64,1.06,1.0,1.0,0.0,0.5,0.5,0.5,0.0,0.5,0.5,0.5,1.0,0.0,0.5,0.0,1.0,0.5,0.0,0.0
s6J8ZfrnXoI,1.0,0.9416666666666668,0.45333333333333337,0.19666666666666666,0.9733333333333333,0.27,0.12666666666666668,0.10333333333333335,0.16,0.9233333333333333,0.6366666666666666,0.5166666666666667,0.12,0.30333333333333334,0.0,0.29666666666666663,1.1066666666666667,1.2233333333333334,1.01,1.0,0.3333333333333333,1.0,0.3333333333333333,0.3333333333333333,0.6666666666666666,0.0,0.6666666666666666,0.3333333333333333,0.6666666666666666,0.3333333333333333,0.6666666666666666,0.0,0.6666666666666666,0.3333333333333333,1.0,0.0,1.0
s6njeSpydbc,0.5,0.975,0.705,0.705,0.15,0.35,0.815,0.9450000000000001,0.855,1.15,1.075,0.595,0.86,1.315,0.715,0.17,1.345,0.915,0.0,1.0,0.5,0.0,0.0,0.5,1.0,0.5,0.5,0.5,0.5,0.5,0.5,0.5,0.0,1.0,1.0,0.5,0.0
s6qypKUMctI,0.5,0.975,0.07,0.0,0.15,0.61,2.5599999999999996,2.16,0.615,2.74,2.495,1.25,0.0,0.0,0.295,0.0,2.5,1.0,0.105,1.0,0.5,0.0,0.0,1.0,1.0,0.5,1.0,1.0,1.0,0.5,0.0,0.5,0.0,1.0,1.0,0.0,0.5
s826RP5rv5E,1.5,0.9125,0.7224999999999999,0.5225,0.1525,0.81,0.45999999999999996,1.2174999999999998,0.1475,0.8025,0.6625,0.4025,0.3825,0.0,0.375,0.0,2.5875,1.4024999999999999,0.0075,0.75,1.0,0.25,0.75,0.75,0.5,0.0,1.0,0.25,0.25,0.75,0.0,0.5,0.0,1.0,1.0,0.0,0.5
s98azhtH3Dw,0.0,0.975,0.0,0.0,0.0,0.37,1.35,2.96,1.32,1.57,1.33,0.16,0.57,0.0,0.0,0.26,2.7,0.05,0.29,0.0,0.0,0.0,0.0,1.0,1.0,0.0,1.0,1.0,0.0,1.0,0.0,0.0,1.0,1.0,1.0,1.0,0.0
sATsGNBRD9k,0.5,0.975,1.525,2.5949999999999998,0.0,4.21,0.0,0.055,0.0,0.0,0.465,0.335,0.0,0.02,0.005,0.07,1.565,1.2249999999999999,0.0,1.0,1.0,0.0,1.0,0.0,0.0,0.0,0.0,0.5,0.5,0.5,0.0,0.5,0.0,1.0,1.0,0.5,0.0
sAiddfV6n0g,0.0,0.975,0.0,0.0,0.0,0.27,1.61,1.81,0.23,1.79,2.32,0.51,0.0,0.0,0.0,0.0,3.45,0.42,0.0,1.0,0.0,0.0,0.0,1.0,1.0,1.0,1.0,1.0,0.0,1.0,0.0,0.0,0.0,1.0,0.0,0.0,0.0
sBeunz-bOlA,0.0,0.025,1.96,0.28,0.0,1.27,0.0,1.82,0.58,0.0,0.0,0.0,1.82,0.6,0.0,0.01,0.39,1.91,0.0,1.0,1.0,0.0,0.0,0.0,1.0,0.0,0.0,0.0,0.0,1.0,1.0,1.0,0.0,1.0,0.0,0.0,0.0
sCaAOkdjzkU,0.0,0.025,0.76,0.0,0.0,0.36,0.9,0.0,0.0,0.29,0.32,0.0,1.31,2.09,0.0,0.0,0.0,0.0,0.62,0.0,1.0,0.0,0.0,0.0,0.0,0.0,0.0,0.0,0.0,1.0,1.0,0.0,0.0,0.0,0.0,1.0,0.0
sD7I3u5xxUo,0.0,0.925,1.89,2.38,0.0,4.48,1.02,0.43,0.0,1.06,1.78,0.55,0.0,0.0,0.0,0.0,2.32,1.59,0.0,1.0,1.0,0.0,1.0,1.0,0.0,0.0,1.0,1.0,1.0,0.0,0.0,0.0,0.0,1.0,1.0,0.0,0.0
sJtqUEZe5b0,2.0,0.775,0.624,0.0,0.52,0.5700000000000001,1.154,0.6900000000000001,0.29400000000000004,0.642,1.672,0.702,0.20400000000000001,0.504,0.44000000000000006,0.16799999999999998,1.308,0.5980000000000001,0.21200000000000002,0.6,0.8,0.4,0.4,0.6,0.6,0.4,0.8,1.0,0.6,0.8,0.2,0.2,0.2,0.8,0.4,0.4,0.4
sLG4lh63BLA,0.5,0.975,0.5549999999999999,0.67,0.0,0.065,1.735,1.03,0.425,0.79,1.35,1.2149999999999999,1.11,0.5449999999999999,0.985,0.035,2.105,0.76,0.0,1.0,1.0,0.0,0.5,1.0,1.0,0.0,1.0,1.0,1.0,1.0,0.5,0.0,0.5,1.0,0.5,0.0,0.0
sNKK3aX8Bd4,1.5,0.70625,1.335,0.83,0.425,0.99,0.525,0.435,0.0,0.72,0.9825,0.83,0.1475,0.055,0.3,0.0,1.9975,0.3,0.0,0.75,0.75,0.5,0.5,0.25,0.25,0.25,1.0,0.25,0.5,0.5,0.0,0.25,0.0,1.0,0.5,0.0,0.0
sOz1Zyg42Gs,1.5,0.975,0.6375,0.84,0.71,1.4625,0.0175,0.5575,0.2925,0.2375,0.055,0.085,0.265,0.1525,0.21,0.025,0.6725000000000001,0.74,0.58,0.25,0.5,0.75,0.5,0.0,0.0,0.5,0.5,0.0,0.5,0.5,0.0,0.25,0.0,0.75,0.5,0.25,0.25
sOzt7izjONc,1.5,0.68125,0.5325,0.17,0.78,0.55,0.0,0.265,0.0025,0.0925,0.30750000000000005,0.5125,0.095,0.1175,0.75,0.03,0.355,0.605,0.0,0.5,0.75,0.5,0.75,0.0,0.75,0.0,0.25,0.25,0.75,0.25,0.0,0.5,0.0,0.25,0.75,0.0,0.25
sQ8-amHR7tY,0.0,0.025,1.11,1.14,0.0,0.4,0.85,1.78,0.36,0.0,0.32,0.0,1.62,1.2,0.0,0.72,1.43,1.86,1.14,1.0,1.0,0.0,0.0,1.0,1.0,0.0,0.0,0.0,0.0,1.0,1.0,0.0,1.0,1.0,1.0,1.0,1.0
sRX0LWY7eCE,0.5,0.45,1.265,0.4,0.35,2.1100000000000003,0.36,0.0,0.0,0.355,0.65,1.19,0.32,0.46,0.1,0.24,0.6,0.275,0.0,1.0,1.0,0.5,0.0,0.0,0.0,0.0,1.0,0.5,0.5,0.5,0.0,1.0,0.0,0.5,0.0,0.5,0.0
sRd_FC4U5d0,0.5,0.925,0.045,0.0,0.0,0.56,0.45499999999999996,0.0,0.09,1.065,0.69,0.62,1.03,0.0,1.155,0.0,0.01,0.51,0.0,0.0,0.5,0.5,0.5,0.5,0.0,0.5,0.5,0.5,1.0,1.0,0.0,1.0,0.0,0.0,0.0,0.0,0.0
sSNoIF-wAmw,0.0,0.975,0.52,0.0,0.58,2.01,0.57,1.67,0.0,0.19,0.0,0.19,5.0,1.35,0.0,1.06,1.05,0.0,0.32,1.0,1.0,0.0,1.0,0.0,0.0,0.0,0.0,0.0,0.0,1.0,0.0,0.0,1.0,0.0,0.0,1.0,0.0
sTAp9uDvlPs,1.5,0.725,0.5349999999999999,0.2025,0.01,0.37,2.105,0.9675,0.33499999999999996,2.0625,2.5925000000000002,1.4525000000000001,0.33,0.295,0.0,0.1525,2.5025,0.3875,0.4325,0.5,0.75,0.0,0.25,0.75,0.75,0.0,1.0,1.0,0.75,0.5,0.0,0.25,0.5,1.0,0.25,0.5,0.25
sTU4mOcJvEI,1.0,0.9249999999999999,0.7633333333333333,0.16666666666666666,1.08,0.07666666666666667,0.5233333333333333,1.5199999999999998,0.0,0.5299999999999999,0.08333333333333333,1.21,0.5033333333333333,0.44333333333333336,0.5833333333333334,0.19999999999999998,0.24666666666666667,0.2833333333333333,0.10000000000000002,1.0,0.3333333333333333,0.6666666666666666,0.0,1.0,1.0,0.0,1.0,0.3333333333333333,1.0,0.6666666666666666,0.3333333333333333,1.0,1.0,0.6666666666666666,0.0,0.0,0.3333333333333333
sVTDPKvQfjw,0.0,0.975,0.15,0.0,0.2,0.65,2.22,2.95,2.79,3.55,0.47,1.66,2.06,0.0,0.0,2.91,2.18,1.93,1.65,1.0,0.0,1.0,0.0,1.0,1.0,1.0,1.0,0.0,1.0,1.0,1.0,1.0,1.0,1.0,0.0,0.0,1.0
sZb2_4VWzVw,0.0,0.975,0.0,0.0,1.29,0.0,2.06,2.18,1.22,1.76,1.98,1.92,0.0,0.0,0.0,0.12,1.52,0.0,0.0,0.0,0.0,1.0,0.0,1.0,1.0,1.0,1.0,1.0,1.0,1.0,0.0,0.0,0.0,1.0,0.0,0.0,0.0
sf4wICUY4xU,0.0,0.975,0.35,0.0,0.0,1.99,1.15,0.0,0.0,0.0,1.78,0.0,0.0,0.0,1.02,0.0,1.74,0.0,0.73,0.0,0.0,0.0,1.0,1.0,1.0,0.0,1.0,1.0,0.0,0.0,0.0,1.0,0.0,1.0,0.0,0.0,1.0
skoiHrfdETA,1.5,0.71875,1.065,0.2425,0.42,0.7775,0.28750000000000003,1.3199999999999998,0.28,0.495,0.4525,0.5125,0.25,0.2375,0.0,0.075,0.75,0.5874999999999999,0.1425,1.0,0.75,0.25,0.5,0.25,0.5,0.25,0.25,0.25,0.25,0.5,0.25,0.0,0.25,0.75,0.75,0.25,0.25
stIB8C41h0I,1.0,0.9249999999999999,1.2,0.15333333333333335,1.3633333333333333,1.7966666666666666,0.3566666666666667,0.48666666666666664,0.15,1.3133333333333332,0.7200000000000001,0.5733333333333334,0.06666666666666667,0.0,0.9,0.06,0.6233333333333334,0.0,0.3866666666666667,1.0,0.6666666666666666,1.0,0.6666666666666666,0.0,0.6666666666666666,0.3333333333333333,0.6666666666666666,0.6666666666666666,0.3333333333333333,1.0,0.0,0.6666666666666666,0.0,0.3333333333333333,0.0,0.0,0.3333333333333333
svwxw7iB-W4,0.5,0.5,1.665,0.25,0.88,0.935,1.005,1.155,0.58,1.515,1.3,1.755,0.7949999999999999,0.02,0.0,0.29,1.405,0.17,0.83,1.0,0.5,0.5,0.0,0.5,0.5,0.5,0.5,0.5,1.0,0.5,0.5,0.0,0.5,1.0,0.5,0.5,1.0
swOdShaXNps,0.0,0.875,0.92,0.0,0.33,0.97,1.28,1.54,0.78,1.46,1.39,1.4,0.0,0.0,0.0,0.0,1.58,1.33,0.0,1.0,1.0,0.0,0.0,1.0,1.0,1.0,1.0,1.0,1.0,1.0,0.0,1.0,0.0,1.0,1.0,0.0,0.0
sxqDOWgkFL8,0.0,0.975,1.31,1.25,0.0,0.07,0.0,0.04,0.0,0.0,0.73,0.34,0.33,0.0,0.81,0.0,0.0,0.0,0.0,1.0,1.0,0.0,1.0,0.0,0.0,0.0,0.0,1.0,1.0,1.0,0.0,0.0,0.0,0.0,0.0,0.0,0.0
t0DyWkA_wbI,0.5,0.975,0.205,0.385,0.005,0.37,1.595,2.8099999999999996,0.46,1.1949999999999998,1.97,0.485,0.0,0.0,0.46,0.045,2.355,0.775,0.025,0.5,0.5,0.0,0.0,1.0,1.0,0.0,1.0,1.0,0.5,1.0,0.0,0.5,0.0,1.0,0.5,0.0,0.0
t1KCgUL62GM,1.5,0.9125,0.6,0.045,0.0,1.3225,1.0,0.61,0.69,0.8825000000000001,0.8474999999999999,0.5874999999999999,0.7875,0.445,0.0,0.75,1.06,0.4925,0.2175,0.25,0.5,0.25,0.75,0.75,0.25,1.0,0.75,0.5,0.75,0.75,0.25,0.25,0.5,0.75,0.0,0.5,0.25
t50jstuxy1Y,0.0,0.975,1.25,0.0,0.0,0.0,1.7,1.44,0.49,1.6,2.86,0.17,0.0,0.0,0.62,0.0,3.21,0.03,0.24,1.0,0.0,0.0,0.0,1.0,0.0,0.0,1.0,1.0,1.0,0.0,0.0,0.0,0.0,1.0,1.0,0.0,0.0
t8V2_4KB-LI,0.5,0.975,1.085,0.335,0.67,0.895,0.855,1.6749999999999998,0.48,1.28,0.875,0.57,0.45,0.29,0.79,0.76,0.27,0.0,0.46499999999999997,0.5,0.5,0.5,0.5,0.5,0.5,0.5,0.5,0.5,0.5,1.0,0.5,0.5,0.5,0.0,0.0,0.0,0.5
tB8xTODnh0I,1.5,0.95,0.27,0.08249999999999999,0.145,0.32,0.2875,1.3074999999999999,0.395,0.9975,0.665,0.635,0.7124999999999999,0.3725,0.0,0.1625,0.615,0.33999999999999997,0.18,0.5,0.5,0.5,0.5,0.75,0.75,0.25,0.5,0.5,0.75,0.75,0.25,0.5,0.25,0.75,0.25,0.25,0.0
tBLvHKSuWaE,0.0,0.975,0.65,0.74,0.0,1.72,0.0,0.0,0.0,0.0,0.01,0.0,0.0,0.0,0.0,0.0,0.0,0.86,0.0,0.0,1.0,0.0,1.0,0.0,0.0,0.0,0.0,0.0,0.0,0.0,0.0,0.0,0.0,0.0,0.0,0.0,0.0
tCBSddrRG0E,0.5,0.925,2.705,3.065,0.9500000000000001,1.4649999999999999,0.95,0.11,0.245,1.98,2.685,1.48,0.32,0.2,0.0,0.0,2.9850000000000003,0.905,0.395,1.0,1.0,0.0,1.0,0.5,1.0,0.0,1.0,1.0,1.0,0.5,0.0,0.0,0.0,1.0,1.0,0.0,0.0
tCu38d1ycMM,0.0,0.975,0.24,0.0,0.0,0.0,1.68,1.4,0.0,0.42,2.15,0.85,0.0,0.0,0.18,0.0,1.21,0.0,0.0,0.0,0.0,0.0,0.0,1.0,1.0,0.0,1.0,1.0,1.0,0.0,0.0,1.0,0.0,1.0,0.0,0.0,0.0
tD9YGqa-xrA,0.5,0.975,0.9,0.29500000000000004,1.2349999999999999,1.19,0.515,1.075,0.44499999999999995,0.86,0.79,0.02,0.775,0.475,0.0,0.09,0.875,0.11,0.0,1.0,0.0,0.5,0.5,0.5,0.5,0.0,0.5,0.5,0.0,0.5,0.5,0.0,0.5,0.5,0.5,0.0,0.0
tDUdeWR0FMo,0.0,0.925,0.41,1.16,0.0,1.9,1.57,0.52,0.0,2.36,2.46,3.34,0.0,0.0,0.0,0.29,4.22,2.61,0.0,1.0,1.0,0.0,1.0,1.0,1.0,1.0,1.0,1.0,1.0,0.0,0.0,0.0,0.0,1.0,1.0,0.0,0.0
tDmrvUEqcnQ,0.0,0.975,2.32,2.37,2.52,1.03,1.43,0.0,1.36,0.82,0.0,0.85,1.69,1.91,0.0,0.0,1.83,2.51,0.95,0.0,1.0,1.0,1.0,0.0,0.0,1.0,0.0,0.0,1.0,1.0,0.0,0.0,0.0,0.0,0.0,0.0,0.0
tF_WXKk7TYY,1.5,0.4875,0.5725,0.0,0.7675000000000001,0.6925,1.0375,2.3275,0.105,0.525,1.0025,0.5700000000000001,0.18,0.0,0.515,0.052500000000000005,1.0525,0.2575,0.175,0.75,0.75,0.5,0.0,0.75,1.0,0.25,0.5,0.5,0.5,0.25,0.25,0.5,0.0,0.5,0.5,0.25,0.5
tG3Uh1cLEao,1.0,0.9583333333333334,1.6233333333333333,1.3466666666666667,0.42,0.37666666666666665,0.38666666666666666,0.5733333333333334,0.2833333333333333,0.5666666666666667,0.45999999999999996,0.2733333333333333,0.10333333333333333,0.0,0.06333333333333334,0.0,2.5,1.0866666666666667,0.89,1.0,0.6666666666666666,0.3333333333333333,0.3333333333333333,0.0,0.3333333333333333,0.0,0.0,0.0,0.0,0.3333333333333333,0.0,0.0,0.0,0.6666666666666666,0.6666666666666666,0.3333333333333333,0.3333333333333333
tLnvXS6NFaQ,0.5,0.975,0.905,0.435,0.01,0.56,0.0,1.23,0.025,0.0,0.17,0.515,0.0,0.145,0.725,0.27,0.0,0.55,0.395,0.5,0.5,0.0,0.5,0.0,0.5,0.0,0.0,0.5,1.0,0.5,0.0,0.5,0.5,0.0,0.0,0.0,0.0
tMWvqEKsldQ,1.0,0.6583333333333333,0.0,0.0,0.0,0.4066666666666667,1.3633333333333333,1.9133333333333333,0.9566666666666666,0.6333333333333333,1.1866666666666668,0.2966666666666667,0.22666666666666666,0.15666666666666665,0.16333333333333333,0.10666666666666667,0.9166666666666666,0.5966666666666667,0.3133333333333333,0.6666666666666666,0.6666666666666666,0.3333333333333333,0.6666666666666666,0.6666666666666666,1.0,0.6666666666666666,0.6666666666666666,0.3333333333333333,0.3333333333333333,0.0,0.3333333333333333,0.6666666666666666,0.3333333333333333,1.0,0.3333333333333333,0.0,1.0
tQh8umgs1CE,0.5,0.975,0.375,0.3,0.0,0.215,1.505,1.83,0.515,1.665,1.7850000000000001,0.815,0.6849999999999999,0.545,0.375,0.0,1.57,0.615,0.07,0.5,0.0,0.0,0.0,0.5,1.0,0.5,0.5,1.0,1.0,0.5,0.5,0.5,0.0,0.5,0.5,0.0,0.5
tSZk3cPWbTA,0.0,0.975,0.0,0.0,0.04,1.29,0.41,0.62,2.26,0.71,0.0,0.0,0.0,0.0,0.0,0.0,0.23,0.0,0.0,0.0,0.0,0.0,1.0,0.0,1.0,1.0,0.0,0.0,0.0,0.0,0.0,0.0,0.0,1.0,1.0,1.0,0.0
tSyEn2w15BY,1.0,0.9416666666666668,1.3666666666666665,1.3866666666666667,0.023333333333333334,1.05,0.23666666666666666,0.5,0.016666666666666666,0.34,0.06333333333333334,0.0,1.1300000000000001,1.0433333333333332,0.03333333333333333,0.0,0.023333333333333334,0.16666666666666666,0.2833333333333333,1.0,1.0,0.6666666666666666,0.6666666666666666,0.3333333333333333,0.3333333333333333,0.6666666666666666,0.0,0.0,0.0,1.0,0.3333333333333333,0.0,0.0,0.0,0.3333333333333333,0.6666666666666666,0.6666666666666666
tVCNar6UXZI,0.5,0.975,1.49,0.3,0.0,2.12,1.42,2.11,0.55,0.695,1.315,0.0,0.2,0.0,0.0,0.14,3.88,0.575,0.0,1.0,0.5,0.0,1.0,1.0,0.5,0.5,1.0,0.5,0.0,0.5,0.0,0.0,0.5,1.0,1.0,0.0,0.5
tW9cnzMZXhk,0.0,0.975,0.0,0.0,0.62,0.0,1.67,1.12,0.29,1.03,1.94,2.0,0.0,0.0,0.57,0.36,0.35,0.0,1.84,0.0,0.0,1.0,0.0,1.0,1.0,0.0,1.0,1.0,1.0,0.0,0.0,1.0,1.0,1.0,0.0,0.0,1.0
tYALRFw3Ox0,0.5,0.925,0.15,0.0,0.0,1.14,0.9199999999999999,0.97,0.04,0.92,0.99,1.005,0.0,0.1,0.83,0.0,1.445,1.11,0.0,1.0,1.0,0.5,0.5,0.5,0.0,0.5,0.5,0.5,0.5,0.5,0.0,0.5,0.0,0.5,0.5,0.0,0.5
tYLFoUTJuGU,0.0,0.975,0.32,0.14,0.0,0.0,1.92,0.55,0.53,3.45,2.73,0.56,0.02,0.0,0.0,0.0,2.33,0.0,0.2,1.0,1.0,0.0,0.0,1.0,1.0,1.0,1.0,1.0,0.0,0.0,0.0,0.0,0.0,1.0,1.0,0.0,0.0
tYjJMG2m4kE,0.0,0.975,0.23,0.0,2.22,2.22,0.88,2.62,0.65,4.04,0.0,0.0,1.62,0.0,1.63,0.0,2.11,1.56,0.0,1.0,0.0,1.0,1.0,1.0,1.0,0.0,1.0,0.0,0.0,1.0,0.0,0.0,0.0,1.0,1.0,0.0,0.0
tYlsZMI9Ag8,1.0,0.65,1.1166666666666667,0.09000000000000001,0.8333333333333334,0.82,0.9966666666666666,0.5199999999999999,0.6699999999999999,1.0999999999999999,0.7133333333333334,0.13,0.14666666666666667,0.59,1.1766666666666667,0.08666666666666667,0.7166666666666668,0.8366666666666666,0.03333333333333333,0.3333333333333333,1.0,0.0,0.0,0.3333333333333333,0.3333333333333333,0.6666666666666666,0.6666666666666666,0.6666666666666666,0.3333333333333333,0.3333333333333333,0.3333333333333333,0.6666666666666666,0.3333333333333333,0.6666666666666666,0.3333333333333333,0.6666666666666666,0.0
tcwkL4L5P2w,3.5,0.9125,0.4325,0.21375,0.17750000000000002,0.49875,0.38375,0.42125,0.2225,0.3225,0.815,0.39125,0.1375,0.18875,0.625,0.17,0.84,0.16625,0.07,0.375,0.625,0.125,0.375,0.25,0.125,0.125,0.5,0.625,0.625,0.5,0.25,0.625,0.25,0.5,0.125,0.0,0.125
tgBcEpjxw7A,0.5,0.975,0.52,0.275,1.045,1.57,0.76,0.0,0.39,1.3699999999999999,0.72,1.37,0.115,0.41,0.0,0.365,0.865,0.16,0.02,0.5,0.5,0.5,0.5,0.0,0.0,1.0,1.0,0.5,0.5,0.5,0.0,0.0,0.5,0.5,0.0,1.0,0.0
tgzwr7hOgK4,1.0,0.6166666666666667,0.6733333333333333,0.02,1.42,1.1666666666666667,0.27,0.6366666666666666,0.05666666666666667,2.0233333333333334,0.6233333333333334,1.1199999999999999,1.0533333333333332,0.11666666666666665,0.9966666666666667,0.0,0.04666666666666667,0.0,0.17333333333333334,1.0,0.6666666666666666,0.6666666666666666,0.3333333333333333,0.6666666666666666,0.0,0.6666666666666666,1.0,0.6666666666666666,0.6666666666666666,1.0,0.0,0.3333333333333333,0.0,0.0,0.0,1.0,0.0
thA7BQWeWfM,1.0,0.9583333333333334,1.0766666666666667,1.02,0.52,0.4466666666666667,0.5366666666666666,1.1066666666666667,0.26333333333333336,0.8566666666666666,1.11,0.79,0.0,0.5333333333333333,0.18333333333333335,0.11,1.2866666666666666,0.8566666666666666,0.15666666666666668,1.0,0.6666666666666666,0.3333333333333333,0.3333333333333333,0.6666666666666666,0.6666666666666666,0.3333333333333333,0.3333333333333333,0.6666666666666666,0.6666666666666666,0.0,0.6666666666666666,0.6666666666666666,0.0,0.3333333333333333,0.3333333333333333,0.0,0.3333333333333333
tjMhoid4jVc,0.5,0.95,2.12,2.395,0.52,2.7249999999999996,0.81,0.0,0.0,1.19,1.66,1.27,0.0,0.0,0.485,0.03,1.8450000000000002,0.245,0.66,1.0,1.0,0.5,0.5,0.0,0.0,0.0,0.5,0.5,0.5,0.0,0.0,0.5,0.0,1.0,1.0,0.0,1.0
tkXzcF_kxeg,2.0,0.9550000000000001,1.24,0.712,0.932,2.068,1.1119999999999999,0.492,0.176,1.73,1.598,1.1320000000000001,0.5780000000000001,0.05800000000000001,0.6359999999999999,0.23600000000000004,1.34,0.22799999999999998,0.124,0.8,0.6,0.2,0.6,0.8,0.2,0.2,1.0,0.8,0.8,0.6,0.2,0.4,0.6,0.8,0.2,0.2,0.0
tmVmWrLa-PA,1.0,0.625,1.3166666666666667,0.9266666666666666,0.41,0.5233333333333333,0.18666666666666668,0.02666666666666667,0.4533333333333333,0.6466666666666666,0.5,0.0,0.5433333333333333,0.36333333333333334,0.043333333333333335,0.14333333333333334,0.93,0.8366666666666666,0.0,1.0,0.6666666666666666,0.3333333333333333,0.3333333333333333,0.0,0.6666666666666666,0.0,0.3333333333333333,0.0,0.0,0.6666666666666666,0.3333333333333333,0.3333333333333333,0.3333333333333333,1.0,1.0,0.0,0.0
tovnfQwtros,0.5,0.95,1.4849999999999999,1.145,0.17,0.795,1.275,1.45,0.095,1.94,1.705,1.09,0.155,0.0,0.505,0.0,2.39,0.58,0.27,1.0,1.0,0.0,0.5,0.5,0.5,0.0,1.0,1.0,1.0,1.0,0.0,0.0,0.0,1.0,0.5,0.5,0.5
tp_sWmrWdrs,0.0,0.875,1.26,0.0,0.0,0.0,0.0,0.0,0.37,1.15,0.11,0.0,0.0,0.0,0.0,0.0,1.08,0.9,0.0,1.0,1.0,1.0,0.0,0.0,0.0,1.0,0.0,0.0,0.0,0.0,0.0,1.0,0.0,1.0,0.0,1.0,1.0
tx-F7DKfzmk,0.5,0.95,0.6950000000000001,0.535,0.29000000000000004,0.0,1.445,0.855,1.175,1.205,1.32,0.205,0.23,0.2,0.0,0.0,3.395,1.81,1.0,1.0,1.0,0.5,0.0,1.0,0.5,1.0,1.0,0.5,0.0,0.0,0.0,0.0,0.0,1.0,1.0,0.5,1.0
u-XWJ8QUFQk,1.0,0.9249999999999999,0.3566666666666667,0.18333333333333335,0.5166666666666667,0.11333333333333333,0.7266666666666667,1.4266666666666667,0.7400000000000001,0.2733333333333334,0.5966666666666667,0.37666666666666665,0.8933333333333334,0.02,0.13333333333333333,1.0833333333333333,0.9966666666666666,0.8266666666666667,1.2933333333333334,0.6666666666666666,0.3333333333333333,1.0,0.0,0.6666666666666666,0.6666666666666666,0.6666666666666666,0.3333333333333333,0.3333333333333333,0.3333333333333333,0.3333333333333333,0.3333333333333333,0.6666666666666666,0.6666666666666666,0.6666666666666666,1.0,0.3333333333333333,0.6666666666666666
u3GQfQNRsFE,5.0,0.9113636363636364,1.270909090909091,0.8772727272727271,0.31,0.7472727272727272,0.31636363636363635,0.8072727272727274,0.07454545454545455,0.5318181818181819,0.41181818181818186,0.44909090909090904,0.5,0.81,0.20909090909090908,0.022727272727272728,0.620909090909091,0.10909090909090909,0.37545454545454543,0.9090909090909091,0.7272727272727273,0.18181818181818182,0.5454545454545454,0.18181818181818182,0.5454545454545454,0.18181818181818182,0.5454545454545454,0.36363636363636365,0.18181818181818182,0.5454545454545454,0.6363636363636364,0.2727272727272727,0.09090909090909091,0.45454545454545453,0.36363636363636365,0.6363636363636364,0.45454545454545453
u4GsXRzTqf8,0.0,0.975,0.0,0.0,0.91,0.0,0.0,2.42,1.6,0.0,0.0,0.0,0.54,0.0,0.0,0.0,0.77,0.0,0.0,0.0,0.0,1.0,0.0,0.0,1.0,1.0,1.0,0.0,0.0,0.0,0.0,0.0,1.0,1.0,0.0,0.0,1.0
u4VmYiULPBo,3.0,0.9321428571428572,0.6214285714285713,0.4271428571428571,0.8114285714285714,1.417142857142857,0.09428571428571428,0.6428571428571429,0.11285714285714286,0.37142857142857144,0.1942857142857143,0.4842857142857143,0.35000000000000003,0.46,0.1542857142857143,0.0,0.9400000000000001,0.9914285714285713,0.2785714285714286,0.5714285714285714,0.8571428571428571,0.42857142857142855,0.5714285714285714,0.0,0.2857142857142857,0.14285714285714285,0.14285714285714285,0.0,0.42857142857142855,0.5714285714285714,0.14285714285714285,0.5714285714285714,0.2857142857142857,0.5714285714285714,0.42857142857142855,0.14285714285714285,0.2857142857142857
u4xWsDR5axI,1.5,0.64375,0.9450000000000001,1.1,0.125,1.5625,0.345,0.9450000000000001,0.2525,1.5,0.38,1.0550000000000002,0.88,0.36,0.5425,1.21,0.4475,0.3325,0.025,0.75,0.75,0.25,0.5,0.25,1.0,0.5,0.5,0.5,0.5,0.75,0.25,0.5,0.5,0.75,0.25,0.5,0.5
u5FDJtdE2jk,0.5,0.5,0.77,0.19,0.215,0.0,1.74,1.34,0.97,3.08,2.0949999999999998,1.5999999999999999,0.8,1.56,1.6800000000000002,0.15,1.5,0.43,1.05,0.5,0.0,0.5,0.0,1.0,0.5,0.5,1.0,1.0,0.5,1.0,0.5,1.0,0.0,0.5,0.0,0.0,0.0
u6uj4yjTn-k,0.5,0.875,1.215,0.135,1.4,1.155,0.34,1.345,0.0,0.55,1.04,0.72,0.02,0.0,0.5,0.075,0.22,0.145,0.09,0.5,0.5,1.0,1.0,0.5,1.0,0.0,0.5,1.0,0.5,0.5,0.0,0.5,0.0,0.5,0.0,0.0,0.0
u8DnYviWHA0,1.0,0.975,0.5133333333333333,0.18999999999999997,0.0,0.37333333333333335,0.21,0.83,0.21666666666666667,0.42,0.87,0.8066666666666666,0.5266666666666667,0.0,1.2466666666666666,0.27666666666666667,0.8966666666666666,1.24,0.17666666666666667,0.3333333333333333,0.0,0.0,0.3333333333333333,0.3333333333333333,1.0,0.3333333333333333,0.6666666666666666,1.0,0.6666666666666666,0.6666666666666666,0.0,0.6666666666666666,0.3333333333333333,0.6666666666666666,1.0,0.3333333333333333,0.3333333333333333
u8V1Cp1Wsnk,0.5,0.975,0.485,1.015,0.08,0.885,1.435,3.325,0.0,1.345,1.565,0.715,0.0,0.0,0.0,0.05,1.525,0.705,0.225,0.5,0.5,0.5,0.5,0.5,1.0,0.0,0.5,0.5,0.5,0.5,0.0,0.0,0.0,0.5,0.5,0.5,0.0
u9lyT0XBuOw,0.0,0.975,0.0,0.0,0.17,0.0,2.82,2.03,1.59,2.07,2.58,0.86,0.15,0.0,0.0,0.0,3.35,0.81,0.0,0.0,1.0,0.0,0.0,1.0,1.0,1.0,1.0,1.0,1.0,0.0,0.0,0.0,0.0,1.0,1.0,0.0,1.0
uBP6eCTV6ew,0.5,0.975,0.39,0.0,0.12,0.755,0.0,0.15,0.0,0.0,0.0,0.0,1.67,0.46,0.495,0.0,0.125,0.265,0.21,0.5,0.5,0.5,0.5,0.0,0.0,0.0,0.0,0.0,0.0,0.5,0.0,0.0,0.0,0.0,0.0,1.0,0.0
uFJbwUDWwQ0,0.0,0.975,2.66,3.27,0.0,0.27,0.74,0.61,0.0,1.45,2.0,1.92,0.07,0.0,0.05,0.0,1.92,0.0,0.63,1.0,1.0,0.0,1.0,1.0,0.0,0.0,1.0,1.0,1.0,1.0,0.0,0.0,0.0,1.0,1.0,0.0,0.0
uHzkGJZsQVc,0.0,0.775,1.01,1.17,0.38,0.68,1.07,0.0,0.0,2.53,2.56,0.0,0.0,0.0,0.0,0.0,2.0,0.19,0.0,1.0,1.0,0.0,0.0,1.0,0.0,0.0,1.0,1.0,0.0,0.0,0.0,0.0,0.0,1.0,0.0,0.0,0.0
uJnrqPXBWXk,0.5,0.95,0.74,0.0,0.415,0.025,1.4849999999999999,2.19,1.06,1.025,1.685,1.2999999999999998,0.0,0.0,0.925,0.425,1.385,1.35,0.0,0.5,0.0,0.0,0.5,0.5,1.0,1.0,1.0,1.0,1.0,0.0,0.0,1.0,0.5,1.0,1.0,0.0,0.0
uJxvnpDlRvQ,0.5,0.7749999999999999,2.195,0.245,0.98,1.5050000000000001,0.065,0.29,0.975,1.24,0.0,0.45,0.9450000000000001,0.33,0.0,0.57,1.43,1.695,0.3,1.0,0.5,1.0,1.0,0.0,0.0,0.5,0.0,0.0,0.0,0.5,0.0,1.0,0.5,0.5,0.5,0.0,0.5
uOzvJDk6ZiQ,0.0,0.975,1.2,2.09,0.0,0.67,0.0,0.22,0.0,0.0,0.78,0.38,0.1,0.0,0.04,0.0,1.24,0.0,0.34,1.0,1.0,0.0,1.0,0.0,0.0,0.0,0.0,1.0,1.0,1.0,0.0,0.0,0.0,1.0,0.0,0.0,0.0
uSqIB7qvxnw,1.0,0.975,0.6233333333333334,0.4633333333333333,0.18999999999999997,2.0866666666666664,0.03666666666666667,0.0,0.0,0.84,0.25,0.41333333333333333,0.006666666666666667,0.09666666666666666,0.3833333333333333,0.0,0.66,0.49,0.3233333333333333,1.0,0.6666666666666666,0.0,1.0,0.0,0.0,0.0,0.3333333333333333,0.0,0.3333333333333333,0.3333333333333333,0.0,0.3333333333333333,0.0,0.6666666666666666,1.0,0.6666666666666666,0.3333333333333333
uVHQlP8uYIg,1.5,0.9625,0.8525,1.0325,0.16999999999999998,1.5125000000000002,0.0,0.1,0.0,0.08,0.225,0.075,0.1025,0.0,0.1325,0.0325,0.49,0.46,0.56,0.75,1.0,0.5,0.5,0.0,0.0,0.0,0.0,0.25,0.25,0.25,0.0,0.25,0.0,0.75,0.75,0.25,0.5
uWdQxpfwWs4,0.0,0.0,0.14,0.0,0.0,2.64,0.42,0.0,0.36,0.0,0.0,0.0,0.0,1.11,0.0,0.0,0.0,0.0,0.0,1.0,1.0,0.0,1.0,0.0,0.0,0.0,0.0,0.0,0.0,0.0,1.0,0.0,0.0,0.0,0.0,1.0,0.0
uXaGRKM2whs,2.0,0.33999999999999997,0.42400000000000004,0.13599999999999998,0.308,0.49800000000000005,0.088,0.244,0.034,0.616,0.5820000000000001,0.5599999999999999,0.10800000000000001,0.05600000000000001,0.45999999999999996,0.258,0.384,0.20600000000000002,0.362,0.6,0.8,0.6,0.6,0.2,0.4,0.0,0.4,0.4,0.8,0.2,0.0,0.4,0.4,0.6,0.2,0.4,0.4
uXjQAtBEuds,1.0,0.9083333333333333,1.0866666666666667,0.9866666666666667,0.49666666666666665,0.8066666666666666,0.7866666666666666,1.3266666666666667,0.33,1.6633333333333333,0.7266666666666667,1.1933333333333334,0.40666666666666673,1.486666666666667,0.18999999999999997,0.11,1.0966666666666667,2.1266666666666665,0.41,1.0,0.6666666666666666,1.0,0.3333333333333333,0.3333333333333333,0.3333333333333333,0.3333333333333333,0.3333333333333333,0.3333333333333333,0.3333333333333333,1.0,1.0,0.6666666666666666,0.0,0.6666666666666666,1.0,0.0,1.0
uY3vtYJns9U,0.5,0.975,1.265,0.8200000000000001,0.0,0.66,2.265,1.955,0.285,2.455,3.38,1.645,0.0,0.0,0.0,0.105,2.565,0.365,0.17,1.0,0.5,0.0,0.5,1.0,1.0,0.0,1.0,1.0,0.5,0.0,0.0,0.0,0.0,1.0,0.5,0.0,0.5
uZ2KNNuK2B4,0.5,0.925,0.845,0.555,0.0,0.315,0.09,0.45,0.06,0.45,0.685,0.0,0.85,0.08,0.01,0.0,1.34,1.37,0.23,0.5,1.0,0.5,0.0,0.5,0.0,0.5,0.5,0.5,0.0,0.5,0.0,0.5,0.0,1.0,1.0,0.5,0.5
uaBTyt6uFQA,2.5,0.9583333333333334,0.7450000000000001,0.085,0.22166666666666668,0.345,0.48333333333333334,0.5583333333333332,0.22999999999999998,1.1083333333333332,0.37999999999999995,0.27166666666666667,0.6266666666666667,0.10333333333333333,0.10333333333333335,0.09833333333333334,0.455,0.49333333333333335,0.18166666666666667,0.8333333333333334,0.8333333333333334,0.16666666666666666,0.16666666666666666,0.3333333333333333,0.3333333333333333,0.16666666666666666,0.6666666666666666,0.16666666666666666,0.3333333333333333,0.8333333333333334,0.16666666666666666,0.16666666666666666,0.5,0.5,0.8333333333333334,0.16666666666666666,0.5
udbuo-zyWAs,3.5,0.825,0.27749999999999997,0.125,0.5825,0.8475,0.43125,0.40125,0.14875,0.41000000000000003,0.27875,0.1325,0.35750000000000004,0.05,0.68625,0.03875,0.82375,0.24875,0.0,0.625,0.875,0.25,0.5,0.5,0.25,0.25,0.375,0.125,0.375,0.25,0.0,0.25,0.125,0.625,0.5,0.25,0.0
udxRkas0bhY,0.0,0.975,1.67,0.0,0.63,1.65,1.52,0.0,0.0,1.64,1.8,1.55,0.37,0.0,0.97,0.0,2.35,0.0,0.0,1.0,0.0,1.0,0.0,0.0,0.0,0.0,1.0,1.0,1.0,0.0,0.0,1.0,0.0,1.0,0.0,0.0,0.0
ue9toKAhTtA,1.0,0.30833333333333335,0.0033333333333333335,0.0,0.44,0.66,0.58,0.35000000000000003,0.7833333333333333,0.7133333333333334,0.3433333333333333,0.6166666666666667,0.9266666666666667,0.0,0.07666666666666667,0.17,0.73,0.0,0.5833333333333334,0.3333333333333333,0.6666666666666666,0.3333333333333333,0.3333333333333333,0.6666666666666666,0.0,0.6666666666666666,0.6666666666666666,0.0,0.6666666666666666,0.3333333333333333,0.0,0.6666666666666666,0.0,0.6666666666666666,0.0,0.3333333333333333,0.3333333333333333
ufL2Oj1EtxA,2.5,0.9666666666666667,0.5650000000000001,0.29,0.06666666666666667,0.10833333333333334,0.8016666666666667,1.0799999999999998,0.09666666666666666,0.9783333333333334,1.805,1.0,0.21833333333333335,0.0,0.22833333333333336,0.09000000000000001,1.5233333333333334,0.5650000000000001,0.0,0.8333333333333334,0.8333333333333334,0.0,0.3333333333333333,0.8333333333333334,0.16666666666666666,0.0,0.8333333333333334,1.0,0.8333333333333334,0.3333333333333333,0.0,0.3333333333333333,0.16666666666666666,1.0,0.8333333333333334,0.16666666666666666,0.0
ufkYAsf_GM8,0.0,0.975,0.0,0.0,0.62,0.09,2.1,1.55,1.23,2.07,2.55,0.89,0.05,0.0,1.76,0.0,4.28,1.47,0.51,1.0,1.0,0.0,0.0,1.0,1.0,1.0,1.0,1.0,1.0,1.0,0.0,1.0,1.0,1.0,1.0,0.0,0.0
ug5wZ_siXug,1.0,0.9583333333333334,0.43333333333333335,0.0,0.9833333333333334,0.29,1.5066666666666666,1.14,0.7133333333333334,1.8499999999999999,1.5,1.6366666666666667,0.04666666666666667,0.35000000000000003,0.6233333333333333,0.08333333333333333,1.0266666666666666,0.35000000000000003,0.12666666666666668,1.0,0.6666666666666666,0.3333333333333333,0.3333333333333333,1.0,0.6666666666666666,0.6666666666666666,1.0,0.6666666666666666,1.0,0.6666666666666666,0.3333333333333333,0.6666666666666666,0.6666666666666666,0.6666666666666666,0.6666666666666666,0.0,0.3333333333333333
ujsu7-KV6pI,1.0,0.8583333333333334,0.5233333333333333,0.0,0.47000000000000003,0.19666666666666666,0.6699999999999999,0.6633333333333334,0.2966666666666667,1.61,0.48,0.58,0.93,0.56,0.5566666666666666,0.8266666666666667,0.9333333333333332,1.6133333333333333,0.89,1.0,0.3333333333333333,1.0,0.0,1.0,1.0,0.6666666666666666,1.0,0.0,0.6666666666666666,1.0,0.6666666666666666,0.6666666666666666,0.3333333333333333,0.6666666666666666,0.6666666666666666,0.3333333333333333,1.0
ulArT3oWyyw,0.5,0.4875,0.2,0.0,0.0,0.59,0.915,1.47,0.185,1.23,1.21,1.175,0.78,0.0,0.18,0.0,1.625,0.74,0.0,1.0,0.5,0.0,0.5,0.5,0.5,0.0,0.5,0.5,0.5,0.5,0.0,0.0,0.0,0.5,0.5,0.0,0.0
ulGmdV_1Zyc,0.0,0.975,0.0,0.0,0.0,1.14,2.73,1.24,0.89,2.78,3.25,2.03,0.16,0.0,0.0,0.0,3.44,0.0,0.0,0.0,0.0,0.0,1.0,1.0,1.0,1.0,1.0,1.0,1.0,0.0,0.0,0.0,1.0,1.0,0.0,0.0,0.0
um8hZrjflRA,0.0,0.975,1.84,0.13,4.13,0.0,1.62,2.32,0.57,1.48,0.76,0.34,0.32,0.0,0.0,0.0,1.66,0.22,1.07,1.0,0.0,1.0,0.0,1.0,1.0,0.0,1.0,0.0,1.0,1.0,0.0,0.0,1.0,1.0,1.0,0.0,1.0
umyv2V49chI,0.5,0.9,1.3849999999999998,1.88,0.0,1.47,0.355,0.8400000000000001,0.195,0.87,0.605,1.9,0.335,0.28,0.28,0.0,1.165,0.355,0.06,1.0,1.0,0.0,1.0,0.5,0.5,0.5,0.5,0.5,1.0,0.5,0.0,1.0,0.0,0.5,1.0,0.5,0.0
unTM04ne7wk,1.5,0.9,0.9725,0.8425,0.1175,1.5875,0.24,0.1325,0.3725,0.44,0.3175,0.315,0.5525,0.9525,0.26,0.28250000000000003,0.0475,0.6325000000000001,0.0,0.5,0.75,0.5,1.0,0.0,0.25,0.25,0.25,0.0,0.25,0.75,0.5,0.25,0.25,0.25,0.25,0.75,0.25
unnmgu4MUWA,0.0,0.025,0.0,0.0,0.0,1.2,0.3,0.0,0.04,0.31,0.0,0.0,1.69,1.19,1.98,0.3,0.06,1.42,0.18,1.0,1.0,0.0,1.0,0.0,0.0,0.0,1.0,0.0,0.0,1.0,0.0,1.0,1.0,1.0,0.0,1.0,0.0
uphWgpwpxT0,1.5,0.7125,0.7125,0.0625,0.0125,0.39499999999999996,1.0025,1.195,0.535,0.9125000000000001,1.3,1.0875,0.77,0.125,0.10999999999999999,0.19,1.3499999999999999,0.4175,0.6025,0.25,0.75,0.25,0.25,0.25,0.5,0.75,0.5,0.25,0.75,0.75,0.25,0.5,0.25,0.5,0.0,0.25,0.75
uq1trByhmfc,0.0,0.975,0.0,0.0,1.42,0.0,1.11,0.96,1.07,1.1,1.86,1.62,0.0,0.0,0.42,0.27,1.52,0.33,0.0,0.0,0.0,0.0,0.0,1.0,0.0,1.0,1.0,1.0,1.0,0.0,0.0,0.0,0.0,1.0,1.0,0.0,0.0
uu2B7zXLDO4,1.0,0.9416666666666668,2.1133333333333333,2.983333333333333,0.5599999999999999,2.1300000000000003,0.9766666666666666,1.7233333333333334,0.5766666666666667,1.2066666666666668,1.2133333333333332,0.8666666666666667,0.44333333333333336,0.5599999999999999,0.54,0.16,2.38,0.18000000000000002,0.17333333333333334,1.0,1.0,0.0,0.6666666666666666,0.3333333333333333,0.6666666666666666,0.3333333333333333,0.3333333333333333,0.3333333333333333,0.3333333333333333,0.6666666666666666,0.0,0.3333333333333333,0.0,1.0,0.6666666666666666,0.0,0.3333333333333333
uv7XLmg9o9k,0.5,0.5,1.27,1.35,0.25,1.77,1.375,0.38,0.0,1.45,1.81,1.405,0.88,1.185,0.0,2.525,1.0350000000000001,0.19,0.155,0.5,0.5,0.5,0.5,1.0,0.0,0.0,1.0,0.5,1.0,1.0,1.0,0.0,0.5,1.0,0.0,1.0,0.0
uvh2XtMN9W8,1.5,0.25625,0.435,0.045,0.2125,1.1325,0.625,0.7675,0.0325,1.02,0.545,0.44,0.9225000000000001,0.23,0.775,0.085,0.6074999999999999,0.975,0.0,0.75,1.0,0.25,0.5,0.5,0.5,0.0,0.25,0.5,0.0,1.0,0.25,0.5,0.25,0.5,0.25,0.5,0.25
uxAUPU1Gi0U,1.5,0.925,0.4275,0.0,0.45,0.035,1.42,1.32,0.435,2.0125,1.4625,1.09,0.5,0.0425,0.46499999999999997,0.025,1.6975,0.8075,0.375,0.5,0.5,0.25,0.0,0.75,0.75,0.75,0.75,0.75,1.0,0.75,0.0,0.75,0.5,1.0,0.75,0.0,0.75
v2DFIQl3JjQ,0.5,0.975,0.625,0.26,0.0,0.225,2.6799999999999997,1.98,1.07,2.5149999999999997,2.5,0.32,0.0,1.61,0.485,0.75,2.005,1.665,1.13,0.5,0.5,0.0,0.0,1.0,1.0,1.0,1.0,1.0,0.5,0.0,0.5,0.0,0.5,0.5,0.5,0.0,0.5
v2SAhs5jy4k,0.5,0.975,0.0,0.02,0.75,1.425,0.7550000000000001,0.375,0.6599999999999999,0.8,0.395,0.575,0.0,0.0,0.225,0.0,0.88,0.4,0.0,0.5,0.5,1.0,0.5,0.5,0.0,0.5,0.5,1.0,0.5,0.0,0.0,0.0,0.0,1.0,0.0,0.0,0.5
v2ZSSZQHk_8,1.0,0.9083333333333333,0.10666666666666667,1.02,0.0,2.23,0.0,0.9700000000000001,0.11333333333333334,0.66,0.7433333333333333,0.9666666666666667,0.37333333333333335,0.2633333333333333,0.26999999999999996,0.0,0.93,1.14,0.08,0.6666666666666666,0.3333333333333333,0.0,1.0,0.0,0.6666666666666666,0.3333333333333333,0.6666666666666666,0.3333333333333333,0.6666666666666666,1.0,0.0,0.3333333333333333,0.3333333333333333,0.6666666666666666,0.6666666666666666,0.0,0.0
v2vBaW9CmRw,1.5,0.9375,1.72,1.0175,1.01,1.12,0.5549999999999999,0.6425000000000001,0.0,0.6575,1.1475,0.5875,0.6775,0.12,0.55,0.03,1.3925,0.17,0.2525,1.0,1.0,0.5,0.75,0.25,0.25,0.0,0.5,0.5,0.75,1.0,0.0,0.25,0.25,0.5,0.5,0.5,0.25
v47IN7NYB_c,1.5,0.9375,0.9675,1.0150000000000001,0.0,1.295,0.68,1.2974999999999999,0.335,0.9375,0.835,0.54,0.165,0.0,0.1325,0.0,1.74,0.24250000000000002,0.0625,1.0,0.5,0.0,0.75,0.5,0.5,0.25,0.75,0.5,0.5,0.5,0.0,0.25,0.0,1.0,0.5,0.0,0.25
v4EwZ2B05qM,0.5,0.975,1.005,0.49,0.33,0.0,2.3,1.565,0.655,1.06,2.7750000000000004,1.435,0.07,0.0,1.155,0.605,2.63,0.305,0.12,0.5,0.0,0.5,0.0,1.0,1.0,0.0,1.0,1.0,0.5,0.0,0.0,0.5,1.0,1.0,0.5,0.0,0.5
v5AZyo6G2eE,3.5,0.6125,0.71625,0.115,0.77375,0.8175,0.0175,0.49875,0.255,0.36,0.42625,0.77625,0.66375,0.08875,0.0825,0.32625000000000004,0.46,0.33375,0.275,0.5,0.75,0.5,0.625,0.0,0.125,0.0,0.0,0.375,0.625,0.875,0.25,0.5,0.5,0.25,0.25,0.25,0.375
v8RYbc8PvuY,1.0,0.30833333333333335,0.6633333333333333,0.0,0.0,0.8433333333333333,0.5299999999999999,0.16,0.3666666666666667,0.7733333333333334,0.7666666666666667,0.7866666666666666,0.10333333333333333,0.0033333333333333335,1.6933333333333334,0.32666666666666666,0.07,0.0,0.5766666666666668,0.6666666666666666,0.6666666666666666,0.0,0.6666666666666666,0.3333333333333333,0.0,0.0,0.6666666666666666,0.6666666666666666,0.6666666666666666,0.6666666666666666,0.0,1.0,0.6666666666666666,0.3333333333333333,0.0,0.3333333333333333,0.3333333333333333
vCXiadRSUBQ,2.0,0.975,0.5940000000000001,0.13599999999999998,0.02,0.522,0.794,1.106,0.0,0.538,1.228,0.674,0.0,0.0,0.354,0.11000000000000001,0.876,0.184,0.026000000000000002,0.6,0.4,0.0,0.4,0.6,0.6,0.0,0.4,0.6,0.8,0.2,0.0,0.2,0.2,0.6,0.2,0.0,0.0
vDyDvo-4tg0,0.5,0.975,0.9,0.325,0.0,0.465,0.71,1.5750000000000002,1.3399999999999999,1.375,0.3,0.42,0.8700000000000001,0.0,0.495,0.0,0.685,0.135,0.26,0.5,0.5,0.5,0.5,0.5,0.0,0.5,0.5,0.5,0.0,1.0,0.0,0.5,0.0,0.5,0.5,0.0,0.5
vE-aYCxIRaQ,0.0,0.975,0.0,0.0,0.0,0.0,1.45,2.4,0.0,2.64,2.59,0.07,0.0,0.0,0.15,0.0,2.4,0.76,0.0,1.0,1.0,0.0,0.0,1.0,1.0,0.0,1.0,1.0,1.0,1.0,0.0,1.0,0.0,1.0,1.0,0.0,1.0
vFTVwADvGKY,1.0,0.975,1.0166666666666666,0.41333333333333333,0.9066666666666667,0.0,1.0933333333333335,1.72,0.45999999999999996,0.9766666666666666,1.3566666666666667,0.8433333333333333,0.4666666666666666,1.0333333333333334,0.5233333333333333,0.12000000000000001,0.8133333333333334,0.86,0.35333333333333333,0.6666666666666666,0.6666666666666666,0.3333333333333333,0.3333333333333333,0.6666666666666666,0.3333333333333333,0.0,0.6666666666666666,0.6666666666666666,0.3333333333333333,1.0,0.6666666666666666,0.0,0.3333333333333333,0.3333333333333333,0.6666666666666666,0.3333333333333333,0.6666666666666666
vGj44tTlVIs,1.5,0.24375,1.165,0.6525,0.34,0.9650000000000001,0.1575,0.8374999999999999,0.105,0.7575000000000001,0.10250000000000001,0.35,0.445,0.16,0.9924999999999999,0.0,0.2725,0.3825,0.16,1.0,1.0,0.25,0.5,0.0,0.5,0.0,0.5,0.0,0.5,0.5,0.0,0.75,0.0,0.25,0.25,0.0,0.0
vJs4hZVbcEs,1.0,0.7916666666666666,1.29,0.13333333333333333,0.48666666666666664,0.5066666666666667,1.4400000000000002,2.2933333333333334,0.006666666666666667,1.8933333333333333,1.7666666666666668,0.8833333333333333,0.0,0.0,0.17333333333333334,0.0,1.5966666666666667,0.3433333333333333,0.2966666666666667,0.6666666666666666,0.6666666666666666,0.3333333333333333,0.3333333333333333,1.0,1.0,0.3333333333333333,1.0,1.0,0.6666666666666666,0.0,0.0,0.6666666666666666,0.0,1.0,0.3333333333333333,0.3333333333333333,0.3333333333333333
vLZ0q5eV2Uw,4.0,0.3055555555555556,0.7288888888888888,0.014444444444444446,0.25222222222222224,0.15444444444444447,0.8011111111111111,1.38,0.47888888888888886,1.108888888888889,0.9533333333333334,0.5855555555555556,0.3188888888888889,0.09111111111111111,0.5955555555555556,0.44,0.8788888888888889,0.508888888888889,0.16,0.7777777777777778,0.5555555555555556,0.5555555555555556,0.1111111111111111,0.6666666666666666,0.5555555555555556,0.8888888888888888,0.8888888888888888,0.6666666666666666,0.6666666666666666,0.7777777777777778,0.2222222222222222,0.6666666666666666,0.7777777777777778,0.6666666666666666,0.5555555555555556,0.0,0.3333333333333333
vSJ-MNUKzVU,0.0,0.975,2.87,0.74,0.6,1.72,0.0,0.12,0.0,1.51,0.0,1.21,1.26,1.3,0.39,0.0,0.55,0.44,0.0,1.0,1.0,0.0,1.0,0.0,0.0,0.0,1.0,0.0,1.0,1.0,1.0,0.0,0.0,1.0,0.0,0.0,0.0
vWMLmmhyBFQ,0.5,0.975,0.48,0.0,0.34,0.0,0.78,1.2,0.8250000000000001,0.625,0.19,0.175,0.9299999999999999,2.33,1.3199999999999998,0.28,0.75,0.255,0.15,1.0,0.5,0.5,0.5,0.5,0.5,1.0,0.5,0.0,0.0,0.5,1.0,1.0,1.0,0.5,0.5,1.0,0.5
vY45ASw41X8,0.0,0.875,2.0,0.0,0.5,1.82,1.37,2.61,0.0,0.81,1.22,0.63,1.64,0.6,1.62,0.01,0.0,0.0,0.0,1.0,1.0,1.0,0.0,1.0,1.0,0.0,0.0,0.0,0.0,1.0,0.0,1.0,0.0,0.0,0.0,1.0,0.0
vZMYvrUw8jc,0.0,0.0,0.28,0.0,0.0,0.1,0.59,1.53,0.31,0.35,0.78,1.05,0.38,0.0,1.37,0.0,0.24,0.0,0.0,1.0,1.0,0.0,0.0,1.0,1.0,0.0,1.0,1.0,1.0,1.0,0.0,1.0,0.0,1.0,0.0,0.0,0.0
vbCWfYUqZIg,0.0,0.975,0.84,0.0,0.88,0.13,1.81,1.75,0.01,1.79,2.22,2.0,0.0,0.0,0.0,0.28,2.24,0.35,0.0,1.0,0.0,1.0,0.0,1.0,1.0,1.0,1.0,1.0,1.0,0.0,0.0,0.0,0.0,1.0,0.0,0.0,0.0
ve-gGv0VjDM,0.5,0.47500000000000003,0.91,0.255,0.11,0.85,0.12000000000000001,0.48,0.405,0.865,0.195,1.335,0.37,0.685,0.185,0.51,0.23,1.095,0.0,0.5,1.0,0.5,1.0,0.0,0.5,0.0,0.0,0.0,1.0,1.0,0.0,0.5,0.5,0.0,0.0,0.0,0.0
vgHfpMFRDnA,0.0,0.975,0.11,0.0,0.0,0.0,1.93,2.53,0.35,0.62,2.3,0.0,0.31,0.0,0.26,0.31,2.24,0.12,0.44,0.0,0.0,0.0,0.0,1.0,1.0,1.0,1.0,1.0,0.0,1.0,0.0,0.0,1.0,1.0,1.0,0.0,1.0
vgPFgIilI9A,3.5,0.828125,0.34375,0.03375,0.11875000000000001,0.52625,0.30625,0.185,0.14875,0.15,0.28250000000000003,0.28625,0.2525,0.0,0.57125,0.155,0.07625,0.17125,0.22499999999999998,0.625,0.75,0.125,0.75,0.5,0.5,0.5,0.0,0.75,0.5,0.75,0.125,0.875,0.25,0.375,0.0,0.125,0.625
vge15YEaLbk,0.5,0.95,1.035,0.205,0.5800000000000001,0.0,0.78,0.935,0.165,0.385,0.37,0.36,0.53,0.0,0.025,0.175,0.725,0.04,0.095,1.0,0.0,0.5,0.0,1.0,0.5,0.5,0.5,0.5,0.5,1.0,0.0,0.5,0.5,1.0,1.0,0.5,1.0
vk7_uI-V_9I,0.5,0.925,1.005,1.15,1.625,0.34,1.395,0.15,0.515,1.6800000000000002,2.33,1.685,0.5449999999999999,1.2349999999999999,0.945,0.105,0.45999999999999996,1.245,0.915,0.5,0.5,0.5,0.0,0.5,0.0,0.5,0.5,0.5,0.5,0.0,1.0,0.5,0.0,0.0,0.5,0.0,1.0
vl0HKxs2Q6k,0.5,0.95,0.51,0.155,1.415,0.46499999999999997,1.17,1.165,1.08,2.35,1.03,1.555,0.77,1.825,0.105,0.62,0.30000000000000004,1.0899999999999999,0.07,0.5,0.5,0.5,0.0,0.5,0.5,0.5,1.0,0.0,1.0,0.5,1.0,0.5,0.5,0.0,0.0,0.5,0.0
vlXUmXkTaCs,0.0,0.925,0.27,0.0,0.0,0.06,0.34,0.51,0.07,0.89,1.58,1.33,0.0,0.0,0.0,0.0,2.49,0.07,0.0,1.0,1.0,0.0,1.0,0.0,0.0,1.0,1.0,1.0,1.0,0.0,0.0,0.0,0.0,1.0,0.0,0.0,0.0
voJl8cH8Zpo,0.5,0.4625,2.0,0.35,0.6200000000000001,0.14,0.69,0.63,0.6,0.885,0.545,1.45,0.215,0.485,1.175,0.27,0.635,0.05,0.26,1.0,1.0,0.0,0.0,0.5,0.0,0.5,0.5,0.5,1.0,1.0,1.0,0.5,0.5,0.5,0.0,0.5,0.0
volmZv1dva8,0.0,0.925,0.85,0.0,0.0,0.0,1.8,0.0,0.24,1.94,2.85,1.16,0.47,0.0,1.53,0.13,2.27,0.0,0.0,1.0,0.0,0.0,0.0,1.0,1.0,0.0,1.0,1.0,1.0,0.0,0.0,1.0,1.0,1.0,1.0,0.0,0.0
vpGYmk0kg1E,0.0,0.975,0.0,0.0,0.0,0.0,1.36,2.71,0.0,2.92,2.78,0.0,0.0,0.0,0.47,0.0,2.37,0.92,0.0,1.0,1.0,0.0,0.0,1.0,1.0,0.0,1.0,1.0,0.0,1.0,0.0,1.0,0.0,1.0,0.0,0.0,1.0
vrwkd3W1lD0,0.5,0.975,0.7949999999999999,0.15,1.23,0.085,0.235,0.63,0.25,1.225,0.0,0.0,0.91,2.25,0.035,0.025,0.0,0.14,0.17,1.0,0.0,0.5,0.0,0.0,0.0,0.0,0.5,0.0,0.0,0.5,1.0,0.0,0.5,0.0,0.5,1.0,0.0
vuQqCtkpOTc,0.0,0.975,2.21,1.52,0.0,0.58,0.48,0.14,0.0,0.63,1.17,0.91,0.71,1.9,0.03,0.0,0.0,0.98,0.46,1.0,1.0,0.0,1.0,1.0,0.0,0.0,1.0,0.0,1.0,1.0,1.0,0.0,0.0,0.0,1.0,1.0,0.0
vwmwPlFX3e0,2.0,0.39,0.584,0.0,0.21000000000000002,0.6559999999999999,0.6859999999999999,0.302,0.168,1.654,1.144,0.966,0.11200000000000002,0.098,0.404,0.316,0.8059999999999998,0.088,0.362,1.0,0.6,0.6,0.2,1.0,0.4,0.2,0.8,0.6,0.8,0.6,0.0,0.4,0.8,0.6,0.4,0.0,0.8
vwwKin-TBRk,0.5,0.5,0.7899999999999999,0.605,0.41,0.07,0.9600000000000001,1.4849999999999999,0.9950000000000001,0.565,0.3,0.0,0.265,0.39,0.205,0.235,0.0,0.0,0.87,0.5,1.0,0.5,0.0,0.5,1.0,0.5,0.0,0.0,0.0,1.0,0.5,1.0,0.0,0.0,0.0,0.5,0.5
vyezxhPOZsg,0.5,0.975,0.195,0.01,0.09,0.33,1.065,0.39,0.385,1.8050000000000002,1.9049999999999998,1.3900000000000001,0.0,0.085,0.125,0.01,1.51,0.375,0.0,0.5,0.5,0.5,0.5,0.5,0.5,0.5,1.0,1.0,1.0,0.5,0.0,0.0,0.5,1.0,1.0,0.5,0.0
vynTh30p49k,0.5,0.975,0.72,0.05,0.65,0.5,0.81,1.055,0.185,1.475,1.005,0.99,0.25,0.225,0.46,0.335,1.595,0.375,0.055,0.5,0.0,0.0,0.5,0.5,0.0,0.0,0.5,0.5,0.5,0.5,0.0,0.0,0.5,1.0,1.0,0.5,0.5
vzSmLYoOMc0,1.0,0.6583333333333333,1.3,0.09666666666666666,0.96,0.6,0.8666666666666667,0.5066666666666667,0.17,1.7466666666666668,0.9466666666666667,0.5566666666666666,0.58,0.7566666666666667,0.0,0.45999999999999996,0.3,0.043333333333333335,0.0,1.0,0.6666666666666666,0.6666666666666666,0.3333333333333333,0.3333333333333333,0.0,0.0,0.6666666666666666,0.3333333333333333,0.0,1.0,0.6666666666666666,0.0,0.6666666666666666,0.6666666666666666,0.0,0.6666666666666666,0.0
w-uejeoxpLg,0.0,0.975,2.41,1.72,0.0,1.95,0.0,0.0,0.0,0.79,0.54,1.22,0.56,0.0,1.61,0.0,0.89,0.29,0.0,1.0,1.0,0.0,1.0,0.0,0.0,0.0,1.0,0.0,1.0,1.0,0.0,1.0,0.0,1.0,1.0,0.0,0.0
w0J2LGBV6-I,0.5,0.0,0.68,0.0,0.825,0.9349999999999999,0.6799999999999999,0.93,0.845,0.465,1.2149999999999999,0.235,0.0,0.0,1.075,0.0,0.915,0.0,0.19,1.0,1.0,0.5,1.0,0.5,1.0,1.0,0.5,0.5,0.5,1.0,0.0,0.5,0.0,1.0,0.5,0.0,0.5
w3XLgvayYFs,0.5,0.925,0.96,0.585,0.15,1.22,1.06,2.1799999999999997,0.495,1.425,1.17,0.8500000000000001,0.42,0.0,0.26,0.31,1.475,0.905,0.0,1.0,1.0,0.0,0.5,0.5,1.0,0.5,1.0,0.5,1.0,0.5,0.0,1.0,0.5,1.0,0.5,0.5,0.0
w46Fslwmujo,0.0,0.975,1.63,0.94,0.71,0.0,1.43,2.49,1.31,1.32,0.78,1.31,0.0,0.82,0.0,0.54,0.4,0.7,0.62,1.0,0.0,0.0,0.0,1.0,1.0,1.0,1.0,0.0,1.0,1.0,1.0,0.0,1.0,0.0,1.0,1.0,1.0
w46Fslwmujo(1),0.0,0.975,1.63,0.94,0.71,0.0,1.43,2.49,1.31,1.32,0.78,1.31,0.0,0.82,0.0,0.54,0.4,0.7,0.62,1.0,0.0,0.0,0.0,1.0,1.0,1.0,1.0,0.0,1.0,1.0,1.0,0.0,1.0,0.0,1.0,1.0,1.0
w7W6NcwvFic,0.0,0.975,1.09,0.64,0.3,2.24,0.7,0.0,0.5,0.0,0.3,1.17,1.16,1.18,0.0,1.34,1.62,2.79,0.57,1.0,1.0,1.0,0.0,1.0,0.0,0.0,0.0,0.0,1.0,1.0,1.0,0.0,1.0,1.0,1.0,1.0,0.0
w8GdDhQDvsM,1.0,0.975,0.7833333333333333,0.7933333333333333,0.049999999999999996,0.77,0.5133333333333333,0.8066666666666666,0.41333333333333333,0.34,0.6466666666666666,0.25666666666666665,0.29333333333333333,0.12666666666666668,0.5666666666666667,0.0,1.08,0.39666666666666667,0.0,0.6666666666666666,0.3333333333333333,0.0,0.6666666666666666,0.3333333333333333,0.3333333333333333,0.3333333333333333,0.3333333333333333,0.3333333333333333,0.6666666666666666,0.3333333333333333,0.3333333333333333,0.6666666666666666,0.3333333333333333,1.0,0.6666666666666666,0.0,0.3333333333333333
wB-NrGhIW6s,0.5,0.95,0.325,0.0,0.7150000000000001,0.065,0.14500000000000002,1.33,0.325,0.3,0.0,0.365,0.695,1.165,0.34,0.33,0.255,0.32,0.465,0.5,0.0,0.5,1.0,0.0,1.0,0.0,0.0,0.0,0.0,0.5,0.5,0.0,0.5,0.5,1.0,1.0,1.0
wDqIA8MYXYI,1.0,0.65,0.29,0.0,0.3433333333333333,0.15666666666666665,1.5266666666666666,1.5433333333333332,0.5766666666666667,1.3433333333333335,1.4400000000000002,0.3766666666666667,0.45,0.21,0.08333333333333333,0.10666666666666667,1.3,0.8566666666666668,0.3466666666666667,0.6666666666666666,0.6666666666666666,0.0,0.0,0.6666666666666666,0.6666666666666666,0.6666666666666666,0.6666666666666666,1.0,0.6666666666666666,0.6666666666666666,0.3333333333333333,0.0,0.3333333333333333,0.6666666666666666,0.6666666666666666,0.0,0.6666666666666666
wFX5hVPDxg0,1.0,0.625,0.53,0.7133333333333334,0.37999999999999995,1.4866666666666666,0.4266666666666666,0.43,0.39666666666666667,0.7433333333333333,0.29333333333333333,0.6666666666666666,1.37,1.0533333333333335,0.06333333333333334,0.15,1.25,0.8633333333333333,0.58,1.0,0.6666666666666666,0.6666666666666666,0.3333333333333333,0.0,0.3333333333333333,0.3333333333333333,0.0,0.3333333333333333,0.0,0.3333333333333333,0.3333333333333333,0.3333333333333333,0.3333333333333333,0.3333333333333333,0.3333333333333333,0.3333333333333333,0.3333333333333333
wHGYz9tbcEw,0.0,0.975,0.29,0.0,1.07,0.3,1.93,0.39,1.25,4.59,2.62,1.71,0.54,0.0,0.1,0.0,3.06,0.57,0.0,1.0,0.0,0.0,0.0,1.0,1.0,1.0,1.0,1.0,1.0,1.0,0.0,0.0,0.0,1.0,1.0,0.0,0.0
wJ-wYa4aBgQ,0.5,0.975,0.835,0.0,0.015,0.8500000000000001,0.92,0.835,0.835,1.775,1.885,0.8700000000000001,0.175,0.0,0.17,0.0,1.115,0.0,0.0,0.5,0.0,0.0,0.5,0.5,0.0,0.5,1.0,1.0,1.0,1.0,0.5,0.0,0.0,0.5,0.5,0.5,0.0
wKlxcr-judM,0.0,0.975,2.42,2.89,0.0,1.8,1.37,2.01,0.0,0.91,0.83,0.21,0.86,0.37,0.73,0.61,0.8,1.32,0.07,1.0,1.0,0.0,1.0,1.0,0.0,0.0,1.0,0.0,1.0,1.0,0.0,1.0,1.0,0.0,1.0,1.0,0.0
wMRE70ewaRc,0.0,0.975,2.27,2.79,0.0,4.4,0.0,0.0,0.0,0.0,0.19,0.0,0.05,0.0,0.0,0.0,1.06,1.29,0.0,1.0,1.0,0.0,1.0,0.0,0.0,0.0,0.0,0.0,0.0,1.0,0.0,0.0,0.0,1.0,1.0,1.0,0.0
wMW_Uk9M5CY,1.5,0.975,0.6675,0.3875,0.675,0.3725,0.4575,0.76,0.125,0.905,0.6775,0.0475,0.135,0.0,0.01,0.0,1.6375000000000002,1.1975,0.6024999999999999,0.75,0.5,0.5,0.25,0.5,0.75,0.25,0.75,0.25,0.5,0.5,0.0,0.25,0.0,1.0,1.0,0.0,0.75
wNoxFXUQqWc,0.5,0.95,0.44,0.0,0.26,1.955,0.0,0.2,0.47500000000000003,0.335,0.175,0.0,0.0,0.0,0.0,0.0,0.24,0.485,0.0,0.0,1.0,1.0,0.5,0.0,0.5,0.5,0.0,0.0,0.0,0.0,0.0,0.0,0.0,0.0,0.0,0.5,0.0
wOI7I95Oxsg,0.5,0.975,0.125,0.08,0.0,0.41,0.0,0.2,0.0,0.0,0.0,0.0,0.12,0.0,0.04,0.01,0.0,0.11,0.0,1.0,0.5,0.5,1.0,0.0,0.5,0.0,0.0,0.0,0.5,0.5,0.0,0.0,0.0,0.0,0.5,0.5,0.5
wQlPhqtjSVg,1.5,0.73125,0.83,0.0575,0.09,0.7625,0.11250000000000002,0.21999999999999997,0.13,0.4575,0.1125,0.2825,0.415,0.145,0.965,0.1025,0.3225,0.075,0.45249999999999996,0.5,0.5,0.5,1.0,0.0,0.5,0.0,0.75,0.25,0.75,1.0,0.25,1.0,0.25,0.5,0.25,1.0,0.25
wTJoFjIF5pY,0.5,0.975,1.19,0.3,0.13,1.6800000000000002,0.845,0.79,0.58,0.12,0.91,0.0,1.38,0.0,0.0,0.48,1.505,0.0,0.0,1.0,1.0,0.5,1.0,0.5,0.0,0.5,0.5,0.5,0.0,0.5,0.0,0.0,1.0,0.5,0.0,0.5,0.0
wYK5yOptg9g,0.5,0.975,1.04,0.65,0.865,2.81,0.49,1.0499999999999998,0.22,0.205,0.9,0.385,0.48,0.0,0.5549999999999999,0.0,1.86,0.335,0.0,1.0,0.5,0.5,1.0,0.5,0.5,0.0,0.5,0.5,0.5,0.5,0.0,0.5,0.0,1.0,1.0,0.0,0.0
wa9nSRu9bA0,0.5,0.975,0.0,0.0,0.195,0.045,0.775,0.79,0.415,1.19,1.365,0.7949999999999999,0.11,0.0,0.24,0.0,1.14,0.56,0.0,1.0,0.5,0.5,0.5,1.0,1.0,0.5,1.0,1.0,1.0,0.5,0.0,0.5,0.0,1.0,1.0,0.0,0.5
whQvP6x2yMY,0.5,0.47500000000000003,0.67,0.0,0.0,1.55,1.285,1.885,0.535,1.015,1.02,0.965,0.925,0.46499999999999997,0.475,0.21000000000000002,0.9299999999999999,0.20500000000000002,0.0,0.0,0.5,0.0,0.5,0.5,0.5,0.0,0.5,0.5,0.5,0.5,0.0,0.5,1.0,0.5,0.0,0.5,0.0
wira2nf3DFo,0.5,0.975,0.0,0.0,0.525,0.66,1.41,1.37,0.6950000000000001,1.62,1.0,1.565,0.975,0.885,0.135,0.415,0.41500000000000004,1.045,0.0,0.0,0.0,0.5,0.0,1.0,0.5,1.0,1.0,0.5,1.0,1.0,1.0,0.5,0.5,0.0,0.5,0.0,0.0
wkBlLJhebX0,0.5,0.47500000000000003,2.5549999999999997,1.8299999999999998,0.08,2.7,0.0,0.425,0.065,0.175,0.26,0.0,0.29,0.79,0.175,0.0,0.075,0.0,0.585,1.0,1.0,0.0,1.0,0.0,0.0,0.0,0.0,0.0,0.0,0.5,0.5,0.5,0.0,0.5,0.5,1.0,0.5
wmCecoqwQXo,0.5,0.475,0.945,0.0,0.43000000000000005,0.595,0.89,1.29,0.59,1.02,1.19,0.79,1.335,0.405,0.24,0.015,0.91,2.495,0.3,1.0,1.0,0.5,0.0,1.0,0.5,0.5,0.5,0.5,0.5,0.5,0.5,0.5,0.0,0.5,0.0,0.5,0.5
wmSnxN-zQsw,0.0,0.975,1.98,3.0,0.0,4.02,0.0,0.0,0.0,0.0,0.0,0.0,1.08,0.58,0.0,0.0,0.0,0.0,0.0,1.0,1.0,0.0,1.0,0.0,0.0,0.0,0.0,0.0,0.0,1.0,0.0,0.0,0.0,1.0,0.0,1.0,0.0
wv0dKyMn3HA,0.0,0.875,1.79,1.48,0.0,0.98,0.0,0.0,0.0,1.85,0.0,0.0,1.43,1.18,0.98,0.17,1.36,0.14,0.0,1.0,1.0,0.0,1.0,0.0,1.0,0.0,1.0,0.0,0.0,1.0,1.0,1.0,1.0,1.0,0.0,0.0,0.0
wvo4y6_Hy34,0.5,0.925,0.795,0.89,0.45,0.0,0.575,0.94,0.1,1.15,1.305,1.8,0.04,0.0,0.4,0.0,1.85,1.285,0.63,1.0,0.5,1.0,0.0,0.0,1.0,0.0,1.0,1.0,1.0,0.0,0.0,0.5,0.0,1.0,0.5,0.0,0.5
wwhHD6xa70I,5.0,0.8363636363636363,0.7754545454545455,0.20636363636363636,0.3563636363636364,0.7690909090909092,0.32,0.28,0.08636363636363636,0.5627272727272727,0.5572727272727273,0.15545454545454546,0.28818181818181815,0.0,0.38818181818181824,0.06999999999999999,0.3972727272727273,0.24636363636363637,0.30454545454545456,0.8181818181818182,0.8181818181818182,0.45454545454545453,0.45454545454545453,0.36363636363636365,0.45454545454545453,0.09090909090909091,0.6363636363636364,0.7272727272727273,0.2727272727272727,0.36363636363636365,0.0,0.2727272727272727,0.18181818181818182,0.6363636363636364,0.2727272727272727,0.0,0.5454545454545454
x4DXHbnG8Sw,0.5,0.925,1.93,1.37,1.6,1.47,0.0,0.305,0.0,0.35,0.0,0.6900000000000001,0.495,1.025,0.065,0.17,0.085,0.81,0.0,1.0,1.0,0.5,0.5,0.0,0.5,0.0,0.0,0.0,0.5,1.0,1.0,0.0,0.5,0.5,0.5,0.5,0.0
x5BPfHKtH_Q,0.5,0.5750000000000001,0.855,0.0,1.405,0.8200000000000001,0.525,0.595,0.11,1.1099999999999999,0.635,1.1,0.485,1.06,1.9749999999999999,0.0,0.54,0.165,0.645,1.0,1.0,0.5,0.5,0.0,0.5,0.0,0.5,0.0,0.0,0.5,0.5,0.5,0.0,0.0,0.0,0.0,1.0
x7djETYCzu0,0.0,0.975,0.3,0.45,0.0,0.25,0.03,0.0,0.0,0.0,1.32,1.31,0.0,0.0,0.15,0.07,0.35,0.19,0.0,1.0,1.0,0.0,1.0,0.0,0.0,0.0,0.0,1.0,1.0,0.0,0.0,1.0,0.0,0.0,0.0,0.0,0.0
x94mHa0LeRs,3.0,0.975,0.3685714285714286,0.09571428571428572,0.038571428571428576,0.4842857142857143,0.2357142857142857,0.8185714285714285,0.09714285714285713,0.2857142857142857,0.36,0.37857142857142856,0.26857142857142857,0.0,0.3057142857142857,0.037142857142857144,0.25857142857142856,0.24714285714285714,0.31285714285714283,0.7142857142857143,0.7142857142857143,0.2857142857142857,0.5714285714285714,0.2857142857142857,0.5714285714285714,0.14285714285714285,0.2857142857142857,0.14285714285714285,0.42857142857142855,0.5714285714285714,0.2857142857142857,0.5714285714285714,0.14285714285714285,0.14285714285714285,0.14285714285714285,0.0,0.8571428571428571
x94mHa0LeRs(1),3.0,0.975,0.3685714285714286,0.09571428571428572,0.038571428571428576,0.4842857142857143,0.2357142857142857,0.8185714285714285,0.09714285714285713,0.2857142857142857,0.36,0.37857142857142856,0.26857142857142857,0.0,0.3057142857142857,0.037142857142857144,0.25857142857142856,0.24714285714285714,0.31285714285714283,0.7142857142857143,0.7142857142857143,0.2857142857142857,0.5714285714285714,0.2857142857142857,0.5714285714285714,0.14285714285714285,0.2857142857142857,0.14285714285714285,0.42857142857142855,0.5714285714285714,0.2857142857142857,0.5714285714285714,0.14285714285714285,0.14285714285714285,0.14285714285714285,0.0,0.8571428571428571
x9ONPpzEytw,0.0,0.975,1.15,1.38,0.0,0.51,0.93,0.43,0.0,1.03,2.39,1.8,0.0,0.35,0.07,0.2,0.86,0.35,0.0,1.0,1.0,0.0,1.0,1.0,0.0,0.0,1.0,1.0,1.0,0.0,0.0,0.0,0.0,0.0,0.0,0.0,0.0
xCc9yVq6Ag4,0.5,0.975,0.745,0.935,0.0,0.305,0.435,0.8,1.0,0.9750000000000001,0.4,0.615,1.1400000000000001,0.0,0.86,0.0,1.5150000000000001,1.01,0.125,1.0,1.0,0.0,0.5,0.5,0.0,0.5,1.0,0.5,1.0,1.0,0.0,0.5,0.0,1.0,0.5,0.0,0.0
xEC_W6DHRjk,0.0,0.975,0.51,0.0,0.04,0.0,2.29,3.04,0.73,1.16,1.97,0.0,0.0,0.0,0.18,0.0,2.62,1.13,0.0,1.0,0.0,0.0,0.0,1.0,1.0,0.0,1.0,1.0,1.0,1.0,0.0,1.0,0.0,1.0,1.0,0.0,0.0
xFsA-svlEUQ,0.5,0.975,0.715,0.235,0.885,1.02,1.2,1.23,0.8150000000000001,1.415,1.435,0.605,0.755,1.015,1.0550000000000002,0.165,2.0100000000000002,0.07,0.56,1.0,0.5,0.5,0.0,1.0,1.0,0.5,1.0,0.5,0.5,0.5,0.5,1.0,0.5,1.0,0.0,0.0,1.0
xHrqHulxK7c,0.5,0.7749999999999999,1.42,0.76,0.95,0.34,0.325,0.125,0.35000000000000003,1.1099999999999999,0.535,0.86,0.41000000000000003,0.67,0.215,0.105,0.505,1.505,0.0,1.0,1.0,0.5,0.0,0.0,0.0,0.5,0.5,0.0,0.5,0.0,0.5,0.5,0.0,0.5,1.0,0.5,0.5
xJqJLaox2Yw,0.0,0.975,0.0,0.0,1.17,0.0,2.55,3.53,0.72,1.63,2.43,1.06,0.0,0.0,0.0,0.0,2.41,0.04,0.86,0.0,0.0,1.0,0.0,1.0,1.0,1.0,1.0,1.0,0.0,0.0,0.0,0.0,0.0,1.0,1.0,0.0,1.0
xKOsZCpCVm4,1.0,0.2916666666666667,1.2033333333333334,0.0,0.6766666666666666,0.32666666666666666,0.3433333333333333,1.8466666666666667,0.7133333333333334,0.08333333333333333,0.056666666666666664,0.4166666666666667,0.30666666666666664,0.09000000000000001,0.01,0.26333333333333336,0.0,0.23666666666666666,0.18666666666666668,1.0,0.3333333333333333,1.0,0.0,0.3333333333333333,0.6666666666666666,0.3333333333333333,0.3333333333333333,0.3333333333333333,0.3333333333333333,0.3333333333333333,0.3333333333333333,1.0,0.6666666666666666,0.3333333333333333,0.0,0.3333333333333333,1.0
xLbvAdzxmhY,0.5,0.0,0.8300000000000001,0.0,0.0,0.835,0.44000000000000006,0.675,0.0,0.515,1.13,1.02,0.33999999999999997,0.3,0.0,0.14,0.5,0.595,0.0,1.0,0.5,0.5,0.5,0.5,0.5,0.0,1.0,1.0,1.0,1.0,0.5,0.5,1.0,0.5,0.0,0.0,0.0
xNhBvveK9rM,0.5,0.875,1.5,0.995,0.43,2.395,0.0,0.455,0.09,1.085,0.14,0.0,1.175,0.585,0.49,0.0,0.88,0.0,0.3,0.5,0.5,0.5,1.0,0.0,0.5,0.0,0.5,0.0,0.0,0.5,0.5,0.5,0.0,0.5,0.5,0.5,0.5
xPS2OWccG1g,2.0,0.945,1.216,0.986,0.54,0.974,0.044,0.8,0.22800000000000004,0.0,0.01,0.22599999999999998,0.884,0.23000000000000004,0.518,0.316,0.122,0.724,1.208,0.8,1.0,0.2,0.4,0.0,0.2,0.0,0.0,0.0,0.4,0.8,0.0,0.4,0.4,0.2,0.6,0.4,0.6
xPvDiUGi9lU,2.0,0.9550000000000001,0.6980000000000001,0.21400000000000002,0.13599999999999998,0.44800000000000006,0.808,1.1179999999999999,0.094,0.764,0.976,0.6679999999999999,0.178,0.186,0.42800000000000005,0.072,0.9259999999999999,0.304,0.22999999999999998,1.0,0.8,0.4,0.4,0.6,0.6,0.6,0.6,0.6,0.8,0.6,0.4,1.0,0.2,0.4,0.4,0.0,0.4
xSDlst1c67U,0.5,0.95,0.0,0.0,0.785,0.475,2.34,1.2650000000000001,0.325,2.5,2.355,1.925,0.22,0.0,0.475,0.0,1.7,0.0,1.305,1.0,0.0,1.0,0.0,1.0,1.0,0.5,1.0,1.0,1.0,0.0,0.0,0.0,0.0,1.0,0.5,0.0,1.0
xSq5MtZjG3c,1.0,0.975,0.9700000000000001,0.8166666666666668,0.0,0.7433333333333333,0.6466666666666666,0.16,0.04666666666666667,1.3333333333333333,0.7666666666666666,0.8366666666666666,0.11666666666666665,0.7266666666666667,0.11666666666666665,0.2866666666666667,0.29666666666666663,0.4633333333333334,0.0,1.0,1.0,0.0,0.6666666666666666,0.3333333333333333,1.0,0.3333333333333333,0.6666666666666666,0.6666666666666666,0.6666666666666666,0.6666666666666666,0.3333333333333333,0.6666666666666666,0.3333333333333333,0.3333333333333333,0.6666666666666666,0.3333333333333333,0.3333333333333333
xTZblAWYS4s,0.0,0.975,1.49,1.74,0.0,3.0,1.08,0.6,0.84,0.3,0.44,1.31,0.38,0.71,0.0,0.49,0.27,0.51,0.0,1.0,1.0,0.0,1.0,1.0,1.0,0.0,0.0,0.0,1.0,1.0,1.0,0.0,0.0,0.0,1.0,1.0,0.0
xUPYc411duE,5.5,0.8104166666666667,0.7866666666666666,0.115,0.17416666666666666,0.6866666666666666,0.21666666666666667,0.38916666666666666,0.18083333333333332,0.49,0.24666666666666667,0.11916666666666666,0.4116666666666667,0.1758333333333333,0.23750000000000002,0.04916666666666667,0.32749999999999996,1.0525,0.14250000000000002,0.9166666666666666,0.9166666666666666,0.6666666666666666,0.08333333333333333,0.16666666666666666,0.5833333333333334,0.08333333333333333,0.25,0.25,0.08333333333333333,0.75,0.08333333333333333,0.75,0.08333333333333333,0.25,0.4166666666666667,0.16666666666666666,0.5
xW4FXlf7JlQ,1.0,0.625,0.3866666666666667,0.0,0.07666666666666667,0.8599999999999999,0.7033333333333333,1.42,0.03666666666666667,0.41,1.2833333333333332,0.3466666666666667,0.3566666666666667,1.1966666666666668,0.22666666666666668,0.19666666666666666,0.7966666666666667,0.0,0.32,0.0,1.0,0.3333333333333333,0.6666666666666666,0.3333333333333333,0.3333333333333333,0.6666666666666666,0.6666666666666666,0.6666666666666666,0.3333333333333333,0.6666666666666666,0.3333333333333333,0.6666666666666666,0.3333333333333333,0.6666666666666666,0.0,0.3333333333333333,0.3333333333333333
xY6FZioxlgw,0.0,0.975,0.76,0.13,0.26,0.0,1.4,1.56,1.49,1.71,0.0,0.5,0.88,0.0,0.0,0.0,0.65,0.26,0.15,1.0,1.0,1.0,0.0,1.0,1.0,1.0,1.0,0.0,0.0,1.0,0.0,1.0,0.0,1.0,0.0,0.0,1.0
xYmlSjp22wo,1.0,0.9416666666666668,0.5733333333333334,0.0,0.73,1.75,0.3,1.8266666666666669,0.0,0.37666666666666665,0.07666666666666667,0.22666666666666666,0.7566666666666667,1.0733333333333335,0.43333333333333335,0.0,0.3733333333333333,1.43,0.0,0.6666666666666666,1.0,0.3333333333333333,0.3333333333333333,0.0,0.6666666666666666,0.0,0.3333333333333333,0.0,0.3333333333333333,0.6666666666666666,0.6666666666666666,0.0,0.0,0.0,0.0,0.6666666666666666,0.0
xZBccbBIV7U,0.0,0.975,1.77,1.78,0.0,1.8,0.0,0.0,0.0,0.0,0.0,0.0,0.94,0.0,0.7,0.0,0.0,0.0,0.0,1.0,1.0,0.0,1.0,0.0,0.0,0.0,0.0,0.0,0.0,1.0,0.0,1.0,0.0,0.0,0.0,0.0,0.0
xayG_VtzUIE,0.5,0.975,1.38,0.56,0.0,0.82,0.9,0.0,1.01,1.505,1.115,0.68,0.405,0.61,0.305,0.0,0.9650000000000001,0.38,0.0,0.5,1.0,0.0,0.5,0.5,0.5,0.5,1.0,0.5,0.5,0.5,0.5,0.5,0.0,0.5,0.5,0.0,0.0
xd-4sPjzFfI,0.0,0.975,1.93,0.0,0.0,0.0,1.61,1.44,0.26,1.94,2.44,0.99,0.0,1.02,1.06,0.0,1.07,0.0,0.0,1.0,0.0,0.0,0.0,1.0,1.0,1.0,1.0,1.0,0.0,1.0,1.0,1.0,0.0,1.0,0.0,1.0,0.0
xfV7AeFg90A,0.0,0.975,0.82,0.0,0.0,0.0,0.0,0.0,0.0,0.7,0.02,0.1,1.14,0.73,0.0,0.0,0.1,1.93,0.63,1.0,1.0,0.0,0.0,0.0,0.0,0.0,0.0,0.0,0.0,1.0,0.0,0.0,0.0,0.0,1.0,1.0,0.0
xfnxjGiz2Uo,4.0,0.9416666666666667,0.2233333333333333,0.1,0.3566666666666667,0.7711111111111111,0.7755555555555556,0.8333333333333334,0.42999999999999994,0.6022222222222222,0.8,0.6033333333333334,0.17888888888888888,0.2488888888888889,0.27222222222222225,0.14444444444444446,0.5788888888888889,0.42444444444444446,0.12222222222222223,0.4444444444444444,0.6666666666666666,0.3333333333333333,0.4444444444444444,0.5555555555555556,0.5555555555555556,0.5555555555555556,0.5555555555555556,0.6666666666666666,0.7777777777777778,0.4444444444444444,0.2222222222222222,0.5555555555555556,0.2222222222222222,0.4444444444444444,0.4444444444444444,0.0,0.3333333333333333
xg98i7oWINE,1.0,0.8583333333333334,0.45999999999999996,0.0,0.16666666666666666,1.3433333333333335,0.10666666666666667,0.25,0.11333333333333334,0.21666666666666667,0.0,0.01,0.4666666666666666,0.3633333333333333,0.7999999999999999,0.16,0.0,0.51,0.13,0.3333333333333333,0.6666666666666666,0.3333333333333333,0.6666666666666666,0.0,0.3333333333333333,0.0,0.3333333333333333,0.0,0.0,0.6666666666666666,0.3333333333333333,0.6666666666666666,0.3333333333333333,0.0,0.3333333333333333,0.0,0.6666666666666666
xiMoenxcnbU,0.5,0.95,0.455,1.0950000000000002,0.0,1.455,0.0,0.0,0.0,0.0,0.0,0.0,0.16,0.0,0.005,0.0,0.24,0.495,0.0,0.5,1.0,0.0,1.0,0.0,0.0,0.0,0.0,0.0,0.0,1.0,0.0,0.5,0.0,1.0,1.0,0.0,0.0
xid2dKmJKbU,0.0,0.975,0.74,0.0,0.21,0.0,0.92,1.07,0.0,1.43,0.48,2.44,1.04,1.13,0.0,0.84,0.21,0.0,0.0,1.0,0.0,0.0,1.0,1.0,1.0,0.0,1.0,1.0,1.0,1.0,1.0,1.0,0.0,0.0,0.0,0.0,0.0
xkO1xSutXmE,0.5,0.925,0.93,0.645,0.0,0.39,0.725,0.715,0.435,0.875,0.645,0.375,0.11,0.295,0.185,0.44,0.015,0.02,0.0,1.0,0.5,0.5,0.0,0.5,0.0,0.5,0.5,0.5,1.0,0.5,0.5,1.0,0.5,0.0,0.0,1.0,0.0
xmJ8TmUtpdg,1.0,0.6583333333333333,1.36,0.41333333333333333,0.0,1.9400000000000002,0.0,0.25333333333333335,0.14666666666666667,0.27666666666666667,0.4033333333333333,0.0,0.39666666666666667,0.0,0.0,0.17,0.5,0.0,0.0,1.0,1.0,0.3333333333333333,0.6666666666666666,0.0,0.0,0.0,0.3333333333333333,0.0,0.0,0.6666666666666666,0.0,0.3333333333333333,0.3333333333333333,0.6666666666666666,0.3333333333333333,0.3333333333333333,0.0
xon9s2T0Xxc,1.0,0.975,0.27666666666666667,0.0,0.32666666666666666,0.48,2.223333333333333,1.5666666666666667,0.53,1.6233333333333333,2.2466666666666666,0.9933333333333333,0.0,0.0,0.23666666666666666,0.0,1.5166666666666668,0.5166666666666667,0.17666666666666667,0.6666666666666666,0.3333333333333333,0.6666666666666666,0.0,1.0,1.0,0.6666666666666666,1.0,1.0,0.6666666666666666,0.0,0.0,0.6666666666666666,0.0,1.0,0.6666666666666666,0.6666666666666666,0.6666666666666666
xq6cedD4-eo,1.0,0.9249999999999999,0.7799999999999999,0.0,0.5599999999999999,0.9533333333333335,1.0433333333333332,0.94,0.01,1.1166666666666667,0.52,0.09000000000000001,0.18333333333333335,0.06333333333333334,0.39666666666666667,0.06666666666666667,0.8133333333333334,0.06,0.6866666666666666,0.3333333333333333,1.0,0.3333333333333333,0.3333333333333333,0.6666666666666666,0.0,0.3333333333333333,0.6666666666666666,0.6666666666666666,0.3333333333333333,0.3333333333333333,0.3333333333333333,0.0,0.3333333333333333,0.6666666666666666,0.0,0.3333333333333333,0.3333333333333333
xrKtvEh2wO8,0.5,0.975,0.415,0.135,0.38999999999999996,0.27999999999999997,0.31,0.02,0.055,0.15000000000000002,0.065,0.735,0.42,0.0,0.0,0.065,0.1,0.785,0.295,1.0,1.0,0.5,0.0,0.5,0.0,1.0,0.0,0.0,0.0,1.0,0.5,1.0,0.0,0.0,0.0,0.5,0.0
xryGmTIdfs0,0.5,0.975,0.32499999999999996,0.0,0.0,0.175,1.21,2.33,0.195,1.295,0.91,0.65,0.84,0.045,0.675,0.155,0.31,0.0,0.14,0.5,0.0,0.0,0.5,1.0,1.0,0.5,0.5,1.0,0.5,1.0,0.0,1.0,0.5,0.5,0.0,0.5,0.5
xyzndr2MA0w,1.0,0.975,0.31,0.0,0.3233333333333333,0.44333333333333336,0.4033333333333333,0.7133333333333334,0.0,0.24,0.9699999999999999,0.7233333333333333,0.20000000000000004,0.01,0.47333333333333333,0.0,0.4766666666666666,0.49,0.21,0.6666666666666666,0.0,0.3333333333333333,0.3333333333333333,0.6666666666666666,0.6666666666666666,0.0,0.6666666666666666,0.3333333333333333,0.6666666666666666,0.6666666666666666,0.0,0.6666666666666666,0.0,0.3333333333333333,0.6666666666666666,0.3333333333333333,0.6666666666666666
y-cb3qVBDb8,0.5,0.975,0.565,0.645,0.0,0.025,1.555,1.91,0.58,2.26,1.6700000000000002,1.4649999999999999,0.0,0.0,0.18,0.0,3.075,1.29,0.0,1.0,1.0,0.0,0.5,1.0,1.0,0.5,1.0,0.5,1.0,0.5,0.0,0.0,0.5,1.0,1.0,0.0,0.0
y0gG7Tc-wHw,0.0,0.975,1.33,2.39,0.0,0.75,2.14,2.51,0.46,1.84,3.29,1.74,0.0,0.0,0.53,0.0,4.49,0.61,0.29,1.0,1.0,0.0,1.0,1.0,0.0,0.0,1.0,1.0,1.0,0.0,0.0,0.0,0.0,1.0,1.0,0.0,0.0
y0i2HU4C3R0,1.0,0.9083333333333333,0.36000000000000004,0.0,0.26333333333333336,0.79,1.0366666666666666,1.1166666666666667,0.7366666666666667,0.7633333333333333,0.8166666666666668,0.4633333333333334,0.61,0.61,0.3566666666666667,0.18333333333333335,0.52,0.0,0.3566666666666667,0.3333333333333333,0.6666666666666666,0.6666666666666666,0.0,0.6666666666666666,0.6666666666666666,1.0,1.0,0.6666666666666666,1.0,0.3333333333333333,0.6666666666666666,0.3333333333333333,0.3333333333333333,0.6666666666666666,0.3333333333333333,0.0,0.6666666666666666
y3-6ivWqqr0,0.5,0.775,1.995,1.56,0.46,1.35,0.0,0.0,0.075,0.065,0.01,0.0,1.135,1.05,0.96,0.325,0.115,0.565,0.38,1.0,1.0,0.5,0.5,0.0,0.0,0.0,0.0,0.0,0.0,1.0,0.5,0.5,0.5,0.5,0.5,0.5,0.5
y6uJTEA_I6M,0.0,0.975,2.66,0.7,0.07,0.53,0.0,0.0,0.0,0.0,0.07,0.2,0.3,0.1,0.14,0.78,0.12,0.48,0.0,1.0,1.0,0.0,1.0,0.0,0.0,0.0,1.0,0.0,1.0,1.0,1.0,1.0,1.0,0.0,0.0,0.0,0.0
y6yrAADHdog,2.0,0.9349999999999999,0.388,0.0,1.12,0.332,2.384,1.754,0.6779999999999999,1.528,2.18,0.776,0.134,0.13799999999999998,0.30999999999999994,0.062,0.784,0.0,0.11200000000000002,0.6,0.2,0.4,0.2,0.8,1.0,0.8,0.8,0.8,0.6,0.4,0.0,0.6,0.2,0.8,0.0,0.2,0.2
y7DQc6s7LwA,0.5,0.925,1.1300000000000001,0.52,0.0,1.67,1.84,0.3,0.0,1.855,2.76,1.45,0.0,0.0,0.355,0.355,3.19,0.32,1.005,0.5,1.0,0.0,0.5,1.0,0.5,0.0,1.0,1.0,1.0,0.0,0.0,0.0,0.5,1.0,1.0,0.0,1.0
y7ECCYITe9U,0.5,0.95,0.5549999999999999,0.23,0.0,0.515,0.84,0.965,0.475,1.4049999999999998,2.1100000000000003,0.83,0.055,0.0,0.0,0.0,1.76,0.45499999999999996,0.14,1.0,0.0,0.0,0.5,0.5,0.5,0.5,1.0,1.0,1.0,0.0,0.0,0.0,0.0,1.0,1.0,0.0,0.5
y8txqt2exjQ,0.0,0.975,1.31,0.6,0.0,3.14,0.47,0.89,0.0,0.77,0.91,1.22,0.83,1.27,0.01,0.3,0.0,0.21,0.0,1.0,1.0,0.0,1.0,0.0,1.0,0.0,0.0,1.0,0.0,1.0,1.0,0.0,1.0,0.0,1.0,1.0,0.0
y9ApSkrvLKg,1.0,0.65,0.4266666666666667,0.19666666666666666,0.0,0.9266666666666666,1.2300000000000002,2.0100000000000002,0.44333333333333336,1.0966666666666667,1.5266666666666666,1.1333333333333333,0.24333333333333332,0.0,0.36666666666666664,0.03,2.3233333333333333,1.0933333333333333,0.0,0.6666666666666666,0.6666666666666666,0.0,0.3333333333333333,0.6666666666666666,0.6666666666666666,0.6666666666666666,0.6666666666666666,0.6666666666666666,1.0,0.0,0.0,0.6666666666666666,0.0,0.6666666666666666,0.6666666666666666,0.0,0.3333333333333333
y9iCFcSaD58,0.5,0.925,0.0,0.0,0.9,0.005,1.655,1.17,1.125,1.725,1.155,1.045,0.475,0.0,0.64,0.0,2.08,1.13,0.31,0.0,0.5,0.5,0.0,0.5,0.5,0.5,1.0,0.5,0.5,0.0,0.0,0.0,0.0,1.0,1.0,0.0,0.0
yBPYd8MUBqA,0.0,0.025,2.29,0.22,0.62,1.55,1.16,2.66,0.0,1.12,1.04,0.0,1.28,0.25,0.76,0.0,0.0,0.0,0.04,1.0,1.0,1.0,0.0,1.0,1.0,0.0,0.0,0.0,0.0,1.0,0.0,0.0,0.0,0.0,0.0,1.0,0.0
yBeRdhX1FMk,2.5,0.9416666666666668,0.28,0.01,0.07833333333333332,0.2583333333333333,0.6433333333333334,1.4000000000000001,0.6333333333333333,0.38833333333333336,1.415,0.8883333333333333,0.2816666666666667,0.405,0.44333333333333336,0.0,0.7600000000000001,0.38499999999999995,0.2733333333333334,0.3333333333333333,0.3333333333333333,0.0,0.3333333333333333,0.8333333333333334,0.8333333333333334,0.6666666666666666,0.6666666666666666,0.8333333333333334,0.8333333333333334,0.6666666666666666,0.16666666666666666,1.0,0.0,0.8333333333333334,0.3333333333333333,0.0,0.8333333333333334
yGULu6ml0mg,0.0,0.975,0.13,0.5,0.0,0.14,1.8,2.15,0.54,1.58,2.53,1.06,0.0,0.0,0.0,0.0,2.02,0.0,0.01,1.0,1.0,0.0,0.0,1.0,1.0,0.0,1.0,1.0,1.0,0.0,0.0,0.0,0.0,1.0,1.0,0.0,0.0
yLK-4bcZVtQ,1.0,0.8916666666666666,1.3233333333333333,0.0,0.5866666666666667,1.15,0.43,2.106666666666667,0.06666666666666667,0.48666666666666664,0.24333333333333332,0.4266666666666667,0.4066666666666667,0.26333333333333336,0.01,1.3166666666666667,0.4766666666666666,0.6233333333333334,0.3433333333333333,1.0,0.6666666666666666,0.6666666666666666,0.3333333333333333,0.6666666666666666,1.0,0.0,0.6666666666666666,0.0,1.0,1.0,0.3333333333333333,0.3333333333333333,0.6666666666666666,0.3333333333333333,0.6666666666666666,0.0,0.6666666666666666
yOw0sYXvbIc,0.0,0.975,0.0,0.0,0.0,0.0,1.88,2.4,0.4,2.12,2.61,0.96,0.44,0.0,0.74,0.06,2.52,1.29,0.0,0.0,0.0,0.0,0.0,1.0,1.0,1.0,1.0,1.0,1.0,1.0,0.0,1.0,1.0,1.0,1.0,0.0,0.0
yQX0pb0wbiI,0.0,0.975,0.97,0.78,0.0,0.0,1.08,1.59,0.0,0.9,1.96,1.01,0.0,0.24,0.0,0.21,0.25,0.04,0.65,1.0,1.0,0.0,0.0,1.0,1.0,0.0,1.0,1.0,1.0,0.0,0.0,0.0,0.0,0.0,0.0,0.0,1.0
yRD2VSyC9n4,0.0,0.975,0.0,0.0,0.0,0.0,1.37,1.79,0.97,0.69,2.56,0.26,0.39,0.0,0.29,0.0,2.66,0.0,0.17,1.0,1.0,0.0,0.0,1.0,1.0,1.0,1.0,1.0,1.0,1.0,0.0,0.0,0.0,1.0,0.0,0.0,0.0
yUfIdxgnUnM,4.0,0.9472222222222223,0.29888888888888887,0.18777777777777777,0.3344444444444445,0.7611111111111111,0.2111111111111111,0.022222222222222223,0.19,0.4666666666666667,0.4911111111111111,0.3933333333333333,0.63,0.12444444444444445,0.24444444444444446,0.06555555555555555,0.7255555555555556,0.3555555555555555,0.33111111111111113,0.6666666666666666,0.7777777777777778,0.3333333333333333,0.3333333333333333,0.2222222222222222,0.3333333333333333,0.6666666666666666,0.5555555555555556,0.5555555555555556,0.5555555555555556,0.6666666666666666,0.1111111111111111,0.3333333333333333,0.1111111111111111,0.6666666666666666,0.4444444444444444,0.0,0.6666666666666666
yWSK0yj7hw4,0.0,0.925,2.33,3.17,0.02,3.15,0.51,0.0,0.29,1.3,1.68,2.05,0.13,0.09,0.0,0.0,1.21,1.18,0.0,1.0,1.0,0.0,1.0,1.0,0.0,0.0,1.0,1.0,1.0,1.0,0.0,1.0,0.0,1.0,1.0,0.0,0.0
yWWj-45afQ8,0.5,0.975,0.07,0.0,0.0,0.025,1.825,0.88,0.22,2.04,2.245,0.655,0.14,0.0,0.0,0.0,1.9500000000000002,0.82,0.0,0.5,0.5,0.0,0.0,1.0,1.0,0.5,1.0,1.0,0.5,1.0,0.0,0.5,0.0,1.0,0.5,0.0,0.0
yY2sPSkzK4k,1.0,0.975,0.32,0.2833333333333333,0.22666666666666668,1.4466666666666665,1.6133333333333333,0.7566666666666667,0.7333333333333333,1.9666666666666666,2.29,1.14,0.4033333333333333,0.0,0.6633333333333333,0.0,2.8966666666666665,0.7566666666666667,0.0,1.0,0.3333333333333333,0.0,0.6666666666666666,1.0,0.6666666666666666,0.6666666666666666,1.0,1.0,0.6666666666666666,0.6666666666666666,0.0,0.6666666666666666,0.0,1.0,0.6666666666666666,0.0,0.0
yaTecmbw82Q,0.5,0.45,0.255,0.0,0.0,0.0,0.36,0.405,0.37,1.795,0.915,1.51,0.0,0.0,0.22,0.0,0.0,0.635,0.56,0.0,0.5,0.5,0.0,0.0,0.0,0.5,1.0,0.0,1.0,0.5,0.0,0.5,0.0,0.0,0.5,0.5,0.0
ydk4GIjo4cU,0.5,0.5,0.0,0.0,1.295,0.23,0.88,1.46,0.4,0.905,0.75,0.35,0.0,0.0,0.63,0.155,0.9,1.47,0.27,0.0,0.0,1.0,0.0,0.5,0.5,1.0,0.5,0.5,0.5,0.5,0.0,1.0,0.5,1.0,0.5,1.0,0.0
ye9AqyZ9B84,0.0,0.925,0.0,0.0,0.0,0.0,2.02,2.62,0.29,1.64,1.03,0.37,0.46,0.0,1.5,0.0,2.55,0.29,0.0,1.0,1.0,0.0,0.0,1.0,1.0,1.0,1.0,1.0,1.0,1.0,0.0,1.0,0.0,1.0,0.0,0.0,0.0
yjIldaM4C48,0.5,0.95,1.275,0.0,0.32,0.23,1.625,2.195,0.4,1.79,1.54,0.625,0.91,0.68,0.135,0.17,1.6549999999999998,0.3,0.15,0.5,0.5,0.0,0.0,1.0,0.5,0.5,1.0,1.0,0.5,1.0,0.5,0.0,0.5,1.0,1.0,0.5,1.0
ysLKE6PrK8k,0.0,0.975,0.81,0.46,0.0,0.0,1.17,1.31,0.0,1.26,2.02,1.07,0.0,0.08,0.0,0.08,0.15,0.0,0.57,1.0,1.0,0.0,0.0,1.0,1.0,0.0,1.0,1.0,1.0,0.0,0.0,0.0,0.0,0.0,0.0,0.0,1.0
ytqjKNY9kzY,0.5,0.925,0.685,0.375,0.0,1.195,0.145,1.13,0.29,0.945,1.01,0.25,1.09,0.76,0.0,2.275,0.82,0.33,0.0,1.0,0.5,0.0,0.5,0.5,0.5,0.0,0.5,0.5,0.5,0.5,0.5,0.5,0.5,0.5,0.5,0.5,0.0
yu0ln-ehXOw,0.5,0.4875,1.03,0.9,0.335,0.145,0.74,0.84,0.0,0.575,0.67,0.185,0.095,0.0,0.02,0.07,1.44,0.215,0.26,1.0,1.0,0.5,0.5,0.5,0.5,0.0,0.5,0.5,1.0,0.0,0.0,0.0,0.5,0.5,0.5,0.0,1.0
yv8Bi2xcSK4,1.5,0.975,0.345,0.0625,0.0,0.6625,0.195,0.2475,0.0,0.15,0.5225,0.27,0.30500000000000005,0.0,0.28500000000000003,0.045,0.67,0.042499999999999996,0.15000000000000002,0.5,0.25,0.0,0.75,0.25,0.0,0.5,0.5,0.75,0.25,0.75,0.0,0.25,0.5,0.75,0.25,0.0,0.75
yvX6GqOU9OI,0.5,0.925,0.49,0.0,0.04,0.525,1.88,1.855,0.0,1.585,2.8049999999999997,0.9,0.0,0.0,0.925,0.215,1.685,0.0,0.655,0.0,0.5,0.0,0.0,1.0,0.0,0.0,1.0,1.0,0.5,0.5,0.0,0.0,0.5,1.0,0.0,0.0,0.5
ywHn0gQQGgg,0.0,0.375,0.84,0.0,1.78,0.57,1.15,1.36,1.27,1.19,0.0,0.0,0.0,2.2,0.0,0.85,0.0,0.0,0.13,1.0,1.0,1.0,1.0,1.0,1.0,1.0,1.0,0.0,0.0,1.0,1.0,0.0,1.0,0.0,0.0,1.0,0.0
yxwM2RwbT0s,0.0,0.975,0.79,0.0,0.0,1.8,0.68,0.0,0.0,0.12,1.26,0.19,0.0,0.0,0.38,0.0,1.99,0.19,0.0,0.0,1.0,0.0,1.0,1.0,0.0,0.0,1.0,1.0,1.0,1.0,0.0,0.0,0.0,1.0,0.0,0.0,0.0
z-HStsCLZ9g,0.0,0.975,2.18,1.96,0.0,2.98,0.0,0.0,0.0,0.0,0.0,0.0,0.22,0.0,0.0,0.0,0.0,0.0,0.0,1.0,1.0,0.0,1.0,0.0,0.0,0.0,0.0,0.0,0.0,0.0,0.0,0.0,0.0,0.0,1.0,1.0,0.0
z71dKXpOaOs,0.0,0.975,0.0,0.31,0.15,3.16,0.45,0.0,0.0,0.0,0.0,0.47,0.16,0.0,0.0,0.0,0.0,0.15,0.0,0.0,1.0,1.0,1.0,0.0,0.0,0.0,0.0,0.0,1.0,0.0,0.0,0.0,0.0,0.0,0.0,0.0,0.0
z8A61wzZV20,0.0,0.925,1.7,0.56,0.0,1.19,0.91,0.0,0.03,0.52,0.72,0.91,1.62,1.46,0.59,0.0,0.0,0.0,0.0,1.0,1.0,0.0,1.0,0.0,1.0,0.0,1.0,0.0,1.0,1.0,1.0,1.0,0.0,0.0,0.0,0.0,0.0
z91GDl8-CgM,0.0,0.975,0.0,0.0,0.0,1.46,0.0,0.0,0.0,0.96,0.28,0.0,0.53,0.0,0.0,0.0,1.7,0.0,0.0,1.0,1.0,0.0,1.0,0.0,0.0,0.0,1.0,1.0,0.0,1.0,0.0,0.0,0.0,1.0,1.0,0.0,0.0
z9f12-_t544,3.0,0.5892857142857143,0.44428571428571434,0.002857142857142857,0.22428571428571425,0.2285714285714286,1.3414285714285714,1.7414285714285715,0.8785714285714287,0.8571428571428571,0.9485714285714285,0.8371428571428572,1.06,0.23428571428571426,0.3528571428571428,0.54,0.8857142857142858,0.6671428571428571,0.36714285714285716,0.5714285714285714,0.7142857142857143,0.14285714285714285,0.2857142857142857,0.7142857142857143,0.7142857142857143,0.42857142857142855,0.42857142857142855,0.42857142857142855,0.7142857142857143,0.2857142857142857,0.42857142857142855,0.5714285714285714,0.5714285714285714,0.7142857142857143,0.2857142857142857,0.2857142857142857,0.7142857142857143
zCgmAjnTu1o,1.5,0.4875,1.2675,0.5725,0.20750000000000002,0.9725,1.2125,0.9175,0.15,0.9,1.4125,1.19,0.165,0.1225,0.73,0.1125,1.5274999999999999,0.38499999999999995,0.27,0.75,1.0,0.25,0.5,0.5,0.25,0.0,0.75,0.75,0.75,1.0,0.0,1.0,0.25,0.75,0.75,0.0,0.25
zEEH4Q0D4LE,0.5,0.925,0.545,0.0,0.9099999999999999,0.63,0.035,1.79,0.405,0.57,0.425,0.675,1.07,1.225,0.7250000000000001,0.255,0.0,0.615,0.01,1.0,0.5,1.0,0.0,0.0,1.0,0.5,0.5,0.5,0.0,1.0,1.0,1.0,0.5,0.5,0.5,0.5,0.5
zHlIB6ypY3A,0.0,0.975,1.83,0.66,1.03,0.0,0.93,1.21,0.38,0.77,0.18,0.09,0.0,0.0,0.21,0.0,0.51,0.0,0.0,1.0,1.0,1.0,0.0,1.0,1.0,0.0,0.0,0.0,1.0,1.0,0.0,1.0,0.0,0.0,0.0,0.0,1.0
zJaj2kaCd74,0.5,0.975,0.195,0.25,0.735,0.0,1.815,1.865,0.195,1.2049999999999998,2.335,1.51,0.17,0.37,0.0,0.28,0.91,0.0,0.51,0.0,0.0,0.5,0.0,1.0,1.0,0.0,0.5,1.0,1.0,0.5,0.5,0.0,0.5,0.5,0.0,0.0,0.0
zOULceGOeSc,0.0,0.975,0.0,0.0,1.68,1.41,1.69,1.33,0.0,1.73,3.05,1.86,0.0,0.0,0.0,0.05,1.29,0.0,0.0,0.0,0.0,1.0,1.0,1.0,1.0,0.0,1.0,1.0,1.0,0.0,0.0,0.0,0.0,1.0,0.0,0.0,0.0
zOk103o-LDg,0.5,0.975,0.065,0.225,0.0,0.72,1.24,2.255,1.575,0.8300000000000001,0.16,0.255,0.605,0.245,0.35,0.0,0.745,0.265,0.0,0.5,0.5,0.0,0.5,0.5,0.5,0.5,0.5,0.0,0.5,1.0,0.5,0.5,0.0,0.5,0.5,0.0,0.0
zPZjoBJikro,0.0,0.975,1.63,0.0,0.35,0.16,0.0,0.0,0.0,0.06,0.0,0.0,0.69,0.0,0.0,0.0,0.29,0.0,0.0,1.0,1.0,1.0,0.0,0.0,0.0,0.0,0.0,0.0,0.0,1.0,0.0,0.0,0.0,0.0,0.0,0.0,0.0
zSSGBbOkxUM,1.5,0.46875,0.1025,0.215,0.0825,0.1275,0.5800000000000001,0.22749999999999998,0.29500000000000004,0.85,0.78,0.7025,0.41000000000000003,0.3375,0.5549999999999999,0.0,0.6125,0.44499999999999995,0.0275,0.5,1.0,0.0,0.25,0.25,0.25,0.75,0.75,0.5,0.75,0.75,0.25,0.5,0.0,0.5,0.25,0.25,0.0
zTCNb5qPw3A,0.5,0.5,0.325,0.175,0.205,0.0,1.015,1.15,0.295,1.27,1.685,1.3599999999999999,0.305,0.26,0.0,0.84,2.115,1.115,0.0,0.5,1.0,0.5,0.0,0.5,0.5,1.0,0.5,0.5,1.0,0.5,0.5,0.0,0.5,0.5,1.0,0.0,0.5
zTcCSyucYqI,0.0,0.975,0.0,0.0,0.0,0.0,0.0,0.0,0.0,0.44,1.13,1.69,0.0,0.88,0.0,0.1,1.11,0.15,0.0,0.0,1.0,0.0,1.0,1.0,0.0,0.0,1.0,1.0,1.0,0.0,1.0,0.0,0.0,1.0,0.0,0.0,0.0
zVarrDvOmIc,1.0,0.30833333333333335,0.06,0.0,0.26666666666666666,0.0,0.49333333333333335,1.4633333333333336,0.15666666666666665,0.07666666666666667,0.6833333333333335,0.24333333333333332,0.0,0.0,0.06999999999999999,0.0,0.39999999999999997,0.36000000000000004,0.5499999999999999,1.0,0.3333333333333333,0.0,0.0,0.6666666666666666,1.0,0.3333333333333333,0.3333333333333333,1.0,0.6666666666666666,0.6666666666666666,0.0,1.0,0.0,1.0,0.6666666666666666,0.0,1.0
zWexXpego-o,0.5,0.975,0.815,0.085,0.0,0.225,0.995,0.195,0.165,1.8699999999999999,1.8800000000000001,1.1600000000000001,0.02,0.425,0.615,0.0,1.01,0.0,0.0,0.5,0.5,0.0,1.0,0.5,0.0,0.5,1.0,0.5,1.0,0.5,0.5,1.0,0.0,0.5,0.5,0.5,0.0
zedJAOBgHMw,1.0,0.9416666666666668,1.7733333333333334,2.9566666666666666,0.0,2.763333333333333,0.30333333333333334,0.0,0.0,0.049999999999999996,1.1033333333333333,0.0,0.5666666666666667,0.11333333333333334,0.32666666666666666,0.15333333333333335,0.8733333333333334,0.49666666666666665,0.0,1.0,1.0,0.0,1.0,0.6666666666666666,0.0,0.0,0.0,1.0,0.0,0.3333333333333333,0.3333333333333333,0.3333333333333333,0.3333333333333333,0.6666666666666666,0.6666666666666666,0.6666666666666666,0.0
zem70-C1JaI,0.5,0.975,0.32,0.225,0.0,0.515,1.335,0.72,0.0,1.6500000000000001,1.96,0.925,0.06999999999999999,0.0,0.775,0.0,1.565,0.36,0.0,0.5,0.5,0.0,0.5,1.0,0.5,0.0,1.0,1.0,1.0,0.0,0.0,0.5,0.5,1.0,0.5,0.0,0.5
zgorXUEC_dk,0.5,0.95,0.46,0.0,0.305,0.425,0.69,1.46,0.015,0.96,0.215,0.22,0.53,0.0,0.555,0.0,0.955,0.395,0.0,0.5,1.0,0.5,0.0,0.0,0.0,0.0,0.5,0.0,0.5,0.5,0.0,0.5,0.0,1.0,0.5,0.5,0.5
zhTGl8I3Z7Y,0.5,0.47500000000000003,0.74,0.18,0.7949999999999999,1.17,0.0,0.0,0.3,0.0,0.455,1.26,0.12000000000000001,0.085,0.0,0.09,0.045,0.525,0.955,0.0,1.0,0.5,0.5,0.0,0.0,0.5,0.0,0.0,1.0,0.0,0.0,0.5,0.5,0.0,0.5,0.5,0.5
zjJOawV31lo,0.0,0.875,0.17,0.0,0.71,0.0,1.49,0.0,0.32,1.36,0.93,0.0,0.79,0.0,0.44,0.0,0.0,0.0,0.0,0.0,1.0,0.0,0.0,1.0,0.0,0.0,1.0,1.0,0.0,1.0,0.0,1.0,0.0,1.0,0.0,0.0,0.0
zjLcCRtS-Vc,0.0,0.875,2.77,0.0,2.72,0.62,1.02,3.58,2.57,2.66,0.0,0.0,5.0,1.15,0.0,5.0,0.56,0.0,1.69,1.0,0.0,1.0,0.0,1.0,1.0,1.0,0.0,0.0,1.0,1.0,1.0,0.0,1.0,0.0,0.0,1.0,1.0
zl071FhqyJI,0.5,0.4375,0.325,0.0,0.04,0.775,0.11,0.0,0.0,0.595,0.285,0.0,0.0,0.0,1.445,0.03,0.505,0.0,0.5,0.5,1.0,0.0,0.5,0.0,0.5,0.0,0.5,0.5,0.5,0.5,0.0,0.5,0.0,0.5,0.0,0.0,0.5
zlnkzcqwe3E,0.0,0.975,0.0,0.0,0.08,0.0,2.43,3.78,0.21,1.68,3.16,0.76,0.0,0.0,0.63,0.55,2.71,0.32,0.2,0.0,0.0,0.0,0.0,1.0,1.0,1.0,1.0,1.0,1.0,0.0,0.0,0.0,0.0,1.0,1.0,0.0,0.0
zm_8N4vFnZw,2.0,0.755,0.636,0.05600000000000001,0.8099999999999999,0.51,0.41200000000000003,0.61,0.20600000000000002,0.554,0.422,0.8640000000000001,0.286,0.15,0.506,0.0,0.10200000000000001,0.122,0.24,0.6,0.8,0.8,0.4,0.4,0.4,0.0,0.2,0.2,0.8,0.6,0.4,0.8,0.0,0.2,0.0,0.2,0.4
zpT46etTP6E,1.0,0.8083333333333332,1.8966666666666665,0.25666666666666665,1.7,1.1199999999999999,0.06999999999999999,0.16,0.0,0.7333333333333334,0.07666666666666666,0.4366666666666667,0.7766666666666667,0.8799999999999999,0.32,0.0,0.42333333333333334,0.8266666666666667,0.06666666666666667,1.0,1.0,1.0,1.0,0.0,0.0,0.0,0.0,0.0,0.3333333333333333,1.0,0.6666666666666666,0.3333333333333333,0.0,0.3333333333333333,0.3333333333333333,0.6666666666666666,0.3333333333333333
zrUXJ9Ul4ak,0.0,0.975,0.9,0.0,0.89,0.8,3.01,3.28,1.44,1.91,2.58,0.88,0.02,0.0,0.0,0.01,2.5,2.07,0.0,1.0,0.0,0.0,0.0,1.0,1.0,0.0,1.0,1.0,1.0,1.0,0.0,0.0,1.0,1.0,1.0,0.0,0.0
zud0s365CNY,0.0,0.975,0.0,0.5,0.0,1.39,0.18,0.14,0.82,1.72,0.0,0.29,1.44,2.3,0.0,0.09,0.0,0.0,0.0,0.0,1.0,0.0,1.0,1.0,1.0,0.0,1.0,0.0,0.0,1.0,1.0,0.0,1.0,0.0,1.0,1.0,0.0
zurBNvmMQ2Y,0.0,0.975,0.36,0.0,0.0,0.24,1.13,2.07,0.48,1.75,1.38,1.1,0.0,0.0,0.0,0.95,1.99,2.69,0.0,1.0,0.0,1.0,0.0,1.0,1.0,1.0,1.0,1.0,1.0,1.0,0.0,0.0,1.0,1.0,1.0,0.0,0.0
zwOJjQuL4i4,0.0,0.975,0.19,0.22,0.0,0.0,0.38,1.36,0.09,0.0,0.87,0.0,0.0,0.0,0.0,0.0,1.36,0.45,0.28,1.0,1.0,0.0,0.0,1.0,1.0,1.0,1.0,1.0,1.0,0.0,0.0,0.0,0.0,1.0,0.0,0.0,1.0
zx-bATPSFaM,1.0,0.9583333333333334,1.2733333333333332,0.7866666666666667,0.9933333333333333,0.0,0.52,0.5066666666666667,0.41,0.7533333333333334,1.1166666666666667,0.91,0.22666666666666668,0.18000000000000002,0.3333333333333333,0.36333333333333334,0.7466666666666667,0.11333333333333334,1.2466666666666666,0.6666666666666666,0.6666666666666666,0.3333333333333333,0.3333333333333333,0.6666666666666666,0.3333333333333333,0.0,0.3333333333333333,0.6666666666666666,0.6666666666666666,1.0,0.3333333333333333,0.3333333333333333,0.3333333333333333,0.0,0.6666666666666666,0.3333333333333333,0.6666666666666666
