Video_ID,AU01_r,AU02_r,AU04_r,AU05_r,AU06_r,AU07_r,AU09_r,AU10_r,AU12_r,AU14_r,AU15_r,AU17_r,AU20_r,AU23_r,AU25_r,AU26_r,AU45_r,cluster,View Count,Like Count,Comment Count
--8n6A8Q6M0,1.08,0.0,0.0,1.87,1.22,1.77,1.11,1.67,1.22,0.56,0.0,0.0,0.29,0.0,2.34,0.88,0.02,0,338385,11044,1371
-0FfyNZdHk0,0.055,0.0,0.0,0.92,1.34,0.755,0.88,1.325,1.25,1.085,1.825,1.52,0.96,0.605,0.895,0.21,0.19,1,147,4,1
-1B7cVoZr1c,0.875,0.0,0.7050000000000001,0.515,0.425,0.935,0.17,0.375,0.76,1.465,0.2,1.005,0.0,0.5,0.22,0.66,0.25,1,150876,3011,225
-4yu_13EHFM,0.92,0.17,0.0,0.01,0.16,0.64,0.74,0.0,0.0,0.0,0.26,0.0,0.0,0.0,1.25,0.68,0.0,1,28277,1158,381
-6FvAU9H98w,2.77,1.9,0.0,0.89,1.57,0.66,0.0,0.7,1.97,0.73,0.0,0.0,0.87,0.0,2.59,1.01,0.0,2,63409,1277,110
-7vF5F-1btE,0.27,0.0,0.59,0.3666666666666667,1.0783333333333334,1.025,0.6033333333333334,0.855,1.3,1.1183333333333334,0.2233333333333333,0.1383333333333333,0.4066666666666667,0.0816666666666666,0.8866666666666667,0.1433333333333333,0.0833333333333333,0,87790,4502,177
-9ACKA4sQ4U,1.315,0.34,0.0,0.39,0.27,0.325,0.265,0.5499999999999999,0.515,0.04,0.71,0.085,0.0,0.0,0.0,0.155,0.0,1,162,0,0
-9hDaG3nJwg,0.04,0.25,0.33,0.0,0.44,2.3,1.28,1.09,0.0,0.35,2.29,2.37,0.0,1.01,0.0,0.0,0.5,1,760108,33245,1568
-U5-r29G-t0,0.27,0.335,0.0,0.26,1.495,0.705,0.095,1.685,2.375,1.47,0.025,0.34,0.0,0.21,1.71,1.38,0.0,0,13852,493,66
008Fi25LbKY,0.0,0.0,0.51,0.56,2.165,3.095,0.41,2.585,2.04,1.0,0.725,0.38,0.0,0.0,1.9,0.55,0.115,0,38308,2288,204
00qBuhJeG-o,0.665,0.21,0.71,0.35,0.0,0.0,0.0,0.345,0.175,0.18,0.635,1.4700000000000002,0.225,0.0,0.0,1.385,0.435,1,36151,0,74
01CgNpWKero,1.3333333333333333,1.9633333333333336,0.1466666666666666,2.5500000000000003,0.5766666666666667,0.6733333333333333,0.5033333333333333,0.2466666666666666,0.8766666666666666,0.4966666666666666,0.08,0.0366666666666666,0.0,0.15,1.08,0.9666666666666668,0.1033333333333333,2,7772,258,26
026urE67c8c,1.89,0.66,0.01,0.32,1.91,2.36,0.0,2.24,1.8,0.0,0.0,0.0,0.0,0.0,2.32,0.0,0.05,0,111948,3939,497
06YeEjVLC0E,0.195,0.01,0.0,0.66,0.92,1.63,0.055,1.21,1.955,1.19,0.2,0.195,0.0,0.225,1.41,0.835,0.0,0,6830,461,184
06hhcGs3J88,0.905,0.6483333333333333,0.0,0.5416666666666666,0.205,0.6566666666666666,0.17,0.185,0.595,0.21,0.165,0.03,0.0,0.0,0.7316666666666668,0.1183333333333333,0.0,1,93184,3618,245
09HUMZrCH3A,0.71,0.045,0.64,0.46,0.255,0.4,0.28,0.165,1.14,0.085,0.025,0.0,0.05,0.155,0.35,0.0,0.0,1,717197,28185,1575
0AuL6FQR3HE,1.6150000000000002,0.0,1.745,2.245,0.28,0.05,0.17,2.075,0.475,0.51,1.035,1.145,0.0,0.525,0.555,0.0,0.55,1,13931,414,62
0Cj35oMbb9Q,0.6575,0.03,0.1975,0.5025000000000001,1.03,1.07,0.1975,0.9775,0.9325,0.6849999999999999,0.155,0.0,0.1125,0.05,1.4875,1.0499999999999998,0.1275,1,424254,7287,770
0E4c8VDmUTk,0.84,0.055,0.0,0.97,0.54,0.945,0.025,0.295,0.0,0.0,2.265,0.24,0.57,0.25,0.48,0.235,0.0,1,93762,3137,256
0ENcrVkHwBY,1.215,0.18,0.755,0.175,0.91,0.29,0.25,1.075,0.85,1.45,0.74,1.3250000000000002,1.01,0.14,0.155,1.105,0.085,1,46480,1778,192
0GVD-9hxk_s,0.9933333333333332,0.8466666666666667,0.5033333333333333,1.5366666666666668,0.69,0.6699999999999999,0.4466666666666667,0.92,1.0533333333333332,0.9,0.3633333333333333,0.0,0.41,0.0,1.14,0.0,0.0566666666666666,1,239,32,0
0IJm5TFpldU,0.1333333333333333,0.0,0.2933333333333333,0.0,1.45,0.6666666666666666,1.0066666666666666,1.72,1.356666666666667,1.2433333333333334,0.1633333333333333,0.0,0.31,0.0,1.0133333333333334,0.4666666666666667,0.0,0,6334,583,52
0IMWasj76yU,0.13,0.0,0.08,0.81,0.9,1.59,1.38,1.03,0.0,0.46,1.38,0.83,0.0,0.0,0.08,0.28,0.1,1,959,31,1
0KOXxVJx0sk,0.49,0.0,0.0466666666666666,0.0,1.4733333333333334,0.85,0.7799999999999999,1.26,0.8966666666666666,1.9266666666666667,0.25,1.21,1.903333333333333,0.4133333333333333,0.4033333333333333,1.3833333333333335,0.0866666666666666,0,1683,80,19
0Mnau-zACiE,0.3525,0.0325,0.0,0.7550000000000001,0.5375,0.45,0.2325,1.54,1.0,0.6025,0.7475,0.6174999999999999,0.0725,0.0,0.8825,0.755,0.0,1,773859,20105,2463
0O2i843tdU4,1.7075,0.4374999999999999,0.7975,1.4975,0.1325,0.0,0.1775,0.8225,0.175,0.5275000000000001,0.3575,1.115,0.14,0.125,0.54,0.885,0.085,1,1419681,29189,4343
0Qr12Zerphs,0.41,0.435,0.0,0.7125,0.64,1.735,0.12,0.6000000000000001,0.4649999999999999,0.2375,0.6375,0.645,0.5349999999999999,0.1825,0.9425,0.6950000000000001,0.32,1,21975,527,32
0Rge7nN8wss,1.9825,0.6225,0.185,2.075,0.1125,0.1475,0.0525,0.1075,0.57,0.51,0.1725,0.05,0.7425,0.0,0.285,0.2425,0.0,2,140,95,0
0SlWsnwIWN4,0.95,0.2,1.41,0.39,1.57,0.74,1.13,0.23,0.0,0.31,1.09,1.11,0.0,0.0,2.01,0.5,0.0,1,8949,173,51
0UDH4y28YVQ,0.34,0.0,0.0,0.0,2.2,0.56,0.97,2.39,2.59,2.08,0.0,0.0,0.0,0.0,1.94,0.82,0.0,0,3674,184,53
0UFz5YQk8o0,0.835,0.6,0.575,0.655,0.12,0.305,0.16,1.155,0.12,1.065,0.17,1.005,0.0,0.54,0.155,0.12,0.4,1,4858,201,19
0_6HMZjStiQ,1.4266666666666667,0.6066666666666667,0.6933333333333334,0.6233333333333333,1.0933333333333335,1.65,0.0,0.8733333333333332,1.29,0.18,0.0033333333333333,0.0133333333333333,0.4733333333333333,0.0766666666666666,0.9666666666666668,0.2966666666666667,0.0,1,44376,2116,245
0_pTnqziRqo,1.0066666666666666,0.1066666666666666,0.3433333333333333,0.7166666666666667,0.62,0.1433333333333333,0.5166666666666666,0.9966666666666668,0.8133333333333334,1.1900000000000002,0.4433333333333333,0.1566666666666666,0.0999999999999999,0.04,1.28,0.36,0.2166666666666666,1,247720,10465,561
0ax6XooGykc,1.37,0.05,1.32,1.2,1.1,0.0,0.0,1.88,2.52,2.35,0.0,0.0,0.7,0.0,1.98,0.0,1.23,0,21561,473,67
0e2__WsRZdg,0.754,0.768,0.412,2.158,0.538,0.6599999999999999,0.1399999999999999,0.712,0.944,0.526,0.198,0.112,0.622,0.0579999999999999,1.814,1.036,0.372,2,159732,3519,80
0eTmLcoLe9s,0.69,0.0,0.474,0.436,0.8019999999999999,1.216,0.532,0.33,1.1960000000000002,0.432,0.2299999999999999,0.0,0.4019999999999999,0.008,0.726,0.2659999999999999,0.08,1,11391,251,41
0hjnu1Hjbo4,0.0,0.0,0.015,0.0,0.545,0.0,0.815,0.16,0.6,2.15,0.95,1.375,0.74,0.33,0.215,1.265,0.0,1,83254,3719,310
0i_ZIWC0c1M,0.7799999999999999,0.15,0.98,0.0,1.3333333333333333,0.8400000000000002,0.9466666666666668,1.1133333333333333,0.5533333333333333,0.4433333333333333,0.5466666666666666,0.6466666666666666,0.2533333333333333,0.0,0.3066666666666666,0.6333333333333333,0.3333333333333333,1,962200,22279,1729
0icIUe7SCcQ,1.17,0.0,0.165,1.62,0.335,0.12,0.065,0.46,0.565,0.425,0.31,0.0,0.56,0.0,0.535,0.0,0.235,1,384,36,45
0mDJwB6DLvg,0.64,0.0,0.0,0.74,0.0,0.0,0.79,1.68,0.63,0.48,0.75,0.0,0.0,0.0,2.32,1.37,0.0,1,475,5,3
0nRXbv67-4M,0.73,0.0,0.1,0.0,0.7,0.17,0.0,1.38,0.8,0.0,0.0,0.0,0.35,0.0,3.35,0.09,1.09,0,215273,11612,1443
0nVPBJnjzeI,0.6733333333333333,0.0066666666666666,0.3566666666666666,0.2966666666666667,0.1566666666666666,0.0666666666666666,0.2166666666666666,0.7466666666666667,0.3366666666666666,0.0,0.0333333333333333,0.0,0.0033333333333333,0.0,1.1733333333333331,1.1833333333333331,0.0333333333333333,1,135614,9096,323
0o5lQ6LZ4rI,0.98,0.605,0.0,0.915,0.1,0.705,0.045,0.565,0.385,0.0,0.87,0.0,0.0,0.0,1.125,0.495,0.0,1,101413,5027,202
0qIhFhM6eKw,0.79,0.36,0.0,0.88,0.4,0.19,0.08,2.24,0.86,0.8,0.25,0.91,0.0,0.29,0.05,1.3,0.0,1,11350,528,106
0r-T21BKkMk,0.3175,0.8975000000000001,0.0,1.645,0.1325,0.06,0.1475,0.0675,0.21,0.0,0.415,0.4575,0.725,0.0,0.985,0.8075,0.0,1,627984,17417,798
0r3rU0ipuiQ,0.7983333333333333,0.135,0.735,0.535,1.1583333333333334,1.015,0.3416666666666667,0.9416666666666668,0.8266666666666667,1.03,0.3366666666666666,0.065,0.4383333333333333,0.12,0.7116666666666668,0.505,0.2883333333333334,1,64496,2223,112
0uJu9JkxNwI,0.0,0.0,0.0,0.0,1.28,2.48,0.0,2.67,2.63,0.27,0.0,0.0,0.33,0.0,2.33,0.73,0.0,0,7106,99,22
0yqdgfLWhpM,0.4825,0.0,0.1925,0.9825,0.615,1.325,0.0875,0.505,0.2274999999999999,0.2425,0.0875,0.0275,1.0875,0.325,0.9675,0.0,0.185,1,24235,1089,228
0z_UIEHwskI,1.085714285714286,0.3185714285714285,0.3057142857142857,0.4728571428571428,1.1085714285714283,1.717142857142857,0.4914285714285714,0.8171428571428573,0.687142857142857,0.2457142857142857,0.3928571428571428,0.2557142857142857,0.1514285714285714,0.1071428571428571,1.48,1.3714285714285714,0.3814285714285714,1,936507,29805,4318
0zkiGw4F5Pw,0.0,0.0,0.495,0.495,0.505,0.985,0.105,0.865,1.625,0.625,0.0,0.0,0.305,0.055,1.41,0.495,0.675,1,186756,9030,513
0zyiBgLpoeE,0.88,0.255,0.16,0.3875,1.9025,2.1375,1.305,1.7025,2.0425,1.285,0.0575,0.1525,0.3075,0.0425,1.67,0.5499999999999999,0.81,0,73796,4361,307
1-4pxMY9rq8,0.72,0.14,0.0,0.0,0.0,0.61,0.0,0.0,0.32,0.61,0.02,0.16,0.0,0.0,0.33,0.0,0.0,1,1419753,10231,2331
1-b2aT0of_Y,0.0,0.0,0.73,0.035,0.68,2.02,0.78,0.085,0.325,0.535,0.07,0.005,0.015,0.0,0.315,0.915,0.59,1,946226,22996,3730
1-m9KLTaeaI,0.6,0.125,0.0,0.315,1.365,0.99,0.7350000000000001,1.385,1.03,1.27,0.585,0.285,1.48,0.0,1.915,0.65,0.06,0,655,18,19
12cGM8Quszs,0.8466666666666667,0.2966666666666667,0.1766666666666666,1.3066666666666666,1.3533333333333335,0.8233333333333334,0.2133333333333333,1.0766666666666669,1.2466666666666668,1.4833333333333334,0.6433333333333333,1.1966666666666663,0.8733333333333334,0.3233333333333333,1.5366666666666668,1.346666666666667,0.5499999999999999,0,144723,5805,170
12t-wjHSq5c,0.46,0.0,0.0,0.0,1.79,1.29,0.41,2.87,2.09,1.31,0.19,0.0,0.0,0.0,0.71,0.0,0.0,0,10537,841,120
13wZEXCrprY,0.12,0.0,0.66,1.01,0.0,0.0,0.85,0.0,0.0,0.0,2.22,0.0,0.0,0.0,0.14,0.0,0.0,1,2466,193,11
160z2kH-pfQ,0.0,0.0,1.49,1.3133333333333332,0.6133333333333334,0.1033333333333333,0.1399999999999999,0.9766666666666668,0.9033333333333332,1.0733333333333333,0.5833333333333334,0.0,0.0,0.0,1.9566666666666668,1.343333333333333,0.8133333333333334,1,881045,16946,696
16GQKjDDrXM,0.46,0.01,0.0,0.0,0.94,0.46,0.0,1.1,1.42,1.37,0.0,0.05,0.34,0.0,0.26,0.32,0.0,1,18318,237,71
17JEASUW0zI,1.46,0.0,0.0,1.22,0.72,0.08,0.0,0.86,2.55,1.96,0.0,0.0,1.0,0.0,2.21,0.0,0.0,0,568,14,6
18Iluqov9Xk,0.04,0.05,0.385,0.0,0.0,0.105,0.08,0.92,0.295,0.365,0.265,0.22,0.0,0.035,0.06,0.205,0.84,1,61,1,0
18oXZbC_RYI,0.6699999999999999,0.2533333333333333,0.5833333333333334,1.923333333333333,0.0,0.0,0.1133333333333333,0.3733333333333333,0.0,0.0666666666666666,0.1366666666666666,0.65,0.0,0.0866666666666666,0.4433333333333333,0.5399999999999999,0.0,1,72138,3645,462
196oXdYgBEs,0.6,0.35,0.4399999999999999,0.1533333333333333,0.4599999999999999,1.0266666666666666,0.6333333333333333,0.4366666666666667,0.4733333333333333,1.29,0.7366666666666667,0.5300000000000001,1.0366666666666668,0.5966666666666667,0.3233333333333333,0.1833333333333333,0.1633333333333333,1,114570,3524,297
1C753eMNsKg,0.2766666666666666,0.0,0.0933333333333333,0.4566666666666667,0.0,0.8366666666666666,0.0266666666666666,0.0166666666666666,0.1266666666666666,0.1366666666666666,0.2666666666666666,0.0,0.37,0.16,0.12,0.5333333333333333,0.7133333333333334,1,94533,3034,250
1Ccsgr9T69Q,0.5,0.0,0.3,0.085,0.7050000000000001,0.115,0.565,0.34,0.61,1.425,0.17,0.0,0.0,0.7,0.745,1.35,0.035,1,33480,2833,499
1D9m0RkEwTg,0.995,0.29,0.0,0.345,1.545,1.235,0.395,1.1150000000000002,1.73,0.64,0.0,0.0,0.34,0.185,0.835,0.0,0.0,0,25580,1895,323
1FJE4khqN8c,0.13,0.43,1.33,2.47,0.62,1.38,1.97,0.0,0.0,0.0,1.77,0.0,0.16,0.0,2.28,0.0,0.0,1,150585,5949,507
1GHM1QQDSrI,0.748,0.554,0.146,0.8959999999999999,0.212,0.79,0.892,0.7,0.07,0.3139999999999999,1.556,0.594,0.134,1.354,0.5199999999999999,0.296,0.156,1,76510,2268,289
1HEOo6a91yY,1.16,0.82,0.0,0.55,0.11,0.35,0.0,0.59,0.23,0.0,0.0,0.0,0.0,0.0,2.16,0.38,0.31,1,94818,3708,500
1Kgct3YJoJU,0.12,0.0,0.025,0.0,2.24,2.34,0.535,2.14,2.45,1.2,0.555,0.0,0.7949999999999999,0.0,1.815,0.0,0.0,0,23498,850,153
1MCRXw7u1qs,1.355,0.885,0.0,2.08,1.185,1.025,0.0,1.3150000000000002,1.665,0.865,0.04,0.0,0.0,0.095,2.565,0.5,0.035,2,96605,5065,227
1QHRFZwKSMw,0.8300000000000001,0.6683333333333333,1.1033333333333333,1.0116666666666667,0.4266666666666667,1.215,0.2933333333333333,1.3783333333333332,0.4866666666666666,0.6216666666666667,0.4016666666666666,0.4066666666666667,0.2966666666666667,0.0616666666666666,1.4733333333333334,0.5083333333333334,0.3783333333333333,1,214774,7879,271
1REnqKrSTls,0.8966666666666666,0.6333333333333333,0.4983333333333333,0.9466666666666668,0.2466666666666666,0.7333333333333334,0.3616666666666666,0.33,0.0433333333333333,0.1783333333333333,0.515,0.375,0.3416666666666666,0.3333333333333333,0.6416666666666667,0.2916666666666667,0.1216666666666666,1,1722102,38099,2372
1Ucsm6J24Us,0.0,0.0,0.89,0.0,3.49,3.34,0.69,2.65,2.96,2.13,0.0,0.0,0.1,0.23,2.27,0.38,0.05,0,5344,311,42
1aZ4UYjlHEA,1.48,1.26,0.315,1.68,1.4500000000000002,0.475,0.025,1.605,1.775,1.185,0.805,0.06,0.345,0.005,2.86,0.985,0.12,2,67802,3870,116
1e0Aed3Xx2c,0.3916666666666666,0.2933333333333333,0.535,0.9566666666666668,0.3799999999999999,0.87,0.5066666666666667,0.6216666666666667,0.4599999999999999,0.5850000000000001,0.3466666666666667,0.4716666666666667,0.2983333333333333,0.2533333333333333,0.375,0.945,0.1383333333333333,1,100788,2686,76
1o_Zw6LbLnU,0.767142857142857,0.4442857142857143,0.1285714285714286,0.7028571428571428,0.1757142857142857,0.13,0.0,0.6228571428571428,0.4414285714285714,0.0542857142857142,0.2728571428571428,0.41,0.0,0.0742857142857142,0.3257142857142857,0.3771428571428571,0.0042857142857142,1,9016,1074,41
1qa9wW9Qghs,1.34,0.0,0.3249999999999999,0.0,1.56,1.595,1.48,1.705,1.85,1.975,0.42,0.0,0.8400000000000001,0.05,1.86,0.225,0.09,0,17474,938,173
1qe4A4gGhIA,0.84,0.065,1.255,0.165,0.925,1.905,0.815,1.695,1.37,0.76,0.035,0.34,0.72,0.25,0.92,0.185,0.085,0,1808,127,35
1qvAJGZYr3E,0.485,0.665,0.0,1.135,0.275,0.0,0.0,0.325,1.36,0.98,0.36,0.0,0.385,0.0,0.475,0.16,0.0,1,152895,4905,204
1rlXGI3NnTU,0.8966666666666666,0.5599999999999999,0.2766666666666666,1.7733333333333334,0.0,0.0866666666666666,0.1433333333333333,0.3366666666666666,0.1333333333333333,0.25,0.5933333333333334,0.2966666666666667,0.3966666666666666,0.2066666666666666,0.2833333333333333,0.4266666666666666,0.0,1,23668,855,71
20SwObTtOB8,1.1966666666666663,0.1466666666666666,0.8733333333333334,0.5033333333333333,0.36,0.0,0.7666666666666666,1.04,0.49,0.1633333333333333,0.5166666666666667,0.33,1.06,0.2233333333333333,0.7666666666666666,0.0,0.06,1,34070,615,97
227xidPFDng,1.81,1.01,0.29,1.1233333333333333,0.4599999999999999,0.05,0.4733333333333333,1.41,1.03,0.9966666666666666,0.8966666666666666,0.4533333333333333,0.1399999999999999,0.0433333333333333,1.1266666666666667,0.7400000000000001,0.0,2,29291,1103,64
23GYjckuz9E,0.23,0.2,0.0,2.71,0.32,1.15,0.0,0.22,0.35,0.15,0.2,0.0,0.07,0.0,1.59,0.0,0.0,1,69919,3539,316
23L8K7nOG_c,0.31,0.0,0.46,0.28,1.42,3.06,0.19,1.36,0.51,0.51,0.0,0.0,0.27,0.0,1.97,0.0,0.78,0,1569,149,45
23cDngtz2Mo,0.0,0.615,0.0,0.0,0.025,0.04,0.02,0.29,0.3,0.5549999999999999,0.19,0.73,0.23,0.02,0.41,0.63,1.92,1,113455,4564,594
255FPlIIomg,0.475,0.0,0.695,1.035,0.115,0.945,1.02,0.04,0.0,0.06,0.8300000000000001,0.63,0.71,0.14,0.0,0.0,0.04,1,21634,1198,128
27DfJdlizR8,0.8066666666666666,0.6466666666666666,0.1666666666666666,0.4833333333333333,0.35,1.403333333333333,0.42,0.7933333333333333,0.65,0.1333333333333333,0.7533333333333333,0.46,0.5366666666666666,0.4833333333333333,0.0699999999999999,0.89,0.0,1,15019,623,173
27yofdZnH9s,2.06,1.035,0.155,0.8,0.8200000000000001,1.38,0.02,2.325,1.66,0.655,0.58,0.0,0.72,0.0,1.94,0.04,0.13,0,1665247,63100,4746
28K1KJwvuBI,1.36,1.44,1.59,0.29,1.96,0.78,0.0,1.38,2.57,2.57,0.0,0.0,0.0,0.37,2.02,0.0,0.0,0,2488875,105629,2277
2DBEblhgaJk,0.9966666666666668,1.086666666666667,0.3033333333333333,2.0500000000000003,1.2166666666666666,0.7166666666666667,0.0933333333333333,1.903333333333333,2.08,1.0566666666666666,0.0566666666666666,0.12,0.0,0.12,2.02,0.6466666666666666,0.1733333333333333,0,115071,6236,135
2DIqmd6yQBY,0.81,0.43,0.615,2.19,0.22,0.145,0.33,0.4649999999999999,0.025,1.27,1.01,0.67,0.255,0.17,0.325,0.685,0.43,1,74069,974,42
2D_v3mrBmGI,0.7150000000000001,0.0,0.885,0.06,0.4649999999999999,0.725,1.24,0.675,0.0,0.655,1.125,0.605,0.8,0.1,0.185,0.575,0.0,1,28886,1347,69
2E-52BubRvM,0.3166666666666666,0.1366666666666666,0.3166666666666666,0.0166666666666666,0.18,0.16,0.0,0.7566666666666665,0.6266666666666666,0.84,0.5633333333333334,0.4266666666666667,1.24,0.0,0.15,0.0,0.7433333333333333,1,242678,7500,279
2Emt_xXktmI,0.7200000000000001,0.33,0.0,0.0,0.455,0.755,0.53,0.7899999999999999,1.3050000000000002,0.395,0.0,0.0,0.0,0.0,1.245,0.005,0.735,1,1968,50,5
2FHnLyeuvt0,1.16,0.05,0.0,0.26,1.9,2.57,0.58,0.58,1.71,0.89,0.0,0.24,1.5,0.29,1.69,0.88,0.0,0,28912,829,104
2G4w9gH8iEs,0.4862499999999999,0.2175,0.20625,0.12125,0.53375,0.66,0.1975,0.7474999999999999,0.9775,0.6062500000000001,0.18,0.185,0.3175,0.20375,0.515,0.3774999999999999,0.1725,1,1758775,56626,3594
2GS8wQxCC9M,0.304,0.0,1.032,0.0,0.8639999999999999,1.27,0.438,0.484,1.12,0.768,0.408,0.51,0.406,0.366,0.8240000000000001,0.4599999999999999,0.076,1,151883,5061,303
2HpGUdqGwdc,1.44,0.0,0.0,1.41,0.0,0.0,0.0,0.0,0.45,0.38,0.68,0.0,1.2,0.0,0.54,0.0,0.48,1,47221,1212,189
2IhEU5rzUOE,0.03,0.3,0.6950000000000001,0.0,0.815,0.715,0.4049999999999999,1.235,0.995,0.765,0.43,0.755,0.2,0.0,0.57,0.48,1.4500000000000002,1,21210,1482,160
2JF7m9fNMBo,0.59,0.41,0.0,1.44,0.69,0.06,0.0,0.0,0.4,0.54,0.0,0.0,0.13,0.17,0.14,0.1,0.0,1,57739,587,38
2MJvug6QOgA,1.82,1.57,0.08,0.92,0.96,0.64,0.0,1.92,1.82,0.9,0.02,0.0,0.21,0.0,2.88,1.25,0.0,2,351693,10759,2012
2OT5Pcl4iF0,1.19,2.06,0.27,1.77,0.195,0.0,0.0,0.415,0.0,0.395,0.67,0.21,0.0,0.0,1.74,2.1950000000000003,0.0,2,481807,11728,1362
2Ol8aJTPEl4,0.715,0.885,0.0,0.65,2.055,1.905,0.52,2.355,2.93,0.705,0.0,0.0,0.95,0.0,3.66,1.715,0.6,0,80975,3502,345
2Pn0MNwUjM0,0.0,0.0,0.0033333333333333,0.0,2.3833333333333333,1.89,0.0433333333333333,0.8733333333333334,2.24,1.1733333333333331,0.0466666666666666,0.0,0.6333333333333333,0.0933333333333333,1.5666666666666669,0.0,0.0766666666666666,0,6261,362,17
2TETrMU1Q3I,1.52,0.0,1.165,2.025,1.105,0.755,0.6100000000000001,1.815,1.48,1.685,0.295,0.415,1.24,0.1,0.505,0.0,0.65,0,73099,621,129
2TghJw4IZZ0,0.9333333333333336,1.0233333333333332,0.03,0.8133333333333334,0.3166666666666666,0.0,0.52,0.5,0.29,0.1933333333333333,0.2733333333333334,0.94,0.7766666666666667,0.0,0.2433333333333333,0.87,0.1833333333333333,1,18190,941,50
2TkGKRUcH9M,1.12,0.155,0.415,0.045,1.54,0.685,0.7575,0.8275,1.9025,1.0325,0.13,0.0,0.59,0.3424999999999999,0.9525,0.1275,0.0,0,788,9,15
2TmagN6RhkI,0.3866666666666666,0.3933333333333333,0.3133333333333333,0.2033333333333333,0.0,0.7133333333333333,0.09,0.0433333333333333,0.0866666666666666,0.0,0.6933333333333334,0.0,0.1133333333333333,0.0,0.5066666666666667,0.66,0.3866666666666666,1,530469,14287,941
2cSj4R5OqN0,0.79,0.0,0.64,0.0,1.785,1.825,0.68,2.165,2.515,0.02,0.445,0.22,0.73,0.315,1.395,0.4349999999999999,0.135,0,1390864,39103,1425
2cXlM4qr8Lw,0.04,0.0,1.7,0.85,2.33,2.54,1.25,1.89,2.24,1.87,0.86,0.33,0.0,1.0,0.0,0.0,0.0,0,115846,7030,232
2cj-ZOqXn0s,1.08,0.0,0.03,2.16,0.84,2.63,1.85,1.9,0.0,0.0,2.51,0.0,1.16,0.0,0.72,0.64,0.0,1,319371,1937,419
2g3Gu9cA_AU,0.0,0.0,0.0,0.11,0.01,0.25,1.31,0.71,0.65,0.57,0.31,0.0,0.0,0.0,0.84,0.0,0.72,1,548738,39987,1758
2gDO3w-Zv5Q,0.6966666666666667,0.4833333333333333,0.0,0.2366666666666666,0.7999999999999999,0.27,0.04,0.93,1.6466666666666667,1.7433333333333332,0.0,0.0,0.3533333333333333,0.0,1.0566666666666666,0.1966666666666666,0.3366666666666666,0,1367433,17199,3971
2iPplpNHjTQ,1.78,1.11,0.0,0.0,1.3,0.0,0.0,1.56,2.46,2.28,0.0,0.26,0.41,0.12,0.51,0.0,0.0,0,220236,9980,1484
2j_1TomiT9Q,0.3225,0.3975,0.6925,0.9225,1.2375,1.815,0.495,2.315,1.33,1.2025,0.305,0.1925,0.485,0.0775,2.105,0.515,0.52,0,55754,2592,86
2l94S4_jMTY,0.5533333333333333,0.0,0.1033333333333333,1.2733333333333332,0.4733333333333333,1.643333333333333,0.25,0.5033333333333333,0.6433333333333333,0.7233333333333333,0.5733333333333334,0.0366666666666666,0.7166666666666667,0.7000000000000001,0.82,0.7966666666666665,0.0166666666666666,1,374351,16194,1802
2lXdrSXl9Io,0.71,0.0,0.0,0.7000000000000001,0.6433333333333333,0.2966666666666667,0.9933333333333332,0.8866666666666667,0.8466666666666667,0.59,1.79,0.3066666666666667,0.7966666666666667,1.78,0.8133333333333334,1.5099999999999998,0.15,1,32516,1147,163
2n67uXYSG5c,2.245,2.655,0.32,0.545,0.0,0.045,0.0,0.075,0.0,0.0,1.205,0.01,0.555,0.0,1.705,0.355,1.3,2,1194,99,24
2nb7W-iphsk,0.488421052631579,0.08,0.2442105263157895,0.3563157894736842,0.4121052631578947,0.6926315789473684,0.2621052631578948,0.865263157894737,0.9152631578947368,0.6710526315789473,0.2263157894736842,0.1336842105263158,0.1636842105263158,0.1457894736842105,0.6473684210526315,0.5468421052631579,0.0926315789473684,1,165324,7215,511
2ncOVB0wTtc,1.05,0.555,1.515,1.25,0.98,1.24,0.535,1.505,0.805,0.32,1.715,0.0,0.0,0.3,1.735,0.13,0.29,1,58657,1865,451
2pGWzr7QXtU,0.51,0.93,0.0,2.77,0.0,0.14,0.0,0.0,0.37,0.0,0.0,0.0,0.19,0.0,0.84,1.99,0.0,2,412532,10648,922
2qgmxrekr0g,0.6161538461538462,0.1469230769230769,0.29,0.5523076923076923,0.0438461538461538,0.483076923076923,0.1723076923076923,0.446923076923077,0.07,0.2792307692307692,0.2892307692307692,0.173076923076923,0.2476923076923076,0.0438461538461538,0.0846153846153846,0.3961538461538462,0.0946153846153846,1,50642955,777575,28951
2qqc_Mx3zuI,0.365,0.0,0.0,0.0,0.8400000000000001,0.655,0.0,0.725,2.275,0.625,0.305,0.0,0.18,0.0,1.065,0.53,0.505,0,1576,22,0
2sZh5FtJRb8,0.655,0.525,0.0,0.745,0.125,0.0,0.625,0.925,0.995,0.165,0.405,1.225,0.07,0.0,0.27,0.615,0.0849999999999999,1,11977,640,146
2sb7GzhpLBQ,1.08,0.43,0.32,1.24,0.0,0.0,0.0,0.91,0.0,0.0,1.83,0.41,0.04,0.0,0.07,0.0,0.0,1,164519,2429,1283
2shoun41cW0,0.0,0.0,0.0,0.0,1.39,3.11,0.0,2.76,2.68,0.0,0.0,0.0,0.07,0.0,2.32,0.58,0.0,0,6867,122,4
2v29gYhPgkI,0.355,0.0,0.0,0.045,1.5699999999999998,1.35,0.51,2.0,1.355,0.675,0.165,0.07,0.8300000000000001,0.0,0.5,0.355,0.315,0,199869,3143,262
2w7MEv0-yMs,0.89,0.0,0.35,0.0,0.42,0.53,0.85,0.72,0.16,1.5,0.29,1.28,0.0,0.25,0.0,0.62,0.0,1,28962,840,81
2xLHVJNTjn4,2.35,2.96,0.0,1.15,0.0,0.0,0.0,0.0,0.0,0.21,0.13,0.0,0.0,0.0,1.53,0.85,0.33,2,9357,62,25
2xzBWVrG27M,0.72,0.0,0.0,0.69,1.15,0.0,0.0,1.14,1.37,0.04,0.0,0.52,1.42,0.45,1.37,0.0,0.0,1,16133,710,258
30NXj6O44r8,1.62,2.11,0.0,4.1,0.0,0.0,0.0,0.0,0.0,0.0,0.98,0.04,0.0,0.0,2.41,2.81,0.0,2,9144,442,32
30f7VYKKd2s,0.0,0.0,0.0,0.0,2.34,2.42,0.0,1.46,3.07,0.89,0.0,0.0,0.0,0.0,3.38,0.21,0.27,0,120424,5269,543
32nRdJOPP-4,0.01,0.0,0.0,0.0,0.46,0.0,0.19,0.25,0.6,0.75,0.0,0.0,0.21,0.0,0.52,0.93,0.65,1,39633,338,15
33Q14vlsZqo,1.285,1.45,0.0,0.12,0.74,1.065,0.08,0.8799999999999999,0.95,0.49,0.065,0.435,0.0,0.055,1.595,1.87,0.415,2,1575,45,14
34VMEMaI3vw,1.62,0.585,0.8725,0.9075,0.59,0.5575,0.325,0.9425,0.515,0.7625,0.4599999999999999,0.0375,0.4225,0.0,1.7575,0.865,0.0,1,4589,254,29
35THbgakNBk,1.0733333333333333,0.1533333333333333,1.596666666666667,1.1266666666666667,0.64,0.9933333333333332,0.2433333333333333,0.4533333333333333,1.17,0.4866666666666666,0.6233333333333334,0.3633333333333333,0.0,0.0533333333333333,0.7266666666666666,0.0,0.2066666666666666,1,147850,8411,1212
37rYKJfsYmo,0.7257142857142858,0.1785714285714285,0.3914285714285714,0.39,1.39,0.39,0.5857142857142856,2.1885714285714286,1.634285714285714,0.6757142857142856,0.5085714285714286,0.0,0.2185714285714285,0.03,1.9057142857142857,1.002857142857143,0.7685714285714286,0,515862,21705,1924
39s28fwxQfM,0.8200000000000001,0.115,0.86,1.195,0.245,0.7949999999999999,0.545,0.445,0.81,0.06,0.2299999999999999,0.375,0.255,0.0,1.315,1.025,0.0,1,657818,13023,680
3B3unElpNwQ,1.44,1.77,0.0,1.04,0.0,0.62,0.0,0.0,0.0,0.0,0.75,2.01,0.0,0.0,0.0,0.0,0.0,2,558416,13397,2886
3DJpy-yikrc,0.8125,0.0575,0.8475,1.2025,0.3774999999999999,0.825,0.1425,1.0775,0.595,0.4425,0.8125,0.765,0.475,1.2325,0.675,0.685,0.25,1,23313,643,308
3DUQ5TCoQyk,1.23,0.0,0.61,0.43,0.0,0.0,0.65,1.33,0.0,1.42,1.66,0.0,0.0,0.0,1.25,0.03,0.0,1,13651,562,145
3GfHcEvWfIo,0.1966666666666666,0.0733333333333333,0.1899999999999999,0.0133333333333333,0.6233333333333333,1.4433333333333334,0.1399999999999999,0.47,0.7466666666666666,0.6666666666666666,0.1666666666666666,0.0,0.2466666666666666,0.0,2.2333333333333334,1.3633333333333333,0.0333333333333333,1,62349,1307,226
3GkauoR2xgE,0.4022222222222222,0.0366666666666666,0.1722222222222222,0.1711111111111111,1.1844444444444444,1.1055555555555554,0.35,0.9622222222222222,1.5811111111111111,0.9188888888888888,0.2433333333333333,0.0844444444444444,0.7077777777777778,0.0811111111111111,1.3766666666666667,0.5988888888888889,1.0577777777777777,0,1947484,82851,2580
3Lz2ntvDBFQ,0.3766666666666666,0.4166666666666667,0.0366666666666666,0.53,0.0266666666666666,0.13,0.16,0.3999999999999999,0.6666666666666666,0.1233333333333333,0.0833333333333333,0.0,0.1633333333333333,0.0,0.94,0.5299999999999999,0.3366666666666666,1,53598,681,174
3NHSsHi3h0M,0.4975,0.29,0.3441666666666667,0.4266666666666667,0.375,0.8108333333333334,0.265,0.3991666666666666,0.9516666666666668,0.9116666666666666,0.3216666666666667,0.2358333333333333,0.4966666666666666,0.2691666666666666,0.6183333333333333,0.3441666666666667,0.3075,1,2727836,73142,7557
3QFkmOO9Tl8,0.54,0.0,0.9225,0.5,0.9675,0.61,0.3725,1.435,1.4225,1.0675,0.0,0.01,0.4375,0.035,1.5775,0.7875,0.125,0,135281,5183,523
3Qfr55KRGgE,0.13,0.06,0.0,0.0,1.68,1.62,0.0,1.49,1.85,1.38,0.0,0.0,0.0,0.0,2.34,0.74,0.0,0,8758,728,106
3TxugOC8su0,0.355,0.305,0.0,0.44,1.63,1.27,0.0,1.17,3.205,1.035,0.0,0.0,0.0,0.0,2.265,0.0,0.0,0,6205396,214416,0
3UI99FyrUc4,0.7066666666666667,0.7933333333333333,0.2666666666666666,2.0,1.1733333333333331,0.9733333333333332,0.4066666666666667,1.66,1.7233333333333334,1.36,0.0699999999999999,0.0,0.7699999999999999,0.11,2.3366666666666664,0.9266666666666666,0.7666666666666666,0,5310,246,34
3_ms_C3ElA0,1.2,0.0,1.29,0.89,0.99,1.42,0.0,0.36,0.81,1.48,0.7,0.98,0.35,0.43,0.0,0.0,0.0,1,1731871,38107,3206
3b6lSIIqnUs,0.2021739130434783,0.0565217391304347,0.1821739130434782,0.3382608695652173,1.2630434782608695,0.4143478260869566,0.8773913043478261,1.1452173913043475,1.387391304347826,0.6856521739130435,0.2365217391304347,0.108695652173913,0.2682608695652174,0.0399999999999999,0.5582608695652174,0.2230434782608695,0.0143478260869565,1,8952,108,9
3bZp6Tauo5c,0.48,0.0,0.0,0.0,1.01,0.3,0.0,0.76,1.22,1.25,0.0,0.02,0.27,0.0,0.04,0.0,0.0,1,2893,77,10
3eWmsTsgWkQ,0.965,0.865,0.26,2.175,0.545,0.93,0.13,0.425,1.03,0.315,1.2,0.635,0.23,0.0,1.855,1.365,0.0,2,45308,3684,291
3fPIsGv3eik,1.89,1.67,0.0,1.75,2.29,1.46,0.0,2.32,3.39,1.67,0.0,0.0,1.07,0.01,2.81,0.33,0.0,0,82946,4849,332
3hc7N_uOHdw,0.02,0.2,0.005,0.0,2.015,0.98,0.5,2.04,2.62,1.595,0.085,0.0,0.325,0.17,3.495,0.755,1.85,0,1672973,36100,3367
3kftPeWMvLk,0.39,0.0,0.55,0.4425,0.265,1.455,0.5750000000000001,0.5725,0.0225,0.0875,0.3875,0.2025,0.1925,0.1075,0.3325,0.4425,0.08,1,54740,2662,356
3ksZkJHTlOc,0.184,0.0,0.0,0.4,0.662,1.116,0.33,0.8099999999999999,0.5680000000000001,0.4779999999999999,0.434,0.026,0.618,0.186,0.53,0.8039999999999999,0.248,1,6103,204,40
3n1nspLgfd4,1.37,1.07,0.32,1.3,0.0,0.0,0.0,0.3399999999999999,0.615,0.025,0.49,0.605,0.465,0.0,1.57,1.685,0.015,2,156273,6998,244
3oTOIi8ysLo,0.21,0.0,2.77,0.83,1.18,2.1,0.16,0.04,0.91,0.58,0.0,0.0,0.0,1.19,0.0,0.0,0.0,1,11622,163,90
3rKffuFJYNk,1.17,0.5,0.45,0.0,0.41,1.07,0.09,0.23,0.42,0.82,0.92,0.0,0.0,0.0,0.81,0.03,0.0,1,74965,4692,516
3sNSRgq-4l8,1.22,0.0,0.855,1.22,0.205,0.0,0.185,0.72,0.215,0.23,0.38,0.27,0.0,0.0,0.26,0.03,0.08,1,274322,5209,5700
3sVrbsvXWQ0,2.8166666666666664,1.5533333333333337,0.49,0.8633333333333334,0.03,0.0,0.1566666666666666,0.8766666666666666,0.3566666666666666,1.0333333333333334,0.1833333333333333,0.5366666666666667,0.0,0.0033333333333333,0.4666666666666666,0.31,0.2266666666666666,2,291,4,10
3tdQO7zvmcA,0.0,0.0,0.11,0.0,1.31,1.73,0.2,1.78,1.38,1.88,0.55,0.0,0.0,0.45,1.8,1.79,0.0,0,76655,4200,445
3uEH8rj5cw8,1.02,0.01,0.0,1.36,2.63,1.82,0.34,0.77,1.65,0.0,1.76,0.0,0.0,0.29,2.55,2.02,0.0,0,174510,6573,460
3uOf_FMbW54,1.28,0.42,0.0,0.04,0.0,0.0,0.0,0.0,0.39,0.0,0.0,0.0,0.67,0.0,0.0,0.0,0.0,1,4946,52,12
3uSIf529AOg,0.74,0.09,3.215,0.48,0.33,0.595,0.47,0.51,0.055,0.975,0.205,1.265,0.32,0.12,1.535,1.1,0.88,1,147482,5892,347
3vouclvykqE,0.48,0.635,0.485,0.0,0.595,0.775,0.88,1.51,0.38,0.13,1.14,0.355,0.21,0.0,0.845,1.175,0.995,1,26309,424,139
3wP6uF6KEU4,0.51,0.0,0.375,0.0,1.085,0.375,0.85,1.14,1.21,2.57,0.09,0.16,1.475,0.0,0.99,0.5,0.13,0,45920,2295,267
3xy9jS1KwvY,0.11,0.22,0.83,0.0,0.0,1.17,0.0,0.0,0.0,0.0,0.3,0.48,0.0,0.0,0.64,2.34,0.87,1,188856,6116,1404
3y0EwY-WGBQ,1.815,2.325,0.0,2.3,0.0,0.0,0.0,1.525,0.825,0.0,0.48,0.635,0.475,0.0,0.32,0.075,0.0,2,1227367,33442,1645
401ZvQ11euA,2.22,2.17,0.0,0.07,0.72,2.1,0.92,1.65,0.66,0.19,1.06,0.0,0.76,0.0,1.51,1.96,0.96,2,559167,12346,4910
42sibaGVjY8,0.4024999999999999,0.0,0.105,0.605,1.825,1.7075,0.6275,1.0875,1.4225,1.7425,0.0,0.0,1.15,0.06,1.54,0.27,0.065,0,2030407,58860,8471
42t6Jk4JXrA,1.88,0.6,0.95,0.06,0.0,0.0,0.0,1.38,1.13,0.0,1.01,0.6,0.44,0.23,0.17,0.0,0.0,1,80955,2292,308
43SNx2y2Zt0,0.0366666666666666,0.0,0.2633333333333333,0.2466666666666666,1.3033333333333337,1.1866666666666668,0.9066666666666666,0.6266666666666666,1.0166666666666666,1.97,0.54,0.5566666666666666,1.0666666666666669,0.2266666666666666,0.6233333333333334,0.8233333333333334,0.1433333333333333,0,31669,1901,202
45MuxKYi-t0,1.0,0.8066666666666666,0.5416666666666666,1.3516666666666666,0.86,1.0633333333333332,0.3683333333333333,0.4049999999999999,1.1266666666666667,1.075,0.3833333333333333,0.2383333333333333,0.31,0.1683333333333333,1.5716666666666663,0.4866666666666666,0.2383333333333333,1,75268,3878,205
45j2p4FEI_o,0.0,0.0,0.0,0.13,1.15,2.11,0.89,0.0,1.69,0.72,0.0,0.0,0.14,0.0,0.85,0.0,0.0,0,13930,709,95
479RSxJ3Ml4,0.0,0.0,0.69,0.0,2.33,1.63,0.69,3.09,2.12,1.94,0.63,0.97,0.16,0.37,0.95,1.41,2.53,0,936484,24220,1475
49-rTbR5bss,1.3624999999999998,0.23,0.325,0.8425,0.245,0.65,0.1175,0.0025,0.33,0.01,0.7799999999999999,1.29,1.225,0.04,0.33,1.4175,0.0225,1,308654,15622,3141
4CIjiNM_p6M,0.315,0.0,0.5,0.365,0.655,0.36,0.105,0.21,1.03,0.32,0.085,0.0,0.11,0.0,0.69,0.0,0.54,1,5532,134,2
4DEqwJI-vdg,1.11,0.535,0.8,0.325,1.6,1.2799999999999998,0.8200000000000001,1.575,2.07,0.6950000000000001,0.11,0.0,0.0,0.0,2.28,0.79,0.0,0,48605,3997,795
4Fge8RG2zYU,0.3999999999999999,0.9225,0.0,1.4925,0.7325,0.6275,0.085,1.375,0.9025,1.035,0.1699999999999999,0.165,0.4625,0.1275,1.485,0.735,0.1875,1,1607815,28983,2093
4JyhBkXMymo,0.44,0.26,0.0,1.01,0.0,0.32,0.05,1.47,0.0,0.0,1.37,0.75,0.0,0.72,0.72,2.83,0.25,1,269522,5985,285
4OSt6WQ2K8A,0.295,0.0,0.0,0.0,1.59,2.06,0.7749999999999999,1.4,1.675,0.8049999999999999,0.0,0.0,0.0,0.09,1.725,0.22,0.0,0,7453,211,40
4OiOwDh5lKE,1.68,0.74,0.35,3.13,0.0,0.0,1.45,0.0,0.0,0.0,3.56,0.0,0.0,0.11,0.0,0.0,0.0,2,4968,663,100
4QJa07djrLY,1.115,0.4166666666666667,0.3216666666666666,1.7716666666666665,0.1666666666666666,0.055,0.0616666666666666,0.365,0.2683333333333333,0.4983333333333333,0.3933333333333333,0.5383333333333333,0.35,0.1733333333333333,0.2433333333333333,0.5916666666666667,0.0733333333333333,1,65541,2613,217
4QMHfDx_LpM,1.15,0.09,0.655,0.95,0.0,1.1,0.31,0.61,0.0,0.0,0.375,0.0,0.0,0.0,0.935,1.93,0.23,1,857756,53396,2176
4SOtYIJpO3w,0.7,0.33,0.0,0.59,1.6,1.35,0.61,2.72,1.77,1.95,0.0,1.05,1.65,1.56,0.39,0.0,0.0,0,65505,1613,249
4WQ17A_DBWs,0.54,0.01,0.0,0.925,0.88,1.66,0.51,0.845,0.31,0.125,2.18,0.32,1.35,0.495,0.84,1.715,0.0,1,5371,134,203
4YxAhOFHLxs,1.57,0.03,0.39,2.01,1.38,1.45,0.0,0.73,1.05,0.0,0.04,0.06,0.18,0.04,0.0,0.0,0.0,1,1882623,42173,5741
4ZlCwZj90Jk,0.385,0.165,0.055,0.31,1.825,1.2049999999999998,0.515,2.555,2.325,0.67,0.21,0.0,0.075,0.0,1.705,0.0,0.445,0,4550,243,64
4cCKve0dl3Y,0.75,0.43,0.605,0.675,0.565,0.515,0.52,1.05,0.325,0.33,0.0,0.04,0.0,0.215,0.285,0.24,0.185,1,300259,0,436
4gZVxxSeAn0,0.85,0.7250000000000001,0.0,0.8250000000000001,0.86,0.885,0.6,1.785,1.46,1.65,0.2249999999999999,0.0,0.64,0.0,2.18,0.37,0.385,0,156126,5785,231
4j_8rEyYEXw,0.0,0.03,0.25,0.16,0.32,0.77,0.0,0.0,0.0,0.34,0.33,0.85,0.76,0.0,0.0,0.82,0.58,1,300834,7475,436
4kXOQ2NOkxY,1.52,1.855,0.0,3.165,0.0,0.15,0.0,0.0,0.0,0.0,0.725,0.0,0.55,0.0,0.14,1.125,0.0,2,3028357,51528,5764
4l2eIDF9HZA,1.48,2.19,0.0,2.32,0.0,0.0,0.0,2.46,0.5,0.95,2.73,0.43,2.87,0.0,1.31,0.62,0.0,2,1979,164,15
4tDgX4VizyU,0.73,0.0,0.04,0.0,1.875,3.695,0.8700000000000001,0.695,1.05,0.46,2.5,0.37,0.42,0.13,2.205,0.105,0.355,0,784212,10022,1931
4uooe-9JKLI,1.15,1.405,0.98,2.025,0.0,0.625,0.0,1.0299999999999998,0.37,0.765,0.455,0.0,0.0,0.15,0.975,0.92,0.065,2,2459494,61376,2342
4zzhCbQE5iQ,0.8250000000000001,0.71,0.165,1.51,0.905,0.56,1.64,1.17,0.705,0.21,1.625,2.5,1.54,0.07,1.41,1.97,0.0,1,4923160,94041,4825
5-9kuktuMAY,0.528,0.4639999999999999,0.19,1.682,0.12,0.108,0.022,0.098,0.202,0.0,0.8879999999999999,0.3299999999999999,0.436,0.148,0.178,0.058,0.1,1,5678,148,7
5-DQpJj2j9s,0.85,0.33,0.0,1.3,0.18,0.37,0.85,0.0,0.0,0.0,0.73,2.83,0.0,1.73,0.0,2.02,0.0,1,176551,5338,795
5-nceCopalU,0.94,0.86,0.06,1.655,0.0,0.045,0.0,0.785,0.0,0.0,0.665,0.38,0.0,0.0,0.555,2.555,0.0,2,4310,241,51
50pNiKZZwUM,0.415,0.0,0.325,0.0,0.765,1.17,1.145,0.7450000000000001,0.385,1.965,0.515,1.04,1.21,0.04,0.5900000000000001,0.765,0.095,1,18995,956,90
51WJrV0aKPs,0.6425,0.4375,0.4775,0.6799999999999999,0.8562500000000001,0.55875,0.43875,1.01625,1.165,0.785,0.06,0.1649999999999999,0.1149999999999999,0.13375,0.83125,0.35,0.2075,1,39033,2580,246
53xojRfttn8,0.3,0.0499999999999999,0.62,0.1833333333333333,0.4299999999999999,1.3733333333333333,0.3166666666666666,0.1999999999999999,0.2733333333333333,0.5566666666666666,0.8633333333333333,1.2433333333333334,0.25,0.25,0.0,0.2333333333333333,0.1066666666666666,1,62625,2469,529
543Un3Rjabg,0.18,0.3725,0.185,1.51,0.0,0.12,0.1875,0.0825,0.1175,0.31,1.01,0.4625,0.0675,0.0275,0.1775,1.0675,0.1025,1,316291,8659,267
56_MEV8ClLg,0.2975,0.0,0.1475,0.3825,1.3225,0.9375,0.385,1.5175,1.25,1.43,0.2674999999999999,0.13,0.4575,0.1825,0.9825,0.1375,0.035,0,1205798,12823,1197
57TY0y5zpe0,0.0,0.0,0.0,0.0,1.18,1.07,0.0,2.81,2.38,0.36,0.0,0.0,0.0,0.0,2.05,0.99,0.88,0,23395,1090,61
5ABdJMdZX_s,0.59,0.0,0.34,1.62,0.515,0.0,0.1,0.78,0.63,0.66,0.4649999999999999,0.805,0.23,0.0,0.615,1.21,0.27,1,221778,7853,533
5AxdLyBlvhw,0.6375,0.3275,0.2375,0.6975,0.895,0.825,0.1125,1.52,1.4700000000000002,1.0425,0.1075,0.2474999999999999,0.0,0.0525,1.0325,0.38,0.12,0,458822,10057,445
5JAvzI-ZP14,0.27,0.975,0.305,0.5850000000000001,0.0,0.03,0.565,0.19,0.13,0.1,0.59,0.315,0.27,0.0,0.475,0.975,0.365,1,274872,8630,701
5KQH4Xvco4c,2.565,0.8450000000000001,1.095,0.52,0.345,0.115,0.0,1.185,1.095,0.8200000000000001,0.43,0.625,0.065,0.105,1.235,0.035,0.0,2,1487,33,24
5Khf5QBf0ss,1.5550000000000002,0.0,0.53,1.375,0.205,0.67,0.295,1.175,0.655,0.455,0.52,0.11,0.15,0.0,0.33,0.0,0.025,1,174,6,1
5Kiy94DYJk0,0.0,0.0,0.0,0.0,1.88,2.59,0.77,2.09,2.78,2.64,0.51,0.0,0.0,0.0,2.39,0.29,0.0,0,4452,0,54
5LW1VDVgr6k,0.305,0.0,0.05,0.0,2.16,2.52,0.5449999999999999,1.745,1.855,0.97,0.135,0.0,0.655,0.095,2.33,0.86,0.2,0,97152,6219,963
5N6hNyg43IY,0.6433333333333333,0.11,0.0,0.3866666666666666,0.0766666666666666,0.4200000000000001,0.1899999999999999,0.3433333333333333,0.0,0.1166666666666666,0.98,0.5233333333333333,0.24,0.0766666666666666,0.2166666666666666,0.2433333333333333,0.5499999999999999,1,416,9,0
5OsH70IAD1A,0.635,0.415,0.0,0.43,0.075,0.0,0.0,1.285,0.855,0.41,0.4349999999999999,0.54,0.57,0.46,0.115,0.08,0.18,1,73647,0,240
5PT1wLx87UE,1.0,0.5,0.91,0.29,0.0,1.61,0.0,0.0,0.0,0.0,0.0,0.0,0.0,0.0,0.67,2.28,0.0,1,593,43,83
5Puy1Px2YYc,1.06,0.23,0.05,0.79,0.22,0.0,0.0,1.67,0.9,0.75,0.0,0.87,0.45,0.27,0.0,0.0,0.0,1,15032,848,96
5XCy01h0N3w,0.95,0.0,0.38,1.415,1.06,1.01,0.17,0.655,1.16,0.195,0.0,0.0,0.0,0.0,0.875,0.105,0.27,1,89953,34,6
5bnWQLbGuKc,1.155,1.3,0.605,4.245,0.03,0.16,0.0,0.0,0.48,0.32,0.0,0.0,0.0,0.175,1.2000000000000002,1.42,0.0,2,49540,2495,105
5coE3hlNJ3I,0.255,0.0,0.355,0.435,0.515,0.215,0.19,0.075,0.755,0.395,0.56,0.245,0.0,0.08,0.0,0.76,0.66,1,784,41,17
5d7EYahP4Bg,0.27,0.0,0.6566666666666666,0.2799999999999999,0.48,1.6266666666666667,0.6733333333333333,0.1733333333333333,0.0366666666666666,0.5266666666666667,0.7966666666666667,0.0766666666666666,0.7866666666666666,0.1566666666666666,0.0933333333333333,0.03,0.0866666666666666,1,266265,6622,451
5dOG_pW1mk8,1.17,0.0,0.2,0.0,1.79,2.895,0.125,0.89,1.52,1.14,0.11,0.0,0.585,0.415,1.175,0.195,0.45,0,3656,138,51
5eoPZMtIUBw,1.305,0.1916666666666666,1.1558333333333333,0.6466666666666667,0.3183333333333333,1.1675,0.37,0.3291666666666666,0.4216666666666667,0.5483333333333333,0.4758333333333333,0.2733333333333334,0.3983333333333334,0.2758333333333333,0.285,0.0633333333333333,0.1341666666666666,1,1922799,29113,1095
5gwTgaGCyYE,0.97,0.0,0.12,2.36,0.52,0.0,0.0,0.85,0.58,1.15,1.98,0.0,0.0,1.4,1.15,0.05,0.37,1,324727,8735,1170
5l0FJ_t4NQo,0.5566666666666666,0.0,0.4133333333333333,0.0,0.36,1.1966666666666663,0.0466666666666666,0.64,0.5033333333333333,0.5466666666666667,0.2433333333333333,0.21,0.0066666666666666,0.0933333333333333,0.73,0.6533333333333333,0.2466666666666666,1,703213,15834,1187
5mlZPHOKh60,0.435,0.13,0.025,0.0,2.05,1.56,0.7150000000000001,2.515,2.24,0.58,0.215,0.07,0.23,0.0,1.67,0.81,0.125,0,12593,827,80
5oZQfIs_-8s,0.89,0.64,0.0,0.0,1.08,1.62,0.0,1.47,2.09,0.95,0.0,0.0,0.0,0.17,0.19,0.12,0.68,0,6787,101,18
5rRwJuCdNDo,1.16,0.21,0.1925,0.93,0.3475,0.2125,0.605,0.31,0.085,0.5475,1.9525,0.345,0.0,1.25,0.595,0.565,0.295,1,405384,14004,1132
5seK3IKQZDw,0.14,0.0,0.25,0.97,0.12,0.77,0.0,0.36,0.0,0.0,0.29,1.17,0.61,0.07,0.25,0.0,0.07,1,404,17,3
5ux5BrTZwXM,1.88,1.82,0.06,0.0,0.0,0.0,0.0,1.1,0.15,1.44,0.0,0.3,0.0,0.0,0.1,0.0,0.69,2,484195,19075,812
5wuUNfOBBjc,0.8775000000000001,1.02,0.1725,0.5900000000000001,0.0,1.0725,0.475,0.6675,0.1149999999999999,0.2275,0.9675,0.0675,0.6425000000000001,0.0475,0.9525,1.3525,0.665,1,289677,5416,567
5xVeZrpVzow,0.3799999999999999,0.0266666666666666,0.5866666666666667,0.99,0.1766666666666666,0.9533333333333333,0.0,0.46,0.2433333333333333,0.2733333333333333,0.5966666666666667,0.0,0.25,0.0,0.6066666666666667,1.0133333333333332,0.0,1,38195,412,120
5xiTu6aUkQE,1.2966666666666666,1.7033333333333334,0.5633333333333334,1.1333333333333333,0.9733333333333332,1.61,0.0,1.1366666666666667,1.22,1.24,0.8366666666666666,0.4733333333333333,0.7066666666666667,0.15,0.9066666666666668,0.7866666666666666,0.44,2,530923,15663,978
5xjSpw04q8k,0.1633333333333333,0.1933333333333333,0.2033333333333333,0.8616666666666667,0.61,0.7316666666666666,0.4833333333333333,0.3266666666666667,0.7266666666666667,0.2766666666666666,0.6116666666666667,0.6316666666666667,0.27,0.0,0.6366666666666667,0.5083333333333333,0.2633333333333333,1,1963000,32257,1268
60RF_6NQQu8,0.0,0.675,0.6799999999999999,0.0,2.575,2.645,1.685,1.31,2.1950000000000003,0.88,0.375,0.0,0.195,0.0,3.05,0.52,0.27,0,20821,1243,196
61AVQo4qIYg,1.71,0.48,0.0,0.54,0.0,1.08,0.0,0.0,0.0,0.0,0.12,0.5,0.0,0.13,0.28,1.23,0.54,1,1184,16,7
62WGyHcb8So,1.34,0.12,0.0,0.76,1.54,0.42,0.72,0.55,0.63,0.0,0.0,0.0,0.84,0.0,0.96,0.0,0.0,1,13507,689,76
67n-hrCYiSI,0.91,0.28,1.005,0.875,0.875,1.72,0.01,1.645,1.44,1.765,0.47,1.755,0.39,0.64,0.92,0.94,0.0,1,155188719,2621954,143327
69CZQlrfkkU,0.66,1.12,0.195,1.025,1.5450000000000002,1.245,0.655,0.955,1.835,0.6000000000000001,0.035,0.0,1.11,0.0,2.185,1.465,0.37,0,56218,2035,145
6BZm8EvZXpQ,0.6,0.0,0.0,1.265,0.0,0.0,0.64,0.0,0.285,1.03,1.6,0.875,0.0,0.26,0.31,1.48,0.455,1,206602,7993,774
6BzWXEy4t14,0.7183333333333334,0.0233333333333333,0.52,0.9533333333333336,0.4399999999999999,0.5833333333333334,0.6183333333333333,0.4666666666666666,0.2533333333333333,0.7416666666666667,0.88,0.3266666666666666,0.8683333333333333,0.1849999999999999,0.495,0.1666666666666666,0.1916666666666666,1,9247,242,27
6Ko-j7nzMHg,0.515,0.0,1.115,0.645,0.99,1.035,0.73,1.455,1.16,2.325,0.205,0.045,0.325,0.275,0.81,0.0,0.095,0,150822,4622,257
6MGjjWLbhD0,0.7700000000000001,0.2,0.7140000000000001,0.358,0.0,0.5619999999999999,0.128,0.486,0.0,0.21,0.14,0.0,0.274,0.0,0.32,0.5239999999999999,0.1619999999999999,1,114,12,4
6Mhtr5yE-kc,0.0,0.0,0.0,0.22,2.2,3.17,0.58,1.88,3.42,1.28,0.03,0.0,0.3,0.51,3.46,0.86,0.0,0,57097,3488,279
6PgoxhEjKS0,0.614,0.372,0.52,0.972,0.526,0.0,0.29,0.6040000000000001,0.6759999999999999,0.458,0.1159999999999999,0.196,0.474,0.1339999999999999,0.65,0.188,0.2,1,112924,4187,418
6SqnPdh85fw,1.0,0.13,0.485,1.535,0.285,0.59,0.12,1.095,1.16,1.13,0.2,0.395,0.0,0.02,1.515,1.07,0.16,1,20083,512,113
6TiMvS0rE2I,0.33,0.0,0.48,0.3,1.03,0.525,0.15,1.42,1.675,0.93,0.205,0.0,0.0,0.0,1.705,0.0,0.0,0,134338,0,328
6TiRTK7dfXw,1.035,1.925,0.1,1.01,1.83,1.0,0.305,1.4700000000000002,3.46,1.6949999999999998,0.0,0.0,0.48,0.0,3.66,1.24,0.325,0,13154,555,152
6VBPJGD2d7w,1.92,2.245,0.495,1.885,0.3,2.0,0.195,0.73,0.095,0.02,1.4,0.8800000000000001,0.235,0.37,0.205,0.67,0.895,2,61570,1143,431
6VzkSdMg1tM,0.51,0.0,0.54,0.23,0.0,0.0,0.0,0.62,0.0,0.0,1.67,0.54,0.0,0.0,0.02,0.15,0.0,1,9921,595,69
6XyGH06X2aY,0.725,0.27,0.18,1.11,0.0,0.4,0.0,0.25,0.0,0.0,0.955,0.325,0.0,0.545,0.0,0.0,0.02,1,97880,6575,492
6Y1r34RBXpk,0.33,0.0699999999999999,0.0433333333333333,0.8216666666666667,0.2033333333333333,0.3283333333333333,0.0949999999999999,0.1833333333333333,0.6766666666666667,0.4466666666666666,0.5133333333333333,0.3366666666666666,0.2416666666666666,0.1933333333333333,0.4183333333333333,0.5116666666666666,0.5316666666666667,1,66897,2188,91
6ZxnCsOKDww,0.375,0.0,1.0,0.37,1.6,0.185,0.385,1.81,1.925,1.5299999999999998,0.265,0.37,0.44,0.07,1.185,1.075,0.7250000000000001,0,745,29,8
6fnKelBiaDk,1.4266666666666667,0.3733333333333333,1.1766666666666663,0.6666666666666666,1.5,1.27,0.2033333333333333,1.0366666666666668,1.5133333333333334,1.163333333333333,0.2566666666666666,0.0,0.79,0.04,1.7333333333333334,0.12,0.0,0,1328541,49784,3575
6ftiWoCJ4dM,0.0,0.0,0.0,1.66,0.63,0.43,0.26,1.95,0.72,0.81,0.81,0.17,0.16,0.0,0.09,1.25,0.0,1,852,27,36
6gCEl31uiE8,0.27,1.12,0.17,1.18,2.89,1.98,1.09,2.53,2.9,1.35,0.12,0.0,0.71,0.79,2.13,0.61,0.75,0,42034,869,62
6hIu5oIB9n0,0.15,0.2249999999999999,0.0,0.275,1.005,1.095,0.135,0.7625,1.4675,0.8275,0.1075,0.065,0.64,0.0849999999999999,0.9,0.07,0.23,1,90318,3029,263
6jS9lvibXVU,1.075,1.045,0.5850000000000001,2.225,0.0,0.11,0.0,0.64,0.0,0.45,0.8099999999999999,0.58,0.0,0.085,1.0599999999999998,0.85,0.0,2,51223,2467,187
6k6bjBniE4Q,0.1649999999999999,0.0,0.595,0.475,0.52,0.31,0.785,0.69,1.005,0.3949999999999999,0.0,0.0,0.0,0.0,1.085,1.15,0.11,1,29356,1364,89
6lZVXJlqN7s,0.82,0.0,0.0,0.04,0.55,0.0,0.33,1.64,1.25,0.0,0.0,0.0,0.59,0.0,1.02,0.0,0.0,1,143254,7122,1044
6n2REq_FiWM,0.9166666666666666,1.4966666666666668,0.0,1.3766666666666667,0.9966666666666668,1.7699999999999998,0.3133333333333333,0.7066666666666667,1.3233333333333333,0.73,0.3333333333333333,0.3566666666666667,0.4666666666666666,0.0133333333333333,0.9133333333333334,0.2933333333333333,0.1233333333333333,2,43228,1568,151
6ndkOSiGOe4,1.04,0.895,0.045,1.235,1.91,0.985,0.375,1.44,1.635,0.835,0.0,0.205,0.185,0.0,1.99,0.45,0.0,0,37182,2045,374
6qGkTAS3j5o,0.815,0.49,0.145,1.17,1.34,0.705,0.43,2.125,2.15,1.875,0.53,0.355,0.725,0.21,1.175,0.0,0.375,0,488,6,1
6sECozSy7FY,2.25,0.46,0.83,0.25,0.0,0.22,1.54,0.81,0.0,0.89,0.99,1.67,0.19,0.16,0.31,3.89,1.14,1,3794647,54335,3613
6tHy-Kie0GY,0.71,0.17,1.0066666666666666,0.1466666666666666,0.3566666666666667,0.11,0.3966666666666666,0.6133333333333334,0.6666666666666666,0.38,0.1833333333333333,0.0733333333333333,0.35,0.0833333333333333,0.3433333333333333,0.2633333333333333,0.17,1,36918,2580,439
6um6YczI0qk,0.472,0.082,0.994,0.604,0.564,0.546,0.54,0.514,0.6100000000000001,0.046,0.384,0.0,0.168,0.0,1.386,0.8140000000000001,0.128,1,692646,17352,515
6v04kR5QDOA,0.7300000000000001,0.01,0.0,0.756,1.026,0.4599999999999999,0.766,1.384,1.012,0.752,0.844,0.426,0.272,1.0699999999999998,0.8720000000000001,0.4939999999999999,0.0,1,65836,2492,259
6wA8OMptkio,0.22,0.0,0.0,0.945,1.26,1.035,0.48,1.5950000000000002,2.24,1.6549999999999998,0.32,0.0,0.375,0.0,2.325,0.415,0.0,0,203163,3907,391
71BQ4YNhVxA,0.54,0.4075,0.4175,0.685,1.1725,1.285,0.4375,1.58,1.5725,1.3425,0.3675,0.0,0.3475,0.1425,2.1125,0.645,0.215,0,204593,8865,432
72FTaFoM3Dk,1.19,1.76,2.08,0.93,0.0,2.17,1.63,0.1,0.0,0.0,0.92,0.31,0.0,0.3,1.1,1.35,0.0,1,6986,34,23
736HThq9YRM,1.135,0.0,0.195,0.245,1.43,2.585,0.11,1.1949999999999998,1.085,0.7150000000000001,0.42,0.68,0.875,0.195,0.595,0.0,1.225,0,100123,6198,561
74Fz4onYqGY,0.726,0.0,0.93,1.0619999999999998,0.428,0.6519999999999999,0.898,0.462,0.516,0.53,1.116,0.962,0.0,0.102,0.602,0.964,0.11,1,183734,4490,410
770rppR5wRM,1.02,0.0,1.155,0.965,0.04,0.62,0.24,0.365,0.44,0.845,0.875,0.0,0.31,0.09,0.395,0.105,0.245,1,1006689,9604,1378
77NkGBRuapw,0.0,0.0,0.0,0.53,1.25,0.945,0.295,0.965,1.41,0.975,0.465,0.05,0.3,0.0,0.915,0.07,0.0,0,122121,7426,803
77jBJ2oe7e0,0.986,0.362,0.122,0.218,0.576,0.056,0.076,0.2759999999999999,1.314,0.654,0.052,0.674,0.958,0.284,0.732,0.372,0.408,1,44007,2179,174
79p57XNf8Os,1.02,0.0,0.0,0.19,1.67,1.69,1.1,0.78,1.565,0.7649999999999999,0.215,0.0,0.995,0.01,1.525,0.0,0.0,0,2938,134,58
7BE8xhIVNbs,0.6157142857142858,0.1285714285714286,0.732857142857143,0.7685714285714286,0.4371428571428571,0.4871428571428571,0.2085714285714285,0.7328571428571429,0.8542857142857143,0.7157142857142856,0.2342857142857143,0.3914285714285714,0.0785714285714285,0.0085714285714285,0.7914285714285713,0.6799999999999999,0.03,1,82943,2837,95
7Bd3IWiuVgE,1.6283333333333332,0.4833333333333333,0.9250000000000002,0.3233333333333333,0.1166666666666666,0.3583333333333333,0.0,0.5233333333333333,0.4016666666666666,0.6883333333333334,0.2466666666666666,0.4666666666666666,0.4616666666666666,0.0,0.3116666666666666,1.6849999999999998,0.005,1,18061,950,68
7DkmB-btFfY,0.21,0.08,0.0,0.0,2.07,0.0,0.0,1.82,3.31,1.51,0.0,0.0,0.0,0.0,3.5,0.0,2.18,0,280203,6637,467
7Ea4f1TT9r4,0.64,0.0,0.0,1.3,0.025,0.385,0.2,0.325,0.0,0.52,0.82,0.495,0.235,0.125,0.665,1.01,0.0,1,50961,1508,258
7MPbFfQlXkI,1.5333333333333332,0.26,0.31,0.6433333333333333,0.4366666666666667,1.2333333333333334,0.5433333333333333,0.2166666666666666,0.4866666666666666,0.0,2.803333333333333,0.59,0.0,0.84,0.42,1.6666666666666667,0.0,1,5342,430,53
7ObTYEQRcBs,0.295,0.04,0.0,1.29,0.725,1.355,0.075,0.0,0.355,0.0,0.705,0.435,0.44,0.635,0.075,2.84,0.205,1,634411,16716,1336
7OnrK3EmFa4,1.284,0.0,0.4559999999999999,0.79,0.422,1.166,0.1159999999999999,0.068,0.6839999999999999,0.952,0.52,0.104,0.602,0.448,0.386,0.146,0.426,1,38889,1696,286
7RJu-I7FndQ,0.4414285714285714,0.15,0.4357142857142856,0.5828571428571429,0.4785714285714286,0.692857142857143,0.2171428571428571,0.8785714285714284,0.8157142857142857,0.4528571428571428,0.4599999999999999,0.7271428571428571,0.3571428571428571,0.2599999999999999,1.042857142857143,1.3914285714285717,1.0242857142857142,1,348268,13056,972
7Sp71mIqyfM,0.4866666666666666,0.3633333333333333,0.5299999999999999,0.0266666666666666,1.1933333333333334,0.8933333333333332,0.2366666666666666,0.71,1.42,0.97,0.32,0.31,1.11,0.3999999999999999,0.1766666666666666,0.42,0.2066666666666666,1,13360,188,36
7Ud67OkzpQs,1.4500000000000002,1.585,0.525,1.78,0.82,1.11,0.22,1.6,2.09,0.47,0.12,0.0,0.125,0.02,2.6950000000000003,0.745,0.0,2,131598,4486,620
7VN3Ck1ZGEs,2.61,0.57,0.66,1.05,0.67,2.74,0.0,0.48,0.61,0.0,0.89,0.0,0.0,0.0,0.0,0.0,0.03,1,4604,362,34
7WQdBSWfixI,1.14,0.0,0.0,0.05,1.98,1.51,0.27,1.45,2.6,0.63,0.37,0.0,0.0,0.0,1.74,0.0,0.0,0,317587,13111,1050
7WsksXmb3CQ,0.0,0.06,0.0,2.02,0.0,0.0,0.0,1.91,0.52,0.0,0.76,1.11,0.0,0.0,0.18,2.38,0.0,1,66344,3807,435
7XPHGhEZF2A,2.17,2.61,1.49,1.92,0.36,0.0,0.64,1.86,0.34,0.84,0.58,0.06,0.0,0.0,1.31,0.93,0.0,2,1945102,31865,3255
7Y7ZcQgXMSA,0.68,0.0066666666666666,0.0,0.31,1.04,0.9266666666666667,0.0733333333333333,0.7166666666666667,1.5733333333333337,1.0133333333333334,0.12,0.0,0.6066666666666666,0.0,1.2666666666666668,0.7666666666666666,0.1266666666666666,0,360469,3482,67
7YUERW_rvzI,0.3833333333333333,0.0,1.2966666666666666,0.0966666666666666,1.4733333333333334,1.4866666666666666,0.3166666666666667,2.306666666666666,2.4,1.81,0.0,0.0,0.5533333333333333,0.0433333333333333,2.1466666666666665,0.0499999999999999,0.9466666666666668,0,124349,4745,360
7ZK_w2w9obo,0.12,0.0,0.26,0.0,2.4425,2.53,1.0925,1.8175,2.225,0.875,0.1,0.0925,0.04,0.105,2.0725,0.0125,0.7475,0,208499,11005,764
7_hNGE5sn-g,2.0066666666666664,1.1166666666666667,0.52,0.82,0.1,0.4766666666666666,0.0,0.6933333333333334,0.6999999999999998,0.22,0.29,0.0,0.11,0.0433333333333333,1.1,0.6233333333333333,0.9033333333333332,2,269655,8868,2203
7i9At3fld3Q,0.88,0.0,0.91,0.0,0.35,1.38,0.71,0.62,0.66,0.87,0.83,0.0,0.0,0.0,0.71,0.0,0.0,1,334,21,6
7jDrzdX2Ucc,0.955,0.965,0.18,0.405,0.11,0.26,0.52,0.5449999999999999,0.65,0.0,1.045,1.595,0.03,0.09,0.335,0.12,1.44,1,129909,0,209
7kE0sj0R8mE,1.1800000000000002,0.91,0.13,1.89,0.215,0.0,0.0,0.7250000000000001,0.435,0.0,0.6950000000000001,0.1,0.0,0.0,0.115,0.0,0.0,1,1300,87,31
7ltfXT5hdRQ,1.405,1.4,0.0,1.6425,1.395,0.9075,0.3249999999999999,0.92,1.4825,1.3275,0.45,0.4375,0.0775,0.155,1.9975,0.6075,0.115,2,93699,2281,63
7mvvufB7rlQ,0.225,0.315,0.0,0.0,0.0,0.375,0.0,0.34,0.17,1.28,0.215,0.645,0.3,0.77,0.985,0.575,0.16,1,683,32,12
7ngJLi9cgYs,1.7066666666666668,0.23,0.0,0.6733333333333333,0.8933333333333332,1.5499999999999998,0.0266666666666666,0.5466666666666667,0.52,0.4533333333333333,0.6866666666666666,1.7066666666666668,0.0,0.0966666666666666,0.0,0.3366666666666666,0.4966666666666666,1,400380,22309,4025
7pD0XOWc5nU,2.37,0.51,0.0,0.39,1.76,2.47,0.67,2.54,2.02,1.69,1.91,0.0,0.0,0.0,3.77,0.0,0.0,0,44850,0,177
7yEFkxss_i8,0.0,0.0,0.0,0.0,0.055,0.7150000000000001,0.655,0.21,0.585,0.0,0.64,0.0,0.0,0.0,0.5700000000000001,0.16,0.775,1,2152,106,15
7zaMbzqj8AI,0.9075,0.185,0.0,1.49,0.435,0.7450000000000001,0.4375,0.875,0.4549999999999999,0.62,0.32,0.0,0.045,0.0375,0.6225,0.565,0.0,1,124107,4214,526
80oICq8QAew,0.6466666666666666,0.1566666666666666,0.22,1.5833333333333333,0.3233333333333333,0.1633333333333333,0.36,0.47,0.3533333333333333,0.1399999999999999,0.6133333333333334,0.3133333333333333,0.21,0.0,0.0699999999999999,0.0033333333333333,0.0,1,368208,4998,472
82dNxf_pWFE,0.33,0.0,1.43,0.0,1.53,0.0,0.0,0.71,2.63,0.37,0.26,0.0,0.98,0.0,0.15,0.0,0.0,1,306,1,0
82iwdUjVZMc,0.702,0.01,0.196,0.576,0.1119999999999999,0.224,0.608,1.034,0.5519999999999999,0.57,0.2339999999999999,0.048,0.442,0.072,1.018,0.42,0.152,1,20789,1300,124
84fQk0qUAsQ,1.1933333333333334,0.68,0.9516666666666668,1.545,0.3216666666666667,0.31,0.2816666666666667,0.6566666666666666,0.605,0.1033333333333333,0.365,0.3866666666666667,0.0,0.0,1.3166666666666669,0.1483333333333333,0.1333333333333333,1,184715,4845,134
84zd0pIlcXo,0.115,0.0,1.235,0.68,0.545,1.02,0.855,1.39,0.475,0.0,1.175,0.0,0.0,0.29,0.8,0.155,0.735,1,467113,15573,1559
86ZDNvmGZC8,0.462,0.128,1.004,0.16,0.142,0.736,0.0,0.488,0.382,0.314,0.0699999999999999,0.6639999999999999,0.034,0.22,0.024,0.5820000000000001,0.336,1,535214,12969,467
86gs985X5tU,0.4566666666666667,0.2266666666666666,0.45,0.0999999999999999,0.1099999999999999,0.73,0.0266666666666666,0.16,0.9366666666666666,1.08,0.5133333333333333,0.45,0.4266666666666667,0.1433333333333333,0.5533333333333333,1.05,0.1066666666666666,1,1470,27,0
87If-Q2pJWQ,0.0,0.0,0.4833333333333333,0.4866666666666666,0.0533333333333333,0.16,0.2233333333333333,0.0,0.0,0.03,0.3733333333333333,0.0,0.1266666666666666,0.0033333333333333,0.0,0.0533333333333333,0.3233333333333333,1,7995131,99734,6902
87q34iZbUXM,0.0,0.0,0.0,0.88,1.18,0.0,0.0,1.18,1.24,2.41,0.97,0.09,1.68,0.82,0.0,0.0,0.0,1,74703,2279,367
8AoRrFwRcZc,0.22,0.0,2.05,0.59,1.2,2.1,0.59,2.26,0.29,0.3,0.53,0.27,0.0,0.0,1.43,1.3,0.0,0,277038,9348,1200
8DMKzuGsBao,0.3033333333333333,0.4233333333333333,0.01,0.8266666666666667,1.6933333333333334,1.68,0.4933333333333333,1.86,1.9933333333333327,1.6366666666666667,0.41,0.64,0.2266666666666666,0.0,1.9833333333333327,1.5133333333333334,0.02,0,19107,555,34
8G6-h5XFgbM,0.2,0.0,0.0,0.0,1.945,2.9,0.8999999999999999,1.355,1.91,1.6749999999999998,0.28,0.0,0.9,0.09,2.02,0.855,0.225,0,571710,13713,901
8HG8lmI2Dyg,1.0266666666666666,0.1533333333333333,0.5466666666666666,0.7833333333333332,0.91,0.0,0.36,1.8333333333333333,1.8866666666666667,1.4833333333333332,0.2166666666666666,0.2033333333333333,0.0,0.0,1.71,0.48,0.2799999999999999,0,61148,2121,146
8KIMFLiprXo,1.4249999999999998,0.48,0.0,0.48,1.06,0.575,0.605,1.0399999999999998,1.865,1.125,0.16,0.495,0.33,0.0,1.3,0.0,1.295,0,115598,4434,207
8KkXk5XEZgY,1.0,0.1,0.0,0.04,0.26,0.0,0.16,0.56,1.39,1.56,0.0,0.0,0.31,0.0,1.49,0.0,0.0,1,61162,1782,179
8M5VTBEQGso,0.555,0.065,0.255,0.065,0.87,1.15,0.0,1.365,1.21,1.3199999999999998,0.26,0.705,0.0,0.315,1.93,1.5,0.245,0,27140,1490,207
8P9QdIHT3sk,1.1175,0.0,0.0,0.5375,1.0450000000000002,0.9225,0.4575,1.4375,1.9975,1.4449999999999998,0.1825,0.0,0.9975,0.23,1.49,0.0275,0.3899999999999999,0,397561,15503,1726
8QhrjzWjbGE,0.6333333333333333,0.2066666666666666,0.21,0.1266666666666666,2.1166666666666667,0.6699999999999999,0.6733333333333333,1.8233333333333333,2.0033333333333334,1.906666666666667,0.0033333333333333,0.79,0.64,0.5533333333333333,1.1033333333333333,0.6466666666666666,0.69,0,12924,581,57
8Rg0U7RW1ww,1.0,0.504,0.218,0.3259999999999999,0.424,0.694,0.106,0.8480000000000001,0.796,1.454,0.51,0.5559999999999999,0.206,0.49,0.148,0.11,0.0,1,205,5,3
8UQB5t_euOI,1.35,0.24,0.0,0.17,0.22,0.0,0.0,0.53,0.29,0.66,1.07,0.0,0.0,0.08,0.0,0.0,0.0,1,1479,54,4
8Uc8HZrTqr0,0.4349999999999999,0.0,0.215,0.45,0.32,0.8350000000000001,1.045,0.145,0.045,0.485,0.5,1.075,1.2599999999999998,0.05,0.38,0.89,0.11,1,116932,4588,195
8WOHRXf1sj0,0.4599999999999999,0.0,0.175,0.215,2.48,1.67,0.655,2.345,2.765,1.365,0.0,0.375,1.095,0.0,2.015,0.18,0.22,0,190833,4662,447
8WdK8j3Cndw,0.615,0.015,0.22,1.045,0.74,0.75,1.075,0.505,0.29,0.645,1.08,0.31,0.405,0.0,0.815,1.16,0.0,1,16527,760,69
8XMh30agFpk,1.06,0.45,0.535,0.36,0.955,1.09,0.0,0.8700000000000001,1.59,0.745,0.26,0.0,0.0,0.0,1.105,0.045,0.24,1,43077,2504,301
8X_d-IVydP4,0.13,0.0,0.0,0.0,1.24,3.21,0.38,1.22,1.61,0.28,0.49,0.0,0.92,0.0,1.07,0.0,0.0,0,6892,501,54
8Zw4O3ZXdfQ,1.37,0.6,0.09,0.0,0.85,1.28,0.0,0.88,0.71,0.0,0.0,0.0,0.27,0.0,2.02,0.0,0.42,1,29976,1609,141
8_A_aV_PjYE,0.03,0.0,0.0,0.0,0.8150000000000001,0.635,0.165,0.4599999999999999,0.99,2.28,0.0,0.18,0.505,0.135,0.0,0.0,0.0,1,21763,804,212
8_wGkSYK3Yk,0.1366666666666666,0.0,0.9233333333333332,0.12,0.7233333333333333,0.8033333333333333,0.7266666666666666,1.086666666666667,0.88,1.336666666666667,0.02,0.2466666666666666,0.2866666666666667,0.19,1.346666666666667,1.01,0.9566666666666668,0,212080,6022,426
8baHlJrFQ4w,0.54,0.0,0.155,0.0,2.385,1.7999999999999998,1.035,2.535,2.61,2.165,0.26,0.0,0.355,0.0,2.225,0.13,0.1,0,17835,1212,91
8f0-OcYW5zA,0.925,0.27,0.39,0.78,2.04,0.97,0.84,1.765,2.115,1.02,0.0,0.0,0.505,0.0,1.525,0.515,0.0,0,1679,32,9
8kcD3vk12AY,0.7033333333333333,0.1766666666666666,0.0,0.68,1.1133333333333335,0.4833333333333334,0.35,1.0,1.09,0.7866666666666667,0.2266666666666666,0.0,0.3233333333333333,0.09,1.9966666666666668,0.2433333333333333,0.0533333333333333,0,278885,7512,467
8l4FjqCF7sE,1.38,0.115,1.045,0.0,0.13,1.135,0.15,0.085,0.66,0.455,0.355,0.215,0.275,0.3399999999999999,0.2,0.265,1.115,1,114,8,4
8mPk9KW_5XE,0.77,0.17,0.28,0.0,0.98,0.0,0.2,0.38,1.72,2.36,0.0,0.0,0.0,0.04,0.6,0.09,0.0,0,97,27,14
8nYDDMN3JlA,1.1316666666666666,0.3183333333333333,1.5566666666666666,1.2533333333333334,0.2066666666666666,0.2616666666666666,0.38,0.6349999999999999,0.0,0.1766666666666666,0.465,0.1633333333333333,0.1916666666666666,0.1149999999999999,0.2216666666666666,1.6233333333333333,0.0,1,14736,635,61
8qCqpy2emLk,1.165,0.04,0.5700000000000001,1.35,1.905,2.855,0.775,2.8,1.95,1.315,0.075,0.125,0.29,0.0,2.575,0.5900000000000001,0.735,0,1020529,56609,3492
8sXHEs-bfi8,0.58,0.245,0.2825,1.7775,0.1925,0.475,0.0,0.6699999999999999,0.0,0.0,0.7424999999999999,0.0775,0.4624999999999999,0.07,0.1,0.2025,0.0,1,132268,6949,422
8shGtApcXNU,2.2,3.67,0.0,2.26,0.0,0.0,0.26,1.2,0.69,0.0,0.0,0.0,0.0,0.26,1.04,0.4,0.0,2,4688,497,61
92rUJQFLbnI,1.6716666666666666,0.5033333333333333,1.4266666666666663,0.7466666666666667,0.1616666666666666,0.7916666666666666,0.0116666666666666,0.5333333333333333,0.3116666666666667,0.6833333333333332,0.2833333333333333,0.3033333333333333,0.6916666666666668,0.03,0.215,1.245,0.385,1,15572,910,92
95xSTaZ6d70,0.3675,0.0,0.295,0.1075,1.7875,1.7925,0.645,1.9325,1.7675,1.1424999999999998,0.4674999999999999,0.04,0.495,0.0575,1.585,0.355,0.765,0,142859,8639,1016
9BH-FsQS_Y8,0.15,0.1025,0.0925,0.03,0.9025,1.5075,0.2625,0.625,1.15,0.475,0.065,0.04,0.46,0.0,0.735,0.2825,0.0,1,4614,98,29
9BIzz1Fqhgk,0.45,0.01,0.0,0.69,1.61,0.0,0.38,1.36,2.0,1.84,0.1,0.0,1.62,0.42,1.5,0.0,0.0,0,70379,3101,417
9E0_8KPvOt0,0.56,0.3,0.0,0.17,0.01,0.25,0.0,0.0,0.0,0.0,0.0,0.0,0.02,0.0,1.4,0.01,0.0,1,241977,4077,1072
9IiRJUesFNk,1.2,0.0,1.31,0.03,0.0,0.56,0.0,0.31,0.0,0.0,0.37,0.0,0.0,0.0,0.24,0.56,0.23,1,30095,1233,187
9LnHXmnWMZ8,2.32,1.68,0.0,1.22,0.64,1.08,0.0,0.0,0.71,0.23,0.0,0.23,0.38,0.0,0.0,0.0,0.0,2,63667,6444,623
9Q5NLLmgCFw,0.0,0.0,0.0,1.19,0.65,0.0,0.0,0.73,1.24,2.67,0.43,0.02,1.5,0.42,0.0,0.0,0.0,1,84000,2633,524
9Qlof7jPQpg,0.1,0.0,0.15,0.0,2.01,1.225,0.23,1.075,2.04,0.885,0.11,0.0,0.6000000000000001,0.06,1.795,0.39,0.215,0,17834,729,106
9VHlFHJOoF8,0.47,0.0,0.27,0.4133333333333333,1.4333333333333331,2.333333333333333,0.8533333333333334,1.7966666666666666,1.3033333333333337,0.5800000000000001,0.1233333333333333,0.0933333333333333,0.0566666666666666,0.09,1.2866666666666668,0.5066666666666667,0.2766666666666666,0,25795,1273,111
9_7UvrHiy6k,1.465,0.995,0.0,0.035,2.255,1.25,0.26,1.6999999999999995,2.08,1.215,0.0,0.0,0.52,0.0,2.515,0.605,0.53,0,4090292,127609,12272
9_Iu3w6DVyQ,1.41,0.0,0.135,0.785,0.4599999999999999,1.465,0.0,0.875,0.37,0.0,0.445,0.0,1.31,0.0,0.53,0.0,0.82,1,501,42,9
9bW4p2CvkNY,0.97,0.71,2.45,0.0,1.41,0.12,1.61,2.61,1.94,3.12,0.0,2.11,0.4,0.63,0.04,0.0,0.58,0,1653887,37217,14901
9cd2ILefikA,0.674,0.074,0.678,0.988,0.932,0.672,0.18,1.3219999999999998,1.432,1.148,0.096,0.046,0.44,0.0,1.314,0.4,0.1319999999999999,0,267846,8373,539
9dUzCi1YGQ4,0.1466666666666666,0.0,0.1133333333333333,0.62,2.01,1.49,0.3566666666666667,1.5333333333333332,2.2166666666666663,1.8866666666666667,0.2866666666666667,0.0,0.3033333333333333,0.0,1.9266666666666663,0.1266666666666666,0.0,0,118034,3520,473
9fKsaaUZgbs,0.14,0.0,0.66,0.0,3.02,1.69,1.15,2.99,3.37,1.46,0.0,0.0,0.0,0.0,3.13,0.7,0.12,0,11502,1421,343
9ge3G_sWFlw,0.42,0.0,0.0,0.27,1.92,1.93,0.35,1.34,2.3,1.35,0.0,0.0,0.59,0.0,2.81,0.9,0.0,0,438844,10752,835
9iinyVgYTu8,1.19,0.0,0.0,0.0,0.58,2.01,1.07,0.53,0.34,0.0,0.23,0.0,0.0,0.0,1.32,0.0,0.7,1,150277,6488,525
9jTY_F3I8OI,0.5166666666666667,0.1766666666666666,0.1566666666666666,0.0,1.78,2.67,0.3033333333333333,1.37,1.2866666666666666,0.6866666666666666,0.12,0.0,0.09,0.0,1.5666666666666669,0.5866666666666667,0.1333333333333333,0,94611,4303,514
9kHEGh0S2E4,0.44,0.35,0.36,1.725,0.87,0.7949999999999999,0.0,2.37,1.3,0.33,0.315,0.52,0.0,0.0,1.155,0.0,0.0,1,41793,1063,94
9pyrNSKb16Y,1.51,0.0,1.99,0.0,2.35,1.73,1.4,2.39,2.37,2.26,0.01,0.0,1.06,0.49,1.14,0.0,0.0,0,5469,192,19
9sAZ50a_l5M,0.0,0.0,0.0,0.145,1.545,2.005,0.57,0.93,1.66,1.245,0.0,0.0,0.74,0.265,1.825,1.195,0.07,0,7779,517,68
9t6PWAbylh4,1.3199999999999998,0.365,0.36,0.275,0.965,0.0,0.09,0.38,1.705,1.1800000000000002,0.17,0.0,0.8250000000000001,0.0,1.285,0.08,0.05,1,1533,187,43
9t7JItsq3as,0.06,0.0,0.0,0.0,1.903333333333333,2.45,0.7966666666666667,1.933333333333333,2.52,1.2266666666666666,0.1533333333333333,0.0,0.3699999999999999,0.1099999999999999,2.903333333333333,0.91,0.0,0,53129,1482,43
9zoaiIkFwiI,0.0,0.0,0.52,0.0,2.72,3.5,0.86,2.01,2.6,1.62,0.0,0.0,1.38,0.73,2.9,0.95,0.0,0,705,71,88
A-qi6EZGJgM,0.58,0.13,0.0,0.9,0.02,0.14,0.0,0.0,0.0,1.04,0.06,0.0,0.0,0.0,0.0,0.0,0.0,1,87028,3421,1299
A07-gmV4Mos,1.096666666666667,0.1533333333333333,1.25,1.0533333333333337,0.79,0.7433333333333333,0.3466666666666667,2.1333333333333333,0.8966666666666666,0.1666666666666666,0.4266666666666667,0.31,0.99,0.0,1.15,0.3733333333333333,0.0666666666666666,1,35488,3071,211
A08KjPeqgl4,0.13,0.0,0.0,0.85,2.29,1.38,0.07,2.35,2.54,1.16,0.0,0.0,0.39,0.0,2.73,0.36,0.0,0,7639,647,111
A0qYNooALHk,0.972,0.124,1.15,1.262,0.37,0.4679999999999999,0.154,0.374,0.506,0.716,0.47,0.756,0.088,0.2219999999999999,0.4679999999999999,0.086,0.0679999999999999,1,30302,1197,181
A1tEA4AGJIE,1.534,0.156,0.828,1.5239999999999998,0.102,0.3339999999999999,0.142,0.256,0.206,0.0,1.484,0.116,0.24,0.412,0.486,0.31,0.022,1,294756,7110,937
A2_vSVmLeQs,1.5699999999999998,1.34,0.575,0.805,1.565,1.46,0.69,1.07,2.115,2.29,0.0,0.0,0.205,1.215,3.005,0.95,0.25,0,15286,697,56
A2bdBzrRHfs,0.26,0.87,1.495,0.0,1.785,0.47,0.39,0.945,1.66,1.29,0.0,0.0,0.0,0.15,1.87,0.39,1.56,0,28033,1134,110
A54fT5PWTIc,0.345,0.325,0.0,0.0,1.7400000000000002,2.055,0.93,2.28,2.35,0.48,0.0,0.0,0.0,0.0,2.085,0.16,0.94,0,32151,1286,203
A6G0NXmETR4,0.61,0.0725,0.595,0.7749999999999999,0.895,1.025,0.5725,1.6425,1.495,1.37,0.2975,0.1899999999999999,0.1375,0.455,0.7425,0.335,0.5425,0,100574,1293,304
A7AWtH1mfZs,0.16,0.0,0.7250000000000001,0.395,0.185,0.695,0.665,0.895,0.0,0.625,1.58,0.61,0.32,0.0,0.125,0.405,0.0,1,8083,441,67
A7oeGayicnc,0.065,0.0,0.0,1.415,0.395,0.905,0.735,1.365,0.0,0.06,1.365,1.23,0.44,0.09,0.0,0.63,0.37,1,125,2,0
A9rc7uugB6g,0.205,0.0,0.12,0.0,1.185,2.37,0.915,0.945,1.28,0.21,0.1,0.0,0.0,0.0,1.1800000000000002,0.6,0.0,0,134883,3285,220
ABUx5euD2vk,0.855,0.06,0.495,0.0,1.2200000000000002,1.265,0.52,0.8,1.1,0.575,0.655,0.61,0.38,0.055,0.27,0.0,1.155,1,82949,45,13
AEp-JC1jHvw,0.55,0.0,1.1,0.0,0.17,2.82,0.19,0.0,0.0,0.0,0.61,2.51,1.18,0.65,0.05,1.66,0.11,1,4325,170,69
AJ1dWqy_rws,0.772,0.016,0.174,0.16,1.534,1.688,0.2339999999999999,1.778,1.414,1.088,0.782,0.484,0.3399999999999999,0.274,1.234,0.558,0.2599999999999999,0,78715,2444,453
AJF7cjAgZ9M,0.19,0.87,0.0,0.78,2.35,3.96,0.44,1.27,2.85,0.35,0.0,0.0,0.59,0.0,3.22,0.57,0.0,0,32,56,6
AKjlkab1YRo,3.29,3.57,0.3,4.03,0.0,0.0,0.0,1.84,1.19,0.0,0.33,2.1,0.15,0.0,1.29,0.08,0.0,2,453,14,23
AMjJd3fnND0,1.257777777777778,0.3077777777777777,0.3766666666666666,0.5388888888888889,0.0777777777777777,0.3455555555555555,0.0433333333333333,0.2922222222222222,0.0422222222222222,0.0,0.95,0.3711111111111111,0.5666666666666667,0.0133333333333333,0.1166666666666666,0.1477777777777777,0.1055555555555555,1,111596,4105,541
ANpbL70-1VI,0.0,0.0,0.0,0.0,1.53,1.74,1.51,2.29,1.0,0.64,2.1,1.25,2.02,0.0,0.22,1.01,0.47,0,438532,10022,859
AQBE65iSM-E,0.26,0.0,0.1166666666666666,0.3933333333333333,0.88,0.8933333333333334,0.9066666666666666,0.85,0.66,0.22,0.9566666666666668,0.9733333333333332,0.1833333333333333,0.0,1.4433333333333334,2.296666666666667,0.7566666666666667,1,7874,415,34
AQtTuTZyNiA,0.13,0.47,0.0,0.0,1.91,2.73,0.0,3.8,2.65,2.98,0.33,0.0,0.26,0.0,1.64,0.15,0.0,0,778,31,0
ARMdb7fgfQU,0.7,1.02,0.37,0.79,0.92,0.02,0.29,1.58,1.33,0.0,1.09,0.27,0.0,0.0,2.56,0.0,0.0,1,101692,5475,611
ATurpKuYqg4,1.89,1.83,0.0,3.49,0.0,0.0,0.0,2.21,0.67,0.12,0.0,0.0,0.48,0.0,2.45,1.33,0.0,2,12167,463,110
AUuZXLaqerc,1.685,0.225,0.405,0.705,0.55,2.405,0.0,0.295,0.6950000000000001,0.0,1.665,0.59,0.19,0.0,0.0,0.0,0.0,1,10259,637,58
AUvVSN8YWZs,2.09,1.88,0.0,2.655,0.6875,0.315,0.045,1.315,1.6875,0.7000000000000001,0.2299999999999999,0.0,0.0075,0.165,2.0475,0.8724999999999999,0.0,2,182015,9030,274
AV8WgtQu6JE,0.2,0.0,0.0,0.63,1.59,2.97,0.46,1.69,2.34,0.59,0.0,0.0,0.0,0.0,2.38,0.46,0.0,0,210590,5067,585
AVRltPV1VQE,0.7433333333333333,0.1899999999999999,0.0,1.2866666666666668,0.5266666666666667,0.0499999999999999,0.1399999999999999,0.48,0.3833333333333333,0.1866666666666666,0.3033333333333333,0.6066666666666667,0.9433333333333334,0.2466666666666666,0.3066666666666667,0.5166666666666667,0.3466666666666667,1,2364669,37570,2153
AY57GEPf2DQ,0.09,0.0,0.58,1.77,0.16,0.0,0.0,0.0,0.44,0.0,0.69,0.4,0.0,0.21,0.0,0.0,0.0,1,127519,3726,1130
AYr7y-JfhN8,1.11,0.0,0.11,0.19,0.88,2.08,0.0,0.0,0.08,0.0,0.1,1.98,0.64,0.29,0.0,0.0,0.0,1,545825,17279,1896
A_HLtsg4TVA,0.0,0.0,0.8,0.0,2.68,2.11,0.85,2.06,3.23,3.16,0.0,0.0,0.0,0.0,2.44,0.0,0.0,0,4562,265,119
Abq7F6HGIX8,1.69,1.79,0.18,2.55,0.0,0.01,0.0,0.0,0.29,0.0,1.02,2.44,0.15,0.09,0.0,0.27,0.0,2,370657,12854,1755
AhVOJm6v5Ig,0.03,0.0,0.0,1.01,1.63,1.38,0.0,1.8,2.08,0.0,0.43,0.0,0.0,0.0,2.75,1.47,0.0,0,72380,2869,152
AinyNd4rv2I,0.77,1.325,0.35,1.2525000000000002,0.0,0.0975,0.0,0.965,0.305,0.0,0.095,0.08,0.1475,0.0,2.0575,1.805,0.5725,2,946899,15553,414
Al7xFwszHQM,0.23,0.46,0.28,1.62,0.03,2.16,0.59,1.01,0.51,1.43,0.1,1.82,0.0,0.06,0.0,0.58,0.0,1,198849,6689,733
Al9Hk6_w2Qo,0.1399999999999999,0.3899999999999999,0.8433333333333334,0.0633333333333333,1.8833333333333333,2.11,1.0433333333333332,1.01,2.513333333333333,0.8733333333333332,0.0,0.0,0.8666666666666667,0.0499999999999999,2.64,0.6699999999999999,0.33,0,25260,874,43
AmgEFzgnvP4,0.4000000000000001,0.0,0.3566666666666667,1.4933333333333332,0.3533333333333333,0.39,0.0,0.5366666666666666,0.13,0.3699999999999999,0.4366666666666667,0.7066666666666667,0.3533333333333333,0.8366666666666666,0.6433333333333333,0.21,0.2066666666666666,1,21173,694,99
ApTB0sxAEpw,0.174,0.172,0.184,0.486,0.6719999999999999,0.762,0.0,0.4859999999999999,1.14,0.966,0.0,0.0,0.118,0.0,1.0779999999999998,0.064,0.124,1,132861,6301,302
AqT2DLoO7Gs,1.08,0.025,0.0,0.0,1.39,1.095,0.575,1.805,1.425,0.29,0.0,0.0,0.36,0.0,2.805,1.835,1.315,0,8499,517,43
Av4KKPcv_Ds,0.4366666666666666,0.1366666666666666,0.03,0.0,0.22,0.6466666666666667,0.0633333333333333,0.0633333333333333,0.3766666666666667,0.4333333333333333,0.0,0.0,0.2199999999999999,0.0,0.6366666666666666,0.2566666666666666,0.3366666666666666,1,142795,3304,931
AwD4OYyEOUA,0.0,0.0,0.0,0.0,0.34,1.88,0.0,0.37,1.31,1.81,0.0,0.0,0.41,0.0,0.63,0.0,0.0,1,6538,127,28
AwWl2LwQ2-c,0.69,0.0,0.0,0.0,4.01,2.7,1.06,3.35,3.64,2.06,0.0,0.0,0.0,0.0,3.73,0.95,0.54,0,5184,189,23
Awe5mrMvJPI,0.3728571428571428,0.29,0.5328571428571429,0.6428571428571429,0.4357142857142856,0.3285714285714285,0.3442857142857142,1.018571428571429,1.082857142857143,0.9471428571428572,0.2985714285714285,0.2628571428571428,0.5399999999999999,0.0157142857142857,0.6571428571428573,0.2942857142857143,0.35,1,27886,685,66
AxJ1YGnc1nY,2.8,3.49,0.23,2.36,0.0,0.0,0.0,2.24,1.74,2.77,0.0,0.22,0.91,0.0,2.44,0.82,0.0,2,458974,12285,1963
AyZZUJGMrio,0.57,0.0,0.0,0.0,1.63,1.11,1.06,0.64,0.53,0.0,1.44,2.35,0.38,0.06,0.0,0.05,0.0,1,2682,13,6
B-MuZV0B91o,0.59,0.135,0.135,2.095,0.18,0.845,0.225,0.0,0.0,0.0,0.225,0.92,0.855,0.53,0.83,0.565,0.0,1,18551,1206,170
B-Ux7ehmojs,0.645,0.0,1.03,0.33,0.63,0.375,0.38,1.7400000000000002,1.37,1.165,0.11,0.0,0.0,0.0,1.085,0.305,0.885,0,22504,1563,105
B5gs2MyCiRY,0.8,0.4525,0.5725,0.75,0.3025,0.6375,0.7975000000000001,0.4225,0.6675,1.215,1.1575,1.3975,0.0925,0.65,0.3675,1.36,0.28,1,604471,7470,1082
B7Hi2gCYx0g,0.2466666666666666,0.075,0.9158333333333334,0.1091666666666666,0.185,1.0433333333333332,0.6366666666666666,0.0558333333333333,0.0658333333333333,0.0491666666666666,0.2425,0.5258333333333334,0.3775,0.1358333333333333,0.0825,0.3866666666666666,0.0783333333333333,1,16166,896,90
B7SbnMo9r5Q,0.0,0.0,0.0,0.59,1.38,1.94,0.0,0.9,1.82,0.49,0.0,0.0,0.0,0.0,1.73,1.15,0.0,0,38470,1861,279
B7bX5AlQu6c,0.315,0.0,0.0,1.545,0.905,0.715,0.59,1.605,0.985,0.0,0.51,0.305,0.0,0.0,0.695,0.4549999999999999,0.4,1,74967,2039,272
B8d7D1Idinw,0.45,0.1166666666666666,0.2299999999999999,0.2933333333333333,0.0,0.7466666666666666,0.09,0.0633333333333333,0.34,0.22,0.27,0.5533333333333333,0.3333333333333333,0.3899999999999999,0.04,1.3066666666666666,0.57,1,40521,2112,438
B9UfnHQWJZc,0.1933333333333333,0.0533333333333333,0.1366666666666666,0.4233333333333333,0.51,0.0,0.1866666666666666,0.7366666666666667,0.7333333333333334,1.0833333333333333,0.0999999999999999,0.5966666666666667,0.24,0.2133333333333333,0.3433333333333333,0.31,0.0266666666666666,1,3893,292,37
BD2RRl7wPMw,0.0266666666666666,0.0,0.1666666666666666,0.0,1.1766666666666667,1.03,0.0766666666666666,1.0233333333333334,1.6933333333333334,0.9133333333333334,0.02,0.0866666666666666,0.4766666666666667,0.0,0.6166666666666666,0.1766666666666666,0.04,0,198186,2144,178
BFRmS1RSYYY,1.11,1.7,0.655,2.43,1.33,1.305,0.055,1.91,2.285,1.03,0.0,0.0,0.0,0.115,2.625,0.0,0.0,0,66410,2748,90
BFndAL9KPc0,0.6166666666666667,0.6316666666666667,0.0,0.86,0.2816666666666667,0.3533333333333333,0.0,0.3466666666666667,0.7033333333333333,0.4416666666666666,0.1916666666666666,0.13,0.065,0.0483333333333333,0.84,0.6966666666666667,0.025,1,44940,2003,93
BHR9ht4QVuM,0.0,0.55,0.0,0.81,2.23,0.73,0.83,1.42,2.62,1.89,0.0,0.99,0.97,1.37,0.97,1.12,0.0,0,5826,479,136
BKBIU-YJJc8,0.945,0.35,0.665,0.425,0.03,0.0,0.935,1.35,0.025,0.25,1.04,0.835,0.0,0.0,0.085,0.825,0.26,1,229835,6266,622
BKKZBeRVSfw,0.592,0.2259999999999999,0.623,0.531,0.194,0.935,0.226,0.329,0.383,0.5599999999999999,0.128,0.065,0.12,0.101,0.3339999999999999,0.37,0.031,1,179304,6673,197
BKi1QTM3Rto,0.9966666666666666,0.4633333333333333,0.81,0.4599999999999999,0.31,0.8233333333333334,0.0,0.2366666666666666,0.0866666666666666,0.34,0.3966666666666666,0.4966666666666666,0.04,0.4466666666666667,1.0433333333333332,0.8166666666666668,0.1366666666666666,1,9758,68,7
BNEcbKDIIgg,1.5133333333333334,0.7266666666666667,0.0,0.5766666666666667,0.0,0.0,0.0,0.51,0.61,0.2166666666666666,0.59,0.5333333333333333,0.1899999999999999,0.09,0.8799999999999999,0.6566666666666666,0.0,1,175823,8641,435
BNdsUvQjNp4,1.2154545454545456,0.3381818181818181,0.58,0.9472727272727272,0.1281818181818182,0.1836363636363636,0.1027272727272727,0.2772727272727273,0.24,0.2881818181818181,0.5081818181818182,0.4836363636363636,0.859090909090909,0.3381818181818182,0.3309090909090909,0.4718181818181818,0.3290909090909091,1,104794,2865,69
BPm6ggIwMzQ,1.62,2.555,0.0,3.9,0.0,0.0,0.0,0.08,0.0,0.0,0.13,0.71,0.0,0.0,0.14,0.97,0.175,2,23776,1262,75
BROKaSugx-Q,1.26,0.0,0.0,0.0,0.96,0.0,0.0,0.78,1.68,0.13,0.0,0.0,0.0,2.14,0.0,0.0,0.28,1,3954,206,40
BTkkdlCE-7c,0.0,0.0,0.0,0.0,1.42,2.41,0.0,2.5,2.68,0.11,0.0,0.0,0.1,0.0,2.41,0.72,0.0,0,55136,397,29
BUCANbJ9rZs,1.35,0.67,0.0,1.89,1.075,1.38,0.0,0.73,1.7600000000000002,0.485,0.16,0.0,0.155,0.0,1.515,0.0,0.115,2,588360,11737,883
BW96eqdLf_I,1.99,0.2,0.0,1.04,0.0,0.96,0.0,0.0,0.0,0.0,5.0,0.0,0.0,0.0,0.56,0.0,0.0,1,3138,52,0
BYqGB4NyzDI,0.97,0.0,0.42,1.6,1.23,0.29,0.26,0.39,1.07,0.0,0.12,1.12,0.6,0.36,0.0,0.0,0.47,1,7373,748,232
BZA1TUcHa4k,0.29,0.0,0.99,0.0,0.0,0.0,0.18,0.0,0.0,0.0,0.61,0.76,0.0,0.41,0.0,1.64,0.47,1,280771,13496,839
BZNzNVKim6w,1.035,0.0,1.415,0.09,0.0,0.37,0.0,0.11,0.0,0.0,0.4,0.41,0.0,0.53,0.0,0.01,0.0,1,455,18,9
B_h7W5zTbnk,0.4233333333333333,0.0,0.3333333333333333,0.2766666666666666,0.6566666666666666,1.1866666666666668,0.3766666666666666,0.8266666666666667,0.6966666666666667,0.0,0.36,0.3766666666666666,0.7966666666666667,0.0633333333333333,0.9766666666666668,0.9366666666666666,0.0699999999999999,1,224699,4129,214
BaxCa7M2I_s,0.0,0.0,0.0,0.94,0.59,1.94,0.62,0.42,0.76,0.0,0.9,0.0,1.33,0.0,2.55,0.77,0.0,1,140737,3437,177
BbfRMeClL5M,0.885,0.98,0.0,0.2,2.125,0.37,0.0,1.31,2.73,1.125,0.085,0.41,0.505,1.045,1.28,0.205,0.89,0,2542,224,132
BboemeR1PcA,0.154,0.0,0.482,2.17,0.376,0.6599999999999999,0.0,0.016,0.224,0.008,0.8959999999999999,0.326,0.53,0.044,0.172,0.562,0.0,1,5145081,91613,6028
BcNZNEZvU84,1.005,0.195,0.77,0.0,0.205,0.165,0.435,0.445,0.45,0.385,0.4549999999999999,0.0,0.16,0.105,0.835,0.115,0.0,1,171238,9034,728
Bfr7zkTXL9A,0.765,0.0,0.0,0.685,0.0,0.07,0.0,0.22,0.325,0.75,0.315,0.875,0.62,0.075,0.0,0.385,0.045,1,1310951,45432,6159
BfyuKROBWyE,1.03,1.215,0.0,0.19,2.03,1.835,0.455,1.665,3.185,1.2799999999999998,0.0849999999999999,0.0,0.45,0.0,2.715,0.825,0.0,0,18631,864,153
BgC1dsQDFRU,0.215,0.64,0.96,0.16,0.1,1.185,1.075,0.465,0.045,1.465,0.675,0.515,0.25,0.01,0.96,0.755,1.205,1,67,1,0
BjaKfnWjX9Y,1.3666666666666665,0.2083333333333333,1.0833333333333333,0.6033333333333334,0.4516666666666666,0.5316666666666666,0.1733333333333333,1.0033333333333332,0.7083333333333334,0.3983333333333334,0.4116666666666667,0.33,0.0566666666666666,0.0283333333333333,1.0216666666666667,0.305,0.05,1,3574,125,33
Bnc7liFjcvc,0.5720000000000001,0.382,0.194,1.536,0.164,0.5720000000000001,0.308,0.414,0.38,0.372,1.52,0.142,0.122,0.19,0.996,0.5900000000000001,0.004,1,475921,12647,754
BppgvPJZMlA,1.57,0.0,0.41,0.0,1.02,1.52,0.0,0.47,0.72,0.14,0.43,0.0,0.56,0.0,1.75,0.0,0.39,1,35634,2395,238
Bta_XWrA5lA,0.165,0.065,0.0,0.01,1.355,0.63,0.0,1.46,2.12,0.785,0.16,0.035,0.355,0.025,1.165,0.51,0.04,0,56086,978,200
BulWyYdhpFE,0.06,0.0,2.23,0.0,1.49,2.6,0.83,0.5,1.56,0.83,0.0,0.0,1.04,0.27,1.52,0.32,0.25,0,246615,6761,1219
Bv0XZHD98ss,0.6,1.04,0.04,1.72,0.0,0.0,0.0,0.12,0.0,0.0,0.0,0.55,0.0,0.0,0.16,0.5,0.0,1,244759,3288,246
C-LeFb0JS8k,0.0,0.0,0.0,0.0,2.56,0.55,1.36,1.62,2.43,1.97,0.0,1.21,0.82,0.66,0.05,0.32,0.02,0,3280,34,2
C1EwhDGdv14,0.51,0.24,0.0,0.67,0.0,0.0,0.0,0.0,0.63,0.0,0.1,0.0,0.0,0.0,1.63,1.07,0.0,1,8134145,91105,6735
C1ME3ETxuls,1.88,0.27,0.85,0.99,0.57,1.93,0.0,0.0,0.41,0.03,0.71,1.4,0.48,0.12,0.0,0.0,0.42,1,7901,64,26
C7JiTweF3xY,0.0,0.4,0.0,0.0,0.0,0.36,0.4,0.75,0.0,1.16,0.63,1.22,0.66,0.03,0.22,1.12,0.0,1,5086,419,89
C8O7aUkka4o,0.49,0.95,2.01,1.02,1.26,2.09,2.02,1.17,0.0,0.76,0.56,0.0,0.49,0.0,3.23,0.9,0.0,0,128610,6958,1330
CBmNk9pSsy4,0.42,0.48,0.0,0.0,0.42,0.0,0.0,1.03,1.9,0.84,0.0,0.0,0.4,0.0,2.53,1.15,0.0,0,431500,21632,1342
CDjZrY9CrNI,1.47,0.22,0.25,0.635,0.505,1.51,0.0,1.045,0.425,0.0,1.43,0.435,0.635,0.265,0.0,0.0,0.185,1,6817,420,85
CEfyMNrHkMs,0.94,0.0,0.375,0.755,1.165,0.0,0.125,1.98,2.015,1.445,0.0,0.0,0.21,0.0,1.415,0.0,0.0849999999999999,0,16382,946,119
CHCTHOi4ggk,0.5233333333333333,0.3333333333333333,0.2133333333333333,0.35,0.22,0.37,0.0966666666666666,0.5533333333333333,0.66,1.0166666666666666,0.0,0.1966666666666666,0.1533333333333333,0.0,0.9433333333333332,0.9466666666666668,0.6366666666666667,1,22947,1288,55
CI12BF_pW34,2.02,2.23,0.57,3.63,0.36,0.0,0.0,0.99,1.02,0.52,0.51,0.88,0.0,0.17,0.64,0.0,1.05,2,61925,3209,387
CI8PSPP9vlE,0.45,0.205,0.06,0.565,0.0,0.0,0.4,1.18,0.795,0.62,0.715,1.3,0.32,1.95,0.37,0.34,0.0,1,626244,15916,1833
CIvsSPNAzGg,0.27,0.56,0.0,1.29,0.0,0.45,0.0,0.0,0.0,0.0,0.0,1.13,0.0,0.19,0.08,0.16,0.68,1,66304,1890,321
CIzI1u5i8B8,0.83,0.58,0.0,0.0,2.37,1.09,0.79,2.1,2.17,0.28,1.18,0.0,0.23,0.0,2.49,1.4,0.77,0,131120,11906,844
CMnFoW7jj94,1.064,0.258,0.844,0.716,0.024,0.182,0.2279999999999999,0.842,0.2299999999999999,0.398,0.912,1.086,0.6459999999999999,0.0,1.156,0.818,0.292,1,421460,12066,415
CO1pMhYZZcw,1.1183333333333334,0.955,0.785,1.8016666666666667,0.36,1.11,0.1983333333333333,0.3433333333333333,0.415,0.1999999999999999,0.3766666666666666,0.3683333333333333,0.2883333333333333,0.1433333333333333,0.7783333333333333,0.7883333333333334,0.2383333333333333,1,557664,17922,837
CO418oACsEk,1.19,0.0,0.0,1.93,0.96,0.0,0.0,0.51,1.33,0.99,0.02,0.75,2.0,0.33,0.0,0.0,0.0,1,400700,22422,1613
CP6ijUixGdk,0.3075,0.4499999999999999,0.0,0.8325,0.0,0.2025,0.03,0.0,0.3275,0.3925,0.25,0.0249999999999999,0.3375,0.0,0.1099999999999999,0.0,0.1675,1,350198,6802,626
CProayVgLIE,0.865,0.0,0.645,1.21,0.175,0.0,0.075,0.955,0.0,1.135,1.715,0.34,0.0,0.545,0.19,1.785,0.0,1,146028,3469,259
CQ0T7YZI2BM,0.6924999999999999,0.375,0.0,0.5825,0.4325,0.7525000000000001,0.0925,0.315,0.49,0.315,0.6725,0.6375,0.8075,0.31,0.5425,0.5525,0.08,1,20294,634,40
CUhaitHEAZE,0.05,0.0,0.38,0.0,0.43,0.58,1.135,0.48,0.195,1.015,1.035,1.96,1.465,0.625,0.295,0.79,0.23,1,45402,1889,262
CUlbqob5Njg,1.32,0.0,0.47,0.0,0.62,0.0,0.43,0.79,0.7,1.49,0.78,1.04,0.0,0.53,0.0,0.0,1.69,1,855,65,15
CVh4qFE8YiQ,0.51,0.0,0.12,0.0,1.65,3.21,0.78,1.48,0.29,1.89,1.03,1.52,0.0,0.07,0.71,1.54,0.0,0,13618,845,108
CXDbQA56OQU,0.0,0.0,0.6633333333333334,0.15,1.106666666666667,2.033333333333333,0.4166666666666667,1.28,0.4533333333333333,0.3033333333333333,1.0733333333333333,0.0166666666666666,0.2033333333333333,0.35,0.7399999999999999,0.3833333333333333,0.16,1,25254,1084,183
C__iyWJkjgc,0.0,0.0,0.0,2.12,1.34,1.6,0.0,0.14,0.33,0.0,0.0,0.0,1.26,0.0,3.27,0.0,0.0,1,2191663,25411,5635
CdQ1PfaRd7k,0.265,0.0,0.285,1.69,0.655,0.305,0.0,0.535,0.635,0.0,2.8200000000000003,0.865,1.915,0.565,1.475,0.175,0.0,1,38913,1679,92
Cf3Xnr120c0,2.825,1.195,0.0,0.28,0.31,2.805,0.0,0.86,1.165,2.5,0.27,0.33,0.045,1.03,1.04,2.805,0.665,2,1202942,68697,5325
CfCIaFiJPBs,2.51,0.69,1.09,0.66,1.61,1.32,0.0,1.64,1.97,0.73,0.0,0.0,0.42,0.0,2.54,1.11,0.0,0,113569,3114,450
CoqKIUMLLCY,2.08,2.24,0.0,1.915,0.0,0.0,0.02,0.305,0.45,0.8899999999999999,0.545,0.0,0.215,0.0,0.86,0.69,0.0,2,1430,109,33
Ct9V0Tca4go,1.04,0.49,0.31,0.9,0.64,2.47,0.03,0.57,0.0,0.0,0.57,0.0,0.0,0.0,0.0,0.0,0.12,1,394565,13443,2863
CuLmlHo7Wrk,0.0,0.0,0.11,0.0,1.58,1.3,0.79,0.68,1.7,1.58,0.0,0.79,0.75,0.74,0.0,0.19,0.0,0,1269253,30929,6710
CvGutuE0Klg,1.085,1.425,0.215,0.99,0.635,0.52,0.685,1.155,1.0599999999999998,0.6699999999999999,0.085,0.07,0.0,0.04,1.255,0.785,0.25,2,34483,1484,137
CxVeCZTZQGQ,1.59,0.0,0.18,3.4,0.64,0.0,0.0,1.01,0.76,0.0,0.0,0.0,0.46,0.0,1.69,0.0,0.0,2,131307,5703,498
D31_n-pcFTo,1.2,0.5266666666666666,0.75,0.4566666666666667,0.0,0.3966666666666666,0.0966666666666666,0.5233333333333333,0.29,0.35,0.91,0.5566666666666666,0.5,0.0066666666666666,0.5066666666666667,1.0233333333333332,1.0166666666666666,1,71237,3820,798
D6WGeXeVhU4,0.9,0.0475,1.045,0.77,0.2375,0.335,0.1,0.8375,0.5575,0.3849999999999999,0.5575,0.04,0.585,0.37,0.1699999999999999,0.38,0.055,1,81213,635,64
DA9_bU3NGbk,1.26,1.29,0.0,0.0,0.35,0.0,0.0,1.01,1.71,1.17,0.0,0.0,0.0,0.0,0.0,0.88,0.62,1,132619,2868,257
DBpt9uDRdsY,1.08,0.0,0.0,0.325,1.6149999999999998,0.875,0.4549999999999999,1.335,1.735,0.93,0.35,1.05,0.0,0.105,1.405,0.37,0.63,0,12481,774,136
DCpP4sxcDXw,0.74,0.28,0.59,0.155,1.765,1.72,0.48,1.425,1.73,1.05,0.13,0.14,0.24,0.07,1.25,0.525,0.0,0,55519,3425,732
DFWtrZTfyAg,1.37,0.99,0.0,0.0,1.39,2.68,0.12,2.72,2.68,1.29,0.0,0.0,0.41,0.0,2.69,0.36,0.0,0,2468,173,129
DFX3IvmoO18,0.3025,0.0441666666666666,0.0516666666666666,0.145,1.1783333333333337,1.3833333333333335,0.3091666666666666,0.8716666666666667,1.5608333333333333,0.9333333333333336,0.0016666666666666,0.0158333333333333,0.2208333333333333,0.06,1.0816666666666668,0.3525,0.1633333333333333,0,17325,347,170
DFbN0VZLWKQ,1.204,0.348,1.314,0.678,0.284,0.426,0.268,0.986,0.516,0.7140000000000001,0.65,0.374,0.204,0.192,0.396,0.356,0.422,1,472633,37087,346
DG-ZLIbE4Xs,0.0,1.03,0.0,2.88,0.0,0.0,0.06,0.0,0.0,0.0,0.0,0.0,0.0,0.0,0.75,0.0,0.0,1,4751,329,15
DHNrVmGb_Us,0.93,0.79,0.0,0.0,1.13,1.72,0.0,1.19,1.92,0.87,0.0,0.2,0.0,0.09,0.4,0.14,0.75,0,5190,50,5
DJNNrntBTjQ,1.65,0.78,0.34,1.29,1.86,0.85,0.86,3.49,3.12,1.81,0.0,0.0,0.0,0.46,1.86,0.0,0.18,0,582,57,35
DMbzEAjrQ20,0.3466666666666667,0.3766666666666666,0.2066666666666666,1.2333333333333334,0.0,0.4033333333333333,0.0,0.3533333333333333,0.21,0.16,0.1433333333333333,0.0,0.1366666666666666,0.0,1.6966666666666663,1.35,0.7833333333333333,1,115303,4316,234
DQynC2Fjyq4,0.81,0.0,0.0,0.09,1.125,1.005,0.6950000000000001,1.4249999999999998,1.565,1.035,0.35,0.28,0.43,0.345,1.16,0.245,0.25,0,5362,307,34
DRVaUJy89tQ,1.095,0.305,0.0,0.7949999999999999,0.73,0.435,0.295,0.265,0.73,0.0,0.415,0.575,0.265,0.49,0.04,0.74,0.155,1,27884,1973,101
DRqRuh1qMXw,0.7200000000000001,0.1333333333333333,0.4533333333333333,0.7766666666666667,0.58,0.41,0.6433333333333334,0.0533333333333333,0.7333333333333334,0.44,0.1766666666666666,0.3533333333333333,0.1233333333333333,0.1399999999999999,0.5333333333333333,0.9033333333333332,0.1733333333333333,1,33088,2807,144
DTFjxRiXnW0,2.13,0.18,0.515,0.145,0.0,0.0,0.085,0.16,0.625,1.035,0.255,0.045,0.255,0.0,0.0,0.0,0.06,1,6357040,210086,13558
DT_R3PqXKi8,1.2300000000000002,0.0633333333333333,0.2333333333333333,0.32,0.7433333333333333,0.52,0.1433333333333333,0.7866666666666667,0.9566666666666668,0.6900000000000001,0.4233333333333333,0.35,0.8466666666666667,0.3766666666666667,0.6166666666666667,0.1366666666666666,0.0,1,221129,16458,1141
DTcQGJh0vSQ,1.76,1.55,1.69,0.12,0.0,0.0,0.0,0.48,0.0,0.0,0.0,0.0,0.0,0.0,1.2,0.68,0.0,2,27160,1101,193
DYrwSmgq9Xc,0.4679999999999999,0.0,0.144,0.29,0.588,0.7579999999999999,0.2759999999999999,1.386,0.8799999999999999,0.624,0.926,0.612,0.738,0.502,0.624,1.006,0.262,1,7690265,237263,20988
DdEar3F-bQ4,0.8,1.3225000000000002,0.0,0.5475,1.1725,0.5325,0.0875,0.62,2.215,0.9925,0.0,0.0,0.38,0.0,2.395,0.495,0.6625,0,40486,1393,81
DhM-lafHvTs,0.7966666666666667,0.2733333333333334,0.7883333333333332,0.925,0.4466666666666667,1.025,0.345,1.038333333333333,0.5816666666666667,0.445,0.235,0.0783333333333333,0.2116666666666666,0.0966666666666666,1.3,0.8450000000000001,0.2883333333333333,1,172565,6124,195
DhpouIFVLIU,1.1,0.0,2.3,0.0,1.7,0.93,0.0,1.83,1.87,0.77,0.0,0.13,0.0,0.0,0.39,0.0,2.94,0,48,8,2
DiYTTHUchMc,1.13,0.0,1.05,0.98,0.0,0.0,0.0,0.46,0.0,1.0,0.52,0.69,0.29,0.0,0.0,0.0,0.0,1,1891,71,39
DjUfn_34WjY,1.06,0.0,1.11,1.43,0.0,2.9,0.21,0.16,0.0,0.09,0.79,0.0,1.59,0.36,1.57,2.13,0.0,1,129008,6170,1491
DlgVulo8lAA,0.81,1.4,0.51,0.74,1.46,2.16,2.45,1.86,1.34,0.0,0.02,0.26,0.0,1.32,1.95,0.0,0.0,0,1262,95,103
DliuTxsLJ1g,2.135,0.94,1.415,1.22,0.015,0.44,0.04,0.235,0.52,0.68,0.565,1.05,0.465,0.295,0.525,0.8150000000000001,0.0,2,383,23,21
Dn014zuYJ8E,0.4666666666666667,0.0,0.7633333333333333,0.77,0.26,0.97,0.4866666666666666,0.0,0.0166666666666666,0.0666666666666666,0.0,0.0,0.0533333333333333,0.0,0.0,0.0,0.1033333333333333,1,46734585,706961,250337
Dubn_dfCbFs,0.16,0.016,0.175,0.248,0.437,0.7849999999999999,0.1649999999999999,0.531,0.407,0.038,0.842,0.1679999999999999,0.072,0.189,0.394,0.461,0.039,1,11221,570,36
DyLgj2-1T9I,0.695,0.32,0.315,0.065,0.28,1.745,0.47,0.63,0.41,0.3,0.665,0.22,0.0,0.0,0.1,0.0,0.265,1,36452,1079,169
E-GA_47pT-k,0.115,0.0,0.0,0.01,1.955,3.285,1.135,1.725,2.02,1.835,0.27,0.0,0.81,0.025,0.925,0.39,0.76,0,2624204,51368,8043
E0_OqkMMWaU,1.6366666666666667,0.01,0.0,1.2766666666666666,1.28,1.2566666666666666,0.1933333333333333,1.89,0.7133333333333334,0.4633333333333333,0.59,0.0,0.9633333333333334,0.0,1.606666666666667,0.0266666666666666,0.04,0,7228,338,89
E2HZCJ013W8,0.97,1.69,0.0,0.6,0.44,1.96,0.19,1.36,2.49,1.53,0.0,0.0,0.15,0.0,3.0,1.21,0.0,0,1455560,42300,4141
E2ytEt7JoMM,0.83,0.0,0.0,3.5,0.6,0.0,0.36,1.14,0.04,0.25,1.6,2.49,2.32,0.72,0.0,0.0,0.0,1,18820,767,299
E35_9w4SyWk,0.17,0.61,0.0,0.0,0.11,0.0,0.0,0.0,0.0,0.0,0.0,0.0,1.03,0.19,0.18,0.0,0.0,1,26962,2039,365
E6iIgJEMXec,0.5,0.04,0.34,0.31,0.08,0.22,0.88,1.78,0.27,0.0,1.22,0.25,0.0,0.0,0.47,0.0,0.0,1,364279,5500,960
E86GwVOHbwY,0.295,0.355,0.0,1.84,0.01,0.01,0.0,0.025,0.23,0.315,0.845,0.0,0.105,0.045,0.395,0.34,0.0,1,29243,1229,125
E97HKLhVmgc,0.36,0.0,0.46,0.885,0.27,0.195,0.51,0.53,0.4,0.0,0.0,0.0,0.0,0.375,0.58,1.085,0.0,1,506600,16098,1665
E9DVdojR_DM,0.782,0.202,0.032,0.0,1.7259999999999998,0.808,0.966,1.7100000000000002,2.068,1.422,0.456,0.0819999999999999,0.486,0.21,1.596,0.0,0.1679999999999999,0,1164,44,3
E9sRk8dmC1c,1.46,1.835,0.58,0.435,1.34,1.18,0.94,1.47,1.675,0.545,0.44,0.1649999999999999,1.04,0.0,1.86,1.125,1.755,0,107363,3340,186
ED9vNES6L9o,0.33,0.3216666666666666,0.2266666666666666,0.0766666666666666,0.96,0.7599999999999999,0.5633333333333334,1.0,1.0233333333333332,0.7433333333333333,0.015,0.1666666666666666,0.3666666666666667,0.0,1.2066666666666668,0.5916666666666667,0.1916666666666666,1,22577,799,115
EF5hPPSj5ik,1.3133333333333337,1.6066666666666665,0.5066666666666667,1.32,0.0,0.0,0.1266666666666666,0.7633333333333333,0.0166666666666666,0.5466666666666666,0.54,1.4533333333333331,0.45,0.1666666666666666,0.5433333333333333,1.2333333333333334,0.8166666666666668,2,112231,5739,559
EI5eZb5zYXc,0.0,0.0,0.0,0.0,2.71,0.46,0.37,0.51,3.29,1.63,0.0,0.0,0.51,0.32,0.28,0.26,0.0,0,1034,42,10
EIFjXZ4E9Yk,1.625,0.145,0.67,0.47,0.12,0.54,0.545,1.49,0.215,1.535,1.495,2.355,0.0,0.42,0.015,1.125,0.0,1,27426,1685,84
EMRHwltCQv4,1.005,1.3299999999999998,0.0,1.7775,0.6475,0.68,0.165,1.26,1.41,0.7975000000000001,0.08,0.0975,0.1925,0.065,1.1025,0.91,0.1175,2,89362,3615,155
EN_T70la6sM,0.5733333333333334,0.2733333333333333,1.0833333333333333,0.5566666666666668,0.22,0.0,0.3066666666666666,0.7866666666666666,0.6133333333333334,0.5166666666666666,0.1566666666666666,0.4766666666666666,0.0,0.0999999999999999,0.5666666666666667,0.1066666666666666,0.1399999999999999,1,86547,2913,219
EOIeZAeA3b0,1.32,1.29,0.57,1.3250000000000002,0.515,1.2799999999999998,0.395,0.47,0.41,0.4,0.07,0.0,0.45,0.0,0.62,0.055,0.0,1,618,20,14
EQEGUVwxaiI,1.685,0.125,0.505,0.0,0.6950000000000001,1.115,0.44,2.055,2.115,0.905,0.135,1.36,0.07,0.265,0.0,0.0,0.0,0,65838,4927,617
EQEVdaDUkJs,0.74,0.09,0.0,2.41,0.0,0.0,0.21,0.0,0.0,0.0,0.2,0.0,0.0,0.0,1.09,0.93,0.0,1,165905,8170,339
ETQScTYYQRU,0.42,0.4675,0.265,0.3249999999999999,0.3075,1.2374999999999998,0.2825,0.2675,0.3675,0.93,0.27,0.3625,0.0,0.4125,0.4575,0.44,0.3375,1,919,58,21
EUFTHTVyrEk,1.27,0.59,0.5,1.49,0.0,0.0,0.35,0.0,0.035,0.0,0.06,0.0,0.0,0.0,0.0,0.865,0.545,1,7972,106,0
EUkFRzflw20,1.095,0.095,0.54,0.0,1.205,0.92,0.625,0.94,1.48,1.475,0.055,0.0,0.37,0.275,1.245,0.6699999999999999,0.0,0,15468,1015,154
EUnaQzzjaas,0.37,0.0,0.0,0.0,2.0,2.09,0.47,1.45,1.93,0.57,0.47,0.0,0.94,0.0,3.06,0.0,0.27,0,3874,58,5
EUscV0NKT5A,1.6833333333333336,0.0,0.9033333333333332,1.2666666666666666,0.7200000000000001,0.6366666666666666,0.3233333333333333,0.7600000000000001,0.75,0.9033333333333332,0.65,0.1433333333333333,0.0,0.63,1.28,1.106666666666667,0.0933333333333333,1,578463,10782,1500
EVaPduUL7lQ,0.0625,0.09,0.1425,0.5575,0.72,0.6174999999999999,0.24,1.2525,0.9125,1.0525,0.8775,0.4925,0.1475,0.435,0.595,0.1025,0.48,1,953616,35100,1656
EW_xym12SoY,0.74,1.28,0.0,0.0,2.56,1.92,1.76,2.1,2.9,1.71,0.67,0.0,0.19,0.0,2.76,0.54,0.0,0,408285,16012,2044
EesEuIeDRQg,2.05,0.6,0.0,0.57,0.0,0.69,0.0,0.0,0.11,0.0,0.27,0.0,0.0,0.0,0.0,0.38,0.0,1,706,43,14
EhUq2lQGSLE,0.104,0.086,0.05,0.2299999999999999,0.656,0.718,0.096,0.2,0.852,0.5,0.458,0.912,0.6759999999999999,0.1339999999999999,0.5,0.382,0.0,1,421064,16985,1707
EhjwtOwsfCQ,0.8499999999999999,0.34,0.815,0.6,0.535,0.955,0.6799999999999999,0.66,0.57,0.485,0.18,0.255,0.065,0.0,0.875,0.935,0.0,1,18363,887,139
EjIfBv8ZNts,1.77,2.3,0.0,2.77,0.03,2.56,0.0,0.0,0.0,0.61,1.08,2.64,1.5,1.21,0.0,1.4,0.0,2,4716,433,109
EmPlp6ddNeU,2.01,3.34,0.0,3.56,0.0,0.0,0.0,0.0,0.0,0.0,0.43,0.64,0.0,0.0,0.0,0.0,0.0,2,3332,154,51
Es_qxnq5jzg,0.75,0.14,0.0,0.0,0.0,1.11,0.0,0.3,1.41,0.0,0.13,0.0,0.0,0.0,0.74,0.86,0.74,1,12423,475,11
Ev5dUwAQz7M,0.6,0.44,0.0,0.98,1.67,1.16,0.18,1.73,2.13,1.9,0.0,0.0,0.81,0.07,2.93,0.0,1.23,0,240,25,13
Ezn90OendIo,1.12,0.8833333333333333,0.7466666666666667,1.606666666666667,0.79,1.643333333333333,0.2833333333333333,0.5166666666666667,0.5433333333333333,0.17,0.49,0.0,0.3466666666666667,0.18,1.9933333333333327,1.3166666666666669,0.33,1,942351,37727,2059
F4A56Fm9eLY,2.38,0.83,0.23,1.51,0.0,0.13,0.0,0.68,0.5,0.0,0.8,0.0,0.0,0.0,0.72,0.11,0.38,2,57599,2849,200
F59W77FEm8c,0.94,0.0,0.475,1.17,0.045,1.02,0.025,0.885,1.03,0.6,2.595,0.9,2.73,0.0,1.16,0.0,0.33,1,854875,20521,1288
F5yCChwGHzM,0.03,0.0,0.0,1.22,0.645,0.0,0.0,1.29,1.285,2.79,1.82,0.0,0.0,1.29,1.1800000000000002,0.0,0.0,1,7841,535,112
F6it4K33C-o,2.06,0.91,0.29,0.03,0.01,0.0,0.0,0.9,0.46,0.0,0.0,0.0,1.05,0.0,0.85,0.0,0.25,1,504887,10344,402
F8BtVioDCn0,1.8,1.05,0.18,0.0,1.51,0.07,0.0,1.32,2.82,1.2,0.0,0.0,1.0,0.16,2.9,0.0,2.57,0,9754,444,14
F9z7b9ei2Lg,0.99,0.0,0.575,0.59,0.655,1.045,0.545,0.6599999999999999,0.645,0.46,0.51,0.095,0.0,0.375,0.495,0.605,0.27,1,23557,1096,163
FAHL0cT3GjQ,0.045,0.0,0.03,0.0,0.965,0.695,1.05,0.985,0.91,1.035,0.2,0.0,0.865,0.0,0.98,0.715,0.02,0,121554,4337,310
FBWBu3LOz4k,0.0,0.0,0.0,0.0,1.45,2.35,0.02,2.6,2.62,0.02,0.01,0.0,0.44,0.0,2.38,0.89,0.0,0,269011,1095,19
FCoXHJNIUgs,1.94,0.37,0.67,2.05,1.61,2.43,0.0,1.35,1.41,1.38,1.86,1.17,1.74,0.71,0.0,0.0,0.07,1,5575,458,46
FEIgBk9fJCM,0.94,0.7,0.0,2.57,0.28,0.0,1.32,0.0,0.0,0.0,3.22,2.5,0.0,1.24,0.0,0.0,0.0,1,12298,1001,321
FG2VZEE1E0Y,0.7925,0.1775,0.2925,0.4075,0.1275,0.605,0.28,0.5599999999999999,0.1425,0.8925000000000001,0.4875,0.215,0.0775,0.0,0.075,0.605,0.125,1,19660,1791,87
FHWph0x6D2o,0.892,0.164,0.51,0.974,0.666,0.618,0.1139999999999999,0.992,1.108,0.344,0.4479999999999999,0.0,0.0,0.004,0.984,0.494,0.3099999999999999,1,23539,885,94
FIRyxLCCAyY,0.87,0.95,1.535,1.76,1.39,1.525,0.765,2.355,1.18,0.725,0.65,0.29,0.215,0.0,2.655,1.3,0.045,0,33572,2804,527
FKH-4n-D9jc,0.59,0.0633333333333333,0.3666666666666667,0.8733333333333334,0.3833333333333333,1.5666666666666669,0.5,0.4266666666666667,0.6900000000000001,0.2133333333333333,0.0966666666666666,0.4599999999999999,0.3233333333333333,0.1899999999999999,0.9566666666666668,0.68,0.28,1,343175,11953,1815
FKeHVxJdXVg,0.0,1.0,0.0,2.92,0.0,0.0,0.59,0.0,0.0,0.83,0.06,0.0,0.0,0.0,1.24,1.07,0.0,2,3649,339,32
FLsTtX7FMJA,0.0,0.45,0.0,1.07,1.0466666666666666,0.8933333333333334,0.0566666666666666,0.0,1.0133333333333334,0.89,1.72,0.4266666666666667,0.8933333333333334,0.3,0.17,0.0,0.1766666666666666,1,230618,5456,272
FO4wZcWiU_U,0.48,0.425,0.0,2.28,1.5,1.4500000000000002,0.0,1.94,2.255,1.39,0.0,0.0,0.0,0.275,1.785,0.47,0.0,0,120916,5542,159
FO6mvnRPbZk,0.2866666666666667,0.0,0.0,0.0,0.3866666666666666,1.02,0.6466666666666666,0.36,0.5166666666666666,0.0666666666666666,0.1666666666666666,0.7933333333333333,1.24,0.2233333333333333,0.4433333333333333,0.2233333333333333,0.1133333333333333,1,15631,1018,308
FOKY8uJWV0k,0.095,0.0,0.24,0.41,0.975,0.44,0.38,0.175,1.12,1.285,0.325,0.03,1.61,0.0,0.12,0.07,0.0,1,146862,3995,863
FQXl6SFVZs8,0.8400000000000001,0.015,0.385,0.61,2.02,3.655,1.27,1.62,1.705,0.565,1.26,0.0,0.3,0.0,2.3,0.0,0.3,0,214439,8904,1092
FUMnwUjs0BI,2.96,0.0,0.0,0.48,0.0,0.0,0.0,0.4,0.0,1.83,0.78,1.59,1.29,0.0,0.0,1.05,0.0,1,972362,6051,926
FUNVx1HqOKY,0.98,0.6533333333333333,0.51,0.92,1.0266666666666666,0.9433333333333334,0.47,1.9866666666666664,0.8466666666666667,0.5066666666666667,1.61,0.24,0.1833333333333333,0.1999999999999999,1.68,1.13,0.4666666666666666,1,8831,297,60
FUa0_ozJK-A,0.6900000000000001,0.5066666666666667,0.0,1.856666666666667,0.1533333333333333,0.4666666666666666,0.01,0.5166666666666667,0.4533333333333333,0.3233333333333333,0.0566666666666666,0.0,0.1866666666666666,0.0,0.79,0.5033333333333333,0.0,1,142666,6913,228
FVsmr-tGyUg,2.32,1.51,0.22,0.86,2.76,1.99,0.0,1.89,3.06,0.93,0.0,0.0,0.61,0.0,3.61,1.03,0.0,0,160424,5622,351
FXnVfuiMQjg,1.3625,0.1225,0.7000000000000001,0.8291666666666666,0.4766666666666666,0.4275,0.1825,0.5983333333333333,0.815,1.1616666666666668,0.3899999999999999,0.3216666666666666,0.3916666666666666,0.1966666666666666,0.5875,0.465,0.1966666666666666,1,1173486,22681,6333
F_Qdk9bD-a4,1.145,0.995,0.575,0.465,0.475,1.31,0.66,0.51,0.13,0.925,0.06,0.165,0.855,0.11,1.335,0.695,0.085,1,143158,5266,533
FddaSoPes6Y,1.68,0.3399999999999999,2.1,0.03,0.31,0.0,0.44,1.195,0.8400000000000001,1.355,0.255,1.005,0.0,0.3,0.0,0.0,0.165,1,1589,127,29
FgHt-nEd_e0,0.8300000000000001,0.83,0.0,0.0,1.49,0.355,0.0,1.24,2.68,1.655,0.0,0.3349999999999999,0.63,0.0,0.76,0.51,1.33,0,156229,3744,341
Fi8gTif6kpE,0.0233333333333333,0.0,0.01,0.77,1.0833333333333333,0.6466666666666666,0.4266666666666667,0.9533333333333336,0.7966666666666665,0.48,0.1833333333333333,0.0,0.0,0.0,0.79,0.0,0.1933333333333333,1,70278,0,182
FkBRtBZhNyc,0.4033333333333333,0.0,0.0999999999999999,0.7366666666666667,2.783333333333333,2.77,1.0033333333333332,2.556666666666666,2.526666666666667,1.8133333333333328,0.1766666666666666,0.0433333333333333,0.4433333333333333,0.0866666666666666,1.3133333333333332,0.2733333333333333,0.4233333333333333,0,57772,2564,286
Fl-SivJGwiU,0.825,0.0,0.0,0.795,0.78,1.49,0.375,0.8899999999999999,1.11,1.7,0.0,0.855,0.0,0.935,0.755,0.0,0.0,1,151772,5998,403
FlEz4gs_LUA,1.4549999999999998,0.61,1.315,0.0,0.0,0.0,0.07,0.0,0.035,0.72,0.65,0.825,1.035,0.305,0.24,1.04,0.135,1,470483,2850,158
FlrYASSTeqc,0.83,1.3,0.0,0.89,0.27,0.16,0.02,0.77,0.0,1.45,0.04,0.0,0.88,0.0,3.01,1.97,0.0,2,1712033,28245,948
FmdpQzURvDQ,0.0,0.065,0.335,0.015,1.305,0.855,0.355,0.34,1.705,1.515,0.095,0.015,0.915,0.265,1.045,0.09,0.0,0,309468,6121,929
Foa5W5bVUEQ,0.4566666666666667,0.0433333333333333,0.0,0.0566666666666666,2.216666666666667,1.7000000000000002,0.4766666666666666,1.3866666666666667,2.18,1.3833333333333335,0.2433333333333333,0.0,0.0,0.02,1.84,0.0633333333333333,0.0833333333333333,0,48937,2506,218
Fpv06UACKNE,0.565,0.0,1.505,0.0,1.58,0.0,0.53,1.14,1.71,1.06,0.065,0.0,0.42,0.0,2.03,0.0,0.1,0,13182,1251,113
FqxdJ7XPB7U,2.37,0.29,1.33,0.14,1.82,1.45,0.53,1.99,1.34,0.33,0.0,0.0,0.0,0.0,2.29,1.13,0.0,0,79789,2831,313
Fr9KGPq93Fw,0.07,0.0,0.0,0.0,0.17,0.0,0.99,0.0,1.46,0.64,0.0,0.64,0.91,0.0,0.08,0.0,0.0,1,933,37,0
FsFKueX-BL0,1.08,0.588,0.6639999999999999,0.03,0.774,0.8719999999999999,0.318,1.864,1.208,1.34,0.288,0.236,0.5279999999999999,0.0,0.6199999999999999,0.65,0.392,0,188020,7095,1261
FsrMdi3MHsI,0.3716666666666666,0.1933333333333333,0.605,0.81,0.0733333333333333,0.4216666666666667,0.1033333333333333,0.3783333333333333,0.4833333333333333,0.3633333333333333,0.44,0.665,0.4783333333333333,0.25,0.3966666666666666,0.0166666666666666,0.17,1,922489,28075,1083
Fvs5JlRVEGE,1.393333333333333,0.2933333333333333,0.7266666666666667,1.13,0.3533333333333333,0.6733333333333333,0.0733333333333333,0.6633333333333333,0.3933333333333333,0.0666666666666666,0.8033333333333333,0.5266666666666667,0.44,0.0566666666666666,0.13,0.4633333333333333,0.0,1,245969,7825,747
FwtwO6lf2aA,0.24,0.39,0.0,0.0,2.03,2.04,0.27,2.28,2.78,0.54,0.0,0.0,0.0,0.0,2.99,0.71,0.52,0,1482423,34468,1130
G--ZscjJsG8,0.6625,0.165,0.2275,1.105,0.0375,0.67,0.0125,0.0,0.26,0.0,0.2175,0.065,0.32,0.0425,0.565,0.655,0.12,1,25113,915,99
G8-Jhb9UhWw,0.37,0.1823076923076923,0.1507692307692307,0.2346153846153846,0.9069230769230768,0.5438461538461538,0.6561538461538462,1.2376923076923076,1.1592307692307693,1.073846153846154,0.2353846153846154,0.1630769230769231,0.3907692307692307,0.16,0.6038461538461538,0.2569230769230769,0.0884615384615384,1,205,2,0
G8gvUb0arjw,1.8,2.29,0.0,3.96,0.0,0.0,0.0,1.07,0.33,0.0,0.0,0.58,0.68,0.46,0.0,1.01,0.0,2,6762,317,17
G9wo06s2yec,0.6733333333333333,1.1,0.0,0.9533333333333336,0.5633333333333334,1.15,0.4666666666666666,0.4633333333333334,0.8066666666666666,0.4666666666666666,0.1366666666666666,0.0633333333333333,0.8566666666666668,0.1433333333333333,1.5566666666666666,1.5,0.0,1,37491,1507,124
GA0gK6rmqFQ,1.51,0.15,0.435,0.25,1.45,0.645,0.0,1.185,1.695,1.4500000000000002,0.335,0.06,0.85,0.705,2.3,2.475,0.6,0,54914,3260,277
GCrIWEB4bcc,1.535,0.385,1.275,2.02,0.26,0.885,0.28,0.5650000000000001,0.385,0.375,0.53,0.275,0.0,0.035,1.865,1.91,0.29,2,144520,0,272
GDdvwefLXWY,3.47,5.0,0.0,3.46,1.49,0.25,0.0,2.05,2.28,0.0,1.21,1.8,0.47,0.0,0.96,1.15,0.0,2,1838930,44168,3175
GH4gd0X9K_E,0.8300000000000001,0.172,0.016,0.532,0.1359999999999999,0.532,0.346,0.522,0.242,0.97,0.1139999999999999,0.046,0.892,0.112,0.482,0.396,0.016,1,60739,2934,342
GHOWbGqY2r4,2.45,3.41,0.0,0.01,0.91,1.48,0.0,0.17,2.38,1.3,0.0,0.0,0.0,0.0,3.9,3.01,0.64,2,4328138,59704,1023
GIkKsDuI1_8,0.205,0.595,0.0,1.645,0.0,0.31,0.0,0.0,0.105,0.345,0.1149999999999999,0.0,0.0,0.3,0.71,0.0,0.065,1,310016,8698,262
GJNDPuy7ER8,0.0,0.0,0.0,0.91,0.0,0.0,0.0,1.07,0.0,0.17,0.44,0.0,0.0,0.0,0.0,0.99,0.0,1,343716,8528,1474
GLmdX92Z-GE,2.03,0.63,0.0,0.28,1.07,0.11,0.09,1.23,0.36,0.41,1.05,0.88,2.43,0.0,0.09,0.0,0.0,1,200423,8193,751
GNlbItng_RE,0.0,0.0,0.0,0.0,1.75,3.49,0.08,2.59,2.58,0.55,0.0,0.0,0.0,0.0,3.96,1.76,0.0,0,42376,357,37
GWPh58nY6gY,0.94,0.435,0.58,1.32,1.07,0.865,0.0,1.445,1.7,1.085,0.225,0.0,0.49,0.315,1.24,1.015,0.0,0,23064,1780,282
GYEAvNO1afo,0.4266666666666667,0.0,0.2266666666666666,0.2666666666666666,0.9633333333333334,1.57,1.2699999999999998,0.6733333333333333,0.65,0.8533333333333334,0.7233333333333333,0.87,0.7166666666666667,0.1033333333333333,1.153333333333333,0.7033333333333333,0.2633333333333333,1,686762,18648,3114
GZT76v0h46A,2.04,2.13,0.33,1.83,0.52,0.81,2.19,2.2,0.36,0.42,1.19,1.75,0.0,0.1,0.52,0.0,0.0,2,161053,3388,159
G_4kOyEUek8,0.0,0.62,0.0,1.64,0.06,0.95,1.07,0.0,0.0,0.24,0.0,0.14,0.0,0.0,0.36,1.2,0.0,1,4153172,86142,4641
G_WEK9DAR9I,0.0,0.0,1.66,0.0,2.26,2.94,1.3,2.53,1.4,1.39,0.18,1.77,0.1,0.87,1.09,1.04,0.0,0,1868,144,37
GbSSf9Xa1LY,1.035,0.0,0.355,0.335,1.165,0.245,0.0,1.345,1.7049999999999998,0.97,0.54,1.21,0.265,0.175,1.135,0.54,0.0,1,17225,1464,561
GjVBD9OYzOo,0.455,0.35,0.27,0.1875,2.015,1.16,0.34,1.8475,2.8875,2.02,0.0,0.175,0.0075,0.2825,2.2475,0.3875,0.045,0,51282,276,90
Gl2RpA1xS6M,1.63,0.14,0.18,0.0,2.5,2.92,1.35,1.57,1.85,1.49,0.0,0.0,0.76,0.0,2.45,1.19,0.0,0,46702,1878,146
GqyT13H6sws,0.29,0.06,0.1679999999999999,0.404,0.8640000000000001,0.962,0.178,0.588,1.032,0.8560000000000001,0.502,0.052,0.386,0.09,0.842,0.252,0.308,1,51568,2310,326
Grr_LaehRrk,1.49,1.7049999999999998,0.0,2.83,0.99,0.4649999999999999,0.02,1.81,1.505,1.605,0.31,0.015,0.085,0.0,2.87,1.675,0.025,2,135187,3790,346
Gt1c-o8FTRQ,0.78,0.4,1.39,1.35,0.3,1.72,0.43,0.0,0.0,0.0,1.08,0.65,0.89,0.02,0.23,0.86,0.0,1,17470,634,122
GtBth3A_C9A,0.0,0.0,0.0,0.24,0.035,1.23,0.0,0.0,1.11,1.13,0.515,0.0,0.655,0.0,0.755,0.96,0.16,1,89308,346,0
Gv4rx62PbGA,0.275,0.11,0.0,0.2225,0.5575000000000001,0.0,0.1025,0.36,1.1575,0.5,0.2274999999999999,0.0,0.065,0.0,1.515,0.3374999999999999,0.7949999999999999,1,84253,3620,329
Gy-8lssJcYU,3.02,2.36,0.0,3.16,0.0,0.0,0.0,1.37,0.63,0.46,0.0,0.24,0.0,0.0,0.2,0.0,0.0,2,601362,12681,983
H-xGGNYjv4U,0.235,0.0,1.28,0.0,1.37,1.715,0.8599999999999999,2.16,0.655,0.52,1.715,1.33,0.605,1.09,0.91,0.265,0.25,1,57619,2349,155
H4tGheX1GWE,0.93,0.0,0.0,1.71,0.625,0.0,1.045,1.265,0.0,0.135,0.55,0.97,0.365,0.385,0.0,0.0,0.0,1,7502,264,36
H8FCZSOqzds,0.985,0.915,1.51,0.2,0.425,2.06,0.965,0.34,0.035,0.63,0.465,0.865,0.75,0.035,0.41,0.44,0.18,1,151702,3329,619
H8qLpIt_Bqs,0.95,0.89,0.345,0.88,0.925,0.56,0.115,1.21,0.88,0.385,0.55,0.89,0.44,0.395,0.475,0.985,0.0,1,18490,754,121
H8yvD6Rgz44,1.125,0.1,0.99,0.52,0.055,0.345,0.005,0.03,0.0,0.0,0.29,0.32,0.0,0.0,0.025,0.84,0.0,1,1025840,19118,1755
H9DCKJwUnWA,0.68,1.21,0.0,0.21,0.0,0.24,0.0,0.48,0.41,0.0,0.0,0.0,0.0,0.0,1.19,0.45,0.0,1,193,15,7
H9V51GUVLOA,1.035,1.275,0.075,0.53,0.005,0.5,0.0,0.51,0.31,0.85,0.515,0.355,0.105,0.025,0.18,0.8400000000000001,0.4599999999999999,1,152733,7265,1353
H9yhYBQYqh8,0.8666666666666667,0.5299999999999999,0.3733333333333333,1.3066666666666666,0.0633333333333333,0.2833333333333333,0.5633333333333334,0.7066666666666667,0.4033333333333333,0.0,0.5933333333333333,1.596666666666667,0.35,0.0,0.1133333333333333,0.1566666666666666,0.18,1,22310,1442,147
HBqFfthfJCU,2.31,2.35,0.0,0.99,0.49,1.08,0.0,1.47,1.93,0.84,0.15,0.0,0.0,0.0,2.46,1.53,0.0,2,2284,115,20
HByXqP7uy00,0.0,0.0,2.42,0.54,0.98,0.0,1.66,0.0,0.56,0.42,2.81,1.67,4.31,0.0,1.63,0.0,0.0,1,41748,1504,72
HDTNDL_X1b0,0.64,0.014,0.8560000000000001,0.644,0.2699999999999999,0.5730000000000001,0.538,0.55,0.356,0.432,0.4669999999999999,0.31,0.38,0.119,0.589,0.116,0.4589999999999999,1,285239,6139,214
HDb52NrpSyE,1.4725,0.515,0.5275,1.1275,0.145,0.54,0.135,0.0,0.4024999999999999,0.23,0.925,0.405,0.5425,0.1675,0.435,1.2125,0.1575,1,576246,23683,3387
HHOAg9XyA70,0.47,0.2266666666666666,0.1133333333333333,0.7933333333333333,0.6766666666666666,0.6933333333333334,0.0,1.1166666666666665,1.08,0.6966666666666667,0.0366666666666666,0.0,0.5666666666666667,0.0,1.1333333333333333,0.3366666666666666,0.0,1,847,0,3
HKAqIj-Z9ts,0.8,0.95,0.0,2.37,0.0,0.0,0.0,0.0,0.83,0.82,0.0,0.58,0.0,0.0,2.29,1.29,0.0,2,265275,6233,299
HL1UJYugSA8,0.53,0.0,0.88,0.8,1.96,1.79,0.0,1.26,2.08,0.71,0.0,0.0,0.07,0.0,2.46,1.74,0.03,0,206832,6946,940
HLcnwnJMgd8,0.2955555555555555,0.1011111111111111,0.1855555555555555,0.2322222222222222,0.6383333333333333,0.9233333333333332,0.1894444444444444,0.7355555555555555,1.2505555555555556,0.9449999999999998,0.0677777777777777,0.19,0.2027777777777777,0.2472222222222222,1.0588888888888888,0.4333333333333333,0.1949999999999999,1,620400,15379,2290
HMmOsV85AHI,0.5725,0.965,0.48,0.9075,0.5575,0.2375,0.185,0.6525,1.2625,1.0825,0.0875,0.0,0.1325,0.0,1.4325,0.545,0.085,1,68664,2287,118
HOCAYxtfSks,0.33375,0.2875,0.1225,0.155,0.57125,0.765,0.175,0.6825,1.16375,0.6825,0.0275,0.16375,0.045,0.28125,1.045,0.0849999999999999,0.025,1,80,4,1
HOk3y5y__TQ,0.68,0.0,0.0,1.52,0.0,0.06,0.08,0.47,0.0,0.0,0.72,0.0,0.0,0.0,0.86,2.09,0.0,1,9207,797,60
HP3QdU8mdjQ,1.64,0.15,0.0,0.0,0.0,0.14,0.0,0.0,0.0,0.03,0.14,1.37,0.23,0.0,0.0,0.55,0.0,1,17135,883,162
HPaoUUrF9ac,1.0425,0.4974999999999999,0.4175,0.355,0.2799999999999999,0.4275,0.0925,0.8075,0.225,0.0,1.2325,0.815,1.2875,0.22,0.2774999999999999,0.4125,0.0,1,399174,10556,1196
HSmjMK4Eisc,0.7133333333333333,0.1399999999999999,0.34,0.64,0.48,0.54,0.0,0.3433333333333333,0.0,0.0033333333333333,2.04,0.7000000000000001,0.1433333333333333,0.0,0.8066666666666666,0.8866666666666667,0.3366666666666666,1,187553,11941,2099
HSrvch0vdyo,1.42,0.43,0.44,0.7150000000000001,1.5399999999999998,3.145,0.245,0.775,1.26,0.0,0.485,1.56,0.03,0.61,0.99,0.9,0.0,1,112200,3453,259
HUaC1mVw7oA,1.53,0.065,0.64,0.06,0.925,0.0,0.0,1.085,2.185,0.71,0.0,0.0,0.365,0.0,1.825,0.81,0.595,0,82777,1867,299
HUk622Y1qX8,0.258,0.0,0.514,0.612,0.79,1.174,0.1599999999999999,0.6639999999999999,0.882,0.984,0.188,0.1699999999999999,0.664,0.432,0.72,0.442,0.04,1,345987,9567,900
HVruVUdSbUc,1.355,1.72,0.0,3.875,0.55,0.395,0.0,0.78,1.86,0.965,0.0,0.0,0.035,0.3,2.05,0.905,0.0,2,173174,8809,324
HWDjWJ5rptg,1.205,0.0,1.845,1.365,0.81,0.47,0.835,0.73,0.36,0.0,0.13,0.015,0.825,0.0,1.555,0.0,0.0,1,31927,1499,299
HYwBHEIfj_U,0.03,0.05,0.255,0.8,1.365,2.225,0.895,1.205,0.905,0.72,0.205,0.135,1.46,0.08,1.75,0.365,0.0,0,3909,331,56
H_w4DjRC5N8,0.5428571428571429,0.1785714285714285,0.6799999999999999,0.7485714285714286,0.0828571428571428,0.6799999999999999,0.3242857142857143,0.2985714285714285,0.2128571428571428,0.21,1.17,0.6471428571428571,0.0871428571428571,0.2714285714285714,0.0857142857142857,0.8542857142857143,0.1028571428571428,1,2721937,33508,2578
Hb6ZBFuM3fU,1.346666666666667,0.1866666666666666,1.14,0.0666666666666666,0.94,1.53,0.2233333333333333,1.4533333333333331,0.8366666666666668,0.68,0.32,0.2833333333333333,0.2299999999999999,0.0999999999999999,0.0766666666666666,0.0,0.1133333333333333,1,79107,2125,97
HbJirZgxrSY,0.76,0.82,0.0,3.25,0.0,0.0,0.0,0.0,0.0,0.0,0.52,2.15,0.0,0.0,0.0,0.0,0.0,2,35764,2372,383
HcRh8IrwbCA,1.05,0.0,0.91,0.0,1.86,2.49,1.3,2.31,1.6,0.74,0.0,0.0,0.0,0.0,2.5,0.24,0.0,0,12593,793,114
Hdwd_-K413I,1.2933333333333332,1.99,0.12,2.603333333333333,0.36,0.0666666666666666,0.0,0.4566666666666667,0.32,0.45,0.2333333333333333,0.8733333333333334,0.6633333333333333,0.2199999999999999,1.6966666666666663,0.86,0.3266666666666666,2,247768,9152,740
HfJjo_Y9miA,1.02,0.0,0.0,0.91,0.0,0.0,0.0,0.82,0.57,0.0,0.12,0.0,0.12,0.0,1.19,0.05,0.41,1,1578,27,25
HgdweO7nt3c,0.85,0.47,0.0,0.1366666666666666,1.356666666666667,1.86,0.3566666666666667,1.3633333333333333,1.5233333333333334,0.8833333333333333,0.0533333333333333,0.0,0.2633333333333333,0.0,1.4466666666666663,0.06,0.3266666666666666,0,848427,6881,2174
HgfUAVbjo80,1.8,1.07,0.0,0.11,1.5,0.7,0.0,1.885,2.905,1.1,0.04,0.0,0.52,0.0,2.555,0.37,0.415,0,760303,30981,3386
HhJ-j_Y2-fo,0.44,0.77,0.0,1.28,0.45,0.26,0.0,0.02,0.92,1.13,0.0,0.0,0.0,0.0,0.33,0.0,0.0,1,207,21,11
HhzVar8JGss,0.36,0.245,1.195,0.3199999999999999,0.87,0.99,0.135,0.7050000000000001,1.09,0.925,0.0,0.285,0.0,0.15,0.065,0.0,0.35,1,20538,547,188
HjElH_pDbU8,1.06,0.0,0.0,3.8,1.4,3.08,0.4,0.91,0.2,0.47,0.7,0.0,2.34,0.29,1.54,0.0,0.0,1,2299,139,50
HkRKi7_Iywc,1.94,0.355,1.83,0.6699999999999999,0.27,0.48,0.0,0.0,0.0,0.0,2.915,0.545,1.865,0.475,1.895,3.535,0.28,1,1831908,38491,7401
HoPSiXZpoF4,1.0116666666666667,0.71,0.3566666666666666,0.6883333333333335,0.6066666666666666,1.1733333333333331,0.2666666666666666,0.6416666666666667,0.89,0.4033333333333333,0.045,0.205,0.145,0.0,1.6416666666666668,0.9533333333333333,0.105,1,105430,2239,76
HpUD_FjHI8I,0.0,0.0,0.0,0.14,0.0,0.0,0.53,0.16,1.08,0.98,0.13,0.0,0.87,0.0,0.0,0.0,0.0,1,163,10,18
HshFxjKWDNI,2.14,0.08,0.66,1.59,1.63,1.89,0.0,1.42,1.47,1.37,1.98,0.9,1.72,0.57,0.0,0.0,0.13,1,8220,536,88
HuwWfuiI30I,0.325,0.0,0.0,0.51,0.13,0.03,0.27,0.2875,0.0,0.5025000000000001,1.2375,0.26,1.0275,0.055,0.33,0.195,0.2625,1,190815,4682,2070
I-vJ_fSA9Wg,0.03,0.0,1.73,0.03,0.87,0.75,1.29,2.49,1.31,0.0,1.3,0.68,0.0,0.0,0.88,1.11,0.0,1,7863,97,27
I-z3hDWHZoU,0.295,0.0,0.695,0.26,3.74,2.395,0.945,2.575,3.325,1.935,0.0,0.0,0.96,0.655,3.715,1.215,0.07,0,10197,938,173
I10c2BUazL4,1.345,0.0,1.58,1.01,0.1,0.675,0.485,1.04,0.0,0.755,1.4249999999999998,0.0,0.0,0.0,0.565,2.06,0.745,1,222198,1478,151
I3V15kgcgNM,0.7028571428571428,0.3199999999999999,0.5857142857142856,1.247142857142857,0.1042857142857142,0.1857142857142857,0.2485714285714285,0.1042857142857142,0.2185714285714285,0.4828571428571428,0.2514285714285714,0.0271428571428571,0.1814285714285714,0.0728571428571428,0.7671428571428571,0.7942857142857144,0.3757142857142857,1,226038,8243,301
I3jdiRTbiRI,0.2028571428571428,0.0457142857142857,0.8200000000000001,0.1957142857142857,0.79,0.15,0.0999999999999999,1.115714285714286,0.7242857142857143,0.8314285714285715,0.12,0.5371428571428571,0.42,0.1342857142857142,0.3328571428571428,0.0185714285714285,0.1628571428571428,1,157643,3354,411
I5SKFXqR9r8,0.19,0.0,1.08,0.0,2.56,2.36,2.49,2.02,2.25,2.04,0.23,0.0,0.15,0.0,3.44,1.65,0.0,0,544,33,35
I6Fi22hxITM,0.8,0.36,1.015,0.595,0.2175,1.165,0.2775,0.13,0.4975,0.2375,0.045,0.0,0.22,0.235,0.185,0.3125,0.195,1,44628,540,140
I6qSF2tKdkI,1.55,2.13,0.0,1.0,0.0,0.0,0.0,0.19,0.0,0.0,0.0,0.05,0.0,0.0,1.22,0.68,0.0,2,330,4,1
I71Fpu_mmcg,0.57,0.0,0.74,0.0,1.94,2.6,0.09,2.01,1.34,0.0,0.0,0.0,0.0,0.0,1.36,0.0,0.27,0,72300,2822,589
I8McPt1ux9U,0.18,0.0,0.0,1.965,0.0,0.0,1.905,0.0,0.67,0.395,2.24,1.125,0.075,0.47,0.41,0.0,0.0,1,4136,66,15
I8q2eutBoXk,0.372,0.0209999999999999,0.386,0.4519999999999999,0.563,0.5269999999999999,0.248,0.7889999999999999,0.8150000000000001,0.7529999999999999,0.3299999999999999,0.296,0.6599999999999999,0.175,0.6399999999999999,0.408,0.633,1,5323423,117083,10597
IC2IoO8PHEw,1.34,0.87,0.51,1.3,1.025,1.605,0.0,1.37,1.86,0.9,0.0,0.0,1.295,0.48,1.89,1.5950000000000002,1.205,0,20937,1709,482
IIxlljazVf8,0.4366666666666667,0.0,1.18,0.1366666666666667,0.1633333333333333,0.37,0.1433333333333333,1.65,0.6633333333333333,0.4133333333333333,0.2166666666666666,0.0,0.2766666666666666,0.0,1.1266666666666667,0.3366666666666666,0.5266666666666667,1,230171,3360,182
IMM_kPrs1KY,0.63,0.0,0.72,0.15,0.54,0.88,1.245,0.715,0.0,0.51,1.02,0.59,0.755,0.06,0.235,0.535,0.0,1,452961,8658,670
IN2S_grP2ZE,0.174,0.13,0.0,0.306,1.068,0.4600000000000001,0.396,1.074,1.732,0.918,0.158,0.098,0.246,0.16,1.248,0.384,0.0,0,957019,21728,2084
INYxG2V6mvc,0.3733333333333333,0.0,0.5933333333333334,1.1833333333333331,0.62,0.6866666666666666,0.0,0.9066666666666666,1.08,1.3466666666666665,0.3366666666666666,0.0,0.0,0.0266666666666666,1.45,1.6033333333333335,0.0,1,24943,1720,105
ISmQJQJxxPs,0.898,0.55,0.062,0.912,0.076,0.206,0.204,0.534,0.302,0.58,0.748,0.126,0.036,0.352,0.186,0.1,0.2299999999999999,1,545424,15884,3072
IT9r-ovHmDM,0.56,0.025,0.145,0.42,0.6,1.225,0.4599999999999999,0.85,0.57,0.0,0.635,0.08,0.08,0.0,1.11,0.055,0.505,1,24789,1066,365
IVHzY-UlG9s,0.8049999999999999,0.645,0.0,0.705,0.3,0.19,0.0,0.7,0.305,0.315,0.0,0.0,0.0,0.01,0.395,0.475,0.0,1,3188,310,29
IXoVDl1oTs8,1.3275,1.165,0.0,2.5275,0.0,0.05,0.0275,0.2025,0.0,0.415,0.275,0.0325,0.0625,0.135,0.42,0.3125,0.075,2,34961,1718,82
IZA1t7vmai4,0.78,0.4825,0.815,1.34,0.995,0.9025,0.3974999999999999,0.975,0.9325,1.3375,0.16,0.1525,0.1575,0.29,1.405,0.5375000000000001,0.2725,1,47754,3282,204
IaEj2mNTg3o,0.32,0.055,0.0,0.7075,0.19,0.2575,0.0,0.16,0.5225,0.265,0.295,0.0,0.29,0.035,0.6625,0.035,0.1275,1,533,25,1
IaOE08wtI2o,0.4479999999999999,0.202,0.266,0.3359999999999999,0.762,1.666,0.472,0.6300000000000001,1.028,0.614,0.308,0.048,0.6439999999999999,0.09,0.7899999999999999,1.106,0.324,1,86618,5073,319
Ib2Y0kt_6Ok,1.02,0.0,0.0,0.0,0.0,0.0,0.0,0.11,0.52,1.09,1.83,1.53,0.0,0.0,0.0,0.0,0.0,1,609,44,20
IdUZHc7nqnE,0.0,0.0,0.0,0.0,1.34,2.55,0.0,2.74,2.7,0.11,0.0,0.0,0.51,0.0,2.39,1.08,0.0,0,4191,48,3
Idmu78v5TeE,1.0466666666666666,0.1,1.5599999999999998,0.81,0.3333333333333333,0.7433333333333333,0.0933333333333333,0.5966666666666667,0.1833333333333333,0.1866666666666666,0.7799999999999999,1.5466666666666669,1.17,0.0,0.5566666666666668,2.4933333333333336,0.2266666666666666,1,69630,0,218
Ih2toFSTLVU,1.0633333333333332,0.81,1.2066666666666668,2.21,0.0,0.0,0.1133333333333333,0.0,0.1833333333333333,0.1466666666666666,0.5133333333333333,0.1233333333333333,0.1833333333333333,0.0,0.0933333333333333,0.6866666666666666,0.2666666666666666,1,290444,7308,122
IhQx_G2Dv6E,0.28,0.015,0.125,0.345,2.165,1.35,0.17,1.15,2.335,1.27,0.0,0.0,0.27,0.05,1.375,0.215,0.02,0,2593,172,52
IiCfEzRvUIQ,0.4599999999999999,0.0,0.69,0.0,1.2,1.745,0.575,0.845,1.1800000000000002,1.03,0.265,0.275,0.765,0.305,0.48,0.415,0.305,0,5785007,58901,5587
Ij7d7wZ5qqc,0.81,0.0,0.0,2.54,0.0,0.0,0.0,0.0,0.0,0.0,0.33,0.15,0.17,0.0,1.545,1.06,0.0,1,1893406,43955,2104
IkSQHSccOrw,0.64,0.105,1.5,0.495,0.62,1.585,0.77,0.66,0.375,0.61,0.455,0.86,0.93,0.305,0.085,0.53,0.07,1,424647,5729,1142
IkeDmcu8-2o,0.495,0.0,0.025,0.205,2.17,1.89,0.8799999999999999,2.5700000000000003,2.56,0.75,0.0,0.34,0.445,0.0,2.39,0.42,0.0,0,2857,215,59
Ikm4UITCSKA,1.61,0.32,0.48,1.23,2.11,0.77,0.0,2.2,2.87,1.57,0.05,0.0,0.0,0.0,2.9,0.0,0.0,0,217853,3747,345
IkusGn6DhGo,0.8899999999999999,0.17,0.025,0.305,0.415,1.79,0.0,0.37,0.965,1.41,0.265,0.415,0.0,0.175,0.635,1.095,0.365,1,1722,126,21
IlQCHjxHUkU,1.59,0.19,0.42,0.45,0.515,1.995,0.0,0.365,0.6950000000000001,0.0,1.6549999999999998,0.68,0.12,0.0,0.0,0.0,0.0,1,4575,348,54
ImeZpAX1RIA,0.0,0.0,0.0,2.48,0.0,0.0,0.31,0.57,0.0,0.0,0.0,0.0,1.48,0.0,2.32,1.48,0.0,1,4993,536,65
InHXOZbufdw,1.69,0.0,0.0,0.26,1.37,0.0,0.0,0.9,1.63,3.06,0.28,0.0,0.76,1.0,0.54,0.56,0.0,0,13946,392,93
InP5_mgUUfE,0.045,0.0,0.13,0.49,0.5425,1.5025,0.87,1.1675,0.4675,0.4325,0.2475,0.2925,0.245,0.2575,0.29,0.5449999999999999,0.0,1,78348,3581,365
IoFKtGYM6I0,1.2,0.28,0.35,1.03,0.83,0.0,0.0,1.19,1.34,1.12,0.93,0.14,0.0,0.0,0.79,0.0,0.09,1,16611,360,22
IouFUBMbSXY,1.41,1.21,0.0,0.3,0.85,0.9,0.75,1.43,2.33,1.65,0.0,0.0,0.0,1.33,0.14,0.0,0.14,0,23504,1176,140
IqA_Ae_fso0,0.736,0.3359999999999999,0.014,0.992,0.37,0.346,0.0,0.482,0.462,0.75,0.6,0.124,0.6940000000000001,0.1699999999999999,0.724,0.522,0.076,1,914,58,4
IsVlRj4visc,2.16,0.36,0.64,1.46,1.12,3.08,0.0,0.61,0.89,0.0,1.23,0.16,0.35,0.0,0.0,0.0,0.0,1,9046,535,64
IsgC81D2O8w,1.08,0.3133333333333333,0.0,0.31,2.1333333333333333,1.7533333333333332,0.99,1.02,1.28,0.6699999999999999,0.2433333333333333,0.6466666666666666,0.1466666666666666,0.61,1.3533333333333335,1.07,0.04,0,521117,10885,1518
IuOpZs9lo6I,1.29,1.1375,0.2375,1.945,0.4675,0.6900000000000001,0.12,0.3175,0.4525,0.0,0.3125,0.2274999999999999,0.3675,0.0275,1.225,0.62,0.0,2,354691,9565,269
IuRDt2Wvo5o,0.83,0.0,1.685,0.935,0.49,1.525,0.59,1.105,0.06,0.0,0.665,0.17,0.0,0.375,0.7,0.25,0.0,1,987699,26360,2429
Ivn4-GzrETM,0.5,0.675,0.685,1.055,3.49,3.045,0.94,2.445,2.81,0.935,0.235,0.53,0.0,0.395,2.83,0.72,0.33,0,7839253,116869,6018
IxD2NbXzgpQ,0.295,0.495,0.39,0.375,0.895,0.74,0.22,1.18,1.405,1.62,0.28,0.075,0.38,0.06,1.815,0.8500000000000001,0.035,0,14949100,207808,23069
IxGdNHDMFPI,1.25,0.0,1.27,1.17,0.21,1.92,0.42,1.9,0.31,0.0,0.0,1.37,0.48,0.9,0.0,0.0,0.0,1,1864,51,3
IyxERiRuRBw,0.3533333333333333,0.0,0.0,1.1333333333333335,1.1966666666666663,0.6633333333333333,0.0133333333333333,0.9166666666666666,1.606666666666667,0.4166666666666667,0.0666666666666666,0.0,0.2533333333333333,0.0,1.5266666666666666,0.0566666666666666,0.2166666666666666,0,74572,6257,743
IzAW6O5YWBU,1.055,0.76,0.5750000000000001,0.55,0.8150000000000001,0.0,0.0,0.655,1.195,1.125,0.385,1.22,1.1,0.42,0.98,0.7050000000000001,0.145,1,12561,640,79
J-E4D9E4xsI,0.2833333333333333,0.03,0.8066666666666666,0.3533333333333333,0.4266666666666667,0.2466666666666666,0.4066666666666667,0.7466666666666667,0.4066666666666667,0.6966666666666667,0.0,0.4666666666666666,0.3866666666666666,0.5433333333333333,0.4666666666666666,0.0,0.2299999999999999,1,318874,9598,895
J3mX_a2tmMc,2.29,1.475,0.595,1.32,0.65,0.8150000000000001,0.25,2.035,1.5699999999999998,1.27,0.195,0.105,0.28,0.0,1.36,0.45,0.395,2,10075,660,115
J4H-0ue4gXk,0.07,0.0,1.95,0.0,0.0,0.12,0.22,0.47,0.53,0.76,0.18,1.03,1.34,0.36,0.0,0.0,0.91,1,561,46,47
J4dz7tiXNEc,0.42,0.28,0.0,0.27,0.78,0.375,0.415,0.69,1.205,1.93,0.0,0.0,0.445,0.0,0.93,0.0,0.91,0,58837,2677,93
J5LWi9sqvQk,0.76,0.0,0.0,0.33,2.26,2.19,0.11,2.68,3.09,0.0,0.0,0.0,1.05,0.0,2.81,0.0,0.0,0,228271,6754,883
J7IGbrXZEZI,0.04,0.02,1.64,0.09,2.51,2.9,1.65,1.91,2.9,1.47,0.0,0.2,0.0,0.0,1.04,0.0,0.79,0,1169,55,51
J9gH_ZLFHyU,1.4249999999999998,1.03,0.13,0.99,0.0,0.04,0.0,0.295,0.04,0.0,0.755,0.0,0.32,0.035,0.455,0.655,0.21,1,13347,674,50
JBMQsxcS0Xk,0.925,0.425,0.34,0.085,0.59,0.16,0.39,0.96,1.065,0.385,0.095,0.0,0.0,0.0,0.92,0.0,0.075,1,308,22,0
JDUVOzWAWWs,1.36,1.135,0.415,0.0,0.77,0.8999999999999999,0.22,0.35,0.62,0.405,0.715,1.46,1.025,0.44,0.22,0.0,1.135,1,26112,1181,62
JDkoMGF8aEY,1.062,1.028,0.0,1.614,0.8140000000000001,0.658,0.106,0.742,0.792,0.496,0.5820000000000001,0.8219999999999998,0.552,0.2239999999999999,0.902,0.404,0.4439999999999999,1,16388,965,54
JEZPL3YERBY,1.3666666666666665,1.1266666666666667,0.7233333333333333,1.59,0.4866666666666666,0.7633333333333333,0.2966666666666667,0.77,0.2666666666666666,0.0,0.8633333333333333,0.34,0.3666666666666667,0.0,1.0333333333333332,0.6233333333333334,0.1366666666666666,2,39157,1773,221
JFzRQ3TqhPs,0.28,0.0,0.0,0.98,0.24,0.78,0.03,0.0,0.0,0.0,0.26,0.0,0.0,0.0,1.35,0.0,0.0,1,7816,472,92
JM14c0yL29I,0.89,0.2383333333333333,0.5383333333333333,0.4599999999999999,0.1816666666666666,0.8266666666666667,0.0883333333333333,1.4466666666666663,0.8550000000000001,0.3166666666666666,0.175,0.1333333333333333,0.3816666666666666,0.0,1.0733333333333333,0.2316666666666667,0.065,1,2836136,57061,1197
JNUQ72ZHlZs,1.4400000000000002,0.5333333333333333,0.7433333333333333,0.56,0.2233333333333333,0.28,0.5166666666666667,0.4333333333333333,0.3233333333333333,0.5533333333333333,0.42,0.1666666666666666,0.3433333333333333,0.0,0.1999999999999999,1.3866666666666667,0.3733333333333333,1,4186,133,5
JP12qxJQKDk,0.3828571428571429,0.2042857142857142,0.0457142857142857,0.9428571428571428,0.1771428571428571,0.1971428571428571,0.2985714285714285,0.6471428571428571,0.2714285714285714,0.5557142857142857,0.1257142857142857,0.0914285714285714,0.04,0.0,0.3214285714285714,0.2514285714285714,0.0071428571428571,1,264195,15552,704
JQ-eZkZC5nA,1.47,0.73,0.0,1.82,0.0,0.0,0.0,1.13,0.21,0.98,0.32,0.0,0.0,0.19,0.71,0.0,0.0,2,7735,610,53
JQpjfWV_p6E,0.73,0.33,0.495,0.52,1.43,1.7049999999999998,0.67,1.605,0.815,0.27,0.895,0.895,0.0,0.09,0.27,1.35,0.72,1,1637140,30303,0
JR0jhnzM5VU,1.43,0.772,0.446,1.848,0.55,1.142,0.434,0.8140000000000001,0.704,0.2679999999999999,1.0719999999999998,0.634,0.29,1.48,0.118,0.298,0.086,1,48153,1830,88
JRzVGCUDuC0,0.72,0.695,0.23,0.0,2.345,2.185,0.74,1.61,2.145,0.92,0.025,0.065,0.385,0.06,3.815,0.11,1.125,0,8763,193,33
JT5AVuqTeaE,1.92,0.44,0.0,1.2,0.0,0.0,0.5,0.0,0.36,0.0,0.0,0.0,0.0,0.0,0.0,0.0,0.0,1,98944,3598,413
JVIVZgJ5aec,1.6566666666666665,1.6333333333333335,0.0,1.7466666666666668,0.2733333333333333,0.1833333333333333,0.0,0.96,0.7499999999999999,1.0133333333333334,0.3933333333333333,0.4766666666666667,0.1933333333333333,0.0466666666666666,0.43,0.3233333333333333,0.08,2,10092,378,29
JXxBmfyw6Xc,3.69,1.48,0.0,0.0,1.13,0.19,0.0,2.39,2.33,1.74,0.0,0.0,0.72,0.0,1.3,0.52,0.95,0,78247,2881,205
JZIEfgYvQio,1.01,0.76,0.0,0.01,1.37,0.0,0.0,1.57,3.52,1.52,0.0,0.0,0.46,0.0,1.74,0.45,1.9,0,2614874,34566,1558
JZnvP1MWBlk,0.83,1.49,0.0,0.96,0.0,0.0,0.0,0.0,0.0,0.0,0.0,0.12,0.0,0.41,0.0,0.6,0.0,1,1412,16,20
J_BQmskzXDk,1.95,2.8000000000000003,0.0,3.023333333333333,0.2666666666666666,0.0,0.0,0.15,1.1966666666666663,0.1466666666666666,0.1666666666666666,0.09,0.0,0.1999999999999999,1.2,0.69,0.01,2,40035,1680,281
Ja2nNDd9fjg,0.7125,0.0,0.345,0.4875,0.0799999999999999,0.1175,0.075,0.6475,0.25,0.6025,1.4225,0.0,0.4625,0.79,0.79,0.0,0.145,1,502312,13835,826
Jc2hb8-rcrY,1.41,0.0,0.19,0.59,2.2,2.13,0.0,1.39,2.55,0.76,0.02,0.0,0.0,0.0,2.19,0.14,0.0,0,4317,161,25
JeiuMNOJ1EA,0.7,0.0,0.68,0.0,2.47,0.78,0.01,2.4,1.95,1.03,0.0,0.0,0.0,0.65,2.05,0.01,0.0,0,7966,440,52
Jf2tNIE-IHE,0.5633333333333334,0.2266666666666666,0.0,0.8633333333333333,0.4266666666666667,0.2766666666666666,0.0999999999999999,0.8099999999999999,1.4800000000000002,0.8266666666666667,0.35,0.0266666666666666,0.5833333333333334,0.0,1.086666666666667,0.0433333333333333,0.1466666666666666,1,52096,2713,398
JlrWlTMAqr0,0.98,0.05,0.69,0.74,0.62,0.985,0.36,1.195,1.2999999999999998,0.555,1.13,0.0,0.0,0.0,0.705,0.135,0.0,1,21520,168,31
JpOnvii2_1s,1.5200000000000002,0.8766666666666666,0.75,1.6466666666666665,0.0,0.26,0.0,0.3666666666666667,0.21,0.2666666666666666,0.0,0.0,0.3466666666666667,0.1066666666666666,0.3033333333333333,0.37,0.15,1,499367,11084,431
Jppwo7-7hLs,0.65,0.0,1.41,2.42,0.0,1.3,1.11,1.07,0.0,0.0,0.07,0.0,0.0,0.0,3.81,1.23,0.0,1,126074,5995,693
JsbGDdik8ao,0.81,0.0,0.39,0.3825,0.2724999999999999,1.1425,0.2875,0.595,0.0775,0.3625,0.615,0.0325,0.7575000000000001,0.0,0.4275,0.3625,0.3075,1,127082,3341,313
Jsm7oZ-8lVk,1.06,0.035,0.64,1.775,1.42,1.15,0.245,1.815,1.8,0.74,0.065,0.72,0.06,0.065,1.465,0.0,0.31,0,875680,8707,1559
Jsz4MSGM-08,0.495,0.0,0.14,0.355,1.2000000000000002,1.91,0.1699999999999999,1.57,2.005,1.035,0.0,0.0,0.0,0.0,1.005,0.0,0.0,0,1460,114,168
Jw72XdBwhjQ,0.55,0.23,1.5,0.0,3.12,3.28,0.29,2.58,3.56,0.71,0.0,0.0,0.0,0.0,2.16,1.22,1.39,0,271875,13456,1376
JwIeegXNZ9c,0.2766666666666666,0.0,0.1683333333333333,0.7266666666666667,0.9416666666666664,0.6483333333333333,0.3816666666666666,0.6749999999999999,0.9083333333333332,0.7433333333333333,0.2749999999999999,0.13,0.9966666666666668,0.0583333333333333,0.6416666666666667,0.3116666666666667,0.0733333333333333,1,112952,5426,699
JyespbKFTZE,0.74,0.41,0.07,2.87,0.0,0.0,0.8,0.18,0.0,0.0,0.0,0.0,0.15,0.0,2.63,1.16,0.0,2,25445,1324,151
JyuDpnjCK_U,0.88,0.0,1.13,0.525,0.015,1.02,1.33,1.5,0.0,0.47,1.325,1.215,0.11,0.3399999999999999,0.0,1.26,0.645,1,49336,0,145
K-W7_RY8d4M,0.9633333333333334,0.25,0.1399999999999999,0.15,0.0,0.1833333333333333,0.0266666666666666,0.1166666666666666,0.45,0.2633333333333333,0.4266666666666667,0.0,0.8833333333333333,0.1566666666666666,0.4466666666666666,0.21,0.5066666666666667,1,11738,231,18
K-mSi0GNWN8,0.53,0.0,0.795,1.675,0.905,0.835,1.13,0.7350000000000001,0.485,2.065,0.215,0.685,0.43,0.33,0.86,0.795,0.38,1,617,38,9
K-o1LlCF-Hc,0.44,0.0,0.415,0.0,0.6499999999999999,1.24,0.715,1.4,0.0,1.14,0.965,0.0,0.415,0.215,0.92,0.805,0.405,1,107104,3748,893
K-rtaegZYkE,0.38,0.03,1.0333333333333334,1.5599999999999998,0.4666666666666666,0.2533333333333333,0.2299999999999999,0.8033333333333333,0.8333333333333334,1.336666666666667,0.0,0.0,0.0999999999999999,0.0,1.2766666666666666,0.41,0.49,1,180222,4460,136
K05mhgf0Lj4,0.41,0.0,2.94,0.6,0.0,1.93,0.75,1.32,0.0,0.96,2.2,0.47,4.06,0.0,1.46,3.14,0.27,1,174769,3714,476
K0FmdB8uGKA,2.01,1.67,0.0,2.95,0.0,0.0,0.0,2.17,1.19,0.28,0.48,0.0,0.56,0.0,0.85,0.6,0.85,2,138384,2778,2251
K20VZzncHgY,0.67,0.1225,0.1425,0.4575,0.77,0.3125,1.8775,0.2375,0.045,0.495,1.6925,0.91,0.7949999999999999,1.5575,0.1425,1.3225,0.3075,1,88432,3798,356
K4BnzGb1FGQ,0.6766666666666666,0.01,0.56,0.0066666666666666,1.6133333333333333,2.54,0.2766666666666666,1.22,1.6033333333333335,0.73,0.5466666666666666,0.0,0.1966666666666666,0.0,1.6233333333333333,0.1966666666666666,0.4666666666666666,0,15706,894,53
K6dZW1V3-FU,1.4,0.02,0.59,0.81,1.66,1.53,0.0,1.25,1.15,0.64,0.73,0.0,1.18,0.0,0.0,0.0,0.0,1,985386,32484,3295
K9_kfYsDQgw,0.0,0.0,0.185,0.855,1.065,2.33,0.095,1.295,1.4,0.0,0.71,0.11,0.77,0.0,1.065,0.0,0.225,0,2074,20,0
K9h7xBf9uzA,1.45,0.55,1.255,0.05,0.94,0.235,0.79,1.555,1.525,0.665,0.06,0.0,0.385,0.0,1.0,0.0,0.0,0,3373,96,11
KAWBqgvlhfo,0.14,0.0,0.0,0.0,0.6,0.0,0.0,1.58,1.18,1.15,0.0,0.0,0.0,0.0,0.0,0.2,0.0,1,2143,30,13
KAXmWs4Hlis,0.75,0.0,0.6900000000000001,0.0,1.51,2.285,1.265,1.415,0.87,1.005,0.315,1.19,0.645,0.0,0.475,0.26,0.18,0,21457,963,134
KBckeRChNT4,1.0066666666666666,0.015,0.1083333333333333,0.93,0.7433333333333333,0.3216666666666666,0.855,0.58,0.8783333333333333,0.85,1.445,0.8733333333333334,0.2483333333333333,0.4516666666666666,0.9,0.8783333333333334,0.3516666666666666,1,5340005,134059,20530
KG2lonDcGCU,0.1899999999999999,0.12,0.0,0.1166666666666666,0.6366666666666666,0.58,0.1666666666666666,0.5066666666666667,1.3766666666666667,1.2133333333333332,0.29,0.0,0.7933333333333333,0.0,0.4933333333333333,0.1966666666666666,0.0999999999999999,1,3771,134,93
KG5Ov18N26U,0.0,0.0,0.0,0.0,1.51,1.61,1.11,0.56,1.82,0.0,0.45,0.0,0.43,0.0,2.77,1.08,0.0,0,2228,130,9
KIXccECYjyU,1.835,2.015,0.0,2.27,0.495,0.075,0.0,1.2999999999999998,1.57,0.02,0.1,0.815,0.0,0.035,1.285,0.51,0.0,2,44209,2464,171
KNXOzx6mkUE,0.755,0.405,0.6875,1.3875,0.01,0.2175,0.25,0.6975,0.325,0.74,0.2525,0.0,0.0925,0.0,1.8375,1.3275,0.3675,1,35403,1078,68
KOlzFdl35e4,0.1633333333333333,0.0,0.0366666666666666,0.0,0.7033333333333333,0.0,0.6366666666666667,0.68,0.3966666666666666,1.3299999999999998,0.5499999999999999,1.2233333333333334,0.48,0.4533333333333333,0.21,1.14,0.1399999999999999,1,74752,2963,260
KPbgE2STJiE,0.2483333333333333,0.335,0.6816666666666666,1.5766666666666669,0.3383333333333334,0.7133333333333334,0.0249999999999999,0.5883333333333334,0.5816666666666667,0.7733333333333333,0.4783333333333333,0.2133333333333333,0.4016666666666666,0.0316666666666666,0.9166666666666666,0.7783333333333333,0.2333333333333333,1,298728,7863,217
KSrS_KmFcmM,0.6799999999999999,0.62,0.0,0.6725,1.11,0.775,0.2075,1.0074999999999998,1.7675,0.855,0.225,0.5325,0.6074999999999999,0.0075,1.8575,0.7475,0.5125,0,243897,5751,283
KTBkJEkTicw,0.7566666666666667,0.0,0.6433333333333334,0.5333333333333333,1.6466666666666665,1.4366666666666668,0.3999999999999999,1.0466666666666666,1.6733333333333331,0.3899999999999999,0.1433333333333333,0.0,0.7200000000000001,0.38,0.3066666666666666,0.0,0.22,0,131133,2485,228
KUWHXdT39Rg,1.15,1.14,0.0,3.68,0.0,0.0,0.0,0.0,0.0,0.0,1.97,0.43,2.05,0.0,2.15,0.92,0.0,2,356377,9047,277
KWEY2yJfy_E,0.722,0.13,0.296,0.282,1.52,2.178,0.242,1.132,1.476,0.756,0.476,0.19,0.776,0.0,1.566,0.258,0.45,0,564076,23098,868
KdAgjXVe2K4,0.6566666666666667,0.08,0.0,0.5033333333333333,1.5466666666666669,1.15,0.5633333333333334,1.1933333333333334,1.5699999999999996,1.6333333333333335,0.0,0.4966666666666666,0.3366666666666666,0.3766666666666666,1.623333333333333,0.6766666666666667,0.0,0,10534,697,76
KelcDGzQRKg,0.0,0.0,0.77,0.0,3.42,3.48,1.41,3.1,1.57,0.02,0.0,1.89,0.0,1.61,0.52,0.0,0.86,0,11421,386,103
KewTOAuam4s,1.2266666666666666,0.58,0.7833333333333333,0.3066666666666667,0.21,1.0033333333333332,0.25,0.6166666666666667,0.62,0.2166666666666666,0.0533333333333333,0.16,0.51,0.0499999999999999,1.0766666666666669,0.5533333333333333,0.3833333333333333,1,127309,7182,733
Kgr7qGU_sJw,0.025,0.0,0.0,0.375,0.7949999999999999,1.225,0.0,1.65,1.84,1.655,0.29,0.0,0.845,0.385,0.935,0.145,0.0,0,435,7,2
Kk4YL2CZGPI,0.085,0.0,0.505,0.0,1.765,1.255,1.17,1.61,1.37,1.66,0.5,0.24,0.015,0.0,1.6849999999999998,0.645,0.0,0,143,15,8
KlL-XtnS_ps,0.43,0.1,0.1718181818181818,1.0872727272727272,1.0118181818181815,1.2563636363636363,0.2709090909090909,0.9418181818181818,0.8636363636363636,0.4572727272727273,0.7863636363636364,0.6363636363636364,0.8027272727272727,0.69,0.7736363636363636,0.6590909090909091,0.0381818181818181,1,74026,4019,648
KmWoT5FmtTk,0.0,0.0,0.47,0.0,2.13,2.93,0.78,1.77,2.69,0.92,0.0,0.0,0.93,0.53,2.16,0.0,0.0,0,341,41,63
KmaO8Z99BJU,0.23,0.605,0.41,0.215,2.385,3.11,0.96,1.54,1.515,0.72,0.54,0.055,1.4249999999999998,0.0,2.095,0.755,0.305,0,2214,88,22
KqItPSo7R58,1.88,0.495,0.9875,0.695,0.3125,1.4025,0.0,0.0675,0.4125,0.6675,0.235,0.475,0.9375,0.06,0.635,0.1075,0.355,1,21369,1328,115
KrbZE3SL1vU,0.0,0.0,0.78,0.55,2.61,1.89,0.0,1.69,3.0,2.02,0.0,0.0,0.07,0.3,1.7,0.0,0.0,0,18893,406,103
KuSZGmAz7zc,0.6718181818181819,0.1045454545454545,0.4309090909090909,0.2054545454545454,0.7536363636363638,0.6954545454545454,0.4836363636363636,1.2554545454545456,0.8181818181818182,0.879090909090909,0.5363636363636364,0.0645454545454545,0.6036363636363636,0.4718181818181817,0.6136363636363636,0.3081818181818181,0.1572727272727272,1,26123,1268,112
KwD4e3ziCb4,0.75,1.355,0.0,0.92,0.76,0.615,0.0,1.15,1.44,1.07,0.135,0.0,0.0,0.13,2.135,0.955,0.035,2,725422,17885,1318
KwTtV2ZJZ7U,1.424,0.632,0.632,1.372,0.066,0.324,0.0819999999999999,0.72,0.426,0.004,0.448,0.3299999999999999,0.316,0.018,0.558,0.286,0.2259999999999999,1,539921,13993,392
KxqcT1LUJhQ,0.156,0.134,0.586,1.238,0.166,0.382,0.196,0.286,0.3419999999999999,0.16,0.5519999999999999,0.454,0.2259999999999999,0.1659999999999999,0.4679999999999999,0.372,0.388,1,358983,13069,411
KxyoiLVn_YU,0.5,0.0,0.4133333333333333,0.8066666666666666,1.43,0.8366666666666668,0.2366666666666666,1.28,0.94,0.2533333333333333,0.9466666666666668,0.1566666666666666,0.0,0.02,0.6233333333333334,0.3,0.0333333333333333,1,13983,858,201
Kys4CbieqpU,1.09,0.0,0.0,0.445,0.54,0.72,0.6000000000000001,1.145,1.205,2.505,0.4599999999999999,0.38,0.87,0.0,0.4,0.11,0.0,0,4580,189,32
KzG17U1mbMc,0.855,0.15,0.0,0.105,0.965,0.885,0.0,1.41,1.455,1.405,0.215,0.4599999999999999,0.495,0.0,0.655,0.04,0.0,0,240513,3126,245
L-OWMMdBkHk,2.185,0.76,0.545,2.51,0.355,0.0,0.0,1.255,1.735,1.585,0.0,0.765,1.335,0.655,1.16,0.93,0.155,2,17307,1786,306
L9tIAMCe2dc,1.125,0.28,0.235,0.0,1.365,0.975,1.5299999999999998,1.47,1.315,2.365,0.4399999999999999,0.15,0.825,0.0,1.64,0.16,0.475,0,410085,12829,1291
LAfchScmbVY,2.803333333333333,1.81,0.0,0.9833333333333332,0.3,0.24,0.0,0.0,0.2333333333333333,0.0,1.55,0.8533333333333334,1.106666666666667,0.1133333333333333,0.3766666666666666,0.4433333333333333,0.2466666666666666,2,131,8,0
LCPdReRvd00,0.2259999999999999,0.0,0.1,0.584,0.6020000000000001,0.732,0.192,1.066,0.658,0.6439999999999999,0.582,0.124,0.782,0.132,0.714,0.724,0.136,1,4262,165,74
LCpmr8NTkzQ,0.0,0.0,0.0,0.89,1.96,2.9,0.0,1.35,2.9,0.89,0.0,0.0,0.44,0.0,2.37,0.0,0.0,0,66268,332,34
LFkSktRSJpM,0.17,0.0,0.4,0.0,1.045,0.88,0.0,1.6700000000000002,2.175,0.95,0.0,0.0,0.0,0.035,1.86,0.955,0.37,0,14411,804,163
LLWlON3rO84,1.163333333333333,0.6466666666666666,0.0,0.2966666666666667,1.6466666666666665,1.2300000000000002,0.31,1.61,2.066666666666667,0.67,0.89,0.0,0.0,0.0,2.3433333333333333,0.0,0.0,0,82960,4200,131
LNin1zdtACc,0.31,0.0,0.0,0.0,1.62,3.25,0.08,2.26,2.6,0.57,0.0,0.0,0.15,0.0,3.98,1.57,0.0,0,37702,398,25
LNtFTq32huA,0.445,0.1266666666666666,0.7633333333333333,0.4683333333333333,0.0983333333333333,0.1283333333333333,0.1083333333333333,0.5366666666666666,0.2283333333333333,0.8016666666666666,0.1666666666666666,0.64,0.3433333333333333,0.0866666666666666,0.485,1.0816666666666668,0.445,1,15513,0,124
LQRA4LI1dpw,1.415,0.825,0.315,1.385,1.2,0.74,0.0,0.42,2.055,0.925,0.415,0.0,0.0,0.62,0.875,0.415,0.235,1,17275,1301,104
LTonXvxR7wg,0.0,0.0,0.0,0.0,1.99,2.4,0.43,1.9,1.64,0.3,0.16,0.23,0.0,0.29,2.65,2.39,0.46,0,18407,300,24
LU3dP_VdymQ,0.05,0.0,0.23,0.0,1.01,1.69,0.44,0.0,0.0,0.0,2.56,0.0,0.0,0.76,1.21,2.18,0.25,1,6512,527,66
LV2RZPV3aR8,1.2,0.195,0.625,0.055,0.25,0.44,0.505,0.245,0.39,0.35,0.715,1.265,1.23,0.195,0.0,0.065,0.12,1,17419,1404,201
LVVI4KvH_Gw,0.31,0.0,0.27,0.01,1.98,0.0,0.36,1.59,2.08,2.57,0.0,0.54,0.0,0.22,0.79,0.0,0.0,0,24991,1075,303
LVaz4TG41r8,0.2666666666666666,0.4566666666666667,0.5599999999999999,0.7133333333333334,0.0033333333333333,0.1766666666666666,0.0,0.5266666666666667,0.2033333333333333,0.83,0.3166666666666667,0.5066666666666667,0.2166666666666666,0.0266666666666666,0.8300000000000001,0.8000000000000002,0.5066666666666667,1,140432,4286,351
LVxfqOe3MFE,0.0,0.0,2.25,0.0,1.55,3.27,0.75,0.32,1.64,0.67,0.0,0.0,0.44,0.2,1.59,0.05,0.0,0,190612,4598,1434
L_h9HRJ79-E,0.41,0.75,1.14,0.84,1.79,3.41,0.9,0.0,1.67,0.0,1.91,0.0,0.0,1.82,2.02,3.04,0.76,0,67706,3328,396
LcsTba_KQXM,0.755,0.005,0.535,1.26,0.96,0.765,0.025,1.355,1.235,0.645,0.08,1.045,0.585,0.265,0.09,0.56,0.025,1,43053,1771,194
LczC9rkrNkM,0.5075000000000001,0.07,0.0,0.17,1.62,2.04,0.5325,1.2475,1.7,1.0,0.2325,0.4275,0.3125,0.115,0.7925,0.3275,0.01,0,309323,2552,81
LfPx5Ygzr9A,1.17,0.03,0.045,0.965,1.805,3.245,0.855,1.755,1.5550000000000002,1.46,0.6900000000000001,0.0,0.175,0.125,1.895,0.545,0.095,0,30602,1899,184
LmBtqFkvIn0,0.0,0.96,0.0,0.5,0.0,1.89,1.21,0.55,0.0,0.0,1.1,0.88,0.0,0.48,0.68,1.03,0.25,1,5287859,73903,0
LoDHH_O0fDg,0.785,0.09,1.46,1.42,1.055,0.0,0.675,0.94,1.28,0.835,0.365,0.865,0.0,0.0,1.04,0.06,0.375,1,389,21,4
Lot6VTTgzGw,1.7200000000000002,0.325,0.38,0.525,0.385,1.86,0.0,0.25,0.62,0.0,1.475,0.66,0.0,0.0,0.0,0.0,0.0,1,8647,571,80
Lqznip8oO9M,0.76,0.835,0.0,1.235,0.52,0.93,0.25,1.465,0.6,1.745,0.64,0.0,0.145,0.0,1.62,2.055,0.0,1,20069,928,127
LsCHNOZ3htY,0.98,0.0,0.36,0.435,1.415,1.835,0.4,0.74,0.965,0.96,0.81,0.53,2.16,0.33,0.7050000000000001,2.295,0.0,1,89,10,5
LsFTrq6vAus,0.455,0.23,0.0,0.36,1.565,0.0,0.0,2.045,2.43,2.425,0.215,0.11,0.0,0.115,1.44,0.015,0.0,0,1466728,34563,2370
LtXiRN0P2VY,0.25,0.0,0.0,0.32,1.26,2.96,0.27,1.78,2.06,0.29,0.46,0.0,0.0,0.06,1.52,0.0,0.0,0,14668,371,60
LtrL-cCzoNo,0.87,0.64,0.2766666666666666,0.1366666666666666,0.62,0.0,0.0533333333333333,0.64,1.26,0.97,0.48,0.3866666666666666,0.0,0.0666666666666666,0.63,0.0,0.2566666666666666,1,44481,2198,423
LvtB_HOBtXU,0.6828571428571427,0.1457142857142857,0.2257142857142857,0.6728571428571428,0.1885714285714285,0.0,0.0128571428571428,0.3314285714285714,0.1885714285714285,0.2385714285714285,1.1457142857142857,0.3285714285714285,0.5,0.2057142857142857,0.4114285714285714,0.0314285714285714,0.0028571428571428,1,244854,6097,284
LyiAFZFC0NI,0.73,0.0,0.0,1.77,0.0,2.57,0.34,0.43,0.0,0.0,0.5,0.0,1.25,0.0,0.0,0.0,0.0,1,951,82,58
M0lKXfyJh-I,0.0,0.285,0.945,1.085,1.48,1.7200000000000002,1.025,0.405,1.17,0.995,0.91,0.48,0.0,0.0,0.83,0.68,0.03,1,5058704,160106,9101
M6PeY_lZJk0,1.07,0.43,0.0,0.58,0.6,0.35,0.0,0.87,0.99,0.65,0.0,0.33,0.0,0.31,0.0,0.0,0.0,1,62049,1705,170
M7clFz4fyeg,1.44,1.18,0.75,1.775,1.55,1.83,0.46,1.4,1.665,0.705,0.0,0.0,0.0,0.095,1.52,0.43,0.425,0,67256,2921,177
M7nAZgyp9I0,0.11,0.0,0.0,0.16,0.0,1.45,0.0,0.0,0.4,0.0,0.0,0.0,0.0,0.0,0.0,0.04,0.0,1,2826,177,36
M8MG_3YB3b8,0.1,0.0571428571428571,0.4185714285714285,0.4371428571428571,0.2728571428571428,0.74,0.0814285714285714,0.2942857142857143,0.3528571428571428,0.4557142857142857,0.0814285714285714,0.0542857142857142,0.0971428571428571,0.0,0.3014285714285715,0.0514285714285714,0.3028571428571428,1,5299,548,198
M9C3dF4FjpQ,0.0,0.0,0.67,0.0,2.09,2.36,0.69,1.96,2.38,1.48,0.0,0.0,0.0,0.45,1.75,0.0,0.0,0,470,52,63
M9tx5tggT-k,0.085,0.0,0.0,0.01,0.4049999999999999,1.155,0.635,0.99,0.105,0.075,0.04,1.05,0.0,0.325,0.0,0.2,0.0,1,3056,244,74
MBtWxCM7NYg,1.51,0.07,0.7,0.0,1.32,1.53,0.83,0.35,1.77,1.28,0.23,0.0,0.57,0.0,3.84,1.17,0.0,0,267914,11842,944
ME0ICNval34,2.29,0.55,0.67,0.0,2.51,1.28,1.04,1.5,2.7,1.85,0.0,0.0,0.0,0.33,2.23,1.18,0.0,0,56203,2866,231
MEDamnVjgXI,0.0,0.0,0.99,1.01,1.37,0.11,0.97,0.92,1.59,0.46,0.0,0.0,0.65,0.15,1.78,0.0,0.33,0,5831,263,36
MEh5Nuqwmok,0.368,0.02,0.616,0.15,1.076,1.436,0.3419999999999999,0.918,0.866,0.538,0.514,0.7220000000000001,0.482,0.218,1.12,0.206,0.224,1,4503,405,47
MF3Xjml0UPI,0.4433333333333333,0.0,0.1066666666666666,0.68,1.2899999999999998,1.6766666666666663,1.07,0.8933333333333334,1.4166666666666667,0.6666666666666666,0.4333333333333333,0.0,0.0,0.35,1.143333333333333,0.1133333333333333,0.8366666666666666,0,85830,2498,275
MIiVqUYh_eo,0.7025,0.0308333333333333,0.8916666666666666,0.5675,0.3374999999999999,1.0858333333333334,0.3408333333333333,0.2541666666666666,0.3891666666666666,0.32,0.5841666666666666,0.4775,0.6241666666666666,0.1275,0.3808333333333333,0.0691666666666666,0.0383333333333333,1,1385,56,16
MKBogPOM3Ao,1.215,0.78,0.325,0.4,1.36,1.415,0.205,1.65,2.415,0.845,0.0,0.0,0.28,0.0,2.665,0.86,0.0,0,52195,1161,87
MKgOWgUwTrU,0.0,0.0,0.0,0.0,1.26,2.7,0.04,2.75,2.59,0.17,0.0,0.0,0.34,0.0,2.36,0.64,0.0,0,42714,513,21
MLQ2ZT_v7WI,0.48,0.0,0.3259999999999999,0.8459999999999999,0.486,0.758,0.548,0.8640000000000001,0.3419999999999999,0.654,0.393,0.355,0.238,0.093,0.27,0.31,0.191,1,7447,610,143
MMOR5h6gS8s,0.7799999999999999,0.2266666666666666,0.4966666666666667,0.1033333333333333,0.9066666666666666,0.36,0.0,1.4766666666666666,1.72,1.0633333333333332,0.18,0.0,0.08,0.2766666666666666,2.2366666666666664,0.77,0.2933333333333333,0,2024,141,33
MRQ7_4CsCBk,1.13,0.8866666666666667,0.4366666666666667,0.5766666666666667,0.5933333333333334,1.356666666666667,0.51,0.6966666666666667,0.5333333333333333,0.56,0.36,0.4533333333333333,0.5033333333333333,0.0533333333333333,0.6666666666666666,1.0533333333333337,0.3966666666666666,1,56644,1471,94
MT5RB0pm6Yo,0.565,0.0,0.38,0.32,0.9,2.105,0.33,0.0,0.625,0.515,0.2,0.105,2.245,0.45,0.245,1.02,0.0,1,111,9,5
MU061QXgKGk,0.0,0.0,2.56,0.18,1.56,0.0,1.5,1.52,0.52,0.88,0.1,0.0,0.62,0.0,0.21,0.18,0.0,1,658,21,2
MXK1zjOEAP8,0.855,0.395,0.47,1.345,0.715,1.24,0.33,0.695,0.755,0.0,0.145,0.0,0.47,0.0,1.155,1.22,0.0,1,25571,1012,104
MYOdeJM1KDs,0.09,0.0,0.7100000000000001,0.7949999999999999,1.02,0.205,0.07,0.79,0.91,1.845,0.295,0.105,1.24,0.255,0.34,0.15,0.0,1,36726,1173,211
MYYXYv1CeXc,0.225,0.0,0.15,0.8049999999999999,0.9325,0.915,0.9775,0.4425,0.3325,0.105,0.465,0.0625,0.3225,0.05,0.0,0.0,0.1225,1,245314,5750,613
MYiU3RxXWKE,1.5233333333333334,1.6766666666666663,0.4933333333333333,1.0933333333333335,0.0,0.1999999999999999,0.1433333333333333,0.33,0.09,0.0,0.5166666666666666,0.0,0.1166666666666666,0.0,0.0,0.0,1.2833333333333334,2,18186,1158,341
MYxDGf35jck,0.0,0.0,0.0,2.4,0.4,0.0,0.29,1.09,0.55,0.85,0.76,0.0,1.8,0.0,1.33,0.36,0.0,1,14140,969,188
MZrAxGNnjSk,1.5699999999999998,2.995,0.0,2.77,0.085,0.415,0.0,0.425,0.345,0.495,0.105,0.0,0.175,0.6950000000000001,0.355,0.27,0.14,2,174910,11385,1203
M_LqzLGt9h4,0.4428571428571429,0.0,0.4628571428571429,0.7928571428571428,0.1428571428571428,0.7057142857142857,0.45,0.6900000000000001,0.3471428571428571,0.3371428571428572,0.5871428571428571,0.3714285714285714,0.2685714285714285,0.1942857142857142,0.6071428571428571,0.3928571428571428,0.1157142857142857,1,338807,11149,567
M_VlwYFRQJk,0.5785714285714285,0.3728571428571428,0.5728571428571428,1.127142857142857,0.22,0.4585714285714286,0.2114285714285714,0.687142857142857,0.5671428571428572,0.4814285714285714,0.7242857142857143,0.1799999999999999,0.3571428571428571,0.37,0.5199999999999999,0.7657142857142858,0.1999999999999999,1,91138,3718,210
M_XUw3tno9U,0.5457142857142857,0.4171428571428571,0.3128571428571428,1.2614285714285711,0.1785714285714285,0.2357142857142857,0.29,0.4828571428571428,0.2785714285714286,0.4328571428571429,0.8428571428571427,0.7657142857142858,0.7628571428571428,0.0785714285714285,0.8242857142857144,1.304285714285714,0.0328571428571428,1,73489,2843,120
M_zxfX-BJK4,0.9466666666666668,0.3866666666666667,0.2733333333333333,1.22,0.9366666666666666,0.9333333333333332,0.9866666666666668,0.9333333333333332,0.5566666666666666,0.92,0.5333333333333333,0.2233333333333333,0.42,0.0233333333333333,1.2533333333333334,0.0,0.0166666666666666,1,9056,690,111
MdRI-Yy1jkY,0.23,0.38,0.0,0.0,2.26,2.22,0.85,2.3,2.75,0.595,0.55,0.0,0.615,0.0,3.18,1.365,0.31,0,14836,684,87
MfftS_h6sNQ,0.3219999999999999,0.0,0.256,0.11,1.06,1.398,0.118,0.3399999999999999,1.864,1.112,0.08,0.192,0.148,0.262,1.278,0.75,0.154,0,136,23,12
Mg58cqXP4q4,0.842,0.778,0.1399999999999999,1.94,0.378,1.224,0.518,0.6799999999999999,0.556,1.124,0.396,0.796,0.324,0.094,0.754,0.72,0.0,1,21510,1136,38
MhC8j6zwpLg,1.36,0.37,0.0,1.7400000000000002,0.705,1.32,0.585,1.185,0.97,0.63,0.77,0.535,0.91,0.0,1.08,0.32,0.14,1,29895,1696,159
MhX6041_O9Y,2.62,0.79,1.42,2.1,0.92,0.9,0.67,1.72,1.16,1.54,1.11,0.0,0.0,0.0,3.48,0.0,0.0,2,3977,96,3
MitgWktj-BY,0.905,0.665,0.0,0.645,0.265,0.145,0.0,0.69,0.36,0.22,0.0,0.0,0.0,0.0,0.395,0.51,0.0,1,5919,318,23
MjL05yopUzw,1.22,2.7,0.0,1.66,1.26,0.67,0.0,1.21,2.28,0.31,0.0,0.0,0.84,0.0,3.15,1.29,0.0,2,7194,314,55
MlGE038jc4k,3.55,2.17,0.0,2.65,0.0,0.0,0.0,0.0,0.87,0.53,0.65,0.0,2.64,0.0,2.5,0.0,0.11,2,142839,1944,464
Mm2I5N5xfes,0.3,0.34,0.0,0.56,0.0,0.0,0.0,0.0,0.0,0.0,0.0,0.0,0.53,0.0,0.68,0.08,0.0,1,2306,57,26
MoWue2YAvJE,1.6,2.14,0.11,0.0,0.73,1.19,1.45,1.74,0.94,0.73,1.38,1.65,0.73,0.14,0.69,2.32,1.04,2,469153,30308,4681
Mqg3qC6Ly3k,1.075,0.655,0.6,0.76,0.155,0.455,0.065,0.56,1.01,0.35,1.895,0.735,0.0,0.155,0.985,0.0,1.3250000000000002,1,35533,3030,318
MrEgR1mpbLY,0.21,0.21,1.79,1.99,0.0,0.0,0.02,0.0,0.0,0.0,0.78,1.33,0.0,0.66,0.89,3.67,0.0,1,52308,2766,567
MraeBd8ft78,0.755,0.0,0.175,0.56,0.19,0.125,0.33,0.065,0.25,0.605,1.135,1.29,0.71,0.0,0.215,0.555,0.2,1,59703,2328,200
MttG7NB1ilk,1.025,0.405,0.75,0.36,0.44,1.14,0.035,1.05,0.975,0.43,0.025,0.75,0.0,0.0,0.715,1.32,0.335,1,679698,29140,1454
Mvjmt7bfpjM,1.48,0.33,0.225,0.75,0.16,0.925,0.525,1.17,0.22,0.87,0.865,1.245,0.635,0.335,0.295,0.335,0.24,1,154566,4983,314
Mxw5bLTK5pk,1.585,1.625,0.005,2.045,0.0,0.55,0.17,0.08,0.0,0.975,0.415,1.085,0.8899999999999999,0.535,0.31,0.775,0.0,2,1510149,56471,4309
N-cRDwAUgFE,1.83,0.26,1.555,0.0,1.445,0.17,0.055,2.445,1.22,1.97,0.255,0.79,0.81,0.285,0.9,0.1,0.0,0,84105,7827,660
N0nI2EpovhQ,0.33,0.0,0.0,0.91,0.8,1.48,1.41,0.68,0.51,0.0,0.97,0.46,2.16,0.0,0.0,0.0,0.0,1,8861415,233885,8046
N30eSJCl5Cs,0.76,0.21,0.75,2.065,0.0,0.1,0.2,0.48,0.0,0.185,1.12,0.24,0.475,0.62,0.38,0.945,0.0,1,7165,623,82
N3Cit-AE43o,0.0,0.0,0.0,0.0,0.66,1.42,0.07,1.41,0.33,0.33,0.58,0.91,0.03,0.0,0.43,0.89,0.0,1,93635,5776,621
N7Are3AU9oQ,0.955,0.0,0.0,0.0,1.2000000000000002,1.395,0.705,0.875,0.985,2.0700000000000003,0.8150000000000001,0.51,1.425,0.02,0.63,0.41,0.0,0,38249,2378,186
N7UQv3UImGA,2.01,1.0,0.0,0.32,1.68,1.5666666666666669,0.3933333333333333,1.586666666666667,1.7066666666666668,1.906666666666667,0.0,0.1766666666666666,0.66,0.16,1.8866666666666667,0.6233333333333333,1.22,0,24027,1572,278
N7ZUJU_8vU4,2.5,1.35,0.43,1.46,0.72,0.02,1.58,1.02,0.38,0.49,0.0,0.0,2.3,0.0,2.39,0.0,0.95,2,397100,0,279
N7x3UtdMxE4,0.2633333333333333,0.1683333333333333,0.1183333333333333,0.51,0.03,0.5833333333333334,0.1266666666666666,0.4266666666666667,0.195,0.125,0.1766666666666666,0.2283333333333333,0.0,0.0,0.465,0.58,0.305,1,5806407,110138,2728
N9ZT_Ot_1ao,0.0,0.23,0.0,0.0,2.26,0.03,0.47,1.62,1.9,0.0,0.0,0.0,1.2,0.0,1.37,0.0,0.01,0,665581,27359,2154
NBVO7zfPBgA,1.2,0.18,1.67,3.24,0.0,0.0,0.0,0.0,0.0,0.0,0.0,0.0,0.18,0.0,1.03,1.22,0.0,2,33512,2088,426
NBndpEzd9CI,0.33,0.0,0.04,0.44,1.72,1.91,0.16,1.78,1.88,1.23,0.0,0.23,0.71,0.0,2.64,1.42,1.1,0,2340,120,20
NDW-jpl6MZM,0.8039999999999999,0.674,0.416,0.716,0.358,0.39,0.178,0.9280000000000002,0.654,0.4019999999999999,0.2719999999999999,0.0,0.428,0.012,0.936,0.772,0.162,1,511090,14508,740
NEDLWRSapp0,1.43,0.8925,0.65,1.97,0.4825,0.0,0.0375,0.7475,0.6275000000000001,0.5225,0.915,0.5,0.135,0.0825,0.63,0.5625,0.0375,2,15019,628,37
NFgiuRVkg_o,0.9575,0.0175,0.495,1.06,0.86,0.2225,0.235,0.8350000000000001,1.01,1.0825,0.0,0.0,0.285,0.625,0.595,0.3974999999999999,0.38,1,246733,9494,744
NIS_Pckfru0,0.25,0.0,0.665,0.0,2.305,1.295,0.46,2.475,2.96,2.0700000000000003,0.0,0.0,0.0,0.0,3.315,0.345,1.5599999999999998,0,921777,39462,2351
NJhJ_9bQZKE,0.43,0.5,0.485,0.865,0.315,0.705,0.0,1.19,0.76,0.24,0.0,0.0,0.095,0.0,1.915,1.98,0.77,1,435810,13481,486
NL-amMbK2xE,0.4399999999999999,0.5233333333333333,0.2533333333333333,0.63,0.3033333333333333,0.0,0.4333333333333333,0.4266666666666667,0.7933333333333333,0.7533333333333333,0.1633333333333333,0.0,0.0,0.0,1.0566666666666666,0.1866666666666666,0.0,1,29505,1288,104
NMqCIrGbmug,0.59,0.0,0.0,0.26,0.0,0.51,0.0,0.0,0.11,0.0,0.54,0.7,0.5,0.36,0.25,0.85,0.18,1,480097,15942,2182
NMuU2Tv-Oi4,0.8999999999999999,0.945,0.125,2.28,1.09,0.4049999999999999,0.21,1.63,1.795,0.525,0.94,0.545,0.0,0.0,1.73,0.685,0.265,2,92875,0,308
NNDYf-F_18U,0.46,0.23,1.275,0.46,1.485,1.15,1.485,1.06,0.61,0.49,0.3,0.3,0.395,0.47,0.49,1.945,0.0,1,681557,8113,626
NRVvumC3hY8,0.8966666666666668,0.6066666666666667,0.2299999999999999,0.9733333333333332,0.0,0.1999999999999999,0.2566666666666666,0.2433333333333333,0.1766666666666666,0.1466666666666666,0.8633333333333333,0.6966666666666667,0.27,0.1166666666666666,1.14,2.11,0.7133333333333334,1,267328,17472,1540
NSzUsGDUYNc,0.855,0.49,1.02,0.025,0.7050000000000001,0.58,0.77,0.72,0.41,0.015,0.315,1.01,0.83,0.0,0.22,0.385,0.0,1,9589,511,130
NTAnGrxuP0g,0.5566666666666668,0.1399999999999999,0.3033333333333333,0.7233333333333333,0.8833333333333333,0.5033333333333333,0.42,1.7699999999999998,1.1333333333333333,1.46,0.9766666666666668,0.6566666666666666,0.7400000000000001,0.0,1.2,0.0,0.0,1,66044,2314,61
NTFjW6PhAC4,0.2371428571428571,0.0,0.0,0.18,0.7857142857142857,0.8371428571428572,0.2385714285714285,1.5542857142857145,1.2914285714285714,0.3942857142857142,0.2342857142857142,0.0642857142857143,0.1971428571428571,0.0228571428571428,1.0542857142857145,0.1057142857142857,0.0871428571428571,1,25989,420,194
NTh5laTZJu0,0.925,1.115,1.335,0.33,0.76,0.13,0.625,1.82,0.95,0.775,0.2,0.15,0.5,0.0,0.885,0.365,1.285,1,202082,3082,1240
NVwZy5FssBY,1.015,0.285,0.0625,1.4225,0.2724999999999999,1.9225,0.2475,0.485,0.3225,0.0,0.7775000000000001,0.69,0.3925,0.025,0.3275,0.6575,0.0,1,6030,385,25
NavnqPt9zHc,1.615,0.07,1.05,0.515,0.985,1.27,0.02,0.89,1.335,1.58,0.0,0.0,0.56,0.14,2.22,1.205,0.8400000000000001,0,8987,51,27
NbND1Zfw6TY,1.53,0.18,0.0,1.8,0.46,0.07,0.0,1.64,1.19,1.4,0.29,0.3,0.0,0.26,0.08,2.78,0.0,2,5052,146,36
Nd7SFkREd8k,2.26,2.92,0.0,2.32,0.91,0.0,0.0,0.0,2.4,1.56,0.0,0.6,0.79,0.57,0.14,0.0,0.43,2,43275,1890,61
NdLjKxqzDbA,1.15,2.09,0.0,2.06,0.0,0.0,0.0,0.0,0.0,0.0,0.23,0.0,0.0,0.0,0.33,1.15,0.0,2,2604,137,14
NdPb1csdnuM,1.0,0.43,0.0,0.0,1.04,1.74,0.0,1.22,2.05,0.74,0.0,0.1,0.0,0.01,0.31,0.25,0.59,0,8056,44,16
NdXV5fzQfB8,1.81,0.23,0.31,0.89,0.0,0.42,0.0,0.58,0.19,0.0,0.64,1.01,1.06,0.0,0.95,0.0,1.04,1,462071,17853,2973
Ndo79ZpSvrM,0.375,0.0,0.0,0.945,1.01,0.125,0.0,1.0,1.7,0.36,0.0,0.0,1.0,0.355,0.8650000000000001,0.0,0.8150000000000001,1,29775,2023,654
NiKnEUWhdko,0.85,0.43,0.0,1.0,1.38,1.11,0.0,1.19,2.82,1.2,0.0,0.0,0.04,0.0,3.13,0.39,0.0,0,10476,304,49
Nif8Lq8sRj0,0.365,0.0,0.29,0.3,0.595,0.915,1.075,0.135,0.015,0.455,0.695,0.74,1.085,0.055,0.195,0.59,0.2,1,109677,4650,247
NnaW8-F3VwM,0.0,0.19,0.97,2.46,0.08,0.39,0.48,0.8,0.0,0.0,0.0,0.0,0.89,0.0,4.25,2.94,0.0,1,363102,5962,1110
No5ohGvALOs,0.84,0.0,0.38,0.41,0.27,1.33,0.69,0.66,0.0,0.35,0.62,0.0,0.61,0.0,0.79,0.9,0.0,1,119218,3093,514
NpVco5TTFKE,1.88,2.08,0.73,1.59,1.16,0.89,0.0,2.07,2.21,2.3,0.0,0.0,0.0,0.0,3.31,1.8,0.0,2,81628,2680,329
NqVSBi-UkY4,0.61,0.0,0.0,0.22,0.55,0.86,0.0,0.92,1.73,1.72,0.0,0.0,0.0,0.0,2.11,0.0,0.0,0,1787,179,24
NqgrTt_pjyE,0.6233333333333334,0.1766666666666666,0.3116666666666667,0.8116666666666666,0.2966666666666667,0.6233333333333333,0.3166666666666666,0.8166666666666668,0.7316666666666668,0.24,0.3816666666666666,0.06,0.1516666666666666,0.0,0.515,0.66,0.0949999999999999,1,101749,2615,177
NszjlDWCpc0,0.0,0.0,2.16,0.25,0.45,0.68,0.0,0.66,0.06,0.0,2.15,0.96,0.7,0.0,1.4,0.0,0.0,1,102,8,7
O16JP0YRKv4,1.41,0.0,0.84,0.7,0.4,0.0,0.59,0.72,0.0,1.41,1.66,0.6,0.0,1.11,1.03,2.2,0.13,1,6180384,64777,9689
O2ply5FZOfE,0.74,0.7775,0.4425,2.05,0.4024999999999999,0.0975,0.0,0.6,0.8425,0.49,0.5475,0.07,0.095,0.115,1.0225,0.7725,0.0,1,1273,55,7
O4W9GKQlX7c,0.4333333333333333,0.2616666666666666,0.6849999999999999,0.3116666666666667,0.5666666666666667,0.4966666666666666,0.3816666666666666,0.9816666666666668,0.7233333333333333,0.8166666666666668,0.535,0.58,0.6983333333333333,0.02,0.2966666666666667,0.665,0.0699999999999999,1,909,5,0
O51QHb7QnRc,0.53,0.285,1.105,0.73,0.705,0.385,0.49,1.33,1.63,0.89,0.465,0.26,0.41,0.035,0.405,0.74,0.0,1,614283,14229,1298
O5HEPxzKCZI,0.4,0.0,0.022,0.15,1.246,1.97,0.8460000000000001,0.7779999999999999,1.02,0.248,0.386,0.008,0.486,0.146,0.922,0.1699999999999999,0.1,0,1519788,86899,10861
O5VbXW2YLIc,0.565,0.0,0.39,0.44,1.3199999999999998,1.06,0.36,0.56,1.265,0.585,0.0,0.105,0.235,0.1599999999999999,0.535,0.095,0.115,1,234666,9046,498
O6efGAJXasw,0.28,0.0,0.375,0.185,0.8400000000000001,0.85,1.31,1.01,0.92,1.475,0.7949999999999999,0.495,1.02,0.0,1.17,0.775,0.0,1,9583,468,38
O6qgWxGfnfc,0.985,0.2149999999999999,0.8999999999999999,0.0675,0.2225,0.545,0.0725,0.5325,0.53,0.5,0.305,0.3125,0.08,0.0075,0.5625,0.2,0.49,1,317741,7598,325
O8MjgV7fPXY,0.7075,0.2175,0.3075,1.4475,0.26,1.055,0.78,0.0125,0.23,0.0,0.7224999999999999,0.7,0.0,0.16,0.0375,0.445,0.0,1,178377,7499,685
O9X91TACsyA,1.545,0.315,0.79,0.55,0.875,1.97,0.545,0.575,0.835,0.355,0.23,0.09,0.93,0.0,1.305,0.26,0.03,1,600465,10811,651
OA5QfHZOIMA,1.41,0.435,0.32,0.5900000000000001,0.0,0.0,0.485,0.33,0.0,0.0,0.4,0.22,1.885,0.0,0.395,0.285,0.945,1,14145,725,145
ODpvcLgLj9k,0.765,0.0,1.15,0.34,0.285,0.27,0.04,0.17,0.57,1.28,0.0,0.875,0.505,0.185,0.0,0.0,0.0,1,126833,2085,312
OGdIZ6H3EZ0,0.54,0.6466666666666666,0.3899999999999999,1.1966666666666663,0.53,0.53,0.0,0.92,0.7466666666666667,0.36,0.0,0.0,0.0,0.0,1.2133333333333334,0.81,0.0066666666666666,1,74014,1875,108
OGsuQMEV5OY,0.9533333333333333,0.73,1.0033333333333334,0.75,0.2366666666666666,0.4766666666666666,0.0466666666666666,0.98,0.3933333333333333,0.2033333333333333,0.5299999999999999,0.1833333333333333,0.0,0.0,1.0733333333333333,1.5933333333333335,0.1133333333333333,1,206847,8427,999
OKejnARrorc,0.33875,0.08125,0.22125,1.0725,0.33125,0.50125,0.19375,0.55375,0.555,0.29875,0.37375,0.14125,0.355,0.1725,0.5700000000000001,0.4075,0.20625,1,292440,7394,184
OOne93VSuCA,1.71,1.6,0.0,2.64,0.94,0.0,0.35,2.69,1.73,1.05,0.46,0.0,1.13,0.0,0.06,0.49,0.0,2,297,32,10
OPhlVS1igFI,1.062,0.022,0.458,0.3399999999999999,0.424,1.0699999999999998,0.1659999999999999,0.898,0.602,0.8800000000000001,0.636,1.254,0.818,0.584,0.308,1.118,0.188,1,317452,8571,752
OQBIl8dDGs8,0.755,0.295,0.0,0.6799999999999999,0.6275,0.93,0.0,0.7025,0.7175,0.595,0.515,0.11,0.5025,0.0,0.21,0.2799999999999999,0.04,1,3141,244,19
OSBd03yJyhQ,1.52,0.0,0.0,1.32,0.28,1.49,0.94,2.28,1.02,0.0,1.23,1.1,1.39,0.71,0.0,0.0,0.0,1,425061,22219,1385
OSKMaEviHDY,0.185,0.0,0.36,0.015,0.42,0.22,0.63,0.16,0.0,0.76,0.86,1.57,1.165,0.175,0.29,1.515,0.12,1,24496,1189,73
OS_zteUZdwU,0.0,0.0,0.0,0.0,1.97,1.21,0.0,0.71,3.09,1.45,0.0,0.0,0.0,0.0,2.87,0.65,0.58,0,7770,185,32
OSanouo7f7I,1.1475,0.1075,0.7424999999999999,1.215,0.6525,1.1124999999999998,1.08,1.0475,0.8474999999999999,0.8150000000000001,0.53,0.7625,0.1,0.0975,1.2325,0.26,0.0975,1,40921,1073,197
OUCbGaYIWfg,0.9266666666666666,0.2566666666666666,0.2866666666666667,0.2433333333333333,0.7866666666666666,1.93,0.52,1.0066666666666666,1.1166666666666665,0.49,0.2733333333333333,0.3233333333333333,0.3133333333333333,0.2299999999999999,1.12,0.5533333333333333,0.2833333333333332,1,7756,494,105
OVISEDOiSmY,1.14,0.0,0.52,1.01,2.05,1.15,0.73,3.08,1.73,2.9,0.0,1.53,1.08,0.98,0.1,0.0,0.0,0,2009,197,30
OWmdWZsi8Kc,1.346666666666667,0.3933333333333333,0.96,1.23,0.8866666666666667,0.3433333333333333,0.1233333333333333,1.3166666666666669,1.0466666666666666,1.04,0.0766666666666666,0.7133333333333334,0.0,0.0,0.2233333333333333,0.0066666666666666,0.0133333333333333,1,5266,779,119
OZ7FYacpq7w,1.3133333333333332,0.18,0.35,0.4066666666666667,0.16,0.4433333333333333,0.2733333333333333,0.1899999999999999,0.3,1.1700000000000002,0.7399999999999999,0.0333333333333333,0.34,0.4866666666666666,0.4066666666666667,0.2733333333333333,0.3366666666666666,1,5043,504,45
OZScLVaTZdQ,0.225,0.495,0.0,0.505,1.3250000000000002,1.545,0.37,1.6949999999999998,2.055,0.25,0.21,0.49,0.015,0.48,1.4,0.6,0.0,0,56815,3287,469
O_6cK6NVsqA,0.4375,0.0,0.06,0.6675,0.965,0.94,0.035,1.46,1.215,0.8225,0.17,0.495,0.0925,0.0,0.875,0.8700000000000001,0.17,1,43850,1510,197
OaFdmeDbB08,0.89,1.5,0.0,1.22,0.0,0.0,0.0,0.9,0.36,0.0,0.88,0.26,0.0,0.0,0.44,0.0,1.5,1,49956,2697,136
ObTenfSiLuE,0.845,0.4,0.545,0.11,0.88,0.875,0.3575,1.52,1.1225,1.585,0.185,0.0,0.4,0.0,2.05,0.43,0.43,0,5502,203,15
OdtTaM1feHE,0.5449999999999999,0.22,0.03,0.61,1.235,0.665,0.665,0.65,1.75,1.24,0.305,0.4,0.0,0.105,1.42,0.825,0.055,0,32729,1310,182
OfuTFJuM-yY,1.0083333333333333,0.44,1.16,0.92,0.6250000000000001,0.6283333333333333,0.5916666666666667,0.3633333333333333,0.8266666666666667,0.8933333333333332,1.155,0.725,1.4333333333333331,0.2683333333333333,0.4016666666666666,1.1683333333333332,0.2666666666666666,1,752301,29978,1956
OkES3VPT7So,2.115,0.655,1.545,0.98,1.35,1.69,0.71,0.7749999999999999,0.09,0.0,1.145,1.475,0.69,0.44,0.195,0.0,0.0,1,84875,3978,934
Omu6RFJ_7yE,1.14,0.33,0.85,0.26,1.25,0.0,0.46,1.94,2.3,0.0,0.0,0.0,1.05,0.0,4.92,2.68,0.51,0,93793,5328,561
Oo-BAkHGqx4,0.19,0.0,0.23,0.0,0.99,0.955,1.055,0.895,0.865,1.015,0.12,0.225,0.765,0.0,0.955,0.895,0.08,1,21109,1120,82
OoEmV3-yF0w,3.36,2.84,0.26,0.91,0.0,0.0,0.0,0.13,0.05,0.0,1.33,2.41,1.32,0.0,0.0,0.0,1.24,2,1017449,29886,3300
Ormouw6yOCc,0.52,0.41,1.74,0.65,0.0,0.0,0.0,0.0,0.0,0.0,0.21,1.75,0.0,0.23,0.0,0.81,1.48,1,153324,6101,230
OtCORnXCjxY,0.3271428571428571,0.3157142857142857,0.0,0.53,0.1285714285714286,0.4885714285714285,0.0,0.4714285714285715,0.1599999999999999,0.2285714285714286,0.2057142857142857,0.0542857142857142,0.2071428571428571,0.0,0.32,0.52,0.0,1,5259,190,227
OtZqj0iKHsM,0.12,0.07,0.455,0.305,1.56,0.65,0.36,2.5700000000000003,2.5700000000000003,1.845,0.0,0.0,0.085,0.0,2.735,0.86,0.605,0,731,31,9
Ou2zaMWAHfk,0.592,0.0,0.552,0.51,0.628,0.766,0.588,1.0799999999999998,1.12,1.276,0.55,0.024,0.398,0.472,1.0699999999999998,0.678,0.206,1,1889,87,22
OusxeFragJU,1.32,0.08,0.0,1.89,0.23,0.0,0.0,0.0,1.25,0.95,0.0,0.0,1.46,0.0,0.52,0.0,0.0,1,30,1,1
OwtlyzaZvnI,0.895,0.29,0.235,0.585,0.0,0.115,0.23,1.705,0.17,0.915,0.185,0.825,0.0,0.235,0.0,0.02,0.17,1,152496,3797,455
OzQhTL5rEOI,0.7649999999999999,0.185,0.885,0.465,0.5449999999999999,0.98,0.23,0.195,0.185,0.25,0.435,0.02,0.0,0.35,0.33,0.675,0.5800000000000001,1,10147,682,104
P-9zC883vFE,0.21,0.63,0.0,0.21,0.0,0.19,0.0,0.07,0.0,0.0,0.27,0.52,0.0,0.0,1.0,1.16,0.0,1,195,2,0
P-I4Bay5SXo,0.0,0.0,0.0,0.85,0.0,0.0,0.44,0.13,0.0,0.0,1.3,1.77,0.0,0.14,0.0,1.55,0.1,1,7861219,109835,12007
P0XVeUTSHWw,1.2533333333333332,0.1733333333333333,0.2533333333333333,0.2633333333333333,0.2933333333333333,1.2000000000000002,0.0,0.3,0.4966666666666666,0.0,1.0366666666666664,0.5599999999999999,0.0,0.0,0.0,0.0,0.32,1,5518,396,59
P2bdfCm-FmM,1.65,1.98,0.0,1.9,0.31,1.92,0.0,0.33,0.77,0.22,0.25,0.0,1.01,0.0,2.38,1.73,0.0,2,94665,5048,363
P314z2YufoI,0.0,0.0,0.0,0.03,0.485,0.2799999999999999,0.415,1.13,0.795,0.64,0.0,0.0,0.275,0.0,0.765,0.42,0.0,1,1465,42,30
P3fzx5GAXF0,0.0,0.0,0.0,0.0,2.34,0.0,0.0,0.0,1.18,0.3,0.0,0.0,1.35,0.01,0.0,0.0,1.09,1,889,49,17
P5A9qJfvj7w,1.615,0.05,1.075,1.495,0.0,0.0,0.485,0.56,0.04,0.185,0.43,0.0,0.475,0.0,0.785,0.215,0.295,1,217,6,0
P6yTSOL8aLA,0.6375,0.4225,0.47,2.1725,0.3725,1.19,0.25,0.4599999999999999,0.21,0.4925,0.7325,0.6475,1.345,0.2275,0.4149999999999999,0.36,0.2575,1,46697,1684,66
P8L9mmLiESA,0.8133333333333334,0.51,0.5499999999999999,0.7866666666666667,1.07,1.7766666666666666,0.5766666666666667,1.1333333333333333,1.0033333333333332,0.5299999999999999,0.4066666666666667,0.0,0.25,0.1233333333333333,0.7933333333333333,0.6266666666666666,0.1733333333333333,1,23683,1048,170
P9Gox0bnrR4,1.61,0.39,0.0,1.3,0.75,1.95,0.0,0.0,0.0,0.0,0.28,0.0,1.13,0.13,0.0,0.0,0.0,1,1808278,59167,5537
P9wpqcIWreA,0.0,0.095,0.0,1.225,0.0,0.0,0.14,0.24,0.235,0.1649999999999999,0.0,0.0,0.13,0.0,0.0,0.415,0.37,1,17612,1485,153
PAyjxF2ZXaY,0.73,0.45,0.475,0.0,1.1800000000000002,0.3249999999999999,0.905,1.975,0.735,2.375,0.465,1.04,0.55,0.0,0.53,0.0,0.54,0,719094,18295,1078
PBYRzMuGXpA,1.2608333333333337,0.2341666666666666,0.485,0.5808333333333333,0.1491666666666666,0.4408333333333333,0.345,0.5975,0.4675,0.5341666666666667,0.6591666666666667,0.9608333333333334,0.6958333333333333,0.1066666666666666,0.3625,0.3866666666666667,0.1541666666666666,1,3705945,111313,8128
PBmhm4BKQV4,0.83,0.0,0.165,1.545,0.0,0.0,0.0,0.02,0.04,0.19,0.755,0.295,0.0,0.52,0.06,1.245,0.0,1,9039,540,67
PDh5AU4ciFk,0.74,0.0,1.33,0.0,1.89,4.51,0.0,0.82,1.93,1.25,0.0,0.0,1.49,0.28,1.88,0.6,2.04,0,2985,94,18
PEXN1KkEHcE,0.89,0.24,0.0,0.565,0.6849999999999999,0.0,0.02,1.07,0.56,1.575,0.37,0.735,0.145,0.11,0.11,0.57,0.0,1,35612,1738,105
PFjydjyvjC8,0.35375,0.31875,0.88375,0.5225,0.05,0.33875,0.2025,0.285,0.2525,0.1875,0.3562499999999999,0.5025,0.3299999999999999,0.3075,0.15875,0.37375,0.17625,1,153055,4989,96
PHG9_G5mbE4,0.17,0.13,0.0,1.36,0.24,0.0,0.0,1.68,1.33,1.49,1.19,0.0,0.22,0.0,1.18,1.92,0.16,1,1880,38,11
PIt3K3wlN_M,1.56,0.31,0.45,0.26,0.0,0.62,0.0,0.62,0.99,2.09,0.33,0.0,0.0,0.61,0.98,0.2,1.88,1,4642,228,6
PKTfNRIN8zo,1.0266666666666666,0.82,0.0,0.89,1.2033333333333334,0.2166666666666666,0.1999999999999999,0.9133333333333334,2.056666666666666,1.0799999999999998,0.1466666666666667,0.0,0.48,0.31,1.1833333333333331,0.7666666666666666,0.0033333333333333,0,223175,9466,328
PKWN0Nj38HI,1.46,1.08,0.0,0.95,1.43,3.17,1.41,0.05,0.03,0.0,1.39,1.92,2.19,1.06,0.0,0.0,0.06,1,284868,5775,509
PLg-uI1I1CI,0.992,0.264,0.49,1.234,0.6679999999999999,0.268,0.188,1.068,0.762,0.986,0.5640000000000001,0.302,0.0,0.046,0.518,0.128,0.774,1,2499920,47505,2831
PNC0dJzWO5c,0.32,0.0,1.67,0.73,1.96,1.46,0.03,1.9,2.13,0.93,0.0,0.0,0.02,0.16,1.26,0.04,0.22,0,14352,707,161
PQrjHAz6vDw,0.8066666666666666,0.0,0.0166666666666666,0.0433333333333333,1.04,0.8033333333333332,0.0266666666666666,1.08,1.4333333333333331,0.1833333333333333,0.1366666666666666,0.11,0.2933333333333333,0.31,1.51,0.5133333333333333,0.11,1,160189,4520,394
PRvLZQfT2yE,0.465,0.68,1.23,1.735,0.0,0.5549999999999999,0.095,0.0,0.0,0.0,0.44,1.02,0.325,0.04,1.645,0.525,0.0,1,14460,346,14
PT1AOfiFcHg,0.0,0.0,0.1033333333333333,0.0,1.0833333333333333,0.18,0.2466666666666666,1.1666666666666667,1.95,1.3233333333333337,0.0,0.0,0.3533333333333333,0.0,0.9533333333333336,0.5033333333333333,0.5399999999999999,0,266339,10205,1291
PVEeScXdSVU,1.42,0.0,2.03,1.41,1.84,1.77,0.73,2.36,1.23,2.37,1.04,1.5,0.27,0.04,0.61,1.3,0.13,0,6025454,47178,6975
PVXlBphcyYw,1.84,1.15,0.0,1.79,0.0,0.0,4.52,0.0,0.0,0.0,0.62,5.0,0.3,0.0,0.0,1.74,0.07,1,730,11,0
PVzqepG4nsM,0.15,0.0,0.19,0.26,0.9475,1.25,0.2175,0.8075,0.4375,0.3325,0.6699999999999999,0.3075,0.6225,0.0,0.5575,0.2775,0.2125,1,112486,3289,278
PWtX4wDu7Uk,1.06,0.426,0.346,1.444,0.368,0.3019999999999999,0.41,0.486,0.6140000000000001,0.4720000000000001,0.346,0.312,0.8059999999999998,0.118,0.994,0.396,0.286,1,97011,3206,82
PYvuh9PoXp4,0.0,0.0,0.0,0.0,0.0,0.38,1.45,0.0,0.0,0.15,0.78,0.0,0.36,0.0,1.33,1.5,0.0,1,59,2,0
P_1aJaBTcJg,0.175,0.0,0.06,0.0,1.685,1.37,0.5349999999999999,1.755,1.485,2.48,0.97,2.215,0.815,1.0,0.0,0.7100000000000001,0.0,0,23678,0,92
P_BHc5TDk1Q,0.8200000000000001,0.0,0.26,0.745,0.44,0.53,0.445,0.71,0.01,0.0,1.105,0.345,0.0,0.285,0.365,0.97,0.085,1,1711598,19294,388
PaFTqhQ3Vgg,0.42,0.0,0.43,0.3233333333333333,0.2266666666666666,0.4633333333333334,0.2166666666666666,0.8233333333333333,0.2366666666666666,0.21,0.3666666666666666,0.0,0.33,0.1533333333333333,0.0933333333333333,0.2466666666666666,0.1666666666666666,1,7165,181,38
Pcn9MftZGyo,0.715,0.2383333333333333,0.5583333333333333,0.4366666666666667,0.94,0.4766666666666667,0.17,1.471666666666667,1.4783333333333335,1.1616666666666668,0.155,0.15,0.59,0.1216666666666666,1.3099999999999998,0.3233333333333333,0.645,0,2181,155,22
PfJtTLewriA,1.0199999999999998,0.06,0.0,0.46,0.49,0.1166666666666666,0.0,0.9466666666666668,0.13,1.11,1.93,2.046666666666667,1.6666666666666667,0.0666666666666666,0.7166666666666667,2.216666666666667,0.0,1,20367,1154,190
PgLicTQr6dQ,2.25,0.4,0.73,1.3,1.08,2.88,0.0,0.71,0.84,0.0,1.03,0.15,0.42,0.0,0.0,0.0,0.0,1,6292,444,87
PiHKh6UGumg,0.57,0.0,0.49,0.0,3.46,0.85,0.93,1.97,2.62,0.9,0.0,0.05,0.91,2.13,2.43,0.34,2.98,0,10600,106,30
PjIoYOB0Juk,0.73,0.0,0.55,1.29,0.0,0.0,0.0,0.63,0.0,0.47,0.33,0.01,0.07,0.0,0.0,0.0,0.16,1,11593,358,70
Pl5BzYCVwIA,0.2625,0.4175,0.2075,0.98,0.4575,0.8475,0.055,0.43,1.1375000000000002,0.8,0.0,0.0,0.405,0.0225,0.975,0.6174999999999999,0.0,1,405049,11710,1338
PmfG51GjLls,0.72,1.36,0.0,1.89,0.28,1.86,0.62,0.66,0.0,0.31,0.0,0.0,0.0,0.0,0.03,0.0,0.0,1,108793,2356,337
PnSEFRLwv7U,0.33,0.75,0.0,2.5,1.01,1.66,0.0,1.26,2.54,1.76,0.0,0.0,0.25,0.0,2.66,0.18,0.0,0,35921,278,14
PneE3ko2SSo,0.4875,0.0125,0.175,1.11,0.395,0.5,0.3625,0.77,0.4475,1.0625,0.38,0.0575,0.65,0.0,0.6175,1.0925,0.11,1,37840,1251,169
PoDAa2Bt9bU,1.66,1.105,0.18,2.225,0.0,0.0,0.0,0.09,0.1,0.0,0.645,0.03,0.06,0.02,0.61,0.14,0.0,2,178938,7438,416
Ppj1EpdEyYs,0.4066666666666667,0.24,0.18,1.0333333333333334,0.16,1.05,0.0933333333333333,0.5133333333333333,0.58,0.5166666666666667,0.3466666666666667,0.6366666666666667,0.67,0.1466666666666666,1.03,0.66,0.7399999999999999,1,130287,1927,59
Ppj5oh-2za8,0.6133333333333334,0.1233333333333333,1.11,0.2533333333333333,2.4266666666666663,2.18,1.4466666666666663,2.953333333333333,2.5933333333333333,2.4333333333333336,0.3766666666666666,0.0,0.4366666666666667,0.0933333333333333,2.873333333333333,0.6166666666666667,0.9533333333333336,0,138775,0,965
PqPCB3X3vPo,1.1,0.0,0.96,2.52,0.0,0.0,0.0,0.47,0.53,1.39,0.77,0.0,0.0,0.48,0.23,1.21,0.0,1,14929,856,187
Pr4zrQxkK6g,0.46,0.0,0.095,0.48,0.385,0.11,0.3,0.805,0.515,0.335,0.365,0.13,0.8400000000000001,0.025,0.08,0.0,0.15,1,791356,24316,1634
PvA4IHQh4wI,0.61,0.01,0.78,3.62,0.65,0.55,0.0,1.35,1.1,2.44,0.0,0.0,1.03,0.0,3.62,3.02,0.0,2,144222,4265,112
PviTPnU2ehk,1.086666666666667,1.356666666666667,0.24,0.73,1.2966666666666666,1.5733333333333333,0.2233333333333333,1.2066666666666668,1.3633333333333333,0.0566666666666666,0.85,0.0466666666666666,0.2266666666666666,0.1266666666666666,1.933333333333333,1.1733333333333331,0.1833333333333333,0,641267,14107,755
Px1ZJASd-8U,1.2033333333333334,0.59,0.4533333333333333,1.16,0.7000000000000001,0.4466666666666667,1.0566666666666666,0.7166666666666667,0.22,0.7933333333333333,0.6166666666666667,0.41,0.4000000000000001,0.0,0.5533333333333333,0.34,0.0,1,46966,1279,140
PxbXOiA7wgE,1.215,0.0,0.525,0.0,1.375,1.33,0.8800000000000001,1.02,1.47,1.62,0.74,0.58,1.585,0.335,1.295,0.355,0.035,0,72466,3250,280
Py0b8cWz4es,0.325,0.0,0.185,0.035,1.44,0.92,0.75,0.7949999999999999,1.075,0.755,0.055,0.43,0.965,0.185,0.275,0.085,0.065,1,27898,1198,116
Pyu19b9uDxM,0.46,0.21,0.15,0.24,1.75,2.83,0.74,0.8049999999999999,1.785,0.67,0.1699999999999999,0.0,0.595,0.0,2.2,0.53,0.0,0,1730,61,38
Q-UMFEF4icE,0.88,0.0,0.0,1.96,0.0,0.0,0.63,1.37,0.0,0.0,0.44,0.06,0.76,0.26,0.02,0.2,0.0,1,1569,51,35
Q0A1uyH0hTE,0.855,0.755,0.41,0.39,2.195,1.015,0.875,2.37,2.23,2.155,0.185,0.34,0.8150000000000001,0.04,2.5,0.73,0.85,0,7107,265,36
Q1PpPdkyIUk,0.44,0.99,0.0,2.62,0.6,0.34,0.68,1.39,0.0,0.0,0.52,2.5,0.29,0.73,0.0,0.0,0.0,1,9460,736,104
Q27RZL21368,0.39,0.63,0.0,1.42,1.1,0.0,0.36,0.16,0.25,0.0,0.0,0.0,0.0,0.0,0.84,0.21,0.0,1,657,37,2
Q2m3ngosX5Q,0.0166666666666666,0.0,0.0,0.7933333333333333,1.34,1.1766666666666663,0.4366666666666667,1.0766666666666669,2.31,0.3633333333333333,0.1033333333333333,0.0,0.36,0.01,1.68,0.44,0.0,0,208955,3256,97
Q5xvaryTpXM,0.39,0.0,0.655,0.035,0.3,0.36,0.135,0.805,0.715,0.49,0.275,0.0,0.0,0.0,0.465,0.0,0.29,1,868212,25212,1243
QBJxmfAfphE,0.7779999999999999,0.02,0.036,0.424,0.6479999999999999,0.6839999999999999,1.434,0.594,0.85,0.76,1.23,0.0,0.258,1.0,0.8220000000000001,0.0,0.282,1,385,24,41
QCN_ivNr2Qk,2.085,2.145,0.98,1.365,0.0,0.06,0.0,0.23,0.0,0.01,0.355,0.0,0.07,0.0,3.06,2.09,1.205,2,727837,29531,9018
QDgZloUGRe4,0.97,0.56,0.0,0.0,1.12,1.47,0.0,1.06,2.0,1.05,0.0,0.09,0.0,0.07,0.2,0.09,0.63,0,7458,106,7
QIi0httojvs,0.0,0.0,0.0,0.0,0.81,1.57,0.7,1.68,0.8,1.61,0.37,0.08,0.0,0.0,1.26,0.76,0.0,0,28906,252,56
QIlHrWat8S4,1.0275,0.225,0.4391666666666666,1.4883333333333333,0.525,0.12,0.3908333333333333,1.0741666666666667,0.6516666666666667,0.9191666666666666,0.4033333333333333,0.3758333333333333,0.15,0.1433333333333333,0.4466666666666667,0.7358333333333333,0.1425,1,194786,4499,293
QJ2juErC6gw,0.37,0.0999999999999999,0.3133333333333333,1.5366666666666664,0.8099999999999999,0.8933333333333334,0.0366666666666666,0.7733333333333333,0.57,0.6833333333333332,0.7666666666666666,0.3366666666666666,0.57,0.1266666666666666,0.3366666666666666,0.1366666666666666,0.2533333333333333,1,198934,0,685
QJDgbmiflgA,0.6275,0.4225,0.3775,1.425,0.995,1.655,0.3775,1.185,1.1775,0.55,0.7775,0.6575,0.63,0.0,1.5775,0.3525,0.0,1,65248,2404,178
QJQ-iZZp2Hw,1.83,0.0,0.33,0.92,1.22,0.0,0.0,1.67,2.28,0.84,0.0,0.0,0.59,0.0,1.74,0.0,0.09,0,11195,410,83
QO7RdQboTVg,1.8500000000000003,1.3733333333333333,0.5166666666666667,0.73,1.1,1.01,0.6033333333333334,1.47,1.5933333333333335,0.79,0.8666666666666667,0.2966666666666667,0.15,0.0466666666666666,1.3233333333333333,0.7233333333333333,0.3533333333333333,2,3084,68,11
QPho4EUQ_OY,0.506,0.09,0.462,0.0,0.858,0.34,0.294,0.67,0.8460000000000001,1.318,0.164,0.434,0.4679999999999999,0.182,0.722,0.674,0.032,1,3282,181,11
QS7B8e-vq5E,0.5266666666666667,0.5833333333333334,0.04,0.5266666666666667,1.18,0.4466666666666667,0.0,1.37,2.0,0.8033333333333333,0.1133333333333333,0.0433333333333333,0.1966666666666666,0.1333333333333333,0.8766666666666666,0.31,0.24,0,24076,1842,220
QSqIy5TlHBo,1.0066666666666666,0.3666666666666667,0.35,1.4966666666666668,0.2666666666666666,0.4033333333333333,0.0,0.7599999999999999,0.5866666666666668,0.3133333333333333,0.2833333333333333,0.0,0.16,0.02,1.0466666666666666,0.5733333333333334,0.2033333333333333,1,31351,1249,90
QTmytXCEFYk,1.16,0.0,0.03,1.18,1.55,0.0,0.0,2.36,2.24,0.81,0.0,0.71,0.42,0.54,1.94,0.0,0.74,0,1632,9,8
QUKFYwsVrAM,2.745,1.835,0.0,0.765,0.47,0.705,0.215,1.85,1.2,0.825,0.01,0.165,0.395,0.0,1.255,0.0,0.31,2,31786,1243,77
QV-bgDPiiro,0.908,0.0,0.184,0.966,0.618,0.6759999999999999,0.208,0.968,0.708,0.132,0.408,0.2339999999999999,0.428,0.51,0.882,1.41,0.094,1,487910,8995,1048
QXCGv2x4GM4,0.27,0.0,0.0,0.0,2.71,0.75,0.0,1.79,2.86,1.87,0.0,0.0,0.0,0.02,2.59,0.83,0.0,0,145549,3884,623
QXPDs1zcN_Y,0.6666666666666666,0.2033333333333333,0.0,0.3899999999999999,0.7400000000000001,0.5366666666666667,0.2933333333333333,1.09,1.2033333333333334,1.0833333333333333,0.0866666666666666,0.12,0.53,0.0,0.33,0.0499999999999999,0.0,1,177644,7686,726
Q_bSSUFafKE,0.93,0.3733333333333333,0.2833333333333334,0.7433333333333333,1.0333333333333334,0.95,0.4166666666666667,0.8233333333333333,1.59,0.6666666666666666,0.61,0.0733333333333333,0.4133333333333333,0.0533333333333333,1.8833333333333333,0.3933333333333333,0.2266666666666666,0,51686,2888,382
QaumqNGe8Oc,1.745,1.615,0.945,0.7200000000000001,1.27,1.765,0.715,1.46,0.735,0.57,0.545,0.785,0.095,0.0,1.81,0.0,1.295,0,47085,1884,181
QeGqPTs8kvo,1.07,0.0,0.0,0.0,1.87,1.99,0.0,0.12,2.71,0.0,0.0,0.0,0.32,0.47,1.83,0.0,0.1,0,698,21,3
QeKYdEWg51k,0.7285714285714285,0.04,1.2885714285714285,0.8228571428571428,0.4842857142857143,1.802857142857143,0.4171428571428571,0.1528571428571428,0.1699999999999999,0.4471428571428571,0.1914285714285714,0.2614285714285714,0.1485714285714285,0.1171428571428571,0.0828571428571428,0.5671428571428572,0.1514285714285714,1,1897935,46578,3851
QeLr8WOOEfY,0.295,0.0,0.615,0.56,0.31,2.02,0.12,0.0,0.15,0.195,0.09,0.355,0.52,0.105,0.055,0.475,0.0,1,81788,3415,526
QeaR2b2l-n8,0.91,0.19,0.17,4.08,0.3,0.71,0.25,1.78,1.22,0.64,0.05,0.0,0.0,0.0,1.87,0.69,0.0,2,52414,4027,349
QflJ7MusWmU,0.0,0.0,0.94,0.16,2.13,2.73,1.09,1.18,1.94,0.47,0.0,0.0,0.0,0.0,1.98,0.0,1.52,0,14094,1061,23
QiVHr19_h4k,0.28,0.0,1.27,0.0,1.12,3.27,0.38,0.25,0.67,0.0,0.99,0.64,1.16,0.28,0.85,0.72,0.11,1,12837,472,102
Qn50ttkHGdQ,0.03,0.67,0.0,1.64,0.55,0.0,0.0,1.06,1.65,0.45,0.84,0.0,0.0,0.0,2.99,1.8,0.0,1,9450,287,20
QnHMIDrlqbA,0.0,0.06,0.0,0.0,1.8,2.05,0.35,1.47,2.56,0.91,0.0,0.0,0.0,0.0,2.09,0.2,0.17,0,1503,35,1
Qo-Gs8w_P80,0.502,0.1,0.616,0.8019999999999999,0.176,0.224,0.056,0.238,0.522,0.128,0.18,0.0,0.028,0.0,1.258,1.106,0.05,1,152888,5611,257
QrN6BpfxsRE,0.23,0.0,0.49,1.36,2.8,3.92,1.51,2.33,2.31,2.24,0.12,0.0,0.44,0.0,4.36,2.09,0.0,0,244342,11138,705
QsFi0SkZHsY,2.005,1.795,0.0,3.515,0.465,0.81,0.045,0.675,0.52,0.0,0.25,0.08,0.175,0.0,2.45,0.445,0.0,2,18787,1334,165
R1fuPtrok3M,0.7400000000000001,0.8433333333333334,0.7233333333333333,2.043333333333333,0.0,0.0,0.0,0.17,0.0,0.0,0.0566666666666666,0.16,0.0266666666666666,0.2033333333333333,0.1066666666666666,0.79,0.0033333333333333,1,58483,3069,183
R3uIfHZPPm8,0.38,0.0,0.05,1.67,0.15,0.0,0.0,0.34,0.755,0.0,0.0,0.68,0.0,0.0,0.0,0.885,0.175,1,3712,211,19
R7KpmpPzCEQ,0.4828571428571428,0.0,0.1942857142857143,0.9228571428571428,0.6,0.54,0.2314285714285714,0.5314285714285715,0.59,0.6957142857142857,0.5114285714285713,0.9385714285714286,0.4928571428571429,0.3928571428571428,0.3385714285714286,0.6971428571428573,0.1014285714285714,1,66387,1287,147
R8-LyHgcl5I,4.33,3.74,2.43,3.24,0.0,0.0,0.0,0.22,0.0,0.0,1.58,0.66,0.4,0.0,1.6,0.79,0.05,2,126042,8151,1077
R83eEaGON9A,0.13,0.0,1.7,0.0,1.51,1.45,1.03,1.97,1.82,1.76,0.08,0.0,0.59,0.09,1.52,0.77,0.0,0,123571,0,261
R8IaZ0NdLC4,0.0,0.0,0.0,0.0,2.65,3.47,0.59,1.11,2.74,0.44,2.73,0.0,0.0,0.0,3.85,0.0,0.0,0,3859,114,41
R965if9bSGg,1.5699999999999998,1.24,0.705,2.23,0.095,0.295,0.055,1.405,0.8200000000000001,1.14,0.855,0.0,0.125,0.135,2.275,1.475,0.445,2,2287913,60501,5237
R9ya0jtNpGs,1.17,0.99,0.235,1.425,0.0,0.0,0.14,0.375,0.0,0.07,0.385,0.425,0.0,0.0,1.05,1.735,0.0,2,122529,1195,120
RBVTAGtvwBo,0.65,0.0,0.0,0.0,2.47,0.54,0.0,1.91,2.46,1.06,2.06,0.29,0.49,0.97,1.91,0.0,2.39,0,6347,83,9
RBlt4rwpyyo,0.14,0.0,0.0,0.39,2.61,2.75,1.98,2.98,2.93,2.65,0.05,0.0,0.0,0.0,3.57,0.58,0.39,0,63945,3685,39
RD0jioq8SO4,0.685,0.68,0.0,0.52,0.325,0.3,0.015,0.675,0.275,0.69,0.08,0.0,0.0,0.0,0.46,1.0,0.0,1,4909,414,37
RE9-FzyT28Q,0.785,0.0,0.265,0.26,2.23,3.02,1.1949999999999998,1.87,2.115,0.905,0.38,0.66,0.0,0.23,1.68,0.365,0.28,0,109636,7118,784
REAyiXNfwyo,0.0,0.08,0.0,0.0,1.71,1.84,1.38,1.88,1.85,0.19,0.37,0.0,0.22,0.0,3.33,2.11,0.12,0,38576,3362,237
REvaHqT3uro,0.845,0.38,0.965,1.37,0.395,0.575,0.295,1.365,0.51,0.51,0.2799999999999999,0.1,0.26,0.0,1.655,1.44,0.055,1,89585,2404,292
RJ72QNP1Nws,0.0,0.0,1.3,0.0,0.63,2.25,0.94,0.18,0.52,1.2,0.23,0.0,1.01,0.42,0.38,0.22,0.43,1,3034,324,86
RKjCW_RR8qk,0.0,0.8,0.0,2.27,0.0,0.0,0.0,0.07,0.0,0.0,0.0,0.0,0.0,0.0,1.65,1.42,0.0,1,270361,12805,1160
RNp9dshmsqQ,0.2775,0.2775,0.8475,1.7375,0.7725,0.7875,0.3425,0.7425,0.7725,0.365,0.35,0.0925,0.11,0.0,1.4675,0.9425,0.1475,1,133774,3637,288
RPHoH_vpKRk,1.45,1.19,0.0,3.09,0.82,0.0,0.0,0.25,1.73,0.0,0.3,0.0,1.23,0.04,2.11,0.0,0.0,2,5397,119,37
RUipBSnN2tA,0.0,0.0,0.23,3.06,0.26,0.0,0.01,0.0,0.0,0.66,0.57,0.35,0.0,0.0,0.0,1.37,0.0,1,29746,2356,328
RUmFeFqFUWw,2.59,3.69,0.12,3.42,0.0,0.0,0.0,0.0,0.22,0.0,0.37,0.28,0.0,0.0,3.42,0.7,0.0,2,120384,8316,777
RWEssVacb00,0.13,0.0,0.0,0.0,1.25,0.0,0.0,1.44,1.89,0.0,0.0,0.0,0.0,0.0,1.34,0.45,0.0,0,157476,4479,600
RXrKUTh81oU,0.4466666666666666,0.1233333333333333,0.0,1.0166666666666666,1.3666666666666665,0.8133333333333334,0.45,0.7133333333333334,1.6733333333333331,1.4733333333333334,0.6933333333333334,0.7933333333333333,0.0,0.3899999999999999,1.2433333333333334,0.2799999999999999,0.2833333333333333,0,21043,1209,82
Ra6ztNcUlsY,0.11,0.0,0.28,0.0,0.9,2.63,2.21,0.37,0.0,2.65,0.55,0.0,0.0,0.0,1.61,0.0,0.22,0,4466719,37860,5404
RaQcueErQYg,1.125,0.635,0.355,0.4825,1.25,1.5825,0.2675,0.7250000000000001,1.015,0.48,0.0675,0.585,0.0775,0.57,0.9625,1.165,0.2075,1,20448,1718,119
RanyrxILSDk,0.85,0.95,2.18,0.0,1.78,2.14,2.02,1.98,2.15,1.22,0.12,0.0,0.0,0.0,1.99,1.05,0.0,0,51613,3416,442
RbZUbbTEgnA,0.61,0.115,1.6700000000000002,0.86,0.15,0.035,0.0,0.0,0.2,0.26,0.835,0.0,0.73,0.1,0.515,0.52,0.22,1,64064393,1135984,52096
Rbw48sZhAdo,0.27,0.0,0.0,0.865,1.13,0.315,0.0,0.7025,1.9825,1.0075,0.0,0.02,0.1,0.0,0.9375,0.0,0.1975,0,526152,13694,774
Rg0du2jpPME,0.8166666666666665,0.6733333333333333,0.7333333333333334,0.68,0.5833333333333334,1.18,0.3833333333333333,0.2233333333333333,0.52,0.3933333333333333,0.2633333333333333,0.4366666666666667,0.3633333333333333,0.1633333333333333,0.65,0.71,0.8466666666666667,1,307342,5356,854
Rg1ONQOf4L8,2.29,0.99,1.02,2.32,2.16,1.8,0.59,3.29,3.0,3.13,0.0,0.0,0.0,0.67,3.6,0.39,0.12,0,1397,72,24
Ro8sQ6CGin8,0.0,0.0,0.0,0.44,1.43,2.53,0.51,2.35,3.03,1.43,0.0,0.0,0.0,0.25,2.65,1.51,0.52,0,1569,170,29
RoKQM1n6gIA,0.482,0.382,0.174,1.236,0.236,0.82,0.274,0.438,0.256,0.2339999999999999,0.482,0.146,0.222,0.018,0.38,0.216,0.062,1,683641,16129,391
RoLBag1rh6A,1.89,2.24,0.0,3.07,0.0,0.0,0.0,0.38,0.7,0.0,0.0,0.29,0.0,1.0,2.21,2.07,0.13,2,66798,4414,375
RqwT81VWcfs,1.942,0.552,0.79,0.416,0.016,1.24,0.034,0.492,0.1319999999999999,0.2779999999999999,0.536,0.422,0.168,0.086,0.1399999999999999,0.6940000000000001,0.442,1,689542,4974,1138
RsRT-S90As8,0.6433333333333333,0.8733333333333334,0.0,0.3666666666666667,0.02,0.36,0.0466666666666666,0.7133333333333333,0.62,0.97,0.1833333333333333,0.0,0.7799999999999999,0.0,0.9466666666666668,0.7233333333333333,0.0566666666666666,1,42489,2222,95
RupvFbi5e2s,1.04,0.12,0.88,0.395,0.635,0.37,0.165,0.855,0.82,0.275,0.23,0.06,0.33,0.04,1.3,1.02,0.0,1,69469,2512,311
S-5ZBnkdra8,0.0,0.0,0.0,0.13,0.0,0.0,0.0,0.41,0.26,0.76,0.45,2.16,0.0,0.0,0.0,1.66,0.18,1,9080654,108116,0
S-xx5NLNEuc,0.53,2.17,0.0,0.06,0.0,0.59,0.4,0.0,0.0,0.0,0.28,0.0,0.12,0.0,0.73,1.49,0.01,1,1545,118,4
S1ITUnYLqOQ,0.0,0.0,0.9966666666666668,1.143333333333333,0.0833333333333333,0.2666666666666666,0.1833333333333333,0.2866666666666667,0.3133333333333333,0.2066666666666667,0.15,0.0,0.2566666666666666,0.0,1.1033333333333333,0.5766666666666667,0.2466666666666666,1,143772,7791,373
S3N0vl_wBD0,1.665,2.165,0.795,4.0600000000000005,0.365,1.905,0.395,2.86,0.815,2.385,3.34,1.145,0.785,2.745,0.985,0.0,0.115,2,38763,2429,245
S4bNEgM483k,0.4842857142857143,0.2114285714285714,0.1528571428571428,0.4014285714285713,0.2228571428571428,0.2228571428571428,0.0671428571428571,0.6857142857142857,0.6885714285714286,0.3228571428571428,0.06,0.1457142857142857,0.0371428571428571,0.0,0.767142857142857,0.48,0.1628571428571428,1,294916,7186,658
S6jRwPIKIVM,0.0,0.0,0.59,0.0,0.0,0.0,0.1,0.0,0.0,1.0,0.69,1.02,0.0,0.36,0.0,0.37,0.0,1,4862,471,45
S7YFxw0oK6c,0.45,0.83,0.41,1.27,2.15,1.72,0.0,2.03,2.37,1.85,0.0,0.0,0.11,0.51,2.38,0.0,0.62,0,439270,14336,2493
S8U0sCHork8,0.0,0.0,0.425,0.0,2.605,1.4,0.81,2.07,2.895,1.635,0.23,0.58,0.225,0.355,1.58,0.27,0.025,0,95622,5430,1239
S9q3e8AL_-0,1.49,0.0833333333333333,1.1033333333333333,1.1033333333333333,0.0,0.01,0.0,0.42,0.0,0.0166666666666666,0.2066666666666666,0.3766666666666666,0.0,0.26,0.0033333333333333,0.0966666666666666,0.3166666666666666,1,372478,16521,820
SBWBp125e4Y,1.7166666666666668,2.236666666666667,0.0,2.4266666666666667,0.47,0.6133333333333334,0.0766666666666666,0.43,0.8366666666666666,1.45,0.1266666666666666,0.3533333333333333,0.45,0.0699999999999999,1.55,1.1266666666666667,0.0,2,8815,462,23
SDHspt6VI2s,0.13,0.0,0.0566666666666666,0.13,0.7200000000000001,0.7166666666666667,0.08,0.7666666666666666,0.99,0.6833333333333332,0.6066666666666667,0.0566666666666666,0.1066666666666666,0.02,0.6466666666666666,0.6733333333333333,0.2133333333333333,1,43645,1928,136
SH8YofIJ3zc,1.72,1.355,0.6,2.685,0.0,0.0,0.125,0.03,0.06,0.175,0.975,1.28,0.0,0.0,0.495,0.61,0.78,2,30773,630,112
SLB72qmrusk,0.904,0.0,0.507,0.5640000000000001,0.208,0.542,0.256,0.457,0.366,0.185,0.291,0.176,0.724,0.064,0.298,0.21,0.41,1,3183361,136280,7089
SLfMX2eA7Lc,1.05,0.48,0.0,0.0,0.0,0.8,0.0,0.0,0.45,0.0,0.0,0.0,0.53,0.0,0.0,0.13,0.0,1,31175,251,30
SLq86U68qO8,1.43,0.6,0.02,0.6499999999999999,0.18,0.27,0.46,0.085,0.24,0.0,0.24,0.0,0.78,0.26,0.045,0.64,0.085,1,8979,449,66
SOAIc9ONdb4,0.99,0.29,0.86,1.87,0.685,1.57,0.215,0.84,0.34,0.0,1.19,0.0,0.0,1.18,1.325,0.0,0.09,1,52714,1324,318
SQzmJ7lSvHk,2.91,3.73,0.0,1.99,0.0,0.0,0.0,0.0,0.45,0.44,0.0,0.0,0.0,0.41,1.12,0.47,0.22,2,228557,6057,835
SR3MF-ZAvB0,0.81,0.68,1.71,0.485,0.765,1.08,0.72,0.72,0.705,0.92,0.0,0.145,0.56,0.02,1.095,0.675,0.6900000000000001,1,253315,8473,132
SUNE9Kflopg,0.5499999999999999,0.02,0.8433333333333333,0.7833333333333333,0.7566666666666667,1.2333333333333334,0.6933333333333334,0.8633333333333333,0.9866666666666668,0.9866666666666668,0.2166666666666666,0.1999999999999999,0.5033333333333333,0.2766666666666666,0.57,0.0,0.0066666666666666,1,10524,409,78
SW4AldBdyk8,1.56,0.65,0.96,0.6950000000000001,1.455,0.715,0.45,1.62,1.615,1.5750000000000002,0.41,0.315,0.355,0.1699999999999999,1.86,0.255,0.1,0,70720,3406,217
SaMR6tkhh_M,0.905,0.36,0.185,0.705,0.5,1.24,0.615,1.5750000000000002,0.745,1.11,0.19,0.0,1.335,0.0,0.65,0.03,0.44,1,194879,5681,438
SaiDP96j2P8,2.19,2.57,0.0,0.57,2.52,0.28,0.0,1.2,3.69,1.85,0.0,2.02,0.65,1.77,0.0,0.0,0.06,0,1312,41,5
SgpzJ9peq0Q,0.5640000000000001,0.0,0.38,0.49,0.244,0.714,0.0,0.662,0.92,0.578,0.264,0.718,0.626,0.004,0.138,0.176,0.154,1,539291,17153,1220
SgrfCgr4cyU,0.33,0.27,0.0,2.16,0.0,0.0,0.05,0.28,0.0,0.21,0.33,1.15,0.0,0.43,0.37,1.49,0.0,1,3274536,44193,4150
SpIeqCNKrMQ,0.7142857142857143,0.0714285714285714,0.2071428571428571,0.2971428571428571,0.7914285714285715,1.2414285714285715,0.38,0.3742857142857143,0.79,0.8914285714285715,0.4071428571428571,0.3085714285714285,0.9257142857142858,0.26,0.5228571428571429,0.4871428571428571,0.2571428571428571,1,12490,851,78
SqNw_SMrIQA,1.0433333333333332,0.8633333333333334,0.41,0.11,0.18,0.3633333333333333,0.3033333333333333,0.0,0.1833333333333333,0.3033333333333333,0.7000000000000001,0.0,0.51,0.0,0.1766666666666666,0.85,0.7799999999999999,1,11556,265,225
Ss4sYHi7XZg,1.3266666666666669,0.47,0.0433333333333333,0.44,1.8733333333333333,1.403333333333333,0.3166666666666666,1.15,2.21,0.9866666666666668,0.0,0.0,0.96,0.0033333333333333,2.356666666666667,0.2033333333333333,0.0933333333333333,0,222519,8122,755
SutFZNd73qU,0.505,0.0,0.8049999999999999,0.37,0.39,0.655,0.0,1.34,0.525,0.0,1.84,0.17,1.6,0.115,0.95,0.61,0.265,1,10194,282,81
SvGbt99BHEg,0.405,1.295,0.95,1.6949999999999998,0.87,1.19,0.225,1.7000000000000002,1.555,0.99,1.04,0.055,0.485,0.185,2.82,0.31,0.33,0,2992262,104070,4206
SvVELQ6_7PI,0.015,0.0,1.365,0.41,1.825,2.04,1.25,1.635,1.14,0.76,0.495,1.235,0.0,0.3249999999999999,0.7,1.04,0.665,0,447611,15098,660
SwRDqwudsE0,0.875,0.6699999999999999,0.075,0.91,0.345,0.3399999999999999,0.645,0.345,0.015,0.395,0.16,0.215,0.465,0.03,0.225,0.3,0.86,1,109668,3188,365
SwvKOc1Gy40,0.0,0.0,0.0,0.0,1.225,1.125,1.53,2.165,1.79,1.12,0.23,1.56,1.265,0.335,1.105,0.605,0.235,0,2323,118,69
SxvIkh5QiBE,1.36,0.0,2.0,1.59,0.47,0.0,1.39,0.44,0.0,0.86,1.38,0.0,0.0,1.0,1.29,0.0,0.25,1,412872,9943,2055
Sy9xBeBhYZw,0.58,0.355,0.0,0.365,1.28,0.47,0.34,1.03,0.54,0.965,0.92,1.225,0.915,1.33,0.11,0.0,0.0,1,139436,6413,723
T1_A2TNM4L4,0.0,0.0,0.0,0.0,1.52,2.63,0.02,2.59,2.7,0.0,0.0,0.0,0.3,0.0,2.38,0.84,0.0,0,14148,190,12
T1jJIhxXq-4,0.5980000000000001,0.978,0.0,0.866,0.19,0.24,0.298,0.346,0.608,0.492,0.312,0.194,0.424,0.0699999999999999,0.558,0.354,0.422,1,41753,1670,68
T2dRUFTgLCk,0.0,0.0,0.59,1.02,0.7,0.0,0.84,0.97,0.99,1.47,0.0,0.04,1.21,0.36,1.04,0.0,0.44,1,4903,479,53
T6p-4PGf-Cw,1.62,0.82,0.0,0.58,1.655,0.395,0.035,1.295,2.52,1.4249999999999998,0.0,0.0,0.545,0.025,1.38,0.0,0.51,0,80336,3377,1012
T7O2EwCKjrE,0.58,0.0,0.4833333333333333,0.0,1.89,2.43,0.4399999999999999,1.1166666666666667,1.7599999999999998,1.05,0.0633333333333333,0.0,0.7566666666666667,0.16,1.6900000000000002,0.3033333333333333,0.0333333333333333,0,3432,112,26
T9zN_s3m5xM,0.5618181818181818,0.0427272727272727,0.3081818181818181,0.52,0.1054545454545454,0.4981818181818182,0.209090909090909,0.2263636363636363,0.2572727272727272,0.3509090909090909,0.5090909090909091,0.2063636363636363,0.41,0.0072727272727272,0.2781818181818182,0.5227272727272727,0.24,1,86265,3090,168
TA11qP7TuBg,1.23,2.39,0.0,2.82,0.59,0.15,0.8,1.69,0.77,1.73,2.11,0.0,1.78,0.0,1.6,0.0,0.0,2,3763,254,26
TCOE79IOmLM,0.34,0.0,1.54,0.31,2.47,4.1,0.42,2.26,2.79,0.74,0.0,0.0,0.0,0.0,2.44,0.2,0.0,0,1119198,25755,783
TDwgAg-2BaY,0.31,0.0166666666666666,1.08,0.53,0.8433333333333333,0.3266666666666666,0.5533333333333333,1.9466666666666663,1.2766666666666666,1.07,0.29,0.1733333333333333,0.0,0.0,1.79,1.7133333333333336,0.5733333333333334,0,134183,5167,260
TFEIZ4drK-k,0.52,0.0,0.0,0.3,0.75,0.32,0.0,0.78,2.6,0.07,0.0,0.25,0.33,0.11,1.3,0.47,0.0,1,83407,2883,429
TGZ46HAbePg,0.98,0.54,0.12,0.05,1.81,1.21,0.74,2.71,2.1,1.27,0.0,0.51,0.65,0.12,2.19,0.0,0.19,0,1689,7,14
THAzTxjbi8k,0.55,0.0,0.0,0.0,2.22,1.26,1.02,2.04,1.92,1.16,0.0,0.0,0.01,0.0,1.56,0.43,0.0,0,182018,4064,331
TJ-xXlc171c,1.0366666666666668,0.7799999999999999,0.34,1.0033333333333332,0.87,0.08,0.08,2.09,1.98,2.2,0.0,0.49,0.1933333333333333,0.0,1.13,0.32,0.0,0,7229,303,14
TJB9f95X4cg,0.885,0.0,0.605,1.705,0.265,0.185,0.0,1.175,0.805,1.66,0.72,0.685,0.0,0.765,0.225,0.0,0.0,1,171875,3157,452
TKQqKGOIHFM,0.27,0.0,0.035,0.0,1.115,1.175,0.0,0.64,1.745,2.03,0.03,0.0,0.625,0.4499999999999999,0.26,0.18,0.25,0,400,0,0
TN7lweGEmuk,1.51,1.43,0.36,0.27,0.0,0.0,0.0,0.42,0.6,0.8,0.0,0.0,0.0,0.0,0.3,0.24,0.0,1,89607,2195,265
TOj-pssurng,1.66,2.83,0.0,2.53,0.0,0.3,0.0,0.13,0.0,0.0,1.76,0.13,0.0,0.0,0.59,1.81,0.77,2,223,10,3
TSv5dcZ_NRQ,0.5266666666666667,0.2966666666666667,0.2633333333333333,0.1866666666666666,1.11,0.6233333333333334,0.99,0.9733333333333332,1.75,1.1866666666666668,0.3533333333333333,0.0633333333333333,0.6433333333333333,0.0566666666666666,1.51,0.35,0.1666666666666666,0,10643,527,209
TVO3aqHMPYk,1.0766666666666669,0.3666666666666667,0.3833333333333333,0.9266666666666667,0.0,0.5,0.16,1.0933333333333335,0.4166666666666667,0.4599999999999999,0.6166666666666667,0.5966666666666667,0.58,0.2799999999999999,0.1266666666666666,0.3133333333333333,0.2266666666666666,1,113973,5234,336
T_WmfJ7_bjE,1.22,0.97,0.39,3.46,0.64,1.2,0.0,1.04,0.31,0.0,0.42,0.02,0.0,0.0,1.5,0.75,0.0,2,82250,1982,327
Tckjqy0jhG4,0.7075,0.0775,0.0,0.645,1.84,1.595,0.5275000000000001,1.8275,2.215,0.7675000000000001,0.1649999999999999,0.0625,1.03,0.0,1.4675,0.2175,0.2575,0,2749799,44766,3328
TeWekX9VORg,0.0,0.0,2.14,2.12,0.46,0.0,0.72,0.74,0.0,0.23,0.19,0.0,0.11,0.0,1.3,0.81,0.0,1,303884,18019,910
ThxG5a02aT0,1.3,2.36,0.0,3.25,0.47,0.62,0.0,0.49,1.77,0.0,1.35,1.31,1.1,0.0,1.27,0.64,0.0,2,228103,7058,696
TiCHTyCel1M,0.24,0.0,0.3,1.095,0.705,1.295,0.235,1.53,1.17,1.045,0.0,0.09,0.07,0.38,0.365,0.15,0.1,1,244,33,34
TiyxdTPnL9o,2.29,0.87,0.54,0.0,2.21,1.43,0.08,2.66,2.9,1.49,0.11,0.0,0.0,0.0,3.21,1.12,0.26,0,9490363,146385,4792
TjpuhXYRE48,0.3241666666666666,0.0158333333333333,0.5566666666666666,0.0866666666666666,1.1408333333333334,0.8574999999999999,0.4083333333333334,1.1316666666666666,1.315,1.4783333333333333,0.1841666666666666,0.0566666666666666,0.3391666666666666,0.1316666666666666,0.6633333333333333,0.1658333333333333,0.2375,0,10078,955,93
Tl--ubgEmks,0.166,0.0,0.0,0.244,1.19,1.6780000000000002,0.506,1.6920000000000002,1.4300000000000002,1.416,0.298,0.108,0.716,0.102,0.826,0.236,0.046,0,2451,106,23
TmgLhC31C1o,0.767,0.02,0.366,0.222,0.636,0.656,0.101,0.623,1.111,0.395,0.237,0.219,0.166,0.061,0.791,0.392,0.128,1,4253,136,26
Tn5OfBoGJwE,0.0,0.0,0.49,1.26,0.66,0.0,0.71,0.54,0.71,0.9,0.0,0.0,1.34,0.4,1.0,0.0,0.86,1,12469,950,153
ToDydz2wCJ0,0.755,0.0,0.36,0.075,1.395,1.72,0.25,2.4450000000000003,1.19,0.585,0.5,0.185,0.385,0.0,1.27,1.245,0.035,0,29853,1931,242
TvjH_5p7DfE,0.96,1.42,0.0833333333333333,1.153333333333333,0.0,0.3733333333333333,0.0,0.0,0.26,0.2566666666666666,0.0,0.2433333333333333,0.2433333333333333,0.0,1.11,0.7633333333333333,0.0,2,31783,743,114
TxRwjf8BLmY,1.46,2.07,0.0,2.39,0.06,1.3,0.0,0.0,1.05,0.0,1.23,0.0,0.0,0.0,1.89,0.43,0.0,2,25305,567,41
Ty2GiwdE7jA,0.39,0.675,0.0,1.265,0.295,0.96,0.0,0.22,0.745,0.07,0.105,0.82,0.64,0.225,1.085,0.895,0.59,1,73819,2973,170
U-5l1A78ATs,1.09,0.0,0.355,0.84,0.8150000000000001,1.045,0.4649999999999999,1.57,0.81,1.97,0.32,0.0,0.38,0.0,1.195,0.0,0.82,0,30479,1802,117
U0zW0mBu_p0,0.37,0.0,0.0,0.66,1.12,2.47,0.33,2.75,0.93,2.35,1.46,0.81,1.87,0.0,0.19,0.0,0.0,0,178394,0,438
U5tOuCwgBpw,0.66,0.64,0.0,0.56,0.395,0.35,0.025,0.69,0.225,0.705,0.005,0.0,0.0,0.01,0.475,0.94,0.0,1,4071,357,30
U6UkokV76nM,0.3033333333333333,0.2433333333333333,0.2566666666666666,1.41,0.81,1.4966666666666668,0.16,1.2833333333333334,1.1266666666666667,0.7999999999999999,0.16,0.0,0.0,0.0499999999999999,1.04,0.3066666666666667,0.0766666666666666,1,289377,18007,815
U6_5bg5108o,1.78,2.49,0.0,1.74,0.0,0.0,0.0,1.1,0.0,0.47,0.78,0.0,0.0,0.0,3.07,1.17,0.0,2,787830,16078,1352
U6lgI1iNHpA,0.61,0.29,0.0,1.265,0.05,0.75,0.615,0.325,0.385,0.615,0.685,1.075,0.0,0.775,0.32,0.86,0.795,1,22109,1779,117
U6r8HVMCxx0,0.365,0.0,0.76,0.605,0.71,0.725,1.075,0.955,0.745,0.275,0.7050000000000001,0.5449999999999999,1.595,0.26,0.76,1.04,0.09,1,2830,152,32
U8XwxNBrsCA,1.28,0.0966666666666666,0.2766666666666666,1.89,0.8433333333333334,0.8166666666666665,0.45,0.5766666666666667,0.7600000000000001,0.69,0.4366666666666667,0.4433333333333333,0.3133333333333333,0.3999999999999999,0.5533333333333333,0.5733333333333334,0.1066666666666666,1,348626,7645,627
U998QOM02GY,0.0,0.0,0.0,0.0,1.35,1.2066666666666668,0.06,0.7266666666666667,0.99,0.6866666666666666,0.1999999999999999,0.3466666666666667,0.3033333333333333,0.0,0.7733333333333333,0.37,0.5466666666666666,1,19886,832,46
UAC0jPgSaqc,1.36,1.55,0.0,2.15,0.0,0.15,0.54,0.02,0.07,0.0,0.96,0.0,0.0,0.49,0.83,1.67,0.0,2,57786,1398,193
UB4BgwVJUjs,0.5325,0.5975,0.0,0.8375,0.1525,0.8225,0.4725,0.66,0.1075,0.08,0.665,0.575,0.0,0.0675,0.8675,0.5675,0.0,1,4963867,130549,10754
UBmkJdJj11Q,1.1766666666666667,0.48,0.11,0.52,0.3033333333333333,0.7200000000000001,0.0,0.42,0.3666666666666667,0.2666666666666666,0.0,0.91,0.0,0.2133333333333333,0.2566666666666666,0.34,0.0,1,4657,398,39
UD65igFlINE,0.8855555555555555,0.3138888888888889,0.1277777777777777,1.103888888888889,0.1016666666666666,0.2066666666666666,0.0788888888888888,0.3022222222222221,0.2216666666666666,0.3033333333333333,0.3722222222222222,0.0088888888888888,0.0222222222222222,0.2477777777777777,0.125,0.2016666666666666,0.0027777777777777,1,159,20,12
UDixEHBz4XU,0.0,0.0,0.43,0.0,0.23,0.31,0.34,0.0,0.0,0.99,1.69,0.0,0.31,0.0,0.17,0.0,0.0,1,158,14,12
ULuet4N8eoU,0.0,0.0,0.0,1.36,0.0,1.27,0.0,0.0,0.0,0.28,0.3,0.0,0.0,0.0,0.1,0.96,0.0,1,269215,4791,975
UNfq6ITddXI,2.72,1.1766666666666663,0.5566666666666666,1.3133333333333332,0.2866666666666667,0.2233333333333333,0.0,0.9966666666666666,1.0733333333333337,0.3666666666666667,0.7633333333333333,0.5766666666666667,0.2966666666666667,0.0,0.8566666666666666,0.0,0.4299999999999999,2,528167,10434,1108
UTHUma6LUjA,1.22,0.45,0.57,0.0,1.15,0.0,0.0,2.06,2.28,2.59,0.0,0.0,1.21,0.0,1.53,0.0,0.0,0,1575,35,11
UTLSHq-4w74,0.6828571428571429,0.1357142857142857,1.162857142857143,1.5171428571428571,0.1757142857142857,0.2042857142857142,0.7942857142857144,0.6285714285714287,0.3214285714285714,0.2685714285714285,0.7700000000000001,0.5342857142857143,0.1357142857142857,0.0,0.7642857142857142,0.2485714285714285,0.1142857142857143,1,117896,3562,139
UXBd8hvKHzA,1.4933333333333334,0.6733333333333333,0.9933333333333332,0.8633333333333334,0.0,0.1566666666666666,0.0,0.52,0.0166666666666666,1.04,0.7599999999999999,0.48,1.2433333333333334,0.0833333333333333,1.0033333333333334,0.32,0.6133333333333333,1,421532,11609,1262
UXPqbMZG5ts,0.57,0.0,0.0,2.58,1.42,0.77,0.0,0.0,1.0,0.0,2.99,1.12,0.0,1.4,0.0,4.26,0.0,1,12860,854,277
UZbWyU65_80,0.55,0.0,0.3975,0.485,0.8150000000000001,1.5375,0.3625,1.025,1.245,0.92,0.185,0.025,0.455,0.065,1.375,0.515,0.24,0,147371,2557,224
Ue0mU-AZmpM,0.7,0.0,0.91,0.0,0.68,2.66,1.98,1.8,0.45,0.0,1.18,0.0,1.57,0.0,0.61,0.0,0.0,1,1983,71,60
Uge5taACXqo,0.3275,0.14,0.0075,0.3,1.27,0.9975,0.425,1.0225,1.4475,0.96,0.2425,0.385,0.925,0.5249999999999999,1.1825,0.1725,0.505,0,46978,1994,121
Uhck2wAnabo,0.0,0.09,0.0,0.0,1.4,0.0,0.64,0.92,2.44,2.42,0.0,0.0,1.14,0.44,0.36,0.0,0.0,0,860098,10501,935
UhgfEIZQzu4,0.8300000000000001,0.035,0.0,0.59,2.27,1.47,0.34,1.6749999999999998,1.845,0.23,1.655,0.15,0.075,0.0,1.75,0.0,0.39,0,88257,5926,979
UiK5n3SYb-s,0.865,0.065,0.215,1.1975,0.81,1.2825,0.225,1.4325,1.04,0.745,0.715,0.505,0.9875,0.0575,0.9875,0.0,0.115,1,102823,2169,108
UiZns0bGEPA,0.8140000000000001,0.406,0.29,0.716,1.216,0.8539999999999999,0.6599999999999999,1.974,0.758,1.198,0.798,0.692,0.624,0.284,1.264,0.5,0.148,0,246843,5278,142
UipAKWq8YVM,1.87,0.675,0.065,0.565,0.62,0.485,0.0,1.91,1.29,0.49,0.465,0.0,0.56,0.0,1.415,0.575,0.08,1,26999,1133,129
UkwwzJwcwJE,0.73,0.26,0.0,0.0,1.87,1.43,0.0,1.49,2.2,0.22,0.0,0.0,0.0,0.0,2.47,1.05,0.74,0,66766,2561,459
Um5Ps_krL7I,0.475,0.04,0.53,0.4,0.935,0.875,0.21,2.21,1.955,0.0,0.48,0.0,0.0,0.0,1.765,0.0,0.485,0,18435,721,109
UrPJdohIMUw,1.605,0.27,0.345,0.645,0.58,2.29,0.0,0.45,0.77,0.0,1.925,0.63,0.28,0.0,0.0,0.0,0.0,1,10657,672,146
UrXeU489jX4,0.68,1.0599999999999998,0.0666666666666666,1.24,1.356666666666667,0.84,0.25,2.3466666666666667,2.0866666666666664,1.6233333333333333,0.0233333333333333,0.0433333333333333,0.33,0.17,2.303333333333333,0.7999999999999999,0.5366666666666667,0,67331,3172,229
UrfMGb46J-s,1.725,2.885,0.0,2.605,0.0,0.245,0.0,0.0,0.15,0.3,0.24,0.795,0.0,0.26,0.515,0.92,0.0,2,9945,458,27
UtPSGNu07dU,0.292,0.0819999999999999,0.198,0.818,0.68,1.026,0.19,0.702,0.496,0.5980000000000001,0.6060000000000001,0.062,0.172,0.174,0.5720000000000001,0.394,0.1639999999999999,1,93054,3679,113
UxRTmlmTlp8,0.445,0.0,0.325,0.7575000000000001,1.5475,1.015,0.5549999999999999,1.0425,2.155,0.8925000000000001,0.02,0.0,0.76,0.0,1.7075,0.1625,0.0,0,279636,10420,672
Uxfu4ZEy7X0,0.43,0.0,0.84,0.27,0.3,1.95,0.52,0.0,0.0,0.0,0.36,0.0,0.0,0.0,0.0,0.66,0.0,1,93409,3538,123
Uz80mFnPR1w,0.5477777777777777,0.2111111111111111,0.32,0.3966666666666666,0.3255555555555556,0.4177777777777778,0.1744444444444444,0.8066666666666666,0.8444444444444444,0.2711111111111111,0.2866666666666667,0.0122222222222222,0.1388888888888889,0.01,0.8066666666666666,0.6422222222222222,0.2666666666666666,1,1032055,20825,763
UzrtzYFkCyI,0.0966666666666666,0.2466666666666666,0.0,0.4266666666666667,0.3633333333333333,0.2799999999999999,0.34,1.13,0.87,0.5766666666666667,0.1566666666666666,0.24,0.3133333333333333,0.0033333333333333,0.82,0.53,0.0933333333333333,1,7313,363,19
V0gH56RlhPQ,0.0,0.0,0.0,1.14,0.0,0.0,0.0,0.78,0.0,0.0,0.49,0.0,0.0,0.0,0.0,1.02,0.0,1,388727,8720,2293
V3TCTZuCGy4,0.5820000000000001,0.19,0.172,0.542,0.9,1.154,0.5640000000000001,0.986,0.994,0.1699999999999999,0.312,0.0,0.126,0.006,0.514,0.5199999999999999,0.5860000000000001,1,24887,606,152
V3eTskZkj4I,1.0533333333333337,1.4366666666666663,0.0,1.2166666666666666,0.15,0.0,0.0,0.5766666666666667,0.6866666666666666,0.9266666666666667,0.26,1.0033333333333334,0.1233333333333333,0.0366666666666666,0.1866666666666666,0.3466666666666667,0.0533333333333333,2,27795,1237,69
V3t0eCwBv5U,1.1675000000000002,0.27,0.155,0.085,1.1075,0.4425,0.18,1.4275,1.5525,1.27,0.2075,0.185,0.0525,0.0,0.925,0.7424999999999999,0.0,0,494,16,5
V4TxG7fVYUo,0.0,0.2433333333333333,0.4533333333333333,0.5299999999999999,0.1633333333333333,0.5966666666666667,0.3466666666666667,0.2266666666666666,0.3533333333333333,0.3733333333333333,0.0633333333333333,0.0766666666666666,0.0699999999999999,0.0,0.8066666666666666,1.0166666666666666,0.0,1,195038,5670,189
V4bqpSGnnA0,0.758,0.074,0.498,0.432,0.262,0.286,0.0,0.644,0.614,0.0,0.144,0.1619999999999999,0.2259999999999999,0.0839999999999999,0.258,0.0,0.018,1,120927,3572,537
VA36h1gjHg8,0.0,0.0,0.0,0.19,1.78,2.04,1.4,0.0,1.34,1.56,0.63,0.0,1.32,0.23,0.0,0.0,0.03,0,21578,1729,150
VAmLydvgvlI,0.7525,1.235,0.025,1.4875,0.0325,0.3675,0.21,0.075,0.1825,0.3775,0.22,0.5775,0.5125,0.0799999999999999,0.2225,0.0,0.0,1,3510,156,8
VBpyfBGjHJQ,1.096666666666667,0.3333333333333333,0.0,0.6233333333333333,0.0433333333333333,0.11,0.1266666666666666,0.3766666666666666,0.71,0.3833333333333333,0.2466666666666666,0.43,0.5533333333333333,0.3266666666666666,0.1266666666666666,0.1033333333333333,0.7766666666666667,1,283568,12248,1722
VD5E8E_6jPk,0.0,0.07,2.44,3.76,0.0,0.0,0.59,1.5,0.13,0.0,0.17,0.0,0.56,0.0,0.94,3.54,0.0,1,3719,370,45
VDeri66Gw5k,0.2557142857142857,0.2585714285714285,0.0,0.5314285714285714,0.4742857142857142,0.2857142857142857,0.1142857142857142,0.4671428571428571,1.16,0.8442857142857143,0.0742857142857142,0.1314285714285714,0.1285714285714286,0.1628571428571428,1.1,0.4657142857142857,0.1928571428571428,1,360267,10440,282
VDk96ErSKjk,0.7949999999999999,0.0,0.075,0.21,0.275,0.0,0.01,1.5,1.315,0.785,0.035,0.27,0.19,0.0,1.35,1.225,0.215,1,209319,9622,824
VFSAR-D2WCE,0.0,0.0,1.87,0.0,3.29,4.94,4.16,3.66,2.39,2.27,0.47,0.05,1.23,0.0,3.41,1.45,1.66,0,189031,9825,539
VGoWRsoQyr4,0.634,0.344,0.106,0.7619999999999999,0.554,0.5700000000000001,0.2319999999999999,1.012,1.162,0.39,0.076,0.266,0.5640000000000001,0.22,0.696,0.278,0.25,1,305101,10459,554
VI3ikxCDGms,1.625,0.55,0.865,0.0,0.98,1.07,0.445,1.255,0.78,1.445,0.285,0.385,0.155,0.025,1.42,0.515,1.405,0,35863,1707,124
VKoE3wGc3wI,1.4,0.855,1.26,0.85,0.665,1.51,0.37,0.94,0.605,0.595,0.3399999999999999,0.115,0.5,0.0,1.62,0.615,0.095,1,689330,14383,1355
VL3wgrgay3k,1.16,0.94,0.0,0.8150000000000001,0.33,0.07,0.555,0.75,0.815,0.455,0.18,0.0,0.475,0.0,0.55,0.24,1.085,1,6524,320,28
VLIVlWc_eII,0.915,0.0,0.535,0.44,0.0,0.0,0.275,0.22,0.045,0.0,0.185,0.215,0.0,0.0,0.86,1.47,0.0,1,63978,2169,413
VMCjnPNXoM8,0.0,0.0,0.24,0.0,0.0,0.58,0.31,1.37,0.15,0.0,0.14,0.0,0.8,0.0,2.06,1.51,0.04,1,1364,67,0
VOSLLD1EPuY,0.37,0.0,0.235,0.01,0.565,0.02,0.085,0.785,0.885,0.675,0.15,0.21,0.8899999999999999,0.0,1.055,0.0,0.535,1,92126,2175,459
VPrX23ORDaQ,1.185,0.0,1.28,0.465,0.09,1.36,0.0,0.185,0.0,0.59,0.125,0.835,0.0,0.17,0.615,1.075,0.25,1,352884,17739,1035
VPzTvF8UdcM,1.4966666666666668,0.53,0.6433333333333333,0.7433333333333333,1.1833333333333331,0.5633333333333334,0.4066666666666667,0.8166666666666668,1.4933333333333334,1.0833333333333333,0.0433333333333333,0.2166666666666666,0.1533333333333333,0.1266666666666666,1.04,0.5033333333333333,0.1933333333333333,1,91601,3157,132
VQDYf9EfMwI,0.3833333333333333,0.03,0.24,0.3733333333333333,1.16,0.9566666666666668,0.41,1.8533333333333333,1.88,0.3133333333333333,0.0,0.0,0.1899999999999999,0.0,1.7366666666666666,0.6133333333333333,0.2633333333333333,0,60133,3962,159
VRswO3n1d40,1.605,1.485,0.0,0.25,1.45,1.31,0.315,0.92,2.405,1.355,0.0,0.34,0.5800000000000001,0.0,1.43,0.0,0.045,0,589777,14748,961
VS9PU8NW6jg,0.4971428571428571,0.2214285714285714,0.5585714285714286,1.1728571428571428,0.2842857142857143,0.36,0.1514285714285714,0.7614285714285715,0.59,0.0857142857142857,0.2814285714285714,0.11,0.1814285714285714,0.0,0.7414285714285714,0.3028571428571429,0.0,1,274893,11246,514
VUg23n16wuU,1.325,0.0,0.8500000000000001,0.1525,0.49,0.305,0.3,0.97,0.5475,1.0625,0.5475,1.215,0.2075,0.43,0.245,0.48,0.0025,1,263153,6567,296
VVJsDz-omC0,0.8547058823529411,0.2476470588235294,0.3747058823529411,0.9047058823529412,0.1917647058823529,0.2558823529411764,0.5117647058823529,0.8711764705882353,0.4164705882352941,0.6305882352941177,0.6964705882352941,1.0364705882352945,0.3952941176470588,0.198235294117647,0.2723529411764706,0.6158823529411764,0.1188235294117647,1,3701,11,0
VW1fCBRUBYk,0.5,0.0,0.1475,0.4625,0.235,0.5675,0.37,0.425,0.115,0.2975,0.15,0.395,0.8475,0.295,0.0125,0.26,0.0,1,195568,2675,407
VX3AgEC1JJ0,0.73,0.2133333333333333,0.5733333333333334,0.1466666666666666,0.48,0.5866666666666667,0.3033333333333333,0.47,0.84,0.5766666666666667,1.31,0.4633333333333334,0.3766666666666666,0.5733333333333334,0.6266666666666667,0.0333333333333333,0.2633333333333333,1,222398,5773,422
VXWFdonv_-Q,0.295,0.42,0.0,0.325,1.1,1.315,0.0,0.87,2.52,1.555,0.0,0.235,0.0,0.015,1.43,0.14,0.195,0,94677,0,639
VbOmWcb5_B0,1.17,1.22,0.5,0.29,1.37,0.0,0.89,1.72,2.58,0.8,0.0,0.0,0.0,0.3,3.33,0.56,0.0,0,2638,165,41
VccHOpKy06Q,2.28,0.72,0.66,0.19,0.87,0.0,0.0,0.0,0.0,0.0,0.69,0.13,0.0,0.01,0.82,0.31,0.0,1,128318,2694,442
Ve2u-FIEzgY,0.235,0.0,0.3375,0.10875,1.04625,1.5575,0.66125,0.55625,1.15,0.47125,0.12125,0.0,0.9625,0.07,0.99375,0.32875,0.045,1,1672571,33968,528
ViKahoBCRcw,2.1866666666666665,1.1466666666666667,0.3799999999999999,0.3233333333333333,0.36,1.0033333333333332,0.0733333333333333,0.0,0.2533333333333333,0.4133333333333333,0.5066666666666667,0.9666666666666668,0.2833333333333333,0.0,1.1933333333333334,0.3766666666666666,0.1133333333333333,2,600,29,11
VlDzJIgBk4w,1.73,0.95,1.7,0.64,0.0,0.0,0.0,1.22,0.0,0.57,0.84,0.26,0.27,0.0,0.0,1.08,0.0,1,815,23,19
Vl_ApxUIAmE,0.07,0.0,0.7,0.0,0.53,0.3,0.97,1.08,0.0,0.0,1.56,0.61,0.58,0.0,0.0,0.0,0.29,1,3203,183,58
VmO94k6De_k,1.6949999999999998,0.0,0.635,0.97,2.675,3.29,1.56,1.86,2.115,0.63,0.335,0.0,0.62,0.0,1.73,0.21,0.0,0,64116,785,61
VoUdWRHkDwA,0.02,0.0,0.0,0.55,1.91,2.99,0.9,1.72,1.3,2.58,0.53,0.0,1.85,0.62,2.75,2.24,0.0,0,16228,870,116
VvSHdSdi2vY,0.2229411764705882,0.1111764705882353,0.1917647058823529,0.2358823529411764,1.724705882352941,1.6247058823529412,0.8870588235294118,1.1223529411764706,1.575294117647059,1.214705882352941,0.3435294117647058,0.1852941176470588,0.3047058823529411,0.1358823529411764,0.973529411764706,0.2194117647058824,0.1547058823529411,0,64323,3106,308
VwWCkl-CglI,0.5366666666666667,0.2033333333333333,1.04,0.4866666666666666,1.1833333333333331,2.0,0.69,1.41,1.1566666666666667,1.72,0.3966666666666666,0.6333333333333333,0.43,0.1433333333333333,1.05,0.6766666666666667,0.5833333333333334,0,354153,10135,865
Vx0TqLbcVpc,0.395,0.0,0.0,0.065,2.155,1.795,0.3299999999999999,2.54,2.36,0.25,0.1,0.17,0.0,0.045,1.97,1.205,0.3,0,116394,4291,577
Vy12l-WwqlQ,0.35,0.0,0.8375,0.26,0.4025,0.4875,0.625,0.59,0.8674999999999999,0.33,0.3225,0.0,0.2475,0.0,0.9525,0.25,0.7725,1,141002,6273,329
W0XKBx8rEHI,0.8383333333333333,0.135,0.3333333333333333,0.3016666666666667,1.02,0.8483333333333333,0.465,1.2366666666666666,1.3266666666666669,0.6766666666666666,0.08,0.0666666666666666,0.165,0.02,0.995,0.2866666666666667,0.1633333333333333,0,304919,6120,223
W2FP5LKON34,1.98,0.3,0.6,1.42,1.24,2.68,0.0,0.94,1.11,0.0,1.14,0.52,1.3,0.0,0.0,0.0,0.0,1,8709,519,81
W35rxGezBgQ,0.0,0.0,0.19,0.61,0.02,0.0,0.81,0.51,0.52,0.05,0.84,0.98,0.0,0.63,0.39,0.0,0.0,1,1923,180,26
W6KsUlgANow,0.3441666666666667,0.0491666666666666,0.0941666666666666,0.2516666666666666,0.635,0.7533333333333333,0.2966666666666667,0.4933333333333332,0.645,0.5266666666666667,0.0483333333333333,0.1775,0.6966666666666667,0.2658333333333333,0.3858333333333333,0.4925,0.1608333333333333,1,53714,2184,92
W6OXvnrq5fA,1.4,0.61,0.0,0.78,0.0,0.25,0.03,0.65,0.0,0.0,0.96,1.03,0.58,0.0,0.0,0.0,0.0,1,252330,10690,450
W7D9L49Ez-U,1.79,2.28,0.41,2.08,0.54,0.155,0.0,0.835,1.59,0.06,0.0,0.0,0.0,0.095,1.85,0.53,0.0,2,387060,12565,301
W7I3qmSf9NI,0.8792857142857143,0.2792857142857143,0.2842857142857143,0.78,0.3978571428571428,0.47,0.1228571428571428,0.7685714285714286,0.4871428571428571,0.6985714285714285,0.6364285714285715,0.3314285714285714,0.1571428571428571,0.2057142857142857,0.6050000000000001,0.7428571428571429,0.1821428571428571,1,97360,4076,209
W7Uxblb_Sxg,0.29,0.0,0.1333333333333333,0.6833333333333332,0.7566666666666667,0.2699999999999999,0.2533333333333333,1.03,0.9366666666666666,0.3133333333333333,0.73,1.0433333333333332,0.29,0.2799999999999999,1.2466666666666666,0.3666666666666667,0.4666666666666667,1,26600,964,90
W9OyX8n8cRk,1.76,0.52,0.0,0.02,1.08,0.0,0.0,0.82,1.77,0.84,0.0,0.0,0.0,0.0,2.27,0.14,0.23,0,36045,1604,155
W9a4a1WXAuM,0.04,0.0,0.86,0.1,2.7,1.85,1.36,2.98,2.97,1.77,0.0,0.0,0.0,0.0,2.97,0.91,0.0,0,14429,219,43
WHhcj9jYdL8,0.185,0.0,0.215,0.14,0.315,0.21,0.7999999999999999,0.295,0.025,1.28,0.995,1.075,1.13,0.0,0.0,0.76,0.11,1,21724,1421,87
WI-TR7Ljjas,1.255,0.6699999999999999,1.665,2.6950000000000003,0.16,0.375,0.0,0.5,0.365,0.44,0.74,0.3,0.89,0.0,0.57,0.235,1.055,1,1424137,36672,1681
WJSH3isKuoA,1.356666666666667,1.68,0.2166666666666666,1.6866666666666663,0.02,0.0,0.06,0.1099999999999999,0.0233333333333333,0.0,0.52,0.2799999999999999,0.1433333333333333,0.0233333333333333,1.2933333333333334,0.7400000000000001,0.0,2,47499,1997,80
WL89vihzjjk,0.72375,0.30625,0.7875,0.92375,0.6799999999999999,0.85125,0.3825,0.62,0.7725,0.315,0.4,0.55,0.1425,0.1962499999999999,0.67625,0.435,0.40875,1,428465,17478,742
WPW7Xsq8toA,0.0,0.0,3.26,0.0,0.52,2.49,2.07,0.22,0.0,0.0,0.0,0.0,0.0,0.0,1.45,1.62,0.0,1,315544,23499,987
WQIFuWt7KzM,0.36,0.0,1.3199999999999998,0.205,0.155,0.985,0.075,0.685,0.0,0.6,0.62,0.675,0.04,0.0,0.75,0.0,0.02,1,206474,13706,1363
WQdhMmfJAoc,0.2249999999999999,0.15,0.4,1.93,0.285,0.0,0.495,0.58,0.0,0.0,0.725,0.625,0.0,0.0,0.0,0.8600000000000001,0.04,1,63924,2372,62
WRHwXkLghAQ,0.445,0.0,1.06,0.03,0.73,2.005,0.53,0.01,0.73,0.555,1.13,2.275,2.545,1.085,0.33,0.185,0.825,1,10549,657,40
WS8eYFLtwSY,0.0,0.0,0.705,0.455,1.82,0.615,1.0,1.505,1.215,1.975,1.185,0.54,0.08,0.19,0.66,0.465,0.0,0,3597,257,26
WUfRtk1F6ps,0.0,0.0,1.135,0.0,1.855,1.805,1.645,0.53,1.22,1.36,0.455,0.0,1.1949999999999998,0.55,0.41,0.235,0.175,0,46255,1316,182
WWyZKkQecY4,0.474,0.0,0.19,0.3,1.31,1.006,0.072,0.5820000000000001,1.6,2.054,0.24,0.094,0.7,0.146,0.984,0.096,0.192,0,160958,7703,942
WX0t13vt5h4,0.8375,0.1675,0.6975,0.4725,0.1925,0.5675,0.1125,0.83,0.025,0.225,0.69,1.4125,0.2825,0.17,0.4625,0.3225,0.115,1,409197,15103,531
Wb74SmzO0Hg,1.79,0.57,0.0,1.22,0.0,0.0,0.0,0.15,0.05,0.0,1.29,0.0,0.0,0.0,0.13,0.0,0.0,1,2584,21,0
Wfjhdicwj60,0.0,0.0,2.26,0.0,0.71,1.13,1.01,0.08,0.0,0.41,0.29,0.0,0.0,0.0,0.65,0.31,2.04,1,135225,6378,2562
WhqgEcnZCFI,2.46,0.43,0.63,1.63,1.1,3.0,0.0,0.49,0.88,0.0,1.19,0.19,0.32,0.0,0.0,0.0,0.01,1,4782,352,27
WiwntzOmL8s,0.8466666666666667,0.1566666666666666,0.84,1.0466666666666666,0.1566666666666666,1.32,0.4266666666666667,0.1399999999999999,0.0,0.1366666666666666,2.0466666666666664,1.7433333333333334,1.6666666666666667,0.2666666666666666,0.0,0.3,0.4766666666666666,1,1124,40,33
WkRpk4bxUIc,0.14,0.0,0.48,0.25,2.58,3.05,1.04,1.92,3.14,1.13,0.0,0.0,0.51,0.64,3.15,0.06,0.1,0,5324,566,86
WlMShsAZcvc,0.18,0.0,0.41,1.03,0.6225,1.1925,0.7525,0.6225,0.3899999999999999,0.6525,0.6575,0.02,0.745,0.0,1.0499999999999998,0.4525,0.0,1,121617,3995,146
WlQiV5soGOs,0.9975,1.335,0.0,1.1625,1.0775,0.9625,0.4975,0.9425,1.42,0.76,0.0925,0.0,0.085,0.0425,1.7425,0.0975,0.065,0,16035,897,88
Wmthd_tHH8E,0.5833333333333334,0.2166666666666666,0.4733333333333334,0.51,0.0,0.4333333333333333,0.2599999999999999,0.42,0.2566666666666666,0.0,0.0966666666666666,0.0,0.0166666666666666,0.0733333333333333,0.2733333333333333,0.4633333333333334,0.0033333333333333,1,161161,0,542
Wnc6d-DQpNs,1.735,1.195,0.105,0.96,0.37,0.67,0.56,1.01,0.7,0.425,0.275,0.485,0.0,0.405,1.515,0.56,0.37,2,50577,3106,343
WnlivU5fYD4,1.9466666666666663,2.776666666666667,0.0,1.2433333333333334,0.0,0.0,0.22,0.1233333333333333,0.7866666666666666,0.26,0.0,0.27,0.25,0.0699999999999999,0.41,0.4666666666666666,0.04,2,336,21,8
Wr1PRU25AE0,0.17,0.86,0.0,0.16,0.0,0.0,0.0,0.09,0.0,0.21,0.13,1.56,0.0,0.67,0.05,0.58,0.63,1,87177,1633,135
Wst4kBA9jnQ,0.4183333333333334,0.1983333333333333,0.4916666666666667,0.58,0.0666666666666666,0.4783333333333333,0.5583333333333333,0.3383333333333333,0.3733333333333333,0.0783333333333333,0.2366666666666666,0.29,0.62,0.13,0.0,0.0883333333333333,0.0533333333333333,1,100,3,0
Wv7VO6sSQzM,1.21,0.0,0.0,1.19,0.0,0.0,0.0,0.0,0.4,0.0,0.26,0.0,0.0,0.0,0.66,0.0,0.0,1,5504381,204276,2650
Wx-K2LXrxxM,0.1875,0.0,0.8075,0.2225,0.19,0.5225,0.6074999999999999,0.4575,0.1575,0.26,0.5825,0.9825,0.7475,0.055,0.035,0.2049999999999999,0.1649999999999999,1,1480,92,43
WxudL917gkA,0.125,0.0,0.085,1.625,0.37,1.12,0.0,0.23,0.0,0.21,0.71,0.0,0.0,0.0,1.56,1.52,0.235,1,1959230,47788,3629
Wyu0OCB7dn4,0.286,0.01,0.0,0.5900000000000001,0.68,0.186,0.4939999999999999,0.622,0.572,0.346,0.316,0.8539999999999999,0.182,0.406,0.142,0.13,0.112,1,102793,2050,220
X3csbe8mZnY,0.19,0.0,1.78,0.0,0.2,1.74,0.38,0.28,0.0,0.0,1.03,0.0,2.43,0.0,1.42,0.77,1.51,1,18581,244,86
X6qNGn3QxTU,1.136,0.054,0.0819999999999999,1.2120000000000002,1.292,0.784,0.102,1.33,1.44,1.29,0.12,0.346,1.002,0.296,1.202,0.348,0.2299999999999999,0,147574,6018,721
X7QwsSVQKD4,0.45,0.505,0.955,0.61,0.605,0.835,0.24,0.795,0.965,0.77,0.665,0.11,0.59,0.0,0.875,0.64,1.135,1,1170,96,17
X8n3RZ9pjYo,0.6625,0.12,0.1949999999999999,0.3175,0.6425,0.5575,0.2175,1.105,0.8099999999999999,0.5700000000000001,0.6025,0.35,0.5475,0.1025,0.645,0.0025,0.0,1,16067,470,136
XAOsZHe93LQ,0.235,0.12,0.0,0.0,0.965,0.485,0.0,0.165,1.96,0.0,0.0,0.53,0.0,0.015,1.345,0.0,0.56,1,7896,733,103
XAWlVODAJ5s,1.1257142857142857,0.4771428571428571,0.4014285714285714,0.9214285714285716,0.65,0.6728571428571428,0.2628571428571428,0.7557142857142857,0.7657142857142858,0.2442857142857142,0.1571428571428571,0.21,0.58,0.2042857142857142,0.9871428571428572,0.2514285714285714,0.31,1,33908,3285,599
XBYoFIvcMfo,1.3,1.8166666666666669,0.2433333333333333,0.6233333333333334,0.1666666666666666,0.3066666666666667,0.0,0.46,0.3766666666666667,0.7966666666666665,0.34,0.3633333333333333,0.1866666666666666,0.0,0.6766666666666667,0.3633333333333333,0.13,2,59414,1525,36
XCDR6eJpc0M,1.835,2.31,0.0,3.5,0.595,0.6,0.0,1.065,1.41,1.02,0.05,0.0,0.0,0.0,2.0,0.73,0.04,2,166939,6292,498
XCnOh8Vp4fA,1.89,0.21,0.0,0.33,0.74,0.0,0.69,1.82,0.91,0.76,1.18,0.0,0.0,0.0,1.99,1.03,0.0,1,18356,1876,346
XF3-hRlrfNQ,0.45,0.26,0.0,2.64,0.41,0.0,0.69,0.0,0.0,0.0,4.7,0.0,0.0,0.0,0.72,0.0,1.51,1,5762,541,38
XGxXwtHmpK4,0.0,0.0,0.344,0.284,0.148,1.276,0.4979999999999999,0.2619999999999999,0.354,0.414,0.2339999999999999,0.212,0.446,0.214,0.2719999999999999,0.244,0.52,1,183146,6724,562
XHgxISMPs5M,1.59,1.41,0.0,0.0,0.0,0.35,0.13,1.77,0.0,0.0,0.99,1.28,0.67,0.0,1.07,0.52,1.29,1,656543,17426,1871
XI0AsIl2bZ0,1.17,0.0,0.26,0.27,1.215,2.035,0.79,1.485,0.945,0.725,0.09,0.0,0.01,0.34,1.105,0.27,0.165,0,1432146,37684,3651
XIMQ5o2to_s,0.432,0.0,0.564,0.432,0.5740000000000001,0.922,0.416,0.974,0.94,0.648,0.136,0.1139999999999999,0.568,0.032,1.26,0.104,0.142,1,79017,4983,350
XKOs_p60BHs,0.7766666666666667,0.4116666666666667,0.1433333333333333,1.08,0.0,0.0,0.0,0.2883333333333333,0.1433333333333333,0.4049999999999999,0.005,0.0,0.1266666666666666,0.035,0.9433333333333334,1.3216666666666663,0.0,1,59510,2703,68
XMPOW5DS71Q,0.73,0.62,0.0,0.0,1.26,1.93,0.0,1.22,1.99,0.94,0.0,0.29,0.03,0.26,0.4,0.56,0.54,0,13802,102,11
XMfnDnulMLo,0.0,0.0,0.0,0.0,1.47,2.25,0.09,2.61,2.59,0.01,0.0,0.0,0.24,0.0,2.33,0.88,0.0,0,41090,269,17
XONfKXDAtAA,0.81,0.3066666666666667,0.2066666666666667,0.1566666666666666,1.836666666666667,0.9233333333333332,0.7666666666666667,1.8833333333333333,2.48,1.5566666666666666,0.0833333333333333,0.0833333333333333,0.4166666666666667,0.3233333333333333,2.21,0.0,0.5800000000000001,0,290501,7639,554
XOwJsnCILhw,0.81,0.53,0.0,0.0,1.2,1.84,0.0,1.08,2.07,0.98,0.0,0.07,0.0,0.12,0.24,0.05,0.52,0,2263,57,16
XUqomp-z5T8,1.32,1.17,0.0,1.01,1.48,1.03,0.0,1.8,2.2,1.05,0.0,0.0,0.0,0.0,3.16,0.49,0.0,0,45327,1751,338
XdmzMZkk0co,1.66,0.2,0.0,2.51,0.48,1.47,0.0,0.0,0.82,0.0,0.0,1.88,0.0,0.55,0.0,0.0,0.02,1,584467,42473,5579
XfHV3FHwMI8,0.43,0.0,0.51,1.4,0.0,0.49,0.24,1.23,0.0,0.0,0.0,0.14,0.81,0.13,0.89,0.0,0.64,1,1286099,26297,2799
XfagDObAdLk,0.69,0.7266666666666667,0.2666666666666666,0.94,0.8633333333333333,1.0633333333333332,0.4866666666666666,1.5266666666666666,1.22,0.8133333333333334,0.2366666666666667,0.02,0.69,0.0133333333333333,1.2133333333333332,0.7133333333333334,0.0366666666666666,0,4754,159,55
Xfz_kglF6ZU,1.375,0.365,1.45,0.845,1.5750000000000002,1.85,0.215,1.845,1.57,2.635,0.97,0.315,0.0,0.845,2.445,0.585,0.395,0,1254673,46938,2905
Xg7V4R6oiNg,1.97,0.0,0.3,0.0,0.24,0.44,0.0,1.91,0.0,0.0,1.44,0.37,0.24,0.0,1.05,0.0,0.36,1,980739,17833,652
XiAeP_bcYvk,1.2,0.12,1.085,0.5800000000000001,0.0,0.6950000000000001,0.0,1.215,0.895,0.0,0.325,0.04,0.15,0.0,1.5299999999999998,1.255,0.395,1,768,42,28
Xiy9sQRt6Lw,1.15,2.0,0.0,2.11,0.0,0.0,0.0,0.2,0.0,0.04,0.0,0.0,0.0,0.0,0.0,0.59,0.0,2,1031532,27776,5303
XlooH2CLTIk,0.48,0.69,0.0,0.84,1.3199999999999998,1.125,0.48,1.26,1.965,0.93,0.45,0.535,0.0,0.0,1.945,1.225,0.04,0,253706,4935,403
XndDPtkXmTs,0.1,0.0,0.0,0.0,1.84,0.32,0.2,1.54,1.41,1.4,0.06,0.31,0.0,0.0,0.0,0.0,0.56,0,7863,503,30
XoXF-xXxTIQ,1.16,0.0,1.75,0.0,0.55,0.0,0.49,0.0,0.16,1.32,0.0,0.0,0.0,0.0,1.24,1.93,1.48,1,996653,52159,409
XpgFSSrUoro,0.6475,0.07,0.3725,0.5625,0.32,0.59,0.3675,0.38,0.245,0.0,0.435,0.47,0.395,0.11,0.5,0.3775,0.0,1,366313,7204,365
XqQ6QqWzQ7U,1.235,0.475,0.0,0.515,0.23,0.0,0.29,1.105,0.26,0.965,0.555,1.04,0.0,0.355,0.15,1.08,0.0,1,36629,497,51
XuAR0zlllaM,1.78,2.065,0.0,2.545,0.95,0.5,0.04,0.655,1.225,1.01,0.0,0.0,0.0,0.145,1.99,0.78,0.105,2,82422,2088,220
XvUxJAtnxwQ,0.93,0.0,0.0,0.0,2.96,4.29,1.12,1.71,2.7,0.72,0.03,0.0,0.82,0.32,2.24,0.72,0.64,0,1578,77,33
Y11ih1OEszY,0.0,0.0,0.0,2.74,0.0,0.0,0.0,0.0,0.0,0.0,0.59,0.0,0.3,0.0,0.0,1.14,0.0,1,84065,3288,841
Y1zJSJiK2Mk,1.09,1.125,0.38,0.745,1.625,1.09,0.18,2.07,2.205,0.49,0.16,0.35,0.0,0.085,2.105,0.6950000000000001,1.45,0,36838,1319,110
Y2VvAiXtP_Y,0.68,0.76,0.0,0.0,1.21,2.12,0.0,1.12,1.97,1.02,0.0,0.29,0.18,0.11,0.38,0.0,0.7,0,12615,159,19
Y3GdJZiemDk,0.7300000000000001,0.0,0.128,0.436,0.542,0.826,0.2279999999999999,0.208,1.082,0.682,0.09,0.0,0.648,0.12,0.558,0.536,0.018,1,123789,2565,359
Y3XKpz8C_bM,0.43,0.0,1.25,0.0,1.3199999999999998,2.675,1.07,1.015,1.045,0.955,0.215,0.0,0.8599999999999999,0.005,1.295,0.7350000000000001,0.295,0,50453,1883,222
Y8-4rbZnrIk,0.7275,0.35125,0.1912499999999999,1.41,0.5625,1.43,0.25625,0.55375,0.36,0.55375,0.40125,0.18,0.8412499999999999,0.03625,0.805,0.2875,0.1025,1,31571028,729629,52180
YCFNwp8TH90,0.65,0.0,0.0,0.0,1.08,0.38,0.0,0.6,1.05,0.35,0.0,0.0,0.0,0.0,0.0,0.15,0.0,1,1004941,18416,9173
YE6BquBXgmo,1.665,0.09,0.09,0.105,2.385,2.1,0.52,1.565,1.475,1.6749999999999998,0.485,0.26,0.115,0.955,1.5650000000000002,0.0,0.875,0,33868,2748,359
YFOx5_ozQH8,0.35,0.44,0.395,0.0,0.7999999999999999,1.35,0.43,0.6849999999999999,0.7449999999999999,0.72,0.395,0.0,1.605,0.0,0.89,2.43,0.68,1,1839490,26764,1473
YJn6kJcDDTA,0.425,0.0,1.045,0.01,0.61,1.39,0.855,0.82,0.75,0.815,0.065,0.0,0.16,0.0,1.55,1.86,0.005,1,7836689,251987,49681
YJpqmd1FM_8,1.445,0.105,0.7525,0.4775,1.245,1.55,0.3725,1.1025,0.77,0.5525,2.065,0.34,0.7025,0.0225,1.8775,0.515,0.3,1,203654,10205,585
YK8hGMfNgzE,0.7066666666666667,0.4216666666666666,0.02,0.4316666666666667,0.4266666666666667,0.465,0.2533333333333333,0.5983333333333333,0.4883333333333333,0.61,0.2383333333333333,0.3266666666666666,0.4533333333333333,0.265,0.1616666666666666,0.3016666666666667,0.0,1,262,0,45
YLPogsvk7ew,0.87,0.0,0.79,0.0,0.16,0.0,0.1,0.92,0.18,0.83,0.32,0.33,0.0,0.0,0.0,0.0,0.5,1,1442,20,2
YMblJMX0G40,0.85,0.2925,0.185,0.8075,0.1725,0.25,0.12,0.83,0.5800000000000001,0.4275,0.255,0.0,0.3125,0.0,0.32,0.3125,0.0,1,9057,565,126
YNjvhHBsX9M,0.19,0.0,0.0,0.0,1.52,0.43,1.16,2.26,1.76,0.0,1.31,0.29,0.83,0.0,2.04,0.0,0.0,0,26700,1328,107
YO49D7SH130,0.765,0.565,1.395,0.8,0.0,0.285,0.145,0.08,0.0,0.13,1.135,0.1,0.23,0.0,0.435,0.36,0.0,1,14212,298,25
YQ5Jv4x_Hp0,0.5716666666666667,0.36,0.7316666666666666,0.125,0.355,1.0066666666666666,0.235,0.6916666666666668,0.8583333333333334,0.165,0.1533333333333333,0.0249999999999999,0.1966666666666666,0.0183333333333333,1.0066666666666666,0.4766666666666666,0.0016666666666666,1,65974947,1287954,39247
YQGnYrAuHi8,1.335,0.58,0.64,0.38,2.1950000000000003,2.425,0.03,2.485,2.68,1.08,0.0,0.0,0.0,0.09,2.0700000000000003,0.0,0.28,0,64084,2928,97
YR0ftQ2eIis,2.48,2.92,0.93,2.17,0.0,0.0,0.0,0.64,0.49,0.0,0.0,0.0,0.0,0.0,0.21,1.3,0.76,2,114091,2340,246
YSVXbP18z0Y,3.35,4.67,0.0,2.48,0.04,1.67,0.0,0.0,1.4,0.55,0.01,0.0,0.11,0.0,2.58,1.91,0.01,2,697725,33009,3165
YUxJ-pihbXc,3.19,1.93,0.38,2.81,1.45,0.98,0.0,2.02,1.72,0.74,0.88,0.0,1.8,0.0,4.54,0.35,0.0,2,321091,13453,1018
YVEXxOhYjrA,0.895,0.655,0.0,0.855,0.44,1.03,0.0,0.585,1.285,0.325,0.19,0.09,0.15,0.0,1.405,0.5800000000000001,0.16,1,4146,147,10
YY0-yK2SRi4,0.0,0.0,0.31,0.0,2.32,2.64,0.79,1.27,2.33,1.81,0.18,0.62,0.68,1.06,0.55,0.44,0.0,0,8249,297,58
Y_iMpzLuUUQ,0.71,2.73,0.27,3.51,0.0,0.0,0.44,0.0,0.35,0.0,0.37,0.0,0.0,0.0,3.86,2.33,0.0,2,38846,2777,300
YafWN3flXTU,1.0133333333333334,0.0566666666666666,0.9483333333333333,0.3316666666666666,0.7683333333333334,1.086666666666667,0.3583333333333333,0.9983333333333334,0.975,0.9433333333333334,0.7833333333333333,0.4516666666666666,0.4733333333333333,0.1183333333333333,0.9433333333333334,0.615,0.8116666666666666,1,186111,6955,307
YdUNrsq6eTE,2.41,0.57,0.69,0.99,0.46,2.61,0.0,0.19,0.46,0.0,0.59,0.07,0.0,0.0,0.0,0.0,0.0,1,5938,412,47
Yfu02WSFtR0,0.9825,0.725,1.1675,1.62,0.495,0.835,0.27,0.8999999999999999,0.5975,0.2875,0.5125,0.5825,0.4225,0.0,1.195,0.6749999999999999,0.07,1,261208,10250,365
YhL6ZF2luIc,0.0,0.92,0.0,1.32,0.56,0.0,0.54,0.0,0.07,0.0,2.82,1.68,0.0,1.71,0.0,0.0,0.39,1,413,24,4
YhVy0eZdUb8,0.425,0.27,0.0,1.38,1.395,1.995,0.11,0.825,1.175,0.0,1.6,1.045,0.28,0.4499999999999999,0.85,0.485,0.39,1,706492,15277,1648
Yk-C5nmpVIQ,0.825,0.82,0.0,0.0,1.265,2.03,0.325,1.73,1.89,0.69,0.35,0.705,0.6950000000000001,0.245,1.58,0.53,0.165,0,3706,241,55
YkPiTga-xNI,0.0,0.0,0.0,0.75,3.38,2.77,0.19,1.71,3.66,1.92,0.0,0.0,0.04,0.0,2.79,0.0,0.38,0,681142,9951,505
YwLkZXeGCDI,0.2799999999999999,0.2339999999999999,0.7060000000000001,0.764,0.5660000000000001,0.364,0.42,0.3299999999999999,0.212,0.652,1.238,0.4,0.482,0.458,0.392,0.936,0.138,1,25616,1267,74
Z-N_NyiQhbY,0.41,0.0,1.46,0.0,1.56,0.0,0.41,2.95,2.27,3.01,0.59,0.25,0.0,0.0,2.1,0.4,0.0,0,9572,34,5
Z2h_Jj0ahGc,0.79,0.0,0.4,0.415,1.245,1.3,0.045,0.6,1.28,0.0,0.55,0.07,0.5900000000000001,0.0,0.17,0.06,0.46,1,2057228,20497,1214
Z5EEYQ-lepE,2.1725,1.75,0.84,2.7,0.0,0.0,0.0,0.365,0.225,0.1725,1.29,1.18,0.0,0.01,0.05,0.1475,0.0,2,1054,0,111
Z5koqfgUcls,0.0,0.0,0.0,0.0,1.87,1.15,1.08,1.92,1.71,0.44,0.07,0.0,0.68,0.0,2.25,0.0,0.0,0,1393981,33693,2209
Z7RIYLXahfE,0.0,0.0,0.23,0.0,0.43,0.0,0.0,0.95,1.87,0.55,0.0,0.0,0.0,0.0,3.47,0.68,3.46,0,2276,304,9
Z8g0zOt_c9g,2.01,1.0,0.24,1.9,0.15,0.0,0.0,0.33,1.28,0.66,0.38,1.26,2.2,0.37,0.0,0.0,0.0,2,724345,24606,2060
Z9M_EQ3hszQ,0.615,0.78,0.4599999999999999,1.355,0.77,1.21,0.355,1.14,1.455,1.745,0.335,0.255,0.03,0.095,0.34,0.0,0.295,1,10509,579,20
ZB1JAWYtIbg,0.74,0.0,0.14,0.25,2.63,3.94,2.55,2.25,2.03,1.9,0.0,0.0,0.0,0.0,5.0,0.0,0.0,0,46943,0,252
ZCUtAYlt-eA,0.9755555555555556,0.2355555555555555,0.7333333333333333,1.0766666666666669,0.2133333333333333,0.55,0.1455555555555555,0.6322222222222222,0.4311111111111111,0.3955555555555555,0.4522222222222222,0.61,0.1155555555555555,0.0,0.4077777777777778,0.8655555555555555,0.1211111111111111,1,149272,3885,96
ZDNvw9fsmMg,1.385,0.9883333333333332,0.1149999999999999,1.0066666666666666,2.0483333333333333,1.9383333333333328,0.2483333333333333,2.0466666666666664,1.94,0.9066666666666666,0.9966666666666668,0.0499999999999999,0.3849999999999999,0.835,2.5033333333333334,1.4283333333333337,0.0333333333333333,0,12155,903,106
ZDQP4SRfrpg,1.5,1.99,0.0,0.29,1.43,0.8,0.0,1.66,3.18,1.4,0.07,0.0,0.0,0.0,2.6,0.95,0.0,0,63194,2136,174
ZEVLabGmE9w,0.0,0.0,0.0,0.0,1.76,1.76,0.9,1.295,2.1900000000000004,1.215,0.0,0.06,0.09,0.17,1.46,0.46,0.37,0,630389,9414,803
ZFpnR0xpdRI,0.58,1.36,0.0,1.49,0.0,0.64,0.17,1.01,0.19,0.0,0.06,0.0,0.0,0.0,0.0,0.0,0.0,1,18587,0,82
ZHxnWGnmTEk,0.4955555555555555,0.7100000000000001,0.0,1.261111111111111,1.1255555555555556,1.0666666666666669,0.3111111111111111,0.9288888888888888,0.8977777777777778,0.7355555555555555,0.4422222222222222,0.0,0.7822222222222223,0.0066666666666666,1.1577777777777778,0.1888888888888888,0.0055555555555555,1,105533,5180,201
ZIrqsRSprnY,0.23,0.0,0.76,1.02,1.655,1.44,0.49,2.31,1.675,1.545,0.64,0.0,0.49,0.215,1.545,0.48,0.235,0,17213,944,131
ZKC2DpeBaOw,0.0,0.25,0.92,0.0,0.0,0.69,0.36,0.0,0.02,0.0,0.28,0.0,0.72,0.0,0.67,0.0,0.34,1,915,39,0
ZKv35nYm5aw,0.0,0.0,0.0,1.47,0.0,0.0,0.98,0.41,0.39,0.0,0.0,1.6,1.03,0.65,0.0,0.0,0.0,1,2920,113,28
ZLZYGufLzE4,3.09,1.27,0.0,0.0,0.45,0.0,0.0,0.71,0.52,0.93,0.14,0.39,0.38,0.13,0.0,0.0,0.0,2,3251,83,21
ZLfzADdFjMQ,0.64,0.0,0.0,0.26,0.0,0.38,0.0,1.05,0.99,1.27,0.82,0.19,1.29,0.0,1.24,1.19,0.69,1,3266,314,38
ZMHdMN0B3QI,0.945,0.57,0.635,0.5349999999999999,0.76,0.885,0.43,1.375,0.715,0.995,0.29,0.535,0.0,0.055,0.0,0.74,0.085,1,65736,3830,331
ZMHvYD5TXb4,0.8857142857142858,0.3885714285714285,0.0357142857142857,0.8228571428571428,0.8457142857142858,0.4542857142857142,0.1442857142857143,0.7142857142857143,0.7342857142857142,0.3728571428571428,0.4914285714285714,0.0,0.2042857142857142,0.4828571428571428,0.5599999999999999,0.2042857142857143,0.0,1,369298,4491,772
ZPZD8BZjXX4,0.98,0.74,0.0,0.0,1.24,1.92,0.0,1.06,1.95,1.03,0.0,0.07,0.0,0.18,0.32,0.0,0.59,0,6441,107,7
ZPgfFMFylaY,0.965,1.29,0.75,0.8400000000000001,0.0,0.285,0.0,0.78,1.165,1.225,0.48,0.095,0.0,0.18,0.935,1.365,0.38,1,209416,5571,150
ZTiFnGBMgKU,0.575,0.2525,0.835,0.3375,0.44,0.9675,0.3375,0.795,0.455,1.83,0.895,0.035,0.605,0.405,0.8875,0.74,0.47,1,60701,2628,438
ZUWFIXxkWhs,2.32,1.03,1.12,0.42,0.26,0.55,1.53,1.39,0.77,0.0,1.35,0.0,1.42,0.0,0.48,0.0,0.0,1,789,77,34
ZWGDjgZ76q8,0.0,0.0,0.0,0.55,0.0,0.0,0.285,0.0,0.67,0.375,0.31,0.0,0.04,0.0,1.025,0.0,0.0,1,779,28,57
ZWTRWKPcndE,0.6875,0.5499999999999999,0.5125,0.8374999999999999,0.01,0.3175,0.235,0.31,0.0,0.185,0.53,0.37,0.0125,0.015,0.3575,0.255,0.115,1,4180,205,65
ZXJ1Ebsux4g,1.29,1.155,0.0,1.24,0.145,0.0,0.22,0.355,0.55,0.07,0.105,0.0,0.0,0.085,0.855,0.0,0.4599999999999999,1,134294,5403,418
ZXRChhajpic,0.3,0.1525,0.08,0.3875,0.105,0.375,0.005,0.7550000000000001,0.18,1.135,0.7425,0.6925,0.2775,0.2675,0.5449999999999999,1.245,0.1925,1,837,33,12
Z_hNMcayu2A,0.0,0.0,1.69,1.47,0.74,0.0,0.0,0.0,0.0,0.0,3.86,1.37,0.8,0.0,0.82,0.0,0.0,1,1888443,32580,4976
ZcyO-ggx5tQ,0.142,0.0,0.272,0.0419999999999999,1.3139999999999998,0.792,0.458,0.954,1.15,0.36,0.944,0.332,0.5740000000000001,0.212,1.356,0.478,0.012,1,1571218,47093,5040
ZdELq23qUTQ,0.462,0.0,0.232,0.45,0.446,0.428,0.0839999999999999,0.306,0.292,0.386,0.026,0.016,0.382,0.058,0.4019999999999999,0.718,0.36,1,420117,12568,760
ZddfrVMyJH8,1.21,0.0,0.8733333333333334,1.4933333333333334,0.2333333333333333,0.5933333333333334,0.4833333333333333,0.0,0.21,0.34,0.59,0.1233333333333333,0.3733333333333333,0.3933333333333333,0.2733333333333333,0.0,0.0366666666666666,1,2622,0,4
ZfRf8dyBgBg,1.36,0.0,0.04,0.78,1.99,0.0,1.55,3.0,3.62,1.32,0.42,0.0,0.0,0.0,1.87,0.77,0.48,0,317,39,26
Zih_iGT9wM8,1.485,0.0,0.045,0.6,1.3650000000000002,0.63,0.335,0.8,1.07,0.71,0.0,0.0,0.64,0.16,0.8150000000000001,0.0,0.0,1,7766,628,50
ZiyjvKUTBjA,1.2,0.825,0.0,0.46,1.73,2.065,0.745,2.02,2.225,1.385,0.735,0.05,0.79,0.0,2.14,0.18,0.145,0,573394,8250,2155
ZjZ9hap6gGI,1.07,0.0,0.53,1.84,0.0,1.75,0.52,0.63,0.0,0.03,0.55,0.31,0.0,0.0,0.39,0.0,0.0,1,2836,0,26
Zo6TM_iRyJc,0.175,0.495,0.0,2.04,0.0,0.0,0.0,0.14,0.0,0.08,0.245,0.235,0.0,0.4,0.13,1.06,0.0,1,96509,4898,203
ZvEL7DCJs5k,0.8200000000000001,0.51,1.31,0.105,0.0,0.0,1.105,0.065,0.0,0.0,2.5,0.31,0.0,2.99,0.025,3.01,0.5700000000000001,1,11871,141,0
ZvRGNzNuUx8,0.6366666666666667,0.085,0.8183333333333334,0.8666666666666667,0.0933333333333333,0.1,0.01,0.1966666666666666,0.36,0.2783333333333333,0.3883333333333333,0.8783333333333334,0.3266666666666666,0.2233333333333333,0.015,0.5583333333333333,0.3533333333333333,1,30231,969,84
Zw9Cj-bT-5U,0.1133333333333333,0.1133333333333333,0.0,0.18,1.4666666666666668,1.5833333333333333,0.8333333333333334,1.21,1.2466666666666666,0.6699999999999999,0.1266666666666666,0.4599999999999999,0.08,0.3333333333333333,1.7566666666666668,1.21,0.0,0,212460,4963,364
ZwpVhNFsfPM,0.65,0.21,0.0,0.0,0.49,0.9,0.91,1.78,0.23,0.0,0.2,0.0,0.0,0.0,2.68,1.07,1.32,0,26264,1437,205
ZxL58tCcTOQ,0.4833333333333334,0.0733333333333333,0.0,0.1166666666666666,0.0,0.0,0.2033333333333333,0.49,0.3366666666666666,0.6033333333333334,0.43,0.7933333333333333,0.3833333333333333,0.0,0.25,0.7200000000000001,0.6133333333333334,1,39840,1746,55
_0flcFZKaH8,0.57,1.36,0.0,0.18,0.21,1.43,0.0,0.28,2.24,1.58,0.0,0.0,0.33,0.0,0.87,0.01,0.09,0,876290,36328,5977
_1IE7uMo8iU,0.53,0.62,0.0,0.48,0.93,1.78,0.66,0.0,1.84,0.0,0.17,0.0,0.66,0.0,2.76,1.37,0.25,0,3120,127,5
_3hVuFqtGA8,0.8233333333333333,0.4733333333333333,0.1433333333333333,0.5533333333333333,0.2166666666666666,1.1466666666666667,0.3666666666666667,0.7233333333333333,0.7266666666666666,0.9733333333333332,0.1866666666666666,0.0,0.7166666666666667,0.0,0.8333333333333334,0.38,0.4233333333333333,1,125035,3666,166
_4SSzYOzkG0,0.9066666666666666,0.0,0.13,0.5733333333333334,0.47,0.04,0.0533333333333333,0.9966666666666668,0.3066666666666667,0.38,1.356666666666667,0.57,0.5766666666666667,1.0266666666666666,0.79,0.11,0.1766666666666666,1,319446,9995,1328
_5ZwLBjVJ30,1.2175,0.5725,0.1125,1.27,0.2275,0.1999999999999999,0.0,0.7525,0.6025,0.615,0.39,0.3025,0.0725,0.0275,0.435,0.5325,0.3175,1,289433,9224,336
_79OZZQRZN4,1.2,0.0,1.18,0.0,0.185,0.82,0.07,0.905,0.47,1.08,0.325,0.85,0.785,0.04,0.165,0.0,0.585,1,1046267,23978,607
_8WB6DhU0PE,1.255,0.48,0.375,0.5950000000000001,0.265,0.525,0.0,0.13,0.555,0.925,0.27,0.8,0.945,0.115,0.515,0.915,0.74,1,15897,1095,331
_AWKKCUJnk0,2.69,2.86,0.0,3.11,0.19,1.02,0.0,0.96,0.88,0.73,0.65,0.85,0.72,0.0,0.9,0.72,0.0,2,94156,4249,346
_DWXlySq7p4,1.315,0.035,0.395,0.745,0.11,0.565,0.0,0.38,0.385,0.715,1.235,0.475,0.0,0.63,0.325,0.73,0.185,1,9476,832,143
_GbBvDWLMn4,0.515,0.72,0.1625,1.3575000000000002,0.3825,0.7675000000000001,0.6525000000000001,0.925,0.7450000000000001,0.2675,0.395,0.32,0.0525,0.0825,0.8525,0.8374999999999999,0.435,1,31802,1479,280
_HSQsi3Ol-Q,1.65,1.68,2.22,1.3,0.0,0.81,0.65,1.0,0.01,0.0,0.0,0.75,0.0,0.0,0.31,0.54,0.0,2,9535,621,43
_I8wNd_0Cng,0.26375,0.12625,0.445,0.4225,0.8075,1.165,0.33875,0.63125,1.07,1.08375,0.27375,0.05875,1.0125,0.11375,0.76125,0.27125,0.08,1,419,3,3
_IjUsVx6WVg,1.14,0.435,0.33,0.57,0.385,0.585,0.97,0.55,0.4,0.0,1.255,2.5,0.0,0.0,0.56,0.755,0.0,1,23809,1218,99
_M3ScFB7d8w,3.14,1.02,2.24,4.61,0.0,1.68,1.13,1.21,0.0,0.0,1.86,0.11,0.2,0.0,2.67,0.0,0.0,2,96346,2099,177
_MRKWqd3L3w,0.0,0.0,0.12,0.095,1.525,1.405,0.625,1.25,1.62,0.055,0.0699999999999999,0.0,0.515,0.0,0.89,0.39,0.13,0,4134,36,5
_NDGwUzXNFM,0.595,0.0,0.445,0.5800000000000001,0.7849999999999999,0.46,0.57,0.58,0.58,0.0,0.405,0.0,0.0,0.25,0.95,0.0,0.285,1,28347,1454,179
_NM4uI_ntX8,0.5566666666666666,0.8233333333333333,0.3833333333333333,1.11,0.11,0.4466666666666667,0.51,0.83,0.6366666666666667,0.34,0.4066666666666667,0.0266666666666666,0.0,0.02,0.3799999999999999,0.3333333333333333,0.2033333333333333,1,190231,4824,224
_N_a7oVNfrg,1.605,2.44,0.215,2.51,0.86,1.115,0.135,1.5550000000000002,1.335,1.225,0.455,0.395,0.285,0.0,2.165,1.44,0.0,2,3175,280,57
_NzvNZ-dMuA,0.89,0.03,0.0,0.61,1.8,0.74,1.04,1.51,1.36,0.1,0.0,0.0,0.0,0.05,2.07,1.08,0.0,0,115481,4508,262
_SqrtpMVLOc,0.6307692307692307,0.4115384615384615,0.6246153846153847,1.0723076923076922,0.0815384615384615,0.2869230769230769,0.1515384615384615,0.2784615384615385,0.2553846153846154,0.2946153846153846,0.2953846153846153,0.2692307692307692,0.2330769230769231,0.053076923076923,0.6569230769230769,0.5576923076923077,0.2015384615384615,1,139987,4893,147
_U68ozbzkqg,2.15,2.06,0.0,2.38,1.42,0.88,0.0,1.525,0.95,0.96,2.31,2.04,0.91,0.345,0.945,1.52,0.0,2,31084,1945,151
_UgMjYOmuZI,0.9442857142857142,0.3228571428571428,0.7914285714285715,1.0342857142857145,0.3642857142857142,0.25,0.1928571428571428,0.722857142857143,0.7285714285714285,0.5214285714285715,0.4228571428571429,0.1028571428571428,0.52,0.0271428571428571,0.3842857142857143,0.06,0.4171428571428571,1,256463,9214,581
_VyIplCMi4A,1.86,1.33,0.0,2.42,1.31,1.23,0.86,2.81,2.22,0.05,0.17,0.0,0.45,0.29,1.5,0.92,0.04,2,3659,383,162
_XGyyuBHo0o,0.57,0.0966666666666666,0.8466666666666666,0.4833333333333334,0.88,0.51,0.2766666666666666,0.86,1.0833333333333333,0.17,0.15,0.0,0.23,0.0,2.356666666666667,0.6133333333333334,0.0699999999999999,1,203043,12248,2347
_YzEYbX8Ju0,0.32,0.0,0.3916666666666666,0.2633333333333333,0.5516666666666666,1.4633333333333336,0.475,0.7666666666666666,0.9516666666666668,0.2233333333333333,0.1116666666666666,0.03,0.3433333333333332,0.085,0.7399999999999999,0.63,0.0966666666666666,1,293945,6765,638
_aAeGztwbpw,0.6433333333333333,0.9466666666666668,0.0,3.0,0.4533333333333333,0.4599999999999999,0.17,0.86,0.8966666666666666,1.663333333333333,0.11,0.8133333333333334,0.6233333333333334,0.3166666666666666,0.93,1.12,0.0,2,3336,313,73
_axaqyGbSmk,3.3,1.28,2.24,0.28,0.0,0.0,0.0,0.0,0.0,1.92,0.13,0.07,0.0,1.07,0.11,0.0,0.0,2,1535871,53877,7320
_c4HJnpPJJM,0.87,0.59,0.0,0.0,1.25,2.03,0.0,1.06,1.99,1.03,0.0,0.2,0.12,0.06,0.43,0.12,0.68,0,7828,102,11
_eGxfDkte9Y,1.97,0.0,0.62,1.46,0.15,0.0,0.76,1.25,0.88,1.09,0.6,1.77,0.0,0.3,1.07,0.41,0.45,1,0,23538,2159
_fIQurJlK-0,0.98,0.83,0.0,0.55,0.0,0.0,0.0,0.0,0.0,0.0,0.13,0.0,0.0,0.0,0.0,0.0,0.0,1,809909,16084,1840
_imBxendSy4,0.715,0.65,0.0,0.44,0.295,0.075,0.0,0.605,0.3,0.435,0.005,0.0,0.0,0.0,0.41,0.42,0.0,1,4221,361,54
_iwYr_FG9f8,2.59,0.0,1.06,1.72,0.0,0.0,0.22,0.0,0.0,2.0,0.26,0.6,0.0,0.0,0.47,0.27,0.36,1,398930,28874,1302
_jiVtXsfupo,1.2366666666666666,0.1833333333333333,1.02,1.0233333333333334,0.3266666666666666,0.6233333333333334,0.1466666666666666,0.8099999999999999,0.64,1.06,0.45,0.38,0.0,0.1933333333333333,0.4033333333333333,0.7666666666666666,0.0,1,6654136,128964,0
_kKm-OqzmWs,2.73,0.9,0.55,1.88,2.13,3.83,0.76,0.84,1.28,0.6,0.89,0.37,3.32,0.99,0.76,0.0,0.0,0,1541,48,10
_nJkaMeJESU,0.13,0.0,0.0,1.59,0.0,0.99,0.36,0.0,0.0,0.0,1.49,0.51,0.38,0.0,0.0,0.0,0.0,1,607326,11548,603
_o75JPAZM1c,0.7766666666666667,0.3899999999999999,1.02,1.0366666666666668,0.2066666666666666,0.5399999999999999,0.0,0.53,0.69,1.4633333333333332,0.47,0.6633333333333333,0.7333333333333334,0.4200000000000001,0.61,0.59,0.99,1,229923,6654,609
_pKWT4ZcobQ,1.42,0.38,1.285,0.0,0.855,2.065,0.765,1.95,0.83,0.0,0.475,1.345,0.72,0.43,0.0,0.18,0.0,1,169661,3021,192
_q5xGr3Hs04,0.12,0.0,0.0,0.02,1.745,1.085,0.2,1.235,2.805,0.845,0.035,0.0,0.14,0.0,1.905,0.035,0.0,0,5716,313,58
_qWi95cDlAA,0.68,0.0425,0.1325,0.8125,1.3825,1.2875,0.4625,1.09,0.9975,0.5175,0.4475,0.3399999999999999,1.2575,1.1525,1.4500000000000002,0.645,0.0,1,41243,1431,291
_qZsmW5IW20,1.62,1.31,0.0,0.78,1.14,1.87,0.0,3.97,2.64,1.79,0.45,0.0,0.76,0.0,2.08,0.0,0.36,0,18715,1343,105
_qoxcsCD7kw,0.0,0.0,4.0,0.0,0.0,0.0,1.53,0.0,0.0,0.0,0.5,0.36,0.0,0.0,0.0,0.11,2.14,1,84363,2229,167
_sR1cALLCVg,0.0,0.0,0.0,0.0,2.53,1.07,0.0,1.81,2.5,1.76,0.66,0.98,0.89,0.0,0.87,0.07,0.0,0,2330,56,31
_ximeemA3OI,0.9325,0.3125,1.4575,0.4525,0.28,0.6975,0.0,0.7025,0.8525,0.34,0.39,0.485,1.4525,0.01,0.4349999999999999,0.61,0.105,1,4534539,60905,5311
_xuMLlPPhtc,2.05,2.89,0.0,1.92,0.52,0.0,0.0,0.0,1.24,0.55,0.0,0.0,0.05,0.03,1.97,1.22,0.0,2,607388,10621,732
a0Yr4CejPXg,0.5066666666666667,0.4433333333333333,0.0033333333333333,0.75,0.9066666666666666,0.7233333333333333,0.13,0.8666666666666667,0.45,1.2833333333333334,0.15,0.2633333333333333,0.0033333333333333,0.0,1.0599999999999998,0.2833333333333333,0.0,1,68858,2347,196
a1Pd3XPaAuE,0.685,0.0033333333333333,0.1083333333333333,1.0983333333333334,0.4933333333333333,0.43,0.1366666666666667,1.1483333333333334,0.955,0.7983333333333333,0.3216666666666667,0.84,0.5416666666666666,0.3516666666666666,0.6983333333333333,1.085,0.445,1,1391869,45425,2725
a1g3kt4XLfo,0.0,0.0,0.1,0.0,0.895,0.55,0.055,0.8800000000000001,2.115,1.06,0.0,0.0,0.18,0.0,1.81,0.525,0.0,0,70454,3056,388
a1jF-AokfCQ,1.0725,0.3,0.6725,0.3025,0.5974999999999999,1.4575,0.5175,0.7,0.55,0.4075,0.0525,0.0,0.5275,0.1325,0.7925,0.7274999999999999,0.04,1,2031133,58341,0
a8kwJYMSyFI,0.72,0.0,0.355,0.24,1.42,2.055,1.15,0.495,0.31,1.16,0.445,0.35,0.8799999999999999,0.14,0.315,0.3349999999999999,1.005,1,52809,2181,226
a9PyRuEJlbM,0.95,0.98,0.0,0.22,0.0,0.0,0.0,0.0,0.36,0.08,0.17,0.0,0.0,0.12,0.0,0.0,0.0,1,231,10,7
a9ss9hxdc_g,1.885,2.565,0.085,2.19,0.0,0.0,0.0,0.1649999999999999,0.14,0.065,0.06,0.0,0.0,0.0,1.54,0.19,0.04,2,75136,3908,174
aA8hpFdp8rk,0.21,0.0,0.0,0.0,0.72,0.93,1.19,1.35,1.53,2.14,0.0,0.0,0.32,0.0,0.54,0.11,0.03,0,731,0,17
aBBKBpmtfTU,0.335,0.0,0.76,0.0,1.99,1.38,1.285,2.06,2.02,1.62,0.3,0.0,0.375,0.165,2.815,1.365,1.32,0,238890,8011,241
aDAR65Fcp7E,0.7,0.0,1.45,0.1,0.05,0.08,0.39,0.48,1.23,1.86,0.0,0.64,0.42,0.03,0.03,0.0,0.25,1,977,32,0
aDMij0Q5trA,2.08,0.05,0.39,1.52,1.32,2.69,0.0,0.98,1.13,0.34,1.46,0.5,1.61,0.0,0.0,0.0,0.02,1,7219,419,60
aHXJvqCqhyc,0.6,0.3142857142857143,0.6228571428571428,0.8200000000000001,0.33,0.51,0.27,0.6185714285714285,0.38,0.5057142857142857,0.2485714285714285,0.2757142857142857,0.1457142857142857,0.0,0.5242857142857142,0.5157142857142857,0.0,1,149379,4554,166
aIOMYGTHqqA,0.0,0.29,1.29,2.54,0.0,0.0,0.0,0.0,0.0,0.0,0.0,0.0,0.0,0.0,1.37,1.7,0.0,1,833620,20536,1116
aJ3H99d41l0,0.3,0.0,0.0,0.05,2.56,2.16,0.0,3.01,3.0,2.62,0.0,0.0,0.88,0.0,2.49,0.0,0.0,0,2948,161,33
aLXp5M1mdoo,0.92,1.255,0.0,0.085,0.13,0.49,0.0,0.205,0.3,0.0,0.775,0.21,0.27,0.055,0.16,0.16,0.495,1,646439,18832,2729
aNTEtfr81E4,2.16,0.21,1.03,1.4,0.0,0.76,0.0,0.8,0.0,0.0,2.15,0.37,0.0,1.67,0.15,0.77,0.6,1,448,26,10
aPgwD05HHKE,0.0,0.0,0.0,0.0,0.68,0.1,0.74,0.19,0.13,1.1,0.53,2.23,2.17,0.43,0.0,0.0,0.0,1,634,28,14
aRVWwPgSOkk,0.57,1.59,0.0,0.0,0.5,1.11,0.39,0.0,0.78,0.0,0.0,0.0,0.0,0.0,1.99,1.37,0.0,1,221025,4948,855
aRhLGffqjgk,2.02,0.43,1.23,0.75,0.92,3.52,1.14,1.36,0.0,0.0,0.71,0.0,0.0,0.0,2.19,1.68,0.47,0,230590,18860,1872
aSvGcCDoVt0,0.0,0.0,0.0,2.62,0.71,0.0,0.08,0.78,0.41,0.0,0.0,0.0,0.0,0.0,0.0,0.0,0.0,1,11676,582,26
aW1C2JvSSHg,1.14,0.0,0.69,0.07,1.965,3.225,0.76,1.875,2.03,0.6950000000000001,0.285,0.445,0.255,0.34,1.245,0.285,0.105,0,15466,1810,252
aYc5vE28Big,1.11,0.77,0.335,1.62,0.0,0.0,0.0,0.595,0.565,0.0,0.0,0.0,0.225,0.0,1.5950000000000002,2.08,0.0,2,4450672,106384,3922
abYIe3yt2E8,0.69,0.9566666666666668,0.6166666666666667,2.37,0.3933333333333333,0.2933333333333333,0.4266666666666667,0.0666666666666666,0.03,0.2733333333333333,0.2533333333333333,0.1966666666666666,0.2366666666666666,0.0366666666666666,0.5433333333333333,1.1733333333333331,0.0,1,421921,13221,552
acp-2bET9Tk,0.345,0.175,0.0,1.0325,0.3075,0.27,0.0,0.4475,0.695,0.4175,0.0,0.235,0.1225,0.0975,1.0699999999999998,0.47,0.225,1,368358,15222,1062
affyMammfp4,0.38,0.16,0.145,0.38,0.92,0.585,0.77,0.18,0.19,0.345,1.37,0.17,0.6699999999999999,0.3,0.59,1.67,0.0,1,129642,3501,344
afsIRMFQR3U,0.66,0.2033333333333333,0.9333333333333332,0.8533333333333334,1.3666666666666665,2.3866666666666667,0.7133333333333333,1.2966666666666666,0.7200000000000001,0.1466666666666666,0.9433333333333334,1.106666666666667,0.2166666666666666,0.97,0.7200000000000001,0.9666666666666668,0.0,1,38169,1675,174
aiF84sKG90U,1.2,1.85,0.275,0.46,0.245,0.5549999999999999,0.135,0.455,2.44,0.29,0.055,0.415,0.0,0.115,1.89,1.835,0.485,2,10952,1023,107
aiWO5CxPUXk,1.0125,0.4275,0.28,1.9625,1.38,0.78,0.295,1.265,1.5375,0.7725,0.0325,0.2475,0.3425,0.19,1.315,0.3575,0.0,0,42120,2053,281
aj6yPs9Z5sc,0.0,0.0,0.05,0.0,2.67,3.65,1.05,2.07,2.2,1.18,0.0,0.0,0.37,0.9,2.45,0.0,0.0,0,910,77,70
alFcZ3YZSig,0.41,0.0,0.59,0.5066666666666667,0.48,0.7733333333333333,1.2366666666666666,1.0166666666666666,0.5433333333333333,0.8099999999999999,1.4500000000000002,1.6666666666666667,0.0,0.0999999999999999,0.95,0.27,0.0,1,3437151,32098,6635
anOwLiXRa5w,0.0,0.0,0.24,0.14,1.565,2.095,1.105,2.45,1.89,2.005,0.015,0.0,0.435,0.0,2.685,0.3399999999999999,0.0,0,40010,1801,295
anSOkTr4ugk,0.0,0.0,0.305,0.06,0.0,0.0,0.26,0.035,0.675,0.115,0.47,0.7,0.0,0.25,0.0,0.0,0.21,1,4945,165,44
apd8JY86i4s,1.105,0.4,0.76,1.7950000000000002,0.285,1.085,0.895,0.675,0.225,0.0,1.48,0.42,0.0,0.36,0.0,0.715,0.0,1,1218,119,12
asVHaM9QXzQ,0.0,0.0,1.3,0.0,2.0,2.12,1.32,1.72,1.98,1.87,0.0,0.0,0.0,0.12,1.59,0.0,0.0,0,4728,334,88
ata_KjyCz4M,0.82,0.0,0.19,0.0,0.87,0.0,0.0,0.9,1.16,0.0,1.25,1.79,2.52,0.55,0.22,1.05,0.0,1,2182,79,3
auC65HEaRQI,0.605,0.36,0.3075,0.2274999999999999,2.2625,2.28,0.65,1.9725,2.14,0.8425,0.11,0.1,0.0,0.1,1.7925,0.03,0.1075,0,357937,12820,455
avVOKbL4dpI,0.445,0.0,0.0,0.205,1.08,2.295,0.375,0.65,0.83,0.77,0.79,0.67,0.375,0.445,0.42,0.185,0.4499999999999999,1,7932,534,88
b21dwnHHSig,0.365,0.0,0.0,0.57,2.7350000000000003,0.755,0.225,1.295,1.88,0.0,0.045,0.0,0.24,0.085,1.41,0.0,0.0,0,11742,1180,306
b2BiKjTyqII,1.596666666666667,0.0866666666666666,0.7999999999999999,0.2533333333333333,0.6233333333333334,0.6633333333333334,0.5233333333333333,1.1866666666666668,0.63,1.49,0.3333333333333333,0.0066666666666666,0.5766666666666667,0.04,0.82,0.7866666666666666,0.0733333333333333,1,282431,9203,361
b2OS-bv_9ts,0.94,0.0,0.0,2.06,0.0,0.0,0.0,0.0,0.0,0.0,1.23,2.11,0.0,0.16,0.0,1.08,0.0,1,42913,1603,293
b4lIezLc0ZY,1.05,0.0,1.21,1.21,0.0,3.4,0.0,0.0,0.0,0.0,1.2,0.26,0.0,0.0,0.87,0.0,0.14,1,14864,461,84
b6qUzEN6--g,0.0,0.0,2.2,2.51,0.0,0.0,0.0,0.0,0.0,0.0,0.0,0.0,0.0,0.0,1.2,1.32,0.0,1,142660,5077,165
b9oguyK0IPQ,1.365,0.94,0.87,0.5249999999999999,2.365,1.94,1.095,2.29,2.395,1.075,0.0,0.0,0.155,0.0,2.135,0.785,0.015,0,21991,683,73
bAn0qP3BHcI,1.1775,0.055,0.5925,0.3875,1.34,0.0425,0.33,0.9125,1.295,1.0175,0.155,0.0875,1.2174999999999998,0.1124999999999999,1.1625,0.065,0.11,1,601,16,4
bDhhBLga2I0,0.0,0.0,0.215,0.92,0.7799999999999999,1.95,0.055,1.52,1.58,0.305,0.26,0.0,0.275,0.29,1.24,1.505,0.0,0,47458,991,60
bGpXVxq_7iU,0.8859999999999999,0.1,0.0,0.364,1.174,0.836,0.208,0.65,1.146,0.6,0.104,0.098,0.714,0.176,0.492,0.0,0.36,1,276334,22111,437
bH_TiXuz5ng,0.4,0.0,1.105,0.545,1.545,0.765,0.105,1.7399999999999998,2.51,0.78,0.0,0.0,0.5900000000000001,0.0,2.695,0.0,0.595,0,65281,2371,182
bHa9LfG38bA,0.355,0.0,0.155,0.1825,1.6625,0.87,0.3075,1.685,2.2225,1.05,0.0275,0.0,0.545,0.06,1.9575,0.4825,0.21,0,332340,11313,455
bJyXT6HK7Us,1.17,0.2466666666666666,0.3633333333333333,0.8533333333333334,0.1866666666666666,0.3333333333333333,0.4266666666666667,0.7866666666666667,0.5066666666666667,0.5766666666666667,1.6833333333333331,1.1333333333333333,0.0,1.6666666666666667,1.2100000000000002,1.88,0.0,1,44829,1846,201
bKCr62Dk7Us,2.42,2.17,0.0,3.59,0.0,0.59,0.0,0.0,0.0,0.0,0.74,0.0,0.0,0.0,0.0,0.0,0.0,2,31780,1344,147
bPUI6knEB7w,0.6699999999999999,0.0,0.28,1.27,0.6366666666666667,0.4866666666666666,0.42,0.7966666666666667,0.17,0.8266666666666667,1.7233333333333334,1.2033333333333334,1.0,0.82,0.6166666666666667,0.3433333333333333,0.0,1,40952,1786,135
bQdfoCTjU7E,1.4233333333333331,0.1566666666666666,0.2833333333333333,0.15,0.3666666666666667,1.0266666666666666,0.4666666666666666,1.58,0.7733333333333333,1.0433333333333332,0.5666666666666667,0.2733333333333334,0.61,0.0,1.7933333333333337,0.6633333333333333,0.2066666666666666,1,508166,23239,3829
bRLJhD0Js5U,1.18,0.94,0.18,0.345,0.73,1.4449999999999998,0.405,1.375,0.245,0.79,0.5900000000000001,0.82,1.14,0.28,0.48,1.025,0.0,1,23777,908,154
bSaPw3r8lkc,0.5266666666666667,0.2333333333333333,0.2666666666666666,0.24,0.5766666666666667,1.0799999999999998,0.32,0.8366666666666666,0.4266666666666667,0.8300000000000001,0.06,0.29,0.6900000000000001,0.1733333333333333,0.58,0.3799999999999999,0.2866666666666667,1,733419,25439,1531
bTLMJvuPbZc,1.92,2.51,0.0,3.19,0.57,1.95,0.0,2.07,2.14,0.94,0.37,0.0,0.62,0.33,1.95,0.0,0.0,2,331,39,32
baIR7eMg5Ug,0.0,0.0,0.56,0.0,2.15,2.62,0.6,2.03,2.29,1.92,0.0,0.0,0.09,0.33,1.59,0.0,0.0,0,5152,569,104
bbHLfaq8LzQ,1.645,1.065,0.825,1.13,0.0,0.0,0.345,0.075,0.0,0.0,0.33,0.785,0.465,0.155,1.03,1.45,0.685,2,125857,5993,498
bbkUGFFjX_c,0.0,0.0,0.86,0.0,1.455,2.12,0.6,0.89,1.335,0.6,0.33,0.825,1.25,0.22,0.6699999999999999,0.8300000000000001,0.0,0,110,25,6
bfn9tndD9iM,2.48,1.67,0.0,2.15,0.0,0.0,0.0,0.0,0.0,0.0,0.0,0.0,0.02,0.0,1.9,0.07,0.0,2,6884,446,42
biJBN1vOIDA,0.725,0.52,0.0,2.76,0.865,0.69,0.0,1.345,1.585,0.16,0.0,0.0,0.085,0.19,1.215,0.255,0.0,2,5311,305,35
bj4tLSZnIqM,1.3,2.62,0.0,2.67,0.74,2.2,1.44,1.83,1.81,1.25,1.36,0.0,0.0,3.63,4.77,1.65,0.0,2,232319,9023,1768
bkjKixwujk0,2.74,1.53,0.4,1.01,0.69,0.7,0.0,1.82,1.16,0.0,0.0,0.0,1.09,0.0,2.26,2.33,0.19,2,8153,683,83
bqO6iZcLrv4,0.1399999999999999,0.0,0.0,0.775,1.175,2.47,0.28,1.205,1.595,1.21,0.025,0.0,0.045,0.04,1.89,0.945,0.0,0,1327804,8576,543
bsTb5vMw1dQ,1.27,0.8600000000000001,0.11,1.23,0.47,2.46,0.92,0.74,0.62,0.8400000000000001,1.085,0.8049999999999999,0.37,0.575,0.49,0.0,0.155,1,39426,1155,220
btEYK52Dwsc,0.53,0.0,0.915,0.0,2.105,2.54,0.765,2.26,2.035,0.735,0.36,0.285,0.875,0.0,1.855,0.77,0.8150000000000001,0,1682,61,8
bwQ1ifGRKGY,1.01,0.49,0.6733333333333333,0.0333333333333333,0.65,0.4133333333333333,0.5366666666666667,1.11,1.1,0.21,0.0,0.0,0.2633333333333333,0.0,2.4166666666666665,0.66,0.7733333333333333,1,202995,6783,120
bwp3C1HRCzk,0.5377777777777778,0.1944444444444444,1.002222222222222,0.3822222222222222,0.7344444444444445,0.96,0.5855555555555556,0.5011111111111111,0.6244444444444445,0.9233333333333332,0.5466666666666666,1.0844444444444443,0.7755555555555556,0.26,0.5055555555555555,0.5211111111111111,0.4944444444444444,1,83769,3234,555
bxU3BHbt4ZY,0.37,0.05,0.0,0.22,1.68,2.29,0.0,1.45,1.65,0.64,1.17,0.97,2.98,0.0,1.54,1.69,0.61,0,675363,21588,1442
by4HzfWRbT4,0.92,0.0,1.68,0.0,2.4,2.06,1.14,1.74,1.59,1.67,0.0,0.02,0.0,0.54,0.2,0.0,0.2,0,4089,116,45
byOqHHUBlVg,1.48,2.24,0.98,1.48,0.97,0.51,0.92,0.84,1.04,1.62,0.32,0.0,0.33,0.0,2.2,0.46,0.0,2,16172,998,17
bzjxxzxdeuM,1.3166666666666669,1.58,0.6733333333333333,1.21,0.5066666666666667,0.0,0.3366666666666666,0.8466666666666667,0.2533333333333333,0.7733333333333333,0.0,0.1733333333333333,0.3433333333333333,0.11,0.6633333333333333,1.1900000000000002,0.2366666666666666,2,54157,3672,200
c-fijV9L28k,0.7175,0.0,0.0575,0.6950000000000001,1.505,0.7575,0.4525,0.88,1.3,1.725,0.4449999999999999,0.6275,1.39,0.2925,0.91,0.7475,0.125,0,1378,98,33
c12zRnFUTdo,1.23,1.97,0.0,2.29,0.22,0.58,0.03,1.46,0.81,0.51,0.06,0.59,0.0,0.0,2.04,1.56,0.0,2,4117080,71624,7183
c185R3zpFQk,0.4966666666666666,0.7833333333333333,0.26,0.6622222222222223,0.1288888888888889,0.8666666666666667,0.1277777777777777,0.4322222222222222,0.3355555555555555,0.0,0.5133333333333333,0.1744444444444444,0.5266666666666667,0.0188888888888888,0.7666666666666667,0.7377777777777778,0.0733333333333333,1,31260,622,49
c4kMjhSt73k,0.0,0.0,0.0,0.0,1.7799999999999998,2.865,0.465,1.705,2.705,0.855,0.03,0.0,0.025,0.0,1.78,0.1,0.0,0,25840,1018,495
c64OjV9lNvw,1.413333333333333,0.3733333333333333,0.5966666666666667,0.4966666666666666,0.6766666666666666,1.1133333333333333,0.3166666666666666,0.0,0.6033333333333334,0.2366666666666666,0.0,0.01,0.1233333333333333,0.0533333333333333,0.6066666666666667,0.0333333333333333,0.49,1,374348,17554,2122
cANij8_TIdI,2.11,1.23,0.0,2.12,0.0,0.0,0.0,0.0,0.0,0.46,0.67,0.0,0.0,0.0,1.81,2.28,0.0,2,6748,227,29
cBXHIQdKWBM,0.41,0.0,0.27,0.0,2.145,2.02,0.375,1.235,1.585,0.695,0.02,0.0,0.33,0.0,2.48,0.38,0.0,0,17562,242,68
cCGGFF_fq8k,0.5599999999999999,0.2114285714285714,0.6985714285714286,0.7485714285714286,0.5257142857142857,0.7242857142857143,0.6442857142857142,0.6014285714285714,0.65,0.8899999999999999,0.0957142857142857,0.0042857142857142,0.38,0.0257142857142857,0.5142857142857143,0.4957142857142856,0.09,1,15017,440,40
cDa3rn2haL4,0.57,0.52,0.2133333333333333,1.5700000000000005,0.0,0.0,0.0466666666666666,0.0866666666666666,0.1033333333333333,0.0,0.2799999999999999,0.0,0.0933333333333333,0.1399999999999999,0.3066666666666667,0.2266666666666666,0.0066666666666666,1,22637,1096,54
cDaBzBo6JOU,1.54,0.74,0.34,1.37,0.41,1.97,0.75,1.54,1.67,1.55,0.0,0.0,0.0,0.0,0.3,0.0,0.0,0,13854,510,100
cDfcwMk03SU,0.0,0.0,0.0,0.04,1.77,0.99,1.69,2.94,1.89,1.7,0.51,0.0,0.63,0.0,3.32,0.41,0.42,0,1736359,72198,2229
cFSIBImwMR0,1.71,0.0,0.0,0.95,1.11,0.0,0.35,0.9,2.0,2.65,0.08,0.18,2.66,0.15,1.69,0.0,0.28,0,393007,7817,247
cFWKWEGIiOc,0.52,0.585,0.0,0.3399999999999999,1.515,0.92,0.445,2.2750000000000004,2.69,1.025,0.045,0.295,0.045,0.0,2.365,0.48,0.0,0,94843,8915,1041
cHc0025eF_4,0.3625,0.0175,0.1175,1.55,0.12,0.0,0.1375,1.075,0.765,0.615,0.48,0.1325,0.8675,0.1775,0.085,0.05,0.1,1,370288,4890,553
cMKx2sNhyfo,0.32,0.11,0.57,0.0,0.71,0.595,0.545,0.675,1.28,1.08,0.0,0.05,0.33,0.345,0.77,0.185,0.245,1,1233,54,27
cMfqUT8RW80,0.03,0.09,0.01,0.0,0.905,1.555,0.66,0.72,1.145,0.8600000000000001,0.66,0.0,0.64,0.0,1.39,0.69,0.485,0,1651,65,16
cNJDwmEiie8,3.37,2.73,0.0,0.44,0.0,0.0,0.0,0.0,0.0,0.0,0.0,0.77,0.0,0.0,0.0,0.0,0.58,2,140048,3904,366
cNr50q5iEaU,1.35,1.08,0.14,1.66,0.32,0.02,0.035,0.765,0.47,0.19,0.34,0.42,0.48,0.0,0.23,0.51,0.0,2,3054130,29095,6985
cOwDeDzZK0U,0.5875,0.4125,0.3425,1.82,0.055,0.3875,0.3775,0.025,0.0775,0.105,0.18,0.1725,0.1125,0.0,0.3325,1.0325000000000002,0.1075,1,125130,4859,404
cPeu09bCPwA,0.3766666666666667,0.0183333333333333,0.385,0.6716666666666667,0.5366666666666667,1.0133333333333334,0.3349999999999999,0.9683333333333332,0.61,0.5366666666666666,0.6933333333333334,0.0566666666666666,0.5650000000000001,0.0533333333333333,0.9316666666666666,0.6816666666666666,0.0216666666666666,1,50389,1324,132
cQdlPyDBHcw,0.975,0.235,0.725,0.175,1.395,1.365,0.235,1.07,1.495,1.65,0.375,0.0,0.88,0.8799999999999999,1.725,1.045,1.635,0,19189,456,60
cRop2TQOFOw,0.52,0.0,0.5125,0.4125,1.2125,0.325,0.89,0.8200000000000001,1.04,1.0275,0.7474999999999999,0.355,0.7125,0.165,0.975,0.6225,0.4624999999999999,1,17209,814,67
cVkJ6Qn5JNI,0.0,0.0,0.0,0.46,1.27,0.88,1.27,1.82,1.77,1.55,0.0,0.0,0.0,0.0,1.67,0.35,0.0,0,1148,42,33
cW7IXyH60VE,0.3566666666666667,0.2766666666666666,0.215,1.0983333333333334,0.2066666666666666,0.7566666666666667,0.3116666666666667,0.5566666666666666,0.5800000000000001,0.2933333333333333,0.44,0.2833333333333333,0.7216666666666667,0.0,0.6633333333333334,0.35,0.2183333333333333,1,178864,6958,188
cZxCDeyNN0g,0.0,0.0,0.0,0.52,1.19,0.31,0.0,1.34,2.06,1.39,0.0,0.0,0.0,0.0,1.4,0.0,0.0,0,37438,2214,170
cfIkMJHx5RI,2.19,1.305,0.4,0.895,0.35,0.055,0.075,1.64,1.17,1.935,0.415,0.03,0.315,0.0,1.65,0.42,0.63,2,3521334,131060,9484
cfgd4erLBL4,4.51,5.0,0.0,4.41,0.0,0.0,0.0,0.0,1.02,0.0,0.84,0.0,1.23,0.0,3.2,0.0,0.0,2,435910,10472,1693
cgCt4TRvrmo,0.4233333333333333,0.0,0.2466666666666666,0.3166666666666667,0.4666666666666666,2.203333333333333,0.3066666666666667,0.5233333333333333,0.24,0.0,2.096666666666667,0.0,0.09,0.0266666666666666,0.8500000000000001,0.27,0.6533333333333333,1,2390011,47918,5846
ciBt2cteN-U,0.845,0.0,0.04,1.135,0.7949999999999999,0.6599999999999999,0.15,1.15,0.73,0.255,0.325,0.0,0.97,0.0,1.045,0.0,0.045,1,17220,1119,196
cifzQypGnnM,0.7766666666666667,0.42,0.7733333333333334,2.6266666666666665,0.0,0.1633333333333333,0.0,0.0,0.2833333333333333,0.0,0.41,0.0133333333333333,0.0,0.3899999999999999,0.0999999999999999,0.41,0.1133333333333333,1,247546,10115,235
ckgTnTg9TPw,1.1233333333333333,1.1333333333333335,0.3999999999999999,0.6333333333333333,1.58,1.1966666666666663,1.0033333333333332,1.5166666666666666,1.72,2.0,0.0,0.1033333333333333,0.4599999999999999,0.1833333333333333,1.606666666666667,0.2666666666666666,0.13,0,12814,431,74
cm9m-gyMlXs,0.47,0.5,0.89,0.0,0.0,0.0,0.0,0.0,0.0,0.0,0.45,0.0,0.0,0.0,0.08,0.0,1.27,1,20508,1021,394
cmBaWYIfR5c,1.715,1.9425,0.4575,2.595,0.2425,0.175,0.06,0.895,0.47,1.26,0.4449999999999999,0.7075,0.085,0.64,0.87,0.985,0.1,2,630,45,10
cmv5gtLAWPM,1.18,0.0,0.0,0.0,2.24,3.1,0.32,2.95,3.25,1.63,0.0,0.0,0.0,0.41,2.35,0.66,0.39,0,3580,344,53
cnkfymvUoGI,1.085,0.38,0.98,0.425,0.575,2.25,0.235,0.0,0.755,0.0,0.28,0.07,0.855,0.39,1.205,1.65,0.27,1,22299,1136,122
cntVFWMLfFI,0.7833333333333333,0.3133333333333333,0.3866666666666666,0.5,0.66,1.7933333333333332,0.1433333333333333,0.53,0.86,0.6933333333333334,0.01,0.0133333333333333,0.0533333333333333,0.0,0.8366666666666666,0.59,0.0,1,27783,1116,51
coIXi26Ktk8,1.084,0.324,0.052,1.024,0.924,1.152,0.188,1.318,0.904,0.7160000000000001,0.914,0.172,0.588,0.248,0.78,0.446,0.162,1,225461,0,496
coayhixmBBk,0.205,0.0575,0.0,0.7925000000000001,1.2775,1.0025,0.1325,1.17,1.8625,0.7025,0.0,0.0,0.6325,0.0725,1.66,0.6325000000000001,0.0,0,162962,6152,530
cp0wyuBU7Oc,1.485,0.37,1.07,1.38,0.07,0.065,0.0,0.545,0.0,1.08,0.435,0.67,0.375,0.39,0.205,0.385,0.035,1,3149,253,68
crsuIRAr0rE,0.14,0.24,0.775,1.255,0.095,0.0,0.0,1.12,0.49,0.405,0.34,0.02,0.0,0.0,0.75,1.635,0.225,1,313030,8579,703
cwklx0IhAxs,0.25,0.0,0.27,0.1,0.16,0.6,0.0,1.64,1.14,0.0,0.0,0.0,0.0,0.0,2.52,2.23,0.0,1,31025,732,253
d2I4jSEAHyc,1.92,0.23,0.73,0.27,0.0,0.0,0.89,0.41,0.0,0.83,1.36,1.07,0.0,0.13,0.0,3.37,0.0,1,81303,847,89
d3dRw-098OQ,0.095,0.0,0.2775,0.0,2.41,1.255,0.4575,1.1125,1.495,1.6549999999999998,0.42,0.5775,0.92,0.4725,0.0,0.0,0.6325000000000001,0,223,0,76
d5z3vG74xmY,0.9425,0.9525,0.0,1.3625,0.81,0.6325,0.36,1.625,0.375,0.2125,0.855,0.3,0.3425,0.3275,0.8475,1.12,0.0525,1,161501,4415,262
d8Pm0p-g23k,0.0,0.0,0.08,0.0,3.0,2.22,1.9,1.88,3.31,1.09,0.0,0.0,0.33,0.0,2.91,0.28,1.51,0,1549,39,14
dD3jQhawZ7g,0.7436363636363637,0.1018181818181818,0.4209090909090909,0.2863636363636364,0.1418181818181818,0.8027272727272727,0.1781818181818182,0.36,0.3627272727272727,0.3090909090909091,0.5618181818181818,0.4581818181818182,0.6536363636363637,0.2,0.4754545454545455,0.4563636363636363,0.0054545454545454,1,26848,1141,47
dFB91YBhoYY,0.6966666666666667,0.0,0.06,0.4066666666666667,1.24,2.1633333333333336,0.5166666666666667,1.06,1.3500000000000003,0.7033333333333333,0.0,0.0,1.4733333333333334,0.1566666666666666,1.596666666666667,0.75,0.0066666666666666,0,166441,7476,809
dGM9kDXdWcQ,0.0,0.0,0.0,0.0,1.4200000000000002,0.12,0.475,0.96,1.5499999999999998,2.415,0.195,0.705,1.235,0.06,0.545,0.8200000000000001,0.03,0,5002,186,76
dKYTWDErNzo,0.27,0.99,0.36,1.655,0.155,0.0,0.0,0.13,0.285,0.66,0.0,0.0,0.395,0.16,1.61,1.4400000000000002,0.06,1,431362,9340,507
dKcEfMqLatw,0.5971428571428571,0.0271428571428571,0.2328571428571428,0.9085714285714286,0.2457142857142857,0.4614285714285714,0.2471428571428571,0.3528571428571428,0.1742857142857143,0.5085714285714286,0.5014285714285714,0.2042857142857142,0.42,0.2185714285714285,0.2428571428571428,0.8285714285714285,0.0828571428571428,1,74438,2454,140
dLo695R9_oU,0.925,0.345,1.005,1.98,0.27,1.125,0.48,1.27,0.56,0.83,0.0,0.0,0.54,0.0,2.35,0.25,0.0,1,55917,2586,307
dOYkqc9ec1I,1.48,1.65,1.4,1.14,0.0,2.05,0.02,0.0,0.0,0.0,0.0,0.01,0.0,0.0,0.98,1.41,0.44,2,384,9,0
dSpW5Xc180Q,1.3,0.03,0.13,0.0,1.92,1.61,0.17,0.98,2.31,2.58,0.0,0.0,0.44,0.24,3.24,1.24,0.31,0,95874,2423,373
dVWiQDALCoY,0.565,0.0,0.7,1.8,0.0,0.15,0.17,1.705,0.11,0.885,1.02,1.28,0.33,0.195,0.89,0.95,0.0,1,65962,1350,70
dZdOnCkA988,1.34,0.34,0.26,0.16,2.52,1.6466666666666665,0.2066666666666666,2.43,2.0933333333333333,1.0,0.3066666666666667,0.6966666666666667,0.1766666666666666,0.1566666666666666,1.4466666666666663,0.0,0.0,0,6696,735,145
datYaDOz2R8,2.13,2.43,0.0,1.52,0.0,0.0,0.0,0.0,0.42,0.0,0.0,0.18,1.17,0.22,0.0,0.0,0.0,2,47275,1944,179
decQL8TcTPQ,0.13,0.2385714285714285,0.1842857142857143,0.5928571428571429,0.8885714285714286,0.8828571428571428,0.2985714285714285,0.7028571428571428,1.477142857142857,0.7028571428571428,0.0028571428571428,0.0,0.0742857142857142,0.0314285714285714,1.7014285714285715,0.6071428571428571,0.1185714285714285,0,106133,3976,163
dh5czgZJIwo,0.775,1.21,0.23,1.92,0.02,0.405,0.0,0.105,0.875,0.7,0.0,0.0,0.135,0.0,2.22,0.715,0.0,2,451563,14073,1443
dlHS2kdmxNE,0.3666666666666667,0.0633333333333333,0.2633333333333333,0.2533333333333333,0.8416666666666667,1.14,0.1216666666666666,0.7466666666666667,1.5666666666666669,1.03,0.0033333333333333,0.0483333333333333,0.4166666666666667,0.1316666666666666,1.0933333333333335,0.3733333333333333,0.0,0,23657,693,177
doapxNsSkrY,2.03,0.28,0.0,0.98,0.21,0.97,0.0,0.0,0.44,1.3,1.53,0.0,0.0,5.0,0.0,0.0,0.0,1,111686,0,326
dqB5LB7i-30,1.455,0.03,1.73,0.0,2.6500000000000004,1.88,0.615,2.625,2.895,0.695,0.0,0.08,0.18,0.2,2.66,0.18,0.03,0,18,1,0
dtq3cGT8MGM,0.65,0.0,0.09,0.0,0.06,2.38,1.9,1.89,0.0,0.49,0.67,1.88,0.0,0.0,1.03,0.28,1.62,1,1556202,41007,4084
dtzX0da4h9k,0.6679999999999999,0.098,0.3259999999999999,0.562,0.89,0.2219999999999999,0.4319999999999999,0.7340000000000001,1.486,0.4519999999999999,1.388,0.036,0.6699999999999999,0.034,1.584,0.3179999999999999,0.562,1,5541828,41536,2075
dumd2OhjSFI,0.3,0.0,0.0,0.0,0.2,0.09,1.13,1.2,0.0,0.0,0.0,0.0,0.2,0.35,0.0,0.0,0.0,1,3404,201,41
dvbJCDZuWhc,0.09125,0.16625,0.20875,0.62,0.3425,0.46875,0.37,0.1624999999999999,0.37,0.35,0.31375,0.59625,0.12125,0.2025,0.115,0.18125,0.04,1,251002,8748,270
dwaGrJ65gUg,0.54,0.3366666666666666,0.7866666666666667,0.9833333333333334,0.02,0.2233333333333333,0.4533333333333333,0.21,0.0,0.0,0.0533333333333333,0.0,0.0,0.0,0.8866666666666667,0.9166666666666666,0.5066666666666667,1,590753,14594,593
dy-A9_Vr7OI,0.2266666666666666,0.12,0.1833333333333333,1.055,0.4749999999999999,0.3466666666666667,0.1333333333333333,0.445,0.7566666666666667,0.48,0.1316666666666666,0.0,0.0066666666666666,0.0783333333333333,1.345,0.3733333333333333,0.0683333333333333,1,40436,1442,105
dzg9C7KsP4M,0.49,0.395,2.535,0.0,0.65,1.4,0.76,1.475,0.395,0.54,0.595,0.0,1.29,0.0,3.08,2.155,0.23,0,640386,17438,563
e0pA38VUHEs,1.275,0.36,0.56,0.5900000000000001,0.545,1.265,0.31,0.815,0.125,1.065,0.855,0.31,0.665,0.0,0.43,1.77,0.0,1,6863,481,15
e2W9UaVhsX0,0.81,0.375,0.34,0.415,3.3200000000000003,2.445,0.43,2.8200000000000003,3.385,1.965,0.0,0.0,0.0,0.25,3.25,1.765,0.0,0,16663,2452,825
e5mAUbRosCY,0.3296153846153846,0.0115384615384615,0.2407692307692307,0.5261538461538462,0.5226923076923077,1.2853846153846151,0.4061538461538462,0.2515384615384615,0.3607692307692307,0.4907692307692307,0.7507692307692307,0.86,1.1715384615384616,0.5880769230769232,0.1053846153846153,0.4476923076923077,0.1907692307692307,1,750,51,43
e7eggKProwI,0.4772727272727273,0.25,0.5581818181818181,0.8472727272727273,0.4027272727272727,0.3972727272727273,0.2927272727272727,0.2772727272727273,0.6181818181818182,0.5445454545454544,0.4327272727272727,0.4781818181818181,0.3363636363636363,0.0709090909090909,0.5218181818181818,0.1072727272727272,0.0563636363636363,1,4453,417,40
e8d-RyhSehM,2.37,1.63,0.77,0.0,1.41,0.0,0.4,0.54,0.74,2.26,0.19,2.02,1.35,0.85,0.83,0.0,0.97,1,212590,7541,1027
eB_2R_Pockc,1.03,0.92,0.0,0.0,1.09,1.52,0.0,1.12,1.94,0.45,0.0,0.0,0.0,0.0,1.43,0.34,1.01,0,6944,489,192
eFu2w2KX4ss,0.86,0.0,0.945,1.3050000000000002,0.32,0.27,0.72,0.135,0.0,0.015,1.46,0.305,0.0,0.205,0.285,1.74,0.17,1,84078,2595,53
eJukunJZDU8,1.61,0.85,0.44,0.41,0.19,0.0,0.0,3.21,0.0,0.0,0.42,0.0,2.43,0.0,1.61,0.79,0.98,1,1451298,26267,1059
eKPzWxJ4nKI,0.5,0.0,0.0,0.34,0.0,0.32,0.0,0.0,0.0,0.0,0.85,0.74,0.0,0.0,0.0,0.75,0.0,1,154870,4262,231
eOyIpRJqw20,1.95,0.22,1.29,0.88,0.93,0.0,0.9,0.78,1.05,0.87,0.0,0.0,0.0,0.12,2.32,1.86,0.0,1,10915,1207,110
eQgF7_x5fmY,1.27,1.39,0.0,0.23,0.92,0.11,0.76,1.84,2.1,0.74,0.08,0.0,0.75,0.0,3.44,0.48,1.89,0,1537,94,87
eSjAFI-wdic,1.6933333333333334,2.286666666666666,0.0,3.0933333333333337,0.3,0.3866666666666666,0.0266666666666666,0.9366666666666666,1.1266666666666667,0.7000000000000001,0.0,0.0,0.0,0.0999999999999999,1.393333333333333,1.01,0.1566666666666666,2,29062,1609,83
eTx-r4ZI0Q0,1.075,0.405,0.34,0.65,0.645,1.645,0.0,0.53,0.92,0.0,0.26,0.0,0.2,0.0,1.04,0.165,0.0,1,28869,1870,193
eUmMxxACvLU,0.64,0.0,0.0,0.0,2.61,2.54,0.0,2.95,3.65,2.02,0.0,0.0,0.39,0.51,3.54,1.65,0.1,0,29910,1538,237
eUxW9-M-cHU,0.96,0.5166666666666666,0.3966666666666666,1.35,0.2633333333333333,0.0,0.0,0.0933333333333333,0.2166666666666666,0.3699999999999999,0.12,0.11,0.0333333333333333,0.0,0.8633333333333333,0.8666666666666667,0.2566666666666666,1,60309,3617,243
eYvf1qMp5pQ,0.775,0.61,0.0,0.395,1.14,0.915,0.37,1.44,1.41,0.0,0.0,0.0,0.0,0.0,2.25,1.365,0.81,0,262244,9957,1500
ecv6X5ZWGnQ,0.5449999999999999,0.0,1.215,0.045,1.295,1.425,1.385,1.6,1.38,1.12,0.495,0.0,0.15,0.325,1.64,0.935,0.115,0,1239,29,0
eiP4XJAsrLY,1.55,2.53,0.0,1.0,2.15,0.0,0.18,2.2,1.69,0.0,0.05,0.0,0.0,0.0,2.02,0.8,0.0,2,417255,12513,1121
ejnZYVzPPLw,2.21,3.22,0.22,2.13,0.82,1.65,0.05,0.09,0.71,0.0,0.0,0.0,0.0,0.0,2.25,0.47,0.0,2,4374,79,137
emt2OKarVZM,1.74,0.805,0.0,1.605,0.375,1.205,0.005,0.0,0.405,0.0,0.5,0.445,0.77,0.3,0.0,0.6,0.215,1,1755,62,44
eqqVFOvtOcs,0.585,0.31,0.0,0.0,2.315,2.695,0.18,2.125,2.84,1.015,0.0,0.0,0.035,0.245,2.215,0.65,0.0,0,8064,303,163
euOfRk3mInE,0.51,0.2375,0.225,1.08,0.7925,1.42,0.1775,0.9475,1.135,0.9725,0.4375,0.855,0.3525,0.265,0.1275,0.1175,0.0075,1,332578,3741,318
evIUyVRHfIc,0.1899999999999999,0.29,0.45,1.4233333333333336,0.5666666666666667,0.7999999999999999,0.8700000000000001,0.7133333333333334,0.6966666666666667,0.3166666666666666,0.2433333333333333,0.2733333333333333,0.0,0.0,0.86,0.6133333333333333,0.0,1,78854,3936,123
evTFGDVlQ4s,0.304,0.076,0.3219999999999999,0.524,0.618,0.364,0.078,0.3379999999999999,0.304,0.086,0.208,0.0,0.0,0.0,1.076,0.972,0.294,1,1083821,27519,2222
exB--zv3N4U,0.28,0.64,0.0,0.34,0.0,0.0,0.0,0.05,0.21,0.0,0.0,0.0,0.0,0.0,0.05,0.26,0.0,1,213365,2243,272
eyydfWC9N_w,0.0,0.0,0.0,0.38,2.19,2.245,2.25,1.635,1.6,1.045,2.62,0.0,0.015,2.5,2.765,2.925,0.645,0,73434,3674,705
f0rq_-Wupeg,0.49,0.2925,0.06,0.385,0.68,0.5425,0.55,0.7725000000000001,0.71,0.26,0.2075,0.0,0.1025,0.0,1.1775,0.6625,0.0225,1,761,10,0
f16ujuGgXOo,1.2533333333333332,0.8833333333333333,0.5866666666666666,2.223333333333333,0.0,0.0,0.0,0.0,0.0,0.0,0.1399999999999999,0.3999999999999999,0.0,0.12,0.5166666666666666,0.9533333333333333,0.0,2,35593,1902,123
f3uXJY4HiIk,0.45,0.2083333333333333,0.36,0.3466666666666667,0.3533333333333333,0.625,0.17,0.7166666666666667,0.6183333333333333,0.365,0.415,0.5733333333333334,0.0716666666666666,0.05,0.525,0.08,0.425,1,9755,804,39
f4AsvKY-wBk,3.17,1.98,0.9,3.95,0.53,0.63,0.0,0.82,0.01,0.0,0.63,0.0,1.33,0.0,4.38,1.59,0.0,2,778707,24173,2969
f5fD_oFGdzU,2.81,2.89,0.0,2.42,0.0,0.0,0.0,0.89,1.36,0.64,0.16,0.0,0.0,0.0,1.42,0.01,0.0,2,191433,15391,1520
f6UXRBaKPU0,0.755,0.19,1.5750000000000002,0.0,1.43,1.875,0.21,1.34,1.6649999999999998,0.8,0.65,0.925,1.35,0.4,0.275,0.0,0.6950000000000001,0,177932,3890,366
f706f6KNCEM,1.33,0.0,0.41,0.83,0.0,0.0,0.0,0.0,0.0,0.0,0.17,0.0,0.04,0.0,0.78,0.41,0.0,1,2557,183,10
fA0m-LaA_7c,1.15,0.32,0.58,1.07,0.2,0.5,0.0,0.595,0.16,0.6799999999999999,0.265,1.64,0.315,0.18,0.675,0.45,0.0,1,839075,28683,2415
fBKaY6eD5vs,0.6100000000000001,0.35,0.8999999999999999,0.26,0.545,0.4975,0.315,1.14,0.955,0.9025,0.3325,0.5599999999999999,0.2225,0.0925,0.8875,0.3425,0.035,1,295239,11639,580
fChooDx5q-s,0.455,0.0,1.21,0.11,0.2,0.0,0.555,0.275,0.11,0.4,0.23,0.16,0.03,0.0,0.04,0.0,0.075,1,36122,2160,90
fD8CxHFngFk,0.47,0.0,0.0,1.43,0.0,0.55,0.0,0.21,0.0,0.26,0.91,0.64,0.0,0.0,0.0,0.52,0.16,1,1368000,14569,1420
fGHZBpxJkrw,1.2000000000000002,0.125,0.455,0.59,1.33,1.645,0.595,1.455,1.725,1.89,0.56,0.07,0.375,0.28,2.06,0.25,0.215,0,145335,0,658
fI6f3sGZmz0,0.655,0.135,0.495,0.205,0.63,1.895,0.5650000000000001,0.07,0.825,0.11,0.8350000000000001,2.055,0.41,0.0,0.365,0.27,0.32,1,316748,7606,386
fIi3T50w1KA,0.01,0.0,0.0,0.295,1.26,2.33,0.605,0.6799999999999999,1.99,0.855,0.0,0.055,0.29,0.21,0.85,0.395,0.065,0,24851,1283,147
fJVlMA3Fw_g,0.1328571428571428,0.0,0.0528571428571428,0.0014285714285714,1.1042857142857143,1.304285714285714,0.2285714285714286,1.1757142857142855,1.5257142857142856,1.122857142857143,0.5185714285714286,0.2314285714285714,0.5042857142857143,0.2014285714285714,1.1385714285714286,0.16,0.0928571428571428,0,116203,5344,302
fJZ0IQQBOvw,0.38,0.0,0.29,2.07,0.14,1.19,0.0,0.8,0.05,1.11,0.84,0.0,1.56,0.0,0.43,1.93,0.19,1,106618,4813,756
fKW8cSIw50A,0.67,0.0,0.0,0.425,0.26,0.0,0.0,0.0,0.4599999999999999,0.65,0.0,0.0,0.735,0.015,0.0,0.0,0.085,1,923,64,13
fL56kvqw9K4,0.76,1.285,0.0,1.84,0.0,0.0,0.05,0.285,0.61,0.25,0.16,0.615,0.225,0.08,0.39,0.725,0.055,2,57136,1912,94
fLuv234IqaI,1.2766666666666666,0.59,1.3,0.7833333333333332,0.7600000000000001,0.8766666666666666,0.6699999999999999,1.1833333333333331,1.1233333333333333,0.86,0.0733333333333333,0.2433333333333333,0.5066666666666667,0.2266666666666666,1.1966666666666663,0.4533333333333333,0.8233333333333333,1,4388,59,4
fOE4NCgK4DI,0.0,0.0,0.725,0.0,2.865,1.9425,1.6175,1.965,2.3675,1.9175,0.125,0.165,0.6825,0.0475,1.625,0.0,0.205,0,4336,256,98
fSExytZS5Qo,0.035,0.0,0.0,0.0,2.445,1.88,0.04,2.66,1.93,2.03,0.0,0.735,0.41,0.2,2.0,1.325,0.62,0,10036,655,129
fTdNG9dhoBY,1.16,0.5,0.0,2.28,0.0,0.0,0.06,0.0,0.01,0.0,0.78,1.26,0.57,0.85,0.0,0.0,0.0,1,39413,2220,316
fTnaZwbgRCE,1.23,0.835,0.55,2.02,0.475,0.735,0.31,1.45,0.865,0.0,0.66,0.93,0.275,0.0,2.19,0.025,0.085,2,118437,7182,330
fVZqyIJNmbg,0.93625,0.065,0.4825,0.87875,0.475,0.64125,0.1925,0.44125,0.67125,0.6799999999999999,0.65625,0.42625,0.90875,0.11375,0.5700000000000001,0.355,0.15625,1,17902,1016,55
fXg9Ybo0P-M,2.52,2.49,0.0,0.94,0.0,0.0,0.0,0.0,0.17,1.33,0.0,0.0,0.4,0.15,0.86,0.0,0.72,2,2841,32,10
fZ4XAWBDpFc,0.0,0.0,0.46,0.0,0.18,0.82,0.59,0.46,0.04,0.23,0.0,0.0,0.39,0.0,0.16,0.0,1.19,1,1301263,34059,1627
f_zPPqUdWCg,0.36,0.0,0.22,0.16,1.23,1.5,0.98,1.86,1.17,0.79,0.16,0.15,0.0,0.0,0.9,0.0,0.09,0,50766,0,488
ffK6oaXh3Z8,0.7355555555555555,0.36,0.3588888888888888,0.7222222222222222,0.4333333333333333,0.4733333333333333,0.1877777777777777,1.0255555555555556,0.6666666666666666,0.4411111111111111,0.2155555555555555,0.2711111111111111,0.3788888888888889,0.0288888888888888,0.6755555555555556,0.55,0.22,1,59238,4213,206
ffZ2Hqxc_Bg,0.4833333333333333,0.1133333333333333,0.52,0.4533333333333333,0.6266666666666666,1.5466666666666666,0.65,0.7466666666666667,0.8666666666666667,0.3666666666666667,0.5566666666666666,0.09,0.2533333333333333,0.0733333333333333,0.64,1.1233333333333333,0.0866666666666666,1,56517,2265,236
fg-aZiawDDI,0.25,0.25,0.0,1.66,1.52,0.23,1.07,0.71,1.18,0.0,0.0,0.0,0.0,0.0,0.12,0.0,0.0,1,113297,9788,1167
fi-1XRsB_CM,1.0499999999999998,0.0422222222222222,0.4133333333333333,0.3122222222222222,0.5055555555555555,0.5455555555555556,0.2122222222222222,0.9555555555555556,0.9888888888888888,0.5499999999999999,0.2155555555555555,0.0733333333333333,0.3422222222222222,0.0644444444444444,0.3888888888888889,0.2722222222222222,0.1444444444444444,1,30216,1071,166
firToZ3-2uk,0.7633333333333333,0.31,0.5366666666666667,1.1866666666666668,0.0633333333333333,0.0733333333333333,0.3766666666666666,0.8866666666666667,0.1966666666666666,0.6233333333333333,0.3333333333333333,0.0566666666666666,0.1566666666666666,0.0133333333333333,0.0466666666666666,0.18,0.4733333333333333,1,2889,294,30
fldZt4yHDU0,0.3725,0.415,0.1,1.1875,0.8525,0.545,0.19,0.945,1.16,0.815,0.5975,0.5675,0.31,0.005,0.69,0.4424999999999999,0.085,1,313545,11276,336
fltDl3izfLE,0.0,0.0,0.365,0.0,0.43,0.46,0.63,0.12,0.12,0.38,0.58,1.285,0.95,0.275,0.225,0.5700000000000001,0.33,1,64266,2672,565
fp19JCP2pCs,2.84,0.82,1.17,2.68,0.64,0.4,0.0,0.0,0.0,0.0,1.22,0.3,2.09,0.0,0.0,0.0,0.0,2,750209,24143,3965
fqJRKSNryFU,0.2433333333333333,0.02,0.0416666666666666,0.2433333333333333,1.0816666666666668,0.645,0.4083333333333334,0.5566666666666666,1.4883333333333333,1.2133333333333334,0.1133333333333333,0.0,0.24,0.0,0.8583333333333334,0.0833333333333333,0.06,0,91501,5161,344
frFCKsWidu8,0.0,0.0,1.15,1.3,0.45,0.47,1.4,0.0,0.05,0.53,0.49,1.72,0.16,0.9,0.47,1.96,0.11,1,14550,593,0
ftwXLK-RYvQ,0.25,0.0,0.05,0.0,1.605,1.195,0.085,1.31,2.67,1.17,0.235,0.0,0.0,0.09,1.97,0.41,1.355,0,114425,3156,131
fujA6IeNcZA,1.445,1.14,0.0,1.1,1.435,2.265,0.405,1.43,1.425,0.7,0.46,0.0,0.13,0.07,1.4,0.875,0.0,0,20248,1549,120
fvzcwqQtk4I,0.02,0.0,1.14,0.0,0.07,1.39,0.42,0.0,0.0,0.0,0.32,0.0,1.48,0.31,1.04,0.89,0.0,1,1753,179,167
fwBAEa4VFUc,0.785,0.52,2.14,1.505,1.315,1.5650000000000002,1.175,0.52,0.17,0.425,0.48,1.14,0.7,0.335,1.89,1.225,0.0,1,64498,3305,661
fybqI8z9jhk,1.3233333333333333,1.79,0.3166666666666667,1.9833333333333327,0.36,0.9466666666666668,0.1166666666666666,0.6533333333333334,0.31,0.02,0.1766666666666666,0.0,0.0,0.0,1.403333333333333,0.2866666666666667,0.1833333333333333,2,858907,27758,1604
fzb_OTsJQ9s,1.54,1.51,1.6,0.2,1.55,0.0,0.0,1.6,2.18,2.43,0.0,0.0,0.0,0.73,2.53,0.98,1.93,0,302493,13521,1552
g2QVIR2UGyM,1.26,2.51,0.0,3.23,0.0,0.0,0.0,0.0,0.0,0.0,0.0,0.08,0.0,0.0,0.0,0.22,0.0,2,1344,79,5
g2a8zpm2_Y0,0.8125,0.2625,0.4525,1.385,0.8525,0.54,0.385,0.7875,0.9625,0.68,0.155,0.5575,0.3825,0.04,1.1725,0.7875,0.1625,1,417915,9333,364
g75rWQokYBA,1.245,1.82,0.115,0.4,0.03,1.08,0.0,0.255,0.245,0.21,0.32,0.225,0.345,0.0,0.55,0.335,0.37,1,330,64,41
g7CpdlAtw-M,2.23,1.48,0.0,1.67,0.15,0.58,0.92,1.31,0.0,1.15,1.28,0.16,0.53,0.0,1.52,1.9,0.0,2,17508,655,37
g7H5W79J3fc,0.5950000000000001,0.0,0.175,0.535,0.925,1.4,0.075,1.715,1.06,0.14,0.62,0.595,0.0,0.0,0.665,0.0,0.0,1,145402,0,278
g9c_LPCjA4Y,1.1366666666666667,1.1033333333333333,0.1466666666666666,1.19,0.3833333333333333,0.1933333333333333,0.0433333333333333,0.3066666666666667,0.1233333333333333,0.0,0.0566666666666666,0.4533333333333333,0.7933333333333333,0.0366666666666666,0.6766666666666666,0.5433333333333333,0.0999999999999999,1,1295748,34121,1371
g9lf5YyB4Nc,0.47,0.0,0.0,0.11,1.6349999999999998,0.745,0.0,0.7949999999999999,2.145,1.65,0.0,0.455,0.845,0.495,0.79,0.0,0.0,0,1808448,33252,2238
gC4nON-snQM,0.265,0.0,0.0,0.395,1.5099999999999998,2.705,0.945,2.1,0.74,1.055,0.7000000000000001,1.22,0.535,0.84,1.0,2.095,0.115,0,26414,1741,309
gDc-8jQq9ss,0.71,1.0025,0.0,0.5125,1.02,0.2675,0.4025,0.945,1.595,1.8475,0.3225,0.945,0.5525,0.235,0.7000000000000001,0.375,0.0525,1,21782,1002,75
gESc3obVL1c,0.4983333333333333,0.0825,0.1933333333333333,0.625,0.3458333333333334,0.5733333333333334,0.2233333333333333,0.6941666666666667,0.7883333333333334,0.5258333333333334,0.2266666666666666,0.3116666666666667,0.1924999999999999,0.0225,0.6033333333333334,0.4075,0.0058333333333333,1,114529,3717,137
gEdn370z8Qg,2.17,0.43,0.16,1.48,0.48,1.59,0.0,1.24,0.84,0.09,0.12,0.5,0.0,0.52,0.97,0.64,0.0,2,528,28,1
gFOYVZiyCXA,0.93,0.0,1.57,2.07,0.0,0.0,0.98,0.36,0.0,0.63,1.33,0.07,0.0,0.43,0.09,0.96,0.0,1,6436,519,64
gJ5DDXZtJbE,0.3533333333333333,0.51,0.4733333333333333,0.5766666666666667,0.57,0.3833333333333333,0.13,0.83,1.4666666666666668,1.1766666666666667,0.1366666666666666,0.2433333333333333,0.5833333333333334,0.1233333333333333,0.57,0.64,0.0733333333333333,1,42373,1691,37
gL_3rTTAsoE,0.6766666666666667,0.0,0.61,0.8066666666666666,0.29,0.5066666666666667,0.2233333333333333,0.6366666666666666,0.4933333333333333,0.5566666666666666,0.5166666666666667,0.0,0.63,0.3699999999999999,0.5033333333333333,0.7200000000000001,0.0566666666666666,1,396120,11168,621
gOLEdV2Ry64,0.5599999999999999,0.112,0.3319999999999999,1.0699999999999998,0.688,0.7,0.508,0.704,0.474,0.102,0.726,1.258,0.304,0.3379999999999999,0.432,1.338,0.056,1,95807,2663,1731
gR7AcCJWkiQ,0.2166666666666666,0.9033333333333332,0.5033333333333333,1.913333333333333,0.77,1.51,0.59,1.1833333333333331,1.2866666666666666,0.98,0.45,0.2633333333333333,0.8799999999999999,0.0,2.1633333333333336,1.2233333333333334,0.1399999999999999,0,222404,5825,189
gT9mUbAE0lA,0.97,1.3,0.0,1.2,0.0,0.8466666666666667,0.16,0.13,0.32,0.0,0.5733333333333334,0.6233333333333334,1.0166666666666666,0.4433333333333333,0.6666666666666666,0.3533333333333333,0.1166666666666666,1,207727,11192,775
gTeTykurNzg,0.0,0.0,0.54,0.0,3.95,3.935,2.56,3.04,3.18,1.02,0.0,0.0,0.815,0.015,3.235,1.01,1.47,0,424605,20694,1806
g_u5v6tPnD0,1.272,0.108,0.5700000000000001,0.8219999999999998,0.8620000000000001,1.5559999999999998,0.712,1.3199999999999998,0.6880000000000001,1.6960000000000002,0.426,0.79,0.89,0.674,0.912,0.99,0.438,1,6218,152,7
gcVlJzYshHY,0.77,0.41,0.0,1.2,0.61,0.0,0.07,2.17,0.85,0.79,0.06,0.88,0.0,0.26,0.15,1.67,0.0,1,14463,596,157
gdpF56G4_mo,1.355,0.11,0.0,0.2,0.495,1.515,0.0,0.435,0.905,0.905,0.4,0.02,1.205,0.92,0.15,0.055,0.0,1,21401,1070,16
ge_Aax3qguI,0.655,0.005,0.495,0.0,0.395,1.86,0.925,0.91,0.325,0.18,0.145,0.0,0.135,0.0,0.745,1.07,0.86,1,927978,11710,362
ghVDPDJQOo4,0.758,0.0,0.41,0.6639999999999999,0.6060000000000001,1.0719999999999998,0.744,0.726,0.472,0.05,0.63,0.094,0.196,0.09,0.438,0.624,0.002,1,1073233,25232,2772
ghsdnqHHVUI,5.0,5.0,0.0,5.0,1.96,5.0,0.0,5.0,0.0,3.89,5.0,0.0,0.0,5.0,3.91,5.0,0.0,2,266313,6217,397
gkliaVV_wHk,1.814,1.144,0.296,0.8619999999999999,0.8899999999999999,0.728,0.5579999999999999,0.778,1.0379999999999998,0.22,0.926,0.998,0.0,0.76,1.356,0.046,0.018,1,437155,7533,475
glx5sAPxdvo,1.81,0.0,0.0,0.0,1.59,3.31,1.38,1.31,0.0,3.6,1.71,1.17,1.21,1.77,0.99,0.0,0.07,0,153254,7152,706
gn241YM147E,0.0,0.53,0.0,0.0,1.125,1.975,0.0,0.665,2.35,0.145,0.0,0.0,0.345,0.0,1.55,0.6499999999999999,0.055,0,6038,46,0
gnYEDeL-jys,1.66,2.8,0.0,2.35,0.09,0.35,0.0,0.0,1.12,1.43,0.0,0.44,0.0,0.88,0.18,0.0,0.0,2,10299,731,120
gneWTTqkMb0,0.755,0.53,1.315,1.995,0.755,0.0,0.605,0.805,0.67,0.04,0.545,0.03,0.0,0.335,1.36,0.115,0.1,1,35727,1886,173
gomF10frVJg,1.7033333333333331,0.1666666666666666,0.42,0.7400000000000001,0.2466666666666666,1.6133333333333333,0.2366666666666666,0.2666666666666666,0.3966666666666666,0.0,1.403333333333333,0.5433333333333333,0.0266666666666666,0.0,0.3266666666666666,0.0,0.0,1,6258,466,89
gqwRdGC87hY,0.38,0.0,0.8,0.02,0.715,2.015,1.245,2.185,0.0,0.0,0.755,0.505,0.0,0.11,0.545,0.1,0.505,1,1196324,16857,781
gu3UXQ57Ixc,0.0,0.0,0.0,0.64,0.4,0.0,0.01,1.39,1.01,2.83,1.06,0.0,0.0,4.45,0.14,0.0,0.19,1,9779,121,8
gvZQWaSkUyk,0.787,0.272,0.2469999999999999,0.434,0.404,0.433,0.152,0.639,0.926,0.7289999999999999,0.403,0.109,0.519,0.094,0.631,0.348,0.025,1,218273,9277,306
h3oDBiMbiak,0.8099999999999999,0.0499999999999999,0.0,0.7799999999999999,1.6366666666666667,1.8166666666666669,0.4366666666666667,0.98,1.9566666666666668,0.6933333333333334,0.0,0.0,0.9133333333333334,0.1533333333333333,1.5366666666666668,0.0133333333333333,0.0633333333333333,0,2000,71,40
h4Az7Vp2d5c,0.23,0.0,0.5549999999999999,0.0,2.6900000000000004,1.64,0.425,1.745,2.52,1.3250000000000002,0.0,0.0,0.0,0.04,1.705,0.215,0.355,0,19197,918,177
h665wY-sy9E,1.805,0.255,0.34,0.45,0.57,2.035,0.0,0.39,0.7,0.0,1.81,0.7100000000000001,0.01,0.0,0.0,0.0,0.0,1,4040,358,44
h6w9txRvoHs,1.106666666666667,0.5466666666666666,0.31,0.9433333333333334,0.71,0.49,0.47,0.5,0.4433333333333333,0.0,0.0833333333333333,0.0,0.3466666666666667,0.0999999999999999,1.2366666666666666,0.9966666666666666,0.0166666666666666,1,31581,1549,82
h9FLZWWDO1M,1.65,3.29,0.21,3.39,0.0,0.0,0.0,0.35,0.83,0.0,0.09,0.0,0.75,0.0,3.25,2.67,0.0,2,146406,6378,598
hD5quR_Rdg8,0.1766666666666666,0.0,0.0,0.0533333333333333,1.22,2.276666666666667,0.3033333333333333,0.9466666666666668,1.4866666666666666,0.3033333333333333,0.02,0.0,0.18,0.1033333333333333,0.5933333333333334,0.4966666666666666,0.0,0,44019,1442,137
hDqk1d-s-0s,0.715,0.185,0.72,1.31,0.0,0.185,0.13,0.05,0.0,0.295,1.03,0.1,0.405,0.51,0.29,0.295,0.21,1,5461,489,51
hFTeMAm_-SY,0.79,0.0,0.0,1.38,0.0,0.0,0.12,0.09,0.18,0.87,1.07,1.06,0.22,0.8,0.0,0.0,0.0,1,4714,111,125
hHBhgilEpYo,0.685,0.36,0.04,0.115,2.23,1.1749999999999998,0.0,2.285,2.5,1.0,0.67,0.0,0.0,0.0,1.96,0.255,0.0,0,299868,10128,1880
hHOijT_ab2w,2.13,2.27,0.0,0.0,2.44,0.38,0.09,3.39,1.76,0.0,0.0,0.0,0.46,0.0,3.01,0.21,0.0,0,9493,956,117
hNtIZtr4V_A,0.52,0.0,0.3633333333333333,0.0333333333333333,0.3966666666666666,0.99,0.2799999999999999,1.0433333333333332,0.7399999999999999,0.6266666666666667,1.0133333333333334,0.27,0.84,0.18,0.8133333333333334,0.91,0.3133333333333333,1,19631,1037,98
hOeiBb1UYV4,1.31,2.245,0.0,3.2350000000000003,0.0,0.0,0.0,0.0,0.0,0.0,0.1,0.0,0.06,0.025,0.78,0.47,0.0,2,64784,3153,294
hSUCsi3FdCU,0.5966666666666667,0.7533333333333333,0.61,1.0433333333333332,0.4633333333333334,1.18,0.19,0.2299999999999999,0.5933333333333334,1.1733333333333331,0.41,0.11,0.03,0.1899999999999999,0.8266666666666667,0.0,0.0433333333333333,1,2139210,43093,1541
hSyCMoCcrFY,0.0,0.0,0.0,0.0,1.3050000000000002,0.82,0.28,1.55,2.43,0.74,0.3,0.0,0.0,0.37,2.44,0.8,0.05,0,61715,2721,252
hT3yEHLX53g,0.384,0.118,0.3,0.6439999999999999,0.6060000000000001,0.474,0.614,0.37,0.472,0.378,0.4,0.346,0.168,0.312,0.826,0.836,0.394,1,304593,10891,443
hT9aR5J2v0U,1.23,1.46,0.0,0.4,0.32,0.0,0.0,0.34,1.36,0.0,0.0,0.0,0.0,0.0,2.14,1.28,0.0,2,351543,18399,1165
hUAsMMhIM-A,1.45,1.88,0.0,2.77,1.405,0.85,0.095,2.09,2.655,0.82,0.0,0.0,0.0,0.06,3.02,0.065,0.0,2,20098,1247,76
hWIMspWuVEI,0.785,0.0,0.0,0.275,1.04,0.955,0.26,0.605,1.55,0.115,0.14,0.0,0.12,0.6,1.43,0.0,0.0,1,22067,279,281
hWUdgZbOD6o,1.94,1.85,0.0,2.85,0.42,0.4,0.46,1.83,1.19,1.86,0.49,0.0,0.53,0.0,1.98,1.23,0.0,2,1110,106,21
hWw6Ua4wyMs,1.335,0.13,1.3,1.005,0.635,1.815,0.0,0.6,0.4,0.425,0.815,0.475,0.0,0.0,0.145,0.965,0.045,1,2300699,21531,12952
hXSsMzaopZo,0.0,0.0,0.0,0.64,2.35,1.71,0.0,1.64,3.21,1.53,0.0,0.0,0.68,0.0,2.14,0.17,0.0,0,112,0,0
hXSxTOWc_Lk,0.078,0.0,0.186,0.018,1.4419999999999995,1.988,0.53,1.094,1.648,1.14,0.048,0.0,0.368,0.0,1.72,0.264,0.212,0,54133,3460,307
hXqd0Uz6-e0,1.04,1.2333333333333334,0.0,1.4666666666666668,0.3266666666666666,0.7333333333333334,0.3466666666666667,0.48,0.22,0.2066666666666666,0.3033333333333333,0.5733333333333334,0.4566666666666667,0.0366666666666666,1.18,0.7000000000000001,0.0566666666666666,2,60440,2865,175
hdZydzqcaiU,0.3142857142857143,0.1657142857142857,0.3357142857142857,1.1871428571428573,0.2428571428571428,0.5428571428571428,0.2485714285714285,0.5285714285714286,0.39,0.1542857142857143,0.1928571428571428,0.11,0.1399999999999999,0.0,0.45,0.852857142857143,0.0,1,106478,3612,115
hdo7ZFTK4ZE,2.35,1.0,0.0,1.88,0.86,0.0,0.0,2.31,2.0,1.45,0.0,1.23,0.0,0.0,1.25,0.0,0.0,2,14377,346,22
hgBgdXzgxvo,0.5249999999999999,0.48,0.7625,0.0175,0.32,0.23,0.065,0.9625,0.655,0.295,1.0825,0.92,0.2125,0.1425,0.9325,0.7725,1.2575,1,133043,4134,134
hgulTvzsAHk,0.49,0.0,0.55,0.655,0.49,0.375,0.0,1.125,0.78,0.51,0.54,0.0,0.0,0.0,1.1800000000000002,1.115,0.0,1,11010,338,99
hh2IkTHssl8,0.0,0.0,0.0,0.0,1.31,1.41,1.32,1.13,1.01,1.78,0.56,1.11,0.32,0.53,0.0,0.31,0.02,0,203710,4114,394
hjXcUMjQVOQ,0.06,0.0,0.8475,0.2225,0.5599999999999999,0.68,0.7325,0.7,0.9775,0.585,0.1999999999999999,0.0,0.22,0.0,1.3025,0.07,0.34,1,85960,4208,462
hjfRy74D8os,0.525,0.37,0.52,0.29,0.685,0.7150000000000001,0.415,0.64,0.425,0.6,0.365,0.415,0.395,0.43,0.44,1.28,0.19,1,2969,52,24
hp_gdBK2_y0,0.49,0.56,0.415,0.145,2.205,1.895,0.485,2.44,1.715,0.835,0.61,0.46,0.49,0.015,1.7,0.0,0.765,0,2432,186,33
hqSAIh6wLSg,0.985,0.735,0.0,1.12,1.205,1.895,0.175,1.33,2.645,1.4700000000000002,0.0,0.0,0.985,0.0,2.38,0.205,0.0,0,152275,5036,362
hrECwxk0Tvo,0.9399999999999998,0.072,1.158,1.534,0.618,0.784,0.506,0.5660000000000001,0.45,1.058,0.8039999999999999,0.106,0.396,0.156,0.462,0.6220000000000001,0.0419999999999999,1,2905724,34454,787
hs8bgxuPzjU,0.0499999999999999,0.0,0.2671428571428571,0.1228571428571428,0.3428571428571428,0.8385714285714286,0.14,0.1042857142857142,0.38,0.0757142857142857,0.0942857142857142,0.2742857142857143,0.19,0.0,0.3157142857142857,0.5642857142857143,0.15,1,719716,20887,517
hsnlBpKVFnI,0.895,0.405,0.4275,0.8175,0.58,2.06,0.8425,0.4499999999999999,0.5125,0.8049999999999999,1.0775,0.495,0.4925,0.0,0.525,0.405,0.4675,1,29443,887,29
ht-EU_RWPg0,2.17,1.76,0.57,0.22,0.77,0.57,0.0,1.38,1.35,0.9,0.23,0.0,0.98,0.0,2.18,1.5,1.9,2,973378,28687,3006
hwxmHRrlMwY,1.305,0.525,0.315,1.57,1.6949999999999998,1.19,0.0,1.19,1.865,0.415,0.0,0.745,0.665,0.195,1.25,0.39,0.015,0,1612330,62051,5227
hx87rior7Q0,1.5,0.43,0.0,1.26,0.63,1.39,0.52,1.44,1.04,0.14,0.0,0.0,0.0,0.0,1.72,0.09,1.62,0,46133,1997,322
hxBihR-xLM4,0.8049999999999999,1.02,0.6725,0.5875,0.03,0.3475,0.0875,0.0,0.0,0.0,0.4725,0.0,0.0,0.0,0.39,0.25,0.1325,1,48178,2885,160
hyaQkvX-gOs,0.57,0.64,0.0,0.0,1.28,1.37,0.0,1.69,3.1,1.89,0.0,0.6,0.0,0.27,2.35,0.0,0.0,0,3886,401,40
i19jJbU8n3o,0.025,0.0,0.485,0.385,0.78,1.66,0.295,1.31,0.925,1.115,1.955,1.0,0.0,1.175,0.31,0.01,0.0,1,640560,21989,2159
i2ivLsfmFoQ,0.0,0.0,0.0,0.0,1.85,1.58,0.95,2.21,2.91,1.45,0.0,0.0,0.0,0.0,2.93,0.12,0.58,0,512007,13678,723
i3Y9xl9ckWU,0.0,0.0,0.0,0.465,1.74,2.0500000000000003,0.39,1.41,1.63,1.54,0.0,0.0,1.36,0.0,3.115,1.03,0.32,0,67274,3553,422
i73vBiLo2PA,0.43,0.0,0.27,1.485,0.91,1.385,0.755,1.78,0.755,1.085,1.11,0.67,0.275,0.22,0.945,0.765,0.01,1,410,5,0
i8qS2r4Mws0,0.9933333333333336,0.1033333333333333,1.41,0.0266666666666666,0.77,0.4366666666666667,0.3133333333333333,1.0766666666666669,0.9,0.8233333333333333,0.2299999999999999,0.79,0.1399999999999999,0.1766666666666666,0.5666666666666668,1.0766666666666669,1.05,1,234377,10941,944
i9vGQ0kx-fQ,1.38,1.7999999999999998,0.0,0.76,0.215,0.105,0.35,0.19,0.075,0.485,0.045,0.185,0.0,0.0,0.265,0.28,0.0,2,1323127,14584,2052
iAAB_4LgB14,0.6216666666666667,0.0516666666666666,0.905,0.92,0.3116666666666666,0.7516666666666666,0.65,0.4383333333333333,0.5216666666666666,0.32,0.2766666666666666,0.0,0.3133333333333333,0.0583333333333333,0.4433333333333333,0.315,0.3366666666666666,1,355299,10065,381
iC2Q4euQZws,1.695,0.435,0.21,0.845,0.0,0.0,0.0,0.435,0.215,0.78,0.695,1.3050000000000002,1.44,0.8899999999999999,0.13,0.0,1.93,1,50816,2922,224
iC2s7Vx4tCc,0.855,0.9125,0.3575,1.215,0.9125,2.115,0.49,0.24,0.5925,0.9975,0.37,0.7675,0.8175000000000001,0.375,0.05,0.45,0.0,1,58906,1703,197
iCCuWDTfYY8,0.35,0.0,0.0,0.0,2.24,1.23,0.0,1.37,2.7,0.39,0.0,0.0,0.04,0.12,2.34,0.0,0.79,0,41825,2109,282
iDTQDzqoWyk,0.0925,0.1525,0.0,1.115,0.2375,0.51,0.2699999999999999,0.5025,0.1425,0.18,0.3725,0.3325,0.0,0.0,0.2925,0.445,0.0,1,431,19,8
iDXYFRX5RP4,2.1,2.02,0.0,0.0,2.36,2.43,1.03,1.98,2.2,1.5,0.12,0.0,0.55,0.0,2.16,0.49,0.0,0,60337,2546,110
iEq0Lc_sWjM,0.6233333333333333,0.1266666666666666,0.3922222222222222,0.6777777777777777,1.1677777777777778,1.3411111111111111,0.3211111111111111,0.9288888888888888,0.9944444444444444,0.6788888888888889,0.4288888888888889,0.0866666666666666,0.29,0.1144444444444444,0.4844444444444444,0.0922222222222222,0.1544444444444444,1,381939,9503,206
iGcS_QsiCwA,1.33,1.7525,0.0,1.375,0.4549999999999999,0.485,0.0,1.3025,0.6275,0.0,0.5,0.1475,0.615,0.0,1.57,0.2175,0.04,2,181111,9242,306
iH4IPymkagQ,0.0,0.0,0.0,0.12,2.31,0.45,1.4,1.61,1.92,2.05,0.0,0.32,0.0,0.0,1.65,0.07,0.0,0,2204,130,16
iHyEzFFHD1g,1.04,1.56,0.0,0.0,1.08,0.0,0.55,1.08,1.76,0.21,0.65,0.0,1.43,0.0,0.82,0.09,1.43,1,29496,1136,0
iM43LN5gdgs,0.9,0.3,1.33,0.94,0.02,1.65,0.56,0.0,0.0,0.0,0.52,0.0,0.0,0.0,0.41,0.0,0.0,1,4626,398,82
iTeW0PTPEwE,2.665,1.66,0.74,1.44,0.0,0.14,0.08,0.625,0.275,0.35,0.875,0.0,0.23,0.0,1.42,0.76,0.0,2,131357,2742,342
iXDvw2_BIqM,0.69,0.175,0.895,1.05,0.55,1.175,0.34,0.445,0.3,0.0,1.43,3.055,0.955,1.155,0.0,1.115,0.0,1,112961,4619,1002
iXd277VEQuI,0.5700000000000001,0.03,0.42,0.335,1.505,1.195,0.05,2.27,2.3600000000000003,1.435,0.0,0.0,0.25,0.0,2.625,0.7250000000000001,0.0,0,337172,7801,1107
iYvBDtk8z-4,0.4633333333333333,0.0,0.0,0.3566666666666667,0.1066666666666666,0.3066666666666667,0.0,0.2466666666666666,0.31,0.1233333333333333,0.4266666666666667,0.0933333333333333,0.1333333333333333,0.0,0.5066666666666667,0.71,0.2833333333333333,1,180918,9702,493
ifLKnE2WgPE,1.81,1.41,0.01,3.43,0.0,0.0,0.0,0.0,0.1,0.0,0.0,0.93,0.0,0.0,0.25,0.89,0.0,2,537368,15975,1409
ihEQOF8_SXs,1.78,2.89,1.12,3.13,0.0,0.0,0.0,0.58,0.02,0.0,0.38,0.0,0.32,0.0,1.83,0.23,0.0,2,64781,1075,163
ihQCje3qADE,0.2866666666666667,0.8033333333333333,0.0,0.5866666666666666,1.2466666666666668,1.02,0.5266666666666667,1.0066666666666666,1.6766666666666667,1.346666666666667,0.05,0.7233333333333333,0.5733333333333333,0.2299999999999999,0.73,0.1333333333333333,0.3566666666666667,0,89669,3586,204
ikCeI-HNWKU,0.84,0.13,0.0,1.56,0.0,1.13,0.64,0.54,0.42,0.1,0.08,0.79,0.6,1.0,0.0,1.32,0.0,1,90912,5021,685
ilvgg0xoqXg,0.535,0.0,0.095,0.0,0.33,1.905,0.74,0.775,0.0,0.0,0.215,0.77,0.665,0.03,0.0,0.13,0.635,1,13664,923,44
im9_1MMzw3c,1.035,0.195,0.0,0.485,1.15,1.41,0.045,0.8300000000000001,1.715,1.32,0.0,0.0,0.415,0.0,1.27,0.015,0.0,0,1564224,37483,2936
iqd1MUUIJHM,0.59,0.0,0.235,1.2,0.095,0.0,0.0,0.2249999999999999,0.29,0.28,0.765,0.125,0.065,0.65,0.0,1.4900000000000002,0.0,1,11380,365,73
it4RYgwYIDg,0.805,0.0,0.405,0.41,1.55,1.575,0.5,0.35,1.22,0.075,0.6,1.155,0.65,0.06,0.785,0.63,0.14,1,32609,1391,133
iuOb6l6vbOY,0.43,0.165,0.045,0.005,0.83,1.27,0.19,0.54,1.345,0.5449999999999999,0.04,0.385,1.285,0.525,1.215,0.0,0.08,1,504554,7429,1136
iwzPLQ6-BDs,1.22,1.37,0.585,4.255,0.0,0.0,0.0,0.0,0.51,0.365,0.0,0.0,0.0,0.15,1.19,1.495,0.0,2,44378,2829,100
ix3pRU76vIc,2.36,2.5,0.0,2.5,1.305,2.83,0.03,2.055,1.855,0.38,0.96,0.0,0.06,1.125,2.035,0.71,0.0,2,6451,138,11
iz-Jvx0AmuM,0.35,0.0,0.165,0.0,0.185,0.0,0.895,0.315,0.1,0.73,0.365,0.0,0.775,0.0,0.2,0.515,0.0,1,68737,2042,197
j1ZDjp7CS9I,0.2066666666666666,0.0,0.8333333333333334,0.36,0.7266666666666667,0.0,0.7166666666666667,0.8066666666666666,0.6366666666666667,0.1999999999999999,0.1766666666666666,0.06,0.9933333333333332,0.1933333333333333,1.0733333333333337,0.3733333333333333,0.2299999999999999,1,181279,4350,317
j1knOWYwnMM,0.8200000000000001,0.27,0.12,0.17,1.9,2.725,1.14,1.485,2.425,1.77,0.0,0.0,1.08,0.0,2.8,1.025,0.265,0,4377,168,29
j2YWXAqzmX4,0.0,0.0,1.06,0.0,2.8,2.48,0.93,2.06,3.45,3.35,0.0,0.0,0.0,0.0,2.5,0.0,0.11,0,1173,144,54
j4pBIs30HQc,0.33,0.0,0.315,0.425,2.28,1.5499999999999998,0.605,2.615,2.965,2.8,0.12,0.23,0.24,0.195,1.815,0.485,0.395,0,215749,5223,521
j5wy6RXVVCY,2.66,1.78,0.19,3.66,0.18,0.0,0.0,0.29,2.02,0.99,0.0,0.0,0.05,0.52,1.63,0.21,0.0,2,88146,567,179
j61BEpr1OSg,0.73,0.29,1.4400000000000002,1.0,0.6633333333333333,1.1,0.0666666666666666,0.6333333333333333,1.6166666666666665,1.096666666666667,0.0466666666666666,0.0,0.0,0.0,1.5766666666666669,1.03,0.1566666666666666,1,186163,6323,283
j69a0yB08gs,0.0,0.0,0.0,0.0,0.78,0.59,0.0,0.09,1.52,1.51,0.03,0.0,0.61,0.28,0.24,0.0,0.52,1,35212,3508,609
jAi_grkVCFY,1.365,0.2,0.43,0.6799999999999999,1.21,1.975,0.095,0.11,0.3349999999999999,0.23,0.335,0.285,0.23,0.255,0.605,0.33,0.295,1,289680,7151,780
jC86fVeUeZA,1.38,2.08,0.0,0.78,0.0,0.12,0.38,0.0,0.0,0.14,1.61,1.42,1.68,0.0,0.0,0.25,0.0,2,1893838,54443,2273
jDtgVcVUTVs,0.0,0.0,0.0,1.11,1.79,1.27,0.0,1.94,1.88,0.0,0.98,0.0,0.99,0.0,1.97,0.0,0.0,0,194,12,1
jDxJk9l0Wp4,0.5475,0.6950000000000001,0.3299999999999999,1.1925,0.5,0.225,0.0,0.4925,1.0425,0.27,0.0125,0.0,0.2475,0.0,1.93,0.48,0.5875,1,495630,11819,384
jI23S-mYYeg,3.16,1.37,0.0,1.31,2.0,1.85,0.0,1.53,0.69,0.0,1.22,0.43,0.37,0.0,2.69,0.0,0.0,2,13873,134,5
jJaymuewPYw,1.36,0.0,0.8233333333333334,1.16,0.4133333333333333,0.8666666666666666,0.35,0.7966666666666667,0.5266666666666667,0.5233333333333333,0.6233333333333334,0.0499999999999999,0.6733333333333333,0.0066666666666666,0.15,0.0933333333333333,0.0866666666666666,1,1033365,19273,1987
jJyZzmYeHiQ,2.095,1.03,0.81,1.945,0.0,0.0,0.16,0.745,0.34,0.08,0.95,0.73,0.12,0.045,0.325,0.68,0.135,2,17837,111,15
jMLdbmElS8w,0.6316666666666667,0.745,0.3233333333333333,0.5833333333333334,0.2916666666666667,1.0933333333333335,0.36,0.2749999999999999,0.2799999999999999,0.1616666666666666,0.2383333333333333,0.1883333333333333,0.5,0.1433333333333333,0.48,0.4233333333333333,0.0499999999999999,1,469,18,9
jNh9sBsYgss,0.6733333333333335,1.106666666666667,0.3966666666666666,1.41,0.33,0.7733333333333333,0.3633333333333333,0.62,0.2299999999999999,0.5433333333333333,0.4366666666666667,0.3966666666666666,0.0666666666666666,0.2333333333333333,0.5366666666666666,0.4966666666666666,0.1533333333333333,1,601388,14944,441
jOwLMt8-WQs,2.99,1.24,1.1,2.15,0.0,0.27,0.0,0.34,0.91,2.11,0.0,0.39,0.76,0.0,0.03,0.78,0.0,2,598,20,14
jPAf5X7D_5E,1.2533333333333332,0.8433333333333334,0.0,0.6466666666666666,0.9733333333333332,1.2833333333333334,0.1933333333333333,1.0733333333333333,1.6233333333333333,0.8433333333333333,0.3266666666666666,0.3166666666666666,0.6699999999999999,0.7966666666666667,1.6900000000000002,0.7133333333333333,0.0,0,41936,1717,217
jPUSclSyUiQ,0.775,0.385,0.0,0.345,0.53,1.17,0.465,0.075,0.91,1.045,0.285,0.325,0.38,0.055,0.475,0.225,0.345,1,136137,3834,370
jQaxzqZztNM,0.295,0.64,0.0,0.935,0.05,1.745,0.175,0.0,0.235,0.035,0.01,0.055,0.375,0.04,0.555,0.45,0.0,1,68369,3284,474
jSVt-jwgQ1U,0.92,0.0,0.17,0.0,2.09,0.99,0.0,2.12,1.77,1.45,0.0,0.0,0.0,0.0,1.89,0.06,0.08,0,2839,70,74
jSktkWAbLAk,1.895,0.6950000000000001,0.475,1.3250000000000002,0.77,1.41,0.0,1.0950000000000002,1.075,0.83,1.46,0.37,1.025,0.06,0.025,0.0,0.005,1,5127,391,46
jTHtIfk1Nyo,0.84,0.0,0.41,1.17,0.85,0.0,0.51,0.0,0.88,0.63,0.23,0.0,1.04,0.63,0.0,0.0,0.0,1,556096,17829,1663
jTPe32FwjEI,1.525,0.98,0.44,0.275,1.055,1.34,0.31,0.735,0.945,0.31,0.0,0.175,0.31,0.105,0.9,1.275,0.0,1,2943613,62945,1856
jVtWRVmMVGg,0.52,0.7725,0.2574999999999999,1.03,0.04,0.0325,0.0125,0.535,0.2675,0.475,0.095,0.1225,0.1974999999999999,0.0,0.725,1.36,0.055,1,338235,8663,2371
jZn35O_ja4Q,0.495,0.0,0.0,1.41,0.58,1.355,0.7050000000000001,1.81,0.49,0.585,1.14,0.33,0.95,0.45,1.22,0.74,0.27,1,234574,5056,421
j_G9pHUL-wY,0.71,0.0,0.0,1.06,1.16,0.02,0.0,0.51,2.45,1.01,0.0,0.0,1.29,0.78,1.38,0.0,0.0,0,6411,449,79
jbdN_Uwuosc,0.84,0.0,1.45,1.03,0.64,0.91,0.0,0.1,0.73,1.2,0.24,1.64,1.64,1.45,0.0,0.58,0.0,1,368,43,14
jeyDC8xrwt4,1.145,0.505,0.0,1.3675,0.38,0.3725,0.325,0.4525,0.65,0.0825,0.9075,0.6625,0.395,0.185,1.1075000000000002,1.01,0.025,1,94578,4136,91
jiQ7Grr33oA,0.7600000000000001,0.21,0.5366666666666667,0.2366666666666666,0.2966666666666666,0.7833333333333332,0.0,0.3833333333333333,0.4466666666666666,0.0066666666666666,0.7399999999999999,0.5366666666666666,0.4666666666666666,0.0666666666666666,0.82,0.5066666666666667,0.5266666666666667,1,88382,4918,598
jmntzm5yBYY,1.65,1.51,0.0,1.35,0.64,0.7,0.0,1.15,1.53,1.39,0.71,0.06,1.24,0.0,1.45,0.0,0.0,2,186893,4793,293
jnP26DJ4Eok,0.8633333333333333,0.35,0.0433333333333333,0.3266666666666666,1.903333333333333,1.8833333333333333,0.8466666666666667,1.7400000000000002,1.9266666666666663,1.096666666666667,0.1999999999999999,0.0,0.57,0.0,2.27,0.27,1.2533333333333334,0,373264,14890,1339
joeAUU_Gwko,0.0,0.0,0.51,0.08,0.445,0.91,0.085,1.325,0.65,0.845,0.0,0.0,0.835,0.0,0.54,1.25,0.05,1,35993,1582,168
jqEDYZ_jq3s,2.09,2.505,0.0,1.38,1.94,1.195,0.24,2.0,3.485,1.72,0.0,0.0,0.0,0.0,2.69,0.42,0.195,0,60182,3085,123
jqrEYX5MMks,0.8733333333333334,0.8866666666666667,0.13,0.0,0.1033333333333333,0.7833333333333333,0.6966666666666667,0.2966666666666666,0.0733333333333333,0.3333333333333333,1.7366666666666666,2.2333333333333334,0.2666666666666666,0.1466666666666666,0.7766666666666667,0.5366666666666666,1.5233333333333334,1,200959,6545,718
jrppaG01-F0,2.21,3.66,0.0,1.93,0.0,0.0,0.0,0.0,0.0,0.0,0.0,0.31,0.0,0.0,0.0,0.0,1.36,2,22580,781,283
jrxk0pWFe-I,0.5,0.34,0.0,1.26,2.03,0.07,0.12,1.41,2.35,0.92,0.0,0.0,0.0,0.0,3.28,1.38,0.0,0,44293,2587,228
jumDvsiJ9BI,0.72,0.0,0.16,0.44,0.09,2.03,0.21,1.13,1.02,0.0,0.72,0.0,0.23,0.0,0.95,1.58,0.0,1,18535,400,92
jw1ScfGOB4U,0.0,0.0,0.09,0.0,1.98,4.08,0.21,1.49,2.4,1.86,0.0,0.0,0.0,0.0,2.47,0.51,0.0,0,162786,3799,666
jw7ykAwVGH0,0.0,0.0,0.0,0.0,0.81,0.85,0.8,2.11,0.04,0.47,1.2,1.97,0.0,0.65,2.02,0.0,1.45,1,14383,492,119
jwhcFIoDFNg,0.615,0.52,0.3,0.455,0.145,0.0,0.005,0.375,0.865,1.1949999999999998,0.0,0.06,0.21,0.13,0.965,0.06,0.94,1,91822,4074,350
jxZgccTWzcg,0.16,0.0,0.64,0.18,2.015,2.66,0.735,2.15,2.43,1.93,0.0,0.0,0.0,0.0,3.315,0.8500000000000001,0.0,0,31279,1489,174
jxi7MHhur20,0.42,0.0,1.73,1.35,0.15,0.7,0.51,0.61,0.0,0.0,0.0,0.26,0.0,0.0,0.0,1.09,0.0,1,62817,1153,274
jyWS46pHtdA,0.798,0.184,0.0,0.2219999999999999,0.574,0.4019999999999999,0.386,0.19,1.038,0.778,0.1379999999999999,0.0,0.2319999999999999,0.056,0.984,0.0,0.078,1,10562,272,20
jzS627fKCvc,0.24,0.0133333333333333,0.0,0.1033333333333333,1.5233333333333334,1.876666666666667,0.6166666666666667,1.6166666666666665,2.1466666666666665,1.21,0.4833333333333334,0.4833333333333334,1.16,0.0033333333333333,1.0166666666666666,0.4366666666666667,0.0866666666666666,0,145677,2702,82
k3dilnwfcec,2.275,1.62,0.075,0.835,0.72,0.0,0.01,0.5,0.655,0.0,0.8,1.42,1.535,0.965,0.755,0.24,0.265,2,691547,24312,969
k4VbpUl8U9I,1.264,0.18,0.288,1.162,1.112,0.476,0.174,1.032,0.986,0.974,0.3219999999999999,0.458,0.986,0.128,0.946,0.85,0.178,1,37598,1652,83
k4cn8eVRCDo,0.5525,1.165,0.0,1.0125,0.0,0.3575,0.4625,0.02,0.1649999999999999,0.2324999999999999,0.22,0.21,0.085,0.0,0.1075,0.505,0.0175,1,41053,1371,139
k5DdXvzvQ9g,0.73,0.0,0.4583333333333333,1.0783333333333334,0.0916666666666666,0.3433333333333333,0.1016666666666666,0.8850000000000001,0.3916666666666666,0.7000000000000001,0.7433333333333333,0.0283333333333333,0.1649999999999999,0.0616666666666666,0.4133333333333333,0.515,0.0866666666666666,1,136156,4945,199
k5iXUMHPXb8,1.7133333333333332,0.8833333333333334,0.2033333333333333,0.73,0.8066666666666666,0.61,0.0,1.54,0.82,0.8966666666666666,0.8566666666666668,0.1533333333333333,1.34,0.1033333333333333,1.1,0.0,0.3933333333333333,1,123,9,7
kAsWumwTUjQ,1.8,2.15,0.14,1.53,0.45,0.52,0.0,0.0,0.0,0.0,5.0,0.0,0.0,0.04,0.48,0.0,0.95,2,6050,618,60
kBRmepdDuGk,0.7,0.24,0.205,2.365,0.035,0.015,0.0,0.0,0.25,1.81,0.765,0.045,0.525,0.065,0.26,0.15,0.145,1,710638,13627,386
kEdhl7xNluM,0.0,0.0,0.0733333333333333,0.0,1.02,0.9766666666666668,0.8766666666666666,1.15,1.5633333333333332,1.97,0.2433333333333333,0.0,0.3966666666666666,0.33,0.0999999999999999,0.0699999999999999,0.0233333333333333,0,712,12,0
kFBwyWHgkXg,0.0,0.0,0.03,1.03,0.78,0.0,0.0,0.98,1.24,2.55,0.68,0.0,1.65,0.75,0.0,0.0,0.0,1,54559,1789,276
kIbd4DORB-8,0.3928571428571428,0.0714285714285714,0.5042857142857143,0.1757142857142857,0.6607142857142857,0.9607142857142856,0.235,0.2614285714285714,0.8757142857142857,0.8071428571428572,0.3964285714285714,0.4928571428571428,0.665,0.0428571428571428,0.4128571428571428,0.1185714285714285,0.2142857142857142,1,1690825,65890,4572
kL1xAYUTx2o,0.38,0.5,0.0,0.0,1.17,0.73,0.0,1.38,2.56,0.87,0.0,0.0,0.0,0.0,2.04,0.0,0.0,0,57652,6370,709
kOUQW-YbAeY,1.4333333333333331,1.3333333333333333,0.0,1.7233333333333334,0.0,0.0,0.0,0.5733333333333334,0.0,0.0,0.4633333333333334,0.64,0.1933333333333333,0.0466666666666666,0.95,0.4033333333333333,0.0366666666666666,2,37773,2118,173
kOf9riihh1g,0.526,0.0,0.312,0.098,1.47,1.89,1.01,1.302,1.682,0.868,0.132,1.0779999999999998,1.514,0.0,1.412,1.448,0.388,0,101398,8222,404
kVfqhcWspQw,0.79,0.0,0.0,0.0,0.0,0.19,0.39,1.96,0.0,0.49,3.67,0.0,0.0,3.26,0.45,0.0,0.0,1,186638,5654,679
kWRYJ4P1h-A,0.22,0.58,0.0,0.38,0.55,0.0,0.0,0.33,0.38,0.0,0.79,0.75,1.96,0.0,0.0,0.0,0.0,1,402453,10317,833
kWXTPmPd_gk,0.5625,0.0925,0.76,1.3325,0.5725,0.795,0.2,0.98,0.635,0.39,0.535,0.38,0.8400000000000001,0.835,0.5325,0.06,0.1325,1,434740,11088,914
kXPQK-Gxkl8,0.62,0.0,0.0,0.0,0.56,0.76,3.02,0.0,0.0,0.0,0.0,0.0,2.22,0.0,0.0,3.22,0.0,1,841805,17513,2674
kXq_pc1ug3s,0.61,1.68,0.0,3.34,0.78,0.18,0.01,0.5,2.14,0.0,0.0,0.0,0.0,0.66,2.57,0.0,0.0,2,474346,8198,918
kYTUmK8f52A,2.73,0.92,0.25,0.44,0.22,0.65,0.28,1.41,0.83,0.29,1.16,0.0,1.0,0.1,0.15,0.0,0.0,1,2813,319,16
kaK0QUeJDs4,1.274,0.16,0.546,0.366,1.026,1.976,0.546,0.552,0.954,0.74,0.8480000000000001,0.8380000000000001,0.41,0.24,0.51,0.732,0.062,1,13524,637,117
kceHa2XteNs,1.44,1.82,0.25,3.19,0.0,0.0,0.52,0.86,0.29,0.0,0.23,0.0,0.0,0.0,2.22,1.87,0.0,2,1200899,42274,1707
kdQjdQUFzBo,1.295,1.08,0.57,0.7999999999999999,1.675,2.925,0.625,1.555,1.665,1.345,0.0,0.295,1.0,0.055,1.225,0.175,0.375,0,48189,971,68
kgG1oJiE5qs,0.6133333333333334,1.2166666666666666,0.0,1.3333333333333333,1.346666666666667,0.6266666666666666,0.7966666666666665,1.163333333333333,0.96,0.1933333333333333,0.4166666666666667,0.1366666666666666,0.3266666666666666,0.18,0.1166666666666666,0.32,0.45,1,709556,14171,985
kkiNTet5G-Q,1.005,0.605,0.725,0.52,1.27,1.895,0.63,0.455,1.57,1.915,0.335,0.565,1.2049999999999998,0.185,0.155,0.0,0.745,0,201559,5605,427
klMo0d2-VOs,0.165,0.255,0.0,0.595,1.335,0.375,0.5700000000000001,1.655,1.245,0.615,0.255,0.21,0.17,0.0,1.765,0.355,0.0,0,159744,0,304
klx-_N0XMEY,1.44,1.89,0.0,0.05,1.87,2.04,0.17,1.99,3.02,2.09,0.0,0.0,1.09,0.16,4.07,0.98,0.26,0,966,98,83
koNVREBxap8,0.0,0.0,0.0,0.935,0.895,0.0,0.085,1.235,1.125,0.12,0.21,0.07,0.0,0.0,0.445,0.165,0.0,1,53171,1854,188
konXumXsoFE,0.285,0.21,0.555,0.09,0.92,1.78,0.465,0.045,0.7949999999999999,0.995,0.565,0.96,0.795,0.48,0.0,0.115,1.545,1,921936,22041,1097
kq2oO7fRbB4,0.82,0.43,0.0,0.0,1.43,2.91,0.79,0.94,1.36,0.0,0.36,0.44,0.0,0.37,0.42,0.22,0.0,0,2942,131,20
krOzZPUb738,1.815,0.61,0.61,1.73,1.5,1.4,0.03,1.33,1.6,0.81,0.0,0.0,0.0,0.1,1.305,0.405,0.285,0,316594,4710,561
kssJ-jhOFPA,0.51,0.125,0.19,0.395,1.545,0.615,0.64,2.3600000000000003,1.46,0.79,0.8150000000000001,0.33,0.38,0.0,1.815,0.4,0.02,0,15625,1126,256
kupDrmKBW4w,0.9975,0.075,1.2475,0.17,1.7225,0.925,0.4375,1.375,2.265,1.975,0.1575,0.1025,0.4049999999999999,0.24,1.365,0.3275,0.145,0,531,26,46
kwMIisZ35QQ,1.15,0.9625,0.9975,2.0075000000000003,1.045,1.07,0.1,1.32,1.47,0.425,0.0825,0.0425,0.16,0.0,1.69,0.215,0.0,2,27449,1637,158
kxVFwfWXSSE,0.645,1.095,0.0,2.075,0.0,0.0,0.0,0.7250000000000001,0.285,0.345,0.63,0.09,0.0,0.12,0.135,0.0,0.0,1,6691,361,64
kyefcNqiZOA,0.56,0.4466666666666666,0.3733333333333333,0.9866666666666668,0.8633333333333333,0.6566666666666666,0.5566666666666666,1.5200000000000002,1.51,0.28,0.0766666666666666,0.0,0.0633333333333333,0.0,2.11,1.2733333333333334,0.0,0,11746,657,61
kz8L5quDgYU,0.8333333333333334,0.0,0.95,0.5366666666666667,0.3066666666666667,0.7133333333333333,0.0266666666666666,0.1733333333333333,0.34,0.7733333333333334,0.3066666666666667,0.7200000000000001,0.3366666666666666,0.2933333333333333,0.3766666666666666,0.2033333333333333,0.32,1,96334,1817,273
l-lPCxX7ySg,1.81,1.0550000000000002,0.175,1.775,2.67,1.315,0.33,2.805,2.77,1.08,0.15,0.0,0.0,0.0,2.895,1.15,0.0,0,14965,815,92
l0eB8kD2EHY,1.21,1.75,1.12,3.835,0.21,0.385,0.93,1.065,0.0,0.04,0.6,0.525,0.295,0.0,2.56,0.93,0.0,2,1147566,30489,3167
l2YVDriQtmo,0.1966666666666666,0.5966666666666667,0.1266666666666666,1.1,0.0866666666666666,0.0,0.15,0.0,0.19,0.97,0.1466666666666666,0.1733333333333333,0.0833333333333333,0.1866666666666666,0.3866666666666666,0.9766666666666668,0.5,1,19304,692,20
l3050mDF35E,0.4,0.0,0.95,1.785,0.525,0.0,0.49,1.01,0.0,0.61,0.545,0.7,0.0,0.905,0.0,1.19,0.36,1,8236,622,116
l37i8s1uUx0,0.195,0.035,0.7975,0.3725,1.215,0.79,0.5225,1.235,1.24,2.0725,0.85,0.375,0.4375,0.18,0.9175,0.675,0.2075,0,30919,1379,60
l5K-jH6FWcQ,1.065,0.7350000000000001,0.0,0.55,1.485,3.06,0.31,1.495,1.85,0.155,0.175,0.0,0.195,0.255,1.705,0.5,1.3050000000000002,0,116006,5631,717
l62LKcUAKgI,0.64,0.0,0.34,0.0,0.0,0.0,0.62,1.14,0.0,1.24,0.66,2.06,0.0,0.0,0.0,3.2,0.0,1,43292,2312,475
l9hIJpOP5Fo,0.0,0.0,0.0,1.01,0.66,0.0,0.43,0.92,2.13,1.29,0.78,0.0,0.52,0.0,0.81,0.0,0.32,1,1641,23,4
lDc5m69DlKk,0.56,0.89,0.0,1.39,0.0,0.0,0.0,0.0,1.19,0.0,0.0,0.95,0.0,0.37,0.0,0.0,0.0,1,54813,2484,180
lDkAhaR_cyA,0.2033333333333333,0.0,0.5633333333333334,0.24,0.7733333333333334,1.98,0.6916666666666665,0.2533333333333333,0.4033333333333333,0.9933333333333332,1.143333333333333,0.9266666666666667,0.7699999999999999,1.0733333333333337,0.9716666666666668,0.6883333333333334,0.4133333333333333,1,62030,3732,491
lEgYxTAN36I,2.3,0.69,0.58,1.86,1.2,3.55,1.2,0.66,0.49,0.0,2.31,0.0,1.87,0.0,2.09,1.75,0.0,2,4915,335,11
lFDIdJ71AWQ,0.52,0.42,0.4666666666666666,1.653333333333333,0.4266666666666667,0.3766666666666666,0.6466666666666667,0.43,1.4166666666666667,1.0066666666666666,0.0033333333333333,0.2799999999999999,0.0,0.0,0.5433333333333333,1.21,0.1766666666666666,1,265498,7848,349
lG54jwwvTrc,0.87,0.74,0.0,1.38,1.05,0.1,0.6,2.26,1.37,2.93,0.0,0.0,0.0,0.0,2.23,0.0,0.0,0,551,158,279
lGlWteaA0G4,0.76,0.94,0.0,1.25,0.0,0.19,0.0,0.83,0.0,0.0,2.12,2.16,0.0,0.0,0.5,1.3,0.52,1,1712045,50457,13369
lH-ebkL3l9w,0.3333333333333333,0.1366666666666667,0.51,0.3533333333333333,1.3933333333333335,1.2266666666666666,0.7033333333333333,1.8033333333333328,1.0366666666666668,1.2166666666666666,0.8166666666666668,0.5533333333333333,0.0,0.2799999999999999,1.54,2.2433333333333336,0.1333333333333333,0,231176,4929,745
lLQcFpgbMOk,0.2666666666666666,0.2066666666666666,0.94,0.3,0.6,1.93,0.3266666666666666,0.1633333333333333,0.9233333333333332,0.1999999999999999,0.0266666666666666,0.0,0.2833333333333333,0.0633333333333333,1.1033333333333333,0.6233333333333333,0.36,1,104809,10360,726
lOF4vVxBQ-s,0.0,0.0,2.23,0.0,0.0,1.01,0.52,0.6,0.0,0.0,1.15,0.06,0.39,0.0,0.0,0.0,0.0,1,1060257,28442,2000
lQ_4IeSVUrQ,0.59,0.1266666666666666,0.9033333333333332,0.21,1.403333333333333,2.186666666666667,0.9333333333333332,1.5633333333333337,1.3666666666666665,0.57,0.47,0.6166666666666667,0.1566666666666666,0.1266666666666666,1.0633333333333332,0.4433333333333333,0.38,0,780810,29585,3094
lQfMYUon9fM,0.91,0.836,0.298,0.4559999999999999,1.778,2.334,0.696,1.42,1.636,1.522,0.154,0.238,0.5660000000000001,0.174,1.12,0.726,0.048,0,8077,261,16
lQxl7v4iZRU,0.0,0.0,0.005,0.165,0.665,0.44,0.465,1.215,1.005,1.905,0.69,0.0,0.575,0.0,1.1949999999999998,0.545,0.55,0,238387,9026,529
lSHh9qJOKjs,0.968,0.074,0.8960000000000001,0.2799999999999999,0.674,1.73,0.6679999999999999,1.574,0.734,0.7,0.8939999999999999,0.528,1.08,0.02,1.184,1.012,0.4319999999999999,1,1914,208,26
lUy-hP3V-1o,0.0,0.0,0.75,0.0,1.89,2.59,1.03,1.63,1.56,2.51,0.75,0.16,0.18,0.42,2.03,0.88,0.0,0,3679,339,62
lbR5yzJz4uA,0.5966666666666667,0.1066666666666666,0.15,0.5533333333333333,0.68,0.43,0.1933333333333333,1.0266666666666666,1.336666666666667,0.6333333333333333,0.09,0.0,0.26,0.14,1.08,0.2833333333333333,0.0,1,22237,1241,189
lfBJnEJRlt8,0.5725,0.0,0.8574999999999999,0.74,0.6000000000000001,0.365,0.5125000000000001,1.1475,0.4125,0.495,0.7825,0.0875,0.13,0.245,1.0675,0.4599999999999999,0.215,1,300856,5360,75
lfq08YKgIDE,0.065,0.17,0.045,2.67,0.475,0.5700000000000001,0.535,0.8,0.97,0.87,0.0,0.41,0.185,0.175,0.405,0.595,0.0,1,342023,8481,258
lmisnxYQvhg,1.995,0.835,2.49,0.0,0.14,0.895,0.355,0.915,0.2,0.53,1.215,1.755,0.25,0.5549999999999999,0.37,0.595,1.365,1,10494,543,41
lmrf2EjUVa0,0.87,0.43,0.0,0.07,0.44,0.0,0.97,0.0,0.33,0.0,0.0,1.24,0.0,0.3,0.0,1.78,0.87,1,1170485,24094,1116
lnxi--Rx6Po,0.73,0.0,0.65,0.0,1.59,0.09,0.01,1.24,1.89,0.8,0.0,0.0,0.85,0.05,2.71,0.0,0.25,0,1991739,59146,1556
lqpsgJpgVBw,0.79,0.0,0.0,0.0,0.28,1.54,0.0,0.0,0.84,0.0,2.68,1.33,0.0,0.0,0.0,0.0,0.0,1,6763,479,157
lwno0Z10TDg,1.095,0.3225,0.28,0.465,0.2299999999999999,0.615,0.3175,0.92,0.5850000000000001,1.5875,0.63,0.5,0.135,0.275,0.4,1.015,0.0,1,64454,2251,604
lylnNLNNcbA,0.21,0.0,0.275,0.435,0.01,0.0,0.21,1.205,0.35,1.075,0.525,0.0,0.29,0.0,0.475,1.015,0.56,1,954183,27057,919
lyoIryqJ08A,1.67,3.48,1.08,2.64,0.14,0.04,0.0,0.0,0.69,0.0,0.17,0.0,0.0,0.36,3.31,2.56,0.32,2,6753798,235536,15528
m-s5vnq0n-w,1.37,2.43,0.0,0.97,0.0,0.27,0.0,0.0,0.0,0.0,0.0,0.0,0.0,0.0,1.04,1.39,0.24,2,7317,339,0
m1tQXkTN47Y,1.11,0.81,0.0,0.71,2.19,2.75,0.83,1.85,3.13,0.55,0.0,0.0,0.36,0.0,2.69,0.0,0.02,0,52194,1759,195
m42_YBQeQ7w,1.01,0.445,0.41,0.775,0.7,0.66,0.095,1.4500000000000002,0.935,0.6799999999999999,0.595,1.155,0.0,0.03,0.425,0.8200000000000001,0.14,1,24858,1822,134
m4MbuuTmMM8,0.96,1.385,0.0,0.34,2.57,1.005,0.625,1.3,2.62,1.82,0.63,0.335,0.885,0.11,2.025,0.985,0.72,0,5483,293,10
m5YtJQLW_Jg,1.0166666666666666,0.1566666666666666,1.2366666666666666,0.3233333333333333,1.9566666666666668,2.1533333333333338,1.02,1.9,1.9166666666666667,1.0633333333333337,0.24,0.02,0.51,0.0,1.893333333333333,0.25,1.2066666666666668,0,564955,24314,2070
mBFUFsBtQX8,0.6466666666666666,0.0,0.47,0.5833333333333334,0.3,0.5499999999999999,0.4000000000000001,1.7,0.5433333333333333,0.6966666666666667,0.2833333333333333,0.8466666666666667,0.21,0.1466666666666666,0.3066666666666667,0.34,0.4533333333333333,1,1361689,22573,807
mBTU2jyn6yU,0.175,0.0,0.395,0.87,0.55,0.7649999999999999,0.91,0.935,1.065,1.005,0.7150000000000001,0.0,0.18,0.0,0.58,0.545,0.19,1,19051,1232,87
mBqdFmLnKCE,1.48,0.13,0.0,1.72,1.64,1.27,0.13,1.36,1.51,2.47,0.0,0.0,0.0,0.0,0.0,0.0,0.0,0,428,62,14
mD_eFV8Igr8,1.6166666666666665,0.8166666666666665,0.0,0.9266666666666666,1.2166666666666666,0.99,0.1866666666666666,0.8799999999999999,0.9133333333333334,0.1733333333333333,0.2533333333333333,0.0,0.62,0.0933333333333333,0.1366666666666666,0.4766666666666666,0.6433333333333333,1,1834742,45656,5643
mEGowrcIw9E,1.21,0.0,0.0,0.28,0.84,0.52,0.06,1.45,1.42,0.33,0.09,0.0,0.88,0.49,0.02,0.0,0.56,1,1760,77,69
mE_u_aqJxMU,0.0,0.0,0.47,0.6,0.27,1.11,0.31,0.0,0.0,0.0,1.0,0.18,0.34,0.0,0.26,1.0,0.41,1,105,7,0
mEd-p7Qq4jQ,0.6,0.45,0.0,1.96,0.72,0.0,1.42,2.12,0.25,1.29,1.32,0.0,0.0,0.0,1.53,2.05,0.25,1,14512,74,1
mF98At7oSY4,0.8049999999999999,0.155,0.55,0.915,0.315,0.53,0.3625,0.055,0.235,0.3225,0.485,0.41,0.5349999999999999,0.3575,0.44,0.975,0.025,1,180737,4251,720
mHSzgYb-6iI,0.255,0.0,0.575,0.15,1.15,1.275,0.31,1.22,2.275,1.7,0.0,0.0,0.0,0.0,1.5499999999999998,0.0,0.0,0,3270,36,5
mIWo9H1wfc4,0.28,0.0,0.0,0.085,1.045,1.645,0.175,1.525,1.6,0.435,0.0,0.0,0.08,0.0,2.49,1.07,0.0,0,960257,34141,4931
mIghkGjG3oI,0.12,0.0,0.93,0.0,0.49,0.0,0.81,0.0,0.2,0.62,0.24,0.0,0.0,0.2,0.5,3.17,0.0,1,24028,1951,110
mOxxtznRdeg,2.44,2.34,0.0,1.68,0.0,0.0,0.0,0.0,0.0,0.0,0.09,0.13,0.0,0.0,0.01,0.0,0.0,2,6407,526,51
mRGsu99YAPQ,0.565,0.245,0.5,0.82,0.0,0.28,0.09,0.0,0.09,0.165,0.25,0.49,0.435,0.195,1.075,0.3299999999999999,0.065,1,6094,508,51
mRSmk9PBRmA,0.2699999999999999,0.0,0.1807692307692307,0.1107692307692307,1.4723076923076923,1.3507692307692307,0.5492307692307693,0.8484615384615386,1.4715384615384617,0.75,0.1084615384615384,0.07,0.6692307692307692,0.0,1.2692307692307692,0.1984615384615384,0.0861538461538461,0,21048,997,92
mT754_cnPBs,1.4449999999999998,2.425,0.0,4.29,0.0,0.0,0.0,0.055,0.0,0.0,0.0,0.02,0.005,0.075,0.255,0.415,0.09,2,24854,1557,117
mTCgnJCyz2Q,0.885,0.245,0.805,0.71,0.805,0.12,0.56,2.35,1.77,0.68,0.22,0.48,0.0,0.0,1.12,0.0,0.0,0,820787,8754,1320
mX9rUsrSadc,0.345,0.0,0.03,0.0,0.415,0.545,0.0,0.075,0.42,0.275,0.7050000000000001,0.965,0.32,0.1,0.255,0.525,0.0,1,3074233,83175,13633
mYaLS7CmGdQ,1.0875,1.0425,0.8600000000000001,1.0625,1.3,1.3650000000000002,1.3025,1.9875,1.6475,0.115,0.44,0.0325,0.25,0.2774999999999999,2.3625,1.395,0.17,0,39575,1478,74
mZEyGBo1SwU,1.94,0.37,0.61,1.91,1.05,2.53,0.0,0.83,0.94,0.0,1.28,0.45,1.33,0.0,0.0,0.0,0.0,1,5410,408,54
mZOoi-ogbuI,0.66,1.9,0.87,2.01,0.0,0.28,0.0,0.06,0.0,0.0,0.25,0.0,0.0,0.0,1.53,0.47,0.54,2,117,23,11
mcWEmkXF4ik,0.332,0.0,0.8539999999999999,0.734,0.494,1.134,0.308,0.4559999999999999,0.7140000000000001,0.248,0.242,0.0,0.4639999999999999,0.04,0.99,0.6539999999999999,0.182,1,688382,13844,2517
mgwJt140qFI,0.0,0.0,0.0,0.0,1.48,0.0,0.86,0.33,1.56,0.0,0.0,0.0,0.0,0.0,0.0,0.0,0.12,1,16946,356,230
moyCKiESj4E,0.4866666666666666,0.5483333333333333,0.37,0.5616666666666666,0.6883333333333334,0.215,0.0616666666666666,0.4233333333333333,0.9916666666666668,0.9933333333333332,0.2466666666666666,0.1133333333333333,0.08,0.09,0.6316666666666667,0.7333333333333334,0.155,1,62155,3004,141
mpDjtthov0E,0.855,0.05,0.15,0.15,2.635,2.26,0.575,1.195,2.94,0.84,0.0,0.08,0.38,0.0,2.34,0.395,0.5549999999999999,0,38903,2979,513
mz9__Z7wrwM,0.54,0.0,0.505,0.0,0.36,0.565,0.26,0.295,0.915,1.46,0.02,0.0,0.37,0.0,1.375,0.68,1.81,1,95814,5030,208
mzQatvdmAEI,0.0,0.0,0.35,0.5,0.02,0.63,0.22,1.87,0.97,0.0,0.95,0.0,0.0,0.0,1.93,0.68,0.1,1,602042,14736,6574
mzlQGtKF2nc,0.6166666666666667,0.0,1.1366666666666667,0.6133333333333334,0.2033333333333333,0.625,0.1033333333333333,0.295,0.3899999999999999,0.3133333333333333,0.5133333333333333,0.2383333333333333,0.1783333333333333,0.0,0.2416666666666666,0.545,0.3083333333333333,1,161785,8019,259
n1-q5-1NcD4,0.2633333333333333,0.4266666666666667,0.3066666666666667,0.4666666666666666,0.02,0.0,0.17,0.6933333333333334,0.3233333333333333,0.12,0.1899999999999999,0.01,0.5233333333333333,0.0,0.3533333333333333,0.7133333333333333,0.4433333333333333,1,27091,1376,71
n1jPXONfxjI,0.395,0.0,0.0,0.15,0.8400000000000001,0.725,0.0,1.14,1.97,0.7949999999999999,0.0,0.0,0.0,0.245,1.43,0.375,0.44,0,541,41,16
n3rW_AoutiI,1.17,0.0,0.04,0.0,0.0,0.78,1.1,0.5,0.0,1.98,0.21,0.0,0.0,0.0,0.94,0.34,0.0,1,157853,7228,0
n4DJD2NH7ns,1.4799999999999998,0.4366666666666667,0.01,1.4933333333333334,0.4733333333333333,1.0366666666666666,0.3666666666666667,1.2266666666666668,0.3733333333333333,0.4666666666666666,0.3066666666666667,0.46,0.2366666666666666,0.1166666666666666,0.49,0.28,0.5466666666666666,1,91913,4070,172
n4gq6DmWX8E,0.1742857142857143,0.0,0.2971428571428571,0.1942857142857142,1.7685714285714285,1.82,0.5057142857142857,1.3757142857142857,1.8571428571428568,0.6571428571428573,0.0328571428571428,0.0871428571428571,0.3128571428571428,0.1271428571428571,1.39,0.4157142857142857,0.19,0,19864,1148,114
n6b30Kc9ZOw,3.9,3.12,0.99,1.17,0.0,0.31,0.0,0.8,0.5,1.12,0.46,0.16,0.39,0.0,0.22,0.16,0.0,2,335005,43238,4743
n9jXkVvpDvM,0.12,0.0,0.365,0.1425,0.9425,0.39,0.3175,1.095,1.255,0.5725,0.1575,0.24,0.8200000000000001,0.2125,0.5625,0.1825,0.16,1,221256,6147,304
nBQHwf-gi2k,1.19,0.3166666666666667,0.11,1.0033333333333332,0.2233333333333333,0.7333333333333334,0.6233333333333334,0.3,0.1233333333333333,0.4833333333333334,1.5,0.3766666666666666,0.7433333333333333,0.6033333333333333,0.4966666666666666,0.2033333333333333,0.4433333333333333,1,750784,30321,3122
nCbla8yws6k,0.39,0.01,0.0,0.0,0.51,1.0,0.73,0.56,1.42,1.24,0.0,0.17,0.74,0.0,0.13,0.0,0.0,1,87958,2264,299
nFaPIsfZRDM,0.13,0.375,0.2,1.29,0.375,0.19,0.28,1.055,0.7549999999999999,1.2,0.76,0.625,0.0,0.0,0.745,0.0,0.0,1,58,7,0
nFm6POmCyrk,0.94,0.0,0.0,0.17,1.88,2.37,0.135,0.8999999999999999,1.73,1.075,0.215,0.105,1.145,0.09,0.955,0.0,0.345,0,729,78,12
nGak4DeFtDc,0.6514285714285714,0.0885714285714285,0.2757142857142857,0.2071428571428571,1.2442857142857144,1.0057142857142858,0.8185714285714286,1.2957142857142858,1.2100000000000002,1.2357142857142858,0.2442857142857142,0.1214285714285714,0.63,0.1057142857142857,1.0257142857142856,0.7942857142857144,0.3757142857142857,0,86926,2306,213
nGhFWhfZKpM,2.635,2.08,0.0,1.93,0.8049999999999999,0.665,0.29,1.025,0.57,0.355,0.98,0.71,0.0,0.06,0.26,0.0,0.0,2,24961,1450,340
nHJFqf5YRXc,0.0,0.0,0.0,0.275,1.055,2.185,0.055,0.72,1.15,0.185,1.195,0.175,0.295,0.065,1.33,0.62,0.0,1,7514,252,18
nJUXPpqB6VE,0.75,1.29,1.16,0.24,0.0,0.0,0.0,0.0,0.0,1.15,0.0,0.37,1.22,0.06,0.0,0.0,0.17,1,5961,318,52
nJrAdKC_6Og,1.09,0.0675,0.38,0.275,1.385,1.3575,0.345,1.3425,1.7175,1.2325,0.0,0.0,0.1725,0.0025,1.2975,0.07,0.2175,0,224059,6439,391
nL6f2JVWkzc,0.0,0.0,1.03,0.41,1.29,0.2,1.45,0.43,0.0,0.93,1.27,0.52,0.0,1.46,0.0,0.4,0.68,1,527898,12901,1562
nM8VDXb7Qog,1.03,1.12,0.0,0.0,0.0,0.0,0.39,1.36,0.47,0.79,1.51,0.0,0.52,0.12,0.38,0.27,1.11,1,40156,1735,0
nMmYXQGZ_LM,0.3736363636363636,0.1581818181818181,0.16,0.2963636363636363,0.64,0.3472727272727273,0.2509090909090909,1.0190909090909093,1.000909090909091,1.208181818181818,0.1681818181818181,0.3318181818181818,0.279090909090909,0.0427272727272727,0.4827272727272728,0.2372727272727272,0.0209090909090909,1,752,25,4
nOsxxtVS7fE,0.925,0.345,0.83,0.8999999999999999,0.64,1.34,0.405,0.79,0.725,0.285,0.845,0.0,0.0,0.0,1.095,0.5700000000000001,0.015,1,17360,1183,97
nPYbWkiGveo,3.08,0.21,0.0,3.4,0.06,0.0,0.0,0.0,0.0,0.0,0.85,0.0,0.0,0.19,0.0,0.0,0.0,2,3906,58,8
nQ-4mPO_rug,2.29,3.37,0.0,2.93,0.0,0.0,0.0,0.0,0.13,0.05,0.7,2.59,0.0,0.0,0.0,0.0,0.0,2,23313,988,139
nRQq8eSvSIQ,0.4216666666666667,0.1666666666666666,0.3516666666666666,1.0633333333333332,0.4949999999999999,0.7866666666666667,0.235,0.795,0.9683333333333332,0.285,0.1399999999999999,0.0,0.08,0.0983333333333333,0.9316666666666666,0.3266666666666666,0.0,1,94833,4413,163
nRs-LD0Wd0M,1.4725,1.4300000000000002,0.0,0.6425000000000001,0.7775,0.8775,0.245,0.1475,1.5725,0.76,1.1675,0.0,0.195,0.2975,1.845,1.34,0.47,2,134492,4093,449
nTTnNqw1awg,0.0,0.0,0.0,0.0,0.98,2.55,0.76,0.14,2.46,1.1,0.15,0.0,0.0,0.0,1.79,0.78,0.67,0,1294127,61244,1521
nTvBsO0v-Ws,1.2,0.615,0.21,0.2299999999999999,0.115,0.88,0.38,1.12,0.27,0.34,0.195,0.13,0.2,0.0,0.0,0.0,0.0,1,29256,1410,105
nYBYvw74-DQ,1.336666666666667,1.5466666666666669,0.0,2.31,0.7733333333333334,0.5133333333333333,0.1433333333333333,1.29,1.893333333333333,0.8033333333333333,0.5633333333333334,0.2966666666666667,0.0,0.0266666666666666,1.68,0.5966666666666667,0.0,2,36846,2057,210
nYMpN3oOhuM,0.4649999999999999,0.03,0.1175,0.29,0.94,0.7325,0.2175,0.895,1.55,1.0750000000000002,0.3625,0.1125,0.285,0.0,1.3575,0.6224999999999999,0.0,0,232604,5935,193
n_u7sgSZkYo,1.7,0.83,0.37,0.0,1.58,1.51,0.61,1.23,1.18,0.1,0.65,0.0,0.09,0.0,1.55,0.0,1.0,0,38779,1815,236
naDhqgjtHp0,0.0,0.0,0.0,0.415,2.185,1.505,0.6599999999999999,2.15,2.285,1.63,0.33,0.415,0.0,0.05,1.68,0.045,0.0,0,81178,639,303
nc8JE6Jznb8,0.93,0.0,0.6,0.0,0.0,0.0,0.0,0.06,0.0,0.83,0.81,0.0,0.0,0.07,0.62,0.67,0.0,1,1673409,37466,2100
ncGIO6kcN84,0.1,0.0,1.105,0.985,0.3025,0.8975000000000001,0.365,0.1425,0.38,0.0424999999999999,0.1325,0.0,0.12,0.0,0.9675,0.59,0.1725,1,168754,5031,227
nffyrYzzQG8,1.1175,0.7374999999999999,0.2075,1.06,0.755,1.205,0.2475,1.025,1.09,0.145,0.1975,0.0,0.1275,0.175,1.635,1.375,0.1475,1,84547,1858,109
ngMwK3xf6uc,0.775,0.2933333333333333,0.1816666666666666,0.9566666666666668,0.3966666666666666,0.6166666666666666,0.1733333333333333,0.1466666666666666,0.355,0.4783333333333333,0.505,0.1483333333333333,0.9683333333333332,0.35,0.425,0.43,0.0466666666666666,1,94331,5843,270
nivYSwmGz2o,0.73,1.16,0.0,0.0,0.86,1.04,0.0,1.63,3.09,1.17,0.0,0.0,0.0,0.0,3.1,0.49,0.41,0,44546,5829,612
nlaKstONAaI,0.395,0.245,0.07,2.67,0.0,0.0,0.0,0.01,0.065,0.0,0.12,0.0,0.0,0.0,0.115,0.8300000000000001,0.0,1,53680,2683,127
nmAINhpI8j4,1.143333333333333,0.16,0.24,0.6266666666666667,0.7266666666666667,0.75,0.3366666666666666,1.26,0.8233333333333334,0.3966666666666666,0.0,0.0,0.0833333333333333,0.0699999999999999,1.5066666666666668,0.8833333333333333,0.0733333333333333,1,8669,216,25
nqz1BBMWWMQ,2.01,1.11,0.0,3.46,0.18,1.3,0.04,0.0,0.0,0.0,0.66,0.0,0.22,0.0,1.04,0.87,0.0,2,57007,1493,100
o-I3x_-b9MA,1.945,0.44,0.795,1.445,0.555,0.47,0.51,1.85,0.49,0.405,0.78,0.6200000000000001,0.07,0.0,0.99,0.195,0.2299999999999999,1,189117,6166,1501
o56PwyvyeaQ,2.56,0.0,0.0,0.0,0.0,0.0,0.0,1.34,0.58,0.0,1.04,1.44,0.0,0.52,0.0,0.39,0.0,1,2745,64,7
o8rlDKzIQik,0.772,0.074,0.762,0.748,0.096,0.41,0.428,0.952,0.3419999999999999,0.2799999999999999,0.8059999999999998,0.176,0.958,0.0819999999999999,0.3339999999999999,0.604,0.022,1,118728,4528,554
o90DCY4e2k0,0.15,0.0,0.0,1.02,1.16,1.19,0.0,1.23,2.28,0.26,0.0,0.0,0.0,0.0,2.25,0.0,0.0,0,3543,96,7
oAvtmdAnZCU,0.785,0.815,2.345,0.11,0.565,1.315,0.4549999999999999,0.475,0.325,0.785,2.625,0.0,0.6,2.565,0.01,2.5,0.68,1,38578,2050,310
oBt--EcqJ24,0.5,0.33,0.725,0.445,0.26,0.35,0.1,1.255,1.0,0.805,0.5,0.465,0.045,0.065,0.37,0.03,0.0,1,67,2,2
oDw3zpHDS3w,1.205,0.0174999999999999,1.6125,0.9225,2.0475,1.385,0.3475,1.715,2.4325,1.8275,0.01,0.075,0.5575,0.035,2.0925,0.66,0.0,0,106787,2241,119
oEnVBNnNBYA,1.285,0.0,0.925,0.265,0.84,1.36,0.565,1.24,0.365,0.465,0.54,0.0,0.485,0.0,1.41,0.115,0.44,1,76771,7646,417
oGuEcctNshI,1.914,0.908,1.042,0.974,0.206,0.836,0.4679999999999999,0.796,0.178,0.262,0.958,1.144,0.806,0.066,0.476,0.3279999999999999,0.2679999999999999,1,2942040,111524,14634
oHznBlRBcPo,0.61,0.5660000000000001,0.306,0.4619999999999999,0.928,0.604,0.486,1.4600000000000002,1.518,1.434,0.194,0.0,0.516,0.22,2.024,1.16,0.756,0,14073,1204,116
oIB4GxgZ5eY,0.67,0.675,0.0,0.625,0.325,0.395,0.065,0.715,0.26,0.65,0.04,0.0,0.0,0.0,0.5,0.955,0.0,1,5000,438,37
oK2l2dMDGlg,1.94,1.45,0.0,2.22,1.51,0.0,0.0,1.45,2.99,1.67,0.0,0.0,0.75,0.0,2.99,0.14,0.04,2,768300,18321,1182
oLUiDrMuopA,0.2183333333333333,0.0,0.8616666666666667,0.0,0.695,1.596666666666667,0.3516666666666666,0.225,0.745,0.7416666666666667,0.6083333333333333,0.4333333333333333,1.4900000000000002,0.1666666666666666,0.3933333333333333,0.1833333333333333,0.3799999999999999,1,1690,14,1
oNsQS9n2CFI,0.5290909090909092,0.0954545454545454,0.2027272727272727,0.3363636363636363,0.8681818181818183,1.0336363636363637,0.0972727272727272,1.019090909090909,1.4200000000000002,0.8327272727272728,0.1027272727272727,0.0,0.1663636363636363,0.0627272727272727,1.27,0.1627272727272727,0.3372727272727273,0,4138403,79429,7181
oXPwnLZyO1w,0.415,1.09,0.0,1.59,0.275,0.48,0.0,0.84,0.19,0.0,0.57,0.425,0.31,0.0,0.0,0.405,0.0,1,2269,87,16
oYNHeWjc6EM,0.3899999999999999,0.205,0.5483333333333333,0.655,0.5008333333333334,0.6166666666666667,0.3008333333333333,0.2783333333333333,0.6233333333333334,0.29,0.3675,0.1183333333333333,0.6491666666666667,0.065,0.6866666666666666,0.2525,0.2158333333333333,1,74504,1921,58
o_eKAIxHJ7o,1.92,0.0,0.0,0.0,1.37,0.22,0.82,3.01,2.05,3.2,0.9,0.39,0.62,0.17,0.19,0.1,0.0,0,2588,73,49
oa-GMIo3dpQ,0.515,0.59,0.25,0.0,1.955,1.155,0.58,1.595,1.245,1.035,0.165,0.0,0.245,0.31,1.155,0.695,0.675,0,122043,1861,335
oa3GVLOfWws,0.0,0.05,0.0,0.0,2.31,1.05,0.84,2.28,1.78,1.39,0.05,0.0,0.33,0.0,3.1,0.65,0.0,0,887397,27627,1446
ogKvfsYCP3U,1.6,0.83,0.16,0.68,1.03,0.0,0.0,0.3,1.0,2.01,0.55,0.0,0.32,0.58,1.38,0.02,0.27,1,6453,334,8
ohwPQhHSwfc,1.205,0.23,1.91,0.485,0.92,1.295,0.75,1.625,1.25,0.575,0.26,0.0,0.39,0.0,0.6950000000000001,0.0,0.635,1,523330,10312,231
ok1Ig_5oq-w,0.24,1.18,0.0,0.0,1.77,2.33,0.96,2.72,2.86,2.68,0.08,0.0,0.59,0.3,3.06,0.76,0.36,0,20947,1192,63
olL0cyfRwFs,0.24,0.0,0.8799999999999999,0.0,0.665,1.02,0.72,0.635,0.41,0.57,0.12,0.005,0.09,0.2,0.955,0.01,0.52,1,2457,135,35
p10wmSrEE2Q,0.49,0.2866666666666667,0.68,0.7533333333333333,0.5233333333333333,1.3033333333333337,0.4000000000000001,0.1433333333333333,0.5566666666666666,0.52,0.2533333333333333,0.4199999999999999,0.67,0.0266666666666666,0.0699999999999999,0.0,0.0166666666666666,1,676965,18382,517
p1LaUfLyYpQ,0.955,0.1,0.74,0.58,1.715,2.235,0.505,0.95,1.855,0.75,0.175,0.42,0.06,0.105,1.21,0.0,0.345,0,382,20,5
p2azeYV3YN8,0.71,0.24,0.0,1.85,1.14,1.09,0.0,2.48,2.97,2.05,0.0,0.0,0.81,0.0,3.55,1.16,0.0,0,32320,1257,107
p5hF3mbtswo,1.11,0.23,2.65,0.2,3.17,0.98,2.9,3.49,2.22,1.27,0.0,0.0,0.24,0.0,4.23,0.59,0.0,0,195,30,16
p5hraaDYPM8,1.31,0.03,1.05,0.0,1.17,1.07,2.43,1.9,0.24,1.24,0.16,0.61,0.81,0.0,0.34,0.0,0.0,0,4480,391,50
p7unyZ4U1HA,0.95,1.13,0.0,1.74,0.33,0.0,0.32,1.36,0.37,0.66,0.99,0.89,0.77,0.0,0.0,0.0,0.01,1,38948,1520,267
p8RR0srNNDw,0.33,0.06,0.0,0.11,0.55,0.52,0.855,0.6,0.72,1.155,0.355,0.865,0.785,0.035,0.005,0.145,0.035,1,53040,2024,133
pAyhlW6r84M,0.0,0.0,0.0,0.81,0.0,0.0,0.2,0.35,0.63,0.23,0.0,0.44,0.32,0.0,0.04,0.3,0.0,1,129558,3460,664
pCxtEYH9I84,0.05,0.01,0.0,0.38,0.24,0.0,0.0,0.0,0.15,0.0,1.54,0.45,0.0,1.39,0.0,0.0,0.0,1,276370,5448,885
pDvS1mifo2o,0.639,0.286,0.217,1.5470000000000002,0.022,0.258,0.18,0.747,0.4019999999999999,0.371,0.161,0.092,0.015,0.057,0.783,0.998,0.228,1,136451,4191,184
pIhJ6PLKelg,0.6783333333333333,0.1683333333333333,0.4216666666666667,0.7583333333333334,0.5083333333333333,0.96,0.3683333333333333,1.12,0.87,1.0666666666666669,0.585,0.175,1.0,0.4333333333333333,0.5033333333333333,0.9116666666666666,0.2383333333333333,1,2918,44,3
pKNo_mP-2dc,1.355,0.3075,0.555,1.2325,0.605,1.09,0.5725,0.525,0.38,0.435,0.3875,0.2975,0.6325000000000001,0.0325,1.0525,1.0125,0.475,1,588470,9662,1096
pLT2-jZTPi8,0.6371428571428571,0.31,0.5,1.15,0.3314285714285714,0.6214285714285713,0.4242857142857142,0.43,0.63,0.1642857142857142,0.3214285714285714,0.03,0.1914285714285714,0.0,0.9157142857142856,0.4314285714285714,0.1185714285714285,1,238878,8534,363
pNAjL71DIzA,0.4,1.34,0.0,0.0,0.0,0.0,0.0,0.12,0.69,0.0,0.13,0.86,0.0,0.0,0.52,1.47,1.1,1,1952072,42030,1529
pOt30zljCYg,0.59,0.0,0.83,0.73,0.65,0.0,1.01,0.77,0.0,0.07,0.0,0.0,0.0,0.0,0.0,0.0,0.34,1,65506,3197,127
pQqcWZCvt1o,0.62,0.69,0.0,0.0,0.12,1.42,0.32,0.0,0.12,0.0,1.27,0.46,0.0,0.0,1.13,2.51,0.89,1,11805,222,66
pRuQHFmwfbo,0.33,0.1366666666666667,0.1433333333333333,0.0,0.88,0.6933333333333334,0.15,1.1466666666666667,1.2,1.2666666666666666,0.1733333333333333,0.5333333333333333,0.71,0.4966666666666666,0.1533333333333333,0.1633333333333333,0.6233333333333334,1,10291,149,132
pSZY47YY_AI,1.346666666666667,0.67,0.3366666666666666,1.8433333333333333,0.0,1.2966666666666666,0.0,1.5666666666666664,0.4833333333333334,1.55,0.87,1.346666666666667,0.0,0.9866666666666668,0.3133333333333333,0.0,0.36,1,34631,1634,288
pVi_0uV4oO4,0.1766666666666666,0.0,0.4833333333333333,0.0433333333333333,0.9866666666666668,1.3433333333333335,1.07,0.9566666666666668,1.06,0.4666666666666666,0.1733333333333333,0.6499999999999999,0.84,0.0633333333333333,1.36,0.0499999999999999,0.6566666666666666,0,314837,15848,867
pXNjpmV79xY,0.34,0.0,0.0,1.42,0.01,0.0,0.0,0.36,0.67,0.0,0.68,3.28,0.0,0.0,0.0,4.61,0.0,1,867,46,98
pZCZT41ikYs,0.4966666666666666,0.0,0.6233333333333334,0.3966666666666666,1.2666666666666666,1.74,0.11,1.57,1.4799999999999998,0.3899999999999999,0.2433333333333333,0.84,0.8666666666666667,0.33,0.7633333333333333,0.5966666666666667,0.2,0,32804,1065,587
paUexVQQ_0Y,0.515,0.0,0.0,0.585,0.45,0.0,0.38,0.37,0.605,0.41,0.14,0.0,0.41,0.105,0.405,0.7,0.0,1,24535,2302,298
pgyCi7W-gbg,1.18,0.0,0.21,0.0,0.48,0.71,0.68,0.0,0.26,0.66,0.3,0.97,0.62,0.0,0.17,1.16,0.15,1,3795929,75579,4536
pgyfXG8mmtw,0.1157142857142857,0.0614285714285714,0.2514285714285714,0.2842857142857143,1.0685714285714285,1.1371428571428572,0.2042857142857143,0.8057142857142857,1.0857142857142856,1.042857142857143,0.0157142857142857,0.2799999999999999,0.4228571428571429,0.0671428571428571,1.0285714285714287,0.2342857142857143,0.1142857142857143,1,76391,3051,228
piY6UPFcg4E,0.42,0.02,0.0,1.975,0.04,0.0,0.0,0.0,0.72,0.81,0.0,0.0,0.0,0.16,0.0,0.0,0.0,1,146724,2601,351
pikBCAGvTQQ,0.2,0.0,1.035,0.585,2.305,2.695,0.205,2.215,1.88,1.19,0.0,0.0,0.905,0.0,2.4,0.0,0.0,0,298321,12987,1586
pj8e1qh_pFw,0.43,0.0,0.53,0.0,1.315,1.235,1.14,1.065,1.025,1.425,0.465,0.7749999999999999,1.245,0.115,0.41,0.22,0.0,0,50102,2291,357
plIRuVCIHoo,0.345,0.08,0.6075,0.4825,0.565,0.1075,0.1,0.8300000000000001,0.57,0.1925,0.25,0.0,0.375,0.0,0.9975,1.3675000000000002,0.3199999999999999,1,354794,9127,864
pluh28qwVSU,0.5,0.0,0.0,0.02,2.1766666666666667,3.1633333333333336,1.32,1.893333333333333,1.2033333333333334,1.3133333333333332,0.3566666666666667,0.0866666666666666,0.8566666666666668,0.0066666666666666,1.67,0.68,0.0166666666666666,0,1158243,36916,3696
poCFGyWuPAI,0.01,0.095,0.15,0.0,1.14,1.19,0.55,0.665,1.435,0.855,0.005,0.0,0.055,0.0,2.155,1.41,0.265,0,6489,459,75
poP4WEHiHFg,0.7150000000000001,0.2275,0.06,0.8425,0.5125000000000001,0.2625,0.0,1.475,1.61,0.92,0.0,0.0,0.4075,0.225,0.7375,0.3925,0.4,1,593435,18618,1776
pqEiNd-BodQ,3.55,3.63,0.0,0.67,0.0,0.0,0.0,0.0,0.0,0.0,0.16,0.11,0.0,0.0,0.33,0.0,0.0,2,128997,6673,174
ps_futMHK_w,0.8266666666666667,0.8833333333333333,0.1866666666666666,2.07,0.45,1.1,0.1333333333333333,0.4599999999999999,1.1033333333333333,0.7666666666666666,1.923333333333333,0.3666666666666667,0.13,0.0966666666666666,2.44,0.64,0.2799999999999999,2,1141671,25808,1300
puxKH-_9xGM,1.03,0.46,1.72,1.15,1.93,2.05,0.41,1.85,1.74,0.65,0.0,0.34,0.0,0.48,1.27,0.94,0.0,0,10607,380,49
pyUP952W988,5.0,5.0,0.0,5.0,0.3,5.0,0.0,0.85,0.23,0.96,3.53,0.24,0.67,1.19,1.39,4.29,0.0,2,374285,0,795
pzATTm3D-30,2.36,0.34,0.58,1.99,1.03,2.54,0.0,0.78,0.93,0.0,1.09,0.12,1.04,0.0,0.0,0.0,0.01,1,5296,416,40
q0jiplnLE6A,1.67,1.035,0.635,0.365,0.7,0.705,0.025,1.74,1.535,1.345,0.0,0.095,0.0,0.0,1.415,0.0,0.5,0,495,40,16
q16j0aCbC-A,0.18,0.0,0.56,0.0,1.66,1.07,0.0,1.22,2.58,0.85,0.0,0.0,0.11,0.0,2.66,0.59,0.07,0,181371,3458,338
q7GvJdxx8v4,0.0,0.21,0.0,1.2,1.86,1.93,0.38,1.95,2.54,1.77,0.0,0.0,0.26,0.0,3.77,2.03,0.0,0,122193,2639,164
q7QzU8Q4ocE,0.67,0.0,0.0,0.0,1.78,1.88,0.8,2.0,2.92,0.09,0.04,0.0,0.56,0.34,2.09,0.0,0.0,0,339,53,48
q7w7QXvUVEw,0.187,0.048,0.377,0.41,0.772,0.86,0.231,1.138,1.176,1.268,0.3969999999999999,0.0699999999999999,0.069,0.119,0.71,0.295,0.213,1,149806,6049,288
q86_2e-nnqE,1.77,0.35,1.23,0.18,1.61,2.49,0.36,1.27,1.65,2.47,0.0,0.0,1.22,0.0,1.12,0.75,1.6,0,4321,232,6
q9KqyXi6IRM,0.025,0.0,0.0,1.305,0.525,0.0,0.02,1.505,0.685,0.1699999999999999,1.53,0.12,0.755,0.685,0.78,1.395,0.0,1,10195,513,135
qFcd1RYcufE,1.8966666666666665,2.2266666666666666,0.73,2.8166666666666664,0.41,0.0,0.0033333333333333,0.5566666666666666,0.9566666666666668,0.4199999999999999,0.3999999999999999,0.13,0.0,0.0,1.413333333333333,0.5933333333333334,0.0,2,152608,5925,549
qGs-DWaJS3I,1.7000000000000002,0.92,0.81,0.64,0.925,1.365,0.525,2.01,1.085,2.85,0.28,0.72,0.0,0.0,1.185,1.73,0.575,0,13951,508,98
qIbwMzcY-Fs,0.575,0.195,0.0,1.105,0.8049999999999999,0.65,0.0,0.7699999999999999,1.94,1.895,0.24,0.14,0.545,0.305,1.44,0.505,0.37,0,468173,9112,352
qJjZNfhWbiw,1.12,0.0,1.18,0.46,0.0,0.0,0.37,0.91,0.0,0.19,1.04,0.81,0.0,0.0,0.0,0.0,0.0,1,1306,24,4
qKfeGCqI1Nk,1.13,1.27,1.59,1.55,0.0,1.8,0.0,0.0,0.0,0.0,0.0,0.0,0.0,0.0,0.52,1.28,0.0,1,134539,22522,2110
qMmHIjfF4d0,0.0,0.0,0.73,0.84,1.65,2.54,0.75,0.0,0.0,0.0,3.86,0.06,0.0,0.0,1.23,0.0,0.0,1,42853,1300,134
qNK6fd81u2I,0.97,0.57,0.0,0.0,0.99,1.33,0.0,1.23,2.01,1.27,0.0,0.09,0.0,0.06,0.21,0.0,0.71,0,3929,82,3
qPIzoLmZwsk,0.345,0.055,0.0,0.92,0.535,0.535,0.5,0.625,0.255,0.0,1.005,0.155,0.585,0.08,0.0,0.0,0.0,1,48198,2183,117
qPLQ2AR_Cu8,1.28,0.51,0.37,1.21,0.0,0.0,0.04,0.03,0.0,0.0,0.16,1.47,0.0,1.12,0.0,5.0,0.24,1,93934,2174,239
qRD-e9S9IgU,0.26,0.0,0.735,0.315,0.125,0.725,0.0,0.655,0.025,0.0,0.0,0.0,0.0,0.0,0.415,0.135,0.195,1,167171,5596,678
qRd5BG4FSA8,0.48,0.0,0.44,0.196,0.694,0.482,0.398,1.1720000000000002,0.8400000000000001,0.2599999999999999,0.186,0.204,0.258,0.0,0.412,0.1399999999999999,0.188,1,4887,166,16
qX5hBgRIG8Q,0.445,0.0,0.0,0.785,1.13,0.62,0.14,1.015,1.4900000000000002,1.81,0.26,1.28,0.59,0.0,1.52,0.27,0.035,0,3100,12,3
qYdctclNUjo,0.825,0.685,0.02,0.9,1.07,1.53,0.705,1.625,1.88,0.53,0.26,0.0,0.465,0.235,2.015,0.535,0.065,0,13384,634,75
qZgAQP1EhPY,0.0,0.0,0.25,0.0,0.0,0.0,0.0,0.8500000000000001,0.0,0.245,0.325,0.09,0.0,0.0,0.995,1.3199999999999998,0.65,1,377964,13782,274
qbISQ7JAYBU,1.395,0.21,0.875,1.725,0.0,0.0,0.885,0.35,0.04,0.07,1.665,0.0,0.0,0.73,0.3,1.145,0.16,1,319151,13634,1452
qe16IBUcZmY,0.0,0.0,0.37,0.0,0.945,1.66,0.985,0.59,0.88,0.325,0.105,0.225,0.175,0.335,1.045,1.145,1.405,1,664016,17318,601
qfbf05K7iZo,0.954,0.2319999999999999,0.374,1.556,0.522,0.376,0.068,0.2259999999999999,0.408,0.008,0.26,0.8140000000000001,0.996,0.086,0.5599999999999999,0.524,0.014,1,82316,3456,236
qkZW_IqoBBo,0.09,0.0,0.0,0.0,2.68,3.06,0.88,1.9,1.92,0.68,0.54,0.0,1.06,0.0,2.35,0.41,0.0,0,1620709,36679,2084
qlIjiP0U7iA,0.5733333333333334,0.0866666666666666,0.31,0.2366666666666666,1.086666666666667,0.92,0.2199999999999999,0.6433333333333334,0.7366666666666667,0.4366666666666667,0.3666666666666667,0.3366666666666666,0.9266666666666666,0.1433333333333333,1.3433333333333335,0.8366666666666666,0.0533333333333333,1,288253,6819,466
qqHxrueU4iY,1.88,2.53,0.0,0.18,0.0,0.0,0.0,1.2,0.84,0.56,0.0,0.0,0.03,0.0,0.09,0.0,0.0,2,278,15,3
qzdU92L30NA,0.75,0.17,0.215,1.14,0.48,0.805,0.57,0.76,0.0,0.21,1.735,0.175,0.12,1.775,0.8,0.62,0.92,1,119071,5566,404
r44uV9wRSK8,1.1525,0.0,0.1775,0.0525,0.5475,0.3725,0.6325000000000001,0.71,0.3575,1.335,0.915,0.4375,0.1375,0.635,0.9475,0.2875,0.4325,1,73641,2880,179
r5_rGPunG-w,1.715,1.78,0.0,0.89,2.285,1.455,0.495,1.255,3.0,0.76,0.09,0.0,0.63,0.24,1.635,0.385,0.0,0,20423,1374,95
rDwuNncdXkI,0.7250000000000001,0.0,0.2,0.56,0.265,0.0,0.4,0.155,0.14,0.365,0.63,0.05,0.0,0.02,0.0,0.0,0.0,1,65351,3290,250
rGI-ybl6hmQ,1.52,0.57,2.5,0.17,0.37,0.04,0.0,1.72,0.0,0.76,0.0,1.78,0.08,0.0,0.0,0.0,0.12,1,5790,740,176
rH0goRmv83s,0.92,2.51,0.0,0.0,0.0,0.0,0.0,0.08,0.74,0.0,0.0,0.18,0.11,0.0,1.15,1.57,2.63,2,77200,4866,333
rL7THDp44bo,0.5775,0.0,0.3249999999999999,0.5925,0.29,1.1475,0.5775,0.44,0.05,0.95,0.5775,0.655,1.0925,0.2325,0.2025,0.315,0.04,1,74388,2221,285
rPaYydO--dU,0.2568421052631578,0.0194736842105263,0.2178947368421052,0.3268421052631579,0.7684210526315789,1.0557894736842104,0.4515789473684211,0.4010526315789474,0.8289473684210527,0.7910526315789475,0.3468421052631579,0.2657894736842105,0.648421052631579,0.1963157894736842,0.5221052631578947,0.3757894736842105,0.0394736842105263,1,92230,1392,477
rQ0zqHlIs3A,2.19,0.08,0.18,2.0,0.0,0.48,0.0,1.71,0.0,1.01,1.93,2.27,0.0,0.59,0.0,0.0,0.0,1,381644,11897,1338
rSlt7kxx1fk,1.1385714285714286,0.3757142857142857,0.5314285714285715,0.6328571428571428,0.3071428571428571,0.5928571428571429,0.1842857142857143,0.8142857142857143,0.3442857142857143,0.6971428571428572,0.5157142857142857,0.0257142857142857,0.3071428571428571,0.0071428571428571,0.5071428571428571,0.8671428571428572,0.2457142857142857,1,156491,6826,298
rTXxkwnfLQw,0.02,0.0,0.0,0.29,2.065,0.0,0.235,2.345,2.22,0.905,0.135,0.0,0.04,0.035,1.155,0.175,0.0,0,5724,419,93
rUqY_dUpCDY,0.0,0.0,0.18,0.0,1.71,2.38,1.57,2.69,1.87,0.0,0.52,0.0,0.0,0.0,2.72,2.78,0.0,0,15664,1248,164
rVv4f68pPoA,0.08,0.0,0.21,0.6433333333333333,1.7533333333333332,1.656666666666667,0.51,1.5766666666666669,2.32,1.51,0.0,0.0,0.11,0.0633333333333333,2.3666666666666667,1.5433333333333332,0.1033333333333333,0,45121,1227,252
r_sGpp6plHQ,0.94,1.48,0.0,2.02,0.11,0.295,0.095,0.66,1.36,0.635,0.05,0.13,0.095,0.05,1.225,0.6749999999999999,0.0,2,1859,100,25
rbvXpMfZl2I,0.47,0.145,0.545,0.795,2.655,1.84,1.51,2.75,2.575,1.745,0.01,0.0,1.17,0.33,2.21,0.5,0.01,0,280763,6012,506
ricDgJt5sCQ,2.01,0.0,0.0,0.0,0.85,1.9,0.92,0.0,1.41,0.95,0.0,0.0,1.29,0.0,1.19,0.28,2.81,0,32976,1080,32
rmQDjbvJVik,0.395,0.1,0.0,2.0,0.23,0.0,0.05,0.185,0.275,1.36,1.035,0.035,0.48,0.23,0.8999999999999999,0.885,0.0,1,36092,1482,157
rnd9Hqot5RY,1.02,0.25,0.0,2.14,0.77,0.0,0.1,1.76,1.33,1.98,1.47,2.19,0.4,0.0,0.0,0.21,0.0,1,3414,101,44
roCaFODDTbM,0.57,0.335,0.485,0.06,1.4549999999999998,1.405,0.48,1.56,0.745,0.01,0.655,0.505,0.0,0.005,1.03,1.41,0.645,1,3585,327,43
rr9vlpo96d8,0.38,0.0,0.0,0.0,1.6,0.0,0.62,1.99,3.23,1.75,0.0,0.0,0.0,0.0,2.5,0.0,1.36,0,404270,7447,684
rrDe-q9Div4,0.76,0.0,0.0,0.5,1.49,0.53,0.99,1.95,2.45,0.13,0.21,0.0,0.97,0.0,1.88,0.0,0.0,0,2452,240,40
ruBgmdFjSMQ,0.235,0.3,0.7050000000000001,0.055,2.515,2.175,1.225,2.02,2.49,0.605,0.38,0.0,0.34,0.0,3.495,0.8450000000000001,0.86,0,35103,1611,212
ruElibcApIE,0.3366666666666666,0.2766666666666666,0.4266666666666667,0.0,0.8133333333333334,0.0833333333333333,0.6766666666666667,1.4466666666666663,0.9166666666666664,0.7966666666666667,0.7033333333333333,0.7233333333333333,0.8666666666666667,0.0,1.0033333333333334,0.3566666666666667,0.4833333333333333,1,78169,3957,183
ruVGGgnY-wY,1.355,0.105,1.735,0.36,0.795,1.075,0.315,1.085,0.815,0.25,0.48,0.0,0.17,0.0,1.255,0.665,0.465,1,88230,978,224
rvToEKQvF50,1.3199999999999998,1.865,0.095,1.38,0.315,0.0,0.21,0.93,0.565,0.32,0.525,0.485,0.0,0.52,1.055,2.325,0.0,2,41584,2947,667
rxxIlxGqOvI,0.2085714285714285,0.0,0.3728571428571429,0.87,0.7042857142857143,0.5828571428571429,0.4471428571428571,1.0928571428571427,0.9628571428571427,0.7985714285714286,0.4371428571428571,0.2357142857142857,0.8742857142857143,0.0357142857142857,0.99,0.0485714285714285,0.13,1,663434,23145,3278
s-7XxMvb09M,0.0,0.0,0.28,0.0,1.315,1.515,0.505,1.075,1.215,1.0,1.135,0.035,1.745,0.325,1.335,0.315,0.0,0,789,63,55
s1_Bc_E67y0,1.1,1.4300000000000002,0.0,0.735,0.935,0.615,0.0,1.1,1.57,1.475,0.8049999999999999,0.0,0.0,0.0,2.18,0.64,1.06,0,2022408,48313,5121
s6J8ZfrnXoI,0.4533333333333333,0.1966666666666666,0.9733333333333332,0.27,0.1266666666666666,0.1033333333333333,0.16,0.9233333333333332,0.6366666666666666,0.5166666666666667,0.12,0.3033333333333333,0.0,0.2966666666666666,1.106666666666667,1.2233333333333334,1.01,1,205872,8013,317
s6njeSpydbc,0.705,0.705,0.15,0.35,0.815,0.945,0.855,1.15,1.075,0.595,0.86,1.315,0.715,0.17,1.345,0.915,0.0,1,20981,1195,141
s6qypKUMctI,0.07,0.0,0.15,0.61,2.56,2.16,0.615,2.74,2.495,1.25,0.0,0.0,0.295,0.0,2.5,1.0,0.105,0,34039,1175,85
s826RP5rv5E,0.7224999999999999,0.5225,0.1525,0.81,0.4599999999999999,1.2174999999999998,0.1475,0.8025,0.6625,0.4025,0.3825,0.0,0.375,0.0,2.5875,1.4025,0.0075,1,149767,4631,151
s98azhtH3Dw,0.0,0.0,0.0,0.37,1.35,2.96,1.32,1.57,1.33,0.16,0.57,0.0,0.0,0.26,2.7,0.05,0.29,0,849222,24707,2935
sATsGNBRD9k,1.525,2.595,0.0,4.21,0.0,0.055,0.0,0.0,0.465,0.335,0.0,0.02,0.005,0.07,1.565,1.225,0.0,2,23384,1390,82
sAiddfV6n0g,0.0,0.0,0.0,0.27,1.61,1.81,0.23,1.79,2.32,0.51,0.0,0.0,0.0,0.0,3.45,0.42,0.0,0,464,8,5
sBeunz-bOlA,1.96,0.28,0.0,1.27,0.0,1.82,0.58,0.0,0.0,0.0,1.82,0.6,0.0,0.01,0.39,1.91,0.0,1,2468,125,53
sCaAOkdjzkU,0.76,0.0,0.0,0.36,0.9,0.0,0.0,0.29,0.32,0.0,1.31,2.09,0.0,0.0,0.0,0.0,0.62,1,1723,36,3
sD7I3u5xxUo,1.89,2.38,0.0,4.48,1.02,0.43,0.0,1.06,1.78,0.55,0.0,0.0,0.0,0.0,2.32,1.59,0.0,2,66332,2176,221
sJtqUEZe5b0,0.624,0.0,0.52,0.5700000000000001,1.154,0.6900000000000001,0.294,0.642,1.672,0.702,0.204,0.504,0.44,0.1679999999999999,1.308,0.5980000000000001,0.212,1,15275,1426,32
sLG4lh63BLA,0.5549999999999999,0.67,0.0,0.065,1.735,1.03,0.425,0.79,1.35,1.215,1.11,0.5449999999999999,0.985,0.035,2.105,0.76,0.0,0,50225,3238,342
sNKK3aX8Bd4,1.335,0.83,0.425,0.99,0.525,0.435,0.0,0.72,0.9825,0.83,0.1475,0.055,0.3,0.0,1.9975,0.3,0.0,1,39497,1352,152
sOz1Zyg42Gs,0.6375,0.84,0.71,1.4625,0.0175,0.5575,0.2925,0.2375,0.055,0.085,0.265,0.1525,0.21,0.025,0.6725000000000001,0.74,0.58,1,417060,12697,325
sOzt7izjONc,0.5325,0.17,0.78,0.55,0.0,0.265,0.0025,0.0925,0.3075,0.5125,0.095,0.1175,0.75,0.03,0.355,0.605,0.0,1,338437,9489,1744
sQ8-amHR7tY,1.11,1.14,0.0,0.4,0.85,1.78,0.36,0.0,0.32,0.0,1.62,1.2,0.0,0.72,1.43,1.86,1.14,1,27123,2071,305
sRX0LWY7eCE,1.265,0.4,0.35,2.1100000000000003,0.36,0.0,0.0,0.355,0.65,1.19,0.32,0.46,0.1,0.24,0.6,0.275,0.0,1,114622,5869,735
sRd_FC4U5d0,0.045,0.0,0.0,0.56,0.4549999999999999,0.0,0.09,1.065,0.69,0.62,1.03,0.0,1.155,0.0,0.01,0.51,0.0,1,34817,948,295
sSNoIF-wAmw,0.52,0.0,0.58,2.01,0.57,1.67,0.0,0.19,0.0,0.19,5.0,1.35,0.0,1.06,1.05,0.0,0.32,1,5153,461,115
sTAp9uDvlPs,0.5349999999999999,0.2025,0.01,0.37,2.105,0.9675,0.3349999999999999,2.0625,2.5925,1.4525,0.33,0.295,0.0,0.1525,2.5025,0.3875,0.4325,0,83682,3069,106
sTU4mOcJvEI,0.7633333333333333,0.1666666666666666,1.08,0.0766666666666666,0.5233333333333333,1.5199999999999998,0.0,0.5299999999999999,0.0833333333333333,1.21,0.5033333333333333,0.4433333333333333,0.5833333333333334,0.1999999999999999,0.2466666666666666,0.2833333333333333,0.1,1,64031,1484,305
sVTDPKvQfjw,0.15,0.0,0.2,0.65,2.22,2.95,2.79,3.55,0.47,1.66,2.06,0.0,0.0,2.91,2.18,1.93,1.65,0,35620,2415,174
sZb2_4VWzVw,0.0,0.0,1.29,0.0,2.06,2.18,1.22,1.76,1.98,1.92,0.0,0.0,0.0,0.12,1.52,0.0,0.0,0,3370,299,46
sf4wICUY4xU,0.35,0.0,0.0,1.99,1.15,0.0,0.0,0.0,1.78,0.0,0.0,0.0,1.02,0.0,1.74,0.0,0.73,1,41017,2586,1070
skoiHrfdETA,1.065,0.2425,0.42,0.7775,0.2875,1.3199999999999998,0.28,0.495,0.4525,0.5125,0.25,0.2375,0.0,0.075,0.75,0.5874999999999999,0.1425,1,26928,1465,52
stIB8C41h0I,1.2,0.1533333333333333,1.3633333333333333,1.7966666666666666,0.3566666666666667,0.4866666666666666,0.15,1.3133333333333332,0.7200000000000001,0.5733333333333334,0.0666666666666666,0.0,0.9,0.06,0.6233333333333334,0.0,0.3866666666666667,1,16054,897,69
svwxw7iB-W4,1.665,0.25,0.88,0.935,1.005,1.155,0.58,1.515,1.3,1.755,0.7949999999999999,0.02,0.0,0.29,1.405,0.17,0.83,0,63633,2687,179
swOdShaXNps,0.92,0.0,0.33,0.97,1.28,1.54,0.78,1.46,1.39,1.4,0.0,0.0,0.0,0.0,1.58,1.33,0.0,0,319403,11721,1078
sxqDOWgkFL8,1.31,1.25,0.0,0.07,0.0,0.04,0.0,0.0,0.73,0.34,0.33,0.0,0.81,0.0,0.0,0.0,0.0,1,219717,8121,528
t0DyWkA_wbI,0.205,0.385,0.005,0.37,1.595,2.81,0.46,1.1949999999999998,1.97,0.485,0.0,0.0,0.46,0.045,2.355,0.775,0.025,0,89595,2009,163
t1KCgUL62GM,0.6,0.045,0.0,1.3225,1.0,0.61,0.69,0.8825000000000001,0.8474999999999999,0.5874999999999999,0.7875,0.445,0.0,0.75,1.06,0.4925,0.2175,1,37463,918,145
t50jstuxy1Y,1.25,0.0,0.0,0.0,1.7,1.44,0.49,1.6,2.86,0.17,0.0,0.0,0.62,0.0,3.21,0.03,0.24,0,33043,2065,148
t8V2_4KB-LI,1.085,0.335,0.67,0.895,0.855,1.6749999999999998,0.48,1.28,0.875,0.57,0.45,0.29,0.79,0.76,0.27,0.0,0.4649999999999999,1,844030,23284,2009
tB8xTODnh0I,0.27,0.0824999999999999,0.145,0.32,0.2875,1.3075,0.395,0.9975,0.665,0.635,0.7124999999999999,0.3725,0.0,0.1625,0.615,0.3399999999999999,0.18,1,484135,9197,742
tBLvHKSuWaE,0.65,0.74,0.0,1.72,0.0,0.0,0.0,0.0,0.01,0.0,0.0,0.0,0.0,0.0,0.0,0.86,0.0,1,373440,9114,2424
tCu38d1ycMM,0.24,0.0,0.0,0.0,1.68,1.4,0.0,0.42,2.15,0.85,0.0,0.0,0.18,0.0,1.21,0.0,0.0,0,33840,1503,167
tD9YGqa-xrA,0.9,0.295,1.235,1.19,0.515,1.075,0.4449999999999999,0.86,0.79,0.02,0.775,0.475,0.0,0.09,0.875,0.11,0.0,1,80850,1075,83
tDUdeWR0FMo,0.41,1.16,0.0,1.9,1.57,0.52,0.0,2.36,2.46,3.34,0.0,0.0,0.0,0.29,4.22,2.61,0.0,0,24246,1995,151
tDmrvUEqcnQ,2.32,2.37,2.52,1.03,1.43,0.0,1.36,0.82,0.0,0.85,1.69,1.91,0.0,0.0,1.83,2.51,0.95,2,430,19,0
tF_WXKk7TYY,0.5725,0.0,0.7675000000000001,0.6925,1.0375,2.3275,0.105,0.525,1.0025,0.5700000000000001,0.18,0.0,0.515,0.0525,1.0525,0.2575,0.175,1,54750,2885,205
tG3Uh1cLEao,1.6233333333333333,1.346666666666667,0.42,0.3766666666666666,0.3866666666666666,0.5733333333333334,0.2833333333333333,0.5666666666666667,0.4599999999999999,0.2733333333333333,0.1033333333333333,0.0,0.0633333333333333,0.0,2.5,1.086666666666667,0.89,2,11917,534,16
tLnvXS6NFaQ,0.905,0.435,0.01,0.56,0.0,1.23,0.025,0.0,0.17,0.515,0.0,0.145,0.725,0.27,0.0,0.55,0.395,1,40064,832,142
tMWvqEKsldQ,0.0,0.0,0.0,0.4066666666666667,1.3633333333333333,1.913333333333333,0.9566666666666666,0.6333333333333333,1.1866666666666668,0.2966666666666667,0.2266666666666666,0.1566666666666666,0.1633333333333333,0.1066666666666666,0.9166666666666666,0.5966666666666667,0.3133333333333333,0,663253,19375,1041
tQh8umgs1CE,0.375,0.3,0.0,0.215,1.505,1.83,0.515,1.665,1.785,0.815,0.6849999999999999,0.545,0.375,0.0,1.57,0.615,0.07,0,793241,19119,3335
tSZk3cPWbTA,0.0,0.0,0.04,1.29,0.41,0.62,2.26,0.71,0.0,0.0,0.0,0.0,0.0,0.0,0.23,0.0,0.0,1,443302,10431,2582
tSyEn2w15BY,1.3666666666666665,1.3866666666666667,0.0233333333333333,1.05,0.2366666666666666,0.5,0.0166666666666666,0.34,0.0633333333333333,0.0,1.13,1.0433333333333332,0.0333333333333333,0.0,0.0233333333333333,0.1666666666666666,0.2833333333333333,1,138675,6040,403
tVCNar6UXZI,1.49,0.3,0.0,2.12,1.42,2.11,0.55,0.695,1.315,0.0,0.2,0.0,0.0,0.14,3.88,0.575,0.0,0,136233,8161,1539
tW9cnzMZXhk,0.0,0.0,0.62,0.0,1.67,1.12,0.29,1.03,1.94,2.0,0.0,0.0,0.57,0.36,0.35,0.0,1.84,0,10438,485,17
tYALRFw3Ox0,0.15,0.0,0.0,1.14,0.92,0.97,0.04,0.92,0.99,1.005,0.0,0.1,0.83,0.0,1.445,1.11,0.0,1,11525,513,95
tYLFoUTJuGU,0.32,0.14,0.0,0.0,1.92,0.55,0.53,3.45,2.73,0.56,0.02,0.0,0.0,0.0,2.33,0.0,0.2,0,2056994,50505,16062
tYjJMG2m4kE,0.23,0.0,2.22,2.22,0.88,2.62,0.65,4.04,0.0,0.0,1.62,0.0,1.63,0.0,2.11,1.56,0.0,0,534395,10273,1606
tYlsZMI9Ag8,1.1166666666666667,0.09,0.8333333333333334,0.82,0.9966666666666666,0.5199999999999999,0.6699999999999999,1.1,0.7133333333333334,0.13,0.1466666666666666,0.59,1.1766666666666667,0.0866666666666666,0.7166666666666668,0.8366666666666666,0.0333333333333333,1,376787,14236,734
tcwkL4L5P2w,0.4325,0.21375,0.1775,0.49875,0.38375,0.42125,0.2225,0.3225,0.815,0.39125,0.1375,0.18875,0.625,0.17,0.84,0.16625,0.07,1,50395,2534,99
tgBcEpjxw7A,0.52,0.275,1.045,1.57,0.76,0.0,0.39,1.37,0.72,1.37,0.115,0.41,0.0,0.365,0.865,0.16,0.02,1,10018,488,84
tgzwr7hOgK4,0.6733333333333333,0.02,1.42,1.1666666666666667,0.27,0.6366666666666666,0.0566666666666666,2.023333333333333,0.6233333333333334,1.12,1.0533333333333332,0.1166666666666666,0.9966666666666668,0.0,0.0466666666666666,0.0,0.1733333333333333,1,30,7,8
thA7BQWeWfM,1.0766666666666669,1.02,0.52,0.4466666666666667,0.5366666666666666,1.106666666666667,0.2633333333333333,0.8566666666666666,1.11,0.79,0.0,0.5333333333333333,0.1833333333333333,0.11,1.2866666666666666,0.8566666666666666,0.1566666666666666,1,415004,13759,1196
tjMhoid4jVc,2.12,2.395,0.52,2.725,0.81,0.0,0.0,1.19,1.66,1.27,0.0,0.0,0.485,0.03,1.845,0.245,0.66,2,60537,2565,894
tkXzcF_kxeg,1.24,0.712,0.932,2.068,1.112,0.492,0.176,1.73,1.598,1.132,0.5780000000000001,0.058,0.6359999999999999,0.236,1.34,0.2279999999999999,0.124,0,478,60,10
tmVmWrLa-PA,1.3166666666666669,0.9266666666666666,0.41,0.5233333333333333,0.1866666666666666,0.0266666666666666,0.4533333333333333,0.6466666666666666,0.5,0.0,0.5433333333333333,0.3633333333333333,0.0433333333333333,0.1433333333333333,0.93,0.8366666666666666,0.0,1,104421,2703,153
tovnfQwtros,1.485,1.145,0.17,0.795,1.275,1.45,0.095,1.94,1.705,1.09,0.155,0.0,0.505,0.0,2.39,0.58,0.27,0,282844,9514,957
tp_sWmrWdrs,1.26,0.0,0.0,0.0,0.0,0.0,0.37,1.15,0.11,0.0,0.0,0.0,0.0,0.0,1.08,0.9,0.0,1,92562,4258,546
tx-F7DKfzmk,0.6950000000000001,0.535,0.29,0.0,1.445,0.855,1.175,1.205,1.32,0.205,0.23,0.2,0.0,0.0,3.395,1.81,1.0,0,1287,146,7
u-XWJ8QUFQk,0.3566666666666667,0.1833333333333333,0.5166666666666667,0.1133333333333333,0.7266666666666667,1.4266666666666667,0.7400000000000001,0.2733333333333334,0.5966666666666667,0.3766666666666666,0.8933333333333334,0.02,0.1333333333333333,1.0833333333333333,0.9966666666666666,0.8266666666666667,1.2933333333333334,1,47107,2397,469
u3GQfQNRsFE,1.270909090909091,0.8772727272727271,0.31,0.7472727272727272,0.3163636363636363,0.8072727272727274,0.0745454545454545,0.5318181818181819,0.4118181818181818,0.449090909090909,0.5,0.81,0.209090909090909,0.0227272727272727,0.620909090909091,0.109090909090909,0.3754545454545454,1,56505,1785,27
u4GsXRzTqf8,0.0,0.0,0.91,0.0,0.0,2.42,1.6,0.0,0.0,0.0,0.54,0.0,0.0,0.0,0.77,0.0,0.0,1,8755636,37495,0
u4VmYiULPBo,0.6214285714285713,0.4271428571428571,0.8114285714285714,1.417142857142857,0.0942857142857142,0.6428571428571429,0.1128571428571428,0.3714285714285714,0.1942857142857143,0.4842857142857143,0.35,0.46,0.1542857142857143,0.0,0.94,0.9914285714285712,0.2785714285714286,1,493647,18123,461
u4xWsDR5axI,0.945,1.1,0.125,1.5625,0.345,0.945,0.2525,1.5,0.38,1.0550000000000002,0.88,0.36,0.5425,1.21,0.4475,0.3325,0.025,1,4775,384,35
u5FDJtdE2jk,0.77,0.19,0.215,0.0,1.74,1.34,0.97,3.08,2.095,1.6,0.8,1.56,1.6800000000000002,0.15,1.5,0.43,1.05,0,1066996,11171,1326
u6uj4yjTn-k,1.215,0.135,1.4,1.155,0.34,1.345,0.0,0.55,1.04,0.72,0.02,0.0,0.5,0.075,0.22,0.145,0.09,1,6067,607,158
u8DnYviWHA0,0.5133333333333333,0.1899999999999999,0.0,0.3733333333333333,0.21,0.83,0.2166666666666666,0.42,0.87,0.8066666666666666,0.5266666666666667,0.0,1.2466666666666666,0.2766666666666666,0.8966666666666666,1.24,0.1766666666666666,1,1160,67,11
u8V1Cp1Wsnk,0.485,1.015,0.08,0.885,1.435,3.325,0.0,1.345,1.565,0.715,0.0,0.0,0.0,0.05,1.525,0.705,0.225,0,128802,5380,405
u9lyT0XBuOw,0.0,0.0,0.17,0.0,2.82,2.03,1.59,2.07,2.58,0.86,0.15,0.0,0.0,0.0,3.35,0.81,0.0,0,1564,129,19
uBP6eCTV6ew,0.39,0.0,0.12,0.755,0.0,0.15,0.0,0.0,0.0,0.0,1.67,0.46,0.495,0.0,0.125,0.265,0.21,1,214746,5471,539
uFJbwUDWwQ0,2.66,3.27,0.0,0.27,0.74,0.61,0.0,1.45,2.0,1.92,0.07,0.0,0.05,0.0,1.92,0.0,0.63,2,122875,3691,329
uHzkGJZsQVc,1.01,1.17,0.38,0.68,1.07,0.0,0.0,2.53,2.56,0.0,0.0,0.0,0.0,0.0,2.0,0.19,0.0,0,160,16,28
uJnrqPXBWXk,0.74,0.0,0.415,0.025,1.485,2.19,1.06,1.025,1.685,1.2999999999999998,0.0,0.0,0.925,0.425,1.385,1.35,0.0,0,15718,625,80
uJxvnpDlRvQ,2.195,0.245,0.98,1.505,0.065,0.29,0.975,1.24,0.0,0.45,0.945,0.33,0.0,0.57,1.43,1.695,0.3,1,339185,14475,847
uOzvJDk6ZiQ,1.2,2.09,0.0,0.67,0.0,0.22,0.0,0.0,0.78,0.38,0.1,0.0,0.04,0.0,1.24,0.0,0.34,2,66217,3366,240
uSqIB7qvxnw,0.6233333333333334,0.4633333333333333,0.1899999999999999,2.0866666666666664,0.0366666666666666,0.0,0.0,0.84,0.25,0.4133333333333333,0.0066666666666666,0.0966666666666666,0.3833333333333333,0.0,0.66,0.49,0.3233333333333333,1,92226,3352,189
uVHQlP8uYIg,0.8525,1.0325,0.1699999999999999,1.5125000000000002,0.0,0.1,0.0,0.08,0.225,0.075,0.1025,0.0,0.1325,0.0325,0.49,0.46,0.56,1,61512,2746,94
uWdQxpfwWs4,0.14,0.0,0.0,2.64,0.42,0.0,0.36,0.0,0.0,0.0,0.0,1.11,0.0,0.0,0.0,0.0,0.0,1,6636,281,47
uXaGRKM2whs,0.424,0.1359999999999999,0.308,0.498,0.088,0.244,0.034,0.616,0.5820000000000001,0.5599999999999999,0.108,0.056,0.4599999999999999,0.258,0.384,0.206,0.362,1,85603,3394,258
uXjQAtBEuds,1.086666666666667,0.9866666666666668,0.4966666666666666,0.8066666666666666,0.7866666666666666,1.3266666666666669,0.33,1.663333333333333,0.7266666666666667,1.1933333333333334,0.4066666666666667,1.486666666666667,0.1899999999999999,0.11,1.096666666666667,2.1266666666666665,0.41,1,1180213,22364,522
uY3vtYJns9U,1.265,0.8200000000000001,0.0,0.66,2.265,1.955,0.285,2.455,3.38,1.645,0.0,0.0,0.0,0.105,2.565,0.365,0.17,0,37223,2410,83
uZ2KNNuK2B4,0.845,0.555,0.0,0.315,0.09,0.45,0.06,0.45,0.685,0.0,0.85,0.08,0.01,0.0,1.34,1.37,0.23,1,65671,4313,427
uaBTyt6uFQA,0.7450000000000001,0.085,0.2216666666666666,0.345,0.4833333333333333,0.5583333333333332,0.2299999999999999,1.1083333333333332,0.3799999999999999,0.2716666666666666,0.6266666666666667,0.1033333333333333,0.1033333333333333,0.0983333333333333,0.455,0.4933333333333333,0.1816666666666666,1,1384871,37270,2299
udbuo-zyWAs,0.2774999999999999,0.125,0.5825,0.8475,0.43125,0.40125,0.14875,0.41,0.27875,0.1325,0.3575,0.05,0.68625,0.03875,0.82375,0.24875,0.0,1,97482,3849,157
udxRkas0bhY,1.67,0.0,0.63,1.65,1.52,0.0,0.0,1.64,1.8,1.55,0.37,0.0,0.97,0.0,2.35,0.0,0.0,0,85615,3118,93
ue9toKAhTtA,0.0033333333333333,0.0,0.44,0.66,0.58,0.35,0.7833333333333333,0.7133333333333334,0.3433333333333333,0.6166666666666667,0.9266666666666667,0.0,0.0766666666666666,0.17,0.73,0.0,0.5833333333333334,1,926,62,13
ufL2Oj1EtxA,0.5650000000000001,0.29,0.0666666666666666,0.1083333333333333,0.8016666666666667,1.0799999999999998,0.0966666666666666,0.9783333333333334,1.805,1.0,0.2183333333333333,0.0,0.2283333333333333,0.09,1.5233333333333334,0.5650000000000001,0.0,0,1522,22,13
ufkYAsf_GM8,0.0,0.0,0.62,0.09,2.1,1.55,1.23,2.07,2.55,0.89,0.05,0.0,1.76,0.0,4.28,1.47,0.51,0,697102,29403,4593
ug5wZ_siXug,0.4333333333333333,0.0,0.9833333333333334,0.29,1.5066666666666666,1.14,0.7133333333333334,1.85,1.5,1.6366666666666667,0.0466666666666666,0.35,0.6233333333333333,0.0833333333333333,1.0266666666666666,0.35,0.1266666666666666,0,3536,237,24
ujsu7-KV6pI,0.5233333333333333,0.0,0.47,0.1966666666666666,0.6699999999999999,0.6633333333333334,0.2966666666666667,1.61,0.48,0.58,0.93,0.56,0.5566666666666666,0.8266666666666667,0.9333333333333332,1.6133333333333333,0.89,1,1859770,34997,865
ulArT3oWyyw,0.2,0.0,0.0,0.59,0.915,1.47,0.185,1.23,1.21,1.175,0.78,0.0,0.18,0.0,1.625,0.74,0.0,0,42710,1530,216
ulGmdV_1Zyc,0.0,0.0,0.0,1.14,2.73,1.24,0.89,2.78,3.25,2.03,0.16,0.0,0.0,0.0,3.44,0.0,0.0,0,8826,268,86
um8hZrjflRA,1.84,0.13,4.13,0.0,1.62,2.32,0.57,1.48,0.76,0.34,0.32,0.0,0.0,0.0,1.66,0.22,1.07,0,6552,695,139
umyv2V49chI,1.3849999999999998,1.88,0.0,1.47,0.355,0.8400000000000001,0.195,0.87,0.605,1.9,0.335,0.28,0.28,0.0,1.165,0.355,0.06,2,13516,815,101
unTM04ne7wk,0.9725,0.8425,0.1175,1.5875,0.24,0.1325,0.3725,0.44,0.3175,0.315,0.5525,0.9525,0.26,0.2825,0.0475,0.6325000000000001,0.0,1,113468,6600,935
unnmgu4MUWA,0.0,0.0,0.0,1.2,0.3,0.0,0.04,0.31,0.0,0.0,1.69,1.19,1.98,0.3,0.06,1.42,0.18,1,27382,1105,26
uphWgpwpxT0,0.7125,0.0625,0.0125,0.3949999999999999,1.0025,1.195,0.535,0.9125,1.3,1.0875,0.77,0.125,0.1099999999999999,0.19,1.35,0.4175,0.6025,0,71855,2710,217
uq1trByhmfc,0.0,0.0,1.42,0.0,1.11,0.96,1.07,1.1,1.86,1.62,0.0,0.0,0.42,0.27,1.52,0.33,0.0,0,1138,135,144
uu2B7zXLDO4,2.1133333333333333,2.983333333333333,0.5599999999999999,2.1300000000000003,0.9766666666666666,1.7233333333333334,0.5766666666666667,1.2066666666666668,1.2133333333333332,0.8666666666666667,0.4433333333333333,0.5599999999999999,0.54,0.16,2.38,0.18,0.1733333333333333,2,123780,3135,151
uv7XLmg9o9k,1.27,1.35,0.25,1.77,1.375,0.38,0.0,1.45,1.81,1.405,0.88,1.185,0.0,2.525,1.035,0.19,0.155,2,67303,2568,65
uvh2XtMN9W8,0.435,0.045,0.2125,1.1325,0.625,0.7675,0.0325,1.02,0.545,0.44,0.9225,0.23,0.775,0.085,0.6074999999999999,0.975,0.0,1,17041,887,278
uxAUPU1Gi0U,0.4275,0.0,0.45,0.035,1.42,1.32,0.435,2.0125,1.4625,1.09,0.5,0.0425,0.4649999999999999,0.025,1.6975,0.8075,0.375,0,39032,2333,249
v2DFIQl3JjQ,0.625,0.26,0.0,0.225,2.68,1.98,1.07,2.515,2.5,0.32,0.0,1.61,0.485,0.75,2.005,1.665,1.13,0,2075741,33960,2079
v2SAhs5jy4k,0.0,0.02,0.75,1.425,0.7550000000000001,0.375,0.6599999999999999,0.8,0.395,0.575,0.0,0.0,0.225,0.0,0.88,0.4,0.0,1,94448,3541,254
v2ZSSZQHk_8,0.1066666666666666,1.02,0.0,2.23,0.0,0.97,0.1133333333333333,0.66,0.7433333333333333,0.9666666666666668,0.3733333333333333,0.2633333333333333,0.2699999999999999,0.0,0.93,1.14,0.08,1,467917,13332,391
v2vBaW9CmRw,1.72,1.0175,1.01,1.12,0.5549999999999999,0.6425000000000001,0.0,0.6575,1.1475,0.5875,0.6775,0.12,0.55,0.03,1.3925,0.17,0.2525,2,542,43,111
v47IN7NYB_c,0.9675,1.015,0.0,1.295,0.68,1.2975,0.335,0.9375,0.835,0.54,0.165,0.0,0.1325,0.0,1.74,0.2425,0.0625,1,55251,1730,79
v4EwZ2B05qM,1.005,0.49,0.33,0.0,2.3,1.565,0.655,1.06,2.7750000000000004,1.435,0.07,0.0,1.155,0.605,2.63,0.305,0.12,0,1108836,21009,1074
v5AZyo6G2eE,0.71625,0.115,0.77375,0.8175,0.0175,0.49875,0.255,0.36,0.42625,0.77625,0.66375,0.08875,0.0825,0.32625,0.46,0.33375,0.275,1,14441,102,57
v8RYbc8PvuY,0.6633333333333333,0.0,0.0,0.8433333333333333,0.5299999999999999,0.16,0.3666666666666667,0.7733333333333334,0.7666666666666667,0.7866666666666666,0.1033333333333333,0.0033333333333333,1.6933333333333334,0.3266666666666666,0.07,0.0,0.5766666666666668,1,1806,55,25
vCXiadRSUBQ,0.5940000000000001,0.1359999999999999,0.02,0.522,0.794,1.106,0.0,0.538,1.228,0.674,0.0,0.0,0.354,0.11,0.876,0.184,0.026,1,79473,1679,276
vDyDvo-4tg0,0.9,0.325,0.0,0.465,0.71,1.5750000000000002,1.34,1.375,0.3,0.42,0.8700000000000001,0.0,0.495,0.0,0.685,0.135,0.26,1,46219,2691,75
vE-aYCxIRaQ,0.0,0.0,0.0,0.0,1.45,2.4,0.0,2.64,2.59,0.07,0.0,0.0,0.15,0.0,2.4,0.76,0.0,0,7521,237,7
vFTVwADvGKY,1.0166666666666666,0.4133333333333333,0.9066666666666668,0.0,1.0933333333333335,1.72,0.4599999999999999,0.9766666666666666,1.356666666666667,0.8433333333333333,0.4666666666666666,1.0333333333333334,0.5233333333333333,0.12,0.8133333333333334,0.86,0.3533333333333333,1,19643,1057,100
vGj44tTlVIs,1.165,0.6525,0.34,0.965,0.1575,0.8374999999999999,0.105,0.7575000000000001,0.1025,0.35,0.445,0.16,0.9925,0.0,0.2725,0.3825,0.16,1,316,47,34
vJs4hZVbcEs,1.29,0.1333333333333333,0.4866666666666666,0.5066666666666667,1.4400000000000002,2.293333333333333,0.0066666666666666,1.893333333333333,1.7666666666666668,0.8833333333333333,0.0,0.0,0.1733333333333333,0.0,1.596666666666667,0.3433333333333333,0.2966666666666667,0,322333,0,848
vLZ0q5eV2Uw,0.7288888888888888,0.0144444444444444,0.2522222222222222,0.1544444444444444,0.8011111111111111,1.38,0.4788888888888888,1.108888888888889,0.9533333333333334,0.5855555555555556,0.3188888888888889,0.0911111111111111,0.5955555555555556,0.44,0.8788888888888889,0.508888888888889,0.16,1,217519,8194,343
vSJ-MNUKzVU,2.87,0.74,0.6,1.72,0.0,0.12,0.0,1.51,0.0,1.21,1.26,1.3,0.39,0.0,0.55,0.44,0.0,2,169235,4637,856
vWMLmmhyBFQ,0.48,0.0,0.34,0.0,0.78,1.2,0.8250000000000001,0.625,0.19,0.175,0.93,2.33,1.3199999999999998,0.28,0.75,0.255,0.15,1,28259,1383,141
vY45ASw41X8,2.0,0.0,0.5,1.82,1.37,2.61,0.0,0.81,1.22,0.63,1.64,0.6,1.62,0.01,0.0,0.0,0.0,1,9640,581,71
vZMYvrUw8jc,0.28,0.0,0.0,0.1,0.59,1.53,0.31,0.35,0.78,1.05,0.38,0.0,1.37,0.0,0.24,0.0,0.0,1,72926,1619,242
vbCWfYUqZIg,0.84,0.0,0.88,0.13,1.81,1.75,0.01,1.79,2.22,2.0,0.0,0.0,0.0,0.28,2.24,0.35,0.0,0,135671,7492,569
ve-gGv0VjDM,0.91,0.255,0.11,0.85,0.12,0.48,0.405,0.865,0.195,1.335,0.37,0.685,0.185,0.51,0.23,1.095,0.0,1,39767,1864,247
vgHfpMFRDnA,0.11,0.0,0.0,0.0,1.93,2.53,0.35,0.62,2.3,0.0,0.31,0.0,0.26,0.31,2.24,0.12,0.44,0,46990,2959,120
vgPFgIilI9A,0.34375,0.03375,0.11875,0.52625,0.30625,0.185,0.14875,0.15,0.2825,0.28625,0.2525,0.0,0.57125,0.155,0.07625,0.17125,0.2249999999999999,1,145730,4605,427
vge15YEaLbk,1.035,0.205,0.5800000000000001,0.0,0.78,0.935,0.165,0.385,0.37,0.36,0.53,0.0,0.025,0.175,0.725,0.04,0.095,1,5657,88,33
vk7_uI-V_9I,1.005,1.15,1.625,0.34,1.395,0.15,0.515,1.6800000000000002,2.33,1.685,0.5449999999999999,1.235,0.945,0.105,0.4599999999999999,1.245,0.915,0,181,10,12
vl0HKxs2Q6k,0.51,0.155,1.415,0.4649999999999999,1.17,1.165,1.08,2.35,1.03,1.555,0.77,1.825,0.105,0.62,0.3,1.09,0.07,0,5370,573,156
vlXUmXkTaCs,0.27,0.0,0.0,0.06,0.34,0.51,0.07,0.89,1.58,1.33,0.0,0.0,0.0,0.0,2.49,0.07,0.0,0,3914,281,29
voJl8cH8Zpo,2.0,0.35,0.6200000000000001,0.14,0.69,0.63,0.6,0.885,0.545,1.45,0.215,0.485,1.175,0.27,0.635,0.05,0.26,1,13487,1227,332
volmZv1dva8,0.85,0.0,0.0,0.0,1.8,0.0,0.24,1.94,2.85,1.16,0.47,0.0,1.53,0.13,2.27,0.0,0.0,0,674229,12391,612
vpGYmk0kg1E,0.0,0.0,0.0,0.0,1.36,2.71,0.0,2.92,2.78,0.0,0.0,0.0,0.47,0.0,2.37,0.92,0.0,0,103954,1063,26
vrwkd3W1lD0,0.7949999999999999,0.15,1.23,0.085,0.235,0.63,0.25,1.225,0.0,0.0,0.91,2.25,0.035,0.025,0.0,0.14,0.17,1,691411,31855,2486
vuQqCtkpOTc,2.21,1.52,0.0,0.58,0.48,0.14,0.0,0.63,1.17,0.91,0.71,1.9,0.03,0.0,0.0,0.98,0.46,2,27507,905,180
vwmwPlFX3e0,0.584,0.0,0.21,0.6559999999999999,0.6859999999999999,0.302,0.168,1.654,1.144,0.966,0.112,0.098,0.404,0.316,0.8059999999999998,0.088,0.362,1,105762,5102,436
vyezxhPOZsg,0.195,0.01,0.09,0.33,1.065,0.39,0.385,1.805,1.905,1.39,0.0,0.085,0.125,0.01,1.51,0.375,0.0,0,6010,58,3
vynTh30p49k,0.72,0.05,0.65,0.5,0.81,1.055,0.185,1.475,1.005,0.99,0.25,0.225,0.46,0.335,1.595,0.375,0.055,0,64886,1285,265
vzSmLYoOMc0,1.3,0.0966666666666666,0.96,0.6,0.8666666666666667,0.5066666666666667,0.17,1.7466666666666668,0.9466666666666668,0.5566666666666666,0.58,0.7566666666666667,0.0,0.4599999999999999,0.3,0.0433333333333333,0.0,1,304,2,1
w-uejeoxpLg,2.41,1.72,0.0,1.95,0.0,0.0,0.0,0.79,0.54,1.22,0.56,0.0,1.61,0.0,0.89,0.29,0.0,2,4126,316,97
w0J2LGBV6-I,0.68,0.0,0.825,0.935,0.6799999999999999,0.93,0.845,0.465,1.215,0.235,0.0,0.0,1.075,0.0,0.915,0.0,0.19,1,2045,33,10
w3XLgvayYFs,0.96,0.585,0.15,1.22,1.06,2.18,0.495,1.425,1.17,0.8500000000000001,0.42,0.0,0.26,0.31,1.475,0.905,0.0,0,193748,10669,944
w46Fslwmujo,1.63,0.94,0.71,0.0,1.43,2.49,1.31,1.32,0.78,1.31,0.0,0.82,0.0,0.54,0.4,0.7,0.62,0,2545124,40370,3214
w7W6NcwvFic,1.09,0.64,0.3,2.24,0.7,0.0,0.5,0.0,0.3,1.17,1.16,1.18,0.0,1.34,1.62,2.79,0.57,2,109492,4200,810
w8GdDhQDvsM,0.7833333333333333,0.7933333333333333,0.0499999999999999,0.77,0.5133333333333333,0.8066666666666666,0.4133333333333333,0.34,0.6466666666666666,0.2566666666666666,0.2933333333333333,0.1266666666666666,0.5666666666666667,0.0,1.08,0.3966666666666666,0.0,1,23912,1197,59
wB-NrGhIW6s,0.325,0.0,0.7150000000000001,0.065,0.145,1.33,0.325,0.3,0.0,0.365,0.695,1.165,0.34,0.33,0.255,0.32,0.465,1,42445,2594,165
wDqIA8MYXYI,0.29,0.0,0.3433333333333333,0.1566666666666666,1.5266666666666666,1.5433333333333332,0.5766666666666667,1.3433333333333335,1.4400000000000002,0.3766666666666667,0.45,0.21,0.0833333333333333,0.1066666666666666,1.3,0.8566666666666668,0.3466666666666667,0,45307,2703,222
wFX5hVPDxg0,0.53,0.7133333333333334,0.3799999999999999,1.4866666666666666,0.4266666666666666,0.43,0.3966666666666666,0.7433333333333333,0.2933333333333333,0.6666666666666666,1.37,1.0533333333333337,0.0633333333333333,0.15,1.25,0.8633333333333333,0.58,1,597426,16442,586
wHGYz9tbcEw,0.29,0.0,1.07,0.3,1.93,0.39,1.25,4.59,2.62,1.71,0.54,0.0,0.1,0.0,3.06,0.57,0.0,0,637946,22378,1997
wJ-wYa4aBgQ,0.835,0.0,0.015,0.8500000000000001,0.92,0.835,0.835,1.775,1.885,0.8700000000000001,0.175,0.0,0.17,0.0,1.115,0.0,0.0,0,17936,900,90
wKlxcr-judM,2.42,2.89,0.0,1.8,1.37,2.01,0.0,0.91,0.83,0.21,0.86,0.37,0.73,0.61,0.8,1.32,0.07,2,38265,2625,802
wMRE70ewaRc,2.27,2.79,0.0,4.4,0.0,0.0,0.0,0.0,0.19,0.0,0.05,0.0,0.0,0.0,1.06,1.29,0.0,2,393586,10640,886
wMW_Uk9M5CY,0.6675,0.3875,0.675,0.3725,0.4575,0.76,0.125,0.905,0.6775,0.0475,0.135,0.0,0.01,0.0,1.6375000000000002,1.1975,0.6024999999999999,1,140648,4064,488
wNoxFXUQqWc,0.44,0.0,0.26,1.955,0.0,0.2,0.475,0.335,0.175,0.0,0.0,0.0,0.0,0.0,0.24,0.485,0.0,1,1903891,79790,1976
wOI7I95Oxsg,0.125,0.08,0.0,0.41,0.0,0.2,0.0,0.0,0.0,0.0,0.12,0.0,0.04,0.01,0.0,0.11,0.0,1,105401,5756,1194
wQlPhqtjSVg,0.83,0.0575,0.09,0.7625,0.1125,0.2199999999999999,0.13,0.4575,0.1125,0.2825,0.415,0.145,0.965,0.1025,0.3225,0.075,0.4524999999999999,1,62054,1412,242
wTJoFjIF5pY,1.19,0.3,0.13,1.6800000000000002,0.845,0.79,0.58,0.12,0.91,0.0,1.38,0.0,0.0,0.48,1.505,0.0,0.0,1,62505,2613,313
wYK5yOptg9g,1.04,0.65,0.865,2.81,0.49,1.0499999999999998,0.22,0.205,0.9,0.385,0.48,0.0,0.5549999999999999,0.0,1.86,0.335,0.0,2,254847,9818,1719
wa9nSRu9bA0,0.0,0.0,0.195,0.045,0.775,0.79,0.415,1.19,1.365,0.7949999999999999,0.11,0.0,0.24,0.0,1.14,0.56,0.0,0,1099453,31034,2540
whQvP6x2yMY,0.67,0.0,0.0,1.55,1.285,1.885,0.535,1.015,1.02,0.965,0.925,0.4649999999999999,0.475,0.21,0.93,0.205,0.0,1,1443,57,15
wira2nf3DFo,0.0,0.0,0.525,0.66,1.41,1.37,0.6950000000000001,1.62,1.0,1.565,0.975,0.885,0.135,0.415,0.415,1.045,0.0,0,25614,1757,191
wkBlLJhebX0,2.555,1.83,0.08,2.7,0.0,0.425,0.065,0.175,0.26,0.0,0.29,0.79,0.175,0.0,0.075,0.0,0.585,2,336361,11842,506
wmCecoqwQXo,0.945,0.0,0.43,0.595,0.89,1.29,0.59,1.02,1.19,0.79,1.335,0.405,0.24,0.015,0.91,2.495,0.3,1,9518,63,8
wmSnxN-zQsw,1.98,3.0,0.0,4.02,0.0,0.0,0.0,0.0,0.0,0.0,1.08,0.58,0.0,0.0,0.0,0.0,0.0,2,14764,914,107
wv0dKyMn3HA,1.79,1.48,0.0,0.98,0.0,0.0,0.0,1.85,0.0,0.0,1.43,1.18,0.98,0.17,1.36,0.14,0.0,2,717626,34348,2853
wvo4y6_Hy34,0.795,0.89,0.45,0.0,0.575,0.94,0.1,1.15,1.305,1.8,0.04,0.0,0.4,0.0,1.85,1.285,0.63,0,745984,41522,4743
wwhHD6xa70I,0.7754545454545455,0.2063636363636363,0.3563636363636364,0.7690909090909092,0.32,0.28,0.0863636363636363,0.5627272727272727,0.5572727272727273,0.1554545454545454,0.2881818181818181,0.0,0.3881818181818182,0.0699999999999999,0.3972727272727273,0.2463636363636363,0.3045454545454545,1,184208,6163,246
x4DXHbnG8Sw,1.93,1.37,1.6,1.47,0.0,0.305,0.0,0.35,0.0,0.6900000000000001,0.495,1.025,0.065,0.17,0.085,0.81,0.0,2,6462,411,24
x5BPfHKtH_Q,0.855,0.0,1.405,0.8200000000000001,0.525,0.595,0.11,1.11,0.635,1.1,0.485,1.06,1.975,0.0,0.54,0.165,0.645,1,1519,95,11
x7djETYCzu0,0.3,0.45,0.0,0.25,0.03,0.0,0.0,0.0,1.32,1.31,0.0,0.0,0.15,0.07,0.35,0.19,0.0,1,66828,744,109
x94mHa0LeRs,0.3685714285714286,0.0957142857142857,0.0385714285714285,0.4842857142857143,0.2357142857142857,0.8185714285714285,0.0971428571428571,0.2857142857142857,0.36,0.3785714285714285,0.2685714285714285,0.0,0.3057142857142857,0.0371428571428571,0.2585714285714285,0.2471428571428571,0.3128571428571428,1,121845,5507,597
x9ONPpzEytw,1.15,1.38,0.0,0.51,0.93,0.43,0.0,1.03,2.39,1.8,0.0,0.35,0.07,0.2,0.86,0.35,0.0,0,354,22,12
xCc9yVq6Ag4,0.745,0.935,0.0,0.305,0.435,0.8,1.0,0.975,0.4,0.615,1.14,0.0,0.86,0.0,1.515,1.01,0.125,1,3447,44,2
xEC_W6DHRjk,0.51,0.0,0.04,0.0,2.29,3.04,0.73,1.16,1.97,0.0,0.0,0.0,0.18,0.0,2.62,1.13,0.0,0,156268,2643,224
xFsA-svlEUQ,0.715,0.235,0.885,1.02,1.2,1.23,0.8150000000000001,1.415,1.435,0.605,0.755,1.015,1.0550000000000002,0.165,2.01,0.07,0.56,0,553646,18500,1109
xHrqHulxK7c,1.42,0.76,0.95,0.34,0.325,0.125,0.35,1.11,0.535,0.86,0.41,0.67,0.215,0.105,0.505,1.505,0.0,1,2699383,77753,2017
xJqJLaox2Yw,0.0,0.0,1.17,0.0,2.55,3.53,0.72,1.63,2.43,1.06,0.0,0.0,0.0,0.0,2.41,0.04,0.86,0,207326,6025,640
xKOsZCpCVm4,1.2033333333333334,0.0,0.6766666666666666,0.3266666666666666,0.3433333333333333,1.846666666666667,0.7133333333333334,0.0833333333333333,0.0566666666666666,0.4166666666666667,0.3066666666666666,0.09,0.01,0.2633333333333333,0.0,0.2366666666666666,0.1866666666666666,1,250339,11897,583
xLbvAdzxmhY,0.8300000000000001,0.0,0.0,0.835,0.44,0.675,0.0,0.515,1.13,1.02,0.3399999999999999,0.3,0.0,0.14,0.5,0.595,0.0,1,19909,975,110
xNhBvveK9rM,1.5,0.995,0.43,2.395,0.0,0.455,0.09,1.085,0.14,0.0,1.175,0.585,0.49,0.0,0.88,0.0,0.3,2,1079598,41086,4044
xPS2OWccG1g,1.216,0.986,0.54,0.974,0.044,0.8,0.228,0.0,0.01,0.2259999999999999,0.884,0.23,0.518,0.316,0.122,0.724,1.208,1,605,51,12
xPvDiUGi9lU,0.6980000000000001,0.214,0.1359999999999999,0.448,0.808,1.118,0.094,0.764,0.976,0.6679999999999999,0.178,0.186,0.428,0.072,0.926,0.304,0.2299999999999999,1,6464,653,97
xSDlst1c67U,0.0,0.0,0.785,0.475,2.34,1.265,0.325,2.5,2.355,1.925,0.22,0.0,0.475,0.0,1.7,0.0,1.305,0,1260,30,17
xSq5MtZjG3c,0.97,0.8166666666666668,0.0,0.7433333333333333,0.6466666666666666,0.16,0.0466666666666666,1.3333333333333333,0.7666666666666666,0.8366666666666666,0.1166666666666666,0.7266666666666667,0.1166666666666666,0.2866666666666667,0.2966666666666666,0.4633333333333334,0.0,1,4699,395,37
xTZblAWYS4s,1.49,1.74,0.0,3.0,1.08,0.6,0.84,0.3,0.44,1.31,0.38,0.71,0.0,0.49,0.27,0.51,0.0,2,255332,6358,733
xUPYc411duE,0.7866666666666666,0.115,0.1741666666666666,0.6866666666666666,0.2166666666666666,0.3891666666666666,0.1808333333333333,0.49,0.2466666666666666,0.1191666666666666,0.4116666666666667,0.1758333333333333,0.2375,0.0491666666666666,0.3274999999999999,1.0525,0.1425,1,73609,3254,267
xW4FXlf7JlQ,0.3866666666666667,0.0,0.0766666666666666,0.8599999999999999,0.7033333333333333,1.42,0.0366666666666666,0.41,1.2833333333333332,0.3466666666666667,0.3566666666666667,1.1966666666666668,0.2266666666666666,0.1966666666666666,0.7966666666666667,0.0,0.32,1,17882,795,112
xY6FZioxlgw,0.76,0.13,0.26,0.0,1.4,1.56,1.49,1.71,0.0,0.5,0.88,0.0,0.0,0.0,0.65,0.26,0.15,1,2016997,33901,9928
xYmlSjp22wo,0.5733333333333334,0.0,0.73,1.75,0.3,1.8266666666666669,0.0,0.3766666666666666,0.0766666666666666,0.2266666666666666,0.7566666666666667,1.0733333333333337,0.4333333333333333,0.0,0.3733333333333333,1.43,0.0,1,9948367,181938,0
xZBccbBIV7U,1.77,1.78,0.0,1.8,0.0,0.0,0.0,0.0,0.0,0.0,0.94,0.0,0.7,0.0,0.0,0.0,0.0,2,31772,1538,223
xayG_VtzUIE,1.38,0.56,0.0,0.82,0.9,0.0,1.01,1.505,1.115,0.68,0.405,0.61,0.305,0.0,0.965,0.38,0.0,1,59573,0,198
xd-4sPjzFfI,1.93,0.0,0.0,0.0,1.61,1.44,0.26,1.94,2.44,0.99,0.0,1.02,1.06,0.0,1.07,0.0,0.0,0,1778,165,35
xfV7AeFg90A,0.82,0.0,0.0,0.0,0.0,0.0,0.0,0.7,0.02,0.1,1.14,0.73,0.0,0.0,0.1,1.93,0.63,1,40311,3189,111
xfnxjGiz2Uo,0.2233333333333333,0.1,0.3566666666666667,0.7711111111111111,0.7755555555555556,0.8333333333333334,0.4299999999999999,0.6022222222222222,0.8,0.6033333333333334,0.1788888888888888,0.2488888888888889,0.2722222222222222,0.1444444444444444,0.5788888888888889,0.4244444444444444,0.1222222222222222,1,151706,9016,384
xg98i7oWINE,0.4599999999999999,0.0,0.1666666666666666,1.3433333333333335,0.1066666666666666,0.25,0.1133333333333333,0.2166666666666666,0.0,0.01,0.4666666666666666,0.3633333333333333,0.7999999999999999,0.16,0.0,0.51,0.13,1,1507,40,28
xiMoenxcnbU,0.455,1.0950000000000002,0.0,1.455,0.0,0.0,0.0,0.0,0.0,0.0,0.16,0.0,0.005,0.0,0.24,0.495,0.0,1,21872,616,178
xid2dKmJKbU,0.74,0.0,0.21,0.0,0.92,1.07,0.0,1.43,0.48,2.44,1.04,1.13,0.0,0.84,0.21,0.0,0.0,1,1511,43,26
xkO1xSutXmE,0.93,0.645,0.0,0.39,0.725,0.715,0.435,0.875,0.645,0.375,0.11,0.295,0.185,0.44,0.015,0.02,0.0,1,13355,1030,293
xmJ8TmUtpdg,1.36,0.4133333333333333,0.0,1.94,0.0,0.2533333333333333,0.1466666666666666,0.2766666666666666,0.4033333333333333,0.0,0.3966666666666666,0.0,0.0,0.17,0.5,0.0,0.0,1,11679,686,47
xon9s2T0Xxc,0.2766666666666666,0.0,0.3266666666666666,0.48,2.223333333333333,1.5666666666666669,0.53,1.6233333333333333,2.2466666666666666,0.9933333333333332,0.0,0.0,0.2366666666666666,0.0,1.5166666666666668,0.5166666666666667,0.1766666666666666,0,807214,35253,1908
xq6cedD4-eo,0.7799999999999999,0.0,0.5599999999999999,0.9533333333333336,1.0433333333333332,0.94,0.01,1.1166666666666667,0.52,0.09,0.1833333333333333,0.0633333333333333,0.3966666666666666,0.0666666666666666,0.8133333333333334,0.06,0.6866666666666666,1,3880977,142451,12567
xrKtvEh2wO8,0.415,0.135,0.3899999999999999,0.2799999999999999,0.31,0.02,0.055,0.15,0.065,0.735,0.42,0.0,0.0,0.065,0.1,0.785,0.295,1,140341,8297,628
xryGmTIdfs0,0.3249999999999999,0.0,0.0,0.175,1.21,2.33,0.195,1.295,0.91,0.65,0.84,0.045,0.675,0.155,0.31,0.0,0.14,1,72167,1839,261
xyzndr2MA0w,0.31,0.0,0.3233333333333333,0.4433333333333333,0.4033333333333333,0.7133333333333334,0.0,0.24,0.97,0.7233333333333333,0.2,0.01,0.4733333333333333,0.0,0.4766666666666666,0.49,0.21,1,556783,9421,589
y-cb3qVBDb8,0.565,0.645,0.0,0.025,1.555,1.91,0.58,2.26,1.6700000000000002,1.465,0.0,0.0,0.18,0.0,3.075,1.29,0.0,0,39933,0,258
y0gG7Tc-wHw,1.33,2.39,0.0,0.75,2.14,2.51,0.46,1.84,3.29,1.74,0.0,0.0,0.53,0.0,4.49,0.61,0.29,0,13708,1715,261
y0i2HU4C3R0,0.36,0.0,0.2633333333333333,0.79,1.0366666666666666,1.1166666666666667,0.7366666666666667,0.7633333333333333,0.8166666666666668,0.4633333333333334,0.61,0.61,0.3566666666666667,0.1833333333333333,0.52,0.0,0.3566666666666667,1,554,36,12
y3-6ivWqqr0,1.995,1.56,0.46,1.35,0.0,0.0,0.075,0.065,0.01,0.0,1.135,1.05,0.96,0.325,0.115,0.565,0.38,2,49874,3522,284
y6uJTEA_I6M,2.66,0.7,0.07,0.53,0.0,0.0,0.0,0.0,0.07,0.2,0.3,0.1,0.14,0.78,0.12,0.48,0.0,1,12793,749,87
y6yrAADHdog,0.388,0.0,1.12,0.332,2.384,1.754,0.6779999999999999,1.528,2.18,0.776,0.134,0.1379999999999999,0.3099999999999999,0.062,0.784,0.0,0.112,0,33134,1073,97
y7DQc6s7LwA,1.13,0.52,0.0,1.67,1.84,0.3,0.0,1.855,2.76,1.45,0.0,0.0,0.355,0.355,3.19,0.32,1.005,0,55410,2024,788
y7ECCYITe9U,0.5549999999999999,0.23,0.0,0.515,0.84,0.965,0.475,1.4049999999999998,2.1100000000000003,0.83,0.055,0.0,0.0,0.0,1.76,0.4549999999999999,0.14,0,10783,544,67
y8txqt2exjQ,1.31,0.6,0.0,3.14,0.47,0.89,0.0,0.77,0.91,1.22,0.83,1.27,0.01,0.3,0.0,0.21,0.0,2,732170,26157,1767
y9ApSkrvLKg,0.4266666666666667,0.1966666666666666,0.0,0.9266666666666666,1.2300000000000002,2.01,0.4433333333333333,1.096666666666667,1.5266666666666666,1.1333333333333333,0.2433333333333333,0.0,0.3666666666666666,0.03,2.3233333333333333,1.0933333333333333,0.0,0,266444,8242,1175
y9iCFcSaD58,0.0,0.0,0.9,0.005,1.655,1.17,1.125,1.725,1.155,1.045,0.475,0.0,0.64,0.0,2.08,1.13,0.31,0,53873,1512,175
yBPYd8MUBqA,2.29,0.22,0.62,1.55,1.16,2.66,0.0,1.12,1.04,0.0,1.28,0.25,0.76,0.0,0.0,0.0,0.04,1,8907,606,69
yBeRdhX1FMk,0.28,0.01,0.0783333333333333,0.2583333333333333,0.6433333333333334,1.4,0.6333333333333333,0.3883333333333333,1.415,0.8883333333333333,0.2816666666666667,0.405,0.4433333333333333,0.0,0.7600000000000001,0.3849999999999999,0.2733333333333334,1,2456,63,15
yGULu6ml0mg,0.13,0.5,0.0,0.14,1.8,2.15,0.54,1.58,2.53,1.06,0.0,0.0,0.0,0.0,2.02,0.0,0.01,0,19882,345,93
yLK-4bcZVtQ,1.3233333333333333,0.0,0.5866666666666667,1.15,0.43,2.106666666666667,0.0666666666666666,0.4866666666666666,0.2433333333333333,0.4266666666666667,0.4066666666666667,0.2633333333333333,0.01,1.3166666666666669,0.4766666666666666,0.6233333333333334,0.3433333333333333,1,96561,3425,210
yOw0sYXvbIc,0.0,0.0,0.0,0.0,1.88,2.4,0.4,2.12,2.61,0.96,0.44,0.0,0.74,0.06,2.52,1.29,0.0,0,537962,9262,615
yQX0pb0wbiI,0.97,0.78,0.0,0.0,1.08,1.59,0.0,0.9,1.96,1.01,0.0,0.24,0.0,0.21,0.25,0.04,0.65,0,6290,89,7
yRD2VSyC9n4,0.0,0.0,0.0,0.0,1.37,1.79,0.97,0.69,2.56,0.26,0.39,0.0,0.29,0.0,2.66,0.0,0.17,0,41015,1578,70
yUfIdxgnUnM,0.2988888888888888,0.1877777777777777,0.3344444444444445,0.7611111111111111,0.2111111111111111,0.0222222222222222,0.19,0.4666666666666667,0.4911111111111111,0.3933333333333333,0.63,0.1244444444444444,0.2444444444444444,0.0655555555555555,0.7255555555555556,0.3555555555555555,0.3311111111111111,1,532866,13132,373
yWSK0yj7hw4,2.33,3.17,0.02,3.15,0.51,0.0,0.29,1.3,1.68,2.05,0.13,0.09,0.0,0.0,1.21,1.18,0.0,2,27376,944,443
yWWj-45afQ8,0.07,0.0,0.0,0.025,1.825,0.88,0.22,2.04,2.245,0.655,0.14,0.0,0.0,0.0,1.95,0.82,0.0,0,481220,7624,700
yY2sPSkzK4k,0.32,0.2833333333333333,0.2266666666666666,1.4466666666666663,1.6133333333333333,0.7566666666666667,0.7333333333333333,1.9666666666666663,2.29,1.14,0.4033333333333333,0.0,0.6633333333333333,0.0,2.8966666666666665,0.7566666666666667,0.0,0,112423,4378,189
yaTecmbw82Q,0.255,0.0,0.0,0.0,0.36,0.405,0.37,1.795,0.915,1.51,0.0,0.0,0.22,0.0,0.0,0.635,0.56,1,2566,172,32
ydk4GIjo4cU,0.0,0.0,1.295,0.23,0.88,1.46,0.4,0.905,0.75,0.35,0.0,0.0,0.63,0.155,0.9,1.47,0.27,1,20717,1502,164
ye9AqyZ9B84,0.0,0.0,0.0,0.0,2.02,2.62,0.29,1.64,1.03,0.37,0.46,0.0,1.5,0.0,2.55,0.29,0.0,0,878544,21576,1471
yjIldaM4C48,1.275,0.0,0.32,0.23,1.625,2.195,0.4,1.79,1.54,0.625,0.91,0.68,0.135,0.17,1.6549999999999998,0.3,0.15,0,30120,1151,102
ysLKE6PrK8k,0.81,0.46,0.0,0.0,1.17,1.31,0.0,1.26,2.02,1.07,0.0,0.08,0.0,0.08,0.15,0.0,0.57,0,19820,173,12
ytqjKNY9kzY,0.685,0.375,0.0,1.195,0.145,1.13,0.29,0.945,1.01,0.25,1.09,0.76,0.0,2.275,0.82,0.33,0.0,1,559019,23193,3540
yu0ln-ehXOw,1.03,0.9,0.335,0.145,0.74,0.84,0.0,0.575,0.67,0.185,0.095,0.0,0.02,0.07,1.44,0.215,0.26,1,1083,91,0
yv8Bi2xcSK4,0.345,0.0625,0.0,0.6625,0.195,0.2475,0.0,0.15,0.5225,0.27,0.305,0.0,0.285,0.045,0.67,0.0424999999999999,0.15,1,716,35,11
yvX6GqOU9OI,0.49,0.0,0.04,0.525,1.88,1.855,0.0,1.585,2.805,0.9,0.0,0.0,0.925,0.215,1.685,0.0,0.655,0,20573,1027,103
ywHn0gQQGgg,0.84,0.0,1.78,0.57,1.15,1.36,1.27,1.19,0.0,0.0,0.0,2.2,0.0,0.85,0.0,0.0,0.13,1,425939,12756,2033
yxwM2RwbT0s,0.79,0.0,0.0,1.8,0.68,0.0,0.0,0.12,1.26,0.19,0.0,0.0,0.38,0.0,1.99,0.19,0.0,1,368,17,92
z-HStsCLZ9g,2.18,1.96,0.0,2.98,0.0,0.0,0.0,0.0,0.0,0.0,0.22,0.0,0.0,0.0,0.0,0.0,0.0,2,534803,20315,1350
z71dKXpOaOs,0.0,0.31,0.15,3.16,0.45,0.0,0.0,0.0,0.0,0.47,0.16,0.0,0.0,0.0,0.0,0.15,0.0,1,4970,247,53
z8A61wzZV20,1.7,0.56,0.0,1.19,0.91,0.0,0.03,0.52,0.72,0.91,1.62,1.46,0.59,0.0,0.0,0.0,0.0,1,56772,1545,242
z91GDl8-CgM,0.0,0.0,0.0,1.46,0.0,0.0,0.0,0.96,0.28,0.0,0.53,0.0,0.0,0.0,1.7,0.0,0.0,1,460620,11578,949
z9f12-_t544,0.4442857142857143,0.0028571428571428,0.2242857142857142,0.2285714285714286,1.3414285714285714,1.7414285714285715,0.8785714285714287,0.8571428571428571,0.9485714285714284,0.8371428571428572,1.06,0.2342857142857142,0.3528571428571428,0.54,0.8857142857142858,0.6671428571428571,0.3671428571428571,1,259571,8150,223
zCgmAjnTu1o,1.2675,0.5725,0.2075,0.9725,1.2125,0.9175,0.15,0.9,1.4125,1.19,0.165,0.1225,0.73,0.1125,1.5275,0.3849999999999999,0.27,0,131295,4185,717
zEEH4Q0D4LE,0.545,0.0,0.91,0.63,0.035,1.79,0.405,0.57,0.425,0.675,1.07,1.225,0.7250000000000001,0.255,0.0,0.615,0.01,1,71138,1873,166
zHlIB6ypY3A,1.83,0.66,1.03,0.0,0.93,1.21,0.38,0.77,0.18,0.09,0.0,0.0,0.21,0.0,0.51,0.0,0.0,1,47,10,9
zJaj2kaCd74,0.195,0.25,0.735,0.0,1.815,1.865,0.195,1.2049999999999998,2.335,1.51,0.17,0.37,0.0,0.28,0.91,0.0,0.51,0,9393,566,137
zOULceGOeSc,0.0,0.0,1.68,1.41,1.69,1.33,0.0,1.73,3.05,1.86,0.0,0.0,0.0,0.05,1.29,0.0,0.0,0,251613,13104,1047
zOk103o-LDg,0.065,0.225,0.0,0.72,1.24,2.255,1.575,0.8300000000000001,0.16,0.255,0.605,0.245,0.35,0.0,0.745,0.265,0.0,1,3585422,62701,6792
zPZjoBJikro,1.63,0.0,0.35,0.16,0.0,0.0,0.0,0.06,0.0,0.0,0.69,0.0,0.0,0.0,0.29,0.0,0.0,1,68382,2997,459
zSSGBbOkxUM,0.1025,0.215,0.0825,0.1275,0.5800000000000001,0.2274999999999999,0.295,0.85,0.78,0.7025,0.41,0.3375,0.5549999999999999,0.0,0.6125,0.4449999999999999,0.0275,1,22554,1072,106
zTCNb5qPw3A,0.325,0.175,0.205,0.0,1.015,1.15,0.295,1.27,1.685,1.36,0.305,0.26,0.0,0.84,2.115,1.115,0.0,0,18974,1099,209
zTcCSyucYqI,0.0,0.0,0.0,0.0,0.0,0.0,0.0,0.44,1.13,1.69,0.0,0.88,0.0,0.1,1.11,0.15,0.0,1,325,48,22
zVarrDvOmIc,0.06,0.0,0.2666666666666666,0.0,0.4933333333333333,1.4633333333333336,0.1566666666666666,0.0766666666666666,0.6833333333333335,0.2433333333333333,0.0,0.0,0.0699999999999999,0.0,0.3999999999999999,0.36,0.5499999999999999,1,63312,2557,314
zWexXpego-o,0.815,0.085,0.0,0.225,0.995,0.195,0.165,1.87,1.88,1.16,0.02,0.425,0.615,0.0,1.01,0.0,0.0,0,153688,2824,718
zedJAOBgHMw,1.7733333333333334,2.9566666666666666,0.0,2.763333333333333,0.3033333333333333,0.0,0.0,0.0499999999999999,1.1033333333333333,0.0,0.5666666666666667,0.1133333333333333,0.3266666666666666,0.1533333333333333,0.8733333333333334,0.4966666666666666,0.0,2,39572,1796,234
zem70-C1JaI,0.32,0.225,0.0,0.515,1.335,0.72,0.0,1.65,1.96,0.925,0.0699999999999999,0.0,0.775,0.0,1.565,0.36,0.0,0,2631728,40537,3000
zgorXUEC_dk,0.46,0.0,0.305,0.425,0.69,1.46,0.015,0.96,0.215,0.22,0.53,0.0,0.555,0.0,0.955,0.395,0.0,1,43272,1629,210
zhTGl8I3Z7Y,0.74,0.18,0.7949999999999999,1.17,0.0,0.0,0.3,0.0,0.455,1.26,0.12,0.085,0.0,0.09,0.045,0.525,0.955,1,11237,16,0
zjJOawV31lo,0.17,0.0,0.71,0.0,1.49,0.0,0.32,1.36,0.93,0.0,0.79,0.0,0.44,0.0,0.0,0.0,0.0,1,53061,3724,495
zjLcCRtS-Vc,2.77,0.0,2.72,0.62,1.02,3.58,2.57,2.66,0.0,0.0,5.0,1.15,0.0,5.0,0.56,0.0,1.69,1,32095,1498,276
zl071FhqyJI,0.325,0.0,0.04,0.775,0.11,0.0,0.0,0.595,0.285,0.0,0.0,0.0,1.445,0.03,0.505,0.0,0.5,1,112773,5152,431
zlnkzcqwe3E,0.0,0.0,0.08,0.0,2.43,3.78,0.21,1.68,3.16,0.76,0.0,0.0,0.63,0.55,2.71,0.32,0.2,0,587,40,51
zm_8N4vFnZw,0.636,0.056,0.8099999999999999,0.51,0.412,0.61,0.206,0.554,0.422,0.8640000000000001,0.286,0.15,0.506,0.0,0.102,0.122,0.24,1,53562,1365,117
zpT46etTP6E,1.8966666666666665,0.2566666666666666,1.7,1.12,0.0699999999999999,0.16,0.0,0.7333333333333334,0.0766666666666666,0.4366666666666667,0.7766666666666667,0.8799999999999999,0.32,0.0,0.4233333333333333,0.8266666666666667,0.0666666666666666,1,73296,617,53
zrUXJ9Ul4ak,0.9,0.0,0.89,0.8,3.01,3.28,1.44,1.91,2.58,0.88,0.02,0.0,0.0,0.01,2.5,2.07,0.0,0,27549,1589,89
zud0s365CNY,0.0,0.5,0.0,1.39,0.18,0.14,0.82,1.72,0.0,0.29,1.44,2.3,0.0,0.09,0.0,0.0,0.0,1,6673528,236319,5619
zurBNvmMQ2Y,0.36,0.0,0.0,0.24,1.13,2.07,0.48,1.75,1.38,1.1,0.0,0.0,0.0,0.95,1.99,2.69,0.0,0,5736,232,74
zwOJjQuL4i4,0.19,0.22,0.0,0.0,0.38,1.36,0.09,0.0,0.87,0.0,0.0,0.0,0.0,0.0,1.36,0.45,0.28,1,5135,342,50
zx-bATPSFaM,1.2733333333333332,0.7866666666666667,0.9933333333333332,0.0,0.52,0.5066666666666667,0.41,0.7533333333333334,1.1166666666666667,0.91,0.2266666666666666,0.18,0.3333333333333333,0.3633333333333333,0.7466666666666667,0.1133333333333333,1.2466666666666666,1,19271,965,71
