Video_ID,Channel_ID,Channel Name,Subscriber Count,AU01_r,AU02_r,AU04_r,AU05_r,AU06_r,AU07_r,AU09_r,AU10_r,AU12_r,AU14_r,AU15_r,AU17_r,AU20_r,AU23_r,AU25_r,AU26_r,AU45_r,cluster,Channel_Weight
--8n6A8Q6M0,UCWm__g4cPmX-umorqM8VfWw,Travel with Luke Damant,1620000.0,1.08,0.0,0.0,1.87,1.22,1.77,1.11,1.67,1.22,0.56,0.0,0.0,0.29,0.0,2.34,0.88,0.02,0.0,0.00027311809519836344
-0FfyNZdHk0,UCR-yUQRWEciSqQowtTDHskA,Learn with Daryll,5250.0,0.055,0.0,0.0,0.92,1.34,0.755,0.88,1.325,1.25,1.085,1.825,1.52,0.96,0.605,0.895,0.21,0.19,1.0,0.0016387085711901807
-1B7cVoZr1c,UCUB6A2YY9soreMGNwDLh-zw,Combat Arms Channel,589000.0,0.875,0.0,0.7050000000000001,0.515,0.425,0.935,0.17,0.375,0.76,1.465,0.2,1.005,0.0,0.5,0.22,0.66,0.25,1.0,0.0008193542855950903
-4yu_13EHFM,UCFvQ_bDaalb-1ZyCb48LCpA,Chasing Kimberly,16500.0,0.92,0.17,0.0,0.01,0.16,0.64,0.74,0.0,0.0,0.0,0.26,0.0,0.0,0.0,1.25,0.68,0.0,1.0,0.00040967714279754517
-6FvAU9H98w,UCixD9UbKvDxzGNiPC_fgHyA,Paolo fromTOKYO,3620000.0,2.77,1.9,0.0,0.89,1.57,0.66,0.0,0.7,1.97,0.73,0.0,0.0,0.87,0.0,2.59,1.01,0.0,2.0,0.00032774171423803616
-7vF5F-1btE,UC_hN8xs99S6jnMdYCuJgoJA,Pinoy Planet,97800.0,0.27,0.0,0.59,0.3666666666666667,1.0783333333333334,1.025,0.6033333333333334,0.855,1.3,1.1183333333333334,0.2233333333333333,0.1383333333333333,0.4066666666666667,0.0816666666666666,0.8866666666666667,0.1433333333333333,0.0833333333333333,0.0,3.6015572993190784e-05
-9ACKA4sQ4U,UCufN1_2lxrI_C5JgbfU89ew, 🌻Mia's Kitchen🌻,3480.0,1.315,0.34,0.0,0.39,0.27,0.325,0.265,0.5499999999999999,0.515,0.04,0.71,0.085,0.0,0.0,0.0,0.155,0.0,1.0,0.0016387085711901807
-9bfDHHneyU,UC-wdvwNBuVobJRbISwjA5Hw,Alex Oh Reacts,179000.0,,,,,,,,,,,,,,,,,,,0.0010924723807934538
-9hDaG3nJwg,UCi9mzS8H-ez_30w5SCL2dmw,JREKML,1210000.0,0.04,0.25,0.33,0.0,0.44,2.3,1.28,1.09,0.0,0.35,2.29,2.37,0.0,1.01,0.0,0.0,0.5,1.0,6.827952379959086e-05
-C5iB25BRsA,UChJZEuE4O45M6CbcYOS3U1w,Mike's Philippine Retirement,54200.0,,,,,,,,,,,,,,,,,,,0.0010924723807934538
-GVbt3qdq70,UCPAz3hWHiBC-c1x4K0-atsg,Waleska Herrera,1230000.0,0.5175000000000001,0.12625,0.86125,0.67625,0.49,0.92,0.5662499999999999,0.4975,0.48125,0.4649999999999999,0.50875,1.07875,0.5125,0.0,0.69,0.4125,0.33625,1.0,2.074314647076178e-05
-JTkbbE_KP4,UCxKN5z9rc4DlZ-7gI7mHKFg,T HUBS 22,101000.0,1.09,0.095,0.415,1.775,0.79,0.5449999999999999,0.435,0.67,0.565,0.36,0.355,0.875,0.0,0.53,0.3,0.375,0.0,1.0,0.0010924723807934538
-JlBNKlG3Yw,UCVv-y0k91qAA-uI_K46UBvg,Dabble and Travel,583000.0,,,,,,,,,,,,,,,,,,,0.00013109668569521446
-KHOXPq_M-Q,UCU78xbApo9_MCzS7B_tfY8w,AceBachelorCool,13700.0,,,,,,,,,,,,,,,,,,,0.0006554834284760723
-NkPxyvAqzA,UC25HBOBYfc-scqCQcyYKVNw,Lifey,248000.0,0.0,0.0,0.0,0.9566666666666668,1.23,1.2133333333333334,0.17,1.06,2.283333333333333,0.7466666666666667,0.1166666666666666,0.0,0.4533333333333333,0.24,1.7033333333333331,0.52,0.0,0.0,0.00040967714279754517
-O-ZnlGZq-4,UCCqW89kkbLYRK912SLPsEmw,ANN FLORES,7610.0,,,,,,,,,,,,,,,,,,,0.0010924723807934538
-P_7E7gq6vs,UCp4-ksiKbZ3vTmv3gQ6tF8w,The Wimmas,5890.0,,,,,,,,,,,,,,,,,,,0.0008193542855950903
-Pe-c-CHkIo,UCEOsP00dFUPSkLzEf12H3cA,T&A Travel Vlogs,3680.0,,,,,,,,,,,,,,,,,,,0.00036415746026448456
-Ts46vj5sEc,UC_2iPQwn_V2SflddzbtalLg,Celinka Updates,102000.0,,,,,,,,,,,,,,,,,,,0.0008193542855950903
-U5-r29G-t0,UCSp8fcx6N6EqteugsAHD9Vw,The Manifested Family,53500.0,0.27,0.335,0.0,0.26,1.495,0.705,0.095,1.685,2.375,1.47,0.025,0.34,0.0,0.21,1.71,1.38,0.0,0.0,0.0008193542855950903
-WaDvcu7mcw,UCcaIZBgmiYTJP9fpO_xjMTQ,Travel Escapes,246000.0,0.89,1.29,0.0,0.0,1.32,0.0,0.0,2.64,2.24,0.0,0.0,0.16,0.0,0.0,1.46,0.97,1.59,0.0,0.00032774171423803616
-Wgdk-C7Rb8,UCP_y6xg3u3hF3pskXosMQyQ,Canadian In Philippines,17000.0,,,,,,,,,,,,,,,,,,,0.0002341012244557401
-WuFjxvGJnI,UClC88Hwf0c115jFj-fhVj2A,Kano Harry,3930.0,,,,,,,,,,,,,,,,,,,0.00020483857139877258
-XCc67Ijcz8,UCCgVh36x3hbuRnHMpwl443Q,Music Game News,1210000.0,0.0,0.85,1.62,1.87,1.19,1.53,2.06,2.55,0.12,1.67,0.67,0.51,1.18,0.0,3.99,2.39,0.0,0.0,8.193542855950904e-05
-Ya6eSQ3wng,UCYr4VTQfBpXrccQw_H2S8RA,JUICY REACTS,318000.0,0.56375,0.3249999999999999,0.1362499999999999,0.8,0.16625,0.44375,0.215,0.40875,0.19875,0.255,0.74875,0.27,0.52875,0.1649999999999999,0.7224999999999999,0.5962500000000001,0.3775,1.0,0.00012138582008816153
-_E2KyNAvqg,UCPAz3hWHiBC-c1x4K0-atsg,Waleska Herrera,1230000.0,1.0379999999999998,0.704,0.292,1.45,0.298,1.0539999999999998,0.278,0.24,0.2799999999999999,0.536,0.004,0.014,0.144,0.526,1.41,0.8800000000000001,0.3279999999999999,1.0,2.074314647076178e-05
-cOD9GglwzU,UCqdBWKP4_8bU-Rsk2LvVz6Q,BecomingFilipino,1140000.0,,,,,,,,,,,,,,,,,,,0.0001560674829704934
-fWzHd63UCA,UCO5Jeark1e_JP36mY3ua19g,The Commodity,98300.0,1.01,0.045,1.07,0.0,1.21,1.305,0.8999999999999999,0.76,0.61,1.565,0.62,1.17,1.77,0.8150000000000001,0.04,0.17,0.0,1.0,6.18380592901955e-05
-iQod4ZhOB8,UCdkq517IaeUcnG5CIiFX9RA,Shin Smith,36200.0,,,,,,,,,,,,,,,,,,,0.00010241928569938629
-laaTEnlB4U,UCzfEqx1_-zs2xUUzI3jVRSg,FinnSnow,541000.0,,,,,,,,,,,,,,,,,,,0.00016387085711901808
-nW5dsB-z4E,UCRe3yRMUuJkNeWLtO9kBGqg,Nurse Ruth Nook,8750.0,,,,,,,,,,,,,,,,,,,0.0004682024489114802
-qbHvJ626lI,UCryJ4vhASeu7uhXRPOL3WhA,What's up Philippines,311000.0,,,,,,,,,,,,,,,,,,,2.621933713904289e-05
-tg0rduTy7c,UCobYD8WgP3GPOqgvXF2Yy1w,Adam and Jane's Lifestyle,75500.0,0.84,0.0,0.39,0.04,0.69,1.27,0.78,0.89,0.71,1.0,0.33,0.0,1.03,0.0,1.66,0.66,0.0,1.0,6.827952379959086e-05
-uj2svY5754,UCobYD8WgP3GPOqgvXF2Yy1w,Adam and Jane's Lifestyle,75500.0,0.6166666666666667,0.0,0.03,0.0866666666666666,0.8366666666666666,1.24,0.33,1.17,1.3033333333333337,1.2166666666666666,0.0066666666666666,0.0,1.2,0.0,1.0933333333333335,0.2233333333333333,0.0,0.0,6.827952379959086e-05
-y_PrLcIeOg,UCoqGJPtvsPpALlhtqB1lcHA,Chris Lewis,1260000.0,,,,,,,,,,,,,,,,,,,0.0005462361903967269
0-_hHvFLbFQ,UCryJ4vhASeu7uhXRPOL3WhA,What's up Philippines,311000.0,,,,,,,,,,,,,,,,,,,2.621933713904289e-05
0-dAyU-yUWk,UCoWQLZoPwn3mJ-oiPrwDpbA,Living abroad,163000.0,,,,,,,,,,,,,,,,,,,6.554834284760723e-05
008Fi25LbKY,UCLvnKTwSZEnCbTHNnqiivRQ,Dodo Explorers,188000.0,0.0,0.0,0.51,0.56,2.165,3.095,0.41,2.585,2.04,1.0,0.725,0.38,0.0,0.0,1.9,0.55,0.115,0.0,0.00020483857139877258
00qBuhJeG-o,UC3PVtkwtqwCD4LEPguBEADA,Mia Sandoval,395000.0,0.665,0.21,0.71,0.35,0.0,0.0,0.0,0.345,0.175,0.18,0.635,1.4700000000000002,0.225,0.0,0.0,1.385,0.435,1.0,0.00011705061222787004
01CgNpWKero,UCAUgY9e_n2DhyZTgvPRoJnQ,TriFate Geo,171000.0,1.3333333333333333,1.9633333333333336,0.1466666666666666,2.5500000000000003,0.5766666666666667,0.6733333333333333,0.5033333333333333,0.2466666666666666,0.8766666666666666,0.4966666666666666,0.08,0.0366666666666666,0.0,0.15,1.08,0.9666666666666668,0.1033333333333333,2.0,6.426308122314434e-05
026urE67c8c,UCHza0GAxOvBOeLKkMeL8EcQ,Ken Abroad,510000.0,1.89,0.66,0.01,0.32,1.91,2.36,0.0,2.24,1.8,0.0,0.0,0.0,0.0,0.0,2.32,0.0,0.05,0.0,0.00012138582008816153
06Qq4to_l10,UCoWQLZoPwn3mJ-oiPrwDpbA,Living abroad,163000.0,,,,,,,,,,,,,,,,,,,6.554834284760723e-05
06YeEjVLC0E,UCtNK-R1uX4hKBYU-GM54gHQ,JJ's Journey,12600.0,0.195,0.01,0.0,0.66,0.92,1.63,0.055,1.21,1.955,1.19,0.2,0.195,0.0,0.225,1.41,0.835,0.0,0.0,0.0008193542855950903
06hhcGs3J88,UCPAz3hWHiBC-c1x4K0-atsg,Waleska Herrera,1230000.0,0.905,0.6483333333333333,0.0,0.5416666666666666,0.205,0.6566666666666666,0.17,0.185,0.595,0.21,0.165,0.03,0.0,0.0,0.7316666666666668,0.1183333333333333,0.0,1.0,2.074314647076178e-05
07dy2r8Cl6w,UCQzpQN0PTfIx1ARe7lL1jXQ,PhillyinthePhilippines,134000.0,,,,,,,,,,,,,,,,,,,0.0008193542855950903
09HUMZrCH3A,UCpko_-a4wgz2u_DgDgd9fqA,BuzzFeedVideo,19800000.0,0.71,0.045,0.64,0.46,0.255,0.4,0.28,0.165,1.14,0.085,0.025,0.0,0.05,0.155,0.35,0.0,0.0,1.0,0.0002521090109523355
0AuL6FQR3HE,UCubXkxcrWFOKmdcmdqdFPew,The Skillful Voice,4200.0,1.6150000000000002,0.0,1.745,2.245,0.28,0.05,0.17,2.075,0.475,0.51,1.035,1.145,0.0,0.525,0.555,0.0,0.55,1.0,0.0016387085711901807
0Ci6zVWeFWw,UCryJ4vhASeu7uhXRPOL3WhA,What's up Philippines,311000.0,,,,,,,,,,,,,,,,,,,2.621933713904289e-05
0Cj35oMbb9Q,UCHza0GAxOvBOeLKkMeL8EcQ,Ken Abroad,510000.0,0.6575,0.03,0.1975,0.5025000000000001,1.03,1.07,0.1975,0.9775,0.9325,0.6849999999999999,0.155,0.0,0.1125,0.05,1.4875,1.0499999999999998,0.1275,1.0,0.00012138582008816153
0E4c8VDmUTk,UCeJ5AjddCuEnZxtUggbzeDA,Bags Packed Family,269000.0,0.84,0.055,0.0,0.97,0.54,0.945,0.025,0.295,0.0,0.0,2.265,0.24,0.57,0.25,0.48,0.235,0.0,1.0,0.00036415746026448456
0ENcrVkHwBY,UCQQyW9Ki62OmGzHedws7xlQ,Bianca & Beyond,142000.0,1.215,0.18,0.755,0.175,0.91,0.29,0.25,1.075,0.85,1.45,0.74,1.3250000000000002,1.01,0.14,0.155,1.105,0.085,1.0,0.00010241928569938629
0G5jfRhHsqg,UCRbxApsHPfN2huG4Z6D0MeA,Dave Roams,53400.0,,,,,,,,,,,,,,,,,,,0.0008193542855950903
0GVD-9hxk_s,UCdBpCFv_RTOOBrImOlPT97g,RodVivKids Family Vlog Philippines 🇵🇭 ,9760.0,0.9933333333333332,0.8466666666666667,0.5033333333333333,1.5366666666666668,0.69,0.6699999999999999,0.4466666666666667,0.92,1.0533333333333332,0.9,0.3633333333333333,0.0,0.41,0.0,1.14,0.0,0.0566666666666666,1.0,0.0008193542855950903
0IJm5TFpldU,UC_hN8xs99S6jnMdYCuJgoJA,Pinoy Planet,97800.0,0.1333333333333333,0.0,0.2933333333333333,0.0,1.45,0.6666666666666666,1.0066666666666666,1.72,1.356666666666667,1.2433333333333334,0.1633333333333333,0.0,0.31,0.0,1.0133333333333334,0.4666666666666667,0.0,0.0,3.6015572993190784e-05
0IMWasj76yU,UCT99PQ5nkgshVaoBlU5jiKw,TEACHER PAUL REACTS (Teacher Paul),533000.0,0.13,0.0,0.08,0.81,0.9,1.59,1.38,1.03,0.0,0.46,1.38,0.83,0.0,0.0,0.08,0.28,0.1,1.0,0.0010924723807934538
0IUVhutkQaI,UCryJ4vhASeu7uhXRPOL3WhA,What's up Philippines,311000.0,,,,,,,,,,,,,,,,,,,2.621933713904289e-05
0JiN_E6wK-E,UCATIycLIXMeetRVO-XS4p7g,Adventure Faktory,3780.0,,,,,,,,,,,,,,,,,,,0.0006554834284760723
0KOXxVJx0sk,UCPNBc7ZRwmgk1I6j_lenAfw,The Love Train Nation,23900.0,0.49,0.0,0.0466666666666666,0.0,1.4733333333333334,0.85,0.7799999999999999,1.26,0.8966666666666666,1.9266666666666667,0.25,1.21,1.903333333333333,0.4133333333333333,0.4033333333333333,1.3833333333333335,0.0866666666666666,0.0,0.00010924723807934537
0KqsD2FS-DM,UCEOsP00dFUPSkLzEf12H3cA,T&A Travel Vlogs,3680.0,,,,,,,,,,,,,,,,,,,0.00036415746026448456
0KyvSgEO6Fc,UC94bSvWltDS6I0U_u7mn8VQ,Two Broskis,24800.0,,,,,,,,,,,,,,,,,,,0.00036415746026448456
0Lod4Yyv3qc,UCIgeYqubI5M8LoLCcZqwlpw,kelly,1460000.0,,,,,,,,,,,,,,,,,,,0.0008193542855950903
0Mnau-zACiE,UCatYGXWCXRt_0XLLKv1hkUw,Always Be Changing,501000.0,0.3525,0.0325,0.0,0.7550000000000001,0.5375,0.45,0.2325,1.54,1.0,0.6025,0.7475,0.6174999999999999,0.0725,0.0,0.8825,0.755,0.0,1.0,0.0002341012244557401
0O2i843tdU4,UC8S3gQ0LjFLx4cFrzBXytrw,Go With Ali,1410000.0,1.7075,0.4374999999999999,0.7975,1.4975,0.1325,0.0,0.1775,0.8225,0.175,0.5275000000000001,0.3575,1.115,0.14,0.125,0.54,0.885,0.085,1.0,0.0010924723807934538
0PKfbccBsBQ,UC3lpA2TVsu_2qKsPlw6FctQ,PAIR OF SOULS,5920.0,,,,,,,,,,,,,,,,,,,0.0010924723807934538
0PRBBJPpMrE,UCQYkvXhPNaRxlu-jAI5_5Zg,LeRoc Living Our Life Philippines,1240.0,,,,,,,,,,,,,,,,,,,0.00010572313362517294
0Pm8OGDsikk,UCt9BTGSxATM6axwfTY4KnEg,A Foreigner in the Philippines,265000.0,,,,,,,,,,,,,,,,,,,5.462361903967269e-05
0Pon0lDng8I,UCO5Jeark1e_JP36mY3ua19g,The Commodity,98300.0,,,,,,,,,,,,,,,,,,,6.18380592901955e-05
0Qps64cK1CA,UCt9BTGSxATM6axwfTY4KnEg,A Foreigner in the Philippines,265000.0,,,,,,,,,,,,,,,,,,,5.462361903967269e-05
0Qr12Zerphs,UCYuOZy_oPeZL_1BdHxf-Y2Q,One Down,69600.0,0.41,0.435,0.0,0.7125,0.64,1.735,0.12,0.6000000000000001,0.4649999999999999,0.2375,0.6375,0.645,0.5349999999999999,0.1825,0.9425,0.6950000000000001,0.32,1.0,0.00032774171423803616
0Rge7nN8wss,UCV7yw6i8SuLb_OSwgqCaipQ,The Sp8,2120.0,1.9825,0.6225,0.185,2.075,0.1125,0.1475,0.0525,0.1075,0.57,0.51,0.1725,0.05,0.7425,0.0,0.285,0.2425,0.0,2.0,0.0016387085711901807
0SW__3H_mNs,UC4ypznkS1QNOSTxLOScKG6A,Irene_Eneri,1850.0,,,,,,,,,,,,,,,,,,,0.0008193542855950903
0SlWsnwIWN4,UC6snmG1j-s6zzSc5i_L1hoA,Moto Touro,12600.0,0.95,0.2,1.41,0.39,1.57,0.74,1.13,0.23,0.0,0.31,1.09,1.11,0.0,0.0,2.01,0.5,0.0,1.0,0.0010924723807934538
0UDH4y28YVQ,UCVGxrPOe4sO05dsepa42l8w,Brad Newton - Fitness Street,27300.0,0.34,0.0,0.0,0.0,2.2,0.56,0.97,2.39,2.59,2.08,0.0,0.0,0.0,0.0,1.94,0.82,0.0,0.0,0.0004682024489114802
0UFz5YQk8o0,UCwLjaI2aS5HaM4sD5DjUBcg,lightKiraSS,1560.0,0.835,0.6,0.575,0.655,0.12,0.305,0.16,1.155,0.12,1.065,0.17,1.005,0.0,0.54,0.155,0.12,0.4,1.0,0.0008193542855950903
0UwKgcvcK5k,UCdkq517IaeUcnG5CIiFX9RA,Shin Smith,36200.0,,,,,,,,,,,,,,,,,,,0.00010241928569938629
0VEAGpTrYi8,UCTL128JylZO50B0MqbUuhSw,EL's Planet,232000.0,,,,,,,,,,,,,,,,,,,0.0002341012244557401
0_6HMZjStiQ,UCobYD8WgP3GPOqgvXF2Yy1w,Adam and Jane's Lifestyle,75500.0,1.4266666666666667,0.6066666666666667,0.6933333333333334,0.6233333333333333,1.0933333333333335,1.65,0.0,0.8733333333333332,1.29,0.18,0.0033333333333333,0.0133333333333333,0.4733333333333333,0.0766666666666666,0.9666666666666668,0.2966666666666667,0.0,1.0,6.827952379959086e-05
0_pTnqziRqo,UC7AB80x51RwhxZpJmIUQiZQ,SecretLifeofLauren,158000.0,1.0066666666666666,0.1066666666666666,0.3433333333333333,0.7166666666666667,0.62,0.1433333333333333,0.5166666666666666,0.9966666666666668,0.8133333333333334,1.1900000000000002,0.4433333333333333,0.1566666666666666,0.0999999999999999,0.04,1.28,0.36,0.2166666666666666,1.0,0.0008193542855950903
0ax6XooGykc,UCAg6Uf85P2Ai1727r2KuA3g,Traveling Petite Girl,30600.0,1.37,0.05,1.32,1.2,1.1,0.0,0.0,1.88,2.52,2.35,0.0,0.0,0.7,0.0,1.98,0.0,1.23,0.0,0.0016387085711901807
0cec9CL-hmE,UCRe3yRMUuJkNeWLtO9kBGqg,Nurse Ruth Nook,8750.0,,,,,,,,,,,,,,,,,,,0.0004682024489114802
0e2__WsRZdg,UCPAz3hWHiBC-c1x4K0-atsg,Waleska Herrera,1230000.0,0.754,0.768,0.412,2.158,0.538,0.6599999999999999,0.1399999999999999,0.712,0.944,0.526,0.198,0.112,0.622,0.0579999999999999,1.814,1.036,0.372,2.0,2.074314647076178e-05
0eQRhbi0AcM,UCQYkvXhPNaRxlu-jAI5_5Zg,LeRoc Living Our Life Philippines,1240.0,,,,,,,,,,,,,,,,,,,0.00010572313362517294
0eTmLcoLe9s,UCzzjW8ls5mSsMoAwjy6bZ_A,ena francia,10500.0,0.69,0.0,0.474,0.436,0.8019999999999999,1.216,0.532,0.33,1.1960000000000002,0.432,0.2299999999999999,0.0,0.4019999999999999,0.008,0.726,0.2659999999999999,0.08,1.0,0.0010924723807934538
0edjY4t_8X8,UC4K-p09jBTGH-nvqj-UqELQ,Our Philippines' Adventures,5130.0,,,,,,,,,,,,,,,,,,,0.0006554834284760723
0f3m80ZA8BM,UCnSDZWM7akmbgbwdECSPpow,Before You Go,109000.0,,,,,,,,,,,,,,,,,,,0.0004682024489114802
0gBZLqvonWw,UCt9BTGSxATM6axwfTY4KnEg,A Foreigner in the Philippines,265000.0,,,,,,,,,,,,,,,,,,,5.462361903967269e-05
0gc-NMhT8Y0,UCKd9gq6eJCV7j5FO75q2_Fg,Frank,23800.0,,,,,,,,,,,,,,,,,,,0.0002979470129436692
0h8i66OAWjM,UCryJ4vhASeu7uhXRPOL3WhA,What's up Philippines,311000.0,,,,,,,,,,,,,,,,,,,2.621933713904289e-05
0hjnu1Hjbo4,UCO5Jeark1e_JP36mY3ua19g,The Commodity,98300.0,0.0,0.0,0.015,0.0,0.545,0.0,0.815,0.16,0.6,2.15,0.95,1.375,0.74,0.33,0.215,1.265,0.0,1.0,6.18380592901955e-05
0iNlBNR9PGE,UCVdvbdhaXo01c1G4mNp1RsQ,Be My Travel Muse,73800.0,,,,,,,,,,,,,,,,,,,0.0008193542855950903
0i_ZIWC0c1M,UComAntq7Iq5SxYHUJuJ6ekg,BACKPAEGER แบกเป้เกอร์,1080000.0,0.7799999999999999,0.15,0.98,0.0,1.3333333333333333,0.8400000000000002,0.9466666666666668,1.1133333333333333,0.5533333333333333,0.4433333333333333,0.5466666666666666,0.6466666666666666,0.2533333333333333,0.0,0.3066666666666666,0.6333333333333333,0.3333333333333333,1.0,0.0010924723807934538
0icIUe7SCcQ,UCtlyP_lWB9yXaSqGmUQYIJg,Milan&Weng&BabyPat,12000.0,1.17,0.0,0.165,1.62,0.335,0.12,0.065,0.46,0.565,0.425,0.31,0.0,0.56,0.0,0.535,0.0,0.235,1.0,0.0016387085711901807
0ifwCzzCdvc,UCvU278VonkFgEvpKqRuZs1Q,nazfromqueens,2700.0,1.5,1.55,0.69,1.65,1.61,1.37,0.83,2.07,0.68,2.75,0.77,0.0,0.0,0.0,2.4,0.56,0.0,0.0,0.00040967714279754517
0jgSvwOOn4Y,UCuBgQMllxvxKLuABHZlV5KA,RELL 🕺🏽,446000.0,,,,,,,,,,,,,,,,,,,0.00036415746026448456
0mDJwB6DLvg,UCuBRi97Sn5MDEW0FnI2KDHQ,Alex Macale,420.0,0.64,0.0,0.0,0.74,0.0,0.0,0.79,1.68,0.63,0.48,0.75,0.0,0.0,0.0,2.32,1.37,0.0,1.0,0.0016387085711901807
0nRXbv67-4M,UCbDelWG0lH_xzQjnH-bNB_w,josie lifts things,1080000.0,0.73,0.0,0.1,0.0,0.7,0.17,0.0,1.38,0.8,0.0,0.0,0.0,0.35,0.0,3.35,0.09,1.09,0.0,0.0002521090109523355
0nVPBJnjzeI,UCYr4VTQfBpXrccQw_H2S8RA,JUICY REACTS,318000.0,0.6733333333333333,0.0066666666666666,0.3566666666666666,0.2966666666666667,0.1566666666666666,0.0666666666666666,0.2166666666666666,0.7466666666666667,0.3366666666666666,0.0,0.0333333333333333,0.0,0.0033333333333333,0.0,1.1733333333333331,1.1833333333333331,0.0333333333333333,1.0,0.00012138582008816153
0nhplwwV_9g,UCryJ4vhASeu7uhXRPOL3WhA,What's up Philippines,311000.0,,,,,,,,,,,,,,,,,,,2.621933713904289e-05
0o5lQ6LZ4rI,UCQKWCDl0BKMIAj-mrjLIySg,Sylvia Kim,492000.0,0.98,0.605,0.0,0.915,0.1,0.705,0.045,0.565,0.385,0.0,0.87,0.0,0.0,0.0,1.125,0.495,0.0,1.0,0.0006554834284760723
0ovXuSBwktM,UCWqPRUsJlZaDp-PVbqEch9g,Smithsonian Channel,4260000.0,,,,,,,,,,,,,,,,,,,0.0016387085711901807
0qIhFhM6eKw,UCWjSwkIn2gGgETcZZYaO-6g,RETIRING IN PARADISE,17000.0,0.79,0.36,0.0,0.88,0.4,0.19,0.08,2.24,0.86,0.8,0.25,0.91,0.0,0.29,0.05,1.3,0.0,1.0,8.62478195363253e-05
0r-T21BKkMk,UCG57u0jfLpuPuCAHRUtTxdg,Blonde&Bass,113000.0,0.3175,0.8975000000000001,0.0,1.645,0.1325,0.06,0.1475,0.0675,0.21,0.0,0.415,0.4575,0.725,0.0,0.985,0.8075,0.0,1.0,0.00032774171423803616
0r3rU0ipuiQ,UCPAz3hWHiBC-c1x4K0-atsg,Waleska Herrera,1230000.0,0.7983333333333333,0.135,0.735,0.535,1.1583333333333334,1.015,0.3416666666666667,0.9416666666666668,0.8266666666666667,1.03,0.3366666666666666,0.065,0.4383333333333333,0.12,0.7116666666666668,0.505,0.2883333333333334,1.0,2.074314647076178e-05
0rGpMzBcnX4,UCqCI4i-mZ4Cu6Kr8emMaf1A,RYU JAPAN,134000.0,,,,,,,,,,,,,,,,,,,0.00027311809519836344
0rqsRvyIvIc,UCFH-Qa1s6rQRTrQjFg8N84Q,BlueWorldTV,1230000.0,,,,,,,,,,,,,,,,,,,0.0010924723807934538
0s6stvGVAEk,UCl4I_ztLWgW8ybm9M0n1pyg,Nic & Rei,14700.0,,,,,,,,,,,,,,,,,,,0.00010572313362517294
0tA3LAVwkIo,UCoWQLZoPwn3mJ-oiPrwDpbA,Living abroad,163000.0,,,,,,,,,,,,,,,,,,,6.554834284760723e-05
0uJu9JkxNwI,UCl4I_ztLWgW8ybm9M0n1pyg,Nic & Rei,14700.0,0.0,0.0,0.0,0.0,1.28,2.48,0.0,2.67,2.63,0.27,0.0,0.0,0.33,0.0,2.33,0.73,0.0,0.0,0.00010572313362517294
0vtbuxqyclc,UCryJ4vhASeu7uhXRPOL3WhA,What's up Philippines,311000.0,,,,,,,,,,,,,,,,,,,2.621933713904289e-05
0yqdgfLWhpM,UCQzpQN0PTfIx1ARe7lL1jXQ,PhillyinthePhilippines,134000.0,0.4825,0.0,0.1925,0.9825,0.615,1.325,0.0875,0.505,0.2274999999999999,0.2425,0.0875,0.0275,1.0875,0.325,0.9675,0.0,0.185,1.0,0.0008193542855950903
0z_UIEHwskI,UCYY2mNcq7pv6IRW92JIT6DA,The Juicy Vlog,583000.0,1.085714285714286,0.3185714285714285,0.3057142857142857,0.4728571428571428,1.1085714285714283,1.717142857142857,0.4914285714285714,0.8171428571428573,0.687142857142857,0.2457142857142857,0.3928571428571428,0.2557142857142857,0.1514285714285714,0.1071428571428571,1.48,1.3714285714285714,0.3814285714285714,1.0,0.00014249639749479832
0zkiGw4F5Pw,UCbfLaTfmCeR2aykiRSGBbTQ,Katriinka,536000.0,0.0,0.0,0.495,0.495,0.505,0.985,0.105,0.865,1.625,0.625,0.0,0.0,0.305,0.055,1.41,0.495,0.675,1.0,0.00027311809519836344
0zyiBgLpoeE,UCeT1qAcQxLP6cEfbMe85QCQ,Yoshi the Japanese Guy,165000.0,0.88,0.255,0.16,0.3875,1.9025,2.1375,1.305,1.7025,2.0425,1.285,0.0575,0.1525,0.3075,0.0425,1.67,0.5499999999999999,0.81,0.0,0.0001489735064718346
1-4pxMY9rq8,UCYmFKw7swKPJiaMloRmptHw,WSJ Podcasts,142000.0,0.72,0.14,0.0,0.0,0.0,0.61,0.0,0.0,0.32,0.61,0.02,0.16,0.0,0.0,0.33,0.0,0.0,1.0,0.0010924723807934538
1-b2aT0of_Y,UCD58HBLhMozUsE6JwK3y10g,Bowzer’s reaction Pit,276000.0,0.0,0.0,0.73,0.035,0.68,2.02,0.78,0.085,0.325,0.535,0.07,0.005,0.015,0.0,0.315,0.915,0.59,1.0,0.0008193542855950903
1-m9KLTaeaI,UC8TejFCTSwkcpOubPVOcCaQ,Robbie Travels,3220.0,0.6,0.125,0.0,0.315,1.365,0.99,0.7350000000000001,1.385,1.03,1.27,0.585,0.285,1.48,0.0,1.915,0.65,0.06,0.0,0.0005462361903967269
12cGM8Quszs,UCCgVh36x3hbuRnHMpwl443Q,Music Game News,1210000.0,0.8466666666666667,0.2966666666666667,0.1766666666666666,1.3066666666666666,1.3533333333333335,0.8233333333333334,0.2133333333333333,1.0766666666666669,1.2466666666666668,1.4833333333333334,0.6433333333333333,1.1966666666666663,0.8733333333333334,0.3233333333333333,1.5366666666666668,1.346666666666667,0.5499999999999999,0.0,8.193542855950904e-05
12t-wjHSq5c,UCl7giZXLlLIAEKV-TVoBW7Q,tryNsomethingnew,1200000.0,0.46,0.0,0.0,0.0,1.79,1.29,0.41,2.87,2.09,1.31,0.19,0.0,0.0,0.0,0.71,0.0,0.0,0.0,0.0002979470129436692
13VgNwbbOcw,UCt9BTGSxATM6axwfTY4KnEg,A Foreigner in the Philippines,265000.0,,,,,,,,,,,,,,,,,,,5.462361903967269e-05
13wZEXCrprY,UC6_2wj3vR_j5EiqB-hZ7BUA,Yad Ventures,85100.0,0.12,0.0,0.66,1.01,0.0,0.0,0.85,0.0,0.0,0.0,2.22,0.0,0.0,0.0,0.14,0.0,0.0,1.0,0.0008193542855950903
1427-FjkU3s,UCiEpme4y4_PQGsPZHA3gK5w,Hoda & Hossam Vlogs,2870.0,,,,,,,,,,,,,,,,,,,0.0008193542855950903
15O6Q7JINkE,UCZJwBtVWmM0iWnagPnRX_rA,Praise On The Spot,2970.0,,,,,,,,,,,,,,,,,,,0.0016387085711901807
160z2kH-pfQ,UCPAz3hWHiBC-c1x4K0-atsg,Waleska Herrera,1230000.0,0.0,0.0,1.49,1.3133333333333332,0.6133333333333334,0.1033333333333333,0.1399999999999999,0.9766666666666668,0.9033333333333332,1.0733333333333333,0.5833333333333334,0.0,0.0,0.0,1.9566666666666668,1.343333333333333,0.8133333333333334,1.0,2.074314647076178e-05
16GQKjDDrXM,UCDSd4U2FQAB4XWgHMjoRrzg,All About Filipina Relationships,19700.0,0.46,0.01,0.0,0.0,0.94,0.46,0.0,1.1,1.42,1.37,0.0,0.05,0.34,0.0,0.26,0.32,0.0,1.0,0.0008193542855950903
17JEASUW0zI,UCXwnQuzCX18pb2Oq3EY7ovQ,At The Intersection,2110.0,1.46,0.0,0.0,1.22,0.72,0.08,0.0,0.86,2.55,1.96,0.0,0.0,1.0,0.0,2.21,0.0,0.0,0.0,0.0016387085711901807
185FT0mCgvc,UCTL128JylZO50B0MqbUuhSw,EL's Planet,232000.0,,,,,,,,,,,,,,,,,,,0.0002341012244557401
18Iluqov9Xk,UCv4DCWW6mt16kixPUSysKKQ,Uhwo - Acm,967.0,0.04,0.05,0.385,0.0,0.0,0.105,0.08,0.92,0.295,0.365,0.265,0.22,0.0,0.035,0.06,0.205,0.84,1.0,0.0010924723807934538
18oXZbC_RYI,UCAUgY9e_n2DhyZTgvPRoJnQ,TriFate Geo,171000.0,0.6699999999999999,0.2533333333333333,0.5833333333333334,1.923333333333333,0.0,0.0,0.1133333333333333,0.3733333333333333,0.0,0.0666666666666666,0.1366666666666666,0.65,0.0,0.0866666666666666,0.4433333333333333,0.5399999999999999,0.0,1.0,6.426308122314434e-05
196oXdYgBEs,UCO5Jeark1e_JP36mY3ua19g,The Commodity,98300.0,0.6,0.35,0.4399999999999999,0.1533333333333333,0.4599999999999999,1.0266666666666666,0.6333333333333333,0.4366666666666667,0.4733333333333333,1.29,0.7366666666666667,0.5300000000000001,1.0366666666666668,0.5966666666666667,0.3233333333333333,0.1833333333333333,0.1633333333333333,1.0,6.18380592901955e-05
1A-RhyuOLYI,UCKd9gq6eJCV7j5FO75q2_Fg,Frank,23800.0,,,,,,,,,,,,,,,,,,,0.0002979470129436692
1C753eMNsKg,UCeJ5AjddCuEnZxtUggbzeDA,Bags Packed Family,269000.0,0.2766666666666666,0.0,0.0933333333333333,0.4566666666666667,0.0,0.8366666666666666,0.0266666666666666,0.0166666666666666,0.1266666666666666,0.1366666666666666,0.2666666666666666,0.0,0.37,0.16,0.12,0.5333333333333333,0.7133333333333334,1.0,0.00036415746026448456
1Ccsgr9T69Q,UCHeFV2atoLtgdKH4iu29orA,Delightful Travellers,164000.0,0.5,0.0,0.3,0.085,0.7050000000000001,0.115,0.565,0.34,0.61,1.425,0.17,0.0,0.0,0.7,0.745,1.35,0.035,1.0,0.0008193542855950903
1D9m0RkEwTg,UC6_2wj3vR_j5EiqB-hZ7BUA,Yad Ventures,85100.0,0.995,0.29,0.0,0.345,1.545,1.235,0.395,1.1150000000000002,1.73,0.64,0.0,0.0,0.34,0.185,0.835,0.0,0.0,0.0,0.0008193542855950903
1FJE4khqN8c,UCCgVh36x3hbuRnHMpwl443Q,Music Game News,1210000.0,0.13,0.43,1.33,2.47,0.62,1.38,1.97,0.0,0.0,0.0,1.77,0.0,0.16,0.0,2.28,0.0,0.0,1.0,8.193542855950904e-05
1GHM1QQDSrI,UCeJ5AjddCuEnZxtUggbzeDA,Bags Packed Family,269000.0,0.748,0.554,0.146,0.8959999999999999,0.212,0.79,0.892,0.7,0.07,0.3139999999999999,1.556,0.594,0.134,1.354,0.5199999999999999,0.296,0.156,1.0,0.00036415746026448456
1HEOo6a91yY,UCU1wi0E8d98o0KTaOGJbieg,Paddy Doyle,303000.0,1.16,0.82,0.0,0.55,0.11,0.35,0.0,0.59,0.23,0.0,0.0,0.0,0.0,0.0,2.16,0.38,0.31,1.0,0.0005462361903967269
1Kd2j0RUjrg,UCP_y6xg3u3hF3pskXosMQyQ,Canadian In Philippines,17000.0,,,,,,,,,,,,,,,,,,,0.0002341012244557401
1Kgct3YJoJU,UC8u9rhEMQ1dN4nUW9hLS21g,Province Smile,37900.0,0.12,0.0,0.025,0.0,2.24,2.34,0.535,2.14,2.45,1.2,0.555,0.0,0.7949999999999999,0.0,1.815,0.0,0.0,0.0,0.0010924723807934538
1MCRXw7u1qs,UCAUgY9e_n2DhyZTgvPRoJnQ,TriFate Geo,171000.0,1.355,0.885,0.0,2.08,1.185,1.025,0.0,1.3150000000000002,1.665,0.865,0.04,0.0,0.0,0.095,2.565,0.5,0.035,2.0,6.426308122314434e-05
1MNqENRG1Bk,UC_nGEYgqzTuyFbHCZELMC2w,Merryjuj,11400.0,,,,,,,,,,,,,,,,,,,0.00011301438422001247
1QHRFZwKSMw,UCPAz3hWHiBC-c1x4K0-atsg,Waleska Herrera,1230000.0,0.8300000000000001,0.6683333333333333,1.1033333333333333,1.0116666666666667,0.4266666666666667,1.215,0.2933333333333333,1.3783333333333332,0.4866666666666666,0.6216666666666667,0.4016666666666666,0.4066666666666667,0.2966666666666667,0.0616666666666666,1.4733333333333334,0.5083333333333334,0.3783333333333333,1.0,2.074314647076178e-05
1REnqKrSTls,UCPAz3hWHiBC-c1x4K0-atsg,Waleska Herrera,1230000.0,0.8966666666666666,0.6333333333333333,0.4983333333333333,0.9466666666666668,0.2466666666666666,0.7333333333333334,0.3616666666666666,0.33,0.0433333333333333,0.1783333333333333,0.515,0.375,0.3416666666666666,0.3333333333333333,0.6416666666666667,0.2916666666666667,0.1216666666666666,1.0,2.074314647076178e-05
1Ucsm6J24Us,UCkI3oDLbB2K0iQWXvPnKvmw,NOMAD FRANCE,5040.0,0.0,0.0,0.89,0.0,3.49,3.34,0.69,2.65,2.96,2.13,0.0,0.0,0.1,0.23,2.27,0.38,0.05,0.0,0.0005462361903967269
1WH_VEicE-8,UCqdBWKP4_8bU-Rsk2LvVz6Q,BecomingFilipino,1140000.0,,,,,,,,,,,,,,,,,,,0.0001560674829704934
1YXmTTKljwk,UCu69sXEA647BkACmLf1Zh7A,Lost Knox,9210.0,,,,,,,,,,,,,,,,,,,0.0010924723807934538
1aZ4UYjlHEA,UCb8sNZ__4nIeXo7CLVIdsMw,Adam Tambakau,71900.0,1.48,1.26,0.315,1.68,1.4500000000000002,0.475,0.025,1.605,1.775,1.185,0.805,0.06,0.345,0.005,2.86,0.985,0.12,2.0,0.0010924723807934538
1e0Aed3Xx2c,UCPAz3hWHiBC-c1x4K0-atsg,Waleska Herrera,1230000.0,0.3916666666666666,0.2933333333333333,0.535,0.9566666666666668,0.3799999999999999,0.87,0.5066666666666667,0.6216666666666667,0.4599999999999999,0.5850000000000001,0.3466666666666667,0.4716666666666667,0.2983333333333333,0.2533333333333333,0.375,0.945,0.1383333333333333,1.0,2.074314647076178e-05
1fSsyZeYVp8,UCAWiZqZlnpD50X_DNIgY2tg,thepottedoasis,1390.0,,,,,,,,,,,,,,,,,,,0.0010924723807934538
1fX8P6jZIGE,UCQYkvXhPNaRxlu-jAI5_5Zg,LeRoc Living Our Life Philippines,1240.0,,,,,,,,,,,,,,,,,,,0.00010572313362517294
1hCuqLQfmRw,UClxWKvWC-xiJ9FlUkPn7xnw,Dinah Klein ,1480.0,,,,,,,,,,,,,,,,,,,0.0008193542855950903
1hR4G8d9WQ8,UCVv-y0k91qAA-uI_K46UBvg,Dabble and Travel,583000.0,,,,,,,,,,,,,,,,,,,0.00013109668569521446
1kErCqgIVMk,UC1MNjDRpoEsl_tiogaRYt1A,The Philippines Project,6150.0,,,,,,,,,,,,,,,,,,,0.0005462361903967269
1kqTWaM9FsY,UCTPxMCyJyYGF6H0eBhOvgsA,Pinay mom's blogs,7390.0,,,,,,,,,,,,,,,,,,,0.0001724956390726506
1o_Zw6LbLnU,UCjq1ddBxopU2uW7efYz5_9w,JND,129000.0,0.767142857142857,0.4442857142857143,0.1285714285714286,0.7028571428571428,0.1757142857142857,0.13,0.0,0.6228571428571428,0.4414285714285714,0.0542857142857142,0.2728571428571428,0.41,0.0,0.0742857142857142,0.3257142857142857,0.3771428571428571,0.0042857142857142,1.0,0.0010924723807934538
1qa9wW9Qghs,UCO5Jeark1e_JP36mY3ua19g,The Commodity,98300.0,1.34,0.0,0.3249999999999999,0.0,1.56,1.595,1.48,1.705,1.85,1.975,0.42,0.0,0.8400000000000001,0.05,1.86,0.225,0.09,0.0,6.18380592901955e-05
1qe4A4gGhIA,UCSvaH7DbguYJcp8PHTTv1Zw,Bigg World Cinema,34000.0,0.84,0.065,1.255,0.165,0.925,1.905,0.815,1.695,1.37,0.76,0.035,0.34,0.72,0.25,0.92,0.185,0.085,0.0,0.00019278924366943303
1qvAJGZYr3E,UCbfLaTfmCeR2aykiRSGBbTQ,Katriinka,536000.0,0.485,0.665,0.0,1.135,0.275,0.0,0.0,0.325,1.36,0.98,0.36,0.0,0.385,0.0,0.475,0.16,0.0,1.0,0.00027311809519836344
1rlXGI3NnTU,UCG57u0jfLpuPuCAHRUtTxdg,Blonde&Bass,113000.0,0.8966666666666666,0.5599999999999999,0.2766666666666666,1.7733333333333334,0.0,0.0866666666666666,0.1433333333333333,0.3366666666666666,0.1333333333333333,0.25,0.5933333333333334,0.2966666666666667,0.3966666666666666,0.2066666666666666,0.2833333333333333,0.4266666666666666,0.0,1.0,0.00032774171423803616
1rvvN5No_Yk,UCoWQLZoPwn3mJ-oiPrwDpbA,Living abroad,163000.0,,,,,,,,,,,,,,,,,,,6.554834284760723e-05
1yG9Kki_BNg,UCvG1JotA9_B1y8Mo5_ePOfw,Mike Still,359000.0,,,,,,,,,,,,,,,,,,,0.0010924723807934538
1zHTRAYF5F0,UCXV-Jt3UPJPstvLVx6A1Z7Q,Kristypata,328000.0,,,,,,,,,,,,,,,,,,,0.0008193542855950903
20SwObTtOB8,UC5jf0svsfoB3QE9jrxk7PdQ,Jack Shirley,4370.0,1.1966666666666663,0.1466666666666666,0.8733333333333334,0.5033333333333333,0.36,0.0,0.7666666666666666,1.04,0.49,0.1633333333333333,0.5166666666666667,0.33,1.06,0.2233333333333333,0.7666666666666666,0.0,0.06,1.0,0.0010924723807934538
227xidPFDng,UChIGU8b4l5cj6i5D9REsqdg,YouTube Fanfest ,4880000.0,1.81,1.01,0.29,1.1233333333333333,0.4599999999999999,0.05,0.4733333333333333,1.41,1.03,0.9966666666666666,0.8966666666666666,0.4533333333333333,0.1399999999999999,0.0433333333333333,1.1266666666666667,0.7400000000000001,0.0,2.0,0.0006554834284760723
23GYjckuz9E,UCcaIZBgmiYTJP9fpO_xjMTQ,Travel Escapes,246000.0,0.23,0.2,0.0,2.71,0.32,1.15,0.0,0.22,0.35,0.15,0.2,0.0,0.07,0.0,1.59,0.0,0.0,1.0,0.00032774171423803616
23GlZtU6eVY,UCkI3oDLbB2K0iQWXvPnKvmw,NOMAD FRANCE,5040.0,,,,,,,,,,,,,,,,,,,0.0005462361903967269
23L8K7nOG_c,UCig5Kw1Z2cLtSv0D-Fu8I8g,Starone TV,3340.0,0.31,0.0,0.46,0.28,1.42,3.06,0.19,1.36,0.51,0.51,0.0,0.0,0.27,0.0,1.97,0.0,0.78,0.0,0.0006554834284760723
23cDngtz2Mo,UCpcVjkwSeZG6GJvLsIxK5Yw,Sol & Luna,88000.0,0.0,0.615,0.0,0.0,0.025,0.04,0.02,0.29,0.3,0.5549999999999999,0.19,0.73,0.23,0.02,0.41,0.63,1.92,1.0,0.0002341012244557401
255FPlIIomg,UCobYD8WgP3GPOqgvXF2Yy1w,Adam and Jane's Lifestyle,75500.0,0.475,0.0,0.695,1.035,0.115,0.945,1.02,0.04,0.0,0.06,0.8300000000000001,0.63,0.71,0.14,0.0,0.0,0.04,1.0,6.827952379959086e-05
27DfJdlizR8,UC1SPkZIRegQ1uk48qoPLz5Q,UcieczkaDoRaju,190000.0,0.8066666666666666,0.6466666666666666,0.1666666666666666,0.4833333333333333,0.35,1.403333333333333,0.42,0.7933333333333333,0.65,0.1333333333333333,0.7533333333333333,0.46,0.5366666666666666,0.4833333333333333,0.0699999999999999,0.89,0.0,1.0,0.0008193542855950903
27yofdZnH9s,UCf8njWwyxdHr0q9Fg8mFmRQ,JoshuaSalom,1050000.0,2.06,1.035,0.155,0.8,0.8200000000000001,1.38,0.02,2.325,1.66,0.655,0.58,0.0,0.72,0.0,1.94,0.04,0.13,0.0,0.0008193542855950903
28K1KJwvuBI,UCqNZ2sjaVxkaZ7GlAyaKlXQ,Nomac Uncut,136000.0,1.36,1.44,1.59,0.29,1.96,0.78,0.0,1.38,2.57,2.57,0.0,0.0,0.0,0.37,2.02,0.0,0.0,0.0,0.0016387085711901807
29tdn7VHGOY,UCZfYUKBwN396zj6I3DA2k0A,TripTips Podcast,59800.0,,,,,,,,,,,,,,,,,,,0.0005462361903967269
2ANT-UEHGLc,UC1LlKAwycO8TjYKJIQo2QZA,Allen Relevo,1980.0,,,,,,,,,,,,,,,,,,,0.0008193542855950903
2CLpCOnn-tk,UCCRUTTLI1JDmLBkTBf8ekCg,Fog TV 포그티비,59400.0,,,,,,,,,,,,,,,,,,,0.0010924723807934538
2DBEblhgaJk,UCAUgY9e_n2DhyZTgvPRoJnQ,TriFate Geo,171000.0,0.9966666666666668,1.086666666666667,0.3033333333333333,2.0500000000000003,1.2166666666666666,0.7166666666666667,0.0933333333333333,1.903333333333333,2.08,1.0566666666666666,0.0566666666666666,0.12,0.0,0.12,2.02,0.6466666666666666,0.1733333333333333,0.0,6.426308122314434e-05
2DIqmd6yQBY,UC5jf0svsfoB3QE9jrxk7PdQ,Jack Shirley,4370.0,0.81,0.43,0.615,2.19,0.22,0.145,0.33,0.4649999999999999,0.025,1.27,1.01,0.67,0.255,0.17,0.325,0.685,0.43,1.0,0.0010924723807934538
2D_v3mrBmGI,UCO5Jeark1e_JP36mY3ua19g,The Commodity,98300.0,0.7150000000000001,0.0,0.885,0.06,0.4649999999999999,0.725,1.24,0.675,0.0,0.655,1.125,0.605,0.8,0.1,0.185,0.575,0.0,1.0,6.18380592901955e-05
2E-52BubRvM,UCPAz3hWHiBC-c1x4K0-atsg,Waleska Herrera,1230000.0,0.3166666666666666,0.1366666666666666,0.3166666666666666,0.0166666666666666,0.18,0.16,0.0,0.7566666666666665,0.6266666666666666,0.84,0.5633333333333334,0.4266666666666667,1.24,0.0,0.15,0.0,0.7433333333333333,1.0,2.074314647076178e-05
2Emt_xXktmI,UCYuOZy_oPeZL_1BdHxf-Y2Q,One Down,69600.0,0.7200000000000001,0.33,0.0,0.0,0.455,0.755,0.53,0.7899999999999999,1.3050000000000002,0.395,0.0,0.0,0.0,0.0,1.245,0.005,0.735,1.0,0.00032774171423803616
2FHnLyeuvt0,UC34uT3C8-_AyHTLnZxdzIuw,Ingrid in Bosnia,81700.0,1.16,0.05,0.0,0.26,1.9,2.57,0.58,0.58,1.71,0.89,0.0,0.24,1.5,0.29,1.69,0.88,0.0,0.0,0.0005462361903967269
2Fb8gaX-PFs,UCilyWAYEBfQTJ9DhuVsh_NA,Pinoy Proud and Pride,1250.0,,,,,,,,,,,,,,,,,,,0.0008193542855950903
2G4w9gH8iEs,UCLNoXf8gq6vhwsrYp-l0J-Q,Xiaomanyc 小马在纽约,6770000.0,0.4862499999999999,0.2175,0.20625,0.12125,0.53375,0.66,0.1975,0.7474999999999999,0.9775,0.6062500000000001,0.18,0.185,0.3175,0.20375,0.515,0.3774999999999999,0.1725,1.0,0.00021849447615869075
2GS8wQxCC9M,UCPAz3hWHiBC-c1x4K0-atsg,Waleska Herrera,1230000.0,0.304,0.0,1.032,0.0,0.8639999999999999,1.27,0.438,0.484,1.12,0.768,0.408,0.51,0.406,0.366,0.8240000000000001,0.4599999999999999,0.076,1.0,2.074314647076178e-05
2HpGUdqGwdc,UC4Sd8qBTVn8zoP9bd6isPDQ,Traveling Solo Logs,116000.0,1.44,0.0,0.0,1.41,0.0,0.0,0.0,0.0,0.45,0.38,0.68,0.0,1.2,0.0,0.54,0.0,0.48,1.0,0.0016387085711901807
2I0UVHXizcA,UCmw9oO138A4WRUbOZyUGhHA,The Hungry Syrian Family,1440000.0,,,,,,,,,,,,,,,,,,,0.0006554834284760723
2IhEU5rzUOE,UC_hN8xs99S6jnMdYCuJgoJA,Pinoy Planet,97800.0,0.03,0.3,0.6950000000000001,0.0,0.815,0.715,0.4049999999999999,1.235,0.995,0.765,0.43,0.755,0.2,0.0,0.57,0.48,1.4500000000000002,1.0,3.6015572993190784e-05
2JF7m9fNMBo,UCjpmc-iZPgIlu-MIurDRlYA,Cebu Women Official,15000.0,0.59,0.41,0.0,1.44,0.69,0.06,0.0,0.0,0.4,0.54,0.0,0.0,0.13,0.17,0.14,0.1,0.0,1.0,0.0010924723807934538
2KmDs7fyymk,UCzfEqx1_-zs2xUUzI3jVRSg,FinnSnow,541000.0,,,,,,,,,,,,,,,,,,,0.00016387085711901808
2MJvug6QOgA,UCzqbfYjQmf9nLQPMxVgPhiA,emmymade,3100000.0,1.82,1.57,0.08,0.92,0.96,0.64,0.0,1.92,1.82,0.9,0.02,0.0,0.21,0.0,2.88,1.25,0.0,2.0,0.0004682024489114802
2OT5Pcl4iF0,UCUI4T7riAxLPSV4htxMFLqw,Robyn Kimberly,135000.0,1.19,2.06,0.27,1.77,0.195,0.0,0.0,0.415,0.0,0.395,0.67,0.21,0.0,0.0,1.74,2.1950000000000003,0.0,2.0,0.0008193542855950903
2Ol8aJTPEl4,UCW0ulUd4BZY4k_vHqLFWTuw,Mariah and Bill,5210000.0,0.715,0.885,0.0,0.65,2.055,1.905,0.52,2.355,2.93,0.705,0.0,0.0,0.95,0.0,3.66,1.715,0.6,0.0,0.0010924723807934538
2P1ccsT_vKk,UCt9BTGSxATM6axwfTY4KnEg,A Foreigner in the Philippines,265000.0,,,,,,,,,,,,,,,,,,,5.462361903967269e-05
2PUZu5SE83s,UCYY2mNcq7pv6IRW92JIT6DA,The Juicy Vlog,583000.0,,,,,,,,,,,,,,,,,,,0.00014249639749479832
2Pn0MNwUjM0,UCCSqnDlJAdeJkVvJtOE6cVQ,Baybayin Spirit with Nonna: Stories & Culture,1400.0,0.0,0.0,0.0033333333333333,0.0,2.3833333333333333,1.89,0.0433333333333333,0.8733333333333334,2.24,1.1733333333333331,0.0466666666666666,0.0,0.6333333333333333,0.0933333333333333,1.5666666666666669,0.0,0.0766666666666666,0.0,0.0016387085711901807
2S4TBBvNJ7E,UCgYGSGVlws9VF1Z1u4rNPaw,Mantas Gričėnas,462.0,,,,,,,,,,,,,,,,,,,0.0008193542855950903
2S5dxNFf9zM,UCi9mzS8H-ez_30w5SCL2dmw,JREKML,1210000.0,,,,,,,,,,,,,,,,,,,6.827952379959086e-05
2TETrMU1Q3I,UCTSoA4nbjpOeoWQ_ClHsHSQ,BryanDiscoversWorld,47000.0,1.52,0.0,1.165,2.025,1.105,0.755,0.6100000000000001,1.815,1.48,1.685,0.295,0.415,1.24,0.1,0.505,0.0,0.65,0.0,0.0016387085711901807
2TZut-fFaII,UCVv-y0k91qAA-uI_K46UBvg,Dabble and Travel,583000.0,,,,,,,,,,,,,,,,,,,0.00013109668569521446
2TghJw4IZZ0,UC6WCc8tJw_9zU9HZ9mNpmBw,Richards Infinity,70000.0,0.9333333333333336,1.0233333333333332,0.03,0.8133333333333334,0.3166666666666666,0.0,0.52,0.5,0.29,0.1933333333333333,0.2733333333333334,0.94,0.7766666666666667,0.0,0.2433333333333333,0.87,0.1833333333333333,1.0,0.0010924723807934538
2TkGKRUcH9M,UCEk1OaMTpc0qq1WyDRQFhQw,We Keep Coming Back,522.0,1.12,0.155,0.415,0.045,1.54,0.685,0.7575,0.8275,1.9025,1.0325,0.13,0.0,0.59,0.3424999999999999,0.9525,0.1275,0.0,0.0,0.0008193542855950903
2TmagN6RhkI,UCbfLaTfmCeR2aykiRSGBbTQ,Katriinka,536000.0,0.3866666666666666,0.3933333333333333,0.3133333333333333,0.2033333333333333,0.0,0.7133333333333333,0.09,0.0433333333333333,0.0866666666666666,0.0,0.6933333333333334,0.0,0.1133333333333333,0.0,0.5066666666666667,0.66,0.3866666666666666,1.0,0.00027311809519836344
2Y5LjRWFfkk,UCfNyiuA08MVpit8dsdZhxQw,Mica & Jasmine- Happy life of OFWs in Japan,5670.0,,,,,,,,,,,,,,,,,,,0.0016387085711901807
2cSj4R5OqN0,UCbfLaTfmCeR2aykiRSGBbTQ,Katriinka,536000.0,0.79,0.0,0.64,0.0,1.785,1.825,0.68,2.165,2.515,0.02,0.445,0.22,0.73,0.315,1.395,0.4349999999999999,0.135,0.0,0.00027311809519836344
2cXlM4qr8Lw,UCb8sNZ__4nIeXo7CLVIdsMw,Adam Tambakau,71900.0,0.04,0.0,1.7,0.85,2.33,2.54,1.25,1.89,2.24,1.87,0.86,0.33,0.0,1.0,0.0,0.0,0.0,0.0,0.0010924723807934538
2cj-ZOqXn0s,UC1712XEXMIRQW1-spPVK0Ng,Travis Kraft,597000.0,1.08,0.0,0.03,2.16,0.84,2.63,1.85,1.9,0.0,0.0,2.51,0.0,1.16,0.0,0.72,0.64,0.0,1.0,0.0002979470129436692
2e1ryHgn6ag,UCu2VsQol474IboUn1DHIoqA,TK Top Travel,53200.0,,,,,,,,,,,,,,,,,,,0.0010924723807934538
2ftG8JuMzz4,UCCz0biXWeNqw1zkVLs_I40A,Foodie Legends,2140.0,,,,,,,,,,,,,,,,,,,0.0005462361903967269
2g3Gu9cA_AU,UCi9mzS8H-ez_30w5SCL2dmw,JREKML,1210000.0,0.0,0.0,0.0,0.11,0.01,0.25,1.31,0.71,0.65,0.57,0.31,0.0,0.0,0.0,0.84,0.0,0.72,1.0,6.827952379959086e-05
2g63ty8ySoM,UC5D3ztXVDZOUB8Gp7XPsuPA,Dennis Asuncion,44.0,,,,,,,,,,,,,,,,,,,0.0008193542855950903
2gDO3w-Zv5Q,UCLmnb38gWWR2E9h6hP4nBUA,Mithilesh Backpacker,1090000.0,0.6966666666666667,0.4833333333333333,0.0,0.2366666666666666,0.7999999999999999,0.27,0.04,0.93,1.6466666666666667,1.7433333333333332,0.0,0.0,0.3533333333333333,0.0,1.0566666666666666,0.1966666666666666,0.3366666666666666,0.0,0.0008193542855950903
2iPplpNHjTQ,UC2-_WWPT_124iN6jiym4fOw,Asian Boss,3840000.0,1.78,1.11,0.0,0.0,1.3,0.0,0.0,1.56,2.46,2.28,0.0,0.26,0.41,0.12,0.51,0.0,0.0,0.0,0.0006554834284760723
2j2xM_D4mFc,UCBhnGs1nD_ixIGWkJUYkfRQ,Building the Philippines with Wilma & Greg,14200.0,,,,,,,,,,,,,,,,,,,0.0005462361903967269
2j_1TomiT9Q,UC_kaCfiQ_WIpXPuP-KWLYCg,Davidecult Tv ,293000.0,0.3225,0.3975,0.6925,0.9225,1.2375,1.815,0.495,2.315,1.33,1.2025,0.305,0.1925,0.485,0.0775,2.105,0.515,0.52,0.0,0.0010924723807934538
2l94S4_jMTY,UCzjxQJtI4GqGaBwFagqv1AQ,Shev and Dev,560000.0,0.5533333333333333,0.0,0.1033333333333333,1.2733333333333332,0.4733333333333333,1.643333333333333,0.25,0.5033333333333333,0.6433333333333333,0.7233333333333333,0.5733333333333334,0.0366666666666666,0.7166666666666667,0.7000000000000001,0.82,0.7966666666666665,0.0166666666666666,1.0,0.00036415746026448456
2lXdrSXl9Io,UCxBWeubuZrc8sQE_bXytgUQ,Justin & Alina,138000.0,0.71,0.0,0.0,0.7000000000000001,0.6433333333333333,0.2966666666666667,0.9933333333333332,0.8866666666666667,0.8466666666666667,0.59,1.79,0.3066666666666667,0.7966666666666667,1.78,0.8133333333333334,1.5099999999999998,0.15,1.0,0.00013655904759918172
2n67uXYSG5c,UCmJLkX-7JLWZAf3o2In6Srg,Meet Jacky,79400.0,2.245,2.655,0.32,0.545,0.0,0.045,0.0,0.075,0.0,0.0,1.205,0.01,0.555,0.0,1.705,0.355,1.3,2.0,0.0006554834284760723
2nb7W-iphsk,UCPAz3hWHiBC-c1x4K0-atsg,Waleska Herrera,1230000.0,0.488421052631579,0.08,0.2442105263157895,0.3563157894736842,0.4121052631578947,0.6926315789473684,0.2621052631578948,0.865263157894737,0.9152631578947368,0.6710526315789473,0.2263157894736842,0.1336842105263158,0.1636842105263158,0.1457894736842105,0.6473684210526315,0.5468421052631579,0.0926315789473684,1.0,2.074314647076178e-05
2ncOVB0wTtc,UC40tCi6qlNr-WS37JQSrSUQ,Travelwithchris,695000.0,1.05,0.555,1.515,1.25,0.98,1.24,0.535,1.505,0.805,0.32,1.715,0.0,0.0,0.3,1.735,0.13,0.29,1.0,0.0008193542855950903
2pGWzr7QXtU,UCuVIXN1cZ0npFwHp2-SxDSg,JP & Julia,304000.0,0.51,0.93,0.0,2.77,0.0,0.14,0.0,0.0,0.37,0.0,0.0,0.0,0.19,0.0,0.84,1.99,0.0,2.0,0.0016387085711901807
2qgmxrekr0g,UColnnUYyz7CWjhzpF1kASnw,NOW UNITED,7970000.0,0.6161538461538462,0.1469230769230769,0.29,0.5523076923076923,0.0438461538461538,0.483076923076923,0.1723076923076923,0.446923076923077,0.07,0.2792307692307692,0.2892307692307692,0.173076923076923,0.2476923076923076,0.0438461538461538,0.0846153846153846,0.3961538461538462,0.0946153846153846,1.0,0.00019278924366943303
2qqc_Mx3zuI,UCleKsM8arVjfE1GIaklqGRw,Look Who's Blogging,101000.0,0.365,0.0,0.0,0.0,0.8400000000000001,0.655,0.0,0.725,2.275,0.625,0.305,0.0,0.18,0.0,1.065,0.53,0.505,0.0,0.0008193542855950903
2sZQWjSUx74,UCryJ4vhASeu7uhXRPOL3WhA,What's up Philippines,311000.0,,,,,,,,,,,,,,,,,,,2.621933713904289e-05
2sZh5FtJRb8,UCRrUJKpFAGgA9WVjSWhgk2Q,KIM n LEE,95200.0,0.655,0.525,0.0,0.745,0.125,0.0,0.625,0.925,0.995,0.165,0.405,1.225,0.07,0.0,0.27,0.615,0.0849999999999999,1.0,0.00011301438422001247
2sb7GzhpLBQ,UCFjh6CdEwrQrKf4o9QUnoEA,ONE FILIPINO TV,145000.0,1.08,0.43,0.32,1.24,0.0,0.0,0.0,0.91,0.0,0.0,1.83,0.41,0.04,0.0,0.07,0.0,0.0,1.0,0.00036415746026448456
2shoun41cW0,UCl4I_ztLWgW8ybm9M0n1pyg,Nic & Rei,14700.0,0.0,0.0,0.0,0.0,1.39,3.11,0.0,2.76,2.68,0.0,0.0,0.0,0.07,0.0,2.32,0.58,0.0,0.0,0.00010572313362517294
2v29gYhPgkI,UC211QaCtk9p37_-cvtN3kxg,BINI JOSIE'S VLOGS: HEART OF PINOY IN SOUTH AFRICA,16800.0,0.355,0.0,0.0,0.045,1.5699999999999998,1.35,0.51,2.0,1.355,0.675,0.165,0.07,0.8300000000000001,0.0,0.5,0.355,0.315,0.0,0.0008193542855950903
2w5fiRkBUIw,UCWk9ho4wXA43KZvxE58WSXg,Steven Banamu,14500.0,,,,,,,,,,,,,,,,,,,0.0006554834284760723
2w7MEv0-yMs,UCQQyW9Ki62OmGzHedws7xlQ,Bianca & Beyond,142000.0,0.89,0.0,0.35,0.0,0.42,0.53,0.85,0.72,0.16,1.5,0.29,1.28,0.0,0.25,0.0,0.62,0.0,1.0,0.00010241928569938629
2xCg-XC_H2g,UCMWTQE8CQv5outBblPqa8tg,Gli and Erik,2660.0,,,,,,,,,,,,,,,,,,,0.0010924723807934538
2xD1WA0YVUE,UCcyq283he07B7_KUX07mmtA,Business Insider,10100000.0,,,,,,,,,,,,,,,,,,,0.0016387085711901807
2xLHVJNTjn4,UCwmjQLxUeYS2qxpNH8cF0Rw,BossD3nnis,15000.0,2.35,2.96,0.0,1.15,0.0,0.0,0.0,0.0,0.0,0.21,0.13,0.0,0.0,0.0,1.53,0.85,0.33,2.0,0.0002521090109523355
2xzBWVrG27M,UCSvaH7DbguYJcp8PHTTv1Zw,Bigg World Cinema,34000.0,0.72,0.0,0.0,0.69,1.15,0.0,0.0,1.14,1.37,0.04,0.0,0.52,1.42,0.45,1.37,0.0,0.0,1.0,0.00019278924366943303
30NXj6O44r8,UC25HBOBYfc-scqCQcyYKVNw,Lifey,248000.0,1.62,2.11,0.0,4.1,0.0,0.0,0.0,0.0,0.0,0.0,0.98,0.04,0.0,0.0,2.41,2.81,0.0,2.0,0.00040967714279754517
30f7VYKKd2s,UC5NofLGyaa9Q6PHsxSgXM0Q,Lloyd & Mandy,120000.0,0.0,0.0,0.0,0.0,2.34,2.42,0.0,1.46,3.07,0.89,0.0,0.0,0.0,0.0,3.38,0.21,0.27,0.0,0.0008193542855950903
32nRdJOPP-4,UCnSDZWM7akmbgbwdECSPpow,Before You Go,109000.0,0.01,0.0,0.0,0.0,0.46,0.0,0.19,0.25,0.6,0.75,0.0,0.0,0.21,0.0,0.52,0.93,0.65,1.0,0.0004682024489114802
33Q14vlsZqo,UCZMJJkKeGhl9GYAyc0PIZdA,Eviang sa Singapore,6850.0,1.285,1.45,0.0,0.12,0.74,1.065,0.08,0.8799999999999999,0.95,0.49,0.065,0.435,0.0,0.055,1.595,1.87,0.415,2.0,0.0016387085711901807
344HnNjBD2Y,UCoWQLZoPwn3mJ-oiPrwDpbA,Living abroad,163000.0,,,,,,,,,,,,,,,,,,,6.554834284760723e-05
34VMEMaI3vw,UCRbxApsHPfN2huG4Z6D0MeA,Dave Roams,53400.0,1.62,0.585,0.8725,0.9075,0.59,0.5575,0.325,0.9425,0.515,0.7625,0.4599999999999999,0.0375,0.4225,0.0,1.7575,0.865,0.0,1.0,0.0008193542855950903
35THbgakNBk,UCYY2mNcq7pv6IRW92JIT6DA,The Juicy Vlog,583000.0,1.0733333333333333,0.1533333333333333,1.596666666666667,1.1266666666666667,0.64,0.9933333333333332,0.2433333333333333,0.4533333333333333,1.17,0.4866666666666666,0.6233333333333334,0.3633333333333333,0.0,0.0533333333333333,0.7266666666666666,0.0,0.2066666666666666,1.0,0.00014249639749479832
36NXapTl4Ts,UC28nfCZu-9_0rZeX1neNGZw,Ayoub Ennassila,1600.0,,,,,,,,,,,,,,,,,,,0.0016387085711901807
37rYKJfsYmo,UCeT1qAcQxLP6cEfbMe85QCQ,Yoshi the Japanese Guy,165000.0,0.7257142857142858,0.1785714285714285,0.3914285714285714,0.39,1.39,0.39,0.5857142857142856,2.1885714285714286,1.634285714285714,0.6757142857142856,0.5085714285714286,0.0,0.2185714285714285,0.03,1.9057142857142857,1.002857142857143,0.7685714285714286,0.0,0.0001489735064718346
39s28fwxQfM,UCCgVh36x3hbuRnHMpwl443Q,Music Game News,1210000.0,0.8200000000000001,0.115,0.86,1.195,0.245,0.7949999999999999,0.545,0.445,0.81,0.06,0.2299999999999999,0.375,0.255,0.0,1.315,1.025,0.0,1.0,8.193542855950904e-05
3B3unElpNwQ,UCkS6mJ0i2oMdHEdR-Jpw9Ug,hyuneeEats,1670000.0,1.44,1.77,0.0,1.04,0.0,0.62,0.0,0.0,0.0,0.0,0.75,2.01,0.0,0.0,0.0,0.0,0.0,2.0,0.0010924723807934538
3CQwCDZbUrk,UCt9BTGSxATM6axwfTY4KnEg,A Foreigner in the Philippines,265000.0,,,,,,,,,,,,,,,,,,,5.462361903967269e-05
3DJpy-yikrc,UC27I_uPS3_YQ388Oca4o_PQ,Fatih Yayla,93000.0,0.8125,0.0575,0.8475,1.2025,0.3774999999999999,0.825,0.1425,1.0775,0.595,0.4425,0.8125,0.765,0.475,1.2325,0.675,0.685,0.25,1.0,0.0016387085711901807
3DUQ5TCoQyk,UCSp8fcx6N6EqteugsAHD9Vw,The Manifested Family,53500.0,1.23,0.0,0.61,0.43,0.0,0.0,0.65,1.33,0.0,1.42,1.66,0.0,0.0,0.0,1.25,0.03,0.0,1.0,0.0008193542855950903
3DVDdquBk5c,UC1FVueCEU5ORLkWyRpEN0dQ,Visual_mode,5010.0,,,,,,,,,,,,,,,,,,,0.0008193542855950903
3F0lW3HehjE,UCvU278VonkFgEvpKqRuZs1Q,nazfromqueens,2700.0,2.51,2.93,0.0,3.09,0.0,0.0,0.0,0.0,0.0,0.0,0.0,0.0,0.0,0.0,0.48,0.73,0.0,2.0,0.00040967714279754517
3GfHcEvWfIo,UCoWQLZoPwn3mJ-oiPrwDpbA,Living abroad,163000.0,0.1966666666666666,0.0733333333333333,0.1899999999999999,0.0133333333333333,0.6233333333333333,1.4433333333333334,0.1399999999999999,0.47,0.7466666666666666,0.6666666666666666,0.1666666666666666,0.0,0.2466666666666666,0.0,2.2333333333333334,1.3633333333333333,0.0333333333333333,1.0,6.554834284760723e-05
3GkauoR2xgE,UColnnUYyz7CWjhzpF1kASnw,NOW UNITED,7970000.0,0.4022222222222222,0.0366666666666666,0.1722222222222222,0.1711111111111111,1.1844444444444444,1.1055555555555554,0.35,0.9622222222222222,1.5811111111111111,0.9188888888888888,0.2433333333333333,0.0844444444444444,0.7077777777777778,0.0811111111111111,1.3766666666666667,0.5988888888888889,1.0577777777777777,0.0,0.00019278924366943303
3KvTMgth1PE,UCdkq517IaeUcnG5CIiFX9RA,Shin Smith,36200.0,,,,,,,,,,,,,,,,,,,0.00010241928569938629
3Kw44btvK5E,UCpTCjuNOcqSyjvmu1sEES4w,The Stepanov Family,33900.0,,,,,,,,,,,,,,,,,,,0.0010924723807934538
3Lz2ntvDBFQ,UCRnUerHPnis0OpBMZzIJCbg,Pipe Vlogs,203000.0,0.3766666666666666,0.4166666666666667,0.0366666666666666,0.53,0.0266666666666666,0.13,0.16,0.3999999999999999,0.6666666666666666,0.1233333333333333,0.0833333333333333,0.0,0.1633333333333333,0.0,0.94,0.5299999999999999,0.3366666666666666,1.0,0.0010924723807934538
3NHSsHi3h0M,UCwtnkRZcvL4bfopzJ-Von8Q,merrelltwins,6220000.0,0.4975,0.29,0.3441666666666667,0.4266666666666667,0.375,0.8108333333333334,0.265,0.3991666666666666,0.9516666666666668,0.9116666666666666,0.3216666666666667,0.2358333333333333,0.4966666666666666,0.2691666666666666,0.6183333333333333,0.3441666666666667,0.3075,1.0,0.0006554834284760723
3PKGOy6PoiQ,UCVdvbdhaXo01c1G4mNp1RsQ,Be My Travel Muse,73800.0,,,,,,,,,,,,,,,,,,,0.0008193542855950903
3PVx1yM2YvQ,UCKLlmM881k4QZN-iUAFIQfw,Susie in the Philippines,128000.0,,,,,,,,,,,,,,,,,,,0.00013109668569521446
3PpNx0dV-LY,UCp4-ksiKbZ3vTmv3gQ6tF8w,The Wimmas,5890.0,,,,,,,,,,,,,,,,,,,0.0008193542855950903
3QFkmOO9Tl8,UCatYGXWCXRt_0XLLKv1hkUw,Always Be Changing,501000.0,0.54,0.0,0.9225,0.5,0.9675,0.61,0.3725,1.435,1.4225,1.0675,0.0,0.01,0.4375,0.035,1.5775,0.7875,0.125,0.0,0.0002341012244557401
3Qfr55KRGgE,UCpcVjkwSeZG6GJvLsIxK5Yw,Sol & Luna,88000.0,0.13,0.06,0.0,0.0,1.68,1.62,0.0,1.49,1.85,1.38,0.0,0.0,0.0,0.0,2.34,0.74,0.0,0.0,0.0002341012244557401
3TxugOC8su0,UCwtnkRZcvL4bfopzJ-Von8Q,merrelltwins,6220000.0,0.355,0.305,0.0,0.44,1.63,1.27,0.0,1.17,3.205,1.035,0.0,0.0,0.0,0.0,2.265,0.0,0.0,0.0,0.0006554834284760723
3UHLwAKF1Is,UCryJ4vhASeu7uhXRPOL3WhA,What's up Philippines,311000.0,,,,,,,,,,,,,,,,,,,2.621933713904289e-05
3UI99FyrUc4,UCP1TtgcChvhLL5aqxe45CPQ,Fun And Talk,4460.0,0.7066666666666667,0.7933333333333333,0.2666666666666666,2.0,1.1733333333333331,0.9733333333333332,0.4066666666666667,1.66,1.7233333333333334,1.36,0.0699999999999999,0.0,0.7699999999999999,0.11,2.3366666666666664,0.9266666666666666,0.7666666666666666,0.0,0.0008193542855950903
3WB_7DYb8zA,UC6tTTsFKifxEhOIMI2HtLeQ,Jelena Kopilec,173000.0,,,,,,,,,,,,,,,,,,,0.00036415746026448456
3WQWPlvNZIo,UC7EQzceJQbnNNOwLfFc-WhA,TheHervism commecicommeca,304.0,,,,,,,,,,,,,,,,,,,0.0010924723807934538
3Wh8qKGc5K0,UCoWQLZoPwn3mJ-oiPrwDpbA,Living abroad,163000.0,,,,,,,,,,,,,,,,,,,6.554834284760723e-05
3Wn0qDg4uDQ,UCmUaeYKjQ7n0aMa1KjDHlQg,Travel Chronicles,35000.0,,,,,,,,,,,,,,,,,,,0.0006554834284760723
3ZgHEAM_-Fw,UCDSd4U2FQAB4XWgHMjoRrzg,All About Filipina Relationships,19700.0,,,,,,,,,,,,,,,,,,,0.0008193542855950903
3_ms_C3ElA0,UC1lSkVg0HUiMxW3l-WRICGw,Pietro Boselli,900000.0,1.2,0.0,1.29,0.89,0.99,1.42,0.0,0.36,0.81,1.48,0.7,0.98,0.35,0.43,0.0,0.0,0.0,1.0,0.0016387085711901807
3aoRaEgunEQ,UChb9JivvMmUqmD9QSUQUIJA,Try La!,452.0,,,,,,,,,,,,,,,,,,,0.0016387085711901807
3b6lSIIqnUs,UCNZyLULUQBp5e9Q1cKtvk6Q,CBS New York,1130000.0,0.2021739130434783,0.0565217391304347,0.1821739130434782,0.3382608695652173,1.2630434782608695,0.4143478260869566,0.8773913043478261,1.1452173913043475,1.387391304347826,0.6856521739130435,0.2365217391304347,0.108695652173913,0.2682608695652174,0.0399999999999999,0.5582608695652174,0.2230434782608695,0.0143478260869565,1.0,0.0006554834284760723
3bZp6Tauo5c,UCDSd4U2FQAB4XWgHMjoRrzg,All About Filipina Relationships,19700.0,0.48,0.0,0.0,0.0,1.01,0.3,0.0,0.76,1.22,1.25,0.0,0.02,0.27,0.0,0.04,0.0,0.0,1.0,0.0008193542855950903
3eWmsTsgWkQ,UC9jKcnqQ1TziJRAkSXbNISA,Happiness Crossing,106000.0,0.965,0.865,0.26,2.175,0.545,0.93,0.13,0.425,1.03,0.315,1.2,0.635,0.23,0.0,1.855,1.365,0.0,2.0,0.0006554834284760723
3fPIsGv3eik,UCRzBNJTsBe2rq6pkyXeaj1A,TriFate Lifestyle,161000.0,1.89,1.67,0.0,1.75,2.29,1.46,0.0,2.32,3.39,1.67,0.0,0.0,1.07,0.01,2.81,0.33,0.0,0.0,0.0001724956390726506
3gXTOa6Zskw,UCBINYCmwE29fBXCpUI8DgTA,MostAmazingTop10,7770000.0,,,,,,,,,,,,,,,,,,,0.0010924723807934538
3hc7N_uOHdw,UCpko_-a4wgz2u_DgDgd9fqA,BuzzFeedVideo,19800000.0,0.02,0.2,0.005,0.0,2.015,0.98,0.5,2.04,2.62,1.595,0.085,0.0,0.325,0.17,3.495,0.755,1.85,0.0,0.0002521090109523355
3kftPeWMvLk,UCatYGXWCXRt_0XLLKv1hkUw,Always Be Changing,501000.0,0.39,0.0,0.55,0.4425,0.265,1.455,0.5750000000000001,0.5725,0.0225,0.0875,0.3875,0.2025,0.1925,0.1075,0.3325,0.4425,0.08,1.0,0.0002341012244557401
3ksZkJHTlOc,UCn4HljYMUfp26ylZ8w5dttg,Travel n'2,7000.0,0.184,0.0,0.0,0.4,0.662,1.116,0.33,0.8099999999999999,0.5680000000000001,0.4779999999999999,0.434,0.026,0.618,0.186,0.53,0.8039999999999999,0.248,1.0,0.0008193542855950903
3l2X_pIMB0Q,UC_nGEYgqzTuyFbHCZELMC2w,Merryjuj,11400.0,,,,,,,,,,,,,,,,,,,0.00011301438422001247
3lO1tIs9IJc,UCa4FKY8frKf-1dfGQQiqJ8Q,True Food Eats,20800.0,,,,,,,,,,,,,,,,,,,0.0016387085711901807
3lgwd5aEilU,UCryJ4vhASeu7uhXRPOL3WhA,What's up Philippines,311000.0,,,,,,,,,,,,,,,,,,,2.621933713904289e-05
3n1nspLgfd4,UColnnUYyz7CWjhzpF1kASnw,NOW UNITED,7970000.0,1.37,1.07,0.32,1.3,0.0,0.0,0.0,0.3399999999999999,0.615,0.025,0.49,0.605,0.465,0.0,1.57,1.685,0.015,2.0,0.00019278924366943303
3oTOIi8ysLo,UC9DwgmJc-uKnxGavukOy_6w,Aaron Around,9540.0,0.21,0.0,2.77,0.83,1.18,2.1,0.16,0.04,0.91,0.58,0.0,0.0,0.0,1.19,0.0,0.0,0.0,1.0,0.00016387085711901808
3rCmwCu5JOs,UCfot-hD35IfUqXC9JXcVatg,Island Life,63400.0,,,,,,,,,,,,,,,,,,,0.0006554834284760723
3rKffuFJYNk,UCbDelWG0lH_xzQjnH-bNB_w,josie lifts things,1080000.0,1.17,0.5,0.45,0.0,0.41,1.07,0.09,0.23,0.42,0.82,0.92,0.0,0.0,0.0,0.81,0.03,0.0,1.0,0.0002521090109523355
3rRNKYvoDsQ,UCZ1OXjyMDPokR8xOJqCv05g,Matt and Danielle | CouplesQuest_,21100.0,,,,,,,,,,,,,,,,,,,0.0005462361903967269
3sNSRgq-4l8,UCV3Nm3T-XAgVhKH9jT0ViRg,AJ+,2350000.0,1.22,0.0,0.855,1.22,0.205,0.0,0.185,0.72,0.215,0.23,0.38,0.27,0.0,0.0,0.26,0.03,0.08,1.0,0.0010924723807934538
3sVrbsvXWQ0,UCwmjQLxUeYS2qxpNH8cF0Rw,BossD3nnis,15000.0,2.8166666666666664,1.5533333333333337,0.49,0.8633333333333334,0.03,0.0,0.1566666666666666,0.8766666666666666,0.3566666666666666,1.0333333333333334,0.1833333333333333,0.5366666666666667,0.0,0.0033333333333333,0.4666666666666666,0.31,0.2266666666666666,2.0,0.0002521090109523355
3tdQO7zvmcA,UCqCI4i-mZ4Cu6Kr8emMaf1A,RYU JAPAN,134000.0,0.0,0.0,0.11,0.0,1.31,1.73,0.2,1.78,1.38,1.88,0.55,0.0,0.0,0.45,1.8,1.79,0.0,0.0,0.00027311809519836344
3uEH8rj5cw8,UCqlthGjbLIci7i3x2gk8P4Q,Nadir On The Go,539000.0,1.02,0.01,0.0,1.36,2.63,1.82,0.34,0.77,1.65,0.0,1.76,0.0,0.0,0.29,2.55,2.02,0.0,0.0,0.0004682024489114802
3uOf_FMbW54,UCjpmc-iZPgIlu-MIurDRlYA,Cebu Women Official,15000.0,1.28,0.42,0.0,0.04,0.0,0.0,0.0,0.0,0.39,0.0,0.0,0.0,0.67,0.0,0.0,0.0,0.0,1.0,0.0010924723807934538
3uSIf529AOg,UCCgVh36x3hbuRnHMpwl443Q,Music Game News,1210000.0,0.74,0.09,3.215,0.48,0.33,0.595,0.47,0.51,0.055,0.975,0.205,1.265,0.32,0.12,1.535,1.1,0.88,1.0,8.193542855950904e-05
3vouclvykqE,UCzuqE7-t13O4NIDYJfakrhw,Democracy Now!,2930000.0,0.48,0.635,0.485,0.0,0.595,0.775,0.88,1.51,0.38,0.13,1.14,0.355,0.21,0.0,0.845,1.175,0.995,1.0,0.0010924723807934538
3wP6uF6KEU4,UCO5Jeark1e_JP36mY3ua19g,The Commodity,98300.0,0.51,0.0,0.375,0.0,1.085,0.375,0.85,1.14,1.21,2.57,0.09,0.16,1.475,0.0,0.99,0.5,0.13,0.0,6.18380592901955e-05
3x5rJk4R4gE,UC81LFswmKyrfySyFru_CWIQ,Captain Airplane,125000.0,,,,,,,,,,,,,,,,,,,0.0010924723807934538
3xy9jS1KwvY,UC3vKq6F593xdQw-uynYD2eA,류또 Belet,25600.0,0.11,0.22,0.83,0.0,0.0,1.17,0.0,0.0,0.0,0.0,0.3,0.48,0.0,0.0,0.64,2.34,0.87,1.0,0.0016387085711901807
3y0EwY-WGBQ,UCAqEoRfgMCtErK0qsL1cCtw,BuzzFeed UK,461000.0,1.815,2.325,0.0,2.3,0.0,0.0,0.0,1.525,0.825,0.0,0.48,0.635,0.475,0.0,0.32,0.075,0.0,2.0,0.00036415746026448456
3zq5EhLuE2g,UCryJ4vhASeu7uhXRPOL3WhA,What's up Philippines,311000.0,,,,,,,,,,,,,,,,,,,2.621933713904289e-05
401ZvQ11euA,UCgFP46yVT-GG4o1TgXn-04Q,China Uncensored,2130000.0,2.22,2.17,0.0,0.07,0.72,2.1,0.92,1.65,0.66,0.19,1.06,0.0,0.76,0.0,1.51,1.96,0.96,2.0,0.0004682024489114802
41WyfyapTw0,UC4S7Ca53tVPuNQhAJKxzlzw,FINIX,202000.0,0.53,0.2133333333333333,0.47,0.0066666666666666,1.25,0.4033333333333333,0.2299999999999999,2.3233333333333333,1.0566666666666666,1.7733333333333334,0.3799999999999999,0.3466666666666667,1.3966666666666667,0.14,1.143333333333333,0.34,0.8566666666666668,0.0,0.0008193542855950903
41nyoe4buzw,UCdkq517IaeUcnG5CIiFX9RA,Shin Smith,36200.0,,,,,,,,,,,,,,,,,,,0.00010241928569938629
42sibaGVjY8,UCLNoXf8gq6vhwsrYp-l0J-Q,Xiaomanyc 小马在纽约,6770000.0,0.4024999999999999,0.0,0.105,0.605,1.825,1.7075,0.6275,1.0875,1.4225,1.7425,0.0,0.0,1.15,0.06,1.54,0.27,0.065,0.0,0.00021849447615869075
42t6Jk4JXrA,UCNMCLJlFSqiUb1EnXII3zhQ,Harees Ameerali - Royal Sky Holidays,986000.0,1.88,0.6,0.95,0.06,0.0,0.0,0.0,1.38,1.13,0.0,1.01,0.6,0.44,0.23,0.17,0.0,0.0,1.0,0.00036415746026448456
43SNx2y2Zt0,UCO5Jeark1e_JP36mY3ua19g,The Commodity,98300.0,0.0366666666666666,0.0,0.2633333333333333,0.2466666666666666,1.3033333333333337,1.1866666666666668,0.9066666666666666,0.6266666666666666,1.0166666666666666,1.97,0.54,0.5566666666666666,1.0666666666666669,0.2266666666666666,0.6233333333333334,0.8233333333333334,0.1433333333333333,0.0,6.18380592901955e-05
45MuxKYi-t0,UCPAz3hWHiBC-c1x4K0-atsg,Waleska Herrera,1230000.0,1.0,0.8066666666666666,0.5416666666666666,1.3516666666666666,0.86,1.0633333333333332,0.3683333333333333,0.4049999999999999,1.1266666666666667,1.075,0.3833333333333333,0.2383333333333333,0.31,0.1683333333333333,1.5716666666666663,0.4866666666666666,0.2383333333333333,1.0,2.074314647076178e-05
45j2p4FEI_o,UCQQyW9Ki62OmGzHedws7xlQ,Bianca & Beyond,142000.0,0.0,0.0,0.0,0.13,1.15,2.11,0.89,0.0,1.69,0.72,0.0,0.0,0.14,0.0,0.85,0.0,0.0,0.0,0.00010241928569938629
45nukMR5A_c,UCltSy4R9FvrFsVleCLjyr2g,wonder zone,184.0,,,,,,,,,,,,,,,,,,,0.0016387085711901807
479RSxJ3Ml4,UCHEf6T_gVq4tlW5i91ESiWg,People Vs Food,12600000.0,0.0,0.0,0.69,0.0,2.33,1.63,0.69,3.09,2.12,1.94,0.63,0.97,0.16,0.37,0.95,1.41,2.53,0.0,0.00032774171423803616
47BQVWmfi9U,UCryJ4vhASeu7uhXRPOL3WhA,What's up Philippines,311000.0,,,,,,,,,,,,,,,,,,,2.621933713904289e-05
49-rTbR5bss,UCqCI4i-mZ4Cu6Kr8emMaf1A,RYU JAPAN,134000.0,1.3624999999999998,0.23,0.325,0.8425,0.245,0.65,0.1175,0.0025,0.33,0.01,0.7799999999999999,1.29,1.225,0.04,0.33,1.4175,0.0225,1.0,0.00027311809519836344
4ABk0y_RA9s,UCJogODH1hfW7L7PxiWRiTJw,NBC Palm Springs,5620.0,,,,,,,,,,,,,,,,,,,0.0010924723807934538
4AKZqHFjidg,UCTfHKQ9fbUEiStUAQEax7dw,,,,,,,,,,,,,,,,,,,,,
4BqXFRKCzm0,UC_nGEYgqzTuyFbHCZELMC2w,Merryjuj,11400.0,,,,,,,,,,,,,,,,,,,0.00011301438422001247
4CIjiNM_p6M,UC8qBrdamqYihT_xWo-zyo-A,Emirates Loves Philippines,17400.0,0.315,0.0,0.5,0.365,0.655,0.36,0.105,0.21,1.03,0.32,0.085,0.0,0.11,0.0,0.69,0.0,0.54,1.0,0.0010924723807934538
4CWM57UvhyY,UCt9BTGSxATM6axwfTY4KnEg,A Foreigner in the Philippines,265000.0,,,,,,,,,,,,,,,,,,,5.462361903967269e-05
4DEqwJI-vdg,UCdJAmuo-KkgcJvSoQjPxAWg,Ash and Kels,32200.0,1.11,0.535,0.8,0.325,1.6,1.2799999999999998,0.8200000000000001,1.575,2.07,0.6950000000000001,0.11,0.0,0.0,0.0,2.28,0.79,0.0,0.0,0.00032774171423803616
4EYek0OwN6A,UC6tTTsFKifxEhOIMI2HtLeQ,Jelena Kopilec,173000.0,,,,,,,,,,,,,,,,,,,0.00036415746026448456
4Fge8RG2zYU,UCAUgY9e_n2DhyZTgvPRoJnQ,TriFate Geo,171000.0,0.3999999999999999,0.9225,0.0,1.4925,0.7325,0.6275,0.085,1.375,0.9025,1.035,0.1699999999999999,0.165,0.4625,0.1275,1.485,0.735,0.1875,1.0,6.426308122314434e-05
4GFvezk9DtE,UCKMU-I4eYw-D9QF1YdUMUlw,Calvin Castiel,207000.0,,,,,,,,,,,,,,,,,,,0.0001489735064718346
4IoOQ21A-00,UCL9u5oNnY_pRyzt-UaP5JuQ,Jackie Nolan,16200.0,,,,,,,,,,,,,,,,,,,0.0006554834284760723
4JPhkSR2-DI,UCryJ4vhASeu7uhXRPOL3WhA,What's up Philippines,311000.0,,,,,,,,,,,,,,,,,,,2.621933713904289e-05
4JyhBkXMymo,UCRzPUBhXUZHclB7B5bURFXw,Eater,3860000.0,0.44,0.26,0.0,1.01,0.0,0.32,0.05,1.47,0.0,0.0,1.37,0.75,0.0,0.72,0.72,2.83,0.25,1.0,0.00021849447615869075
4OOvPe3jNTU,UCKLlmM881k4QZN-iUAFIQfw,Susie in the Philippines,128000.0,,,,,,,,,,,,,,,,,,,0.00013109668569521446
4OSt6WQ2K8A,UC1712XEXMIRQW1-spPVK0Ng,Travis Kraft,597000.0,0.295,0.0,0.0,0.0,1.59,2.06,0.7749999999999999,1.4,1.675,0.8049999999999999,0.0,0.0,0.0,0.09,1.725,0.22,0.0,0.0,0.0002979470129436692
4OTAXBjCb10,UC5DAs9Xn2fCnn37tTOUAClQ,Life In Abroad Vlog,516.0,,,,,,,,,,,,,,,,,,,0.0016387085711901807
4OiOwDh5lKE,UC_hN8xs99S6jnMdYCuJgoJA,Pinoy Planet,97800.0,1.68,0.74,0.35,3.13,0.0,0.0,1.45,0.0,0.0,0.0,3.56,0.0,0.0,0.11,0.0,0.0,0.0,2.0,3.6015572993190784e-05
4OzEgHVD5PA,UCaLfMkkHhSA_LaCta0BzyhQ,Munchies,5320000.0,,,,,,,,,,,,,,,,,,,0.0004682024489114802
4QJa07djrLY,UCHza0GAxOvBOeLKkMeL8EcQ,Ken Abroad,510000.0,1.115,0.4166666666666667,0.3216666666666666,1.7716666666666665,0.1666666666666666,0.055,0.0616666666666666,0.365,0.2683333333333333,0.4983333333333333,0.3933333333333333,0.5383333333333333,0.35,0.1733333333333333,0.2433333333333333,0.5916666666666667,0.0733333333333333,1.0,0.00012138582008816153
4QMHfDx_LpM,UCi9mzS8H-ez_30w5SCL2dmw,JREKML,1210000.0,1.15,0.09,0.655,0.95,0.0,1.1,0.31,0.61,0.0,0.0,0.375,0.0,0.0,0.0,0.935,1.93,0.23,1.0,6.827952379959086e-05
4Qb0n_NHZzE,UC9HiNy95qeyWUarzHO9sk8A,Great Life,1150.0,,,,,,,,,,,,,,,,,,,0.0010924723807934538
4RRAgEb5r7Q,UCu56J-caWbTVL_b_3E-Q3cQ,PH Rider Dave,134.0,,,,,,,,,,,,,,,,,,,0.0010924723807934538
4SOtYIJpO3w,UCe3PDv7F4Uex3ii9zdMbvWQ,LifeBeyondTheSea - Philippines Podcast,133000.0,0.7,0.33,0.0,0.59,1.6,1.35,0.61,2.72,1.77,1.95,0.0,1.05,1.65,1.56,0.39,0.0,0.0,0.0,0.00040967714279754517
4TCZPEO58kw,UCqdBWKP4_8bU-Rsk2LvVz6Q,BecomingFilipino,1140000.0,,,,,,,,,,,,,,,,,,,0.0001560674829704934
4TcUHcCj6To,UCnHKzekTY6npfEYHPRz5bJQ,Recipes by Nora,12600.0,,,,,,,,,,,,,,,,,,,0.0016387085711901807
4V8ShzEyamY,UC7yK84cgpIy9iRjk1uoM8WA,PINAY AFAM TV🇦🇺,5770.0,,,,,,,,,,,,,,,,,,,0.0006554834284760723
4VT_EhS1IT4,UC5srj0Tgfq-FuFyk9HFl0Rw,GoldenTV Network,261000.0,,,,,,,,,,,,,,,,,,,0.00032774171423803616
4W9lohe4EYM,UCt9BTGSxATM6axwfTY4KnEg,A Foreigner in the Philippines,265000.0,,,,,,,,,,,,,,,,,,,5.462361903967269e-05
4WQ17A_DBWs,UCsfUASBEZR8ABdma0ee8Zbg,Jay Cee Max,49700.0,0.54,0.01,0.0,0.925,0.88,1.66,0.51,0.845,0.31,0.125,2.18,0.32,1.35,0.495,0.84,1.715,0.0,1.0,0.0005462361903967269
4YxAhOFHLxs,UCbPHHOiOY_tA9BSytK0jDYw,Beryl Shereshewsky,859000.0,1.57,0.03,0.39,2.01,1.38,1.45,0.0,0.73,1.05,0.0,0.04,0.06,0.18,0.04,0.0,0.0,0.0,1.0,0.00019278924366943303
4ZlCwZj90Jk,UCuz8KBA9YP2JpaHorBVTp7Q,The Bailey Squad,12700.0,0.385,0.165,0.055,0.31,1.825,1.2049999999999998,0.515,2.555,2.325,0.67,0.21,0.0,0.075,0.0,1.705,0.0,0.445,0.0,0.00040967714279754517
4cCKve0dl3Y,UC3PVtkwtqwCD4LEPguBEADA,Mia Sandoval,395000.0,0.75,0.43,0.605,0.675,0.565,0.515,0.52,1.05,0.325,0.33,0.0,0.04,0.0,0.215,0.285,0.24,0.185,1.0,0.00011705061222787004
4crqlin_s-I,UCi9mzS8H-ez_30w5SCL2dmw,JREKML,1210000.0,,,,,,,,,,,,,,,,,,,6.827952379959086e-05
4cuRBOi9SGw,UCdkq517IaeUcnG5CIiFX9RA,Shin Smith,36200.0,,,,,,,,,,,,,,,,,,,0.00010241928569938629
4gZVxxSeAn0,UCbfLaTfmCeR2aykiRSGBbTQ,Katriinka,536000.0,0.85,0.7250000000000001,0.0,0.8250000000000001,0.86,0.885,0.6,1.785,1.46,1.65,0.2249999999999999,0.0,0.64,0.0,2.18,0.37,0.385,0.0,0.00027311809519836344
4giM0wycDw8,UCSjiVW9NV-mcJJ1t6RbMh7A,Down Under Visa,2650.0,,,,,,,,,,,,,,,,,,,0.00014249639749479832
4gjvGsxiTw0,UCmeJjgzpnN4OIZg4a9JJo1w,La Ferpection,20600.0,,,,,,,,,,,,,,,,,,,0.0010924723807934538
4j_8rEyYEXw,UCpko_-a4wgz2u_DgDgd9fqA,BuzzFeedVideo,19800000.0,0.0,0.03,0.25,0.16,0.32,0.77,0.0,0.0,0.0,0.34,0.33,0.85,0.76,0.0,0.0,0.82,0.58,1.0,0.0002521090109523355
4kXOQ2NOkxY,UCwtnkRZcvL4bfopzJ-Von8Q,merrelltwins,6220000.0,1.52,1.855,0.0,3.165,0.0,0.15,0.0,0.0,0.0,0.0,0.725,0.0,0.55,0.0,0.14,1.125,0.0,2.0,0.0006554834284760723
4l2eIDF9HZA,UC_hN8xs99S6jnMdYCuJgoJA,Pinoy Planet,97800.0,1.48,2.19,0.0,2.32,0.0,0.0,0.0,2.46,0.5,0.95,2.73,0.43,2.87,0.0,1.31,0.62,0.0,2.0,3.6015572993190784e-05
4rnqHPcMQ0s,UCEjpHDkceZ2lYjnI54t9fmg,Amboy Sa Pinas,10100.0,,,,,,,,,,,,,,,,,,,0.0008193542855950903
4tDgX4VizyU,UCaNjRBHCKnvqWKM22wg0ItA,It’s Me,78100.0,0.73,0.0,0.04,0.0,1.875,3.695,0.8700000000000001,0.695,1.05,0.46,2.5,0.37,0.42,0.13,2.205,0.105,0.355,0.0,0.0010924723807934538
4uooe-9JKLI,UCHEf6T_gVq4tlW5i91ESiWg,People Vs Food,12600000.0,1.15,1.405,0.98,2.025,0.0,0.625,0.0,1.0299999999999998,0.37,0.765,0.455,0.0,0.0,0.15,0.975,0.92,0.065,2.0,0.00032774171423803616
4vieXVa4f2M,UCiXAAaqS9py7TzHzQ9A5Ftg,Trending Ni Andres,128000.0,,,,,,,,,,,,,,,,,,,0.0006554834284760723
4wY_xiZrl1I,UCqz1WM1LPEP_nkMMYeEyBVQ,We Wander,35000.0,,,,,,,,,,,,,,,,,,,0.0006554834284760723
4y2_UjQ9ZwM,UCfot-hD35IfUqXC9JXcVatg,Island Life,63400.0,,,,,,,,,,,,,,,,,,,0.0006554834284760723
4yZRAaXGagI,UChSsQPO1BNzgvup-VcmUeow,Brandon and Wila,7990.0,,,,,,,,,,,,,,,,,,,0.0010924723807934538
4zzhCbQE5iQ,UC8lVqk3EQ1wiUeyOMD24N7g,otakoyakisoba,776000.0,0.8250000000000001,0.71,0.165,1.51,0.905,0.56,1.64,1.17,0.705,0.21,1.625,2.5,1.54,0.07,1.41,1.97,0.0,1.0,0.00036415746026448456
5-9kuktuMAY,UCV2Ge_U5k5tSxmCFt4DjvxA,ROYAL TEHILLAH TV REACTS,123000.0,0.528,0.4639999999999999,0.19,1.682,0.12,0.108,0.022,0.098,0.202,0.0,0.8879999999999999,0.3299999999999999,0.436,0.148,0.178,0.058,0.1,1.0,0.0010924723807934538
5-DQpJj2j9s,UCo57S0HBediNd47Ew5ezkzw,Craig in Asia,8840.0,0.85,0.33,0.0,1.3,0.18,0.37,0.85,0.0,0.0,0.0,0.73,2.83,0.0,1.73,0.0,2.02,0.0,1.0,0.0008193542855950903
5-nceCopalU,UCO5Jeark1e_JP36mY3ua19g,The Commodity,98300.0,0.94,0.86,0.06,1.655,0.0,0.045,0.0,0.785,0.0,0.0,0.665,0.38,0.0,0.0,0.555,2.555,0.0,2.0,6.18380592901955e-05
50pNiKZZwUM,UCO5Jeark1e_JP36mY3ua19g,The Commodity,98300.0,0.415,0.0,0.325,0.0,0.765,1.17,1.145,0.7450000000000001,0.385,1.965,0.515,1.04,1.21,0.04,0.5900000000000001,0.765,0.095,1.0,6.18380592901955e-05
51WJrV0aKPs,UCy9L3Ym1fZqmdaToxy9HsbQ,Nellyslife,145000.0,0.6425,0.4375,0.4775,0.6799999999999999,0.8562500000000001,0.55875,0.43875,1.01625,1.165,0.785,0.06,0.1649999999999999,0.1149999999999999,0.13375,0.83125,0.35,0.2075,1.0,0.0016387085711901807
53xojRfttn8,UCe5wLGScEw2VUiDP-zdBzpw,Joint Base Podcast,15100.0,0.3,0.0499999999999999,0.62,0.1833333333333333,0.4299999999999999,1.3733333333333333,0.3166666666666666,0.1999999999999999,0.2733333333333333,0.5566666666666666,0.8633333333333333,1.2433333333333334,0.25,0.25,0.0,0.2333333333333333,0.1066666666666666,1.0,0.0008193542855950903
543Un3Rjabg,UCPAz3hWHiBC-c1x4K0-atsg,Waleska Herrera,1230000.0,0.18,0.3725,0.185,1.51,0.0,0.12,0.1875,0.0825,0.1175,0.31,1.01,0.4625,0.0675,0.0275,0.1775,1.0675,0.1025,1.0,2.074314647076178e-05
56_MEV8ClLg,UCO-BUJCM03NS-rwr1VonV4A,Divert Living,315000.0,0.2975,0.0,0.1475,0.3825,1.3225,0.9375,0.385,1.5175,1.25,1.43,0.2674999999999999,0.13,0.4575,0.1825,0.9825,0.1375,0.035,0.0,0.00032774171423803616
57TY0y5zpe0,UCMHRM06tR8Sa-Hj3yT_k8fQ,Rocío RC Colón,197000.0,0.0,0.0,0.0,0.0,1.18,1.07,0.0,2.81,2.38,0.36,0.0,0.0,0.0,0.0,2.05,0.99,0.88,0.0,0.0016387085711901807
57xXQjC83zA,UCt9BTGSxATM6axwfTY4KnEg,A Foreigner in the Philippines,265000.0,,,,,,,,,,,,,,,,,,,5.462361903967269e-05
58UzixzNCh4,UCnSDZWM7akmbgbwdECSPpow,Before You Go,109000.0,,,,,,,,,,,,,,,,,,,0.0004682024489114802
59ruWusoMsY,UCmA6EnjVC-jnOgkWiM80P8w,GerMotion,355.0,,,,,,,,,,,,,,,,,,,0.0016387085711901807
5ABdJMdZX_s,UCqlthGjbLIci7i3x2gk8P4Q,Nadir On The Go,539000.0,0.59,0.0,0.34,1.62,0.515,0.0,0.1,0.78,0.63,0.66,0.4649999999999999,0.805,0.23,0.0,0.615,1.21,0.27,1.0,0.0004682024489114802
5AxdLyBlvhw,UCyV4yaPg3P2UMzFLo29tjsQ,Lucia Sinatra,105000.0,0.6375,0.3275,0.2375,0.6975,0.895,0.825,0.1125,1.52,1.4700000000000002,1.0425,0.1075,0.2474999999999999,0.0,0.0525,1.0325,0.38,0.12,0.0,0.0010924723807934538
5FDFwEO5ErM,UCTPxMCyJyYGF6H0eBhOvgsA,Pinay mom's blogs,7390.0,,,,,,,,,,,,,,,,,,,0.0001724956390726506
5FZmGUIqDxU,UCaAjLj9oGV6VKMYq8FxEwdQ,DORCAS Morounmubo,78500.0,,,,,,,,,,,,,,,,,,,0.00036415746026448456
5JAvzI-ZP14,UCHKoUFkbdX2LnWXGcbkC3jA,drew Nation,214000.0,0.27,0.975,0.305,0.5850000000000001,0.0,0.03,0.565,0.19,0.13,0.1,0.59,0.315,0.27,0.0,0.475,0.975,0.365,1.0,0.0005462361903967269
5KQH4Xvco4c,UCsfUASBEZR8ABdma0ee8Zbg,Jay Cee Max,49700.0,2.565,0.8450000000000001,1.095,0.52,0.345,0.115,0.0,1.185,1.095,0.8200000000000001,0.43,0.625,0.065,0.105,1.235,0.035,0.0,2.0,0.0005462361903967269
5Khf5QBf0ss,UCMY6vXA3cYbUuSf4zYmTwIQ,BookwormHead,2850.0,1.5550000000000002,0.0,0.53,1.375,0.205,0.67,0.295,1.175,0.655,0.455,0.52,0.11,0.15,0.0,0.33,0.0,0.025,1.0,0.0006554834284760723
5Kiy94DYJk0,UClMlXTxpTNMZRE4AEjlc5RA,Gio in the Philippines,76300.0,0.0,0.0,0.0,0.0,1.88,2.59,0.77,2.09,2.78,2.64,0.51,0.0,0.0,0.0,2.39,0.29,0.0,0.0,0.0016387085711901807
5LW1VDVgr6k,UCBQjTfMEcxMlI49KCQAHwYQ,2Passports 1Dream,234000.0,0.305,0.0,0.05,0.0,2.16,2.52,0.5449999999999999,1.745,1.855,0.97,0.135,0.0,0.655,0.095,2.33,0.86,0.2,0.0,0.0004682024489114802
5N6hNyg43IY,UCT99PQ5nkgshVaoBlU5jiKw,TEACHER PAUL REACTS (Teacher Paul),533000.0,0.6433333333333333,0.11,0.0,0.3866666666666666,0.0766666666666666,0.4200000000000001,0.1899999999999999,0.3433333333333333,0.0,0.1166666666666666,0.98,0.5233333333333333,0.24,0.0766666666666666,0.2166666666666666,0.2433333333333333,0.5499999999999999,1.0,0.0010924723807934538
5OsH70IAD1A,UC3PVtkwtqwCD4LEPguBEADA,Mia Sandoval,395000.0,0.635,0.415,0.0,0.43,0.075,0.0,0.0,1.285,0.855,0.41,0.4349999999999999,0.54,0.57,0.46,0.115,0.08,0.18,1.0,0.00011705061222787004
5PS7JlDoeAM,UCV34zLTn4A60jS8RTI96_sw,The Black Filipino TV,80200.0,,,,,,,,,,,,,,,,,,,0.0005462361903967269
5PT1wLx87UE,UCOqlhTOx-5tdP0Krafwz_Zg,Ana G Navabi,10800.0,1.0,0.5,0.91,0.29,0.0,1.61,0.0,0.0,0.0,0.0,0.0,0.0,0.0,0.0,0.67,2.28,0.0,1.0,0.0010924723807934538
5Puy1Px2YYc,UCobYD8WgP3GPOqgvXF2Yy1w,Adam and Jane's Lifestyle,75500.0,1.06,0.23,0.05,0.79,0.22,0.0,0.0,1.67,0.9,0.75,0.0,0.87,0.45,0.27,0.0,0.0,0.0,1.0,6.827952379959086e-05
5QZTR7ZdeRQ,UCCb-6a1Fakv4QzwC2c-3vAg,Pinoy Luka,89000.0,,,,,,,,,,,,,,,,,,,0.0008193542855950903
5VUN3h-yq6M,UCi9mzS8H-ez_30w5SCL2dmw,JREKML,1210000.0,,,,,,,,,,,,,,,,,,,6.827952379959086e-05
5VXiVRQIFLs,UC-RAAkufDt0YRpqA3tYifyw,LZ,7530.0,,,,,,,,,,,,,,,,,,,0.0016387085711901807
5XCy01h0N3w,UCz908wM1diz61piCNbQprJw,Yuujou,1360.0,0.95,0.0,0.38,1.415,1.06,1.01,0.17,0.655,1.16,0.195,0.0,0.0,0.0,0.0,0.875,0.105,0.27,1.0,0.0010924723807934538
5bnWQLbGuKc,UCAUgY9e_n2DhyZTgvPRoJnQ,TriFate Geo,171000.0,1.155,1.3,0.605,4.245,0.03,0.16,0.0,0.0,0.48,0.32,0.0,0.0,0.0,0.175,1.2000000000000002,1.42,0.0,2.0,6.426308122314434e-05
5coE3hlNJ3I,UCjhsXdie9x6uzw9ARmF4nNA,Aurora's Vlog,13300.0,0.255,0.0,0.355,0.435,0.515,0.215,0.19,0.075,0.755,0.395,0.56,0.245,0.0,0.08,0.0,0.76,0.66,1.0,0.0010924723807934538
5d7EYahP4Bg,UCXisjO3r0KC_Vh-PWwPTbBA,MontWRLD,114000.0,0.27,0.0,0.6566666666666666,0.2799999999999999,0.48,1.6266666666666667,0.6733333333333333,0.1733333333333333,0.0366666666666666,0.5266666666666667,0.7966666666666667,0.0766666666666666,0.7866666666666666,0.1566666666666666,0.0933333333333333,0.03,0.0866666666666666,1.0,0.0006554834284760723
5dOG_pW1mk8,UCuyMhLIzWRBnJ6dNdPXfXMQ,Travel With Mansoureh,57700.0,1.17,0.0,0.2,0.0,1.79,2.895,0.125,0.89,1.52,1.14,0.11,0.0,0.585,0.415,1.175,0.195,0.45,0.0,0.0006554834284760723
5eoPZMtIUBw,UCRkBBXlng9x1PBS4bZs9oZg,니후Nihoo,701000.0,1.305,0.1916666666666666,1.1558333333333333,0.6466666666666667,0.3183333333333333,1.1675,0.37,0.3291666666666666,0.4216666666666667,0.5483333333333333,0.4758333333333333,0.2733333333333334,0.3983333333333334,0.2758333333333333,0.285,0.0633333333333333,0.1341666666666666,1.0,0.0010924723807934538
5gwTgaGCyYE,UCYY2mNcq7pv6IRW92JIT6DA,The Juicy Vlog,583000.0,0.97,0.0,0.12,2.36,0.52,0.0,0.0,0.85,0.58,1.15,1.98,0.0,0.0,1.4,1.15,0.05,0.37,1.0,0.00014249639749479832
5hSZGKc3VvQ,UCIk6DASPsMiUXnU6Y1Lz8Ww,We Vybz Tv,116000.0,,,,,,,,,,,,,,,,,,,0.0004682024489114802
5l0FJ_t4NQo,UCqCI4i-mZ4Cu6Kr8emMaf1A,RYU JAPAN,134000.0,0.5566666666666666,0.0,0.4133333333333333,0.0,0.36,1.1966666666666663,0.0466666666666666,0.64,0.5033333333333333,0.5466666666666667,0.2433333333333333,0.21,0.0066666666666666,0.0933333333333333,0.73,0.6533333333333333,0.2466666666666666,1.0,0.00027311809519836344
5mlZPHOKh60,UCZ1OXjyMDPokR8xOJqCv05g,Matt and Danielle | CouplesQuest_,21100.0,0.435,0.13,0.025,0.0,2.05,1.56,0.7150000000000001,2.515,2.24,0.58,0.215,0.07,0.23,0.0,1.67,0.81,0.125,0.0,0.0005462361903967269
5oZQfIs_-8s,UCl4I_ztLWgW8ybm9M0n1pyg,Nic & Rei,14700.0,0.89,0.64,0.0,0.0,1.08,1.62,0.0,1.47,2.09,0.95,0.0,0.0,0.0,0.17,0.19,0.12,0.68,0.0,0.00010572313362517294
5rRwJuCdNDo,UCIpnQnRBlaNqDa-Di0DsHyw,Tengkers World [PHIL-KOR Family],202000.0,1.16,0.21,0.1925,0.93,0.3475,0.2125,0.605,0.31,0.085,0.5475,1.9525,0.345,0.0,1.25,0.595,0.565,0.295,1.0,0.0005462361903967269
5sa6BmSG-IU,UC2dqBC-sMDS2d6RYlcihEmw,Almost Polyglot,757.0,,,,,,,,,,,,,,,,,,,0.0010924723807934538
5seK3IKQZDw,UCxSJTo4uztbhXxNr0DhkFsA,FMA Discussion,4240.0,0.14,0.0,0.25,0.97,0.12,0.77,0.0,0.36,0.0,0.0,0.29,1.17,0.61,0.07,0.25,0.0,0.07,1.0,0.0008193542855950903
5ux5BrTZwXM,UCcCzf_nAGW4q1aiTlLLIWFA,JEORELLA,866000.0,1.88,1.82,0.06,0.0,0.0,0.0,0.0,1.1,0.15,1.44,0.0,0.3,0.0,0.0,0.1,0.0,0.69,2.0,0.0016387085711901807
5v6ZZNrPOP8,UC5srj0Tgfq-FuFyk9HFl0Rw,GoldenTV Network,261000.0,,,,,,,,,,,,,,,,,,,0.00032774171423803616
5wuUNfOBBjc,UCO-BUJCM03NS-rwr1VonV4A,Divert Living,315000.0,0.8775000000000001,1.02,0.1725,0.5900000000000001,0.0,1.0725,0.475,0.6675,0.1149999999999999,0.2275,0.9675,0.0675,0.6425000000000001,0.0475,0.9525,1.3525,0.665,1.0,0.00032774171423803616
5xVeZrpVzow,UCAkLcdOFbDWf-zzPVDu7MTQ,Blekxy,4160.0,0.3799999999999999,0.0266666666666666,0.5866666666666667,0.99,0.1766666666666666,0.9533333333333333,0.0,0.46,0.2433333333333333,0.2733333333333333,0.5966666666666667,0.0,0.25,0.0,0.6066666666666667,1.0133333333333332,0.0,1.0,0.0016387085711901807
5xiTu6aUkQE,UCSqcvKFWQhhQOiK4jxyEElQ,Bret Maverick,401000.0,1.2966666666666666,1.7033333333333334,0.5633333333333334,1.1333333333333333,0.9733333333333332,1.61,0.0,1.1366666666666667,1.22,1.24,0.8366666666666666,0.4733333333333333,0.7066666666666667,0.15,0.9066666666666668,0.7866666666666666,0.44,2.0,0.0010924723807934538
5xjSpw04q8k,UCQQyW9Ki62OmGzHedws7xlQ,Bianca & Beyond,142000.0,0.1633333333333333,0.1933333333333333,0.2033333333333333,0.8616666666666667,0.61,0.7316666666666666,0.4833333333333333,0.3266666666666667,0.7266666666666667,0.2766666666666666,0.6116666666666667,0.6316666666666667,0.27,0.0,0.6366666666666667,0.5083333333333333,0.2633333333333333,1.0,0.00010241928569938629
6-el4iKqCKc,UCKMU-I4eYw-D9QF1YdUMUlw,Calvin Castiel,207000.0,,,,,,,,,,,,,,,,,,,0.0001489735064718346
60RF_6NQQu8,UC5NF_7WBa8OVDC0Xbs8yvOg,Japapino World ジャパピーノ,174000.0,0.0,0.675,0.6799999999999999,0.0,2.575,2.645,1.685,1.31,2.1950000000000003,0.88,0.375,0.0,0.195,0.0,3.05,0.52,0.27,0.0,0.00018207873013224228
61AVQo4qIYg,UCW9ip0HhnzbvyFZgKKTFPLg,Luckas Kim,4010.0,1.71,0.48,0.0,0.54,0.0,1.08,0.0,0.0,0.0,0.0,0.12,0.5,0.0,0.13,0.28,1.23,0.54,1.0,0.0008193542855950903
61QLtwDaN-w,UC3ZnKcjVu7GszgdBe4uRZ3A,Dwaine Woolley,1390000.0,,,,,,,,,,,,,,,,,,,0.00040967714279754517
62WGyHcb8So,UCQQyW9Ki62OmGzHedws7xlQ,Bianca & Beyond,142000.0,1.34,0.12,0.0,0.76,1.54,0.42,0.72,0.55,0.63,0.0,0.0,0.0,0.84,0.0,0.96,0.0,0.0,1.0,0.00010241928569938629
62b4tS4lR3o,UCU78xbApo9_MCzS7B_tfY8w,AceBachelorCool,13700.0,,,,,,,,,,,,,,,,,,,0.0006554834284760723
675kMpNG0L8,UCRNHIq5_JclKEK4Gbx1UFDw,한인타운리조트 호텔&풀빌라,245000.0,,,,,,,,,,,,,,,,,,,0.00036415746026448456
67n-hrCYiSI,UColnnUYyz7CWjhzpF1kASnw,NOW UNITED,7970000.0,0.91,0.28,1.005,0.875,0.875,1.72,0.01,1.645,1.44,1.765,0.47,1.755,0.39,0.64,0.92,0.94,0.0,1.0,0.00019278924366943303
695yhXQFVf8,UCRe3yRMUuJkNeWLtO9kBGqg,Nurse Ruth Nook,8750.0,,,,,,,,,,,,,,,,,,,0.0004682024489114802
69CZQlrfkkU,UCguRKiLcbY9yIG9fxmd9BuQ,Nicole and Mico,82000.0,0.66,1.12,0.195,1.025,1.5450000000000002,1.245,0.655,0.955,1.835,0.6000000000000001,0.035,0.0,1.11,0.0,2.185,1.465,0.37,0.0,0.00040967714279754517
6B6zQ8edsa0,UCQQyW9Ki62OmGzHedws7xlQ,Bianca & Beyond,142000.0,,,,,,,,,,,,,,,,,,,0.00010241928569938629
6BXzmImCMuc,UCBhnGs1nD_ixIGWkJUYkfRQ,Building the Philippines with Wilma & Greg,14200.0,,,,,,,,,,,,,,,,,,,0.0005462361903967269
6BZm8EvZXpQ,UCUGW2ubpsY5SDrGHfauQpWw,"선, 바이더웨이 / Seon, by the way",13400.0,0.6,0.0,0.0,1.265,0.0,0.0,0.64,0.0,0.285,1.03,1.6,0.875,0.0,0.26,0.31,1.48,0.455,1.0,0.0006554834284760723
6BzWXEy4t14,UCHgKHbSc87ES-H_xLlh6j9A,Philippine Women,21300.0,0.7183333333333334,0.0233333333333333,0.52,0.9533333333333336,0.4399999999999999,0.5833333333333334,0.6183333333333333,0.4666666666666666,0.2533333333333333,0.7416666666666667,0.88,0.3266666666666666,0.8683333333333333,0.1849999999999999,0.495,0.1666666666666666,0.1916666666666666,1.0,0.0008193542855950903
6DFsY_QS7Ag,UCTPxMCyJyYGF6H0eBhOvgsA,Pinay mom's blogs,7390.0,,,,,,,,,,,,,,,,,,,0.0001724956390726506
6GKM8qPcZsE,UCQYkvXhPNaRxlu-jAI5_5Zg,LeRoc Living Our Life Philippines,1240.0,,,,,,,,,,,,,,,,,,,0.00010572313362517294
6HW45MJBOro,UCiNCvGzwadWCZIzTUjoApRQ,Daniel Marsh,466000.0,,,,,,,,,,,,,,,,,,,0.00040967714279754517
6IWRv_AhplM,UCryJ4vhASeu7uhXRPOL3WhA,What's up Philippines,311000.0,,,,,,,,,,,,,,,,,,,2.621933713904289e-05
6JOcVimlemk,UC3V5_2DFqamGSrzYPg-Wggw,Hey Joe,615.0,,,,,,,,,,,,,,,,,,,0.0005462361903967269
6Jwm242qZzg,UCaJYATsZxIJuJfLmCo4aj6Q,Jaycation,146000.0,,,,,,,,,,,,,,,,,,,0.0016387085711901807
6Ko-j7nzMHg,UCOsve8EeUntXzOyeGRUc3OA,Jumping Places,451000.0,0.515,0.0,1.115,0.645,0.99,1.035,0.73,1.455,1.16,2.325,0.205,0.045,0.325,0.275,0.81,0.0,0.095,0.0,0.0016387085711901807
6M0SbOzZ36Q,UCMWTQE8CQv5outBblPqa8tg,Gli and Erik,2660.0,,,,,,,,,,,,,,,,,,,0.0010924723807934538
6MGjjWLbhD0,UC9_UZopES8WMsYnmYXBhi9w,DADDI DEWDS TV,47700.0,0.7700000000000001,0.2,0.7140000000000001,0.358,0.0,0.5619999999999999,0.128,0.486,0.0,0.21,0.14,0.0,0.274,0.0,0.32,0.5239999999999999,0.1619999999999999,1.0,0.0016387085711901807
6Mhtr5yE-kc,UC-1ZY8bY46rX3ySgG3Qyn3g,Dany Dev,428000.0,0.0,0.0,0.0,0.22,2.2,3.17,0.58,1.88,3.42,1.28,0.03,0.0,0.3,0.51,3.46,0.86,0.0,0.0,0.0005462361903967269
6PgoxhEjKS0,UCPAz3hWHiBC-c1x4K0-atsg,Waleska Herrera,1230000.0,0.614,0.372,0.52,0.972,0.526,0.0,0.29,0.6040000000000001,0.6759999999999999,0.458,0.1159999999999999,0.196,0.474,0.1339999999999999,0.65,0.188,0.2,1.0,2.074314647076178e-05
6RpKEGaChbg,UCwmjQLxUeYS2qxpNH8cF0Rw,BossD3nnis,15000.0,,,,,,,,,,,,,,,,,,,0.0002521090109523355
6SqnPdh85fw,UCM_LbQqMyM08jynil9vYEGg,Travel Interesante - Gökçe & Steve,17700.0,1.0,0.13,0.485,1.535,0.285,0.59,0.12,1.095,1.16,1.13,0.2,0.395,0.0,0.02,1.515,1.07,0.16,1.0,0.0004682024489114802
6TiMvS0rE2I,UC3PVtkwtqwCD4LEPguBEADA,Mia Sandoval,395000.0,0.33,0.0,0.48,0.3,1.03,0.525,0.15,1.42,1.675,0.93,0.205,0.0,0.0,0.0,1.705,0.0,0.0,0.0,0.00011705061222787004
6TiRTK7dfXw,UCEOV7DU1UfzH05r3KBq0OaQ,Jared Hartmann,118000.0,1.035,1.925,0.1,1.01,1.83,1.0,0.305,1.4700000000000002,3.46,1.6949999999999998,0.0,0.0,0.48,0.0,3.66,1.24,0.325,0.0,0.0005462361903967269
6VBPJGD2d7w,UCDikY0fBFXGCFA_0Fr2azYg,Asians Down Under,413000.0,1.92,2.245,0.495,1.885,0.3,2.0,0.195,0.73,0.095,0.02,1.4,0.8800000000000001,0.235,0.37,0.205,0.67,0.895,2.0,0.0010924723807934538
6VzkSdMg1tM,UCONm3i2-__08mS14cU0rHPg,Livin La Vida Tagalog,58900.0,0.51,0.0,0.54,0.23,0.0,0.0,0.0,0.62,0.0,0.0,1.67,0.54,0.0,0.0,0.02,0.15,0.0,1.0,0.0008193542855950903
6WkACQs0IwQ,UCoYVSCQ0BlM6s33p41gYjRA,Rubeauti,97600.0,,,,,,,,,,,,,,,,,,,0.0010924723807934538
6XyGH06X2aY,UCfB2E_culXfbKpxr7KqzV3Q,ashleybchoi,287000.0,0.725,0.27,0.18,1.11,0.0,0.4,0.0,0.25,0.0,0.0,0.955,0.325,0.0,0.545,0.0,0.0,0.02,1.0,0.0016387085711901807
6Y1r34RBXpk,UCPAz3hWHiBC-c1x4K0-atsg,Waleska Herrera,1230000.0,0.33,0.0699999999999999,0.0433333333333333,0.8216666666666667,0.2033333333333333,0.3283333333333333,0.0949999999999999,0.1833333333333333,0.6766666666666667,0.4466666666666666,0.5133333333333333,0.3366666666666666,0.2416666666666666,0.1933333333333333,0.4183333333333333,0.5116666666666666,0.5316666666666667,1.0,2.074314647076178e-05
6ZxnCsOKDww,UCPNBc7ZRwmgk1I6j_lenAfw,The Love Train Nation,23900.0,0.375,0.0,1.0,0.37,1.6,0.185,0.385,1.81,1.925,1.5299999999999998,0.265,0.37,0.44,0.07,1.185,1.075,0.7250000000000001,0.0,0.00010924723807934537
6br0dqmMfPo,UC2YJzGqpVcaRapIr5XpdLQQ,ImFrancis ,55100.0,0.59,0.09,0.6233333333333334,0.9866666666666668,0.1683333333333333,0.32,0.3983333333333334,0.4749999999999999,0.4166666666666667,0.5033333333333333,0.7616666666666667,0.4516666666666666,0.2933333333333333,0.375,0.2616666666666666,0.5366666666666667,0.4716666666666667,1.0,0.0010924723807934538
6fnKelBiaDk,UCYr4VTQfBpXrccQw_H2S8RA,JUICY REACTS,318000.0,1.4266666666666667,0.3733333333333333,1.1766666666666663,0.6666666666666666,1.5,1.27,0.2033333333333333,1.0366666666666668,1.5133333333333334,1.163333333333333,0.2566666666666666,0.0,0.79,0.04,1.7333333333333334,0.12,0.0,0.0,0.00012138582008816153
6ftiWoCJ4dM,UC_hN8xs99S6jnMdYCuJgoJA,Pinoy Planet,97800.0,0.0,0.0,0.0,1.66,0.63,0.43,0.26,1.95,0.72,0.81,0.81,0.17,0.16,0.0,0.09,1.25,0.0,1.0,3.6015572993190784e-05
6gCEl31uiE8,UCixD9UbKvDxzGNiPC_fgHyA,Paolo fromTOKYO,3620000.0,0.27,1.12,0.17,1.18,2.89,1.98,1.09,2.53,2.9,1.35,0.12,0.0,0.71,0.79,2.13,0.61,0.75,0.0,0.00032774171423803616
6h0dLQXEtTI,UCKMU-I4eYw-D9QF1YdUMUlw,Calvin Castiel,207000.0,,,,,,,,,,,,,,,,,,,0.0001489735064718346
6hIu5oIB9n0,UCeJ5AjddCuEnZxtUggbzeDA,Bags Packed Family,269000.0,0.15,0.2249999999999999,0.0,0.275,1.005,1.095,0.135,0.7625,1.4675,0.8275,0.1075,0.065,0.64,0.0849999999999999,0.9,0.07,0.23,1.0,0.00036415746026448456
6hKRN1kDQSg,UCt9BTGSxATM6axwfTY4KnEg,A Foreigner in the Philippines,265000.0,,,,,,,,,,,,,,,,,,,5.462361903967269e-05
6i2tLx8-fDI,UCryJ4vhASeu7uhXRPOL3WhA,What's up Philippines,311000.0,,,,,,,,,,,,,,,,,,,2.621933713904289e-05
6iur44FBpC4,UCryJ4vhASeu7uhXRPOL3WhA,What's up Philippines,311000.0,,,,,,,,,,,,,,,,,,,2.621933713904289e-05
6jS9lvibXVU,UCpcVjkwSeZG6GJvLsIxK5Yw,Sol & Luna,88000.0,1.075,1.045,0.5850000000000001,2.225,0.0,0.11,0.0,0.64,0.0,0.45,0.8099999999999999,0.58,0.0,0.085,1.0599999999999998,0.85,0.0,2.0,0.0002341012244557401
6k6bjBniE4Q,UCobYD8WgP3GPOqgvXF2Yy1w,Adam and Jane's Lifestyle,75500.0,0.1649999999999999,0.0,0.595,0.475,0.52,0.31,0.785,0.69,1.005,0.3949999999999999,0.0,0.0,0.0,0.0,1.085,1.15,0.11,1.0,6.827952379959086e-05
6kgyyJxRWTU,UC9jKcnqQ1TziJRAkSXbNISA,Happiness Crossing,106000.0,,,,,,,,,,,,,,,,,,,0.0006554834284760723
6lZVXJlqN7s,UCU1wi0E8d98o0KTaOGJbieg,Paddy Doyle,303000.0,0.82,0.0,0.0,0.04,0.55,0.0,0.33,1.64,1.25,0.0,0.0,0.0,0.59,0.0,1.02,0.0,0.0,1.0,0.0005462361903967269
6m57KaHerG0,UCarSZcFQ6-0eqZrAG4pKoMA,Island Hopper TV,458000.0,,,,,,,,,,,,,,,,,,,0.0008193542855950903
6n2REq_FiWM,UC211QaCtk9p37_-cvtN3kxg,BINI JOSIE'S VLOGS: HEART OF PINOY IN SOUTH AFRICA,16800.0,0.9166666666666666,1.4966666666666668,0.0,1.3766666666666667,0.9966666666666668,1.7699999999999998,0.3133333333333333,0.7066666666666667,1.3233333333333333,0.73,0.3333333333333333,0.3566666666666667,0.4666666666666666,0.0133333333333333,0.9133333333333334,0.2933333333333333,0.1233333333333333,2.0,0.0008193542855950903
6nBDx0RTbZU,UCV34zLTn4A60jS8RTI96_sw,The Black Filipino TV,80200.0,,,,,,,,,,,,,,,,,,,0.0005462361903967269
6ndkOSiGOe4,UC5wQUM_uqQ6bo6zxvEG6QJw,Proudly Nomadic,12000.0,1.04,0.895,0.045,1.235,1.91,0.985,0.375,1.44,1.635,0.835,0.0,0.205,0.185,0.0,1.99,0.45,0.0,0.0,0.0002341012244557401
6nt5qPpzI80,UCdkq517IaeUcnG5CIiFX9RA,Shin Smith,36200.0,,,,,,,,,,,,,,,,,,,0.00010241928569938629
6oR4wRe5LMk,UCryJ4vhASeu7uhXRPOL3WhA,What's up Philippines,311000.0,,,,,,,,,,,,,,,,,,,2.621933713904289e-05
6p6ZYZ4vHE4,UCtFLH4pA8J-a7JVSLoLbXUQ,Top 10 Daily,32800.0,,,,,,,,,,,,,,,,,,,0.0010924723807934538
6qGkTAS3j5o,UCoRFqiHx5lWraQ_iAp4si8w,TansDipas,116.0,0.815,0.49,0.145,1.17,1.34,0.705,0.43,2.125,2.15,1.875,0.53,0.355,0.725,0.21,1.175,0.0,0.375,0.0,0.0008193542855950903
6sECozSy7FY,UCXOKEdfOFxsHO_-Su3K8SHg,Strictly Dumpling,4300000.0,2.25,0.46,0.83,0.25,0.0,0.22,1.54,0.81,0.0,0.89,0.99,1.67,0.19,0.16,0.31,3.89,1.14,1.0,0.0006554834284760723
6tHy-Kie0GY,UCRrUJKpFAGgA9WVjSWhgk2Q,KIM n LEE,95200.0,0.71,0.17,1.0066666666666666,0.1466666666666666,0.3566666666666667,0.11,0.3966666666666666,0.6133333333333334,0.6666666666666666,0.38,0.1833333333333333,0.0733333333333333,0.35,0.0833333333333333,0.3433333333333333,0.2633333333333333,0.17,1.0,0.00011301438422001247
6um6YczI0qk,UCPAz3hWHiBC-c1x4K0-atsg,Waleska Herrera,1230000.0,0.472,0.082,0.994,0.604,0.564,0.546,0.54,0.514,0.6100000000000001,0.046,0.384,0.0,0.168,0.0,1.386,0.8140000000000001,0.128,1.0,2.074314647076178e-05
6v04kR5QDOA,UCatYGXWCXRt_0XLLKv1hkUw,Always Be Changing,501000.0,0.7300000000000001,0.01,0.0,0.756,1.026,0.4599999999999999,0.766,1.384,1.012,0.752,0.844,0.426,0.272,1.0699999999999998,0.8720000000000001,0.4939999999999999,0.0,1.0,0.0002341012244557401
6wA8OMptkio,UCxBWeubuZrc8sQE_bXytgUQ,Justin & Alina,138000.0,0.22,0.0,0.0,0.945,1.26,1.035,0.48,1.5950000000000002,2.24,1.6549999999999998,0.32,0.0,0.375,0.0,2.325,0.415,0.0,0.0,0.00013655904759918172
6y1yGm7pA-Q,UCiXAAaqS9py7TzHzQ9A5Ftg,Trending Ni Andres,128000.0,,,,,,,,,,,,,,,,,,,0.0006554834284760723
6yuZbctPGUI,UCoQWcwy-nYVG6Er9VxyxJJA,Avelovinit,364000.0,,,,,,,,,,,,,,,,,,,0.0006554834284760723
6zVtKLYT_lw,UCdkq517IaeUcnG5CIiFX9RA,Shin Smith,36200.0,,,,,,,,,,,,,,,,,,,0.00010241928569938629
71BQ4YNhVxA,UCPAz3hWHiBC-c1x4K0-atsg,Waleska Herrera,1230000.0,0.54,0.4075,0.4175,0.685,1.1725,1.285,0.4375,1.58,1.5725,1.3425,0.3675,0.0,0.3475,0.1425,2.1125,0.645,0.215,0.0,2.074314647076178e-05
72FTaFoM3Dk,UCoS-mm5bC5eY07AaKntKzgw,Human Rights Watch,150000.0,1.19,1.76,2.08,0.93,0.0,2.17,1.63,0.1,0.0,0.0,0.92,0.31,0.0,0.3,1.1,1.35,0.0,1.0,0.0010924723807934538
736F9UPGb_k,UC3nLUBlY5ySiKzD0uzInY5Q,Pinoy In Kimchiland,5740.0,,,,,,,,,,,,,,,,,,,0.0016387085711901807
736HThq9YRM,UC_hN8xs99S6jnMdYCuJgoJA,Pinoy Planet,97800.0,1.135,0.0,0.195,0.245,1.43,2.585,0.11,1.1949999999999998,1.085,0.7150000000000001,0.42,0.68,0.875,0.195,0.595,0.0,1.225,0.0,3.6015572993190784e-05
74Fz4onYqGY,UCeJ5AjddCuEnZxtUggbzeDA,Bags Packed Family,269000.0,0.726,0.0,0.93,1.0619999999999998,0.428,0.6519999999999999,0.898,0.462,0.516,0.53,1.116,0.962,0.0,0.102,0.602,0.964,0.11,1.0,0.00036415746026448456
75DkdpApMOU,UCLPLXSPgySkBypwpi6BrMwg,Jessica Lee,1680000.0,,,,,,,,,,,,,,,,,,,0.0002521090109523355
770rppR5wRM,UC24QUYgHDRVPq-CqzDAXDcQ,Rob Wanders,23700.0,1.02,0.0,1.155,0.965,0.04,0.62,0.24,0.365,0.44,0.845,0.875,0.0,0.31,0.09,0.395,0.105,0.245,1.0,0.0008193542855950903
77NkGBRuapw,UCWFMGU8jwnfnkHOtWgCUmKA,Backpacking Gals,19800.0,0.0,0.0,0.0,0.53,1.25,0.945,0.295,0.965,1.41,0.975,0.465,0.05,0.3,0.0,0.915,0.07,0.0,0.0,0.0010924723807934538
77jBJ2oe7e0,UCHKoUFkbdX2LnWXGcbkC3jA,drew Nation,214000.0,0.986,0.362,0.122,0.218,0.576,0.056,0.076,0.2759999999999999,1.314,0.654,0.052,0.674,0.958,0.284,0.732,0.372,0.408,1.0,0.0005462361903967269
79p57XNf8Os,UCi62o_vqzI3hxMS-eDeAvYQ,Geneeva Villamor,3390.0,1.02,0.0,0.0,0.19,1.67,1.69,1.1,0.78,1.565,0.7649999999999999,0.215,0.0,0.995,0.01,1.525,0.0,0.0,0.0,0.0016387085711901807
7BE8xhIVNbs,UCPAz3hWHiBC-c1x4K0-atsg,Waleska Herrera,1230000.0,0.6157142857142858,0.1285714285714286,0.732857142857143,0.7685714285714286,0.4371428571428571,0.4871428571428571,0.2085714285714285,0.7328571428571429,0.8542857142857143,0.7157142857142856,0.2342857142857143,0.3914285714285714,0.0785714285714285,0.0085714285714285,0.7914285714285713,0.6799999999999999,0.03,1.0,2.074314647076178e-05
7Bd3IWiuVgE,UCRNHIq5_JclKEK4Gbx1UFDw,한인타운리조트 호텔&풀빌라,245000.0,1.6283333333333332,0.4833333333333333,0.9250000000000002,0.3233333333333333,0.1166666666666666,0.3583333333333333,0.0,0.5233333333333333,0.4016666666666666,0.6883333333333334,0.2466666666666666,0.4666666666666666,0.4616666666666666,0.0,0.3116666666666666,1.6849999999999998,0.005,1.0,0.00036415746026448456
7Cj6-Vn8h8o,UCTfHKQ9fbUEiStUAQEax7dw,,,,,,,,,,,,,,,,,,,,,
7DbQ0qmSrIc,UCnSDZWM7akmbgbwdECSPpow,Before You Go,109000.0,,,,,,,,,,,,,,,,,,,0.0004682024489114802
7DkmB-btFfY,UCRzPUBhXUZHclB7B5bURFXw,Eater,3860000.0,0.21,0.08,0.0,0.0,2.07,0.0,0.0,1.82,3.31,1.51,0.0,0.0,0.0,0.0,3.5,0.0,2.18,0.0,0.00021849447615869075
7E4E7d5T1ac,UCeT1qAcQxLP6cEfbMe85QCQ,Yoshi the Japanese Guy,165000.0,,,,,,,,,,,,,,,,,,,0.0001489735064718346
7Ea4f1TT9r4,UCQQyW9Ki62OmGzHedws7xlQ,Bianca & Beyond,142000.0,0.64,0.0,0.0,1.3,0.025,0.385,0.2,0.325,0.0,0.52,0.82,0.495,0.235,0.125,0.665,1.01,0.0,1.0,0.00010241928569938629
7G38mOd4or8,UCQS0AOpAZ8RADaOwmP780-A,,,2.1300000000000003,3.046666666666667,0.11,2.526666666666667,1.34,0.6366666666666667,0.0,0.7333333333333334,3.92,0.6633333333333333,0.0,0.0,0.0,0.0,4.346666666666667,0.0,0.7400000000000001,2.0,
7HmaEa1cRWk,UCSvaH7DbguYJcp8PHTTv1Zw,Bigg World Cinema,34000.0,,,,,,,,,,,,,,,,,,,0.00019278924366943303
7LVNsYnJJlU,UCia6oQqdV5kXk7aXf3gJsYw,0ne lucas live br,249.0,,,,,,,,,,,,,,,,,,,0.0010924723807934538
7M2gUjv6nfw,UCwjWUUCiv_TPoErI9AZv6Lg,BEYONDLOCALGODDESSES,340000.0,,,,,,,,,,,,,,,,,,,0.0004682024489114802
7MPbFfQlXkI,UCWjSwkIn2gGgETcZZYaO-6g,RETIRING IN PARADISE,17000.0,1.5333333333333332,0.26,0.31,0.6433333333333333,0.4366666666666667,1.2333333333333334,0.5433333333333333,0.2166666666666666,0.4866666666666666,0.0,2.803333333333333,0.59,0.0,0.84,0.42,1.6666666666666667,0.0,1.0,8.62478195363253e-05
7NMm60VwNnU,UCNMCLJlFSqiUb1EnXII3zhQ,Harees Ameerali - Royal Sky Holidays,986000.0,,,,,,,,,,,,,,,,,,,0.00036415746026448456
7ObTYEQRcBs,UCWm__g4cPmX-umorqM8VfWw,Travel with Luke Damant,1620000.0,0.295,0.04,0.0,1.29,0.725,1.355,0.075,0.0,0.355,0.0,0.705,0.435,0.44,0.635,0.075,2.84,0.205,1.0,0.00027311809519836344
7OnrK3EmFa4,UC5NF_7WBa8OVDC0Xbs8yvOg,Japapino World ジャパピーノ,174000.0,1.284,0.0,0.4559999999999999,0.79,0.422,1.166,0.1159999999999999,0.068,0.6839999999999999,0.952,0.52,0.104,0.602,0.448,0.386,0.146,0.426,1.0,0.00018207873013224228
7RJu-I7FndQ,UCPAz3hWHiBC-c1x4K0-atsg,Waleska Herrera,1230000.0,0.4414285714285714,0.15,0.4357142857142856,0.5828571428571429,0.4785714285714286,0.692857142857143,0.2171428571428571,0.8785714285714284,0.8157142857142857,0.4528571428571428,0.4599999999999999,0.7271428571428571,0.3571428571428571,0.2599999999999999,1.042857142857143,1.3914285714285717,1.0242857142857142,1.0,2.074314647076178e-05
7Sp71mIqyfM,UCAxCIp9ngVqLFSDtX5o4LXw,"CebuWomen,com",20900.0,0.4866666666666666,0.3633333333333333,0.5299999999999999,0.0266666666666666,1.1933333333333334,0.8933333333333332,0.2366666666666666,0.71,1.42,0.97,0.32,0.31,1.11,0.3999999999999999,0.1766666666666666,0.42,0.2066666666666666,1.0,0.0008193542855950903
7Ud67OkzpQs,UCtNK-R1uX4hKBYU-GM54gHQ,JJ's Journey,12600.0,1.4500000000000002,1.585,0.525,1.78,0.82,1.11,0.22,1.6,2.09,0.47,0.12,0.0,0.125,0.02,2.6950000000000003,0.745,0.0,2.0,0.0008193542855950903
7VN3Ck1ZGEs,UCWjSwkIn2gGgETcZZYaO-6g,RETIRING IN PARADISE,17000.0,2.61,0.57,0.66,1.05,0.67,2.74,0.0,0.48,0.61,0.0,0.89,0.0,0.0,0.0,0.0,0.0,0.03,1.0,8.62478195363253e-05
7VOw25Zgo90,UC3lpA2TVsu_2qKsPlw6FctQ,PAIR OF SOULS,5920.0,,,,,,,,,,,,,,,,,,,0.0010924723807934538
7WCTTAGYN5Y,UC27C_HWo-UmKkdWGsRJZ8EA,Pailin's Kitchen,2190000.0,,,,,,,,,,,,,,,,,,,0.0010924723807934538
7WQdBSWfixI,UCzqbfYjQmf9nLQPMxVgPhiA,emmymade,3100000.0,1.14,0.0,0.0,0.05,1.98,1.51,0.27,1.45,2.6,0.63,0.37,0.0,0.0,0.0,1.74,0.0,0.0,0.0,0.0004682024489114802
7WsksXmb3CQ,UCYY2mNcq7pv6IRW92JIT6DA,The Juicy Vlog,583000.0,0.0,0.06,0.0,2.02,0.0,0.0,0.0,1.91,0.52,0.0,0.76,1.11,0.0,0.0,0.18,2.38,0.0,1.0,0.00014249639749479832
7XPHGhEZF2A,UCpL_tis0ertYh2DSOiCm51g,World Nomac,751000.0,2.17,2.61,1.49,1.92,0.36,0.0,0.64,1.86,0.34,0.84,0.58,0.06,0.0,0.0,1.31,0.93,0.0,2.0,0.00020483857139877258
7Y7ZcQgXMSA,UCFjh6CdEwrQrKf4o9QUnoEA,ONE FILIPINO TV,145000.0,0.68,0.0066666666666666,0.0,0.31,1.04,0.9266666666666667,0.0733333333333333,0.7166666666666667,1.5733333333333337,1.0133333333333334,0.12,0.0,0.6066666666666666,0.0,1.2666666666666668,0.7666666666666666,0.1266666666666666,0.0,0.00036415746026448456
7YUERW_rvzI,UCPAz3hWHiBC-c1x4K0-atsg,Waleska Herrera,1230000.0,0.3833333333333333,0.0,1.2966666666666666,0.0966666666666666,1.4733333333333334,1.4866666666666666,0.3166666666666667,2.306666666666666,2.4,1.81,0.0,0.0,0.5533333333333333,0.0433333333333333,2.1466666666666665,0.0499999999999999,0.9466666666666668,0.0,2.074314647076178e-05
7ZK_w2w9obo,UCeT1qAcQxLP6cEfbMe85QCQ,Yoshi the Japanese Guy,165000.0,0.12,0.0,0.26,0.0,2.4425,2.53,1.0925,1.8175,2.225,0.875,0.1,0.0925,0.04,0.105,2.0725,0.0125,0.7475,0.0,0.0001489735064718346
7_85lOkRh_o,UCVWSmD7gyvZv7fpcgF-oiCQ,Mirco Tere & Bella,165000.0,,,,,,,,,,,,,,,,,,,0.0004682024489114802
7_hNGE5sn-g,UCRrUJKpFAGgA9WVjSWhgk2Q,KIM n LEE,95200.0,2.0066666666666664,1.1166666666666667,0.52,0.82,0.1,0.4766666666666666,0.0,0.6933333333333334,0.6999999999999998,0.22,0.29,0.0,0.11,0.0433333333333333,1.1,0.6233333333333333,0.9033333333333332,2.0,0.00011301438422001247
7agexPKirHQ,UCSjiVW9NV-mcJJ1t6RbMh7A,Down Under Visa,2650.0,,,,,,,,,,,,,,,,,,,0.00014249639749479832
7ccgqb2ZeXo,UCzfEqx1_-zs2xUUzI3jVRSg,FinnSnow,541000.0,,,,,,,,,,,,,,,,,,,0.00016387085711901808
7clXpIYUvnU,UCVv-y0k91qAA-uI_K46UBvg,Dabble and Travel,583000.0,,,,,,,,,,,,,,,,,,,0.00013109668569521446
7h2so0SB0Io,UCLPLXSPgySkBypwpi6BrMwg,Jessica Lee,1680000.0,,,,,,,,,,,,,,,,,,,0.0002521090109523355
7i9At3fld3Q,UCAcSgnjSPBOhwrydN-9K9-A,Cheche,2140.0,0.88,0.0,0.91,0.0,0.35,1.38,0.71,0.62,0.66,0.87,0.83,0.0,0.0,0.0,0.71,0.0,0.0,1.0,0.0016387085711901807
7jDrzdX2Ucc,UC3PVtkwtqwCD4LEPguBEADA,Mia Sandoval,395000.0,0.955,0.965,0.18,0.405,0.11,0.26,0.52,0.5449999999999999,0.65,0.0,1.045,1.595,0.03,0.09,0.335,0.12,1.44,1.0,0.00011705061222787004
7k1TN7RtLKg,UC1LlKAwycO8TjYKJIQo2QZA,Allen Relevo,1980.0,,,,,,,,,,,,,,,,,,,0.0008193542855950903
7kE0sj0R8mE,UC9DwgmJc-uKnxGavukOy_6w,Aaron Around,9540.0,1.1800000000000002,0.91,0.13,1.89,0.215,0.0,0.0,0.7250000000000001,0.435,0.0,0.6950000000000001,0.1,0.0,0.0,0.115,0.0,0.0,1.0,0.00016387085711901808
7ltfXT5hdRQ,UCPAz3hWHiBC-c1x4K0-atsg,Waleska Herrera,1230000.0,1.405,1.4,0.0,1.6425,1.395,0.9075,0.3249999999999999,0.92,1.4825,1.3275,0.45,0.4375,0.0775,0.155,1.9975,0.6075,0.115,2.0,2.074314647076178e-05
7mvvufB7rlQ,UCaCIo59HNLEOnVZflHT7Vgg,Jaey M. Daquiado,3640.0,0.225,0.315,0.0,0.0,0.0,0.375,0.0,0.34,0.17,1.28,0.215,0.645,0.3,0.77,0.985,0.575,0.16,1.0,0.0016387085711901807
7ngJLi9cgYs,UCgFP46yVT-GG4o1TgXn-04Q,China Uncensored,2130000.0,1.7066666666666668,0.23,0.0,0.6733333333333333,0.8933333333333332,1.5499999999999998,0.0266666666666666,0.5466666666666667,0.52,0.4533333333333333,0.6866666666666666,1.7066666666666668,0.0,0.0966666666666666,0.0,0.3366666666666666,0.4966666666666666,1.0,0.0004682024489114802
7pD0XOWc5nU,UC3PVtkwtqwCD4LEPguBEADA,Mia Sandoval,395000.0,2.37,0.51,0.0,0.39,1.76,2.47,0.67,2.54,2.02,1.69,1.91,0.0,0.0,0.0,3.77,0.0,0.0,0.0,0.00011705061222787004
7rHX9QbO_hg,UC3ZnKcjVu7GszgdBe4uRZ3A,Dwaine Woolley,1390000.0,,,,,,,,,,,,,,,,,,,0.00040967714279754517
7rJgW_ugOLA,UCwD4x63A9KC7Si2RuSfg-SA,Lucas and Marcus,37100000.0,,,,,,,,,,,,,,,,,,,0.0016387085711901807
7rNoNprvS4U,UCkI3oDLbB2K0iQWXvPnKvmw,NOMAD FRANCE,5040.0,,,,,,,,,,,,,,,,,,,0.0005462361903967269
7sW7wcxPMOs,UCt9CPuWfS9HgRZmSYpGPFaw,SUCCESS Vlogs,53600.0,,,,,,,,,,,,,,,,,,,0.00027311809519836344
7t1CKyKrfSU,UCoWQLZoPwn3mJ-oiPrwDpbA,Living abroad,163000.0,,,,,,,,,,,,,,,,,,,6.554834284760723e-05
7y6lHFHRrM0,UC2YJzGqpVcaRapIr5XpdLQQ,ImFrancis ,55100.0,,,,,,,,,,,,,,,,,,,0.0010924723807934538
7yEFkxss_i8,UCrrc2wG-F1mPuah_Lb7FJvg,켈리벨스Kellybells,3400.0,0.0,0.0,0.0,0.0,0.055,0.7150000000000001,0.655,0.21,0.585,0.0,0.64,0.0,0.0,0.0,0.5700000000000001,0.16,0.775,1.0,0.00040967714279754517
7zNSjbWBo90,UCIPigoUn9DZl6XSuBxoydQg,Philip Lemoine,244000.0,,,,,,,,,,,,,,,,,,,0.0016387085711901807
7zaMbzqj8AI,UCatYGXWCXRt_0XLLKv1hkUw,Always Be Changing,501000.0,0.9075,0.185,0.0,1.49,0.435,0.7450000000000001,0.4375,0.875,0.4549999999999999,0.62,0.32,0.0,0.045,0.0375,0.6225,0.565,0.0,1.0,0.0002341012244557401
8-xY54feZA8,UC6tTTsFKifxEhOIMI2HtLeQ,Jelena Kopilec,173000.0,,,,,,,,,,,,,,,,,,,0.00036415746026448456
80GF1BTv-4w,UCCzlGcbJPmXwvPKHbV8BOuQ,Panku world,48300.0,,,,,,,,,,,,,,,,,,,0.0016387085711901807
80oICq8QAew,UCbRaUB7Hfe3clmKqqj8Nm1Q,laoshu505000,1230000.0,0.6466666666666666,0.1566666666666666,0.22,1.5833333333333333,0.3233333333333333,0.1633333333333333,0.36,0.47,0.3533333333333333,0.1399999999999999,0.6133333333333334,0.3133333333333333,0.21,0.0,0.0699999999999999,0.0033333333333333,0.0,1.0,0.0008193542855950903
81u4_4_-ABg,UCgUrDLbtys0JVUyGX2yPE2g,WebDominatorSEO,678.0,,,,,,,,,,,,,,,,,,,0.0016387085711901807
82dNxf_pWFE,UCJogODH1hfW7L7PxiWRiTJw,NBC Palm Springs,5620.0,0.33,0.0,1.43,0.0,1.53,0.0,0.0,0.71,2.63,0.37,0.26,0.0,0.98,0.0,0.15,0.0,0.0,1.0,0.0010924723807934538
82iwdUjVZMc,UCYr4VTQfBpXrccQw_H2S8RA,JUICY REACTS,318000.0,0.702,0.01,0.196,0.576,0.1119999999999999,0.224,0.608,1.034,0.5519999999999999,0.57,0.2339999999999999,0.048,0.442,0.072,1.018,0.42,0.152,1.0,0.00012138582008816153
82uds4xpilI,UCt9BTGSxATM6axwfTY4KnEg,A Foreigner in the Philippines,265000.0,,,,,,,,,,,,,,,,,,,5.462361903967269e-05
84fQk0qUAsQ,UCPAz3hWHiBC-c1x4K0-atsg,Waleska Herrera,1230000.0,1.1933333333333334,0.68,0.9516666666666668,1.545,0.3216666666666667,0.31,0.2816666666666667,0.6566666666666666,0.605,0.1033333333333333,0.365,0.3866666666666667,0.0,0.0,1.3166666666666669,0.1483333333333333,0.1333333333333333,1.0,2.074314647076178e-05
84zd0pIlcXo,UCYr4VTQfBpXrccQw_H2S8RA,JUICY REACTS,318000.0,0.115,0.0,1.235,0.68,0.545,1.02,0.855,1.39,0.475,0.0,1.175,0.0,0.0,0.29,0.8,0.155,0.735,1.0,0.00012138582008816153
85t-t3hId3Y,UCoQWcwy-nYVG6Er9VxyxJJA,Avelovinit,364000.0,,,,,,,,,,,,,,,,,,,0.0006554834284760723
86ZDNvmGZC8,UCvOxZARbKQLR4WB59oyq45g,PURPLE TWINS,89700.0,0.462,0.128,1.004,0.16,0.142,0.736,0.0,0.488,0.382,0.314,0.0699999999999999,0.6639999999999999,0.034,0.22,0.024,0.5820000000000001,0.336,1.0,0.0008193542855950903
86gs985X5tU,UCleKsM8arVjfE1GIaklqGRw,Look Who's Blogging,101000.0,0.4566666666666667,0.2266666666666666,0.45,0.0999999999999999,0.1099999999999999,0.73,0.0266666666666666,0.16,0.9366666666666666,1.08,0.5133333333333333,0.45,0.4266666666666667,0.1433333333333333,0.5533333333333333,1.05,0.1066666666666666,1.0,0.0008193542855950903
86hNO929zIk,UCUk8aRBVog6G9ipBSN_Ow1g,biggy travels,54800.0,,,,,,,,,,,,,,,,,,,0.0006554834284760723
86mRyBcY940,UCdkq517IaeUcnG5CIiFX9RA,Shin Smith,36200.0,,,,,,,,,,,,,,,,,,,0.00010241928569938629
87If-Q2pJWQ,UCyEd6QBSgat5kkC6svyjudA,Mark Wiens,11400000.0,0.0,0.0,0.4833333333333333,0.4866666666666666,0.0533333333333333,0.16,0.2233333333333333,0.0,0.0,0.03,0.3733333333333333,0.0,0.1266666666666666,0.0033333333333333,0.0,0.0533333333333333,0.3233333333333333,1.0,0.00032774171423803616
87q34iZbUXM,UC8w6rSJhWmzLMBtL0daNkPw,FLYING THE WORLD,661000.0,0.0,0.0,0.0,0.88,1.18,0.0,0.0,1.18,1.24,2.41,0.97,0.09,1.68,0.82,0.0,0.0,0.0,1.0,0.0006554834284760723
8AoRrFwRcZc,UCWm__g4cPmX-umorqM8VfWw,Travel with Luke Damant,1620000.0,0.22,0.0,2.05,0.59,1.2,2.1,0.59,2.26,0.29,0.3,0.53,0.27,0.0,0.0,1.43,1.3,0.0,0.0,0.00027311809519836344
8C2I8JCKHho,UCt9CPuWfS9HgRZmSYpGPFaw,SUCCESS Vlogs,53600.0,,,,,,,,,,,,,,,,,,,0.00027311809519836344
8CehF3aO1xQ,UCKMU-I4eYw-D9QF1YdUMUlw,Calvin Castiel,207000.0,,,,,,,,,,,,,,,,,,,0.0001489735064718346
8DMKzuGsBao,UC8hiiGm6GTyTVvO-LtZ2Xmw,FoodieMommaPH,41100.0,0.3033333333333333,0.4233333333333333,0.01,0.8266666666666667,1.6933333333333334,1.68,0.4933333333333333,1.86,1.9933333333333327,1.6366666666666667,0.41,0.64,0.2266666666666666,0.0,1.9833333333333327,1.5133333333333334,0.02,0.0,0.0002521090109523355
8DYPxsr7kDI,UCe3PDv7F4Uex3ii9zdMbvWQ,LifeBeyondTheSea - Philippines Podcast,133000.0,,,,,,,,,,,,,,,,,,,0.00040967714279754517
8G6-h5XFgbM,UC8lVqk3EQ1wiUeyOMD24N7g,otakoyakisoba,776000.0,0.2,0.0,0.0,0.0,1.945,2.9,0.8999999999999999,1.355,1.91,1.6749999999999998,0.28,0.0,0.9,0.09,2.02,0.855,0.225,0.0,0.00036415746026448456
8HG8lmI2Dyg,UCxBWeubuZrc8sQE_bXytgUQ,Justin & Alina,138000.0,1.0266666666666666,0.1533333333333333,0.5466666666666666,0.7833333333333332,0.91,0.0,0.36,1.8333333333333333,1.8866666666666667,1.4833333333333332,0.2166666666666666,0.2033333333333333,0.0,0.0,1.71,0.48,0.2799999999999999,0.0,0.00013655904759918172
8Ii6m1GGArM,UCryJ4vhASeu7uhXRPOL3WhA,What's up Philippines,311000.0,,,,,,,,,,,,,,,,,,,2.621933713904289e-05
8KIMFLiprXo,UCArVi6FH57DfXJWn1Gc8iAQ,Pero Like,1310000.0,1.4249999999999998,0.48,0.0,0.48,1.06,0.575,0.605,1.0399999999999998,1.865,1.125,0.16,0.495,0.33,0.0,1.3,0.0,1.295,0.0,0.0010924723807934538
8KSP_ZW76QE,UC0X6Tph57MzOXAcfWiXZrfw,Kace Garcia,6800.0,,,,,,,,,,,,,,,,,,,0.0016387085711901807
8KkXk5XEZgY,UCobYD8WgP3GPOqgvXF2Yy1w,Adam and Jane's Lifestyle,75500.0,1.0,0.1,0.0,0.04,0.26,0.0,0.16,0.56,1.39,1.56,0.0,0.0,0.31,0.0,1.49,0.0,0.0,1.0,6.827952379959086e-05
8M5VTBEQGso,UCYY2mNcq7pv6IRW92JIT6DA,The Juicy Vlog,583000.0,0.555,0.065,0.255,0.065,0.87,1.15,0.0,1.365,1.21,1.3199999999999998,0.26,0.705,0.0,0.315,1.93,1.5,0.245,0.0,0.00014249639749479832
8MWkMwNAZHo,UChJZein82KzV47Ef4L9Yh_g,Victor x Grace,44900.0,,,,,,,,,,,,,,,,,,,0.0008193542855950903
8N8jgfmZQOo,UC8hiiGm6GTyTVvO-LtZ2Xmw,FoodieMommaPH,41100.0,,,,,,,,,,,,,,,,,,,0.0002521090109523355
8P9QdIHT3sk,UCatYGXWCXRt_0XLLKv1hkUw,Always Be Changing,501000.0,1.1175,0.0,0.0,0.5375,1.0450000000000002,0.9225,0.4575,1.4375,1.9975,1.4449999999999998,0.1825,0.0,0.9975,0.23,1.49,0.0275,0.3899999999999999,0.0,0.0002341012244557401
8QhrjzWjbGE,UCbc1OGGwJQJvk9zPNA0bMGg,The Tribal Act,4500.0,0.6333333333333333,0.2066666666666666,0.21,0.1266666666666666,2.1166666666666667,0.6699999999999999,0.6733333333333333,1.8233333333333333,2.0033333333333334,1.906666666666667,0.0033333333333333,0.79,0.64,0.5533333333333333,1.1033333333333333,0.6466666666666666,0.69,0.0,0.0010924723807934538
8Rg0U7RW1ww,UC4vgj_Zk_SeEwxo17AJvsyQ,El Regio y La China🇵🇭Mexican in the Philippines ,11300.0,1.0,0.504,0.218,0.3259999999999999,0.424,0.694,0.106,0.8480000000000001,0.796,1.454,0.51,0.5559999999999999,0.206,0.49,0.148,0.11,0.0,1.0,0.0016387085711901807
8TaYBEmUegs,UCegwghWDySliAEORgjaZqYA,A Brit in the Philippines,27000.0,,,,,,,,,,,,,,,,,,,0.0010924723807934538
8UQB5t_euOI,UCgMWh4K-8a8QajV9rtZHZ9A,Filipino Dad Cooks,3830.0,1.35,0.24,0.0,0.17,0.22,0.0,0.0,0.53,0.29,0.66,1.07,0.0,0.0,0.08,0.0,0.0,0.0,1.0,0.0010924723807934538
8Uc8HZrTqr0,UCO5Jeark1e_JP36mY3ua19g,The Commodity,98300.0,0.4349999999999999,0.0,0.215,0.45,0.32,0.8350000000000001,1.045,0.145,0.045,0.485,0.5,1.075,1.2599999999999998,0.05,0.38,0.89,0.11,1.0,6.18380592901955e-05
8WOHRXf1sj0,UCAqEoRfgMCtErK0qsL1cCtw,BuzzFeed UK,461000.0,0.4599999999999999,0.0,0.175,0.215,2.48,1.67,0.655,2.345,2.765,1.365,0.0,0.375,1.095,0.0,2.015,0.18,0.22,0.0,0.00036415746026448456
8WdK8j3Cndw,UCO5Jeark1e_JP36mY3ua19g,The Commodity,98300.0,0.615,0.015,0.22,1.045,0.74,0.75,1.075,0.505,0.29,0.645,1.08,0.31,0.405,0.0,0.815,1.16,0.0,1.0,6.18380592901955e-05
8X5Wu7ECLWU,UCVv-y0k91qAA-uI_K46UBvg,Dabble and Travel,583000.0,,,,,,,,,,,,,,,,,,,0.00013109668569521446
8X9OLVttNPs,UCqdBWKP4_8bU-Rsk2LvVz6Q,BecomingFilipino,1140000.0,,,,,,,,,,,,,,,,,,,0.0001560674829704934
8XMh30agFpk,UCxBWeubuZrc8sQE_bXytgUQ,Justin & Alina,138000.0,1.06,0.45,0.535,0.36,0.955,1.09,0.0,0.8700000000000001,1.59,0.745,0.26,0.0,0.0,0.0,1.105,0.045,0.24,1.0,0.00013655904759918172
8X_d-IVydP4,UCSTViMT-lwie6DSDDAmZ3WQ,Adam Radcliffe,90600.0,0.13,0.0,0.0,0.0,1.24,3.21,0.38,1.22,1.61,0.28,0.49,0.0,0.92,0.0,1.07,0.0,0.0,0.0,0.0016387085711901807
8Zw4O3ZXdfQ,UCHza0GAxOvBOeLKkMeL8EcQ,Ken Abroad,510000.0,1.37,0.6,0.09,0.0,0.85,1.28,0.0,0.88,0.71,0.0,0.0,0.0,0.27,0.0,2.02,0.0,0.42,1.0,0.00012138582008816153
8_A_aV_PjYE,UCGtS314Ys3Hav_ICqbK1A6g,Travelling Weasels,59600.0,0.03,0.0,0.0,0.0,0.8150000000000001,0.635,0.165,0.4599999999999999,0.99,2.28,0.0,0.18,0.505,0.135,0.0,0.0,0.0,1.0,0.0016387085711901807
8_wGkSYK3Yk,UCYr4VTQfBpXrccQw_H2S8RA,JUICY REACTS,318000.0,0.1366666666666666,0.0,0.9233333333333332,0.12,0.7233333333333333,0.8033333333333333,0.7266666666666666,1.086666666666667,0.88,1.336666666666667,0.02,0.2466666666666666,0.2866666666666667,0.19,1.346666666666667,1.01,0.9566666666666668,0.0,0.00012138582008816153
8a1Hsah_yuA,UCLhnofv5sYNVD3P90uc0bEA,It's Wander Angel,5410.0,,,,,,,,,,,,,,,,,,,0.0016387085711901807
8aV0SxSbzvY,UCi9mzS8H-ez_30w5SCL2dmw,JREKML,1210000.0,,,,,,,,,,,,,,,,,,,6.827952379959086e-05
8baHlJrFQ4w,UCO5Jeark1e_JP36mY3ua19g,The Commodity,98300.0,0.54,0.0,0.155,0.0,2.385,1.7999999999999998,1.035,2.535,2.61,2.165,0.26,0.0,0.355,0.0,2.225,0.13,0.1,0.0,6.18380592901955e-05
8d12pOYIWo8,UCoNbjiMmQ3c8CdiHu-TaYKw,Philippine Family Life With Leah,39300.0,,,,,,,,,,,,,,,,,,,0.0006554834284760723
8d8tfV1uBn4,UCEuMQ0H-7VYfox21BvmjjsQ,The Oregonian,466000.0,,,,,,,,,,,,,,,,,,,0.0016387085711901807
8f0-OcYW5zA,UCZ30twqmPtR7YYim3D3J7LQ,Мемоарите на една мечта,3530.0,0.925,0.27,0.39,0.78,2.04,0.97,0.84,1.765,2.115,1.02,0.0,0.0,0.505,0.0,1.525,0.515,0.0,0.0,0.0005462361903967269
8kcD3vk12AY,UCygn9pOnMw5St5Mva69z5nA,RegenerationNationTV,335000.0,0.7033333333333333,0.1766666666666666,0.0,0.68,1.1133333333333335,0.4833333333333334,0.35,1.0,1.09,0.7866666666666667,0.2266666666666666,0.0,0.3233333333333333,0.09,1.9966666666666668,0.2433333333333333,0.0533333333333333,0.0,0.0005462361903967269
8l4FjqCF7sE,UCMY6vXA3cYbUuSf4zYmTwIQ,BookwormHead,2850.0,1.38,0.115,1.045,0.0,0.13,1.135,0.15,0.085,0.66,0.455,0.355,0.215,0.275,0.3399999999999999,0.2,0.265,1.115,1.0,0.0006554834284760723
8mPk9KW_5XE,UCBSVopSgHJar0vGaaDuxZGw,The Canadian Traveller,1630.0,0.77,0.17,0.28,0.0,0.98,0.0,0.2,0.38,1.72,2.36,0.0,0.0,0.0,0.04,0.6,0.09,0.0,0.0,0.0008193542855950903
8n0E5tNjhAA,UCxGWrltVGIR3kAK2VsEvc_Q,Rita and Pedro,5240.0,,,,,,,,,,,,,,,,,,,0.0010924723807934538
8nYDDMN3JlA,UC6VT3Fhk2z3-4leoCoZpyPQ,Reação Imediata,169000.0,1.1316666666666666,0.3183333333333333,1.5566666666666666,1.2533333333333334,0.2066666666666666,0.2616666666666666,0.38,0.6349999999999999,0.0,0.1766666666666666,0.465,0.1633333333333333,0.1916666666666666,0.1149999999999999,0.2216666666666666,1.6233333333333333,0.0,1.0,0.00021849447615869075
8nuQJvVQR8Y,UCSjiVW9NV-mcJJ1t6RbMh7A,Down Under Visa,2650.0,,,,,,,,,,,,,,,,,,,0.00014249639749479832
8q6kht_0kbM,UCKLlmM881k4QZN-iUAFIQfw,Susie in the Philippines,128000.0,,,,,,,,,,,,,,,,,,,0.00013109668569521446
8qCqpy2emLk,UCi9mzS8H-ez_30w5SCL2dmw,JREKML,1210000.0,1.165,0.04,0.5700000000000001,1.35,1.905,2.855,0.775,2.8,1.95,1.315,0.075,0.125,0.29,0.0,2.575,0.5900000000000001,0.735,0.0,6.827952379959086e-05
8sXHEs-bfi8,UCAUgY9e_n2DhyZTgvPRoJnQ,TriFate Geo,171000.0,0.58,0.245,0.2825,1.7775,0.1925,0.475,0.0,0.6699999999999999,0.0,0.0,0.7424999999999999,0.0775,0.4624999999999999,0.07,0.1,0.2025,0.0,1.0,6.426308122314434e-05
8shGtApcXNU,UC_hN8xs99S6jnMdYCuJgoJA,Pinoy Planet,97800.0,2.2,3.67,0.0,2.26,0.0,0.0,0.26,1.2,0.69,0.0,0.0,0.0,0.0,0.26,1.04,0.4,0.0,2.0,3.6015572993190784e-05
8tuoEOt5om0,UC0p8-e3hIdkP4F09hQc1Uow,The Wineding Down Podcast,16300.0,,,,,,,,,,,,,,,,,,,0.0006554834284760723
8vchOT5yzAA,UCuVEvEzDJORUxstVLfql4oA,,,,,,,,,,,,,,,,,,,,,
8w-X-NU-p9U,UCarSZcFQ6-0eqZrAG4pKoMA,Island Hopper TV,458000.0,,,,,,,,,,,,,,,,,,,0.0008193542855950903
8xdch6aTDAg,UC5NF_7WBa8OVDC0Xbs8yvOg,Japapino World ジャパピーノ,174000.0,,,,,,,,,,,,,,,,,,,0.00018207873013224228
8zDbtAfmokY,UCX-klax9T94zrnkyRGlHtdA,Magicbox Filipino,220000.0,,,,,,,,,,,,,,,,,,,0.0016387085711901807
91YtKieEb88,UCXisjO3r0KC_Vh-PWwPTbBA,MontWRLD,114000.0,,,,,,,,,,,,,,,,,,,0.0006554834284760723
91yFv-8okGo,UCt9BTGSxATM6axwfTY4KnEg,A Foreigner in the Philippines,265000.0,,,,,,,,,,,,,,,,,,,5.462361903967269e-05
92rUJQFLbnI,UCRNHIq5_JclKEK4Gbx1UFDw,한인타운리조트 호텔&풀빌라,245000.0,1.6716666666666666,0.5033333333333333,1.4266666666666663,0.7466666666666667,0.1616666666666666,0.7916666666666666,0.0116666666666666,0.5333333333333333,0.3116666666666667,0.6833333333333332,0.2833333333333333,0.3033333333333333,0.6916666666666668,0.03,0.215,1.245,0.385,1.0,0.00036415746026448456
93LblYBq59o,UCWkxNq64I4kFwvoFqyN7hyQ,,,,,,,,,,,,,,,,,,,,,
93iLbjUbMDs,UCryJ4vhASeu7uhXRPOL3WhA,What's up Philippines,311000.0,,,,,,,,,,,,,,,,,,,2.621933713904289e-05
95xSTaZ6d70,UCeT1qAcQxLP6cEfbMe85QCQ,Yoshi the Japanese Guy,165000.0,0.3675,0.0,0.295,0.1075,1.7875,1.7925,0.645,1.9325,1.7675,1.1424999999999998,0.4674999999999999,0.04,0.495,0.0575,1.585,0.355,0.765,0.0,0.0001489735064718346
96JzEO3MUOY,UCryJ4vhASeu7uhXRPOL3WhA,What's up Philippines,311000.0,,,,,,,,,,,,,,,,,,,2.621933713904289e-05
97mkEBhvnNU,UCO5IhWS7_CIU1HoAkffBzcg,keis one,107000.0,,,,,,,,,,,,,,,,,,,0.0010924723807934538
98awVWkCHY0,UCTL128JylZO50B0MqbUuhSw,EL's Planet,232000.0,,,,,,,,,,,,,,,,,,,0.0002341012244557401
9BH-FsQS_Y8,UCC9Ozqioy8kGAWDUvwZ6RJQ,It's Mark & Kim,1890.0,0.15,0.1025,0.0925,0.03,0.9025,1.5075,0.2625,0.625,1.15,0.475,0.065,0.04,0.46,0.0,0.735,0.2825,0.0,1.0,0.0016387085711901807
9BIzz1Fqhgk,UCNMCLJlFSqiUb1EnXII3zhQ,Harees Ameerali - Royal Sky Holidays,986000.0,0.45,0.01,0.0,0.69,1.61,0.0,0.38,1.36,2.0,1.84,0.1,0.0,1.62,0.42,1.5,0.0,0.0,0.0,0.00036415746026448456
9D13G0NcaYU,UCdkq517IaeUcnG5CIiFX9RA,Shin Smith,36200.0,,,,,,,,,,,,,,,,,,,0.00010241928569938629
9DwB3rQGPlg,UCP_y6xg3u3hF3pskXosMQyQ,Canadian In Philippines,17000.0,,,,,,,,,,,,,,,,,,,0.0002341012244557401
9E0_8KPvOt0,UCsZsDjpf2Ppv_cT2K6_q2cw,Refinery29,3160000.0,0.56,0.3,0.0,0.17,0.01,0.25,0.0,0.0,0.0,0.0,0.0,0.0,0.02,0.0,1.4,0.01,0.0,1.0,0.0010924723807934538
9Ea2tpAf-UU,UCryJ4vhASeu7uhXRPOL3WhA,What's up Philippines,311000.0,,,,,,,,,,,,,,,,,,,2.621933713904289e-05
9GckZ7AmgNw,UCT350j4u6alUKyF9eu2bGug,ABC10,450000.0,,,,,,,,,,,,,,,,,,,0.0010924723807934538
9H891iA0xGk,UCi9mzS8H-ez_30w5SCL2dmw,JREKML,1210000.0,,,,,,,,,,,,,,,,,,,6.827952379959086e-05
9IiRJUesFNk,UCHpyKVf0Neqcm8WkHinfBkQ,BB Gahyun,11200.0,1.2,0.0,1.31,0.03,0.0,0.56,0.0,0.31,0.0,0.0,0.37,0.0,0.0,0.0,0.24,0.56,0.23,1.0,0.0008193542855950903
9Iuafbk1eBE,UCf3X_a7dNwSerXn74Kh88LA,Noname,4500.0,,,,,,,,,,,,,,,,,,,0.0008193542855950903
9LnHXmnWMZ8,UCkQFtRC61tYJkBZg2PYAmog,The CHACHIICHAN Show,22800.0,2.32,1.68,0.0,1.22,0.64,1.08,0.0,0.0,0.71,0.23,0.0,0.23,0.38,0.0,0.0,0.0,0.0,2.0,0.0010924723807934538
9OLxmOmAU_s,UCps-DY2gS0h4fowXa92HQKw,A Better Life in the Philippines,2200.0,,,,,,,,,,,,,,,,,,,0.0010924723807934538
9Q5NLLmgCFw,UC8w6rSJhWmzLMBtL0daNkPw,FLYING THE WORLD,661000.0,0.0,0.0,0.0,1.19,0.65,0.0,0.0,0.73,1.24,2.67,0.43,0.02,1.5,0.42,0.0,0.0,0.0,1.0,0.0006554834284760723
9QhDszhPhqM,UC3ZnKcjVu7GszgdBe4uRZ3A,Dwaine Woolley,1390000.0,,,,,,,,,,,,,,,,,,,0.00040967714279754517
9Qlof7jPQpg,UCZ1OXjyMDPokR8xOJqCv05g,Matt and Danielle | CouplesQuest_,21100.0,0.1,0.0,0.15,0.0,2.01,1.225,0.23,1.075,2.04,0.885,0.11,0.0,0.6000000000000001,0.06,1.795,0.39,0.215,0.0,0.0005462361903967269
9SXB-fOg9Qg,UCTPxMCyJyYGF6H0eBhOvgsA,Pinay mom's blogs,7390.0,,,,,,,,,,,,,,,,,,,0.0001724956390726506
9U-fgA2FtRU,UCryJ4vhASeu7uhXRPOL3WhA,What's up Philippines,311000.0,,,,,,,,,,,,,,,,,,,2.621933713904289e-05
9VHlFHJOoF8,UCobYD8WgP3GPOqgvXF2Yy1w,Adam and Jane's Lifestyle,75500.0,0.47,0.0,0.27,0.4133333333333333,1.4333333333333331,2.333333333333333,0.8533333333333334,1.7966666666666666,1.3033333333333337,0.5800000000000001,0.1233333333333333,0.0933333333333333,0.0566666666666666,0.09,1.2866666666666668,0.5066666666666667,0.2766666666666666,0.0,6.827952379959086e-05
9WDrNZDs3lE,UCWk9ho4wXA43KZvxE58WSXg,Steven Banamu,14500.0,,,,,,,,,,,,,,,,,,,0.0006554834284760723
9XZDbjG2Hf8,UC2vcjazcVurVmpn5svBRA-Q,FTD Facts,1460000.0,,,,,,,,,,,,,,,,,,,0.0006554834284760723
9YkoGiSudSY,UCqMy-fbfky74L_EgKlYXTDw,The Playroom Studio,134000.0,,,,,,,,,,,,,,,,,,,0.0010924723807934538
9_7UvrHiy6k,UCpko_-a4wgz2u_DgDgd9fqA,BuzzFeedVideo,19800000.0,1.465,0.995,0.0,0.035,2.255,1.25,0.26,1.6999999999999995,2.08,1.215,0.0,0.0,0.52,0.0,2.515,0.605,0.53,0.0,0.0002521090109523355
9_Iu3w6DVyQ,UCS_4tF4RJgx3dD_amygJN0w,Jake Arandz,368.0,1.41,0.0,0.135,0.785,0.4599999999999999,1.465,0.0,0.875,0.37,0.0,0.445,0.0,1.31,0.0,0.53,0.0,0.82,1.0,0.0016387085711901807
9amj28K0wWk,UCwVVQkHRtW14nqj5dh-QPgg,Every Man Has a Story,88100.0,,,,,,,,,,,,,,,,,,,0.0016387085711901807
9au-Wi7_rS0,UCC59s1J7c7zreuvnvLUQ0Xg,Thrillist,712000.0,,,,,,,,,,,,,,,,,,,0.0010924723807934538
9bW4p2CvkNY,UCBINYCmwE29fBXCpUI8DgTA,MostAmazingTop10,7770000.0,0.97,0.71,2.45,0.0,1.41,0.12,1.61,2.61,1.94,3.12,0.0,2.11,0.4,0.63,0.04,0.0,0.58,0.0,0.0010924723807934538
9cd2ILefikA,UCPAz3hWHiBC-c1x4K0-atsg,Waleska Herrera,1230000.0,0.674,0.074,0.678,0.988,0.932,0.672,0.18,1.3219999999999998,1.432,1.148,0.096,0.046,0.44,0.0,1.314,0.4,0.1319999999999999,0.0,2.074314647076178e-05
9dUzCi1YGQ4,UCGyTJBom8TTHa9pc_VlZXfA,Dream Filipina,171000.0,0.1466666666666666,0.0,0.1133333333333333,0.62,2.01,1.49,0.3566666666666667,1.5333333333333332,2.2166666666666663,1.8866666666666667,0.2866666666666667,0.0,0.3033333333333333,0.0,1.9266666666666663,0.1266666666666666,0.0,0.0,0.0010924723807934538
9eeejXbcOa4,UCsdK_DJJRHbQtPwphLOQKpw,Bisdak Chef,13100.0,,,,,,,,,,,,,,,,,,,0.0016387085711901807
9fKsaaUZgbs,UCVR42zazbJZLL4r2Lo8PqRg,Just Jonny & Chloe,23100.0,0.14,0.0,0.66,0.0,3.02,1.69,1.15,2.99,3.37,1.46,0.0,0.0,0.0,0.0,3.13,0.7,0.12,0.0,0.0010924723807934538
9ge3G_sWFlw,UCQXBq7djFA_xTSVgNGLJ0LQ,Let's Meet Abroad,109000.0,0.42,0.0,0.0,0.27,1.92,1.93,0.35,1.34,2.3,1.35,0.0,0.0,0.59,0.0,2.81,0.9,0.0,0.0,0.0005462361903967269
9hWiKgR22YQ,UCi9mzS8H-ez_30w5SCL2dmw,JREKML,1210000.0,,,,,,,,,,,,,,,,,,,6.827952379959086e-05
9iinyVgYTu8,UCBQjTfMEcxMlI49KCQAHwYQ,2Passports 1Dream,234000.0,1.19,0.0,0.0,0.0,0.58,2.01,1.07,0.53,0.34,0.0,0.23,0.0,0.0,0.0,1.32,0.0,0.7,1.0,0.0004682024489114802
9jTY_F3I8OI,UCtzKfl7mVo9Bi-DzGMFmnqg,Flora and Note,202000.0,0.5166666666666667,0.1766666666666666,0.1566666666666666,0.0,1.78,2.67,0.3033333333333333,1.37,1.2866666666666666,0.6866666666666666,0.12,0.0,0.09,0.0,1.5666666666666669,0.5866666666666667,0.1333333333333333,0.0,0.0006554834284760723
9k1AEA6xXrk,UC9HiNy95qeyWUarzHO9sk8A,Great Life,1150.0,,,,,,,,,,,,,,,,,,,0.0010924723807934538
9kHEGh0S2E4,UCSvaH7DbguYJcp8PHTTv1Zw,Bigg World Cinema,34000.0,0.44,0.35,0.36,1.725,0.87,0.7949999999999999,0.0,2.37,1.3,0.33,0.315,0.52,0.0,0.0,1.155,0.0,0.0,1.0,0.00019278924366943303
9llvkQdl54Q,UCdkq517IaeUcnG5CIiFX9RA,Shin Smith,36200.0,,,,,,,,,,,,,,,,,,,0.00010241928569938629
9mC5dqQohKI,UCi9mzS8H-ez_30w5SCL2dmw,JREKML,1210000.0,,,,,,,,,,,,,,,,,,,6.827952379959086e-05
9mR4asD1Rw4,UC1712XEXMIRQW1-spPVK0Ng,Travis Kraft,597000.0,,,,,,,,,,,,,,,,,,,0.0002979470129436692
9mad8LAUxS0,UCzfEqx1_-zs2xUUzI3jVRSg,FinnSnow,541000.0,,,,,,,,,,,,,,,,,,,0.00016387085711901808
9nbuNLU2S-U,UCxdGLXoiXS6o5zIqsKW1wXw,Rietsch Mari,18600.0,,,,,,,,,,,,,,,,,,,0.0016387085711901807
9pyrNSKb16Y,UCeBsQQ-xl2OWko3RhSRGOIA,Jess Mühlbauer,866.0,1.51,0.0,1.99,0.0,2.35,1.73,1.4,2.39,2.37,2.26,0.01,0.0,1.06,0.49,1.14,0.0,0.0,0.0,0.0016387085711901807
9sAZ50a_l5M,UCGXNJZwl3W9qaT27yUZjPzA,Kyle and Madie,14000.0,0.0,0.0,0.0,0.145,1.545,2.005,0.57,0.93,1.66,1.245,0.0,0.0,0.74,0.265,1.825,1.195,0.07,0.0,0.0010924723807934538
9sMmTC9x6wc,UC-0XZzV9y16bKIuWb4qWkCg,Filipino Czech family,196000.0,,,,,,,,,,,,,,,,,,,0.0016387085711901807
9t6PWAbylh4,UCRNpa4QyVGKYAgUzxOi2NLw,JA Hokson (#JAnsaJAPAN),2070.0,1.3199999999999998,0.365,0.36,0.275,0.965,0.0,0.09,0.38,1.705,1.1800000000000002,0.17,0.0,0.8250000000000001,0.0,1.285,0.08,0.05,1.0,0.0010924723807934538
9t7JItsq3as,UC25HBOBYfc-scqCQcyYKVNw,Lifey,248000.0,0.06,0.0,0.0,0.0,1.903333333333333,2.45,0.7966666666666667,1.933333333333333,2.52,1.2266666666666666,0.1533333333333333,0.0,0.3699999999999999,0.1099999999999999,2.903333333333333,0.91,0.0,0.0,0.00040967714279754517
9uDc4Vg7jTI,UCmUaeYKjQ7n0aMa1KjDHlQg,Travel Chronicles,35000.0,,,,,,,,,,,,,,,,,,,0.0006554834284760723
9vYMByRngU8,UCiBCl6B-tBRPFceSbdNraVw,Niki Aquino,2710.0,0.8150000000000001,0.655,0.5549999999999999,0.7649999999999999,0.64,0.625,0.945,0.915,0.035,0.0,2.6,1.25,0.45,0.95,0.94,0.0,0.8500000000000001,1.0,0.0010924723807934538
9zoaiIkFwiI,UC_hN8xs99S6jnMdYCuJgoJA,Pinoy Planet,97800.0,0.0,0.0,0.52,0.0,2.72,3.5,0.86,2.01,2.6,1.62,0.0,0.0,1.38,0.73,2.9,0.95,0.0,0.0,3.6015572993190784e-05
A-qi6EZGJgM,UCFvQ_bDaalb-1ZyCb48LCpA,Chasing Kimberly,16500.0,0.58,0.13,0.0,0.9,0.02,0.14,0.0,0.0,0.0,1.04,0.06,0.0,0.0,0.0,0.0,0.0,0.0,1.0,0.00040967714279754517
A-vKhUpNc3A,UCIk6DASPsMiUXnU6Y1Lz8Ww,We Vybz Tv,116000.0,,,,,,,,,,,,,,,,,,,0.0004682024489114802
A07-gmV4Mos,UCYY2mNcq7pv6IRW92JIT6DA,The Juicy Vlog,583000.0,1.096666666666667,0.1533333333333333,1.25,1.0533333333333337,0.79,0.7433333333333333,0.3466666666666667,2.1333333333333333,0.8966666666666666,0.1666666666666666,0.4266666666666667,0.31,0.99,0.0,1.15,0.3733333333333333,0.0666666666666666,1.0,0.00014249639749479832
A08KjPeqgl4,UCW66Ck8Lc8M39UHY3TaKf4A,Dan and Lyn,16300.0,0.13,0.0,0.0,0.85,2.29,1.38,0.07,2.35,2.54,1.16,0.0,0.0,0.39,0.0,2.73,0.36,0.0,0.0,0.0004682024489114802
A0EqeYBE4rM,UCH084jZBDgYLedTTl8OXMKw,The TyKo Fam,2750.0,,,,,,,,,,,,,,,,,,,0.0010924723807934538
A0qYNooALHk,UCATIycLIXMeetRVO-XS4p7g,Adventure Faktory,3780.0,0.972,0.124,1.15,1.262,0.37,0.4679999999999999,0.154,0.374,0.506,0.716,0.47,0.756,0.088,0.2219999999999999,0.4679999999999999,0.086,0.0679999999999999,1.0,0.0006554834284760723
A1tEA4AGJIE,UCKygRpISlqs5TufcT3JtRng,Dale Philip,3760000.0,1.534,0.156,0.828,1.5239999999999998,0.102,0.3339999999999999,0.142,0.256,0.206,0.0,1.484,0.116,0.24,0.412,0.486,0.31,0.022,1.0,0.00036415746026448456
A2_vSVmLeQs,UC82Q2jylxM5jMmnK4SEb8pA,Two Between | Sarah and Seunghyun,36800.0,1.5699999999999998,1.34,0.575,0.805,1.565,1.46,0.69,1.07,2.115,2.29,0.0,0.0,0.205,1.215,3.005,0.95,0.25,0.0,0.0016387085711901807
A2bdBzrRHfs,UCUQPGGBkluwPMxRyY8n1DWQ,Ali Yui Club｜Filipino Japanese couple ,70800.0,0.26,0.87,1.495,0.0,1.785,0.47,0.39,0.945,1.66,1.29,0.0,0.0,0.0,0.15,1.87,0.39,1.56,0.0,0.0010924723807934538
A54fT5PWTIc,UC6Je3-ZV_x38NqQAxKiCCyQ,TabiEats,599000.0,0.345,0.325,0.0,0.0,1.7400000000000002,2.055,0.93,2.28,2.35,0.48,0.0,0.0,0.0,0.0,2.085,0.16,0.94,0.0,0.0010924723807934538
A6G0NXmETR4,UC-VUzVsTFTXMU7aSf-lEsiA,Rare Soul Worldwide,95200.0,0.61,0.0725,0.595,0.7749999999999999,0.895,1.025,0.5725,1.6425,1.495,1.37,0.2975,0.1899999999999999,0.1375,0.455,0.7425,0.335,0.5425,0.0,0.0008193542855950903
A6jYxNYpT5A,UCt3mOg88T0My5vZpbE0TG_g,Crunch,475000.0,,,,,,,,,,,,,,,,,,,0.0010924723807934538
A7AWtH1mfZs,UCO5Jeark1e_JP36mY3ua19g,The Commodity,98300.0,0.16,0.0,0.7250000000000001,0.395,0.185,0.695,0.665,0.895,0.0,0.625,1.58,0.61,0.32,0.0,0.125,0.405,0.0,1.0,6.18380592901955e-05
A7lGyjnqMog,UCryJ4vhASeu7uhXRPOL3WhA,What's up Philippines,311000.0,,,,,,,,,,,,,,,,,,,2.621933713904289e-05
A7oeGayicnc,UCoRFqiHx5lWraQ_iAp4si8w,TansDipas,116.0,0.065,0.0,0.0,1.415,0.395,0.905,0.735,1.365,0.0,0.06,1.365,1.23,0.44,0.09,0.0,0.63,0.37,1.0,0.0008193542855950903
A9FhpQ1XzeA,UCTL128JylZO50B0MqbUuhSw,EL's Planet,232000.0,,,,,,,,,,,,,,,,,,,0.0002341012244557401
A9rc7uugB6g,UCobYD8WgP3GPOqgvXF2Yy1w,Adam and Jane's Lifestyle,75500.0,0.205,0.0,0.12,0.0,1.185,2.37,0.915,0.945,1.28,0.21,0.1,0.0,0.0,0.0,1.1800000000000002,0.6,0.0,0.0,6.827952379959086e-05
A9thBIyoEi8,UCcaIZBgmiYTJP9fpO_xjMTQ,Travel Escapes,246000.0,,,,,,,,,,,,,,,,,,,0.00032774171423803616
ABUx5euD2vk,UCz908wM1diz61piCNbQprJw,Yuujou,1360.0,0.855,0.06,0.495,0.0,1.2200000000000002,1.265,0.52,0.8,1.1,0.575,0.655,0.61,0.38,0.055,0.27,0.0,1.155,1.0,0.0010924723807934538
AEp-JC1jHvw,UCcqMEET3JKUsN9RGnMPdiyg,WonderFull Company,7250.0,0.55,0.0,1.1,0.0,0.17,2.82,0.19,0.0,0.0,0.0,0.61,2.51,1.18,0.65,0.05,1.66,0.11,1.0,0.0008193542855950903
AI7Us_5-IaQ,UCvezSDMyptnJPLzAVzoTg2w,Emily and Dane Travel,178.0,,,,,,,,,,,,,,,,,,,0.0010924723807934538
AIVU8Rg7Jpo,UCnSDZWM7akmbgbwdECSPpow,Before You Go,109000.0,,,,,,,,,,,,,,,,,,,0.0004682024489114802
AJ1dWqy_rws,UCHza0GAxOvBOeLKkMeL8EcQ,Ken Abroad,510000.0,0.772,0.016,0.174,0.16,1.534,1.688,0.2339999999999999,1.778,1.414,1.088,0.782,0.484,0.3399999999999999,0.274,1.234,0.558,0.2599999999999999,0.0,0.00012138582008816153
AJF7cjAgZ9M,UCBtp2MhA3sRQ-kOBrBaupSg,Maggy Baas,2070.0,0.19,0.87,0.0,0.78,2.35,3.96,0.44,1.27,2.85,0.35,0.0,0.0,0.59,0.0,3.22,0.57,0.0,0.0,0.0016387085711901807
AKjlkab1YRo,UCW9ip0HhnzbvyFZgKKTFPLg,Luckas Kim,4010.0,3.29,3.57,0.3,4.03,0.0,0.0,0.0,1.84,1.19,0.0,0.33,2.1,0.15,0.0,1.29,0.08,0.0,2.0,0.0008193542855950903
AMjJd3fnND0,UCPyi-4WfF63TJ95zKShawcw,itsKEVO,490000.0,1.257777777777778,0.3077777777777777,0.3766666666666666,0.5388888888888889,0.0777777777777777,0.3455555555555555,0.0433333333333333,0.2922222222222222,0.0422222222222222,0.0,0.95,0.3711111111111111,0.5666666666666667,0.0133333333333333,0.1166666666666666,0.1477777777777777,0.1055555555555555,1.0,0.0002341012244557401
ANpbL70-1VI,UCaLfMkkHhSA_LaCta0BzyhQ,Munchies,5320000.0,0.0,0.0,0.0,0.0,1.53,1.74,1.51,2.29,1.0,0.64,2.1,1.25,2.02,0.0,0.22,1.01,0.47,0.0,0.0004682024489114802
APO0oz-fpsQ,UCryJ4vhASeu7uhXRPOL3WhA,What's up Philippines,311000.0,,,,,,,,,,,,,,,,,,,2.621933713904289e-05
APUoIxjKms8,UC5srj0Tgfq-FuFyk9HFl0Rw,GoldenTV Network,261000.0,,,,,,,,,,,,,,,,,,,0.00032774171423803616
AQBE65iSM-E,UC6VT3Fhk2z3-4leoCoZpyPQ,Reação Imediata,169000.0,0.26,0.0,0.1166666666666666,0.3933333333333333,0.88,0.8933333333333334,0.9066666666666666,0.85,0.66,0.22,0.9566666666666668,0.9733333333333332,0.1833333333333333,0.0,1.4433333333333334,2.296666666666667,0.7566666666666667,1.0,0.00021849447615869075
AQiO26XqrpA,UCryJ4vhASeu7uhXRPOL3WhA,What's up Philippines,311000.0,,,,,,,,,,,,,,,,,,,2.621933713904289e-05
AQtTuTZyNiA,UCd2GYeVAsuDE-qUdxtUEs8A,Learn Filipino with Papa Jedder,4780.0,0.13,0.47,0.0,0.0,1.91,2.73,0.0,3.8,2.65,2.98,0.33,0.0,0.26,0.0,1.64,0.15,0.0,0.0,0.0008193542855950903
ARMdb7fgfQU,UCbDelWG0lH_xzQjnH-bNB_w,josie lifts things,1080000.0,0.7,1.02,0.37,0.79,0.92,0.02,0.29,1.58,1.33,0.0,1.09,0.27,0.0,0.0,2.56,0.0,0.0,1.0,0.0002521090109523355
ARnFU7iPCa0,UCuiDKV22zjyC7MJrWvTyV4A,,,,,,,,,,,,,,,,,,,,,
ATNeSPX-KTk,UCryJ4vhASeu7uhXRPOL3WhA,What's up Philippines,311000.0,,,,,,,,,,,,,,,,,,,2.621933713904289e-05
ATurpKuYqg4,UC3dRoIz2ld-8iAHvQMa4iAA,Melanie Guintu,17500.0,1.89,1.83,0.0,3.49,0.0,0.0,0.0,2.21,0.67,0.12,0.0,0.0,0.48,0.0,2.45,1.33,0.0,2.0,0.0010924723807934538
AUMItA0qvqw,UCSjiVW9NV-mcJJ1t6RbMh7A,Down Under Visa,2650.0,,,,,,,,,,,,,,,,,,,0.00014249639749479832
AUuZXLaqerc,UCWjSwkIn2gGgETcZZYaO-6g,RETIRING IN PARADISE,17000.0,1.685,0.225,0.405,0.705,0.55,2.405,0.0,0.295,0.6950000000000001,0.0,1.665,0.59,0.19,0.0,0.0,0.0,0.0,1.0,8.62478195363253e-05
AUvVSN8YWZs,UCAUgY9e_n2DhyZTgvPRoJnQ,TriFate Geo,171000.0,2.09,1.88,0.0,2.655,0.6875,0.315,0.045,1.315,1.6875,0.7000000000000001,0.2299999999999999,0.0,0.0075,0.165,2.0475,0.8724999999999999,0.0,2.0,6.426308122314434e-05
AV8WgtQu6JE,UCajXeitgFL-rb5-gXI-aG8Q,Great Big Story,6310000.0,0.2,0.0,0.0,0.63,1.59,2.97,0.46,1.69,2.34,0.59,0.0,0.0,0.0,0.0,2.38,0.46,0.0,0.0,0.0010924723807934538
AVRltPV1VQE,UCyEd6QBSgat5kkC6svyjudA,Mark Wiens,11400000.0,0.7433333333333333,0.1899999999999999,0.0,1.2866666666666668,0.5266666666666667,0.0499999999999999,0.1399999999999999,0.48,0.3833333333333333,0.1866666666666666,0.3033333333333333,0.6066666666666667,0.9433333333333334,0.2466666666666666,0.3066666666666667,0.5166666666666667,0.3466666666666667,1.0,0.00032774171423803616
AY57GEPf2DQ,UCiEK-SwMjiYsiWzXvOKqKdg,AmysCrypt,324000.0,0.09,0.0,0.58,1.77,0.16,0.0,0.0,0.0,0.44,0.0,0.69,0.4,0.0,0.21,0.0,0.0,0.0,1.0,0.0004682024489114802
AYr7y-JfhN8,UCbPHHOiOY_tA9BSytK0jDYw,Beryl Shereshewsky,859000.0,1.11,0.0,0.11,0.19,0.88,2.08,0.0,0.0,0.08,0.0,0.1,1.98,0.64,0.29,0.0,0.0,0.0,1.0,0.00019278924366943303
A_HLtsg4TVA,UC_hN8xs99S6jnMdYCuJgoJA,Pinoy Planet,97800.0,0.0,0.0,0.8,0.0,2.68,2.11,0.85,2.06,3.23,3.16,0.0,0.0,0.0,0.0,2.44,0.0,0.0,0.0,3.6015572993190784e-05
A_qbOO2w6JI,UCt9BTGSxATM6axwfTY4KnEg,A Foreigner in the Philippines,265000.0,,,,,,,,,,,,,,,,,,,5.462361903967269e-05
Abq7F6HGIX8,UCYRDdicBXeo2zYB6Lg-oK7w,Raphael Gomes,2040000.0,1.69,1.79,0.18,2.55,0.0,0.01,0.0,0.0,0.29,0.0,1.02,2.44,0.15,0.09,0.0,0.27,0.0,2.0,0.0010924723807934538
AdCc2tzn1Gc,UCryJ4vhASeu7uhXRPOL3WhA,What's up Philippines,311000.0,,,,,,,,,,,,,,,,,,,2.621933713904289e-05
Ae9RLvFXChQ,UCgFP46yVT-GG4o1TgXn-04Q,China Uncensored,2130000.0,,,,,,,,,,,,,,,,,,,0.0004682024489114802
AeQZH56GWiA,UCBGWdISBOCKGE0IbL7_S3oQ,kazincredible,80900.0,,,,,,,,,,,,,,,,,,,0.0008193542855950903
AhVOJm6v5Ig,UCam1q_TN5QauJdk07T0bteA,Samantha Lisa ,102000.0,0.03,0.0,0.0,1.01,1.63,1.38,0.0,1.8,2.08,0.0,0.43,0.0,0.0,0.0,2.75,1.47,0.0,0.0,0.0004682024489114802
AinyNd4rv2I,UCCc0WJjvRZto3I7qlPzoWUA,Liza Quin,194000.0,0.77,1.325,0.35,1.2525000000000002,0.0,0.0975,0.0,0.965,0.305,0.0,0.095,0.08,0.1475,0.0,2.0575,1.805,0.5725,2.0,0.0006554834284760723
Aius_BZxmUo,UCM5PsLystlm5bVMk3kCA2DQ,Blessing’s React,22300.0,,,,,,,,,,,,,,,,,,,0.0008193542855950903
Al7xFwszHQM,UCO-BUJCM03NS-rwr1VonV4A,Divert Living,315000.0,0.23,0.46,0.28,1.62,0.03,2.16,0.59,1.01,0.51,1.43,0.1,1.82,0.0,0.06,0.0,0.58,0.0,1.0,0.00032774171423803616
Al9Hk6_w2Qo,UCEOV7DU1UfzH05r3KBq0OaQ,Jared Hartmann,118000.0,0.1399999999999999,0.3899999999999999,0.8433333333333334,0.0633333333333333,1.8833333333333333,2.11,1.0433333333333332,1.01,2.513333333333333,0.8733333333333332,0.0,0.0,0.8666666666666667,0.0499999999999999,2.64,0.6699999999999999,0.33,0.0,0.0005462361903967269
Alm47PX09ho,UCTfHKQ9fbUEiStUAQEax7dw,,,,,,,,,,,,,,,,,,,,,
Am22VdC_3qk,UCTfHKQ9fbUEiStUAQEax7dw,,,,,,,,,,,,,,,,,,,,,
AmgEFzgnvP4,UCPNBc7ZRwmgk1I6j_lenAfw,The Love Train Nation,23900.0,0.4000000000000001,0.0,0.3566666666666667,1.4933333333333332,0.3533333333333333,0.39,0.0,0.5366666666666666,0.13,0.3699999999999999,0.4366666666666667,0.7066666666666667,0.3533333333333333,0.8366666666666666,0.6433333333333333,0.21,0.2066666666666666,1.0,0.00010924723807934537
AoCEIX9sHYk,UCAWiZqZlnpD50X_DNIgY2tg,thepottedoasis,1390.0,,,,,,,,,,,,,,,,,,,0.0010924723807934538
ApTB0sxAEpw,UCPAz3hWHiBC-c1x4K0-atsg,Waleska Herrera,1230000.0,0.174,0.172,0.184,0.486,0.6719999999999999,0.762,0.0,0.4859999999999999,1.14,0.966,0.0,0.0,0.118,0.0,1.0779999999999998,0.064,0.124,1.0,2.074314647076178e-05
AqT2DLoO7Gs,UCRcnAgWCwVdeGaDxXOStLDA,KJ AVELINO VLOGS,235000.0,1.08,0.025,0.0,0.0,1.39,1.095,0.575,1.805,1.425,0.29,0.0,0.0,0.36,0.0,2.805,1.835,1.315,0.0,0.0016387085711901807
Av4KKPcv_Ds,UCjW5n1CTxVxmYtX1l2TrMjw,Regular Guy,70800.0,0.4366666666666666,0.1366666666666666,0.03,0.0,0.22,0.6466666666666667,0.0633333333333333,0.0633333333333333,0.3766666666666667,0.4333333333333333,0.0,0.0,0.2199999999999999,0.0,0.6366666666666666,0.2566666666666666,0.3366666666666666,1.0,0.0006554834284760723
AwD4OYyEOUA,UCy59LeWWXP46uvWAi-uwh9w,Australia with Veronica,7920.0,0.0,0.0,0.0,0.0,0.34,1.88,0.0,0.37,1.31,1.81,0.0,0.0,0.41,0.0,0.63,0.0,0.0,1.0,0.0016387085711901807
AwWl2LwQ2-c,UC2BFx9glnPZ-fK3UPDo3V3A,Foodbeast,352000.0,0.69,0.0,0.0,0.0,4.01,2.7,1.06,3.35,3.64,2.06,0.0,0.0,0.0,0.0,3.73,0.95,0.54,0.0,0.0010924723807934538
Awe5mrMvJPI,UCkQFtRC61tYJkBZg2PYAmog,The CHACHIICHAN Show,22800.0,0.3728571428571428,0.29,0.5328571428571429,0.6428571428571429,0.4357142857142856,0.3285714285714285,0.3442857142857142,1.018571428571429,1.082857142857143,0.9471428571428572,0.2985714285714285,0.2628571428571428,0.5399999999999999,0.0157142857142857,0.6571428571428573,0.2942857142857143,0.35,1.0,0.0010924723807934538
AxJ1YGnc1nY,UCpko_-a4wgz2u_DgDgd9fqA,BuzzFeedVideo,19800000.0,2.8,3.49,0.23,2.36,0.0,0.0,0.0,2.24,1.74,2.77,0.0,0.22,0.91,0.0,2.44,0.82,0.0,2.0,0.0002521090109523355
AxlHmeQ35Sk,UCryJ4vhASeu7uhXRPOL3WhA,What's up Philippines,311000.0,,,,,,,,,,,,,,,,,,,2.621933713904289e-05
AyZZUJGMrio,UCPNBc7ZRwmgk1I6j_lenAfw,The Love Train Nation,23900.0,0.57,0.0,0.0,0.0,1.63,1.11,1.06,0.64,0.53,0.0,1.44,2.35,0.38,0.06,0.0,0.05,0.0,1.0,0.00010924723807934537
B-MuZV0B91o,UC1PwIaB8KklVK5iZqbtZErA,Flying Kell,205000.0,0.59,0.135,0.135,2.095,0.18,0.845,0.225,0.0,0.0,0.0,0.225,0.92,0.855,0.53,0.83,0.565,0.0,1.0,0.0002521090109523355
B-Ux7ehmojs,UCZjRgv73affDRgUbiLJtBUg,Addie Reacts,18900.0,0.645,0.0,1.03,0.33,0.63,0.375,0.38,1.7400000000000002,1.37,1.165,0.11,0.0,0.0,0.0,1.085,0.305,0.885,0.0,0.0008193542855950903
B1QwLFLxido,UCryJ4vhASeu7uhXRPOL3WhA,What's up Philippines,311000.0,,,,,,,,,,,,,,,,,,,2.621933713904289e-05
B5gs2MyCiRY,UCFKiXXD3aVWU60VQCuUvPHA,Myer Travels,151000.0,0.8,0.4525,0.5725,0.75,0.3025,0.6375,0.7975000000000001,0.4225,0.6675,1.215,1.1575,1.3975,0.0925,0.65,0.3675,1.36,0.28,1.0,0.0010924723807934538
B7Hi2gCYx0g,UCO5Jeark1e_JP36mY3ua19g,The Commodity,98300.0,0.2466666666666666,0.075,0.9158333333333334,0.1091666666666666,0.185,1.0433333333333332,0.6366666666666666,0.0558333333333333,0.0658333333333333,0.0491666666666666,0.2425,0.5258333333333334,0.3775,0.1358333333333333,0.0825,0.3866666666666666,0.0783333333333333,1.0,6.18380592901955e-05
B7Rz5IHjXWc,UCSjiVW9NV-mcJJ1t6RbMh7A,Down Under Visa,2650.0,,,,,,,,,,,,,,,,,,,0.00014249639749479832
B7SbnMo9r5Q,UCiMUkmmff55gHoVRpM2Vhaw,Ivani Leang,3730.0,0.0,0.0,0.0,0.59,1.38,1.94,0.0,0.9,1.82,0.49,0.0,0.0,0.0,0.0,1.73,1.15,0.0,0.0,0.0016387085711901807
B7bX5AlQu6c,UCZ1OXjyMDPokR8xOJqCv05g,Matt and Danielle | CouplesQuest_,21100.0,0.315,0.0,0.0,1.545,0.905,0.715,0.59,1.605,0.985,0.0,0.51,0.305,0.0,0.0,0.695,0.4549999999999999,0.4,1.0,0.0005462361903967269
B8Ra9V5Novs,UCGSLwd21qtaUh3mF-5X8b4A,Olivia Ortiz,127000.0,,,,,,,,,,,,,,,,,,,0.0004682024489114802
B8d7D1Idinw,UCRrUJKpFAGgA9WVjSWhgk2Q,KIM n LEE,95200.0,0.45,0.1166666666666666,0.2299999999999999,0.2933333333333333,0.0,0.7466666666666666,0.09,0.0633333333333333,0.34,0.22,0.27,0.5533333333333333,0.3333333333333333,0.3899999999999999,0.04,1.3066666666666666,0.57,1.0,0.00011301438422001247
B9UfnHQWJZc,UC6VT3Fhk2z3-4leoCoZpyPQ,Reação Imediata,169000.0,0.1933333333333333,0.0533333333333333,0.1366666666666666,0.4233333333333333,0.51,0.0,0.1866666666666666,0.7366666666666667,0.7333333333333334,1.0833333333333333,0.0999999999999999,0.5966666666666667,0.24,0.2133333333333333,0.3433333333333333,0.31,0.0266666666666666,1.0,0.00021849447615869075
BD2RRl7wPMw,UCSKyr0rInDNW2jAWKVy4OcA,Discovery Amuse,16800.0,0.0266666666666666,0.0,0.1666666666666666,0.0,1.1766666666666667,1.03,0.0766666666666666,1.0233333333333334,1.6933333333333334,0.9133333333333334,0.02,0.0866666666666666,0.4766666666666667,0.0,0.6166666666666666,0.1766666666666666,0.04,0.0,0.0010924723807934538
BFRmS1RSYYY,UCAUgY9e_n2DhyZTgvPRoJnQ,TriFate Geo,171000.0,1.11,1.7,0.655,2.43,1.33,1.305,0.055,1.91,2.285,1.03,0.0,0.0,0.0,0.115,2.625,0.0,0.0,0.0,6.426308122314434e-05
BFndAL9KPc0,UCCgVh36x3hbuRnHMpwl443Q,Music Game News,1210000.0,0.6166666666666667,0.6316666666666667,0.0,0.86,0.2816666666666667,0.3533333333333333,0.0,0.3466666666666667,0.7033333333333333,0.4416666666666666,0.1916666666666666,0.13,0.065,0.0483333333333333,0.84,0.6966666666666667,0.025,1.0,8.193542855950904e-05
BGZiz7NQC_k,UCryJ4vhASeu7uhXRPOL3WhA,What's up Philippines,311000.0,,,,,,,,,,,,,,,,,,,2.621933713904289e-05
BHR9ht4QVuM,UC_hN8xs99S6jnMdYCuJgoJA,Pinoy Planet,97800.0,0.0,0.55,0.0,0.81,2.23,0.73,0.83,1.42,2.62,1.89,0.0,0.99,0.97,1.37,0.97,1.12,0.0,0.0,3.6015572993190784e-05
BKBIU-YJJc8,UCqz1WM1LPEP_nkMMYeEyBVQ,We Wander,35000.0,0.945,0.35,0.665,0.425,0.03,0.0,0.935,1.35,0.025,0.25,1.04,0.835,0.0,0.0,0.085,0.825,0.26,1.0,0.0006554834284760723
BKKZBeRVSfw,UCPAz3hWHiBC-c1x4K0-atsg,Waleska Herrera,1230000.0,0.592,0.2259999999999999,0.623,0.531,0.194,0.935,0.226,0.329,0.383,0.5599999999999999,0.128,0.065,0.12,0.101,0.3339999999999999,0.37,0.031,1.0,2.074314647076178e-05
BKi1QTM3Rto,UCky5varhC3PdITfCco7iWbA,ELVIE LINS,3830.0,0.9966666666666666,0.4633333333333333,0.81,0.4599999999999999,0.31,0.8233333333333334,0.0,0.2366666666666666,0.0866666666666666,0.34,0.3966666666666666,0.4966666666666666,0.04,0.4466666666666667,1.0433333333333332,0.8166666666666668,0.1366666666666666,1.0,0.0005462361903967269
BMCKKkbhQpc,UCp17yfUHfvmjHpHa0xKOmig,Mr BulBul,339000.0,,,,,,,,,,,,,,,,,,,0.0006554834284760723
BMzt-EsOLzk,UCVWSmD7gyvZv7fpcgF-oiCQ,Mirco Tere & Bella,165000.0,,,,,,,,,,,,,,,,,,,0.0004682024489114802
BNEcbKDIIgg,UCYr4VTQfBpXrccQw_H2S8RA,JUICY REACTS,318000.0,1.5133333333333334,0.7266666666666667,0.0,0.5766666666666667,0.0,0.0,0.0,0.51,0.61,0.2166666666666666,0.59,0.5333333333333333,0.1899999999999999,0.09,0.8799999999999999,0.6566666666666666,0.0,1.0,0.00012138582008816153
BNdsUvQjNp4,UCPAz3hWHiBC-c1x4K0-atsg,Waleska Herrera,1230000.0,1.2154545454545456,0.3381818181818181,0.58,0.9472727272727272,0.1281818181818182,0.1836363636363636,0.1027272727272727,0.2772727272727273,0.24,0.2881818181818181,0.5081818181818182,0.4836363636363636,0.859090909090909,0.3381818181818182,0.3309090909090909,0.4718181818181818,0.3290909090909091,1.0,2.074314647076178e-05
BPm6ggIwMzQ,UCAUgY9e_n2DhyZTgvPRoJnQ,TriFate Geo,171000.0,1.62,2.555,0.0,3.9,0.0,0.0,0.0,0.08,0.0,0.0,0.13,0.71,0.0,0.0,0.14,0.97,0.175,2.0,6.426308122314434e-05
BPqB__QLHrk,UC23SG4XKkSrbhz-bZ2f5Mfw,123JAPAN!,629000.0,,,,,,,,,,,,,,,,,,,0.0002341012244557401
BQXEUx8DeJ8,UC6I1pNKRkHzFQhjxH83uaQg,Emy & Johan in the Philippines,29000.0,,,,,,,,,,,,,,,,,,,0.0005462361903967269
BROKaSugx-Q,UC9DwgmJc-uKnxGavukOy_6w,Aaron Around,9540.0,1.26,0.0,0.0,0.0,0.96,0.0,0.0,0.78,1.68,0.13,0.0,0.0,0.0,2.14,0.0,0.0,0.28,1.0,0.00016387085711901808
BS7o7d1V9ig,UCVWSmD7gyvZv7fpcgF-oiCQ,Mirco Tere & Bella,165000.0,,,,,,,,,,,,,,,,,,,0.0004682024489114802
BTkkdlCE-7c,UCl4I_ztLWgW8ybm9M0n1pyg,Nic & Rei,14700.0,0.0,0.0,0.0,0.0,1.42,2.41,0.0,2.5,2.68,0.11,0.0,0.0,0.1,0.0,2.41,0.72,0.0,0.0,0.00010572313362517294
BUCANbJ9rZs,UCY1Yc3xA1aY0lqnKUTDTi7A,HellthyJunkFood,2960000.0,1.35,0.67,0.0,1.89,1.075,1.38,0.0,0.73,1.7600000000000002,0.485,0.16,0.0,0.155,0.0,1.515,0.0,0.115,2.0,0.0010924723807934538
BUFMB5jiFnA,UCryJ4vhASeu7uhXRPOL3WhA,What's up Philippines,311000.0,,,,,,,,,,,,,,,,,,,2.621933713904289e-05
BW96eqdLf_I,UCAn1xZqc_LzZc3D7DpcFcFw,Tosa Dela Tusveld,3490.0,1.99,0.2,0.0,1.04,0.0,0.96,0.0,0.0,0.0,0.0,5.0,0.0,0.0,0.0,0.56,0.0,0.0,1.0,0.0008193542855950903
BWCUwXAEaPk,UColnnUYyz7CWjhzpF1kASnw,NOW UNITED,7970000.0,,,,,,,,,,,,,,,,,,,0.00019278924366943303
BXSZVp68G_M,UCI_4xw1y0CV-1gVYK2PgW-A,Tastes Seoul Good테이스트서울굿,45600.0,,,,,,,,,,,,,,,,,,,0.0010924723807934538
BXfleP_adiQ,UC_hN8xs99S6jnMdYCuJgoJA,Pinoy Planet,97800.0,,,,,,,,,,,,,,,,,,,3.6015572993190784e-05
BY1_aLDHAkw,UCzx36kqBqXsl6kSEkpQbwCw,Simple Street Interview,9230.0,,,,,,,,,,,,,,,,,,,0.0005462361903967269
BYqGB4NyzDI,UC5wQUM_uqQ6bo6zxvEG6QJw,Proudly Nomadic,12000.0,0.97,0.0,0.42,1.6,1.23,0.29,0.26,0.39,1.07,0.0,0.12,1.12,0.6,0.36,0.0,0.0,0.47,1.0,0.0002341012244557401
BZ243ndklkE,UCEZMMTmwnL9wYRRjRhwNjMg,William Magtoto,287.0,,,,,,,,,,,,,,,,,,,0.0016387085711901807
BZA1TUcHa4k,UC_hN8xs99S6jnMdYCuJgoJA,Pinoy Planet,97800.0,0.29,0.0,0.99,0.0,0.0,0.0,0.18,0.0,0.0,0.0,0.61,0.76,0.0,0.41,0.0,1.64,0.47,1.0,3.6015572993190784e-05
BZNzNVKim6w,UCZjRgv73affDRgUbiLJtBUg,Addie Reacts,18900.0,1.035,0.0,1.415,0.09,0.0,0.37,0.0,0.11,0.0,0.0,0.4,0.41,0.0,0.53,0.0,0.01,0.0,1.0,0.0008193542855950903
B_h7W5zTbnk,UCRMPRZ498l0Bu5xvcvaesuA,Part Time Travelling Family - Eleise and Lawrence,150000.0,0.4233333333333333,0.0,0.3333333333333333,0.2766666666666666,0.6566666666666666,1.1866666666666668,0.3766666666666666,0.8266666666666667,0.6966666666666667,0.0,0.36,0.3766666666666666,0.7966666666666667,0.0633333333333333,0.9766666666666668,0.9366666666666666,0.0699999999999999,1.0,0.0004682024489114802
BaxCa7M2I_s,UC0sEIyXXalzD1lbwm3D2xpA,RuPaul's Drag Race,1510000.0,0.0,0.0,0.0,0.94,0.59,1.94,0.62,0.42,0.76,0.0,0.9,0.0,1.33,0.0,2.55,0.77,0.0,1.0,0.0010924723807934538
BbfRMeClL5M,UCbQ92ZjzBeAmvDW6Ukg0wIA,Prakash Panchal,18700.0,0.885,0.98,0.0,0.2,2.125,0.37,0.0,1.31,2.73,1.125,0.085,0.41,0.505,1.045,1.28,0.205,0.89,0.0,0.0016387085711901807
BboemeR1PcA,UC510QYlOlKNyhy_zdQxnGYw,Simple History,5030000.0,0.154,0.0,0.482,2.17,0.376,0.6599999999999999,0.0,0.016,0.224,0.008,0.8959999999999999,0.326,0.53,0.044,0.172,0.562,0.0,1.0,0.0010924723807934538
BcNZNEZvU84,UCRrUJKpFAGgA9WVjSWhgk2Q,KIM n LEE,95200.0,1.005,0.195,0.77,0.0,0.205,0.165,0.435,0.445,0.45,0.385,0.4549999999999999,0.0,0.16,0.105,0.835,0.115,0.0,1.0,0.00011301438422001247
Bfr7zkTXL9A,UClxGlpO6TzyJcW7gPCJe94g,GLOCO,1260000.0,0.765,0.0,0.0,0.685,0.0,0.07,0.0,0.22,0.325,0.75,0.315,0.875,0.62,0.075,0.0,0.385,0.045,1.0,0.0010924723807934538
BfyuKROBWyE,UC5NF_7WBa8OVDC0Xbs8yvOg,Japapino World ジャパピーノ,174000.0,1.03,1.215,0.0,0.19,2.03,1.835,0.455,1.665,3.185,1.2799999999999998,0.0849999999999999,0.0,0.45,0.0,2.715,0.825,0.0,0.0,0.00018207873013224228
BgC1dsQDFRU,UCtgevdBdyeV1rMJqfjK-oJA,Filpino American Ministry Podcast,34.0,0.215,0.64,0.96,0.16,0.1,1.185,1.075,0.465,0.045,1.465,0.675,0.515,0.25,0.01,0.96,0.755,1.205,1.0,0.0016387085711901807
BjaKfnWjX9Y,UCswuss4ouZ293r024xXpiIg,THE SKWAD,38200.0,1.3666666666666665,0.2083333333333333,1.0833333333333333,0.6033333333333334,0.4516666666666666,0.5316666666666666,0.1733333333333333,1.0033333333333332,0.7083333333333334,0.3983333333333334,0.4116666666666667,0.33,0.0566666666666666,0.0283333333333333,1.0216666666666667,0.305,0.05,1.0,0.0004682024489114802
Bnc7liFjcvc,UCPAz3hWHiBC-c1x4K0-atsg,Waleska Herrera,1230000.0,0.5720000000000001,0.382,0.194,1.536,0.164,0.5720000000000001,0.308,0.414,0.38,0.372,1.52,0.142,0.122,0.19,0.996,0.5900000000000001,0.004,1.0,2.074314647076178e-05
BnxSe7m6CKo,UCi9mzS8H-ez_30w5SCL2dmw,JREKML,1210000.0,,,,,,,,,,,,,,,,,,,6.827952379959086e-05
BpTl3Yod3_E,UCZfYUKBwN396zj6I3DA2k0A,TripTips Podcast,59800.0,,,,,,,,,,,,,,,,,,,0.0005462361903967269
BppgvPJZMlA,UCHza0GAxOvBOeLKkMeL8EcQ,Ken Abroad,510000.0,1.57,0.0,0.41,0.0,1.02,1.52,0.0,0.47,0.72,0.14,0.43,0.0,0.56,0.0,1.75,0.0,0.39,1.0,0.00012138582008816153
BrsEZY7wU8Q,UCTL128JylZO50B0MqbUuhSw,EL's Planet,232000.0,,,,,,,,,,,,,,,,,,,0.0002341012244557401
Bta_XWrA5lA,UC1712XEXMIRQW1-spPVK0Ng,Travis Kraft,597000.0,0.165,0.065,0.0,0.01,1.355,0.63,0.0,1.46,2.12,0.785,0.16,0.035,0.355,0.025,1.165,0.51,0.04,0.0,0.0002979470129436692
BtcnosuTnTQ,UC952h9ohW-2w_g0TMrVNgMw,Tater Travels,34200.0,,,,,,,,,,,,,,,,,,,0.0016387085711901807
BulWyYdhpFE,UC-1ZY8bY46rX3ySgG3Qyn3g,Dany Dev,428000.0,0.06,0.0,2.23,0.0,1.49,2.6,0.83,0.5,1.56,0.83,0.0,0.0,1.04,0.27,1.52,0.32,0.25,0.0,0.0005462361903967269
Bv0XZHD98ss,UCU03NklypYW1AAIoNE2Vh1g,Jeanelleats,1900000.0,0.6,1.04,0.04,1.72,0.0,0.0,0.0,0.12,0.0,0.0,0.0,0.55,0.0,0.0,0.16,0.5,0.0,1.0,0.0002341012244557401
BvBMOeOwm0E,UC25HBOBYfc-scqCQcyYKVNw,Lifey,248000.0,,,,,,,,,,,,,,,,,,,0.00040967714279754517
BvIL0PWj5_A,UCAW9e0pCUr2XZQ6hCLe2ifA,Tarsier TV,4410.0,,,,,,,,,,,,,,,,,,,0.0008193542855950903
By01--dvtXk,UChOfNDlXR6XueB8IxMxeqBw,Chuckie's Kitchen,204000.0,,,,,,,,,,,,,,,,,,,0.0004682024489114802
C-LeFb0JS8k,UCPNBc7ZRwmgk1I6j_lenAfw,The Love Train Nation,23900.0,0.0,0.0,0.0,0.0,2.56,0.55,1.36,1.62,2.43,1.97,0.0,1.21,0.82,0.66,0.05,0.32,0.02,0.0,0.00010924723807934537
C0AChELLyRA,UCrPo31V8wpuuCMseyzEDZMQ,The Hungry Syrian Wanderer,5200000.0,,,,,,,,,,,,,,,,,,,0.0004682024489114802
C1EwhDGdv14,UCyEd6QBSgat5kkC6svyjudA,Mark Wiens,11400000.0,0.51,0.24,0.0,0.67,0.0,0.0,0.0,0.0,0.63,0.0,0.1,0.0,0.0,0.0,1.63,1.07,0.0,1.0,0.00032774171423803616
C1ME3ETxuls,UCz7de9Fiw39yRnLDEUCXBEw,WolfNnyl,11900.0,1.88,0.27,0.85,0.99,0.57,1.93,0.0,0.0,0.41,0.03,0.71,1.4,0.48,0.12,0.0,0.0,0.42,1.0,0.0016387085711901807
C1cxvd_OrO4,UCVv-y0k91qAA-uI_K46UBvg,Dabble and Travel,583000.0,,,,,,,,,,,,,,,,,,,0.00013109668569521446
C31hAJIFMdM,UC_nGEYgqzTuyFbHCZELMC2w,Merryjuj,11400.0,,,,,,,,,,,,,,,,,,,0.00011301438422001247
C7JiTweF3xY,UC0NGOXcSHs4Jq6FDpIYWkJA,Życie na Filipinach - Rafał Baran,73600.0,0.0,0.4,0.0,0.0,0.0,0.36,0.4,0.75,0.0,1.16,0.63,1.22,0.66,0.03,0.22,1.12,0.0,1.0,0.0006554834284760723
C8O7aUkka4o,UC3gaj-0tlmz-1G6foK3E5hw,Мэри Джейн Филиппинка,200000.0,0.49,0.95,2.01,1.02,1.26,2.09,2.02,1.17,0.0,0.76,0.56,0.0,0.49,0.0,3.23,0.9,0.0,0.0,0.0008193542855950903
CBmNk9pSsy4,UCnHvT1RSRloq0xYAB8Q6_4g,DoktAURA,599000.0,0.42,0.48,0.0,0.0,0.42,0.0,0.0,1.03,1.9,0.84,0.0,0.0,0.4,0.0,2.53,1.15,0.0,0.0,0.0016387085711901807
CDjZrY9CrNI,UCWjSwkIn2gGgETcZZYaO-6g,RETIRING IN PARADISE,17000.0,1.47,0.22,0.25,0.635,0.505,1.51,0.0,1.045,0.425,0.0,1.43,0.435,0.635,0.265,0.0,0.0,0.185,1.0,8.62478195363253e-05
CEc6TTW1Cpo,UCryJ4vhASeu7uhXRPOL3WhA,What's up Philippines,311000.0,,,,,,,,,,,,,,,,,,,2.621933713904289e-05
CEfyMNrHkMs,UCZ1OXjyMDPokR8xOJqCv05g,Matt and Danielle | CouplesQuest_,21100.0,0.94,0.0,0.375,0.755,1.165,0.0,0.125,1.98,2.015,1.445,0.0,0.0,0.21,0.0,1.415,0.0,0.0849999999999999,0.0,0.0005462361903967269
CEgX0pTie7Q,UCt9BTGSxATM6axwfTY4KnEg,A Foreigner in the Philippines,265000.0,,,,,,,,,,,,,,,,,,,5.462361903967269e-05
CGMqEa3Q2ns,UCKLlmM881k4QZN-iUAFIQfw,Susie in the Philippines,128000.0,,,,,,,,,,,,,,,,,,,0.00013109668569521446
CHCTHOi4ggk,UCCgVh36x3hbuRnHMpwl443Q,Music Game News,1210000.0,0.5233333333333333,0.3333333333333333,0.2133333333333333,0.35,0.22,0.37,0.0966666666666666,0.5533333333333333,0.66,1.0166666666666666,0.0,0.1966666666666666,0.1533333333333333,0.0,0.9433333333333332,0.9466666666666668,0.6366666666666667,1.0,8.193542855950904e-05
CI12BF_pW34,UC1PwIaB8KklVK5iZqbtZErA,Flying Kell,205000.0,2.02,2.23,0.57,3.63,0.36,0.0,0.0,0.99,1.02,0.52,0.51,0.88,0.0,0.17,0.64,0.0,1.05,2.0,0.0002521090109523355
CI8PSPP9vlE,UCIpnQnRBlaNqDa-Di0DsHyw,Tengkers World [PHIL-KOR Family],202000.0,0.45,0.205,0.06,0.565,0.0,0.0,0.4,1.18,0.795,0.62,0.715,1.3,0.32,1.95,0.37,0.34,0.0,1.0,0.0005462361903967269
CIvsSPNAzGg,UCZ4hZoV-OOUo14Qm7aQE6zA,Travellight (Jordan Taylor),674000.0,0.27,0.56,0.0,1.29,0.0,0.45,0.0,0.0,0.0,0.0,0.0,1.13,0.0,0.19,0.08,0.16,0.68,1.0,0.0016387085711901807
CIzI1u5i8B8,UCFlBzAKy6NLK_q8eONXE-kg,Mister Shin,52300.0,0.83,0.58,0.0,0.0,2.37,1.09,0.79,2.1,2.17,0.28,1.18,0.0,0.23,0.0,2.49,1.4,0.77,0.0,0.0010924723807934538
CKPXaDT-8ps,UCMJlGrPk73l9U6qahc8D_gA,Randy Santel,1790000.0,,,,,,,,,,,,,,,,,,,0.0005462361903967269
CMnFoW7jj94,UCYr4VTQfBpXrccQw_H2S8RA,JUICY REACTS,318000.0,1.064,0.258,0.844,0.716,0.024,0.182,0.2279999999999999,0.842,0.2299999999999999,0.398,0.912,1.086,0.6459999999999999,0.0,1.156,0.818,0.292,1.0,0.00012138582008816153
CNYDgMMKf58,UCzx36kqBqXsl6kSEkpQbwCw,Simple Street Interview,9230.0,,,,,,,,,,,,,,,,,,,0.0005462361903967269
CO1pMhYZZcw,UCPAz3hWHiBC-c1x4K0-atsg,Waleska Herrera,1230000.0,1.1183333333333334,0.955,0.785,1.8016666666666667,0.36,1.11,0.1983333333333333,0.3433333333333333,0.415,0.1999999999999999,0.3766666666666666,0.3683333333333333,0.2883333333333333,0.1433333333333333,0.7783333333333333,0.7883333333333334,0.2383333333333333,1.0,2.074314647076178e-05
CO418oACsEk,UCbPHHOiOY_tA9BSytK0jDYw,Beryl Shereshewsky,859000.0,1.19,0.0,0.0,1.93,0.96,0.0,0.0,0.51,1.33,0.99,0.02,0.75,2.0,0.33,0.0,0.0,0.0,1.0,0.00019278924366943303
COMqkO_Q_X4,UC9KKQRHYCn1ZIn5RwlHOq-A,짜취TV,118.0,,,,,,,,,,,,,,,,,,,0.0016387085711901807
CP6ijUixGdk,UCPAz3hWHiBC-c1x4K0-atsg,Waleska Herrera,1230000.0,0.3075,0.4499999999999999,0.0,0.8325,0.0,0.2025,0.03,0.0,0.3275,0.3925,0.25,0.0249999999999999,0.3375,0.0,0.1099999999999999,0.0,0.1675,1.0,2.074314647076178e-05
CProayVgLIE,UC24QUYgHDRVPq-CqzDAXDcQ,Rob Wanders,23700.0,0.865,0.0,0.645,1.21,0.175,0.0,0.075,0.955,0.0,1.135,1.715,0.34,0.0,0.545,0.19,1.785,0.0,1.0,0.0008193542855950903
CQ0T7YZI2BM,UCSlVq7Ox6piUTevMEAVXJJw,MR Halal,358000.0,0.6924999999999999,0.375,0.0,0.5825,0.4325,0.7525000000000001,0.0925,0.315,0.49,0.315,0.6725,0.6375,0.8075,0.31,0.5425,0.5525,0.08,1.0,0.0010924723807934538
CQ5YPzimHiw,UCoWQLZoPwn3mJ-oiPrwDpbA,Living abroad,163000.0,,,,,,,,,,,,,,,,,,,6.554834284760723e-05
CT7K5QgpNtg,UCTL128JylZO50B0MqbUuhSw,EL's Planet,232000.0,,,,,,,,,,,,,,,,,,,0.0002341012244557401
CUhaitHEAZE,UCO5Jeark1e_JP36mY3ua19g,The Commodity,98300.0,0.05,0.0,0.38,0.0,0.43,0.58,1.135,0.48,0.195,1.015,1.035,1.96,1.465,0.625,0.295,0.79,0.23,1.0,6.18380592901955e-05
CUlbqob5Njg,UCWU1QFjS3Lil6hm5rdAypxg,Psynergic,32200.0,1.32,0.0,0.47,0.0,0.62,0.0,0.43,0.79,0.7,1.49,0.78,1.04,0.0,0.53,0.0,0.0,1.69,1.0,0.0010924723807934538
CVh4qFE8YiQ,UCQQyW9Ki62OmGzHedws7xlQ,Bianca & Beyond,142000.0,0.51,0.0,0.12,0.0,1.65,3.21,0.78,1.48,0.29,1.89,1.03,1.52,0.0,0.07,0.71,1.54,0.0,0.0,0.00010241928569938629
CVx_BaMGkZk,UC3PVtkwtqwCD4LEPguBEADA,Mia Sandoval,395000.0,,,,,,,,,,,,,,,,,,,0.00011705061222787004
CXDbQA56OQU,UC1SPkZIRegQ1uk48qoPLz5Q,UcieczkaDoRaju,190000.0,0.0,0.0,0.6633333333333334,0.15,1.106666666666667,2.033333333333333,0.4166666666666667,1.28,0.4533333333333333,0.3033333333333333,1.0733333333333333,0.0166666666666666,0.2033333333333333,0.35,0.7399999999999999,0.3833333333333333,0.16,1.0,0.0008193542855950903
C_A_Inyt3BY,UCQYkvXhPNaRxlu-jAI5_5Zg,LeRoc Living Our Life Philippines,1240.0,,,,,,,,,,,,,,,,,,,0.00010572313362517294
C_CGOd61JFM,UCky5varhC3PdITfCco7iWbA,ELVIE LINS,3830.0,,,,,,,,,,,,,,,,,,,0.0005462361903967269
C_N1_nJKL5E,UCEjpHDkceZ2lYjnI54t9fmg,Amboy Sa Pinas,10100.0,,,,,,,,,,,,,,,,,,,0.0008193542855950903
C__iyWJkjgc,UCcAd5Np7fO8SeejB1FVKcYw,Best Ever Food Review Show,11600000.0,0.0,0.0,0.0,2.12,1.34,1.6,0.0,0.14,0.33,0.0,0.0,0.0,1.26,0.0,3.27,0.0,0.0,1.0,0.0006554834284760723
C_gmkmmtdmk,UCfROmtFIX0dVDpJq1W98Cxg,BOBBY'S ANGELS,1850.0,,,,,,,,,,,,,,,,,,,0.0010924723807934538
CdQ1PfaRd7k,UCO5Jeark1e_JP36mY3ua19g,The Commodity,98300.0,0.265,0.0,0.285,1.69,0.655,0.305,0.0,0.535,0.635,0.0,2.8200000000000003,0.865,1.915,0.565,1.475,0.175,0.0,1.0,6.18380592901955e-05
Cf115y5i_sY,UCVv-y0k91qAA-uI_K46UBvg,Dabble and Travel,583000.0,,,,,,,,,,,,,,,,,,,0.00013109668569521446
Cf3Xnr120c0,UCi9mzS8H-ez_30w5SCL2dmw,JREKML,1210000.0,2.825,1.195,0.0,0.28,0.31,2.805,0.0,0.86,1.165,2.5,0.27,0.33,0.045,1.03,1.04,2.805,0.665,2.0,6.827952379959086e-05
CfCIaFiJPBs,UCHza0GAxOvBOeLKkMeL8EcQ,Ken Abroad,510000.0,2.51,0.69,1.09,0.66,1.61,1.32,0.0,1.64,1.97,0.73,0.0,0.0,0.42,0.0,2.54,1.11,0.0,0.0,0.00012138582008816153
CfDQWj3KX20,UCryJ4vhASeu7uhXRPOL3WhA,What's up Philippines,311000.0,,,,,,,,,,,,,,,,,,,2.621933713904289e-05
CgPY6UY1Ilg,UCBLepDOut_qiOetyDqLBmKw,Oppa Jinyong,120000.0,,,,,,,,,,,,,,,,,,,0.0008193542855950903
CiDrFWQpDJw,UCryJ4vhASeu7uhXRPOL3WhA,What's up Philippines,311000.0,,,,,,,,,,,,,,,,,,,2.621933713904289e-05
CiZ3IaGdT1I,UC23SG4XKkSrbhz-bZ2f5Mfw,123JAPAN!,629000.0,,,,,,,,,,,,,,,,,,,0.0002341012244557401
CksMrhlgIc0,UCgYGSGVlws9VF1Z1u4rNPaw,Mantas Gričėnas,462.0,,,,,,,,,,,,,,,,,,,0.0008193542855950903
Cl6e7AbnpJY,UCiNCvGzwadWCZIzTUjoApRQ,Daniel Marsh,466000.0,,,,,,,,,,,,,,,,,,,0.00040967714279754517
CmuOLPCplyY,UC3II306xUqkWJjTjQ39VMgw,Yuru Philippines,44200.0,,,,,,,,,,,,,,,,,,,0.0016387085711901807
CoqKIUMLLCY,UCgMWh4K-8a8QajV9rtZHZ9A,Filipino Dad Cooks,3830.0,2.08,2.24,0.0,1.915,0.0,0.0,0.02,0.305,0.45,0.8899999999999999,0.545,0.0,0.215,0.0,0.86,0.69,0.0,2.0,0.0010924723807934538
Cq3zZbYD430,UCVv-y0k91qAA-uI_K46UBvg,Dabble and Travel,583000.0,,,,,,,,,,,,,,,,,,,0.00013109668569521446
Ct9V0Tca4go,UCFHhnyA9HGtBxGhtMQ_FEpQ,The Front,540000.0,1.04,0.49,0.31,0.9,0.64,2.47,0.03,0.57,0.0,0.0,0.57,0.0,0.0,0.0,0.0,0.0,0.12,1.0,0.0008193542855950903
CuLmlHo7Wrk,UCNhX3WQEkraW3VHPyup8jkQ,Langfocus,1520000.0,0.0,0.0,0.11,0.0,1.58,1.3,0.79,0.68,1.7,1.58,0.0,0.79,0.75,0.74,0.0,0.19,0.0,0.0,0.0016387085711901807
CvGutuE0Klg,UCmKNW9ontOlTd_p4Dg51sRQ,Jon Barr,587000.0,1.085,1.425,0.215,0.99,0.635,0.52,0.685,1.155,1.0599999999999998,0.6699999999999999,0.085,0.07,0.0,0.04,1.255,0.785,0.25,2.0,0.0008193542855950903
CxVeCZTZQGQ,UCbn5xzRrAOY9DWJlbyPBsvg,Joel and Emilia,257000.0,1.59,0.0,0.18,3.4,0.64,0.0,0.0,1.01,0.76,0.0,0.0,0.0,0.46,0.0,1.69,0.0,0.0,2.0,0.00040967714279754517
D31_n-pcFTo,UCRrUJKpFAGgA9WVjSWhgk2Q,KIM n LEE,95200.0,1.2,0.5266666666666666,0.75,0.4566666666666667,0.0,0.3966666666666666,0.0966666666666666,0.5233333333333333,0.29,0.35,0.91,0.5566666666666666,0.5,0.0066666666666666,0.5066666666666667,1.0233333333333332,1.0166666666666666,1.0,0.00011301438422001247
D5RIIjDR17s,UCiNCvGzwadWCZIzTUjoApRQ,Daniel Marsh,466000.0,,,,,,,,,,,,,,,,,,,0.00040967714279754517
D5fEwumpUj8,UCoWQLZoPwn3mJ-oiPrwDpbA,Living abroad,163000.0,,,,,,,,,,,,,,,,,,,6.554834284760723e-05
D6Evv3JxZLA,UCzx36kqBqXsl6kSEkpQbwCw,Simple Street Interview,9230.0,,,,,,,,,,,,,,,,,,,0.0005462361903967269
D6WGeXeVhU4,UCNZyLULUQBp5e9Q1cKtvk6Q,CBS New York,1130000.0,0.9,0.0475,1.045,0.77,0.2375,0.335,0.1,0.8375,0.5575,0.3849999999999999,0.5575,0.04,0.585,0.37,0.1699999999999999,0.38,0.055,1.0,0.0006554834284760723
D8xSDEbzAso,UCryJ4vhASeu7uhXRPOL3WhA,What's up Philippines,311000.0,,,,,,,,,,,,,,,,,,,2.621933713904289e-05
D97TDV7MoHI,UC1FVueCEU5ORLkWyRpEN0dQ,Visual_mode,5010.0,,,,,,,,,,,,,,,,,,,0.0008193542855950903
D9dWntycUtw,UCt9BTGSxATM6axwfTY4KnEg,A Foreigner in the Philippines,265000.0,,,,,,,,,,,,,,,,,,,5.462361903967269e-05
DA9_bU3NGbk,UCaLfMkkHhSA_LaCta0BzyhQ,Munchies,5320000.0,1.26,1.29,0.0,0.0,0.35,0.0,0.0,1.01,1.71,1.17,0.0,0.0,0.0,0.0,0.0,0.88,0.62,1.0,0.0004682024489114802
DBpt9uDRdsY,UCxBWeubuZrc8sQE_bXytgUQ,Justin & Alina,138000.0,1.08,0.0,0.0,0.325,1.6149999999999998,0.875,0.4549999999999999,1.335,1.735,0.93,0.35,1.05,0.0,0.105,1.405,0.37,0.63,0.0,0.00013655904759918172
DCpP4sxcDXw,UCLvnKTwSZEnCbTHNnqiivRQ,Dodo Explorers,188000.0,0.74,0.28,0.59,0.155,1.765,1.72,0.48,1.425,1.73,1.05,0.13,0.14,0.24,0.07,1.25,0.525,0.0,0.0,0.00020483857139877258
DEJ_ma-gvsM,UCmz6VlIkVZLuZ_zKDnzYV0g,Travel 2 Where,5030.0,,,,,,,,,,,,,,,,,,,0.0010924723807934538
DERY5U0IUAI,UCaGbxfCf3D4pwjR2kXTYhZg,D&J TV,21400.0,,,,,,,,,,,,,,,,,,,0.00040967714279754517
DFWtrZTfyAg,UCuz8KBA9YP2JpaHorBVTp7Q,The Bailey Squad,12700.0,1.37,0.99,0.0,0.0,1.39,2.68,0.12,2.72,2.68,1.29,0.0,0.0,0.41,0.0,2.69,0.36,0.0,0.0,0.00040967714279754517
DFX3IvmoO18,UCfXT2sohC0RuRDBo49ARTuQ,Ay Kaptyur,2580.0,0.3025,0.0441666666666666,0.0516666666666666,0.145,1.1783333333333337,1.3833333333333335,0.3091666666666666,0.8716666666666667,1.5608333333333333,0.9333333333333336,0.0016666666666666,0.0158333333333333,0.2208333333333333,0.06,1.0816666666666668,0.3525,0.1633333333333333,0.0,0.0010924723807934538
DFbN0VZLWKQ,UColnnUYyz7CWjhzpF1kASnw,NOW UNITED,7970000.0,1.204,0.348,1.314,0.678,0.284,0.426,0.268,0.986,0.516,0.7140000000000001,0.65,0.374,0.204,0.192,0.396,0.356,0.422,1.0,0.00019278924366943303
DG-ZLIbE4Xs,UC_hN8xs99S6jnMdYCuJgoJA,Pinoy Planet,97800.0,0.0,1.03,0.0,2.88,0.0,0.0,0.06,0.0,0.0,0.0,0.0,0.0,0.0,0.0,0.75,0.0,0.0,1.0,3.6015572993190784e-05
DH1h-2LXSwo,UCt9BTGSxATM6axwfTY4KnEg,A Foreigner in the Philippines,265000.0,,,,,,,,,,,,,,,,,,,5.462361903967269e-05
DHNrVmGb_Us,UCl4I_ztLWgW8ybm9M0n1pyg,Nic & Rei,14700.0,0.93,0.79,0.0,0.0,1.13,1.72,0.0,1.19,1.92,0.87,0.0,0.2,0.0,0.09,0.4,0.14,0.75,0.0,0.00010572313362517294
DJNNrntBTjQ,UCKie0svsFyBBsKaQIA4hx-w,American Entrepreneur in the Philippines,9850.0,1.65,0.78,0.34,1.29,1.86,0.85,0.86,3.49,3.12,1.81,0.0,0.0,0.0,0.46,1.86,0.0,0.18,0.0,0.00020483857139877258
DKQHWxeqVCs,UCryJ4vhASeu7uhXRPOL3WhA,What's up Philippines,311000.0,,,,,,,,,,,,,,,,,,,2.621933713904289e-05
DLeAso0_RQ0,UC6WCc8tJw_9zU9HZ9mNpmBw,Richards Infinity,70000.0,,,,,,,,,,,,,,,,,,,0.0010924723807934538
DMbzEAjrQ20,UCPAz3hWHiBC-c1x4K0-atsg,Waleska Herrera,1230000.0,0.3466666666666667,0.3766666666666666,0.2066666666666666,1.2333333333333334,0.0,0.4033333333333333,0.0,0.3533333333333333,0.21,0.16,0.1433333333333333,0.0,0.1366666666666666,0.0,1.6966666666666663,1.35,0.7833333333333333,1.0,2.074314647076178e-05
DMnthFsRufA,UCt9CPuWfS9HgRZmSYpGPFaw,SUCCESS Vlogs,53600.0,,,,,,,,,,,,,,,,,,,0.00027311809519836344
DNCsUcracsY,UCEOsP00dFUPSkLzEf12H3cA,T&A Travel Vlogs,3680.0,,,,,,,,,,,,,,,,,,,0.00036415746026448456
DNn51mMCHf0,UCoNbjiMmQ3c8CdiHu-TaYKw,Philippine Family Life With Leah,39300.0,,,,,,,,,,,,,,,,,,,0.0006554834284760723
DPpVYmLSq4E,UCKLlmM881k4QZN-iUAFIQfw,Susie in the Philippines,128000.0,,,,,,,,,,,,,,,,,,,0.00013109668569521446
DQt_POpA6iM,UCryJ4vhASeu7uhXRPOL3WhA,What's up Philippines,311000.0,,,,,,,,,,,,,,,,,,,2.621933713904289e-05
DQynC2Fjyq4,UCSvaH7DbguYJcp8PHTTv1Zw,Bigg World Cinema,34000.0,0.81,0.0,0.0,0.09,1.125,1.005,0.6950000000000001,1.4249999999999998,1.565,1.035,0.35,0.28,0.43,0.345,1.16,0.245,0.25,0.0,0.00019278924366943303
DRVaUJy89tQ,UCDymC4Cz6qt4xs63WdIEwZw,Matt Criscuolo,61200.0,1.095,0.305,0.0,0.7949999999999999,0.73,0.435,0.295,0.265,0.73,0.0,0.415,0.575,0.265,0.49,0.04,0.74,0.155,1.0,0.0010924723807934538
DRqRuh1qMXw,UCOnj7dA6j1iTFtudrackMag,8 Miles from Home,348000.0,0.7200000000000001,0.1333333333333333,0.4533333333333333,0.7766666666666667,0.58,0.41,0.6433333333333334,0.0533333333333333,0.7333333333333334,0.44,0.1766666666666666,0.3533333333333333,0.1233333333333333,0.1399999999999999,0.5333333333333333,0.9033333333333332,0.1733333333333333,1.0,0.00036415746026448456
DTFjxRiXnW0,UChIGU8b4l5cj6i5D9REsqdg,YouTube Fanfest ,4880000.0,2.13,0.18,0.515,0.145,0.0,0.0,0.085,0.16,0.625,1.035,0.255,0.045,0.255,0.0,0.0,0.0,0.06,1.0,0.0006554834284760723
DT_R3PqXKi8,UCNMCLJlFSqiUb1EnXII3zhQ,Harees Ameerali - Royal Sky Holidays,986000.0,1.2300000000000002,0.0633333333333333,0.2333333333333333,0.32,0.7433333333333333,0.52,0.1433333333333333,0.7866666666666667,0.9566666666666668,0.6900000000000001,0.4233333333333333,0.35,0.8466666666666667,0.3766666666666667,0.6166666666666667,0.1366666666666666,0.0,1.0,0.00036415746026448456
DTcQGJh0vSQ,UCeguYg1beQ9CiAh8SYyh4jQ,Eileen Aldis,132000.0,1.76,1.55,1.69,0.12,0.0,0.0,0.0,0.48,0.0,0.0,0.0,0.0,0.0,0.0,1.2,0.68,0.0,2.0,0.0006554834284760723
DUxM2nWpz5A,UCKd9gq6eJCV7j5FO75q2_Fg,Frank,23800.0,,,,,,,,,,,,,,,,,,,0.0002979470129436692
DVUqMQBcmn8,UCqCI4i-mZ4Cu6Kr8emMaf1A,RYU JAPAN,134000.0,,,,,,,,,,,,,,,,,,,0.00027311809519836344
DYrwSmgq9Xc,UCLNoXf8gq6vhwsrYp-l0J-Q,Xiaomanyc 小马在纽约,6770000.0,0.4679999999999999,0.0,0.144,0.29,0.588,0.7579999999999999,0.2759999999999999,1.386,0.8799999999999999,0.624,0.926,0.612,0.738,0.502,0.624,1.006,0.262,1.0,0.00021849447615869075
DdEar3F-bQ4,UCEOV7DU1UfzH05r3KBq0OaQ,Jared Hartmann,118000.0,0.8,1.3225000000000002,0.0,0.5475,1.1725,0.5325,0.0875,0.62,2.215,0.9925,0.0,0.0,0.38,0.0,2.395,0.495,0.6625,0.0,0.0005462361903967269
Ddc0AqAnPP0,UCt9CPuWfS9HgRZmSYpGPFaw,SUCCESS Vlogs,53600.0,,,,,,,,,,,,,,,,,,,0.00027311809519836344
DhM-lafHvTs,UCPAz3hWHiBC-c1x4K0-atsg,Waleska Herrera,1230000.0,0.7966666666666667,0.2733333333333334,0.7883333333333332,0.925,0.4466666666666667,1.025,0.345,1.038333333333333,0.5816666666666667,0.445,0.235,0.0783333333333333,0.2116666666666666,0.0966666666666666,1.3,0.8450000000000001,0.2883333333333333,1.0,2.074314647076178e-05
DhpouIFVLIU,UCqzenWalu3AvaKaG51ZFEBA,all about JeRe,217.0,1.1,0.0,2.3,0.0,1.7,0.93,0.0,1.83,1.87,0.77,0.0,0.13,0.0,0.0,0.39,0.0,2.94,0.0,0.0016387085711901807
DiYTTHUchMc,UCUnnIlmSRnqu_iuh9v5CjSA,Nicca Wanderlust,7510.0,1.13,0.0,1.05,0.98,0.0,0.0,0.0,0.46,0.0,1.0,0.52,0.69,0.29,0.0,0.0,0.0,0.0,1.0,0.0016387085711901807
Dj4S9eV01-k,UCqdBWKP4_8bU-Rsk2LvVz6Q,BecomingFilipino,1140000.0,,,,,,,,,,,,,,,,,,,0.0001560674829704934
DjUfn_34WjY,UCNDk_kGqNSg60VNnzSeym_g,Chai Travel,95300.0,1.06,0.0,1.11,1.43,0.0,2.9,0.21,0.16,0.0,0.09,0.79,0.0,1.59,0.36,1.57,2.13,0.0,1.0,0.00040967714279754517
Dl8-_rRDfgE,UCYmFKw7swKPJiaMloRmptHw,WSJ Podcasts,142000.0,,,,,,,,,,,,,,,,,,,0.0010924723807934538
DlgVulo8lAA,UC_hN8xs99S6jnMdYCuJgoJA,Pinoy Planet,97800.0,0.81,1.4,0.51,0.74,1.46,2.16,2.45,1.86,1.34,0.0,0.02,0.26,0.0,1.32,1.95,0.0,0.0,0.0,3.6015572993190784e-05
DliuTxsLJ1g,UCO_Kpr_pD5RyOgWwhJOyQSg,Me Diary ,7220.0,2.135,0.94,1.415,1.22,0.015,0.44,0.04,0.235,0.52,0.68,0.565,1.05,0.465,0.295,0.525,0.8150000000000001,0.0,2.0,0.0016387085711901807
Dn014zuYJ8E,UColnnUYyz7CWjhzpF1kASnw,NOW UNITED,7970000.0,0.4666666666666667,0.0,0.7633333333333333,0.77,0.26,0.97,0.4866666666666666,0.0,0.0166666666666666,0.0666666666666666,0.0,0.0,0.0533333333333333,0.0,0.0,0.0,0.1033333333333333,1.0,0.00019278924366943303
DnBuhSqEjkA,UCryJ4vhASeu7uhXRPOL3WhA,What's up Philippines,311000.0,,,,,,,,,,,,,,,,,,,2.621933713904289e-05
DqUzX-Fp_ew,UCt9BTGSxATM6axwfTY4KnEg,A Foreigner in the Philippines,265000.0,,,,,,,,,,,,,,,,,,,5.462361903967269e-05
DrGY4BXhxGc,UCMtmSvjz-Uhytpvkk3mdi-g,ASUKARIN Channel,314.0,,,,,,,,,,,,,,,,,,,0.0008193542855950903
DsPDOxATXDI,UCqdBWKP4_8bU-Rsk2LvVz6Q,BecomingFilipino,1140000.0,,,,,,,,,,,,,,,,,,,0.0001560674829704934
DuK3sXMBbGo,UCSAQKyBcV2kH7Q1QQbOaI4g,Experienced Indian Traveller ,1400.0,,,,,,,,,,,,,,,,,,,0.0010924723807934538
Dubn_dfCbFs,UCQQyW9Ki62OmGzHedws7xlQ,Bianca & Beyond,142000.0,0.16,0.016,0.175,0.248,0.437,0.7849999999999999,0.1649999999999999,0.531,0.407,0.038,0.842,0.1679999999999999,0.072,0.189,0.394,0.461,0.039,1.0,0.00010241928569938629
DvHDwXBVXoc,UCnSDZWM7akmbgbwdECSPpow,Before You Go,109000.0,,,,,,,,,,,,,,,,,,,0.0004682024489114802
DwqWeMOkaPU,UCMYlXK0jyerVnc3dmz-vjCA,10 Tampa Bay,517000.0,,,,,,,,,,,,,,,,,,,0.0016387085711901807
Dxcj73yBJus,UCPNBc7ZRwmgk1I6j_lenAfw,The Love Train Nation,23900.0,,,,,,,,,,,,,,,,,,,0.00010924723807934537
DyLgj2-1T9I,UCuoZLURMs4av8y-n80eviFw,K-Pop Vocal Coach,286000.0,0.695,0.32,0.315,0.065,0.28,1.745,0.47,0.63,0.41,0.3,0.665,0.22,0.0,0.0,0.1,0.0,0.265,1.0,0.0008193542855950903
E-GA_47pT-k,UC-wNjA3exMjeJlEU5TvJ4Tw,Big Guy Appetite,298000.0,0.115,0.0,0.0,0.01,1.955,3.285,1.135,1.725,2.02,1.835,0.27,0.0,0.81,0.025,0.925,0.39,0.76,0.0,0.00040967714279754517
E0_OqkMMWaU,UCoWQLZoPwn3mJ-oiPrwDpbA,Living abroad,163000.0,1.6366666666666667,0.01,0.0,1.2766666666666666,1.28,1.2566666666666666,0.1933333333333333,1.89,0.7133333333333334,0.4633333333333333,0.59,0.0,0.9633333333333334,0.0,1.606666666666667,0.0266666666666666,0.04,0.0,6.554834284760723e-05
E1b2T_ar1tU,UCoWQLZoPwn3mJ-oiPrwDpbA,Living abroad,163000.0,,,,,,,,,,,,,,,,,,,6.554834284760723e-05
E2HZCJ013W8,UC-wNjA3exMjeJlEU5TvJ4Tw,Big Guy Appetite,298000.0,0.97,1.69,0.0,0.6,0.44,1.96,0.19,1.36,2.49,1.53,0.0,0.0,0.15,0.0,3.0,1.21,0.0,0.0,0.00040967714279754517
E2ytEt7JoMM,UCSrMrcpvabewFQCSBRUAiWw,The Trips,12200.0,0.83,0.0,0.0,3.5,0.6,0.0,0.36,1.14,0.04,0.25,1.6,2.49,2.32,0.72,0.0,0.0,0.0,1.0,0.0005462361903967269
E35_9w4SyWk,UCTYLltHLCjnZc7g9ltZeDVw,Meet The Nomads,14500.0,0.17,0.61,0.0,0.0,0.11,0.0,0.0,0.0,0.0,0.0,0.0,0.0,1.03,0.19,0.18,0.0,0.0,1.0,0.0005462361903967269
E6iIgJEMXec,UCkS6mJ0i2oMdHEdR-Jpw9Ug,hyuneeEats,1670000.0,0.5,0.04,0.34,0.31,0.08,0.22,0.88,1.78,0.27,0.0,1.22,0.25,0.0,0.0,0.47,0.0,0.0,1.0,0.0010924723807934538
E86GwVOHbwY,UCO5Jeark1e_JP36mY3ua19g,The Commodity,98300.0,0.295,0.355,0.0,1.84,0.01,0.01,0.0,0.025,0.23,0.315,0.845,0.0,0.105,0.045,0.395,0.34,0.0,1.0,6.18380592901955e-05
E97HKLhVmgc,UCYr4VTQfBpXrccQw_H2S8RA,JUICY REACTS,318000.0,0.36,0.0,0.46,0.885,0.27,0.195,0.51,0.53,0.4,0.0,0.0,0.0,0.0,0.375,0.58,1.085,0.0,1.0,0.00012138582008816153
E9DVdojR_DM,UC-KkRiRGPdW5ljHiSTirU_g,JR and Blessie,6550.0,0.782,0.202,0.032,0.0,1.7259999999999998,0.808,0.966,1.7100000000000002,2.068,1.422,0.456,0.0819999999999999,0.486,0.21,1.596,0.0,0.1679999999999999,0.0,0.0016387085711901807
E9sRk8dmC1c,UCKjpl5dlRUP4C1qJCoHh-CA,BuzzFeedOz,225000.0,1.46,1.835,0.58,0.435,1.34,1.18,0.94,1.47,1.675,0.545,0.44,0.1649999999999999,1.04,0.0,1.86,1.125,1.755,0.0,0.0008193542855950903
ECPGO9m7ALc,UCO-BUJCM03NS-rwr1VonV4A,Divert Living,315000.0,,,,,,,,,,,,,,,,,,,0.00032774171423803616
ED9vNES6L9o,UC5NF_7WBa8OVDC0Xbs8yvOg,Japapino World ジャパピーノ,174000.0,0.33,0.3216666666666666,0.2266666666666666,0.0766666666666666,0.96,0.7599999999999999,0.5633333333333334,1.0,1.0233333333333332,0.7433333333333333,0.015,0.1666666666666666,0.3666666666666667,0.0,1.2066666666666668,0.5916666666666667,0.1916666666666666,1.0,0.00018207873013224228
EF5hPPSj5ik,UCRrUJKpFAGgA9WVjSWhgk2Q,KIM n LEE,95200.0,1.3133333333333337,1.6066666666666665,0.5066666666666667,1.32,0.0,0.0,0.1266666666666666,0.7633333333333333,0.0166666666666666,0.5466666666666666,0.54,1.4533333333333331,0.45,0.1666666666666666,0.5433333333333333,1.2333333333333334,0.8166666666666668,2.0,0.00011301438422001247
EI5eZb5zYXc,UCBSVopSgHJar0vGaaDuxZGw,The Canadian Traveller,1630.0,0.0,0.0,0.0,0.0,2.71,0.46,0.37,0.51,3.29,1.63,0.0,0.0,0.51,0.32,0.28,0.26,0.0,0.0,0.0008193542855950903
EIFjXZ4E9Yk,UC_hN8xs99S6jnMdYCuJgoJA,Pinoy Planet,97800.0,1.625,0.145,0.67,0.47,0.12,0.54,0.545,1.49,0.215,1.535,1.495,2.355,0.0,0.42,0.015,1.125,0.0,1.0,3.6015572993190784e-05
EJJZLKmWH6A,UCPpPaYLh7GCIvzoVxHGyw0w,여의도 육퇴클럽,403000.0,,,,,,,,,,,,,,,,,,,0.0016387085711901807
EJglTPNC0h0,UCryJ4vhASeu7uhXRPOL3WhA,What's up Philippines,311000.0,,,,,,,,,,,,,,,,,,,2.621933713904289e-05
EKNuv99XeCA,UC_BxmL9HB_lr5ju6F4uiptA,Chinesevid,72900.0,,,,,,,,,,,,,,,,,,,0.0016387085711901807
ELSrAK_pzC4,UC6tTTsFKifxEhOIMI2HtLeQ,Jelena Kopilec,173000.0,,,,,,,,,,,,,,,,,,,0.00036415746026448456
EMRHwltCQv4,UCAUgY9e_n2DhyZTgvPRoJnQ,TriFate Geo,171000.0,1.005,1.3299999999999998,0.0,1.7775,0.6475,0.68,0.165,1.26,1.41,0.7975000000000001,0.08,0.0975,0.1925,0.065,1.1025,0.91,0.1175,2.0,6.426308122314434e-05
EN_T70la6sM,UCqz1WM1LPEP_nkMMYeEyBVQ,We Wander,35000.0,0.5733333333333334,0.2733333333333333,1.0833333333333333,0.5566666666666668,0.22,0.0,0.3066666666666666,0.7866666666666666,0.6133333333333334,0.5166666666666666,0.1566666666666666,0.4766666666666666,0.0,0.0999999999999999,0.5666666666666667,0.1066666666666666,0.1399999999999999,1.0,0.0006554834284760723
EOIeZAeA3b0,UCFnvthspgSAYZg_NsXpMbDw,Brigitte McBride,682.0,1.32,1.29,0.57,1.3250000000000002,0.515,1.2799999999999998,0.395,0.47,0.41,0.4,0.07,0.0,0.45,0.0,0.62,0.055,0.0,1.0,0.0016387085711901807
EQEGUVwxaiI,UCYY2mNcq7pv6IRW92JIT6DA,The Juicy Vlog,583000.0,1.685,0.125,0.505,0.0,0.6950000000000001,1.115,0.44,2.055,2.115,0.905,0.135,1.36,0.07,0.265,0.0,0.0,0.0,0.0,0.00014249639749479832
EQEVdaDUkJs,UCoqxuZY1dt2Z_KHZHDDKguw,Master of Voice,604000.0,0.74,0.09,0.0,2.41,0.0,0.0,0.21,0.0,0.0,0.0,0.2,0.0,0.0,0.0,1.09,0.93,0.0,1.0,0.0010924723807934538
ER6HL3A5c8M,UChOfNDlXR6XueB8IxMxeqBw,Chuckie's Kitchen,204000.0,,,,,,,,,,,,,,,,,,,0.0004682024489114802
ETQScTYYQRU,UCfxp-s6Tcsd6fPjnY0NjJJw,Dian Feb,72500.0,0.42,0.4675,0.265,0.3249999999999999,0.3075,1.2374999999999998,0.2825,0.2675,0.3675,0.93,0.27,0.3625,0.0,0.4125,0.4575,0.44,0.3375,1.0,0.0008193542855950903
EUFTHTVyrEk,UCAn1xZqc_LzZc3D7DpcFcFw,Tosa Dela Tusveld,3490.0,1.27,0.59,0.5,1.49,0.0,0.0,0.35,0.0,0.035,0.0,0.06,0.0,0.0,0.0,0.0,0.865,0.545,1.0,0.0008193542855950903
EUkFRzflw20,UC_hN8xs99S6jnMdYCuJgoJA,Pinoy Planet,97800.0,1.095,0.095,0.54,0.0,1.205,0.92,0.625,0.94,1.48,1.475,0.055,0.0,0.37,0.275,1.245,0.6699999999999999,0.0,0.0,3.6015572993190784e-05
EUnaQzzjaas,UCoHcRUQiJaeUve1136k1XDg,Manong George : Filipino UK Nurse,18300.0,0.37,0.0,0.0,0.0,2.0,2.09,0.47,1.45,1.93,0.57,0.47,0.0,0.94,0.0,3.06,0.0,0.27,0.0,0.0006554834284760723
EUscV0NKT5A,UCpL_tis0ertYh2DSOiCm51g,World Nomac,751000.0,1.6833333333333336,0.0,0.9033333333333332,1.2666666666666666,0.7200000000000001,0.6366666666666666,0.3233333333333333,0.7600000000000001,0.75,0.9033333333333332,0.65,0.1433333333333333,0.0,0.63,1.28,1.106666666666667,0.0933333333333333,1.0,0.00020483857139877258
EVaPduUL7lQ,UCuBgQMllxvxKLuABHZlV5KA,RELL 🕺🏽,446000.0,0.0625,0.09,0.1425,0.5575,0.72,0.6174999999999999,0.24,1.2525,0.9125,1.0525,0.8775,0.4925,0.1475,0.435,0.595,0.1025,0.48,1.0,0.00036415746026448456
EW_xym12SoY,UCBQjTfMEcxMlI49KCQAHwYQ,2Passports 1Dream,234000.0,0.74,1.28,0.0,0.0,2.56,1.92,1.76,2.1,2.9,1.71,0.67,0.0,0.19,0.0,2.76,0.54,0.0,0.0,0.0004682024489114802
EesEuIeDRQg,UCI0ameGBdtjfjaaHuqGkaPg,Alex Fokanoff,3560.0,2.05,0.6,0.0,0.57,0.0,0.69,0.0,0.0,0.11,0.0,0.27,0.0,0.0,0.0,0.0,0.38,0.0,1.0,0.0010924723807934538
EhM_vQTe6dg,UCPNBc7ZRwmgk1I6j_lenAfw,The Love Train Nation,23900.0,,,,,,,,,,,,,,,,,,,0.00010924723807934537
EhUq2lQGSLE,UCm6kSK6bg7aecksDt2I1ZsA,Raising Voyagers,377000.0,0.104,0.086,0.05,0.2299999999999999,0.656,0.718,0.096,0.2,0.852,0.5,0.458,0.912,0.6759999999999999,0.1339999999999999,0.5,0.382,0.0,1.0,0.0016387085711901807
EhjwtOwsfCQ,UCxBWeubuZrc8sQE_bXytgUQ,Justin & Alina,138000.0,0.8499999999999999,0.34,0.815,0.6,0.535,0.955,0.6799999999999999,0.66,0.57,0.485,0.18,0.255,0.065,0.0,0.875,0.935,0.0,1.0,0.00013655904759918172
EjIfBv8ZNts,UC_hN8xs99S6jnMdYCuJgoJA,Pinoy Planet,97800.0,1.77,2.3,0.0,2.77,0.03,2.56,0.0,0.0,0.0,0.61,1.08,2.64,1.5,1.21,0.0,1.4,0.0,2.0,3.6015572993190784e-05
EmPlp6ddNeU,UCgvTNqLFbMS8Wp73r00fGLA,ItsNomadTrinidad,3670.0,2.01,3.34,0.0,3.56,0.0,0.0,0.0,0.0,0.0,0.0,0.43,0.64,0.0,0.0,0.0,0.0,0.0,2.0,0.0004682024489114802
Eo4HBgsItcU,UCMJlGrPk73l9U6qahc8D_gA,Randy Santel,1790000.0,,,,,,,,,,,,,,,,,,,0.0005462361903967269
Es_qxnq5jzg,UCHHsLgcp82jsTUdULULDjbA,GoTime Travels,100000.0,0.75,0.14,0.0,0.0,0.0,1.11,0.0,0.3,1.41,0.0,0.13,0.0,0.0,0.0,0.74,0.86,0.74,1.0,0.0004682024489114802
EuhLiw_SwH8,UCkPpAqpOa_MXLP2qOTSrPOg,Sukli,1280.0,,,,,,,,,,,,,,,,,,,0.0006554834284760723
Ev5dUwAQz7M,UCWfAvyQaYPPfm3S0cTcbyag,USA to Philippines Life,1670.0,0.6,0.44,0.0,0.98,1.67,1.16,0.18,1.73,2.13,1.9,0.0,0.0,0.81,0.07,2.93,0.0,1.23,0.0,0.0010924723807934538
Ew2DhMIdzF4,UCSZXwdBppzhYpcqf69WNOIg,Seoul Walker,449000.0,,,,,,,,,,,,,,,,,,,0.0016387085711901807
EzkKTRyNnRk,UCvXWOQLFNKYmw7olWeiU7Iw,,,,,,,,,,,,,,,,,,,,,
Ezn90OendIo,UCCgVh36x3hbuRnHMpwl443Q,Music Game News,1210000.0,1.12,0.8833333333333333,0.7466666666666667,1.606666666666667,0.79,1.643333333333333,0.2833333333333333,0.5166666666666667,0.5433333333333333,0.17,0.49,0.0,0.3466666666666667,0.18,1.9933333333333327,1.3166666666666669,0.33,1.0,8.193542855950904e-05
F3Pq-ggrIR0,UCryJ4vhASeu7uhXRPOL3WhA,What's up Philippines,311000.0,,,,,,,,,,,,,,,,,,,2.621933713904289e-05
F4A56Fm9eLY,UCUGW2ubpsY5SDrGHfauQpWw,"선, 바이더웨이 / Seon, by the way",13400.0,2.38,0.83,0.23,1.51,0.0,0.13,0.0,0.68,0.5,0.0,0.8,0.0,0.0,0.0,0.72,0.11,0.38,2.0,0.0006554834284760723
F59W77FEm8c,UCixD9UbKvDxzGNiPC_fgHyA,Paolo fromTOKYO,3620000.0,0.94,0.0,0.475,1.17,0.045,1.02,0.025,0.885,1.03,0.6,2.595,0.9,2.73,0.0,1.16,0.0,0.33,1.0,0.00032774171423803616
F5yCChwGHzM,UCW66Ck8Lc8M39UHY3TaKf4A,Dan and Lyn,16300.0,0.03,0.0,0.0,1.22,0.645,0.0,0.0,1.29,1.285,2.79,1.82,0.0,0.0,1.29,1.1800000000000002,0.0,0.0,1.0,0.0004682024489114802
F6it4K33C-o,UCPAz3hWHiBC-c1x4K0-atsg,Waleska Herrera,1230000.0,2.06,0.91,0.29,0.03,0.01,0.0,0.0,0.9,0.46,0.0,0.0,0.0,1.05,0.0,0.85,0.0,0.25,1.0,2.074314647076178e-05
F7SqfqPGhJo,UCryJ4vhASeu7uhXRPOL3WhA,What's up Philippines,311000.0,,,,,,,,,,,,,,,,,,,2.621933713904289e-05
F8BtVioDCn0,UCRzBNJTsBe2rq6pkyXeaj1A,TriFate Lifestyle,161000.0,1.8,1.05,0.18,0.0,1.51,0.07,0.0,1.32,2.82,1.2,0.0,0.0,1.0,0.16,2.9,0.0,2.57,0.0,0.0001724956390726506
F9z7b9ei2Lg,UCxBWeubuZrc8sQE_bXytgUQ,Justin & Alina,138000.0,0.99,0.0,0.575,0.59,0.655,1.045,0.545,0.6599999999999999,0.645,0.46,0.51,0.095,0.0,0.375,0.495,0.605,0.27,1.0,0.00013655904759918172
FA8H_7DPkb0,UC_3WB1wfJaItIiN2RJsRMOw,PARfessor | Local Historian ,14300.0,,,,,,,,,,,,,,,,,,,0.0016387085711901807
FAHL0cT3GjQ,UCO5Jeark1e_JP36mY3ua19g,The Commodity,98300.0,0.045,0.0,0.03,0.0,0.965,0.695,1.05,0.985,0.91,1.035,0.2,0.0,0.865,0.0,0.98,0.715,0.02,0.0,6.18380592901955e-05
FBWBu3LOz4k,UCl4I_ztLWgW8ybm9M0n1pyg,Nic & Rei,14700.0,0.0,0.0,0.0,0.0,1.45,2.35,0.02,2.6,2.62,0.02,0.01,0.0,0.44,0.0,2.38,0.89,0.0,0.0,0.00010572313362517294
FCoXHJNIUgs,UCWjSwkIn2gGgETcZZYaO-6g,RETIRING IN PARADISE,17000.0,1.94,0.37,0.67,2.05,1.61,2.43,0.0,1.35,1.41,1.38,1.86,1.17,1.74,0.71,0.0,0.0,0.07,1.0,8.62478195363253e-05
FEIgBk9fJCM,UC5wQUM_uqQ6bo6zxvEG6QJw,Proudly Nomadic,12000.0,0.94,0.7,0.0,2.57,0.28,0.0,1.32,0.0,0.0,0.0,3.22,2.5,0.0,1.24,0.0,0.0,0.0,1.0,0.0002341012244557401
FG2VZEE1E0Y,UCOnj7dA6j1iTFtudrackMag,8 Miles from Home,348000.0,0.7925,0.1775,0.2925,0.4075,0.1275,0.605,0.28,0.5599999999999999,0.1425,0.8925000000000001,0.4875,0.215,0.0775,0.0,0.075,0.605,0.125,1.0,0.00036415746026448456
FHWph0x6D2o,UC5NF_7WBa8OVDC0Xbs8yvOg,Japapino World ジャパピーノ,174000.0,0.892,0.164,0.51,0.974,0.666,0.618,0.1139999999999999,0.992,1.108,0.344,0.4479999999999999,0.0,0.0,0.004,0.984,0.494,0.3099999999999999,1.0,0.00018207873013224228
FHYyiWVyAyY,UCryJ4vhASeu7uhXRPOL3WhA,What's up Philippines,311000.0,,,,,,,,,,,,,,,,,,,2.621933713904289e-05
FIRyxLCCAyY,UCVR42zazbJZLL4r2Lo8PqRg,Just Jonny & Chloe,23100.0,0.87,0.95,1.535,1.76,1.39,1.525,0.765,2.355,1.18,0.725,0.65,0.29,0.215,0.0,2.655,1.3,0.045,0.0,0.0010924723807934538
FIedy25-DVk,UCQYkvXhPNaRxlu-jAI5_5Zg,LeRoc Living Our Life Philippines,1240.0,,,,,,,,,,,,,,,,,,,0.00010572313362517294
FKH-4n-D9jc,UCRrUJKpFAGgA9WVjSWhgk2Q,KIM n LEE,95200.0,0.59,0.0633333333333333,0.3666666666666667,0.8733333333333334,0.3833333333333333,1.5666666666666669,0.5,0.4266666666666667,0.6900000000000001,0.2133333333333333,0.0966666666666666,0.4599999999999999,0.3233333333333333,0.1899999999999999,0.9566666666666668,0.68,0.28,1.0,0.00011301438422001247
FKeHVxJdXVg,UC_hN8xs99S6jnMdYCuJgoJA,Pinoy Planet,97800.0,0.0,1.0,0.0,2.92,0.0,0.0,0.59,0.0,0.0,0.83,0.06,0.0,0.0,0.0,1.24,1.07,0.0,2.0,3.6015572993190784e-05
FLsTtX7FMJA,UCXisjO3r0KC_Vh-PWwPTbBA,MontWRLD,114000.0,0.0,0.45,0.0,1.07,1.0466666666666666,0.8933333333333334,0.0566666666666666,0.0,1.0133333333333334,0.89,1.72,0.4266666666666667,0.8933333333333334,0.3,0.17,0.0,0.1766666666666666,1.0,0.0006554834284760723
FO4wZcWiU_U,UCAUgY9e_n2DhyZTgvPRoJnQ,TriFate Geo,171000.0,0.48,0.425,0.0,2.28,1.5,1.4500000000000002,0.0,1.94,2.255,1.39,0.0,0.0,0.0,0.275,1.785,0.47,0.0,0.0,6.426308122314434e-05
FO6mvnRPbZk,UCKie0svsFyBBsKaQIA4hx-w,American Entrepreneur in the Philippines,9850.0,0.2866666666666667,0.0,0.0,0.0,0.3866666666666666,1.02,0.6466666666666666,0.36,0.5166666666666666,0.0666666666666666,0.1666666666666666,0.7933333333333333,1.24,0.2233333333333333,0.4433333333333333,0.2233333333333333,0.1133333333333333,1.0,0.00020483857139877258
FOKY8uJWV0k,UCooOp70lTrrOi4bqG531JOA,Crazy Filipina Love,18900.0,0.095,0.0,0.24,0.41,0.975,0.44,0.38,0.175,1.12,1.285,0.325,0.03,1.61,0.0,0.12,0.07,0.0,1.0,0.0010924723807934538
FPexojR1LxE,UCuQn8TDdvfdx6vtkvf3ZfeA,INTERVIEWS AROUND THE WORLD ,5700.0,,,,,,,,,,,,,,,,,,,0.0006554834284760723
FQXl6SFVZs8,UCBQjTfMEcxMlI49KCQAHwYQ,2Passports 1Dream,234000.0,0.8400000000000001,0.015,0.385,0.61,2.02,3.655,1.27,1.62,1.705,0.565,1.26,0.0,0.3,0.0,2.3,0.0,0.3,0.0,0.0004682024489114802
FQnw5RHh9hc,UCsfUbIyotnXsKv9paUan0lQ,Pinoy Floyd 🇵🇭,111000.0,,,,,,,,,,,,,,,,,,,0.0010924723807934538
FTimsLaPV_Q,UC2rkgW49nwJyQp3JHZxh5IQ,Travel Droner,53500.0,,,,,,,,,,,,,,,,,,,0.0010924723807934538
FTzPBlMisIE,UC8OLrmcJnZWAZpH8fpyEChg,Reidy Ventures,2130.0,,,,,,,,,,,,,,,,,,,0.0016387085711901807
FU4J1_zqMbg,UCSvaH7DbguYJcp8PHTTv1Zw,Bigg World Cinema,34000.0,,,,,,,,,,,,,,,,,,,0.00019278924366943303
FUMnwUjs0BI,UCn8zNIfYAQNdrFRrr8oibKw,VICE,19000000.0,2.96,0.0,0.0,0.48,0.0,0.0,0.0,0.4,0.0,1.83,0.78,1.59,1.29,0.0,0.0,1.05,0.0,1.0,0.0016387085711901807
FUNVx1HqOKY,UCYuOZy_oPeZL_1BdHxf-Y2Q,One Down,69600.0,0.98,0.6533333333333333,0.51,0.92,1.0266666666666666,0.9433333333333334,0.47,1.9866666666666664,0.8466666666666667,0.5066666666666667,1.61,0.24,0.1833333333333333,0.1999999999999999,1.68,1.13,0.4666666666666666,1.0,0.00032774171423803616
FUa0_ozJK-A,UCPAz3hWHiBC-c1x4K0-atsg,Waleska Herrera,1230000.0,0.6900000000000001,0.5066666666666667,0.0,1.856666666666667,0.1533333333333333,0.4666666666666666,0.01,0.5166666666666667,0.4533333333333333,0.3233333333333333,0.0566666666666666,0.0,0.1866666666666666,0.0,0.79,0.5033333333333333,0.0,1.0,2.074314647076178e-05
FVKi_uedJxw,UCdkq517IaeUcnG5CIiFX9RA,Shin Smith,36200.0,,,,,,,,,,,,,,,,,,,0.00010241928569938629
FVOD3A_qpsY,UCzfEqx1_-zs2xUUzI3jVRSg,FinnSnow,541000.0,,,,,,,,,,,,,,,,,,,0.00016387085711901808
FVsmr-tGyUg,UCRzBNJTsBe2rq6pkyXeaj1A,TriFate Lifestyle,161000.0,2.32,1.51,0.22,0.86,2.76,1.99,0.0,1.89,3.06,0.93,0.0,0.0,0.61,0.0,3.61,1.03,0.0,0.0,0.0001724956390726506
FXnVfuiMQjg,UC1SPkZIRegQ1uk48qoPLz5Q,UcieczkaDoRaju,190000.0,1.3625,0.1225,0.7000000000000001,0.8291666666666666,0.4766666666666666,0.4275,0.1825,0.5983333333333333,0.815,1.1616666666666668,0.3899999999999999,0.3216666666666666,0.3916666666666666,0.1966666666666666,0.5875,0.465,0.1966666666666666,1.0,0.0008193542855950903
FY-rO9GTPi4,UC0p8-e3hIdkP4F09hQc1Uow,The Wineding Down Podcast,16300.0,,,,,,,,,,,,,,,,,,,0.0006554834284760723
F_Qdk9bD-a4,UCpL_tis0ertYh2DSOiCm51g,World Nomac,751000.0,1.145,0.995,0.575,0.465,0.475,1.31,0.66,0.51,0.13,0.925,0.06,0.165,0.855,0.11,1.335,0.695,0.085,1.0,0.00020483857139877258
FddaSoPes6Y,UCSvaH7DbguYJcp8PHTTv1Zw,Bigg World Cinema,34000.0,1.68,0.3399999999999999,2.1,0.03,0.31,0.0,0.44,1.195,0.8400000000000001,1.355,0.255,1.005,0.0,0.3,0.0,0.0,0.165,1.0,0.00019278924366943303
FgHt-nEd_e0,UCAqEoRfgMCtErK0qsL1cCtw,BuzzFeed UK,461000.0,0.8300000000000001,0.83,0.0,0.0,1.49,0.355,0.0,1.24,2.68,1.655,0.0,0.3349999999999999,0.63,0.0,0.76,0.51,1.33,0.0,0.00036415746026448456
FhXZJuHUmfI,UCCgVh36x3hbuRnHMpwl443Q,Music Game News,1210000.0,,,,,,,,,,,,,,,,,,,8.193542855950904e-05
Fi8gTif6kpE,UC3PVtkwtqwCD4LEPguBEADA,Mia Sandoval,395000.0,0.0233333333333333,0.0,0.01,0.77,1.0833333333333333,0.6466666666666666,0.4266666666666667,0.9533333333333336,0.7966666666666665,0.48,0.1833333333333333,0.0,0.0,0.0,0.79,0.0,0.1933333333333333,1.0,0.00011705061222787004
FkBRtBZhNyc,UCxBWeubuZrc8sQE_bXytgUQ,Justin & Alina,138000.0,0.4033333333333333,0.0,0.0999999999999999,0.7366666666666667,2.783333333333333,2.77,1.0033333333333332,2.556666666666666,2.526666666666667,1.8133333333333328,0.1766666666666666,0.0433333333333333,0.4433333333333333,0.0866666666666666,1.3133333333333332,0.2733333333333333,0.4233333333333333,0.0,0.00013655904759918172
Fl-SivJGwiU,UCRrUJKpFAGgA9WVjSWhgk2Q,KIM n LEE,95200.0,0.825,0.0,0.0,0.795,0.78,1.49,0.375,0.8899999999999999,1.11,1.7,0.0,0.855,0.0,0.935,0.755,0.0,0.0,1.0,0.00011301438422001247
FlEz4gs_LUA,UCwivAqc3tPrvbionZl5SjJQ,PH Dot Net,195000.0,1.4549999999999998,0.61,1.315,0.0,0.0,0.0,0.07,0.0,0.035,0.72,0.65,0.825,1.035,0.305,0.24,1.04,0.135,1.0,0.0010924723807934538
FlrYASSTeqc,UCvlVuntLjdURVD3b3Hx7kxw,Dry Bar Comedy,2930000.0,0.83,1.3,0.0,0.89,0.27,0.16,0.02,0.77,0.0,1.45,0.04,0.0,0.88,0.0,3.01,1.97,0.0,2.0,0.0010924723807934538
FmdpQzURvDQ,UCqOY9zsZrrd7MMYN-m8kcag,Britx Sui,117000.0,0.0,0.065,0.335,0.015,1.305,0.855,0.355,0.34,1.705,1.515,0.095,0.015,0.915,0.265,1.045,0.09,0.0,0.0,0.0010924723807934538
Foa5W5bVUEQ,UC6tqkWOGlN6zJDcnJvYkaMQ,TravelwithZo,71700.0,0.4566666666666667,0.0433333333333333,0.0,0.0566666666666666,2.216666666666667,1.7000000000000002,0.4766666666666666,1.3866666666666667,2.18,1.3833333333333335,0.2433333333333333,0.0,0.0,0.02,1.84,0.0633333333333333,0.0833333333333333,0.0,0.0016387085711901807
FpJn8Eh79nA,UC5srj0Tgfq-FuFyk9HFl0Rw,GoldenTV Network,261000.0,,,,,,,,,,,,,,,,,,,0.00032774171423803616
Fpv06UACKNE,UCpcVjkwSeZG6GJvLsIxK5Yw,Sol & Luna,88000.0,0.565,0.0,1.505,0.0,1.58,0.0,0.53,1.14,1.71,1.06,0.065,0.0,0.42,0.0,2.03,0.0,0.1,0.0,0.0002341012244557401
FqxdJ7XPB7U,UCHza0GAxOvBOeLKkMeL8EcQ,Ken Abroad,510000.0,2.37,0.29,1.33,0.14,1.82,1.45,0.53,1.99,1.34,0.33,0.0,0.0,0.0,0.0,2.29,1.13,0.0,0.0,0.00012138582008816153
Fr9KGPq93Fw,UCdqUbi6wLxXGN2E2nqqlWyg,OK4 Kids TV,4910.0,0.07,0.0,0.0,0.0,0.17,0.0,0.99,0.0,1.46,0.64,0.0,0.64,0.91,0.0,0.08,0.0,0.0,1.0,0.0016387085711901807
FsFKueX-BL0,UC0v-tlzsn0QZwJnkiaUSJVQ,REACT,20100000.0,1.08,0.588,0.6639999999999999,0.03,0.774,0.8719999999999999,0.318,1.864,1.208,1.34,0.288,0.236,0.5279999999999999,0.0,0.6199999999999999,0.65,0.392,0.0,0.0006554834284760723
FsqvYpRBfTs,UCmMHuOVQroFnzMPtBBwtoCw,Mariia & Daryl Philippines Life,39500.0,,,,,,,,,,,,,,,,,,,0.0010924723807934538
FsrMdi3MHsI,UCPAz3hWHiBC-c1x4K0-atsg,Waleska Herrera,1230000.0,0.3716666666666666,0.1933333333333333,0.605,0.81,0.0733333333333333,0.4216666666666667,0.1033333333333333,0.3783333333333333,0.4833333333333333,0.3633333333333333,0.44,0.665,0.4783333333333333,0.25,0.3966666666666666,0.0166666666666666,0.17,1.0,2.074314647076178e-05
FtnL6VIy8RE,UC_nGEYgqzTuyFbHCZELMC2w,Merryjuj,11400.0,,,,,,,,,,,,,,,,,,,0.00011301438422001247
FuMEd6KFmXM,UCt9BTGSxATM6axwfTY4KnEg,A Foreigner in the Philippines,265000.0,,,,,,,,,,,,,,,,,,,5.462361903967269e-05
Fvs5JlRVEGE,UCWm__g4cPmX-umorqM8VfWw,Travel with Luke Damant,1620000.0,1.393333333333333,0.2933333333333333,0.7266666666666667,1.13,0.3533333333333333,0.6733333333333333,0.0733333333333333,0.6633333333333333,0.3933333333333333,0.0666666666666666,0.8033333333333333,0.5266666666666667,0.44,0.0566666666666666,0.13,0.4633333333333333,0.0,1.0,0.00027311809519836344
Fw1lY4IxWXk,UC6tfBpIVlXZehYg6mvV-qWg,Meljean Solon,157000.0,,,,,,,,,,,,,,,,,,,0.0010924723807934538
Fw_AW_gWl5o,UCyt8uNmxlpSxqYyPqoTHeRg,Vanessa Lucas,14600.0,,,,,,,,,,,,,,,,,,,0.0016387085711901807
FwtwO6lf2aA,UCtw7q4SyOeoCwM1i_3x8lDg,Comedy Central Stand-Up,2750000.0,0.24,0.39,0.0,0.0,2.03,2.04,0.27,2.28,2.78,0.54,0.0,0.0,0.0,0.0,2.99,0.71,0.52,0.0,0.0008193542855950903
Fxu8UGdmfPU,UC7yK84cgpIy9iRjk1uoM8WA,PINAY AFAM TV🇦🇺,5770.0,,,,,,,,,,,,,,,,,,,0.0006554834284760723
FxyNnhXSHmM,UCky5varhC3PdITfCco7iWbA,ELVIE LINS,3830.0,,,,,,,,,,,,,,,,,,,0.0005462361903967269
Fy3zV2K61jc,UC7yK84cgpIy9iRjk1uoM8WA,PINAY AFAM TV🇦🇺,5770.0,,,,,,,,,,,,,,,,,,,0.0006554834284760723
FyUl4XfJw1c,UCEOsP00dFUPSkLzEf12H3cA,T&A Travel Vlogs,3680.0,,,,,,,,,,,,,,,,,,,0.00036415746026448456
Fz2zGVxNoXU,UCt9BTGSxATM6axwfTY4KnEg,A Foreigner in the Philippines,265000.0,,,,,,,,,,,,,,,,,,,5.462361903967269e-05
G--ZscjJsG8,UCqCI4i-mZ4Cu6Kr8emMaf1A,RYU JAPAN,134000.0,0.6625,0.165,0.2275,1.105,0.0375,0.67,0.0125,0.0,0.26,0.0,0.2175,0.065,0.32,0.0425,0.565,0.655,0.12,1.0,0.00027311809519836344
G19tOR4S2fM,UCl7giZXLlLIAEKV-TVoBW7Q,tryNsomethingnew,1200000.0,,,,,,,,,,,,,,,,,,,0.0002979470129436692
G2WlfS4ixYU,UCEDrRCC0qRtPd5-sSa1hajw,The Endless Adventure,628000.0,,,,,,,,,,,,,,,,,,,0.0006554834284760723
G44IUjZ1vOw,UC5QCza-qtDmujX_lzIs9SJw,세부부부,111000.0,,,,,,,,,,,,,,,,,,,0.0005462361903967269
G8-Jhb9UhWw,UCSjiVW9NV-mcJJ1t6RbMh7A,Down Under Visa,2650.0,0.37,0.1823076923076923,0.1507692307692307,0.2346153846153846,0.9069230769230768,0.5438461538461538,0.6561538461538462,1.2376923076923076,1.1592307692307693,1.073846153846154,0.2353846153846154,0.1630769230769231,0.3907692307692307,0.16,0.6038461538461538,0.2569230769230769,0.0884615384615384,1.0,0.00014249639749479832
G8S_YpuBF50,UCjW5n1CTxVxmYtX1l2TrMjw,Regular Guy,70800.0,,,,,,,,,,,,,,,,,,,0.0006554834284760723
G8gvUb0arjw,UCCgVh36x3hbuRnHMpwl443Q,Music Game News,1210000.0,1.8,2.29,0.0,3.96,0.0,0.0,0.0,1.07,0.33,0.0,0.0,0.58,0.68,0.46,0.0,1.01,0.0,2.0,8.193542855950904e-05
G9qjR2WzaEk,UCt9BTGSxATM6axwfTY4KnEg,A Foreigner in the Philippines,265000.0,,,,,,,,,,,,,,,,,,,5.462361903967269e-05
G9wo06s2yec,UCRMPRZ498l0Bu5xvcvaesuA,Part Time Travelling Family - Eleise and Lawrence,150000.0,0.6733333333333333,1.1,0.0,0.9533333333333336,0.5633333333333334,1.15,0.4666666666666666,0.4633333333333334,0.8066666666666666,0.4666666666666666,0.1366666666666666,0.0633333333333333,0.8566666666666668,0.1433333333333333,1.5566666666666666,1.5,0.0,1.0,0.0004682024489114802
GA0gK6rmqFQ,UCCgVh36x3hbuRnHMpwl443Q,Music Game News,1210000.0,1.51,0.15,0.435,0.25,1.45,0.645,0.0,1.185,1.695,1.4500000000000002,0.335,0.06,0.85,0.705,2.3,2.475,0.6,0.0,8.193542855950904e-05
GAsowcnp9Es,UCHpyKVf0Neqcm8WkHinfBkQ,BB Gahyun,11200.0,,,,,,,,,,,,,,,,,,,0.0008193542855950903
GCrIWEB4bcc,UC3PVtkwtqwCD4LEPguBEADA,Mia Sandoval,395000.0,1.535,0.385,1.275,2.02,0.26,0.885,0.28,0.5650000000000001,0.385,0.375,0.53,0.275,0.0,0.035,1.865,1.91,0.29,2.0,0.00011705061222787004
GDdvwefLXWY,UCHEf6T_gVq4tlW5i91ESiWg,People Vs Food,12600000.0,3.47,5.0,0.0,3.46,1.49,0.25,0.0,2.05,2.28,0.0,1.21,1.8,0.47,0.0,0.96,1.15,0.0,2.0,0.00032774171423803616
GH4gd0X9K_E,UCl7giZXLlLIAEKV-TVoBW7Q,tryNsomethingnew,1200000.0,0.8300000000000001,0.172,0.016,0.532,0.1359999999999999,0.532,0.346,0.522,0.242,0.97,0.1139999999999999,0.046,0.892,0.112,0.482,0.396,0.016,1.0,0.0002979470129436692
GHOWbGqY2r4,UCtw7q4SyOeoCwM1i_3x8lDg,Comedy Central Stand-Up,2750000.0,2.45,3.41,0.0,0.01,0.91,1.48,0.0,0.17,2.38,1.3,0.0,0.0,0.0,0.0,3.9,3.01,0.64,2.0,0.0008193542855950903
GIkKsDuI1_8,UCTrp1gkrbzase5fzlAFGtPg,Russian Boy,56200.0,0.205,0.595,0.0,1.645,0.0,0.31,0.0,0.0,0.105,0.345,0.1149999999999999,0.0,0.0,0.3,0.71,0.0,0.065,1.0,0.0010924723807934538
GJNDPuy7ER8,UCiEK-SwMjiYsiWzXvOKqKdg,AmysCrypt,324000.0,0.0,0.0,0.0,0.91,0.0,0.0,0.0,1.07,0.0,0.17,0.44,0.0,0.0,0.0,0.0,0.99,0.0,1.0,0.0004682024489114802
GKA13z1IHUg,UC_w5Uck2H8HDd1WgBuESB-w,Our Philippine Journey,6490.0,,,,,,,,,,,,,,,,,,,0.0016387085711901807
GLmdX92Z-GE,UCqlthGjbLIci7i3x2gk8P4Q,Nadir On The Go,539000.0,2.03,0.63,0.0,0.28,1.07,0.11,0.09,1.23,0.36,0.41,1.05,0.88,2.43,0.0,0.09,0.0,0.0,1.0,0.0004682024489114802
GNlbItng_RE,UCl4I_ztLWgW8ybm9M0n1pyg,Nic & Rei,14700.0,0.0,0.0,0.0,0.0,1.75,3.49,0.08,2.59,2.58,0.55,0.0,0.0,0.0,0.0,3.96,1.76,0.0,0.0,0.00010572313362517294
GOnj-RTJAho,UCau87M9DnzSL5iDE9f4uVKQ,Scott Auchterlonie Music,77300.0,,,,,,,,,,,,,,,,,,,0.0004682024489114802
GOnvVafj31k,UCoCw5aOrYrXJAnmstijqFHQ,TravelHop,9390.0,,,,,,,,,,,,,,,,,,,0.0016387085711901807
GR8etyMA6-Q,UC_1HVMnw-610qx54iEiWk7A,akidearest,2870000.0,,,,,,,,,,,,,,,,,,,0.0016387085711901807
GUVtG2QcaaE,UCt9BTGSxATM6axwfTY4KnEg,A Foreigner in the Philippines,265000.0,,,,,,,,,,,,,,,,,,,5.462361903967269e-05
GVTBdnW7Gck,UChAO_nsjsixwuFHtjPIgz2A,Story of Monika,3130.0,,,,,,,,,,,,,,,,,,,0.0008193542855950903
GWBn5OfB67I,UCobYD8WgP3GPOqgvXF2Yy1w,Adam and Jane's Lifestyle,75500.0,,,,,,,,,,,,,,,,,,,6.827952379959086e-05
GWPh58nY6gY,UCRzBNJTsBe2rq6pkyXeaj1A,TriFate Lifestyle,161000.0,0.94,0.435,0.58,1.32,1.07,0.865,0.0,1.445,1.7,1.085,0.225,0.0,0.49,0.315,1.24,1.015,0.0,0.0,0.0001724956390726506
GXbJydy1YtI,UC6tfBpIVlXZehYg6mvV-qWg,Meljean Solon,157000.0,,,,,,,,,,,,,,,,,,,0.0010924723807934538
GYEAvNO1afo,UCWm__g4cPmX-umorqM8VfWw,Travel with Luke Damant,1620000.0,0.4266666666666667,0.0,0.2266666666666666,0.2666666666666666,0.9633333333333334,1.57,1.2699999999999998,0.6733333333333333,0.65,0.8533333333333334,0.7233333333333333,0.87,0.7166666666666667,0.1033333333333333,1.153333333333333,0.7033333333333333,0.2633333333333333,1.0,0.00027311809519836344
GZT76v0h46A,UCaLfMkkHhSA_LaCta0BzyhQ,Munchies,5320000.0,2.04,2.13,0.33,1.83,0.52,0.81,2.19,2.2,0.36,0.42,1.19,1.75,0.0,0.1,0.52,0.0,0.0,2.0,0.0004682024489114802
G_4kOyEUek8,UCRzPUBhXUZHclB7B5bURFXw,Eater,3860000.0,0.0,0.62,0.0,1.64,0.06,0.95,1.07,0.0,0.0,0.24,0.0,0.14,0.0,0.0,0.36,1.2,0.0,1.0,0.00021849447615869075
G_WEK9DAR9I,UC1MNjDRpoEsl_tiogaRYt1A,The Philippines Project,6150.0,0.0,0.0,1.66,0.0,2.26,2.94,1.3,2.53,1.4,1.39,0.18,1.77,0.1,0.87,1.09,1.04,0.0,0.0,0.0005462361903967269
GaSwt6Ki0hk,UCe7op4W-6YKJOpsG9TOi2CA,Timeout with Dami,19500.0,,,,,,,,,,,,,,,,,,,0.0008193542855950903
Gab8UnpIFbQ,UCtOXruSampZT4DrPsnuz7AA,Chris Urbano,59800.0,,,,,,,,,,,,,,,,,,,0.0008193542855950903
GbSSf9Xa1LY,UC94bSvWltDS6I0U_u7mn8VQ,Two Broskis,24800.0,1.035,0.0,0.355,0.335,1.165,0.245,0.0,1.345,1.7049999999999998,0.97,0.54,1.21,0.265,0.175,1.135,0.54,0.0,1.0,0.00036415746026448456
GjVBD9OYzOo,UC1712XEXMIRQW1-spPVK0Ng,Travis Kraft,597000.0,0.455,0.35,0.27,0.1875,2.015,1.16,0.34,1.8475,2.8875,2.02,0.0,0.175,0.0075,0.2825,2.2475,0.3875,0.045,0.0,0.0002979470129436692
Gj_HrXrNUYc,UCu69sXEA647BkACmLf1Zh7A,Lost Knox,9210.0,,,,,,,,,,,,,,,,,,,0.0010924723807934538
Gl2RpA1xS6M,UCguRKiLcbY9yIG9fxmd9BuQ,Nicole and Mico,82000.0,1.63,0.14,0.18,0.0,2.5,2.92,1.35,1.57,1.85,1.49,0.0,0.0,0.76,0.0,2.45,1.19,0.0,0.0,0.00040967714279754517
GomBtOAWVYI,UCryJ4vhASeu7uhXRPOL3WhA,What's up Philippines,311000.0,,,,,,,,,,,,,,,,,,,2.621933713904289e-05
Gq9__fPooBE,UCaAjLj9oGV6VKMYq8FxEwdQ,DORCAS Morounmubo,78500.0,,,,,,,,,,,,,,,,,,,0.00036415746026448456
GqyT13H6sws,UCXApBVrhzoGb4M4UKkEgpvg,Thazmin with Jhazmin,56300.0,0.29,0.06,0.1679999999999999,0.404,0.8640000000000001,0.962,0.178,0.588,1.032,0.8560000000000001,0.502,0.052,0.386,0.09,0.842,0.252,0.308,1.0,0.0010924723807934538
Grr_LaehRrk,UC_YHP03qQytjAfBK6tFcnew,Isaac & Andrea Vlogs,337000.0,1.49,1.7049999999999998,0.0,2.83,0.99,0.4649999999999999,0.02,1.81,1.505,1.605,0.31,0.015,0.085,0.0,2.87,1.675,0.025,2.0,0.0008193542855950903
Gt1c-o8FTRQ,UCpsivHVNaBnIAPhkLBZcWQg,Zane Travel,129000.0,0.78,0.4,1.39,1.35,0.3,1.72,0.43,0.0,0.0,0.0,1.08,0.65,0.89,0.02,0.23,0.86,0.0,1.0,0.0005462361903967269
GtBth3A_C9A,UCleKsM8arVjfE1GIaklqGRw,Look Who's Blogging,101000.0,0.0,0.0,0.0,0.24,0.035,1.23,0.0,0.0,1.11,1.13,0.515,0.0,0.655,0.0,0.755,0.96,0.16,1.0,0.0008193542855950903
GtIhrBmBgCA,UCoNbjiMmQ3c8CdiHu-TaYKw,Philippine Family Life With Leah,39300.0,,,,,,,,,,,,,,,,,,,0.0006554834284760723
Gv0s9AJHG0M,UC3K981fnxuq0SWU5bnQ917Q,arianne & clinette,37100.0,,,,,,,,,,,,,,,,,,,0.0016387085711901807
Gv4rx62PbGA,UCPAz3hWHiBC-c1x4K0-atsg,Waleska Herrera,1230000.0,0.275,0.11,0.0,0.2225,0.5575000000000001,0.0,0.1025,0.36,1.1575,0.5,0.2274999999999999,0.0,0.065,0.0,1.515,0.3374999999999999,0.7949999999999999,1.0,2.074314647076178e-05
GxoyDxpU5ag,UCJsUPQs-NSevvUxKmtvdQxw,International Jasper 🇵🇭,56800.0,,,,,,,,,,,,,,,,,,,0.0006554834284760723
Gy-8lssJcYU,UCt_NLJ4McJlCyYM-dSPRo7Q,Lost LeBlanc,2220000.0,3.02,2.36,0.0,3.16,0.0,0.0,0.0,1.37,0.63,0.46,0.0,0.24,0.0,0.0,0.2,0.0,0.0,2.0,0.0010924723807934538
Gz4_jacXBGU,UCLPLXSPgySkBypwpi6BrMwg,Jessica Lee,1680000.0,,,,,,,,,,,,,,,,,,,0.0002521090109523355
H-xGGNYjv4U,UCRMPRZ498l0Bu5xvcvaesuA,Part Time Travelling Family - Eleise and Lawrence,150000.0,0.235,0.0,1.28,0.0,1.37,1.715,0.8599999999999999,2.16,0.655,0.52,1.715,1.33,0.605,1.09,0.91,0.265,0.25,1.0,0.0004682024489114802
H0Akfss7X6U,UCXA_2sDtNRf0vpNp_RZ3kqg,AmirMalikVlogs,10700.0,,,,,,,,,,,,,,,,,,,0.0010924723807934538
H4tGheX1GWE,UCDRbz-Otyz57pRKQwUkr0ww,Walids Journey,31000.0,0.93,0.0,0.0,1.71,0.625,0.0,1.045,1.265,0.0,0.135,0.55,0.97,0.365,0.385,0.0,0.0,0.0,1.0,0.0008193542855950903
H6eCCABz598,UCKMU-I4eYw-D9QF1YdUMUlw,Calvin Castiel,207000.0,,,,,,,,,,,,,,,,,,,0.0001489735064718346
H8FCZSOqzds,UCpko_-a4wgz2u_DgDgd9fqA,BuzzFeedVideo,19800000.0,0.985,0.915,1.51,0.2,0.425,2.06,0.965,0.34,0.035,0.63,0.465,0.865,0.75,0.035,0.41,0.44,0.18,1.0,0.0002521090109523355
H8qLpIt_Bqs,UCxBWeubuZrc8sQE_bXytgUQ,Justin & Alina,138000.0,0.95,0.89,0.345,0.88,0.925,0.56,0.115,1.21,0.88,0.385,0.55,0.89,0.44,0.395,0.475,0.985,0.0,1.0,0.00013655904759918172
H8yvD6Rgz44,UChJZein82KzV47Ef4L9Yh_g,Victor x Grace,44900.0,1.125,0.1,0.99,0.52,0.055,0.345,0.005,0.03,0.0,0.0,0.29,0.32,0.0,0.0,0.025,0.84,0.0,1.0,0.0008193542855950903
H9DCKJwUnWA,UCfStLP-mz4nXI1iNBkehytA,Therese's Nook,1160.0,0.68,1.21,0.0,0.21,0.0,0.24,0.0,0.48,0.41,0.0,0.0,0.0,0.0,0.0,1.19,0.45,0.0,1.0,0.0010924723807934538
H9V51GUVLOA,UCye4j_cBvIj3GdIlkDZKOGw,LaterTofuEats,28800.0,1.035,1.275,0.075,0.53,0.005,0.5,0.0,0.51,0.31,0.85,0.515,0.355,0.105,0.025,0.18,0.8400000000000001,0.4599999999999999,1.0,0.0010924723807934538
H9yhYBQYqh8,UCRrUJKpFAGgA9WVjSWhgk2Q,KIM n LEE,95200.0,0.8666666666666667,0.5299999999999999,0.3733333333333333,1.3066666666666666,0.0633333333333333,0.2833333333333333,0.5633333333333334,0.7066666666666667,0.4033333333333333,0.0,0.5933333333333333,1.596666666666667,0.35,0.0,0.1133333333333333,0.1566666666666666,0.18,1.0,0.00011301438422001247
HBqFfthfJCU,UCF--4fKKFc0W92Xgm2ky8_g,The Porkchop Bun,727.0,2.31,2.35,0.0,0.99,0.49,1.08,0.0,1.47,1.93,0.84,0.15,0.0,0.0,0.0,2.46,1.53,0.0,2.0,0.0010924723807934538
HByXqP7uy00,UCDymC4Cz6qt4xs63WdIEwZw,Matt Criscuolo,61200.0,0.0,0.0,2.42,0.54,0.98,0.0,1.66,0.0,0.56,0.42,2.81,1.67,4.31,0.0,1.63,0.0,0.0,1.0,0.0010924723807934538
HDTNDL_X1b0,UCPAz3hWHiBC-c1x4K0-atsg,Waleska Herrera,1230000.0,0.64,0.014,0.8560000000000001,0.644,0.2699999999999999,0.5730000000000001,0.538,0.55,0.356,0.432,0.4669999999999999,0.31,0.38,0.119,0.589,0.116,0.4589999999999999,1.0,2.074314647076178e-05
HDb52NrpSyE,UChpbno2zV6-qdTQ_e1xqjUA,indigo Yoori,19600.0,1.4725,0.515,0.5275,1.1275,0.145,0.54,0.135,0.0,0.4024999999999999,0.23,0.925,0.405,0.5425,0.1675,0.435,1.2125,0.1575,1.0,0.0016387085711901807
HHOAg9XyA70,UCQYHG-sBr98upC1-0WltmsA,MisayGoesToSweden,7180.0,0.47,0.2266666666666666,0.1133333333333333,0.7933333333333333,0.6766666666666666,0.6933333333333334,0.0,1.1166666666666665,1.08,0.6966666666666667,0.0366666666666666,0.0,0.5666666666666667,0.0,1.1333333333333333,0.3366666666666666,0.0,1.0,0.0016387085711901807
HKAqIj-Z9ts,UC7HxIb6bY4-ymtAOS_MGsOw,VI3ION,606000.0,0.8,0.95,0.0,2.37,0.0,0.0,0.0,0.0,0.83,0.82,0.0,0.58,0.0,0.0,2.29,1.29,0.0,2.0,0.0001560674829704934
HL1UJYugSA8,UCWm__g4cPmX-umorqM8VfWw,Travel with Luke Damant,1620000.0,0.53,0.0,0.88,0.8,1.96,1.79,0.0,1.26,2.08,0.71,0.0,0.0,0.07,0.0,2.46,1.74,0.03,0.0,0.00027311809519836344
HLcnwnJMgd8,UCLNoXf8gq6vhwsrYp-l0J-Q,Xiaomanyc 小马在纽约,6770000.0,0.2955555555555555,0.1011111111111111,0.1855555555555555,0.2322222222222222,0.6383333333333333,0.9233333333333332,0.1894444444444444,0.7355555555555555,1.2505555555555556,0.9449999999999998,0.0677777777777777,0.19,0.2027777777777777,0.2472222222222222,1.0588888888888888,0.4333333333333333,0.1949999999999999,1.0,0.00021849447615869075
HMmOsV85AHI,UCPAz3hWHiBC-c1x4K0-atsg,Waleska Herrera,1230000.0,0.5725,0.965,0.48,0.9075,0.5575,0.2375,0.185,0.6525,1.2625,1.0825,0.0875,0.0,0.1325,0.0,1.4325,0.545,0.085,1.0,2.074314647076178e-05
HOCAYxtfSks,UCwhk0Isq9crz6MeRDbtlFdg,Not Tristan,1080.0,0.33375,0.2875,0.1225,0.155,0.57125,0.765,0.175,0.6825,1.16375,0.6825,0.0275,0.16375,0.045,0.28125,1.045,0.0849999999999999,0.025,1.0,0.0010924723807934538
HOk3y5y__TQ,UC_hN8xs99S6jnMdYCuJgoJA,Pinoy Planet,97800.0,0.68,0.0,0.0,1.52,0.0,0.06,0.08,0.47,0.0,0.0,0.72,0.0,0.0,0.0,0.86,2.09,0.0,1.0,3.6015572993190784e-05
HP3QdU8mdjQ,UC1Uvuror_cl9cRcl3h8QhSg,Dr Laway,43900.0,1.64,0.15,0.0,0.0,0.0,0.14,0.0,0.0,0.0,0.03,0.14,1.37,0.23,0.0,0.0,0.55,0.0,1.0,0.0010924723807934538
HPaoUUrF9ac,UCWJ2lWNubArHWmf3FIHbfcQ,NBA,23300000.0,1.0425,0.4974999999999999,0.4175,0.355,0.2799999999999999,0.4275,0.0925,0.8075,0.225,0.0,1.2325,0.815,1.2875,0.22,0.2774999999999999,0.4125,0.0,1.0,0.0016387085711901807
HRYPYeqMuoU,UCrPo31V8wpuuCMseyzEDZMQ,The Hungry Syrian Wanderer,5200000.0,,,,,,,,,,,,,,,,,,,0.0004682024489114802
HRk0Uv3-FwE,UCDQ2M--Pc_L6kdZCDw7kjYw,TOM And RUTH 🇵🇭 Adventures,46900.0,,,,,,,,,,,,,,,,,,,0.0010924723807934538
HSmjMK4Eisc,UCeT1qAcQxLP6cEfbMe85QCQ,Yoshi the Japanese Guy,165000.0,0.7133333333333333,0.1399999999999999,0.34,0.64,0.48,0.54,0.0,0.3433333333333333,0.0,0.0033333333333333,2.04,0.7000000000000001,0.1433333333333333,0.0,0.8066666666666666,0.8866666666666667,0.3366666666666666,1.0,0.0001489735064718346
HSrvch0vdyo,UCQQyW9Ki62OmGzHedws7xlQ,Bianca & Beyond,142000.0,1.42,0.43,0.44,0.7150000000000001,1.5399999999999998,3.145,0.245,0.775,1.26,0.0,0.485,1.56,0.03,0.61,0.99,0.9,0.0,1.0,0.00010241928569938629
HUaC1mVw7oA,UC_F0q6i85C9-8RujTcI0SoQ,The Holistic Trainer,444000.0,1.53,0.065,0.64,0.06,0.925,0.0,0.0,1.085,2.185,0.71,0.0,0.0,0.365,0.0,1.825,0.81,0.595,0.0,0.0016387085711901807
HUk622Y1qX8,UCl7giZXLlLIAEKV-TVoBW7Q,tryNsomethingnew,1200000.0,0.258,0.0,0.514,0.612,0.79,1.174,0.1599999999999999,0.6639999999999999,0.882,0.984,0.188,0.1699999999999999,0.664,0.432,0.72,0.442,0.04,1.0,0.0002979470129436692
HVruVUdSbUc,UCAUgY9e_n2DhyZTgvPRoJnQ,TriFate Geo,171000.0,1.355,1.72,0.0,3.875,0.55,0.395,0.0,0.78,1.86,0.965,0.0,0.0,0.035,0.3,2.05,0.905,0.0,2.0,6.426308122314434e-05
HWDjWJ5rptg,UC1PwIaB8KklVK5iZqbtZErA,Flying Kell,205000.0,1.205,0.0,1.845,1.365,0.81,0.47,0.835,0.73,0.36,0.0,0.13,0.015,0.825,0.0,1.555,0.0,0.0,1.0,0.0002521090109523355
HWI6Oa5JPW8,UCt9CPuWfS9HgRZmSYpGPFaw,SUCCESS Vlogs,53600.0,,,,,,,,,,,,,,,,,,,0.00027311809519836344
HYwBHEIfj_U,UC9DwgmJc-uKnxGavukOy_6w,Aaron Around,9540.0,0.03,0.05,0.255,0.8,1.365,2.225,0.895,1.205,0.905,0.72,0.205,0.135,1.46,0.08,1.75,0.365,0.0,0.0,0.00016387085711901808
H_w4DjRC5N8,UChOfNDlXR6XueB8IxMxeqBw,Chuckie's Kitchen,204000.0,0.5428571428571429,0.1785714285714285,0.6799999999999999,0.7485714285714286,0.0828571428571428,0.6799999999999999,0.3242857142857143,0.2985714285714285,0.2128571428571428,0.21,1.17,0.6471428571428571,0.0871428571428571,0.2714285714285714,0.0857142857142857,0.8542857142857143,0.1028571428571428,1.0,0.0004682024489114802
Hb6ZBFuM3fU,UCRNHIq5_JclKEK4Gbx1UFDw,한인타운리조트 호텔&풀빌라,245000.0,1.346666666666667,0.1866666666666666,1.14,0.0666666666666666,0.94,1.53,0.2233333333333333,1.4533333333333331,0.8366666666666668,0.68,0.32,0.2833333333333333,0.2299999999999999,0.0999999999999999,0.0766666666666666,0.0,0.1133333333333333,1.0,0.00036415746026448456
HbJirZgxrSY,UCRzBNJTsBe2rq6pkyXeaj1A,TriFate Lifestyle,161000.0,0.76,0.82,0.0,3.25,0.0,0.0,0.0,0.0,0.0,0.0,0.52,2.15,0.0,0.0,0.0,0.0,0.0,2.0,0.0001724956390726506
Hbms3mmZWL4,UCi9mzS8H-ez_30w5SCL2dmw,JREKML,1210000.0,,,,,,,,,,,,,,,,,,,6.827952379959086e-05
HcRh8IrwbCA,UC_hN8xs99S6jnMdYCuJgoJA,Pinoy Planet,97800.0,1.05,0.0,0.91,0.0,1.86,2.49,1.3,2.31,1.6,0.74,0.0,0.0,0.0,0.0,2.5,0.24,0.0,0.0,3.6015572993190784e-05
Hdwd_-K413I,UCAUgY9e_n2DhyZTgvPRoJnQ,TriFate Geo,171000.0,1.2933333333333332,1.99,0.12,2.603333333333333,0.36,0.0666666666666666,0.0,0.4566666666666667,0.32,0.45,0.2333333333333333,0.8733333333333334,0.6633333333333333,0.2199999999999999,1.6966666666666663,0.86,0.3266666666666666,2.0,6.426308122314434e-05
Hei29jvUYwg,UClC88Hwf0c115jFj-fhVj2A,Kano Harry,3930.0,,,,,,,,,,,,,,,,,,,0.00020483857139877258
HesIMapqtMI,UCvsb2dwX9pL-_QX8blpQ_Ag,Max & Sujy POL,48800.0,,,,,,,,,,,,,,,,,,,0.0005462361903967269
HfJjo_Y9miA,UC6wa9kd04Dbf2YjihFktrpA,Invested Lifestyle,79600.0,1.02,0.0,0.0,0.91,0.0,0.0,0.0,0.82,0.57,0.0,0.12,0.0,0.12,0.0,1.19,0.05,0.41,1.0,0.0016387085711901807
HgdweO7nt3c,UCFjh6CdEwrQrKf4o9QUnoEA,ONE FILIPINO TV,145000.0,0.85,0.47,0.0,0.1366666666666666,1.356666666666667,1.86,0.3566666666666667,1.3633333333333333,1.5233333333333334,0.8833333333333333,0.0533333333333333,0.0,0.2633333333333333,0.0,1.4466666666666663,0.06,0.3266666666666666,0.0,0.00036415746026448456
HgfUAVbjo80,UCWGcbY5JBzcUenFwl4A1eNw,Charles & Alyssa Forever,2480000.0,1.8,1.07,0.0,0.11,1.5,0.7,0.0,1.885,2.905,1.1,0.04,0.0,0.52,0.0,2.555,0.37,0.415,0.0,0.0010924723807934538
HhJ-j_Y2-fo,UCwHu8fi3Vg4lxPHUp3BNW0w,Meows Stories,1590.0,0.44,0.77,0.0,1.28,0.45,0.26,0.0,0.02,0.92,1.13,0.0,0.0,0.0,0.0,0.33,0.0,0.0,1.0,0.0008193542855950903
HhzVar8JGss,UCOeJBQGvDaEXQZSwTr_V2ow,Fina's Family Vlog,8100.0,0.36,0.245,1.195,0.3199999999999999,0.87,0.99,0.135,0.7050000000000001,1.09,0.925,0.0,0.285,0.0,0.15,0.065,0.0,0.35,1.0,0.0016387085711901807
HjElH_pDbU8,UCVGxrPOe4sO05dsepa42l8w,Brad Newton - Fitness Street,27300.0,1.06,0.0,0.0,3.8,1.4,3.08,0.4,0.91,0.2,0.47,0.7,0.0,2.34,0.29,1.54,0.0,0.0,1.0,0.0004682024489114802
HkRKi7_Iywc,UCb24bpyTx2fhqiXAnhek26Q,Dating Beyond Borders,677000.0,1.94,0.355,1.83,0.6699999999999999,0.27,0.48,0.0,0.0,0.0,0.0,2.915,0.545,1.865,0.475,1.895,3.535,0.28,1.0,0.0010924723807934538
HoPSiXZpoF4,UCPAz3hWHiBC-c1x4K0-atsg,Waleska Herrera,1230000.0,1.0116666666666667,0.71,0.3566666666666666,0.6883333333333335,0.6066666666666666,1.1733333333333331,0.2666666666666666,0.6416666666666667,0.89,0.4033333333333333,0.045,0.205,0.145,0.0,1.6416666666666668,0.9533333333333333,0.105,1.0,2.074314647076178e-05
HpUD_FjHI8I,UCPNBc7ZRwmgk1I6j_lenAfw,The Love Train Nation,23900.0,0.0,0.0,0.0,0.14,0.0,0.0,0.53,0.16,1.08,0.98,0.13,0.0,0.87,0.0,0.0,0.0,0.0,1.0,0.00010924723807934537
HqVjELf6zic,UCaAjLj9oGV6VKMYq8FxEwdQ,DORCAS Morounmubo,78500.0,,,,,,,,,,,,,,,,,,,0.00036415746026448456
HshFxjKWDNI,UCWjSwkIn2gGgETcZZYaO-6g,RETIRING IN PARADISE,17000.0,2.14,0.08,0.66,1.59,1.63,1.89,0.0,1.42,1.47,1.37,1.98,0.9,1.72,0.57,0.0,0.0,0.13,1.0,8.62478195363253e-05
HtsYhdnKfLg,UCWk9ho4wXA43KZvxE58WSXg,Steven Banamu,14500.0,,,,,,,,,,,,,,,,,,,0.0006554834284760723
Hun0Wzr6f1w,UCwjWUUCiv_TPoErI9AZv6Lg,BEYONDLOCALGODDESSES,340000.0,,,,,,,,,,,,,,,,,,,0.0004682024489114802
HuwWfuiI30I,UCHza0GAxOvBOeLKkMeL8EcQ,Ken Abroad,510000.0,0.325,0.0,0.0,0.51,0.13,0.03,0.27,0.2875,0.0,0.5025000000000001,1.2375,0.26,1.0275,0.055,0.33,0.195,0.2625,1.0,0.00012138582008816153
HzwU-KGwDVI,UCKLlmM881k4QZN-iUAFIQfw,Susie in the Philippines,128000.0,,,,,,,,,,,,,,,,,,,0.00013109668569521446
I-7MaQTYhV8,UCi9mzS8H-ez_30w5SCL2dmw,JREKML,1210000.0,,,,,,,,,,,,,,,,,,,6.827952379959086e-05
I-vJ_fSA9Wg,UCKie0svsFyBBsKaQIA4hx-w,American Entrepreneur in the Philippines,9850.0,0.03,0.0,1.73,0.03,0.87,0.75,1.29,2.49,1.31,0.0,1.3,0.68,0.0,0.0,0.88,1.11,0.0,1.0,0.00020483857139877258
I-z3hDWHZoU,UC5wQUM_uqQ6bo6zxvEG6QJw,Proudly Nomadic,12000.0,0.295,0.0,0.695,0.26,3.74,2.395,0.945,2.575,3.325,1.935,0.0,0.0,0.96,0.655,3.715,1.215,0.07,0.0,0.0002341012244557401
I10c2BUazL4,UC8hiiGm6GTyTVvO-LtZ2Xmw,FoodieMommaPH,41100.0,1.345,0.0,1.58,1.01,0.1,0.675,0.485,1.04,0.0,0.755,1.4249999999999998,0.0,0.0,0.0,0.565,2.06,0.745,1.0,0.0002521090109523355
I37aQmrLwiQ,UCuz8KBA9YP2JpaHorBVTp7Q,The Bailey Squad,12700.0,,,,,,,,,,,,,,,,,,,0.00040967714279754517
I3V15kgcgNM,UCPAz3hWHiBC-c1x4K0-atsg,Waleska Herrera,1230000.0,0.7028571428571428,0.3199999999999999,0.5857142857142856,1.247142857142857,0.1042857142857142,0.1857142857142857,0.2485714285714285,0.1042857142857142,0.2185714285714285,0.4828571428571428,0.2514285714285714,0.0271428571428571,0.1814285714285714,0.0728571428571428,0.7671428571428571,0.7942857142857144,0.3757142857142857,1.0,2.074314647076178e-05
I3jdiRTbiRI,UCjhsXdie9x6uzw9ARmF4nNA,Aurora's Vlog,13300.0,0.2028571428571428,0.0457142857142857,0.8200000000000001,0.1957142857142857,0.79,0.15,0.0999999999999999,1.115714285714286,0.7242857142857143,0.8314285714285715,0.12,0.5371428571428571,0.42,0.1342857142857142,0.3328571428571428,0.0185714285714285,0.1628571428571428,1.0,0.0010924723807934538
I5PDOjBfC3A,UCe3PDv7F4Uex3ii9zdMbvWQ,LifeBeyondTheSea - Philippines Podcast,133000.0,,,,,,,,,,,,,,,,,,,0.00040967714279754517
I5SKFXqR9r8,UCOqlhTOx-5tdP0Krafwz_Zg,Ana G Navabi,10800.0,0.19,0.0,1.08,0.0,2.56,2.36,2.49,2.02,2.25,2.04,0.23,0.0,0.15,0.0,3.44,1.65,0.0,0.0,0.0010924723807934538
I6Fi22hxITM,UCZVVG15NVgl98xIdL5O-7jw,Carma,15000.0,0.8,0.36,1.015,0.595,0.2175,1.165,0.2775,0.13,0.4975,0.2375,0.045,0.0,0.22,0.235,0.185,0.3125,0.195,1.0,0.0016387085711901807
I6qSF2tKdkI,UCtAecFG--rOjHBQiP3YMCfQ,Outsourcing Boss,177.0,1.55,2.13,0.0,1.0,0.0,0.0,0.0,0.19,0.0,0.0,0.0,0.05,0.0,0.0,1.22,0.68,0.0,2.0,0.0016387085711901807
I71Fpu_mmcg,UCOVPHypKtkqQQbNO3R7xKsA,fonsi abroad,44500.0,0.57,0.0,0.74,0.0,1.94,2.6,0.09,2.01,1.34,0.0,0.0,0.0,0.0,0.0,1.36,0.0,0.27,0.0,0.0010924723807934538
I8McPt1ux9U,UC4Zco0d-yYgZhOdlyTBQRTg,"Easy Wedding | Dubai, Georgia, Seychelles, Online",418.0,0.18,0.0,0.0,1.965,0.0,0.0,1.905,0.0,0.67,0.395,2.24,1.125,0.075,0.47,0.41,0.0,0.0,1.0,0.0010924723807934538
I8q2eutBoXk,UCLNoXf8gq6vhwsrYp-l0J-Q,Xiaomanyc 小马在纽约,6770000.0,0.372,0.0209999999999999,0.386,0.4519999999999999,0.563,0.5269999999999999,0.248,0.7889999999999999,0.8150000000000001,0.7529999999999999,0.3299999999999999,0.296,0.6599999999999999,0.175,0.6399999999999999,0.408,0.633,1.0,0.00021849447615869075
I9rjquLzqPc,UClC88Hwf0c115jFj-fhVj2A,Kano Harry,3930.0,,,,,,,,,,,,,,,,,,,0.00020483857139877258
IBGkP44cx20,UCCAh-tDKBja88N59E-KwL3g,Village People Philippines,182000.0,,,,,,,,,,,,,,,,,,,0.0008193542855950903
IBP6HcK94fM,UCcaIZBgmiYTJP9fpO_xjMTQ,Travel Escapes,246000.0,,,,,,,,,,,,,,,,,,,0.00032774171423803616
IC2IoO8PHEw,UC94bSvWltDS6I0U_u7mn8VQ,Two Broskis,24800.0,1.34,0.87,0.51,1.3,1.025,1.605,0.0,1.37,1.86,0.9,0.0,0.0,1.295,0.48,1.89,1.5950000000000002,1.205,0.0,0.00036415746026448456
IGROEaoT7zY,UCTPxMCyJyYGF6H0eBhOvgsA,Pinay mom's blogs,7390.0,,,,,,,,,,,,,,,,,,,0.0001724956390726506
IHBnqCQBzLM,UC1FVueCEU5ORLkWyRpEN0dQ,Visual_mode,5010.0,,,,,,,,,,,,,,,,,,,0.0008193542855950903
IIxlljazVf8,UC8hiiGm6GTyTVvO-LtZ2Xmw,FoodieMommaPH,41100.0,0.4366666666666667,0.0,1.18,0.1366666666666667,0.1633333333333333,0.37,0.1433333333333333,1.65,0.6633333333333333,0.4133333333333333,0.2166666666666666,0.0,0.2766666666666666,0.0,1.1266666666666667,0.3366666666666666,0.5266666666666667,1.0,0.0002521090109523355
IMM_kPrs1KY,UCO5Jeark1e_JP36mY3ua19g,The Commodity,98300.0,0.63,0.0,0.72,0.15,0.54,0.88,1.245,0.715,0.0,0.51,1.02,0.59,0.755,0.06,0.235,0.535,0.0,1.0,6.18380592901955e-05
IN2S_grP2ZE,UCoqPhwf0-Ty5ncLvytRbYVA,NextDayBetter,26300.0,0.174,0.13,0.0,0.306,1.068,0.4600000000000001,0.396,1.074,1.732,0.918,0.158,0.098,0.246,0.16,1.248,0.384,0.0,0.0,0.0016387085711901807
INYxG2V6mvc,UC7HxIb6bY4-ymtAOS_MGsOw,VI3ION,606000.0,0.3733333333333333,0.0,0.5933333333333334,1.1833333333333331,0.62,0.6866666666666666,0.0,0.9066666666666666,1.08,1.3466666666666665,0.3366666666666666,0.0,0.0,0.0266666666666666,1.45,1.6033333333333335,0.0,1.0,0.0001560674829704934
ISmQJQJxxPs,UCPyi-4WfF63TJ95zKShawcw,itsKEVO,490000.0,0.898,0.55,0.062,0.912,0.076,0.206,0.204,0.534,0.302,0.58,0.748,0.126,0.036,0.352,0.186,0.1,0.2299999999999999,1.0,0.0002341012244557401
IT9r-ovHmDM,UCobYD8WgP3GPOqgvXF2Yy1w,Adam and Jane's Lifestyle,75500.0,0.56,0.025,0.145,0.42,0.6,1.225,0.4599999999999999,0.85,0.57,0.0,0.635,0.08,0.08,0.0,1.11,0.055,0.505,1.0,6.827952379959086e-05
IVHzY-UlG9s,UCWjSwkIn2gGgETcZZYaO-6g,RETIRING IN PARADISE,17000.0,0.8049999999999999,0.645,0.0,0.705,0.3,0.19,0.0,0.7,0.305,0.315,0.0,0.0,0.0,0.01,0.395,0.475,0.0,1.0,8.62478195363253e-05
IWWAlsokfSk,UCt9BTGSxATM6axwfTY4KnEg,A Foreigner in the Philippines,265000.0,,,,,,,,,,,,,,,,,,,5.462361903967269e-05
IXoVDl1oTs8,UCAUgY9e_n2DhyZTgvPRoJnQ,TriFate Geo,171000.0,1.3275,1.165,0.0,2.5275,0.0,0.05,0.0275,0.2025,0.0,0.415,0.275,0.0325,0.0625,0.135,0.42,0.3125,0.075,2.0,6.426308122314434e-05
IZA1t7vmai4,UCPyi-4WfF63TJ95zKShawcw,itsKEVO,490000.0,0.78,0.4825,0.815,1.34,0.995,0.9025,0.3974999999999999,0.975,0.9325,1.3375,0.16,0.1525,0.1575,0.29,1.405,0.5375000000000001,0.2725,1.0,0.0002341012244557401
I_u2rLvuJCA,UCFcKArH0uUhFgkTcZiDW3Ig,KPO TV,53900.0,,,,,,,,,,,,,,,,,,,0.0010924723807934538
IaEj2mNTg3o,UCPGDvVGtdbkJgnWmSXLXI1A,Twins SF,19600.0,0.32,0.055,0.0,0.7075,0.19,0.2575,0.0,0.16,0.5225,0.265,0.295,0.0,0.29,0.035,0.6625,0.035,0.1275,1.0,0.0008193542855950903
IaOE08wtI2o,UC1PEGwrUGWkcIKxQZY-jUMA,Pinay Mom in South Korea,516000.0,0.4479999999999999,0.202,0.266,0.3359999999999999,0.762,1.666,0.472,0.6300000000000001,1.028,0.614,0.308,0.048,0.6439999999999999,0.09,0.7899999999999999,1.106,0.324,1.0,0.0010924723807934538
Ib2Y0kt_6Ok,UCI0ameGBdtjfjaaHuqGkaPg,Alex Fokanoff,3560.0,1.02,0.0,0.0,0.0,0.0,0.0,0.0,0.11,0.52,1.09,1.83,1.53,0.0,0.0,0.0,0.0,0.0,1.0,0.0010924723807934538
IdUZHc7nqnE,UCl4I_ztLWgW8ybm9M0n1pyg,Nic & Rei,14700.0,0.0,0.0,0.0,0.0,1.34,2.55,0.0,2.74,2.7,0.11,0.0,0.0,0.51,0.0,2.39,1.08,0.0,0.0,0.00010572313362517294
Idmu78v5TeE,UC3PVtkwtqwCD4LEPguBEADA,Mia Sandoval,395000.0,1.0466666666666666,0.1,1.5599999999999998,0.81,0.3333333333333333,0.7433333333333333,0.0933333333333333,0.5966666666666667,0.1833333333333333,0.1866666666666666,0.7799999999999999,1.5466666666666669,1.17,0.0,0.5566666666666668,2.4933333333333336,0.2266666666666666,1.0,0.00011705061222787004
IgFfcJclJo0,UC3ZnKcjVu7GszgdBe4uRZ3A,Dwaine Woolley,1390000.0,,,,,,,,,,,,,,,,,,,0.00040967714279754517
Ih2toFSTLVU,UCPAz3hWHiBC-c1x4K0-atsg,Waleska Herrera,1230000.0,1.0633333333333332,0.81,1.2066666666666668,2.21,0.0,0.0,0.1133333333333333,0.0,0.1833333333333333,0.1466666666666666,0.5133333333333333,0.1233333333333333,0.1833333333333333,0.0,0.0933333333333333,0.6866666666666666,0.2666666666666666,1.0,2.074314647076178e-05
IhQx_G2Dv6E,UCgvTNqLFbMS8Wp73r00fGLA,ItsNomadTrinidad,3670.0,0.28,0.015,0.125,0.345,2.165,1.35,0.17,1.15,2.335,1.27,0.0,0.0,0.27,0.05,1.375,0.215,0.02,0.0,0.0004682024489114802
IhnioRvjlAU,UC1bBg-b6exIwz092l5Ra1pw,Luke's HomeTube (LukesHomeTube),1650.0,,,,,,,,,,,,,,,,,,,0.0008193542855950903
IiCfEzRvUIQ,UCyEd6QBSgat5kkC6svyjudA,Mark Wiens,11400000.0,0.4599999999999999,0.0,0.69,0.0,1.2,1.745,0.575,0.845,1.1800000000000002,1.03,0.265,0.275,0.765,0.305,0.48,0.415,0.305,0.0,0.00032774171423803616
IindYQBGmRQ,UCdJAmuo-KkgcJvSoQjPxAWg,Ash and Kels,32200.0,,,,,,,,,,,,,,,,,,,0.00032774171423803616
Ij7d7wZ5qqc,UCHEf6T_gVq4tlW5i91ESiWg,People Vs Food,12600000.0,0.81,0.0,0.0,2.54,0.0,0.0,0.0,0.0,0.0,0.0,0.33,0.15,0.17,0.0,1.545,1.06,0.0,1.0,0.00032774171423803616
IjNAG5DnMC4,UCqdBWKP4_8bU-Rsk2LvVz6Q,BecomingFilipino,1140000.0,,,,,,,,,,,,,,,,,,,0.0001560674829704934
IkSQHSccOrw,UC-2oi77YQ8_ywS4UENWZEQA,Keyframe5,74200.0,0.64,0.105,1.5,0.495,0.62,1.585,0.77,0.66,0.375,0.61,0.455,0.86,0.93,0.305,0.085,0.53,0.07,1.0,0.0016387085711901807
IkeDmcu8-2o,UC1MNjDRpoEsl_tiogaRYt1A,The Philippines Project,6150.0,0.495,0.0,0.025,0.205,2.17,1.89,0.8799999999999999,2.5700000000000003,2.56,0.75,0.0,0.34,0.445,0.0,2.39,0.42,0.0,0.0,0.0005462361903967269
Ikm4UITCSKA,UCpL_tis0ertYh2DSOiCm51g,World Nomac,751000.0,1.61,0.32,0.48,1.23,2.11,0.77,0.0,2.2,2.87,1.57,0.05,0.0,0.0,0.0,2.9,0.0,0.0,0.0,0.00020483857139877258
IkusGn6DhGo,UCig5Kw1Z2cLtSv0D-Fu8I8g,Starone TV,3340.0,0.8899999999999999,0.17,0.025,0.305,0.415,1.79,0.0,0.37,0.965,1.41,0.265,0.415,0.0,0.175,0.635,1.095,0.365,1.0,0.0006554834284760723
IlQCHjxHUkU,UCWjSwkIn2gGgETcZZYaO-6g,RETIRING IN PARADISE,17000.0,1.59,0.19,0.42,0.45,0.515,1.995,0.0,0.365,0.6950000000000001,0.0,1.6549999999999998,0.68,0.12,0.0,0.0,0.0,0.0,1.0,8.62478195363253e-05
ImeZpAX1RIA,UC_hN8xs99S6jnMdYCuJgoJA,Pinoy Planet,97800.0,0.0,0.0,0.0,2.48,0.0,0.0,0.31,0.57,0.0,0.0,0.0,0.0,1.48,0.0,2.32,1.48,0.0,1.0,3.6015572993190784e-05
InHXOZbufdw,UCDRbz-Otyz57pRKQwUkr0ww,Walids Journey,31000.0,1.69,0.0,0.0,0.26,1.37,0.0,0.0,0.9,1.63,3.06,0.28,0.0,0.76,1.0,0.54,0.56,0.0,0.0,0.0008193542855950903
InP5_mgUUfE,UCatYGXWCXRt_0XLLKv1hkUw,Always Be Changing,501000.0,0.045,0.0,0.13,0.49,0.5425,1.5025,0.87,1.1675,0.4675,0.4325,0.2475,0.2925,0.245,0.2575,0.29,0.5449999999999999,0.0,1.0,0.0002341012244557401
IoFKtGYM6I0,UC4wdBTbD8lWlhZdggG2YBlw,LOST iN,372000.0,1.2,0.28,0.35,1.03,0.83,0.0,0.0,1.19,1.34,1.12,0.93,0.14,0.0,0.0,0.79,0.0,0.09,1.0,0.0010924723807934538
IouFUBMbSXY,UCobYD8WgP3GPOqgvXF2Yy1w,Adam and Jane's Lifestyle,75500.0,1.41,1.21,0.0,0.3,0.85,0.9,0.75,1.43,2.33,1.65,0.0,0.0,0.0,1.33,0.14,0.0,0.14,0.0,6.827952379959086e-05
Iq05kW-YS08,UCt9CPuWfS9HgRZmSYpGPFaw,SUCCESS Vlogs,53600.0,,,,,,,,,,,,,,,,,,,0.00027311809519836344
IqA_Ae_fso0,UC7AB80x51RwhxZpJmIUQiZQ,SecretLifeofLauren,158000.0,0.736,0.3359999999999999,0.014,0.992,0.37,0.346,0.0,0.482,0.462,0.75,0.6,0.124,0.6940000000000001,0.1699999999999999,0.724,0.522,0.076,1.0,0.0008193542855950903
IsMNvUsDPys,UCVBn2I55zk8ToyfbK-4l0EQ,Island Media Asia,18100.0,,,,,,,,,,,,,,,,,,,0.0010924723807934538
IsVlRj4visc,UCWjSwkIn2gGgETcZZYaO-6g,RETIRING IN PARADISE,17000.0,2.16,0.36,0.64,1.46,1.12,3.08,0.0,0.61,0.89,0.0,1.23,0.16,0.35,0.0,0.0,0.0,0.0,1.0,8.62478195363253e-05
IsgC81D2O8w,UCKygRpISlqs5TufcT3JtRng,Dale Philip,3760000.0,1.08,0.3133333333333333,0.0,0.31,2.1333333333333333,1.7533333333333332,0.99,1.02,1.28,0.6699999999999999,0.2433333333333333,0.6466666666666666,0.1466666666666666,0.61,1.3533333333333335,1.07,0.04,0.0,0.00036415746026448456
ItLm-3J2bX8,UCTPxMCyJyYGF6H0eBhOvgsA,Pinay mom's blogs,7390.0,,,,,,,,,,,,,,,,,,,0.0001724956390726506
IuOpZs9lo6I,UCPAz3hWHiBC-c1x4K0-atsg,Waleska Herrera,1230000.0,1.29,1.1375,0.2375,1.945,0.4675,0.6900000000000001,0.12,0.3175,0.4525,0.0,0.3125,0.2274999999999999,0.3675,0.0275,1.225,0.62,0.0,2.0,2.074314647076178e-05
IuRDt2Wvo5o,UCWm__g4cPmX-umorqM8VfWw,Travel with Luke Damant,1620000.0,0.83,0.0,1.685,0.935,0.49,1.525,0.59,1.105,0.06,0.0,0.665,0.17,0.0,0.375,0.7,0.25,0.0,1.0,0.00027311809519836344
IvUmOeCunQg,UCwjWUUCiv_TPoErI9AZv6Lg,BEYONDLOCALGODDESSES,340000.0,,,,,,,,,,,,,,,,,,,0.0004682024489114802
Ivn4-GzrETM,UC_DmOS_FBvO4H27U7X0OtRg,Fearless & Far,3030000.0,0.5,0.675,0.685,1.055,3.49,3.045,0.94,2.445,2.81,0.935,0.235,0.53,0.0,0.395,2.83,0.72,0.33,0.0,0.00032774171423803616
IxC-ZnacBiM,UC2V7XAqnvbIKmlox8FEMkvA,Marker 44,40000.0,,,,,,,,,,,,,,,,,,,0.0006554834284760723
IxD2NbXzgpQ,UCpko_-a4wgz2u_DgDgd9fqA,BuzzFeedVideo,19800000.0,0.295,0.495,0.39,0.375,0.895,0.74,0.22,1.18,1.405,1.62,0.28,0.075,0.38,0.06,1.815,0.8500000000000001,0.035,0.0,0.0002521090109523355
IxGdNHDMFPI,UCXXlfcu-12obaE62wSEgazw,NotJeffandSonia ,1330.0,1.25,0.0,1.27,1.17,0.21,1.92,0.42,1.9,0.31,0.0,0.0,1.37,0.48,0.9,0.0,0.0,0.0,1.0,0.0016387085711901807
IxIpNoCiEbY,UCs5vW-XTkApnkLbaiz0yNIg,Puting Pinoy of ExAmmon Studios,106000.0,,,,,,,,,,,,,,,,,,,0.0016387085711901807
Iyan0HkgZaY,UCIgeYqubI5M8LoLCcZqwlpw,kelly,1460000.0,,,,,,,,,,,,,,,,,,,0.0008193542855950903
Iyu62s08e6Y,UCpcVjkwSeZG6GJvLsIxK5Yw,Sol & Luna,88000.0,,,,,,,,,,,,,,,,,,,0.0002341012244557401
IyxERiRuRBw,UCOnj7dA6j1iTFtudrackMag,8 Miles from Home,348000.0,0.3533333333333333,0.0,0.0,1.1333333333333335,1.1966666666666663,0.6633333333333333,0.0133333333333333,0.9166666666666666,1.606666666666667,0.4166666666666667,0.0666666666666666,0.0,0.2533333333333333,0.0,1.5266666666666666,0.0566666666666666,0.2166666666666666,0.0,0.00036415746026448456
IzAW6O5YWBU,UC-UmKQ_TcbaUnwenqRudEiA,Seara Travels,90700.0,1.055,0.76,0.5750000000000001,0.55,0.8150000000000001,0.0,0.0,0.655,1.195,1.125,0.385,1.22,1.1,0.42,0.98,0.7050000000000001,0.145,1.0,0.0006554834284760723
J-E4D9E4xsI,UCPAz3hWHiBC-c1x4K0-atsg,Waleska Herrera,1230000.0,0.2833333333333333,0.03,0.8066666666666666,0.3533333333333333,0.4266666666666667,0.2466666666666666,0.4066666666666667,0.7466666666666667,0.4066666666666667,0.6966666666666667,0.0,0.4666666666666666,0.3866666666666666,0.5433333333333333,0.4666666666666666,0.0,0.2299999999999999,1.0,2.074314647076178e-05
J1Xs-HKmZUw,UCt9BTGSxATM6axwfTY4KnEg,A Foreigner in the Philippines,265000.0,,,,,,,,,,,,,,,,,,,5.462361903967269e-05
J3mX_a2tmMc,UCxXBZJLc5qGH8xXqbviQ2hQ,Lost and Jetlagged,6390.0,2.29,1.475,0.595,1.32,0.65,0.8150000000000001,0.25,2.035,1.5699999999999998,1.27,0.195,0.105,0.28,0.0,1.36,0.45,0.395,2.0,0.0008193542855950903
J4H-0ue4gXk,UC_hN8xs99S6jnMdYCuJgoJA,Pinoy Planet,97800.0,0.07,0.0,1.95,0.0,0.0,0.12,0.22,0.47,0.53,0.76,0.18,1.03,1.34,0.36,0.0,0.0,0.91,1.0,3.6015572993190784e-05
J4dz7tiXNEc,UCA3Vg2gqR-aycc8WoVewouw,Jez Prada,150000.0,0.42,0.28,0.0,0.27,0.78,0.375,0.415,0.69,1.205,1.93,0.0,0.0,0.445,0.0,0.93,0.0,0.91,0.0,0.0010924723807934538
J596xmeIL5w,UCryJ4vhASeu7uhXRPOL3WhA,What's up Philippines,311000.0,,,,,,,,,,,,,,,,,,,2.621933713904289e-05
J5LWi9sqvQk,UCumDKkURYIw_dKqtn9hN-Ew,Alina Mcleod,344000.0,0.76,0.0,0.0,0.33,2.26,2.19,0.11,2.68,3.09,0.0,0.0,0.0,1.05,0.0,2.81,0.0,0.0,0.0,0.0005462361903967269
J5l5os0-v5A,UCryJ4vhASeu7uhXRPOL3WhA,What's up Philippines,311000.0,,,,,,,,,,,,,,,,,,,2.621933713904289e-05
J7IGbrXZEZI,UCuDAPedRN3STOhhHu6v7Xxg,1tsmeZeus,322.0,0.04,0.02,1.64,0.09,2.51,2.9,1.65,1.91,2.9,1.47,0.0,0.2,0.0,0.0,1.04,0.0,0.79,0.0,0.0008193542855950903
J8kRfQADR88,UCEjpHDkceZ2lYjnI54t9fmg,Amboy Sa Pinas,10100.0,,,,,,,,,,,,,,,,,,,0.0008193542855950903
J9gH_ZLFHyU,UCG57u0jfLpuPuCAHRUtTxdg,Blonde&Bass,113000.0,1.4249999999999998,1.03,0.13,0.99,0.0,0.04,0.0,0.295,0.04,0.0,0.755,0.0,0.32,0.035,0.455,0.655,0.21,1.0,0.00032774171423803616
JBMQsxcS0Xk,UCGvXMm22q_NjSk2FxYM9pgw,TheKohlmeiers Fil-AmFam,2880.0,0.925,0.425,0.34,0.085,0.59,0.16,0.39,0.96,1.065,0.385,0.095,0.0,0.0,0.0,0.92,0.0,0.075,1.0,0.0016387085711901807
JBd0W-6YxCU,UCVv-y0k91qAA-uI_K46UBvg,Dabble and Travel,583000.0,,,,,,,,,,,,,,,,,,,0.00013109668569521446
JDUVOzWAWWs,UCobYD8WgP3GPOqgvXF2Yy1w,Adam and Jane's Lifestyle,75500.0,1.36,1.135,0.415,0.0,0.77,0.8999999999999999,0.22,0.35,0.62,0.405,0.715,1.46,1.025,0.44,0.22,0.0,1.135,1.0,6.827952379959086e-05
JDkoMGF8aEY,UCpcVjkwSeZG6GJvLsIxK5Yw,Sol & Luna,88000.0,1.062,1.028,0.0,1.614,0.8140000000000001,0.658,0.106,0.742,0.792,0.496,0.5820000000000001,0.8219999999999998,0.552,0.2239999999999999,0.902,0.404,0.4439999999999999,1.0,0.0002341012244557401
JDr06DtaHK4,UCQYkvXhPNaRxlu-jAI5_5Zg,LeRoc Living Our Life Philippines,1240.0,,,,,,,,,,,,,,,,,,,0.00010572313362517294
JEZPL3YERBY,UCobYD8WgP3GPOqgvXF2Yy1w,Adam and Jane's Lifestyle,75500.0,1.3666666666666665,1.1266666666666667,0.7233333333333333,1.59,0.4866666666666666,0.7633333333333333,0.2966666666666667,0.77,0.2666666666666666,0.0,0.8633333333333333,0.34,0.3666666666666667,0.0,1.0333333333333332,0.6233333333333334,0.1366666666666666,2.0,6.827952379959086e-05
JF5osFr94jM,UCdkq517IaeUcnG5CIiFX9RA,Shin Smith,36200.0,,,,,,,,,,,,,,,,,,,0.00010241928569938629
JFzRQ3TqhPs,UCAvW3R_81M2Dx6jXE_9DgDQ,Paint Your Lifestyle,12900.0,0.28,0.0,0.0,0.98,0.24,0.78,0.03,0.0,0.0,0.0,0.26,0.0,0.0,0.0,1.35,0.0,0.0,1.0,0.0010924723807934538
JJcY3gQsBu4,UCiBCl6B-tBRPFceSbdNraVw,Niki Aquino,2710.0,0.16,0.0,0.0,0.335,1.85,1.2,0.595,2.25,2.38,0.425,0.05,0.135,0.055,0.12,1.315,0.045,0.49,0.0,0.0010924723807934538
JKBWGVoPbRY,UCMVp1rW2TU7Jbm6PAmkHfbg,roamaniacs,3390.0,,,,,,,,,,,,,,,,,,,0.0010924723807934538
JM14c0yL29I,UCoRXPcv8XK5fAplLbk9PTww,THE K-POP,2860000.0,0.89,0.2383333333333333,0.5383333333333333,0.4599999999999999,0.1816666666666666,0.8266666666666667,0.0883333333333333,1.4466666666666663,0.8550000000000001,0.3166666666666666,0.175,0.1333333333333333,0.3816666666666666,0.0,1.0733333333333333,0.2316666666666667,0.065,1.0,0.0006554834284760723
JM9Pbukw9jE,UCaxaaz3CaYc8TN7crt_LvpA,Alpha F,17200.0,,,,,,,,,,,,,,,,,,,0.0010924723807934538
JNUQ72ZHlZs,UCrrc2wG-F1mPuah_Lb7FJvg,켈리벨스Kellybells,3400.0,1.4400000000000002,0.5333333333333333,0.7433333333333333,0.56,0.2233333333333333,0.28,0.5166666666666667,0.4333333333333333,0.3233333333333333,0.5533333333333333,0.42,0.1666666666666666,0.3433333333333333,0.0,0.1999999999999999,1.3866666666666667,0.3733333333333333,1.0,0.00040967714279754517
JOrfwgK3oXI,UC2YV9DGG7kN7mSeuQqD5QHA,Alwin GC,144000.0,,,,,,,,,,,,,,,,,,,0.0016387085711901807
JP12qxJQKDk,UCPAz3hWHiBC-c1x4K0-atsg,Waleska Herrera,1230000.0,0.3828571428571429,0.2042857142857142,0.0457142857142857,0.9428571428571428,0.1771428571428571,0.1971428571428571,0.2985714285714285,0.6471428571428571,0.2714285714285714,0.5557142857142857,0.1257142857142857,0.0914285714285714,0.04,0.0,0.3214285714285714,0.2514285714285714,0.0071428571428571,1.0,2.074314647076178e-05
JPgbpfpa63M,UChSsQPO1BNzgvup-VcmUeow,Brandon and Wila,7990.0,,,,,,,,,,,,,,,,,,,0.0010924723807934538
JQ-eZkZC5nA,UCBGWdISBOCKGE0IbL7_S3oQ,kazincredible,80900.0,1.47,0.73,0.0,1.82,0.0,0.0,0.0,1.13,0.21,0.98,0.32,0.0,0.0,0.19,0.71,0.0,0.0,2.0,0.0008193542855950903
JQCSr8R18a0,UCuQn8TDdvfdx6vtkvf3ZfeA,INTERVIEWS AROUND THE WORLD ,5700.0,,,,,,,,,,,,,,,,,,,0.0006554834284760723
JQpjfWV_p6E,UC3ScyryU9Oy9Wse3a8OAmYQ,FRONTLINE PBS | Official,3150000.0,0.73,0.33,0.495,0.52,1.43,1.7049999999999998,0.67,1.605,0.815,0.27,0.895,0.895,0.0,0.09,0.27,1.35,0.72,1.0,0.0010924723807934538
JR0jhnzM5VU,UCCgVh36x3hbuRnHMpwl443Q,Music Game News,1210000.0,1.43,0.772,0.446,1.848,0.55,1.142,0.434,0.8140000000000001,0.704,0.2679999999999999,1.0719999999999998,0.634,0.29,1.48,0.118,0.298,0.086,1.0,8.193542855950904e-05
JRzVGCUDuC0,UC8hiiGm6GTyTVvO-LtZ2Xmw,FoodieMommaPH,41100.0,0.72,0.695,0.23,0.0,2.345,2.185,0.74,1.61,2.145,0.92,0.025,0.065,0.385,0.06,3.815,0.11,1.125,0.0,0.0002521090109523355
JT5AVuqTeaE,UCU1wi0E8d98o0KTaOGJbieg,Paddy Doyle,303000.0,1.92,0.44,0.0,1.2,0.0,0.0,0.5,0.0,0.36,0.0,0.0,0.0,0.0,0.0,0.0,0.0,0.0,1.0,0.0005462361903967269
JUcqMXi38So,UChAO_nsjsixwuFHtjPIgz2A,Story of Monika,3130.0,,,,,,,,,,,,,,,,,,,0.0008193542855950903
JVIVZgJ5aec,UCo5IPeTfhzXzzNB64ALUSUw,The Demouchets REACT,182000.0,1.6566666666666665,1.6333333333333335,0.0,1.7466666666666668,0.2733333333333333,0.1833333333333333,0.0,0.96,0.7499999999999999,1.0133333333333334,0.3933333333333333,0.4766666666666667,0.1933333333333333,0.0466666666666666,0.43,0.3233333333333333,0.08,2.0,0.00018207873013224228
JWeJCE3dgxQ,UCt9CPuWfS9HgRZmSYpGPFaw,SUCCESS Vlogs,53600.0,,,,,,,,,,,,,,,,,,,0.00027311809519836344
JXxBmfyw6Xc,UCHza0GAxOvBOeLKkMeL8EcQ,Ken Abroad,510000.0,3.69,1.48,0.0,0.0,1.13,0.19,0.0,2.39,2.33,1.74,0.0,0.0,0.72,0.0,1.3,0.52,0.95,0.0,0.00012138582008816153
JZIEfgYvQio,UCyEd6QBSgat5kkC6svyjudA,Mark Wiens,11400000.0,1.01,0.76,0.0,0.01,1.37,0.0,0.0,1.57,3.52,1.52,0.0,0.0,0.46,0.0,1.74,0.45,1.9,0.0,0.00032774171423803616
JZnvP1MWBlk,UC8TejFCTSwkcpOubPVOcCaQ,Robbie Travels,3220.0,0.83,1.49,0.0,0.96,0.0,0.0,0.0,0.0,0.0,0.0,0.0,0.12,0.0,0.41,0.0,0.6,0.0,1.0,0.0005462361903967269
J_BQmskzXDk,UCSrMrcpvabewFQCSBRUAiWw,The Trips,12200.0,1.95,2.8000000000000003,0.0,3.023333333333333,0.2666666666666666,0.0,0.0,0.15,1.1966666666666663,0.1466666666666666,0.1666666666666666,0.09,0.0,0.1999999999999999,1.2,0.69,0.01,2.0,0.0005462361903967269
J_FyghotcLI,UCdkq517IaeUcnG5CIiFX9RA,Shin Smith,36200.0,,,,,,,,,,,,,,,,,,,0.00010241928569938629
Ja2nNDd9fjg,UCeJ5AjddCuEnZxtUggbzeDA,Bags Packed Family,269000.0,0.7125,0.0,0.345,0.4875,0.0799999999999999,0.1175,0.075,0.6475,0.25,0.6025,1.4225,0.0,0.4625,0.79,0.79,0.0,0.145,1.0,0.00036415746026448456
Jc2hb8-rcrY,UCMtmSvjz-Uhytpvkk3mdi-g,ASUKARIN Channel,314.0,1.41,0.0,0.19,0.59,2.2,2.13,0.0,1.39,2.55,0.76,0.02,0.0,0.0,0.0,2.19,0.14,0.0,0.0,0.0008193542855950903
JeMqRU-1zl4,UClC88Hwf0c115jFj-fhVj2A,Kano Harry,3930.0,,,,,,,,,,,,,,,,,,,0.00020483857139877258
JegXLSVwZWU,UCCb-6a1Fakv4QzwC2c-3vAg,Pinoy Luka,89000.0,,,,,,,,,,,,,,,,,,,0.0008193542855950903
JeiuMNOJ1EA,UCbc1OGGwJQJvk9zPNA0bMGg,The Tribal Act,4500.0,0.7,0.0,0.68,0.0,2.47,0.78,0.01,2.4,1.95,1.03,0.0,0.0,0.0,0.65,2.05,0.01,0.0,0.0,0.0010924723807934538
Jf2tNIE-IHE,UCxBWeubuZrc8sQE_bXytgUQ,Justin & Alina,138000.0,0.5633333333333334,0.2266666666666666,0.0,0.8633333333333333,0.4266666666666667,0.2766666666666666,0.0999999999999999,0.8099999999999999,1.4800000000000002,0.8266666666666667,0.35,0.0266666666666666,0.5833333333333334,0.0,1.086666666666667,0.0433333333333333,0.1466666666666666,1.0,0.00013655904759918172
JgmvviFnhZs,UCC6aF7bgIEBnMJC2rV4XOmg,Kuya Mike,5000.0,,,,,,,,,,,,,,,,,,,0.0010924723807934538
JiBsFTdOs1Y,UCEOA5dqY5Qzz5MaKBImavYg,,,,,,,,,,,,,,,,,,,,,
JjKJhXoh86o,UCmZEdaBmnUEoWAzLo4nFASA,Dean Hashim in The Philippines,471000.0,,,,,,,,,,,,,,,,,,,0.0008193542855950903
JkA9tkY1phY,UCYC6B6DMhDUTQQrwgD0CwOw,The Hutchinsons,112000.0,,,,,,,,,,,,,,,,,,,0.0016387085711901807
JlrWlTMAqr0,UCtI36M63s-kXfopZPF35SKQ,NordicPinoy,1320.0,0.98,0.05,0.69,0.74,0.62,0.985,0.36,1.195,1.2999999999999998,0.555,1.13,0.0,0.0,0.0,0.705,0.135,0.0,1.0,0.0016387085711901807
JnmNuvHMLZQ,UCryJ4vhASeu7uhXRPOL3WhA,What's up Philippines,311000.0,,,,,,,,,,,,,,,,,,,2.621933713904289e-05
JnuIUkeTSwI,UCX9TowVN7dt9OcrNq9idSSg,Vikachka & Eugene,1640000.0,,,,,,,,,,,,,,,,,,,0.0010924723807934538
JpOnvii2_1s,UCPAz3hWHiBC-c1x4K0-atsg,Waleska Herrera,1230000.0,1.5200000000000002,0.8766666666666666,0.75,1.6466666666666665,0.0,0.26,0.0,0.3666666666666667,0.21,0.2666666666666666,0.0,0.0,0.3466666666666667,0.1066666666666666,0.3033333333333333,0.37,0.15,1.0,2.074314647076178e-05
JpbO1V9XuVg,UCo9NvJhHOaDGlizAbVtlchg,UNCLE MOMO,95800.0,,,,,,,,,,,,,,,,,,,0.0016387085711901807
Jppwo7-7hLs,UCCgVh36x3hbuRnHMpwl443Q,Music Game News,1210000.0,0.65,0.0,1.41,2.42,0.0,1.3,1.11,1.07,0.0,0.0,0.07,0.0,0.0,0.0,3.81,1.23,0.0,1.0,8.193542855950904e-05
JsbGDdik8ao,UCPAz3hWHiBC-c1x4K0-atsg,Waleska Herrera,1230000.0,0.81,0.0,0.39,0.3825,0.2724999999999999,1.1425,0.2875,0.595,0.0775,0.3625,0.615,0.0325,0.7575000000000001,0.0,0.4275,0.3625,0.3075,1.0,2.074314647076178e-05
Jsm7oZ-8lVk,UC8u9rhEMQ1dN4nUW9hLS21g,Province Smile,37900.0,1.06,0.035,0.64,1.775,1.42,1.15,0.245,1.815,1.8,0.74,0.065,0.72,0.06,0.065,1.465,0.0,0.31,0.0,0.0010924723807934538
Jsz4MSGM-08,UCuz8KBA9YP2JpaHorBVTp7Q,The Bailey Squad,12700.0,0.495,0.0,0.14,0.355,1.2000000000000002,1.91,0.1699999999999999,1.57,2.005,1.035,0.0,0.0,0.0,0.0,1.005,0.0,0.0,0.0,0.00040967714279754517
Ju7cC_MNs9U,UC6tTTsFKifxEhOIMI2HtLeQ,Jelena Kopilec,173000.0,,,,,,,,,,,,,,,,,,,0.00036415746026448456
Jw72XdBwhjQ,UC7HxIb6bY4-ymtAOS_MGsOw,VI3ION,606000.0,0.55,0.23,1.5,0.0,3.12,3.28,0.29,2.58,3.56,0.71,0.0,0.0,0.0,0.0,2.16,1.22,1.39,0.0,0.0001560674829704934
JwIeegXNZ9c,UCbDelWG0lH_xzQjnH-bNB_w,josie lifts things,1080000.0,0.2766666666666666,0.0,0.1683333333333333,0.7266666666666667,0.9416666666666664,0.6483333333333333,0.3816666666666666,0.6749999999999999,0.9083333333333332,0.7433333333333333,0.2749999999999999,0.13,0.9966666666666668,0.0583333333333333,0.6416666666666667,0.3116666666666667,0.0733333333333333,1.0,0.0002521090109523355
Jx1j8K95tdc,UCryJ4vhASeu7uhXRPOL3WhA,What's up Philippines,311000.0,,,,,,,,,,,,,,,,,,,2.621933713904289e-05
JyespbKFTZE,UCCgVh36x3hbuRnHMpwl443Q,Music Game News,1210000.0,0.74,0.41,0.07,2.87,0.0,0.0,0.8,0.18,0.0,0.0,0.0,0.0,0.15,0.0,2.63,1.16,0.0,2.0,8.193542855950904e-05
JyuDpnjCK_U,UC3PVtkwtqwCD4LEPguBEADA,Mia Sandoval,395000.0,0.88,0.0,1.13,0.525,0.015,1.02,1.33,1.5,0.0,0.47,1.325,1.215,0.11,0.3399999999999999,0.0,1.26,0.645,1.0,0.00011705061222787004
K-W7_RY8d4M,UCYuOZy_oPeZL_1BdHxf-Y2Q,One Down,69600.0,0.9633333333333334,0.25,0.1399999999999999,0.15,0.0,0.1833333333333333,0.0266666666666666,0.1166666666666666,0.45,0.2633333333333333,0.4266666666666667,0.0,0.8833333333333333,0.1566666666666666,0.4466666666666666,0.21,0.5066666666666667,1.0,0.00032774171423803616
K-mSi0GNWN8,UC7EQzceJQbnNNOwLfFc-WhA,TheHervism commecicommeca,304.0,0.53,0.0,0.795,1.675,0.905,0.835,1.13,0.7350000000000001,0.485,2.065,0.215,0.685,0.43,0.33,0.86,0.795,0.38,1.0,0.0010924723807934538
K-o1LlCF-Hc,UCO5Jeark1e_JP36mY3ua19g,The Commodity,98300.0,0.44,0.0,0.415,0.0,0.6499999999999999,1.24,0.715,1.4,0.0,1.14,0.965,0.0,0.415,0.215,0.92,0.805,0.405,1.0,6.18380592901955e-05
K-rtaegZYkE,UCPAz3hWHiBC-c1x4K0-atsg,Waleska Herrera,1230000.0,0.38,0.03,1.0333333333333334,1.5599999999999998,0.4666666666666666,0.2533333333333333,0.2299999999999999,0.8033333333333333,0.8333333333333334,1.336666666666667,0.0,0.0,0.0999999999999999,0.0,1.2766666666666666,0.41,0.49,1.0,2.074314647076178e-05
K05mhgf0Lj4,UCaGbxfCf3D4pwjR2kXTYhZg,D&J TV,21400.0,0.41,0.0,2.94,0.6,0.0,1.93,0.75,1.32,0.0,0.96,2.2,0.47,4.06,0.0,1.46,3.14,0.27,1.0,0.00040967714279754517
K0FmdB8uGKA,UC2-_WWPT_124iN6jiym4fOw,Asian Boss,3840000.0,2.01,1.67,0.0,2.95,0.0,0.0,0.0,2.17,1.19,0.28,0.48,0.0,0.56,0.0,0.85,0.6,0.85,2.0,0.0006554834284760723
K20VZzncHgY,UCO5Jeark1e_JP36mY3ua19g,The Commodity,98300.0,0.67,0.1225,0.1425,0.4575,0.77,0.3125,1.8775,0.2375,0.045,0.495,1.6925,0.91,0.7949999999999999,1.5575,0.1425,1.3225,0.3075,1.0,6.18380592901955e-05
K4BnzGb1FGQ,UCRNHIq5_JclKEK4Gbx1UFDw,한인타운리조트 호텔&풀빌라,245000.0,0.6766666666666666,0.01,0.56,0.0066666666666666,1.6133333333333333,2.54,0.2766666666666666,1.22,1.6033333333333335,0.73,0.5466666666666666,0.0,0.1966666666666666,0.0,1.6233333333333333,0.1966666666666666,0.4666666666666666,0.0,0.00036415746026448456
K5raaRxqh2Y,UCKMU-I4eYw-D9QF1YdUMUlw,Calvin Castiel,207000.0,,,,,,,,,,,,,,,,,,,0.0001489735064718346
K6dZW1V3-FU,UCbPHHOiOY_tA9BSytK0jDYw,Beryl Shereshewsky,859000.0,1.4,0.02,0.59,0.81,1.66,1.53,0.0,1.25,1.15,0.64,0.73,0.0,1.18,0.0,0.0,0.0,0.0,1.0,0.00019278924366943303
K9Tfe4x_wro,UCoWQLZoPwn3mJ-oiPrwDpbA,Living abroad,163000.0,,,,,,,,,,,,,,,,,,,6.554834284760723e-05
K9_kfYsDQgw,UCGOs1FEDu3-Z-HQBKFbUYQA,Food with Mae,2070.0,0.0,0.0,0.185,0.855,1.065,2.33,0.095,1.295,1.4,0.0,0.71,0.11,0.77,0.0,1.065,0.0,0.225,0.0,0.0016387085711901807
K9h7xBf9uzA,UC1c0d39TNAKSS446H46VAlA,Asian Entertainment and Culture,42300.0,1.45,0.55,1.255,0.05,0.94,0.235,0.79,1.555,1.525,0.665,0.06,0.0,0.385,0.0,1.0,0.0,0.0,0.0,0.0010924723807934538
KAWBqgvlhfo,UCMY6vXA3cYbUuSf4zYmTwIQ,BookwormHead,2850.0,0.14,0.0,0.0,0.0,0.6,0.0,0.0,1.58,1.18,1.15,0.0,0.0,0.0,0.0,0.0,0.2,0.0,1.0,0.0006554834284760723
KAXmWs4Hlis,UCQQyW9Ki62OmGzHedws7xlQ,Bianca & Beyond,142000.0,0.75,0.0,0.6900000000000001,0.0,1.51,2.285,1.265,1.415,0.87,1.005,0.315,1.19,0.645,0.0,0.475,0.26,0.18,0.0,0.00010241928569938629
KBckeRChNT4,UCLNoXf8gq6vhwsrYp-l0J-Q,Xiaomanyc 小马在纽约,6770000.0,1.0066666666666666,0.015,0.1083333333333333,0.93,0.7433333333333333,0.3216666666666666,0.855,0.58,0.8783333333333333,0.85,1.445,0.8733333333333334,0.2483333333333333,0.4516666666666666,0.9,0.8783333333333334,0.3516666666666666,1.0,0.00021849447615869075
KD2wKZfqlZU,UC5NF_7WBa8OVDC0Xbs8yvOg,Japapino World ジャパピーノ,174000.0,,,,,,,,,,,,,,,,,,,0.00018207873013224228
KED-ZjR0xKQ,UCryJ4vhASeu7uhXRPOL3WhA,What's up Philippines,311000.0,,,,,,,,,,,,,,,,,,,2.621933713904289e-05
KG2lonDcGCU,UCsQD6RsJiIJQRAYu1G9aJHQ,Mary In India,1680.0,0.1899999999999999,0.12,0.0,0.1166666666666666,0.6366666666666666,0.58,0.1666666666666666,0.5066666666666667,1.3766666666666667,1.2133333333333332,0.29,0.0,0.7933333333333333,0.0,0.4933333333333333,0.1966666666666666,0.0999999999999999,1.0,0.0010924723807934538
KG5Ov18N26U,UCrrc2wG-F1mPuah_Lb7FJvg,켈리벨스Kellybells,3400.0,0.0,0.0,0.0,0.0,1.51,1.61,1.11,0.56,1.82,0.0,0.45,0.0,0.43,0.0,2.77,1.08,0.0,0.0,0.00040967714279754517
KIXccECYjyU,UCAUgY9e_n2DhyZTgvPRoJnQ,TriFate Geo,171000.0,1.835,2.015,0.0,2.27,0.495,0.075,0.0,1.2999999999999998,1.57,0.02,0.1,0.815,0.0,0.035,1.285,0.51,0.0,2.0,6.426308122314434e-05
KIrpiNTl1qo,UCoWQLZoPwn3mJ-oiPrwDpbA,Living abroad,163000.0,,,,,,,,,,,,,,,,,,,6.554834284760723e-05
KJrmE8BNCuM,UCrrc2wG-F1mPuah_Lb7FJvg,켈리벨스Kellybells,3400.0,,,,,,,,,,,,,,,,,,,0.00040967714279754517
KNXOzx6mkUE,UCPAz3hWHiBC-c1x4K0-atsg,Waleska Herrera,1230000.0,0.755,0.405,0.6875,1.3875,0.01,0.2175,0.25,0.6975,0.325,0.74,0.2525,0.0,0.0925,0.0,1.8375,1.3275,0.3675,1.0,2.074314647076178e-05
KOlzFdl35e4,UCO5Jeark1e_JP36mY3ua19g,The Commodity,98300.0,0.1633333333333333,0.0,0.0366666666666666,0.0,0.7033333333333333,0.0,0.6366666666666667,0.68,0.3966666666666666,1.3299999999999998,0.5499999999999999,1.2233333333333334,0.48,0.4533333333333333,0.21,1.14,0.1399999999999999,1.0,6.18380592901955e-05
KPJ4xdny8MY,UCilyWAYEBfQTJ9DhuVsh_NA,Pinoy Proud and Pride,1250.0,,,,,,,,,,,,,,,,,,,0.0008193542855950903
KPOFO1kxckg,UCU03NklypYW1AAIoNE2Vh1g,Jeanelleats,1900000.0,,,,,,,,,,,,,,,,,,,0.0002341012244557401
KPU07Ee_j_Y,UC9DwgmJc-uKnxGavukOy_6w,Aaron Around,9540.0,,,,,,,,,,,,,,,,,,,0.00016387085711901808
KPbgE2STJiE,UCPAz3hWHiBC-c1x4K0-atsg,Waleska Herrera,1230000.0,0.2483333333333333,0.335,0.6816666666666666,1.5766666666666669,0.3383333333333334,0.7133333333333334,0.0249999999999999,0.5883333333333334,0.5816666666666667,0.7733333333333333,0.4783333333333333,0.2133333333333333,0.4016666666666666,0.0316666666666666,0.9166666666666666,0.7783333333333333,0.2333333333333333,1.0,2.074314647076178e-05
KRj2QZgUqlU,UCVSUQLrgTP0MpiOR9Dg1HyQ,In Between Maps,5580.0,,,,,,,,,,,,,,,,,,,0.0016387085711901807
KSrS_KmFcmM,UCAqEoRfgMCtErK0qsL1cCtw,BuzzFeed UK,461000.0,0.6799999999999999,0.62,0.0,0.6725,1.11,0.775,0.2075,1.0074999999999998,1.7675,0.855,0.225,0.5325,0.6074999999999999,0.0075,1.8575,0.7475,0.5125,0.0,0.00036415746026448456
KTBkJEkTicw,UCxBWeubuZrc8sQE_bXytgUQ,Justin & Alina,138000.0,0.7566666666666667,0.0,0.6433333333333334,0.5333333333333333,1.6466666666666665,1.4366666666666668,0.3999999999999999,1.0466666666666666,1.6733333333333331,0.3899999999999999,0.1433333333333333,0.0,0.7200000000000001,0.38,0.3066666666666666,0.0,0.22,0.0,0.00013655904759918172
KUWHXdT39Rg,UCCgVh36x3hbuRnHMpwl443Q,Music Game News,1210000.0,1.15,1.14,0.0,3.68,0.0,0.0,0.0,0.0,0.0,0.0,1.97,0.43,2.05,0.0,2.15,0.92,0.0,2.0,8.193542855950904e-05
KUinzmCRI3k,UC5LpvwSNZSWDSS1AHoK4NZg,Raff De Leon,3000.0,,,,,,,,,,,,,,,,,,,0.0008193542855950903
KWEY2yJfy_E,UCXApBVrhzoGb4M4UKkEgpvg,Thazmin with Jhazmin,56300.0,0.722,0.13,0.296,0.282,1.52,2.178,0.242,1.132,1.476,0.756,0.476,0.19,0.776,0.0,1.566,0.258,0.45,0.0,0.0010924723807934538
KX3GBw9dV7Y,UCoqLzIVd0ojld7e9zxbFSgg,Go with Flo,72000.0,,,,,,,,,,,,,,,,,,,0.0010924723807934538
KXz0w4xRRsk,UCXA_2sDtNRf0vpNp_RZ3kqg,AmirMalikVlogs,10700.0,,,,,,,,,,,,,,,,,,,0.0010924723807934538
KYl74ijHMdg,UCqdBWKP4_8bU-Rsk2LvVz6Q,BecomingFilipino,1140000.0,,,,,,,,,,,,,,,,,,,0.0001560674829704934
K_lE7_c9ekk,UCRE7r7IHtuDeiYcPXdUXaVw,The Crowns Vlog,45400.0,,,,,,,,,,,,,,,,,,,0.0010924723807934538
KbAlwXR7ds0,UCEhQEvar9m9divTBuwuTzXQ,Ella Patrice Fajardo,128000.0,,,,,,,,,,,,,,,,,,,0.0010924723807934538
KdAgjXVe2K4,UCpcVjkwSeZG6GJvLsIxK5Yw,Sol & Luna,88000.0,0.6566666666666667,0.08,0.0,0.5033333333333333,1.5466666666666669,1.15,0.5633333333333334,1.1933333333333334,1.5699999999999996,1.6333333333333335,0.0,0.4966666666666666,0.3366666666666666,0.3766666666666666,1.623333333333333,0.6766666666666667,0.0,0.0,0.0002341012244557401
KdgZZqE1bi4,UC3V5_2DFqamGSrzYPg-Wggw,Hey Joe,615.0,,,,,,,,,,,,,,,,,,,0.0005462361903967269
KelcDGzQRKg,UC1MNjDRpoEsl_tiogaRYt1A,The Philippines Project,6150.0,0.0,0.0,0.77,0.0,3.42,3.48,1.41,3.1,1.57,0.02,0.0,1.89,0.0,1.61,0.52,0.0,0.86,0.0,0.0005462361903967269
KewTOAuam4s,UC_hN8xs99S6jnMdYCuJgoJA,Pinoy Planet,97800.0,1.2266666666666666,0.58,0.7833333333333333,0.3066666666666667,0.21,1.0033333333333332,0.25,0.6166666666666667,0.62,0.2166666666666666,0.0533333333333333,0.16,0.51,0.0499999999999999,1.0766666666666669,0.5533333333333333,0.3833333333333333,1.0,3.6015572993190784e-05
Kgr7qGU_sJw,UC4Zco0d-yYgZhOdlyTBQRTg,"Easy Wedding | Dubai, Georgia, Seychelles, Online",418.0,0.025,0.0,0.0,0.375,0.7949999999999999,1.225,0.0,1.65,1.84,1.655,0.29,0.0,0.845,0.385,0.935,0.145,0.0,0.0,0.0010924723807934538
Kk4YL2CZGPI,UCxLf1jDD8b2VH8cgKOhtUXw,The Egypino Couple,482.0,0.085,0.0,0.505,0.0,1.765,1.255,1.17,1.61,1.37,1.66,0.5,0.24,0.015,0.0,1.6849999999999998,0.645,0.0,0.0,0.0010924723807934538
KlL-XtnS_ps,UCcaIZBgmiYTJP9fpO_xjMTQ,Travel Escapes,246000.0,0.43,0.1,0.1718181818181818,1.0872727272727272,1.0118181818181815,1.2563636363636363,0.2709090909090909,0.9418181818181818,0.8636363636363636,0.4572727272727273,0.7863636363636364,0.6363636363636364,0.8027272727272727,0.69,0.7736363636363636,0.6590909090909091,0.0381818181818181,1.0,0.00032774171423803616
KlPl_euwcGE,UCSvaH7DbguYJcp8PHTTv1Zw,Bigg World Cinema,34000.0,,,,,,,,,,,,,,,,,,,0.00019278924366943303
KmWoT5FmtTk,UC_hN8xs99S6jnMdYCuJgoJA,Pinoy Planet,97800.0,0.0,0.0,0.47,0.0,2.13,2.93,0.78,1.77,2.69,0.92,0.0,0.0,0.93,0.53,2.16,0.0,0.0,0.0,3.6015572993190784e-05
KmaO8Z99BJU,UCENHwjTptE-I6PTAmymYrLw,Global Marissa,1320.0,0.23,0.605,0.41,0.215,2.385,3.11,0.96,1.54,1.515,0.72,0.54,0.055,1.4249999999999998,0.0,2.095,0.755,0.305,0.0,0.0010924723807934538
KqItPSo7R58,UCRNHIq5_JclKEK4Gbx1UFDw,한인타운리조트 호텔&풀빌라,245000.0,1.88,0.495,0.9875,0.695,0.3125,1.4025,0.0,0.0675,0.4125,0.6675,0.235,0.475,0.9375,0.06,0.635,0.1075,0.355,1.0,0.00036415746026448456
KrbZE3SL1vU,UCMGEUVgOJ3jqLfvogNjOH3w,Always on a Journey,38800.0,0.0,0.0,0.78,0.55,2.61,1.89,0.0,1.69,3.0,2.02,0.0,0.0,0.07,0.3,1.7,0.0,0.0,0.0,0.0008193542855950903
Ku6HUcfN-Pg,UCryJ4vhASeu7uhXRPOL3WhA,What's up Philippines,311000.0,,,,,,,,,,,,,,,,,,,2.621933713904289e-05
KuSZGmAz7zc,UCQQyW9Ki62OmGzHedws7xlQ,Bianca & Beyond,142000.0,0.6718181818181819,0.1045454545454545,0.4309090909090909,0.2054545454545454,0.7536363636363638,0.6954545454545454,0.4836363636363636,1.2554545454545456,0.8181818181818182,0.879090909090909,0.5363636363636364,0.0645454545454545,0.6036363636363636,0.4718181818181817,0.6136363636363636,0.3081818181818181,0.1572727272727272,1.0,0.00010241928569938629
KwD4e3ziCb4,UC_YHP03qQytjAfBK6tFcnew,Isaac & Andrea Vlogs,337000.0,0.75,1.355,0.0,0.92,0.76,0.615,0.0,1.15,1.44,1.07,0.135,0.0,0.0,0.13,2.135,0.955,0.035,2.0,0.0008193542855950903
KwTtV2ZJZ7U,UCoRXPcv8XK5fAplLbk9PTww,THE K-POP,2860000.0,1.424,0.632,0.632,1.372,0.066,0.324,0.0819999999999999,0.72,0.426,0.004,0.448,0.3299999999999999,0.316,0.018,0.558,0.286,0.2259999999999999,1.0,0.0006554834284760723
KxqcT1LUJhQ,UCPAz3hWHiBC-c1x4K0-atsg,Waleska Herrera,1230000.0,0.156,0.134,0.586,1.238,0.166,0.382,0.196,0.286,0.3419999999999999,0.16,0.5519999999999999,0.454,0.2259999999999999,0.1659999999999999,0.4679999999999999,0.372,0.388,1.0,2.074314647076178e-05
KxyoiLVn_YU,UCQ3i4wFECsKSLp8_9y-BkgA,Dustin Backpacks,160000.0,0.5,0.0,0.4133333333333333,0.8066666666666666,1.43,0.8366666666666668,0.2366666666666666,1.28,0.94,0.2533333333333333,0.9466666666666668,0.1566666666666666,0.0,0.02,0.6233333333333334,0.3,0.0333333333333333,1.0,0.00040967714279754517
Kys4CbieqpU,UCobYD8WgP3GPOqgvXF2Yy1w,Adam and Jane's Lifestyle,75500.0,1.09,0.0,0.0,0.445,0.54,0.72,0.6000000000000001,1.145,1.205,2.505,0.4599999999999999,0.38,0.87,0.0,0.4,0.11,0.0,0.0,6.827952379959086e-05
KzG17U1mbMc,UCQQyW9Ki62OmGzHedws7xlQ,Bianca & Beyond,142000.0,0.855,0.15,0.0,0.105,0.965,0.885,0.0,1.41,1.455,1.405,0.215,0.4599999999999999,0.495,0.0,0.655,0.04,0.0,0.0,0.00010241928569938629
L-OWMMdBkHk,UCGW5DXYdKZ4ULEdeAZn2AlQ,Wistl Family Adventures,22300.0,2.185,0.76,0.545,2.51,0.355,0.0,0.0,1.255,1.735,1.585,0.0,0.765,1.335,0.655,1.16,0.93,0.155,2.0,0.0010924723807934538
L2hgTGxK0bY,UCzLY1mM_li78EGhtDztNt8Q,Filipina Petite,28900.0,,,,,,,,,,,,,,,,,,,0.0006554834284760723
L5Bds-NmmAo,UC4r6JBPiafpR2J7L_-KRM0Q,Owl of Dating,34800.0,,,,,,,,,,,,,,,,,,,0.0006554834284760723
L79qy1_s3Ak,UCHEf6T_gVq4tlW5i91ESiWg,People Vs Food,12600000.0,,,,,,,,,,,,,,,,,,,0.00032774171423803616
L9tIAMCe2dc,UCO5Jeark1e_JP36mY3ua19g,The Commodity,98300.0,1.125,0.28,0.235,0.0,1.365,0.975,1.5299999999999998,1.47,1.315,2.365,0.4399999999999999,0.15,0.825,0.0,1.64,0.16,0.475,0.0,6.18380592901955e-05
LA8U3Lqr3b0,UCC59s1J7c7zreuvnvLUQ0Xg,Thrillist,712000.0,,,,,,,,,,,,,,,,,,,0.0010924723807934538
LAPppv-V3GQ,UCVWSmD7gyvZv7fpcgF-oiCQ,Mirco Tere & Bella,165000.0,,,,,,,,,,,,,,,,,,,0.0004682024489114802
LAfchScmbVY,UCTS0OE6du3iaBE8JC8azILg,Chumimot 🧿,5640.0,2.803333333333333,1.81,0.0,0.9833333333333332,0.3,0.24,0.0,0.0,0.2333333333333333,0.0,1.55,0.8533333333333334,1.106666666666667,0.1133333333333333,0.3766666666666666,0.4433333333333333,0.2466666666666666,2.0,0.0010924723807934538
LB20skQI1_k,UCZ7Cxp6r5JMhpSrIETCXzdQ,Mikey Bustos,1400000.0,,,,,,,,,,,,,,,,,,,0.0006554834284760723
LCPdReRvd00,UCO-BUJCM03NS-rwr1VonV4A,Divert Living,315000.0,0.2259999999999999,0.0,0.1,0.584,0.6020000000000001,0.732,0.192,1.066,0.658,0.6439999999999999,0.582,0.124,0.782,0.132,0.714,0.724,0.136,1.0,0.00032774171423803616
LCpmr8NTkzQ,UCORg6QV09GWtP1DDd6oH1iA,EXCLUSIVE TRAVEL REVIEWS,3750.0,0.0,0.0,0.0,0.89,1.96,2.9,0.0,1.35,2.9,0.89,0.0,0.0,0.44,0.0,2.37,0.0,0.0,0.0,0.0010924723807934538
LEF7IUO1crU,UCEOsP00dFUPSkLzEf12H3cA,T&A Travel Vlogs,3680.0,,,,,,,,,,,,,,,,,,,0.00036415746026448456
LFBH89t7niY,UC5zl9CnWhbwUBbPaqsWeyGw,Bella Akiyama,10800.0,,,,,,,,,,,,,,,,,,,0.0016387085711901807
LFkSktRSJpM,UCxBWeubuZrc8sQE_bXytgUQ,Justin & Alina,138000.0,0.17,0.0,0.4,0.0,1.045,0.88,0.0,1.6700000000000002,2.175,0.95,0.0,0.0,0.0,0.035,1.86,0.955,0.37,0.0,0.00013655904759918172
LGshLAntW0w,UCKLlmM881k4QZN-iUAFIQfw,Susie in the Philippines,128000.0,,,,,,,,,,,,,,,,,,,0.00013109668569521446
LJSuaQOQKQg,UCryJ4vhASeu7uhXRPOL3WhA,What's up Philippines,311000.0,,,,,,,,,,,,,,,,,,,2.621933713904289e-05
LJc-GGNCJdk,UCm3CG7lhRB0VkiefjhCCwZw,Tim Troetschel,92100.0,,,,,,,,,,,,,,,,,,,0.0008193542855950903
LL2jq8Ra3Cw,UCJVZRi2PVnCcOrwOsGNLyxQ,Speedy Recipe,35200.0,,,,,,,,,,,,,,,,,,,0.0016387085711901807
LLWlON3rO84,UCAUgY9e_n2DhyZTgvPRoJnQ,TriFate Geo,171000.0,1.163333333333333,0.6466666666666666,0.0,0.2966666666666667,1.6466666666666665,1.2300000000000002,0.31,1.61,2.066666666666667,0.67,0.89,0.0,0.0,0.0,2.3433333333333333,0.0,0.0,0.0,6.426308122314434e-05
LNin1zdtACc,UCl4I_ztLWgW8ybm9M0n1pyg,Nic & Rei,14700.0,0.31,0.0,0.0,0.0,1.62,3.25,0.08,2.26,2.6,0.57,0.0,0.0,0.15,0.0,3.98,1.57,0.0,0.0,0.00010572313362517294
LNtFTq32huA,UCQV3Pz-Yc4ZNfh884ANVqkg,Angeline Thomas,5880.0,0.445,0.1266666666666666,0.7633333333333333,0.4683333333333333,0.0983333333333333,0.1283333333333333,0.1083333333333333,0.5366666666666666,0.2283333333333333,0.8016666666666666,0.1666666666666666,0.64,0.3433333333333333,0.0866666666666666,0.485,1.0816666666666668,0.445,1.0,0.0016387085711901807
LP7b--mUOtQ,UCoHcRUQiJaeUve1136k1XDg,Manong George : Filipino UK Nurse,18300.0,,,,,,,,,,,,,,,,,,,0.0006554834284760723
LQRA4LI1dpw,UCLwXLrLjw0bvnk1eGQBNJmg,Mac n Teens,24300.0,1.415,0.825,0.315,1.385,1.2,0.74,0.0,0.42,2.055,0.925,0.415,0.0,0.0,0.62,0.875,0.415,0.235,1.0,0.0006554834284760723
LQyVs-4CuRk,UClnOJmWf3o_f6x-Q16rjorA,Dillon McClure,29400.0,,,,,,,,,,,,,,,,,,,0.0010924723807934538
LRt24SRWmrs,UCs_1hNJ9zID-nMOy3k7YeXg,Kubo,13.0,,,,,,,,,,,,,,,,,,,0.0016387085711901807
LSgMkVgWnU4,UCt9BTGSxATM6axwfTY4KnEg,A Foreigner in the Philippines,265000.0,,,,,,,,,,,,,,,,,,,5.462361903967269e-05
LTonXvxR7wg,UCz4BPD3vh5dmxm9BglG54SQ,World Famous Yum Yum Food Truck,775.0,0.0,0.0,0.0,0.0,1.99,2.4,0.43,1.9,1.64,0.3,0.16,0.23,0.0,0.29,2.65,2.39,0.46,0.0,0.0016387085711901807
LU3dP_VdymQ,UCNDk_kGqNSg60VNnzSeym_g,Chai Travel,95300.0,0.05,0.0,0.23,0.0,1.01,1.69,0.44,0.0,0.0,0.0,2.56,0.0,0.0,0.76,1.21,2.18,0.25,1.0,0.00040967714279754517
LV2RZPV3aR8,UCpcVjkwSeZG6GJvLsIxK5Yw,Sol & Luna,88000.0,1.2,0.195,0.625,0.055,0.25,0.44,0.505,0.245,0.39,0.35,0.715,1.265,1.23,0.195,0.0,0.065,0.12,1.0,0.0002341012244557401
LVFIaiY5x9w,UCU1wi0E8d98o0KTaOGJbieg,Paddy Doyle,303000.0,,,,,,,,,,,,,,,,,,,0.0005462361903967269
LVVI4KvH_Gw,UCSvaH7DbguYJcp8PHTTv1Zw,Bigg World Cinema,34000.0,0.31,0.0,0.27,0.01,1.98,0.0,0.36,1.59,2.08,2.57,0.0,0.54,0.0,0.22,0.79,0.0,0.0,0.0,0.00019278924366943303
LVaz4TG41r8,UCpL_tis0ertYh2DSOiCm51g,World Nomac,751000.0,0.2666666666666666,0.4566666666666667,0.5599999999999999,0.7133333333333334,0.0033333333333333,0.1766666666666666,0.0,0.5266666666666667,0.2033333333333333,0.83,0.3166666666666667,0.5066666666666667,0.2166666666666666,0.0266666666666666,0.8300000000000001,0.8000000000000002,0.5066666666666667,1.0,0.00020483857139877258
LVn5vDKe9qU,UCgXQWI3jkQBn4PT1zvFK1QQ,WeAreOcampo,240000.0,,,,,,,,,,,,,,,,,,,0.0010924723807934538
LVxfqOe3MFE,UC-1ZY8bY46rX3ySgG3Qyn3g,Dany Dev,428000.0,0.0,0.0,2.25,0.0,1.55,3.27,0.75,0.32,1.64,0.67,0.0,0.0,0.44,0.2,1.59,0.05,0.0,0.0,0.0005462361903967269
L_h9HRJ79-E,UCRrUJKpFAGgA9WVjSWhgk2Q,KIM n LEE,95200.0,0.41,0.75,1.14,0.84,1.79,3.41,0.9,0.0,1.67,0.0,1.91,0.0,0.0,1.82,2.02,3.04,0.76,0.0,0.00011301438422001247
LcnFV2eJmKg,UC7fga_Kycp9z6pg5Yhx7R-w,Bisayang Hilaw,1050000.0,,,,,,,,,,,,,,,,,,,0.0004682024489114802
LcsTba_KQXM,UCHza0GAxOvBOeLKkMeL8EcQ,Ken Abroad,510000.0,0.755,0.005,0.535,1.26,0.96,0.765,0.025,1.355,1.235,0.645,0.08,1.045,0.585,0.265,0.09,0.56,0.025,1.0,0.00012138582008816153
LczC9rkrNkM,UCFjh6CdEwrQrKf4o9QUnoEA,ONE FILIPINO TV,145000.0,0.5075000000000001,0.07,0.0,0.17,1.62,2.04,0.5325,1.2475,1.7,1.0,0.2325,0.4275,0.3125,0.115,0.7925,0.3275,0.01,0.0,0.00036415746026448456
LdqzS4LW4aI,UC0r0ciHDBQkjme-z3wzpS7g,Politicamente incorrecto,27500.0,,,,,,,,,,,,,,,,,,,0.0016387085711901807
LfPx5Ygzr9A,UCLvnKTwSZEnCbTHNnqiivRQ,Dodo Explorers,188000.0,1.17,0.03,0.045,0.965,1.805,3.245,0.855,1.755,1.5550000000000002,1.46,0.6900000000000001,0.0,0.175,0.125,1.895,0.545,0.095,0.0,0.00020483857139877258
LhMPiLdQBZ4,UCryJ4vhASeu7uhXRPOL3WhA,What's up Philippines,311000.0,,,,,,,,,,,,,,,,,,,2.621933713904289e-05
LhNm4ygDueQ,UCTPxMCyJyYGF6H0eBhOvgsA,Pinay mom's blogs,7390.0,,,,,,,,,,,,,,,,,,,0.0001724956390726506
LhzdL5Jz3FI,UCdkq517IaeUcnG5CIiFX9RA,Shin Smith,36200.0,,,,,,,,,,,,,,,,,,,0.00010241928569938629
LjvMqtRI-kk,UCaAjLj9oGV6VKMYq8FxEwdQ,DORCAS Morounmubo,78500.0,,,,,,,,,,,,,,,,,,,0.00036415746026448456
Lm3Z-ZnXsws,UCoWQLZoPwn3mJ-oiPrwDpbA,Living abroad,163000.0,,,,,,,,,,,,,,,,,,,6.554834284760723e-05
LmBtqFkvIn0,UCqa2MPu8bLY1PwVFUpSyVhQ,HiHo Kids,5610000.0,0.0,0.96,0.0,0.5,0.0,1.89,1.21,0.55,0.0,0.0,1.1,0.88,0.0,0.48,0.68,1.03,0.25,1.0,0.0010924723807934538
LoDHH_O0fDg,UCpdhEr4-JNBrfXBRmuPQdzA,Mama Soc,4130.0,0.785,0.09,1.46,1.42,1.055,0.0,0.675,0.94,1.28,0.835,0.365,0.865,0.0,0.0,1.04,0.06,0.375,1.0,0.0016387085711901807
Lot6VTTgzGw,UCWjSwkIn2gGgETcZZYaO-6g,RETIRING IN PARADISE,17000.0,1.7200000000000002,0.325,0.38,0.525,0.385,1.86,0.0,0.25,0.62,0.0,1.475,0.66,0.0,0.0,0.0,0.0,0.0,1.0,8.62478195363253e-05
LpM_EtEfmH0,UCdkq517IaeUcnG5CIiFX9RA,Shin Smith,36200.0,,,,,,,,,,,,,,,,,,,0.00010241928569938629
Lqznip8oO9M,UC-UmKQ_TcbaUnwenqRudEiA,Seara Travels,90700.0,0.76,0.835,0.0,1.235,0.52,0.93,0.25,1.465,0.6,1.745,0.64,0.0,0.145,0.0,1.62,2.055,0.0,1.0,0.0006554834284760723
LsCHNOZ3htY,UC9x4-ABRx6eyoTAaPLBSlHA,Avelina Encabo.CHANNEL,1530.0,0.98,0.0,0.36,0.435,1.415,1.835,0.4,0.74,0.965,0.96,0.81,0.53,2.16,0.33,0.7050000000000001,2.295,0.0,1.0,0.0008193542855950903
LsFTrq6vAus,UCswuss4ouZ293r024xXpiIg,THE SKWAD,38200.0,0.455,0.23,0.0,0.36,1.565,0.0,0.0,2.045,2.43,2.425,0.215,0.11,0.0,0.115,1.44,0.015,0.0,0.0,0.0004682024489114802
LtFyO_0vP4c,UC-jq_OD2e2xIcm5RdTrBcNg,Amazing Philippines,47200.0,,,,,,,,,,,,,,,,,,,0.0008193542855950903
LtXiRN0P2VY,UCuyMhLIzWRBnJ6dNdPXfXMQ,Travel With Mansoureh,57700.0,0.25,0.0,0.0,0.32,1.26,2.96,0.27,1.78,2.06,0.29,0.46,0.0,0.0,0.06,1.52,0.0,0.0,0.0,0.0006554834284760723
LtrL-cCzoNo,UCaGbxfCf3D4pwjR2kXTYhZg,D&J TV,21400.0,0.87,0.64,0.2766666666666666,0.1366666666666666,0.62,0.0,0.0533333333333333,0.64,1.26,0.97,0.48,0.3866666666666666,0.0,0.0666666666666666,0.63,0.0,0.2566666666666666,1.0,0.00040967714279754517
Lu1jm-WqD_s,UCoqLzIVd0ojld7e9zxbFSgg,Go with Flo,72000.0,,,,,,,,,,,,,,,,,,,0.0010924723807934538
LuEFNUUXA88,UC4r6JBPiafpR2J7L_-KRM0Q,Owl of Dating,34800.0,,,,,,,,,,,,,,,,,,,0.0006554834284760723
LvtB_HOBtXU,UCPAz3hWHiBC-c1x4K0-atsg,Waleska Herrera,1230000.0,0.6828571428571427,0.1457142857142857,0.2257142857142857,0.6728571428571428,0.1885714285714285,0.0,0.0128571428571428,0.3314285714285714,0.1885714285714285,0.2385714285714285,1.1457142857142857,0.3285714285714285,0.5,0.2057142857142857,0.4114285714285714,0.0314285714285714,0.0028571428571428,1.0,2.074314647076178e-05
LyiAFZFC0NI,UCz7ph8QVMhNyln-uylRdTsw,Ruth Lao,3550.0,0.73,0.0,0.0,1.77,0.0,2.57,0.34,0.43,0.0,0.0,0.5,0.0,1.25,0.0,0.0,0.0,0.0,1.0,0.0016387085711901807
M-M0m6XDSvc,UCryJ4vhASeu7uhXRPOL3WhA,What's up Philippines,311000.0,,,,,,,,,,,,,,,,,,,2.621933713904289e-05
M071g-kdsrs,UCkI3oDLbB2K0iQWXvPnKvmw,NOMAD FRANCE,5040.0,,,,,,,,,,,,,,,,,,,0.0005462361903967269
M0kuef7982M,UCryJ4vhASeu7uhXRPOL3WhA,What's up Philippines,311000.0,,,,,,,,,,,,,,,,,,,2.621933713904289e-05
M0lKXfyJh-I,UCZ7Cxp6r5JMhpSrIETCXzdQ,Mikey Bustos,1400000.0,0.0,0.285,0.945,1.085,1.48,1.7200000000000002,1.025,0.405,1.17,0.995,0.91,0.48,0.0,0.0,0.83,0.68,0.03,1.0,0.0006554834284760723
M1_FZDANQWI,UCoRFqiHx5lWraQ_iAp4si8w,TansDipas,116.0,,,,,,,,,,,,,,,,,,,0.0008193542855950903
M2Cf7-JpIUo,UCinEc0LuK0gQ9Dv6dsORmDw,PhatLife Project,24200.0,,,,,,,,,,,,,,,,,,,0.0016387085711901807
M6PeY_lZJk0,UC0kRouseKcdvPylRVa75Uag,Ron Digao,18800.0,1.07,0.43,0.0,0.58,0.6,0.35,0.0,0.87,0.99,0.65,0.0,0.33,0.0,0.31,0.0,0.0,0.0,1.0,0.0008193542855950903
M7clFz4fyeg,UCAUgY9e_n2DhyZTgvPRoJnQ,TriFate Geo,171000.0,1.44,1.18,0.75,1.775,1.55,1.83,0.46,1.4,1.665,0.705,0.0,0.0,0.0,0.095,1.52,0.43,0.425,0.0,6.426308122314434e-05
M7nAZgyp9I0,UCp3SQp-gytNc4cQ5iqrZv5Q,Tommyland,4350.0,0.11,0.0,0.0,0.16,0.0,1.45,0.0,0.0,0.4,0.0,0.0,0.0,0.0,0.0,0.0,0.04,0.0,1.0,0.0010924723807934538
M8MG_3YB3b8,UC8HWMvChbApPWJuI07k6sMg,Got and Pie ,4060.0,0.1,0.0571428571428571,0.4185714285714285,0.4371428571428571,0.2728571428571428,0.74,0.0814285714285714,0.2942857142857143,0.3528571428571428,0.4557142857142857,0.0814285714285714,0.0542857142857142,0.0971428571428571,0.0,0.3014285714285715,0.0514285714285714,0.3028571428571428,1.0,0.0016387085711901807
M8vrgQNSrb4,UCl3z7kQ9GlwAyAlwYgcOOmw,Videolux Philippines,25400.0,,,,,,,,,,,,,,,,,,,0.0010924723807934538
M8xFkYOQ8Wc,UCTL128JylZO50B0MqbUuhSw,EL's Planet,232000.0,,,,,,,,,,,,,,,,,,,0.0002341012244557401
M9C3dF4FjpQ,UC_hN8xs99S6jnMdYCuJgoJA,Pinoy Planet,97800.0,0.0,0.0,0.67,0.0,2.09,2.36,0.69,1.96,2.38,1.48,0.0,0.0,0.0,0.45,1.75,0.0,0.0,0.0,3.6015572993190784e-05
M9tx5tggT-k,UCF_weu4xhghTUXAgaijrafw,Romanians On The Road,19100.0,0.085,0.0,0.0,0.01,0.4049999999999999,1.155,0.635,0.99,0.105,0.075,0.04,1.05,0.0,0.325,0.0,0.2,0.0,1.0,0.0008193542855950903
M9xJylCV7-o,UCL9u5oNnY_pRyzt-UaP5JuQ,Jackie Nolan,16200.0,,,,,,,,,,,,,,,,,,,0.0006554834284760723
MA6uOxouxnQ,UCryJ4vhASeu7uhXRPOL3WhA,What's up Philippines,311000.0,,,,,,,,,,,,,,,,,,,2.621933713904289e-05
MBtWxCM7NYg,UCbDelWG0lH_xzQjnH-bNB_w,josie lifts things,1080000.0,1.51,0.07,0.7,0.0,1.32,1.53,0.83,0.35,1.77,1.28,0.23,0.0,0.57,0.0,3.84,1.17,0.0,0.0,0.0002521090109523355
ME0ICNval34,UCRzBNJTsBe2rq6pkyXeaj1A,TriFate Lifestyle,161000.0,2.29,0.55,0.67,0.0,2.51,1.28,1.04,1.5,2.7,1.85,0.0,0.0,0.0,0.33,2.23,1.18,0.0,0.0,0.0001724956390726506
MEDamnVjgXI,UCM_LbQqMyM08jynil9vYEGg,Travel Interesante - Gökçe & Steve,17700.0,0.0,0.0,0.99,1.01,1.37,0.11,0.97,0.92,1.59,0.46,0.0,0.0,0.65,0.15,1.78,0.0,0.33,0.0,0.0004682024489114802
MEh5Nuqwmok,UCdCcBT4F1nsVs46w3sG8Pjg,Kumusta Philippines,2310.0,0.368,0.02,0.616,0.15,1.076,1.436,0.3419999999999999,0.918,0.866,0.538,0.514,0.7220000000000001,0.482,0.218,1.12,0.206,0.224,1.0,0.0010924723807934538
MF3Xjml0UPI,UCDZP2n7wrjSrFA8_KENuJ3Q,MomDuty,244000.0,0.4433333333333333,0.0,0.1066666666666666,0.68,1.2899999999999998,1.6766666666666663,1.07,0.8933333333333334,1.4166666666666667,0.6666666666666666,0.4333333333333333,0.0,0.0,0.35,1.143333333333333,0.1133333333333333,0.8366666666666666,0.0,0.0008193542855950903
MGSnNfM2Suw,UCU03NklypYW1AAIoNE2Vh1g,Jeanelleats,1900000.0,,,,,,,,,,,,,,,,,,,0.0002341012244557401
MIiVqUYh_eo,UCMtmSvjz-Uhytpvkk3mdi-g,ASUKARIN Channel,314.0,0.7025,0.0308333333333333,0.8916666666666666,0.5675,0.3374999999999999,1.0858333333333334,0.3408333333333333,0.2541666666666666,0.3891666666666666,0.32,0.5841666666666666,0.4775,0.6241666666666666,0.1275,0.3808333333333333,0.0691666666666666,0.0383333333333333,1.0,0.0008193542855950903
MIk8-D1MQOI,UClC88Hwf0c115jFj-fhVj2A,Kano Harry,3930.0,,,,,,,,,,,,,,,,,,,0.00020483857139877258
MJRZQ3gGmM4,UCryJ4vhASeu7uhXRPOL3WhA,What's up Philippines,311000.0,,,,,,,,,,,,,,,,,,,2.621933713904289e-05
MKBogPOM3Ao,UC8hiiGm6GTyTVvO-LtZ2Xmw,FoodieMommaPH,41100.0,1.215,0.78,0.325,0.4,1.36,1.415,0.205,1.65,2.415,0.845,0.0,0.0,0.28,0.0,2.665,0.86,0.0,0.0,0.0002521090109523355
MKM8re4gqKw,UCP_y6xg3u3hF3pskXosMQyQ,Canadian In Philippines,17000.0,,,,,,,,,,,,,,,,,,,0.0002341012244557401
MKgOWgUwTrU,UCl4I_ztLWgW8ybm9M0n1pyg,Nic & Rei,14700.0,0.0,0.0,0.0,0.0,1.26,2.7,0.04,2.75,2.59,0.17,0.0,0.0,0.34,0.0,2.36,0.64,0.0,0.0,0.00010572313362517294
MLQ2ZT_v7WI,UC6VT3Fhk2z3-4leoCoZpyPQ,Reação Imediata,169000.0,0.48,0.0,0.3259999999999999,0.8459999999999999,0.486,0.758,0.548,0.8640000000000001,0.3419999999999999,0.654,0.393,0.355,0.238,0.093,0.27,0.31,0.191,1.0,0.00021849447615869075
MMOR5h6gS8s,UCig5Kw1Z2cLtSv0D-Fu8I8g,Starone TV,3340.0,0.7799999999999999,0.2266666666666666,0.4966666666666667,0.1033333333333333,0.9066666666666666,0.36,0.0,1.4766666666666666,1.72,1.0633333333333332,0.18,0.0,0.08,0.2766666666666666,2.2366666666666664,0.77,0.2933333333333333,0.0,0.0006554834284760723
MNseAL_z6W8,UCQ3i4wFECsKSLp8_9y-BkgA,Dustin Backpacks,160000.0,,,,,,,,,,,,,,,,,,,0.00040967714279754517
MNtJxjc0Agc,UCvU278VonkFgEvpKqRuZs1Q,nazfromqueens,2700.0,1.03,0.0,1.45,1.53,0.06,0.25,0.28,1.77,0.25,0.0,0.18,0.32,2.49,0.0,0.41,0.18,0.0,1.0,0.00040967714279754517
MQUbxkPd_dg,UCV34zLTn4A60jS8RTI96_sw,The Black Filipino TV,80200.0,,,,,,,,,,,,,,,,,,,0.0005462361903967269
MRP6KKzJ7Cw,UCP_y6xg3u3hF3pskXosMQyQ,Canadian In Philippines,17000.0,,,,,,,,,,,,,,,,,,,0.0002341012244557401
MRQ7_4CsCBk,UCrOmnHUEWYsGia51g9QNG7g,Japanese Shu channel,5550.0,1.13,0.8866666666666667,0.4366666666666667,0.5766666666666667,0.5933333333333334,1.356666666666667,0.51,0.6966666666666667,0.5333333333333333,0.56,0.36,0.4533333333333333,0.5033333333333333,0.0533333333333333,0.6666666666666666,1.0533333333333337,0.3966666666666666,1.0,0.0006554834284760723
MT5RB0pm6Yo,UC9x4-ABRx6eyoTAaPLBSlHA,Avelina Encabo.CHANNEL,1530.0,0.565,0.0,0.38,0.32,0.9,2.105,0.33,0.0,0.625,0.515,0.2,0.105,2.245,0.45,0.245,1.02,0.0,1.0,0.0008193542855950903
MU061QXgKGk,UCxSJTo4uztbhXxNr0DhkFsA,FMA Discussion,4240.0,0.0,0.0,2.56,0.18,1.56,0.0,1.5,1.52,0.52,0.88,0.1,0.0,0.62,0.0,0.21,0.18,0.0,1.0,0.0008193542855950903
MVnktQ5YmlY,UCj6wN8aXupC_RVWBD-Mof7g,Where Next Family,47900.0,,,,,,,,,,,,,,,,,,,0.0010924723807934538
MXK1zjOEAP8,UCobYD8WgP3GPOqgvXF2Yy1w,Adam and Jane's Lifestyle,75500.0,0.855,0.395,0.47,1.345,0.715,1.24,0.33,0.695,0.755,0.0,0.145,0.0,0.47,0.0,1.155,1.22,0.0,1.0,6.827952379959086e-05
MYOdeJM1KDs,UC8w6rSJhWmzLMBtL0daNkPw,FLYING THE WORLD,661000.0,0.09,0.0,0.7100000000000001,0.7949999999999999,1.02,0.205,0.07,0.79,0.91,1.845,0.295,0.105,1.24,0.255,0.34,0.15,0.0,1.0,0.0006554834284760723
MYYXYv1CeXc,UCpL_tis0ertYh2DSOiCm51g,World Nomac,751000.0,0.225,0.0,0.15,0.8049999999999999,0.9325,0.915,0.9775,0.4425,0.3325,0.105,0.465,0.0625,0.3225,0.05,0.0,0.0,0.1225,1.0,0.00020483857139877258
MYiU3RxXWKE,UCRrUJKpFAGgA9WVjSWhgk2Q,KIM n LEE,95200.0,1.5233333333333334,1.6766666666666663,0.4933333333333333,1.0933333333333335,0.0,0.1999999999999999,0.1433333333333333,0.33,0.09,0.0,0.5166666666666666,0.0,0.1166666666666666,0.0,0.0,0.0,1.2833333333333334,2.0,0.00011301438422001247
MYxDGf35jck,UCNDk_kGqNSg60VNnzSeym_g,Chai Travel,95300.0,0.0,0.0,0.0,2.4,0.4,0.0,0.29,1.09,0.55,0.85,0.76,0.0,1.8,0.0,1.33,0.36,0.0,1.0,0.00040967714279754517
MZrAxGNnjSk,UCSqcvKFWQhhQOiK4jxyEElQ,Bret Maverick,401000.0,1.5699999999999998,2.995,0.0,2.77,0.085,0.415,0.0,0.425,0.345,0.495,0.105,0.0,0.175,0.6950000000000001,0.355,0.27,0.14,2.0,0.0010924723807934538
M_LqzLGt9h4,UCPAz3hWHiBC-c1x4K0-atsg,Waleska Herrera,1230000.0,0.4428571428571429,0.0,0.4628571428571429,0.7928571428571428,0.1428571428571428,0.7057142857142857,0.45,0.6900000000000001,0.3471428571428571,0.3371428571428572,0.5871428571428571,0.3714285714285714,0.2685714285714285,0.1942857142857142,0.6071428571428571,0.3928571428571428,0.1157142857142857,1.0,2.074314647076178e-05
M_VlwYFRQJk,UCPAz3hWHiBC-c1x4K0-atsg,Waleska Herrera,1230000.0,0.5785714285714285,0.3728571428571428,0.5728571428571428,1.127142857142857,0.22,0.4585714285714286,0.2114285714285714,0.687142857142857,0.5671428571428572,0.4814285714285714,0.7242857142857143,0.1799999999999999,0.3571428571428571,0.37,0.5199999999999999,0.7657142857142858,0.1999999999999999,1.0,2.074314647076178e-05
M_XUw3tno9U,UCPAz3hWHiBC-c1x4K0-atsg,Waleska Herrera,1230000.0,0.5457142857142857,0.4171428571428571,0.3128571428571428,1.2614285714285711,0.1785714285714285,0.2357142857142857,0.29,0.4828571428571428,0.2785714285714286,0.4328571428571429,0.8428571428571427,0.7657142857142858,0.7628571428571428,0.0785714285714285,0.8242857142857144,1.304285714285714,0.0328571428571428,1.0,2.074314647076178e-05
M_zxfX-BJK4,UCygn9pOnMw5St5Mva69z5nA,RegenerationNationTV,335000.0,0.9466666666666668,0.3866666666666667,0.2733333333333333,1.22,0.9366666666666666,0.9333333333333332,0.9866666666666668,0.9333333333333332,0.5566666666666666,0.92,0.5333333333333333,0.2233333333333333,0.42,0.0233333333333333,1.2533333333333334,0.0,0.0166666666666666,1.0,0.0005462361903967269
MdRI-Yy1jkY,UC9I_iB31MrxbvFSJKaZiHqw,The Bing Buzz,63300.0,0.23,0.38,0.0,0.0,2.26,2.22,0.85,2.3,2.75,0.595,0.55,0.0,0.615,0.0,3.18,1.365,0.31,0.0,0.0010924723807934538
MdtqytowWeY,UCdkq517IaeUcnG5CIiFX9RA,Shin Smith,36200.0,,,,,,,,,,,,,,,,,,,0.00010241928569938629
MdzdP0rHXtA,UCKLlmM881k4QZN-iUAFIQfw,Susie in the Philippines,128000.0,,,,,,,,,,,,,,,,,,,0.00013109668569521446
MfHl1wK6StQ,UCryJ4vhASeu7uhXRPOL3WhA,What's up Philippines,311000.0,,,,,,,,,,,,,,,,,,,2.621933713904289e-05
MfftS_h6sNQ,UCPNBc7ZRwmgk1I6j_lenAfw,The Love Train Nation,23900.0,0.3219999999999999,0.0,0.256,0.11,1.06,1.398,0.118,0.3399999999999999,1.864,1.112,0.08,0.192,0.148,0.262,1.278,0.75,0.154,0.0,0.00010924723807934537
Mg58cqXP4q4,UCCgVh36x3hbuRnHMpwl443Q,Music Game News,1210000.0,0.842,0.778,0.1399999999999999,1.94,0.378,1.224,0.518,0.6799999999999999,0.556,1.124,0.396,0.796,0.324,0.094,0.754,0.72,0.0,1.0,8.193542855950904e-05
Mh9ihmJl2cw,UCt9BTGSxATM6axwfTY4KnEg,A Foreigner in the Philippines,265000.0,,,,,,,,,,,,,,,,,,,5.462361903967269e-05
MhC8j6zwpLg,UCobYD8WgP3GPOqgvXF2Yy1w,Adam and Jane's Lifestyle,75500.0,1.36,0.37,0.0,1.7400000000000002,0.705,1.32,0.585,1.185,0.97,0.63,0.77,0.535,0.91,0.0,1.08,0.32,0.14,1.0,6.827952379959086e-05
MhX6041_O9Y,UC9YWmmRmSvug3HYYnq2dcqw,Illustrado Magazine,2600.0,2.62,0.79,1.42,2.1,0.92,0.9,0.67,1.72,1.16,1.54,1.11,0.0,0.0,0.0,3.48,0.0,0.0,2.0,0.0010924723807934538
MitgWktj-BY,UCWjSwkIn2gGgETcZZYaO-6g,RETIRING IN PARADISE,17000.0,0.905,0.665,0.0,0.645,0.265,0.145,0.0,0.69,0.36,0.22,0.0,0.0,0.0,0.0,0.395,0.51,0.0,1.0,8.62478195363253e-05
MjL05yopUzw,UCM_LbQqMyM08jynil9vYEGg,Travel Interesante - Gökçe & Steve,17700.0,1.22,2.7,0.0,1.66,1.26,0.67,0.0,1.21,2.28,0.31,0.0,0.0,0.84,0.0,3.15,1.29,0.0,2.0,0.0004682024489114802
MlGE038jc4k,UCixD9UbKvDxzGNiPC_fgHyA,Paolo fromTOKYO,3620000.0,3.55,2.17,0.0,2.65,0.0,0.0,0.0,0.0,0.87,0.53,0.65,0.0,2.64,0.0,2.5,0.0,0.11,2.0,0.00032774171423803616
Mm2I5N5xfes,UCJWNBOyEz7RU9Zk_7dSZ8gg,Miss Universe Predictions,161000.0,0.3,0.34,0.0,0.56,0.0,0.0,0.0,0.0,0.0,0.0,0.0,0.0,0.53,0.0,0.68,0.08,0.0,1.0,0.0016387085711901807
MoWue2YAvJE,UCgFP46yVT-GG4o1TgXn-04Q,China Uncensored,2130000.0,1.6,2.14,0.11,0.0,0.73,1.19,1.45,1.74,0.94,0.73,1.38,1.65,0.73,0.14,0.69,2.32,1.04,2.0,0.0004682024489114802
MovIpxxyOlo,UCcAd5Np7fO8SeejB1FVKcYw,Best Ever Food Review Show,11600000.0,,,,,,,,,,,,,,,,,,,0.0006554834284760723
Mqg3qC6Ly3k,UC9jKcnqQ1TziJRAkSXbNISA,Happiness Crossing,106000.0,1.075,0.655,0.6,0.76,0.155,0.455,0.065,0.56,1.01,0.35,1.895,0.735,0.0,0.155,0.985,0.0,1.3250000000000002,1.0,0.0006554834284760723
MrEgR1mpbLY,UCQ3i4wFECsKSLp8_9y-BkgA,Dustin Backpacks,160000.0,0.21,0.21,1.79,1.99,0.0,0.0,0.02,0.0,0.0,0.0,0.78,1.33,0.0,0.66,0.89,3.67,0.0,1.0,0.00040967714279754517
MraeBd8ft78,UCO5Jeark1e_JP36mY3ua19g,The Commodity,98300.0,0.755,0.0,0.175,0.56,0.19,0.125,0.33,0.065,0.25,0.605,1.135,1.29,0.71,0.0,0.215,0.555,0.2,1.0,6.18380592901955e-05
MtDCFSc2leg,UC81LFswmKyrfySyFru_CWIQ,Captain Airplane,125000.0,,,,,,,,,,,,,,,,,,,0.0010924723807934538
MttG7NB1ilk,UCi9mzS8H-ez_30w5SCL2dmw,JREKML,1210000.0,1.025,0.405,0.75,0.36,0.44,1.14,0.035,1.05,0.975,0.43,0.025,0.75,0.0,0.0,0.715,1.32,0.335,1.0,6.827952379959086e-05
MvEJCA9q2bk,UCL9u5oNnY_pRyzt-UaP5JuQ,Jackie Nolan,16200.0,,,,,,,,,,,,,,,,,,,0.0006554834284760723
Mvjmt7bfpjM,UCkGnjL3liLUAHfhAAljws3w,Max Reaction,120000.0,1.48,0.33,0.225,0.75,0.16,0.925,0.525,1.17,0.22,0.87,0.865,1.245,0.635,0.335,0.295,0.335,0.24,1.0,0.0008193542855950903
Mxw5bLTK5pk,UCi9mzS8H-ez_30w5SCL2dmw,JREKML,1210000.0,1.585,1.625,0.005,2.045,0.0,0.55,0.17,0.08,0.0,0.975,0.415,1.085,0.8899999999999999,0.535,0.31,0.775,0.0,2.0,6.827952379959086e-05
N-cRDwAUgFE,UCOnj7dA6j1iTFtudrackMag,8 Miles from Home,348000.0,1.83,0.26,1.555,0.0,1.445,0.17,0.055,2.445,1.22,1.97,0.255,0.79,0.81,0.285,0.9,0.1,0.0,0.0,0.00036415746026448456
N0nI2EpovhQ,UCe6eisvsctSPvBhmincn6kA,Joe HaTTab,17900000.0,0.33,0.0,0.0,0.91,0.8,1.48,1.41,0.68,0.51,0.0,0.97,0.46,2.16,0.0,0.0,0.0,0.0,1.0,0.0010924723807934538
N30eSJCl5Cs,UC_hN8xs99S6jnMdYCuJgoJA,Pinoy Planet,97800.0,0.76,0.21,0.75,2.065,0.0,0.1,0.2,0.48,0.0,0.185,1.12,0.24,0.475,0.62,0.38,0.945,0.0,1.0,3.6015572993190784e-05
N3Cit-AE43o,UCYY2mNcq7pv6IRW92JIT6DA,The Juicy Vlog,583000.0,0.0,0.0,0.0,0.0,0.66,1.42,0.07,1.41,0.33,0.33,0.58,0.91,0.03,0.0,0.43,0.89,0.0,1.0,0.00014249639749479832
N7Are3AU9oQ,UCO5Jeark1e_JP36mY3ua19g,The Commodity,98300.0,0.955,0.0,0.0,0.0,1.2000000000000002,1.395,0.705,0.875,0.985,2.0700000000000003,0.8150000000000001,0.51,1.425,0.02,0.63,0.41,0.0,0.0,6.18380592901955e-05
N7UQv3UImGA,UCRrUJKpFAGgA9WVjSWhgk2Q,KIM n LEE,95200.0,2.01,1.0,0.0,0.32,1.68,1.5666666666666669,0.3933333333333333,1.586666666666667,1.7066666666666668,1.906666666666667,0.0,0.1766666666666666,0.66,0.16,1.8866666666666667,0.6233333333333333,1.22,0.0,0.00011301438422001247
N7ZUJU_8vU4,UC3PVtkwtqwCD4LEPguBEADA,Mia Sandoval,395000.0,2.5,1.35,0.43,1.46,0.72,0.02,1.58,1.02,0.38,0.49,0.0,0.0,2.3,0.0,2.39,0.0,0.95,2.0,0.00011705061222787004
N7x3UtdMxE4,UCDikY0fBFXGCFA_0Fr2azYg,Asians Down Under,413000.0,0.2633333333333333,0.1683333333333333,0.1183333333333333,0.51,0.03,0.5833333333333334,0.1266666666666666,0.4266666666666667,0.195,0.125,0.1766666666666666,0.2283333333333333,0.0,0.0,0.465,0.58,0.305,1.0,0.0010924723807934538
N8_aOGyiFzg,UCiEK-SwMjiYsiWzXvOKqKdg,AmysCrypt,324000.0,,,,,,,,,,,,,,,,,,,0.0004682024489114802
N8cAs9bt1Yo,UCjuOgcseA2FOKP288WPwERw,Kuya Devan,9060.0,,,,,,,,,,,,,,,,,,,0.0016387085711901807
N9TpNi2-T3E,UCzfEqx1_-zs2xUUzI3jVRSg,FinnSnow,541000.0,,,,,,,,,,,,,,,,,,,0.00016387085711901808
N9ZT_Ot_1ao,UCIpnQnRBlaNqDa-Di0DsHyw,Tengkers World [PHIL-KOR Family],202000.0,0.0,0.23,0.0,0.0,2.26,0.03,0.47,1.62,1.9,0.0,0.0,0.0,1.2,0.0,1.37,0.0,0.01,0.0,0.0005462361903967269
N9jNHnPi9is,UC6i-b_82Fu9hCcgVnJEuV-Q,Handa Studio Philippines,107000.0,,,,,,,,,,,,,,,,,,,0.0008193542855950903
N9uOmaqVGI0,UCryJ4vhASeu7uhXRPOL3WhA,What's up Philippines,311000.0,,,,,,,,,,,,,,,,,,,2.621933713904289e-05
NAvDcsxVazo,UCoWQLZoPwn3mJ-oiPrwDpbA,Living abroad,163000.0,,,,,,,,,,,,,,,,,,,6.554834284760723e-05
NBRsHSvnax4,UC5srj0Tgfq-FuFyk9HFl0Rw,GoldenTV Network,261000.0,,,,,,,,,,,,,,,,,,,0.00032774171423803616
NBVO7zfPBgA,UC1PwIaB8KklVK5iZqbtZErA,Flying Kell,205000.0,1.2,0.18,1.67,3.24,0.0,0.0,0.0,0.0,0.0,0.0,0.0,0.0,0.18,0.0,1.03,1.22,0.0,2.0,0.0002521090109523355
NBndpEzd9CI,UCWfAvyQaYPPfm3S0cTcbyag,USA to Philippines Life,1670.0,0.33,0.0,0.04,0.44,1.72,1.91,0.16,1.78,1.88,1.23,0.0,0.23,0.71,0.0,2.64,1.42,1.1,0.0,0.0010924723807934538
NBsOGUsBONc,UCL9u5oNnY_pRyzt-UaP5JuQ,Jackie Nolan,16200.0,,,,,,,,,,,,,,,,,,,0.0006554834284760723
NDW-jpl6MZM,UC7HxIb6bY4-ymtAOS_MGsOw,VI3ION,606000.0,0.8039999999999999,0.674,0.416,0.716,0.358,0.39,0.178,0.9280000000000002,0.654,0.4019999999999999,0.2719999999999999,0.0,0.428,0.012,0.936,0.772,0.162,1.0,0.0001560674829704934
NDjX8DFVM7w,UCryJ4vhASeu7uhXRPOL3WhA,What's up Philippines,311000.0,,,,,,,,,,,,,,,,,,,2.621933713904289e-05
NEDLWRSapp0,UCguRKiLcbY9yIG9fxmd9BuQ,Nicole and Mico,82000.0,1.43,0.8925,0.65,1.97,0.4825,0.0,0.0375,0.7475,0.6275000000000001,0.5225,0.915,0.5,0.135,0.0825,0.63,0.5625,0.0375,2.0,0.00040967714279754517
NERZaMVnVx4,UCKd9gq6eJCV7j5FO75q2_Fg,Frank,23800.0,,,,,,,,,,,,,,,,,,,0.0002979470129436692
NFgiuRVkg_o,UCatYGXWCXRt_0XLLKv1hkUw,Always Be Changing,501000.0,0.9575,0.0175,0.495,1.06,0.86,0.2225,0.235,0.8350000000000001,1.01,1.0825,0.0,0.0,0.285,0.625,0.595,0.3974999999999999,0.38,1.0,0.0002341012244557401
NHb76DHiiQk,UCPAz3hWHiBC-c1x4K0-atsg,Waleska Herrera,1230000.0,,,,,,,,,,,,,,,,,,,2.074314647076178e-05
NIS_Pckfru0,UCYr4VTQfBpXrccQw_H2S8RA,JUICY REACTS,318000.0,0.25,0.0,0.665,0.0,2.305,1.295,0.46,2.475,2.96,2.0700000000000003,0.0,0.0,0.0,0.0,3.315,0.345,1.5599999999999998,0.0,0.00012138582008816153
NJhJ_9bQZKE,UCCc0WJjvRZto3I7qlPzoWUA,Liza Quin,194000.0,0.43,0.5,0.485,0.865,0.315,0.705,0.0,1.19,0.76,0.24,0.0,0.0,0.095,0.0,1.915,1.98,0.77,1.0,0.0006554834284760723
NL-amMbK2xE,UCPAz3hWHiBC-c1x4K0-atsg,Waleska Herrera,1230000.0,0.4399999999999999,0.5233333333333333,0.2533333333333333,0.63,0.3033333333333333,0.0,0.4333333333333333,0.4266666666666667,0.7933333333333333,0.7533333333333333,0.1633333333333333,0.0,0.0,0.0,1.0566666666666666,0.1866666666666666,0.0,1.0,2.074314647076178e-05
NMqCIrGbmug,UCcqMEET3JKUsN9RGnMPdiyg,WonderFull Company,7250.0,0.59,0.0,0.0,0.26,0.0,0.51,0.0,0.0,0.11,0.0,0.54,0.7,0.5,0.36,0.25,0.85,0.18,1.0,0.0008193542855950903
NMuU2Tv-Oi4,UC3PVtkwtqwCD4LEPguBEADA,Mia Sandoval,395000.0,0.8999999999999999,0.945,0.125,2.28,1.09,0.4049999999999999,0.21,1.63,1.795,0.525,0.94,0.545,0.0,0.0,1.73,0.685,0.265,2.0,0.00011705061222787004
NNDYf-F_18U,UCe5wLGScEw2VUiDP-zdBzpw,Joint Base Podcast,15100.0,0.46,0.23,1.275,0.46,1.485,1.15,1.485,1.06,0.61,0.49,0.3,0.3,0.395,0.47,0.49,1.945,0.0,1.0,0.0008193542855950903
NRVvumC3hY8,UCYY2mNcq7pv6IRW92JIT6DA,The Juicy Vlog,583000.0,0.8966666666666668,0.6066666666666667,0.2299999999999999,0.9733333333333332,0.0,0.1999999999999999,0.2566666666666666,0.2433333333333333,0.1766666666666666,0.1466666666666666,0.8633333333333333,0.6966666666666667,0.27,0.1166666666666666,1.14,2.11,0.7133333333333334,1.0,0.00014249639749479832
NSn6mvohH_M,UCxqV2u6alqV9QDzQsOwbiog,Teens REACT,1100000.0,,,,,,,,,,,,,,,,,,,0.0008193542855950903
NSzUsGDUYNc,UCoWQLZoPwn3mJ-oiPrwDpbA,Living abroad,163000.0,0.855,0.49,1.02,0.025,0.7050000000000001,0.58,0.77,0.72,0.41,0.015,0.315,1.01,0.83,0.0,0.22,0.385,0.0,1.0,6.554834284760723e-05
NTAnGrxuP0g,UCCgVh36x3hbuRnHMpwl443Q,Music Game News,1210000.0,0.5566666666666668,0.1399999999999999,0.3033333333333333,0.7233333333333333,0.8833333333333333,0.5033333333333333,0.42,1.7699999999999998,1.1333333333333333,1.46,0.9766666666666668,0.6566666666666666,0.7400000000000001,0.0,1.2,0.0,0.0,1.0,8.193542855950904e-05
NTFjW6PhAC4,UC5fQirmGG9V8ftLwuAcB1Ag,Hector Cermeño,110000.0,0.2371428571428571,0.0,0.0,0.18,0.7857142857142857,0.8371428571428572,0.2385714285714285,1.5542857142857145,1.2914285714285714,0.3942857142857142,0.2342857142857142,0.0642857142857143,0.1971428571428571,0.0228571428571428,1.0542857142857145,0.1057142857142857,0.0871428571428571,1.0,0.0008193542855950903
NTh5laTZJu0,UCYuOZy_oPeZL_1BdHxf-Y2Q,One Down,69600.0,0.925,1.115,1.335,0.33,0.76,0.13,0.625,1.82,0.95,0.775,0.2,0.15,0.5,0.0,0.885,0.365,1.285,1.0,0.00032774171423803616
NV1BgbU9K4I,UC-jq_OD2e2xIcm5RdTrBcNg,Amazing Philippines,47200.0,,,,,,,,,,,,,,,,,,,0.0008193542855950903
NVdLtdpZisc,UCMuPgPrCACbIm9Fscs4TDvA,Millennial Legends,19000.0,,,,,,,,,,,,,,,,,,,0.0016387085711901807
NVwZy5FssBY,UCYr4VTQfBpXrccQw_H2S8RA,JUICY REACTS,318000.0,1.015,0.285,0.0625,1.4225,0.2724999999999999,1.9225,0.2475,0.485,0.3225,0.0,0.7775000000000001,0.69,0.3925,0.025,0.3275,0.6575,0.0,1.0,0.00012138582008816153
NW55-t1Nwoc,UCi9mzS8H-ez_30w5SCL2dmw,JREKML,1210000.0,,,,,,,,,,,,,,,,,,,6.827952379959086e-05
NaKV6fgXuIE,UCryJ4vhASeu7uhXRPOL3WhA,What's up Philippines,311000.0,,,,,,,,,,,,,,,,,,,2.621933713904289e-05
NavnqPt9zHc,UCaFgN6V43Xo1pRjQ4PjlSqw,WSLS 10,106000.0,1.615,0.07,1.05,0.515,0.985,1.27,0.02,0.89,1.335,1.58,0.0,0.0,0.56,0.14,2.22,1.205,0.8400000000000001,0.0,0.0010924723807934538
NbND1Zfw6TY,UCKie0svsFyBBsKaQIA4hx-w,American Entrepreneur in the Philippines,9850.0,1.53,0.18,0.0,1.8,0.46,0.07,0.0,1.64,1.19,1.4,0.29,0.3,0.0,0.26,0.08,2.78,0.0,2.0,0.00020483857139877258
NbVwOIM46mQ,UCzLY1mM_li78EGhtDztNt8Q,Filipina Petite,28900.0,,,,,,,,,,,,,,,,,,,0.0006554834284760723
Nd7SFkREd8k,UCCgVh36x3hbuRnHMpwl443Q,Music Game News,1210000.0,2.26,2.92,0.0,2.32,0.91,0.0,0.0,0.0,2.4,1.56,0.0,0.6,0.79,0.57,0.14,0.0,0.43,2.0,8.193542855950904e-05
NdLjKxqzDbA,UC_hN8xs99S6jnMdYCuJgoJA,Pinoy Planet,97800.0,1.15,2.09,0.0,2.06,0.0,0.0,0.0,0.0,0.0,0.0,0.23,0.0,0.0,0.0,0.33,1.15,0.0,2.0,3.6015572993190784e-05
NdPb1csdnuM,UCl4I_ztLWgW8ybm9M0n1pyg,Nic & Rei,14700.0,1.0,0.43,0.0,0.0,1.04,1.74,0.0,1.22,2.05,0.74,0.0,0.1,0.0,0.01,0.31,0.25,0.59,0.0,0.00010572313362517294
NdXV5fzQfB8,UCbPHHOiOY_tA9BSytK0jDYw,Beryl Shereshewsky,859000.0,1.81,0.23,0.31,0.89,0.0,0.42,0.0,0.58,0.19,0.0,0.64,1.01,1.06,0.0,0.95,0.0,1.04,1.0,0.00019278924366943303
Ndo79ZpSvrM,UC94bSvWltDS6I0U_u7mn8VQ,Two Broskis,24800.0,0.375,0.0,0.0,0.945,1.01,0.125,0.0,1.0,1.7,0.36,0.0,0.0,1.0,0.355,0.8650000000000001,0.0,0.8150000000000001,1.0,0.00036415746026448456
NgIPg2kZ-N0,UCryJ4vhASeu7uhXRPOL3WhA,What's up Philippines,311000.0,,,,,,,,,,,,,,,,,,,2.621933713904289e-05
Nh0Q0lJD7Mg,UCp4-ksiKbZ3vTmv3gQ6tF8w,The Wimmas,5890.0,,,,,,,,,,,,,,,,,,,0.0008193542855950903
NhaCqgsuhLY,UCGY-wd-aiR8rHX1XaJXII3A,Arty Travels ,10900.0,,,,,,,,,,,,,,,,,,,0.0010924723807934538
Nhem7qTgNN4,UCMQYXIyqCvjHOrIY8i4MDfA,Neilbee,765.0,,,,,,,,,,,,,,,,,,,0.0016387085711901807
NhwUh_mu_6w,UCqZhyEIN56L1o5XQS19bCKQ,Project Zero 1 - A Logical Dream,11100.0,,,,,,,,,,,,,,,,,,,0.0016387085711901807
NiKnEUWhdko,UCqfocj01PucRo5y4tuYWA-g,Serene Winters,12100.0,0.85,0.43,0.0,1.0,1.38,1.11,0.0,1.19,2.82,1.2,0.0,0.0,0.04,0.0,3.13,0.39,0.0,0.0,0.0016387085711901807
Nif8Lq8sRj0,UCO5Jeark1e_JP36mY3ua19g,The Commodity,98300.0,0.365,0.0,0.29,0.3,0.595,0.915,1.075,0.135,0.015,0.455,0.695,0.74,1.085,0.055,0.195,0.59,0.2,1.0,6.18380592901955e-05
Nk9xdyryua8,UCfKpZv8Ra6KRjGXLvKEMKFQ,Everyday with Kris,60300.0,,,,,,,,,,,,,,,,,,,0.0016387085711901807
Nlg28wGd0WE,UCPAz3hWHiBC-c1x4K0-atsg,Waleska Herrera,1230000.0,,,,,,,,,,,,,,,,,,,2.074314647076178e-05
NmdAkqchJKU,UCVv-y0k91qAA-uI_K46UBvg,Dabble and Travel,583000.0,,,,,,,,,,,,,,,,,,,0.00013109668569521446
NnaW8-F3VwM,UCCgVh36x3hbuRnHMpwl443Q,Music Game News,1210000.0,0.0,0.19,0.97,2.46,0.08,0.39,0.48,0.8,0.0,0.0,0.0,0.0,0.89,0.0,4.25,2.94,0.0,1.0,8.193542855950904e-05
No5ohGvALOs,UCHza0GAxOvBOeLKkMeL8EcQ,Ken Abroad,510000.0,0.84,0.0,0.38,0.41,0.27,1.33,0.69,0.66,0.0,0.35,0.62,0.0,0.61,0.0,0.79,0.9,0.0,1.0,0.00012138582008816153
NoJDvBLnw0U,UCbbw0svE3owMHUQcsL0nnUA,Happiness Boms,9330.0,,,,,,,,,,,,,,,,,,,0.00040967714279754517
NpVco5TTFKE,UCuyMhLIzWRBnJ6dNdPXfXMQ,Travel With Mansoureh,57700.0,1.88,2.08,0.73,1.59,1.16,0.89,0.0,2.07,2.21,2.3,0.0,0.0,0.0,0.0,3.31,1.8,0.0,2.0,0.0006554834284760723
NqVSBi-UkY4,UC_hN8xs99S6jnMdYCuJgoJA,Pinoy Planet,97800.0,0.61,0.0,0.0,0.22,0.55,0.86,0.0,0.92,1.73,1.72,0.0,0.0,0.0,0.0,2.11,0.0,0.0,0.0,3.6015572993190784e-05
NqgrTt_pjyE,UCswuss4ouZ293r024xXpiIg,THE SKWAD,38200.0,0.6233333333333334,0.1766666666666666,0.3116666666666667,0.8116666666666666,0.2966666666666667,0.6233333333333333,0.3166666666666666,0.8166666666666668,0.7316666666666668,0.24,0.3816666666666666,0.06,0.1516666666666666,0.0,0.515,0.66,0.0949999999999999,1.0,0.0004682024489114802
NszjlDWCpc0,UCnjItsx4ZOzT-v6rVarewVQ,IsafreyrVentures,88.0,0.0,0.0,2.16,0.25,0.45,0.68,0.0,0.66,0.06,0.0,2.15,0.96,0.7,0.0,1.4,0.0,0.0,1.0,0.0016387085711901807
O-hNKnpjzZ8,UCt9BTGSxATM6axwfTY4KnEg,A Foreigner in the Philippines,265000.0,,,,,,,,,,,,,,,,,,,5.462361903967269e-05
O0cIJww_amw,UCJRIZrpu3LwHfVXWqbArbTQ,Swahili Kingdom,8910.0,,,,,,,,,,,,,,,,,,,0.0016387085711901807
O16JP0YRKv4,UCZaT_X_mc0BI-djXOlfhqWQ,VICE News,9220000.0,1.41,0.0,0.84,0.7,0.4,0.0,0.59,0.72,0.0,1.41,1.66,0.6,0.0,1.11,1.03,2.2,0.13,1.0,0.0010924723807934538
O2ply5FZOfE,UCAUgY9e_n2DhyZTgvPRoJnQ,TriFate Geo,171000.0,0.74,0.7775,0.4425,2.05,0.4024999999999999,0.0975,0.0,0.6,0.8425,0.49,0.5475,0.07,0.095,0.115,1.0225,0.7725,0.0,1.0,6.426308122314434e-05
O4W9GKQlX7c,UCrH_qGCqMX4PJX5W3LXBzTQ,Tim Tayag,1600.0,0.4333333333333333,0.2616666666666666,0.6849999999999999,0.3116666666666667,0.5666666666666667,0.4966666666666666,0.3816666666666666,0.9816666666666668,0.7233333333333333,0.8166666666666668,0.535,0.58,0.6983333333333333,0.02,0.2966666666666667,0.665,0.0699999999999999,1.0,0.0008193542855950903
O4pFJpy_8Sk,UCau87M9DnzSL5iDE9f4uVKQ,Scott Auchterlonie Music,77300.0,,,,,,,,,,,,,,,,,,,0.0004682024489114802
O51QHb7QnRc,UCnuvocMQ6Tr31nIDiNX7qTw,Beth Roars,1010000.0,0.53,0.285,1.105,0.73,0.705,0.385,0.49,1.33,1.63,0.89,0.465,0.26,0.41,0.035,0.405,0.74,0.0,1.0,0.0016387085711901807
O5HEPxzKCZI,UCf8njWwyxdHr0q9Fg8mFmRQ,JoshuaSalom,1050000.0,0.4,0.0,0.022,0.15,1.246,1.97,0.8460000000000001,0.7779999999999999,1.02,0.248,0.386,0.008,0.486,0.146,0.922,0.1699999999999999,0.1,0.0,0.0008193542855950903
O5VbXW2YLIc,UCeoRAN5sr02w8_9aFWxIM4g,Tech Travel Eat by Sujith Bhakthan,2280000.0,0.565,0.0,0.39,0.44,1.3199999999999998,1.06,0.36,0.56,1.265,0.585,0.0,0.105,0.235,0.1599999999999999,0.535,0.095,0.115,1.0,0.0010924723807934538
O6efGAJXasw,UCO5Jeark1e_JP36mY3ua19g,The Commodity,98300.0,0.28,0.0,0.375,0.185,0.8400000000000001,0.85,1.31,1.01,0.92,1.475,0.7949999999999999,0.495,1.02,0.0,1.17,0.775,0.0,1.0,6.18380592901955e-05
O6qgWxGfnfc,UChOfNDlXR6XueB8IxMxeqBw,Chuckie's Kitchen,204000.0,0.985,0.2149999999999999,0.8999999999999999,0.0675,0.2225,0.545,0.0725,0.5325,0.53,0.5,0.305,0.3125,0.08,0.0075,0.5625,0.2,0.49,1.0,0.0004682024489114802
O8MjgV7fPXY,UC-wNjA3exMjeJlEU5TvJ4Tw,Big Guy Appetite,298000.0,0.7075,0.2175,0.3075,1.4475,0.26,1.055,0.78,0.0125,0.23,0.0,0.7224999999999999,0.7,0.0,0.16,0.0375,0.445,0.0,1.0,0.00040967714279754517
O9X91TACsyA,UCobYD8WgP3GPOqgvXF2Yy1w,Adam and Jane's Lifestyle,75500.0,1.545,0.315,0.79,0.55,0.875,1.97,0.545,0.575,0.835,0.355,0.23,0.09,0.93,0.0,1.305,0.26,0.03,1.0,6.827952379959086e-05
OA5QfHZOIMA,UCD-wx9lLiFeulexN0Y00DMQ,Closer Lives: Jenn and Leon ,14800.0,1.41,0.435,0.32,0.5900000000000001,0.0,0.0,0.485,0.33,0.0,0.0,0.4,0.22,1.885,0.0,0.395,0.285,0.945,1.0,0.0008193542855950903
OB_ee9rPkGA,UCp1KrVaZDZ7BOI_QBuTWWmg,KING 5 Seattle,538000.0,,,,,,,,,,,,,,,,,,,0.0010924723807934538
ODpvcLgLj9k,UCm-AYPZjXxu25xkXl3IWr2g,World Of Rob,1240.0,0.765,0.0,1.15,0.34,0.285,0.27,0.04,0.17,0.57,1.28,0.0,0.875,0.505,0.185,0.0,0.0,0.0,1.0,0.0016387085711901807
OEsSteLwIyk,UC8rEUBRN_jolCH0MqEc2_HA,Pamilya Abilla,2620.0,,,,,,,,,,,,,,,,,,,0.0016387085711901807
OFavhgXQRfk,UCi9mzS8H-ez_30w5SCL2dmw,JREKML,1210000.0,,,,,,,,,,,,,,,,,,,6.827952379959086e-05
OGYASOBiU_E,UCn1XB-jvmd9fXMzhiA6IR0w,Domics,7210000.0,,,,,,,,,,,,,,,,,,,0.0010924723807934538
OGdIZ6H3EZ0,UC7HxIb6bY4-ymtAOS_MGsOw,VI3ION,606000.0,0.54,0.6466666666666666,0.3899999999999999,1.1966666666666663,0.53,0.53,0.0,0.92,0.7466666666666667,0.36,0.0,0.0,0.0,0.0,1.2133333333333334,0.81,0.0066666666666666,1.0,0.0001560674829704934
OGsuQMEV5OY,UCRrUJKpFAGgA9WVjSWhgk2Q,KIM n LEE,95200.0,0.9533333333333333,0.73,1.0033333333333334,0.75,0.2366666666666666,0.4766666666666666,0.0466666666666666,0.98,0.3933333333333333,0.2033333333333333,0.5299999999999999,0.1833333333333333,0.0,0.0,1.0733333333333333,1.5933333333333335,0.1133333333333333,1.0,0.00011301438422001247
OHYPm4ya1Nw,UCZ8sKDdn4_0utHht48oXyWg,Clarijoy,56.0,,,,,,,,,,,,,,,,,,,0.0010924723807934538
OI-bTQKAOEw,UCoWQLZoPwn3mJ-oiPrwDpbA,Living abroad,163000.0,,,,,,,,,,,,,,,,,,,6.554834284760723e-05
OKejnARrorc,UCPAz3hWHiBC-c1x4K0-atsg,Waleska Herrera,1230000.0,0.33875,0.08125,0.22125,1.0725,0.33125,0.50125,0.19375,0.55375,0.555,0.29875,0.37375,0.14125,0.355,0.1725,0.5700000000000001,0.4075,0.20625,1.0,2.074314647076178e-05
OLLY9AWzmPw,UCVjTrw4vz5hpf-jwJzqy8Gg,Chubby Stick,255.0,,,,,,,,,,,,,,,,,,,0.0008193542855950903
OMevsvpItww,UC6i-b_82Fu9hCcgVnJEuV-Q,Handa Studio Philippines,107000.0,,,,,,,,,,,,,,,,,,,0.0008193542855950903
ONXdV2cDHuU,UCt9BTGSxATM6axwfTY4KnEg,A Foreigner in the Philippines,265000.0,,,,,,,,,,,,,,,,,,,5.462361903967269e-05
OOne93VSuCA,UCKie0svsFyBBsKaQIA4hx-w,American Entrepreneur in the Philippines,9850.0,1.71,1.6,0.0,2.64,0.94,0.0,0.35,2.69,1.73,1.05,0.46,0.0,1.13,0.0,0.06,0.49,0.0,2.0,0.00020483857139877258
OOuX4FFPDK8,UCTfHKQ9fbUEiStUAQEax7dw,,,,,,,,,,,,,,,,,,,,,
OPVd1xyXifA,UCt9BTGSxATM6axwfTY4KnEg,A Foreigner in the Philippines,265000.0,,,,,,,,,,,,,,,,,,,5.462361903967269e-05
OPhlVS1igFI,UCpL_tis0ertYh2DSOiCm51g,World Nomac,751000.0,1.062,0.022,0.458,0.3399999999999999,0.424,1.0699999999999998,0.1659999999999999,0.898,0.602,0.8800000000000001,0.636,1.254,0.818,0.584,0.308,1.118,0.188,1.0,0.00020483857139877258
OQBIl8dDGs8,UCWjSwkIn2gGgETcZZYaO-6g,RETIRING IN PARADISE,17000.0,0.755,0.295,0.0,0.6799999999999999,0.6275,0.93,0.0,0.7025,0.7175,0.595,0.515,0.11,0.5025,0.0,0.21,0.2799999999999999,0.04,1.0,8.62478195363253e-05
OQdkKvEnVfg,UCwmjQLxUeYS2qxpNH8cF0Rw,BossD3nnis,15000.0,,,,,,,,,,,,,,,,,,,0.0002521090109523355
OSBd03yJyhQ,UCgFKLJkz381t545douXDL_A,Kenzo Martini,116000.0,1.52,0.0,0.0,1.32,0.28,1.49,0.94,2.28,1.02,0.0,1.23,1.1,1.39,0.71,0.0,0.0,0.0,1.0,0.0008193542855950903
OSKMaEviHDY,UCO5Jeark1e_JP36mY3ua19g,The Commodity,98300.0,0.185,0.0,0.36,0.015,0.42,0.22,0.63,0.16,0.0,0.76,0.86,1.57,1.165,0.175,0.29,1.515,0.12,1.0,6.18380592901955e-05
OSQmdijypXk,UCQvZnhzOeb5FSGU--TZqt0Q,Fil-American Made,17100.0,,,,,,,,,,,,,,,,,,,0.0008193542855950903
OS_zteUZdwU,UCqOY9zsZrrd7MMYN-m8kcag,Britx Sui,117000.0,0.0,0.0,0.0,0.0,1.97,1.21,0.0,0.71,3.09,1.45,0.0,0.0,0.0,0.0,2.87,0.65,0.58,0.0,0.0010924723807934538
OSanouo7f7I,UCPyi-4WfF63TJ95zKShawcw,itsKEVO,490000.0,1.1475,0.1075,0.7424999999999999,1.215,0.6525,1.1124999999999998,1.08,1.0475,0.8474999999999999,0.8150000000000001,0.53,0.7625,0.1,0.0975,1.2325,0.26,0.0975,1.0,0.0002341012244557401
OSjycVhJRBs,UCi9mzS8H-ez_30w5SCL2dmw,JREKML,1210000.0,,,,,,,,,,,,,,,,,,,6.827952379959086e-05
OUCbGaYIWfg,UCRrUJKpFAGgA9WVjSWhgk2Q,KIM n LEE,95200.0,0.9266666666666666,0.2566666666666666,0.2866666666666667,0.2433333333333333,0.7866666666666666,1.93,0.52,1.0066666666666666,1.1166666666666665,0.49,0.2733333333333333,0.3233333333333333,0.3133333333333333,0.2299999999999999,1.12,0.5533333333333333,0.2833333333333332,1.0,0.00011301438422001247
OVISEDOiSmY,UCgvTNqLFbMS8Wp73r00fGLA,ItsNomadTrinidad,3670.0,1.14,0.0,0.52,1.01,2.05,1.15,0.73,3.08,1.73,2.9,0.0,1.53,1.08,0.98,0.1,0.0,0.0,0.0,0.0004682024489114802
OWmdWZsi8Kc,UCT1Ay1RAXtUlEII5toY3gBg,Faruk Acar,32500.0,1.346666666666667,0.3933333333333333,0.96,1.23,0.8866666666666667,0.3433333333333333,0.1233333333333333,1.3166666666666669,1.0466666666666666,1.04,0.0766666666666666,0.7133333333333334,0.0,0.0,0.2233333333333333,0.0066666666666666,0.0133333333333333,1.0,0.0016387085711901807
OZ7FYacpq7w,UC0NGOXcSHs4Jq6FDpIYWkJA,Życie na Filipinach - Rafał Baran,73600.0,1.3133333333333332,0.18,0.35,0.4066666666666667,0.16,0.4433333333333333,0.2733333333333333,0.1899999999999999,0.3,1.1700000000000002,0.7399999999999999,0.0333333333333333,0.34,0.4866666666666666,0.4066666666666667,0.2733333333333333,0.3366666666666666,1.0,0.0006554834284760723
OZScLVaTZdQ,UCcaIZBgmiYTJP9fpO_xjMTQ,Travel Escapes,246000.0,0.225,0.495,0.0,0.505,1.3250000000000002,1.545,0.37,1.6949999999999998,2.055,0.25,0.21,0.49,0.015,0.48,1.4,0.6,0.0,0.0,0.00032774171423803616
O_6cK6NVsqA,UCHza0GAxOvBOeLKkMeL8EcQ,Ken Abroad,510000.0,0.4375,0.0,0.06,0.6675,0.965,0.94,0.035,1.46,1.215,0.8225,0.17,0.495,0.0925,0.0,0.875,0.8700000000000001,0.17,1.0,0.00012138582008816153
O_r7JSZ4reU,UCs5GnuB9y1pSWswQPLF2kXA,Brendan van Son,172000.0,,,,,,,,,,,,,,,,,,,0.0016387085711901807
OaFdmeDbB08,UCLvnKTwSZEnCbTHNnqiivRQ,Dodo Explorers,188000.0,0.89,1.5,0.0,1.22,0.0,0.0,0.0,0.9,0.36,0.0,0.88,0.26,0.0,0.0,0.44,0.0,1.5,1.0,0.00020483857139877258
ObTenfSiLuE,UCswuss4ouZ293r024xXpiIg,THE SKWAD,38200.0,0.845,0.4,0.545,0.11,0.88,0.875,0.3575,1.52,1.1225,1.585,0.185,0.0,0.4,0.0,2.05,0.43,0.43,0.0,0.0004682024489114802
OdtTaM1feHE,UCobYD8WgP3GPOqgvXF2Yy1w,Adam and Jane's Lifestyle,75500.0,0.5449999999999999,0.22,0.03,0.61,1.235,0.665,0.665,0.65,1.75,1.24,0.305,0.4,0.0,0.105,1.42,0.825,0.055,0.0,6.827952379959086e-05
OfSMIWxaG4w,UCryJ4vhASeu7uhXRPOL3WhA,What's up Philippines,311000.0,,,,,,,,,,,,,,,,,,,2.621933713904289e-05
OfuTFJuM-yY,UCkGnjL3liLUAHfhAAljws3w,Max Reaction,120000.0,1.0083333333333333,0.44,1.16,0.92,0.6250000000000001,0.6283333333333333,0.5916666666666667,0.3633333333333333,0.8266666666666667,0.8933333333333332,1.155,0.725,1.4333333333333331,0.2683333333333333,0.4016666666666666,1.1683333333333332,0.2666666666666666,1.0,0.0008193542855950903
OhGDv8MDDUQ,UCt9CPuWfS9HgRZmSYpGPFaw,SUCCESS Vlogs,53600.0,,,,,,,,,,,,,,,,,,,0.00027311809519836344
OjYe-8YwBes,UCKLlmM881k4QZN-iUAFIQfw,Susie in the Philippines,128000.0,,,,,,,,,,,,,,,,,,,0.00013109668569521446
OkES3VPT7So,UC5wQUM_uqQ6bo6zxvEG6QJw,Proudly Nomadic,12000.0,2.115,0.655,1.545,0.98,1.35,1.69,0.71,0.7749999999999999,0.09,0.0,1.145,1.475,0.69,0.44,0.195,0.0,0.0,1.0,0.0002341012244557401
OkKvftgm-jY,UCiEpme4y4_PQGsPZHA3gK5w,Hoda & Hossam Vlogs,2870.0,,,,,,,,,,,,,,,,,,,0.0008193542855950903
Omu6RFJ_7yE,UCYY2mNcq7pv6IRW92JIT6DA,The Juicy Vlog,583000.0,1.14,0.33,0.85,0.26,1.25,0.0,0.46,1.94,2.3,0.0,0.0,0.0,1.05,0.0,4.92,2.68,0.51,0.0,0.00014249639749479832
Oo-BAkHGqx4,UCO5Jeark1e_JP36mY3ua19g,The Commodity,98300.0,0.19,0.0,0.23,0.0,0.99,0.955,1.055,0.895,0.865,1.015,0.12,0.225,0.765,0.0,0.955,0.895,0.08,1.0,6.18380592901955e-05
OoEmV3-yF0w,UCbPHHOiOY_tA9BSytK0jDYw,Beryl Shereshewsky,859000.0,3.36,2.84,0.26,0.91,0.0,0.0,0.0,0.13,0.05,0.0,1.33,2.41,1.32,0.0,0.0,0.0,1.24,2.0,0.00019278924366943303
OoI1-99YVG8,UCt9BTGSxATM6axwfTY4KnEg,A Foreigner in the Philippines,265000.0,,,,,,,,,,,,,,,,,,,5.462361903967269e-05
Ormouw6yOCc,UC_hN8xs99S6jnMdYCuJgoJA,Pinoy Planet,97800.0,0.52,0.41,1.74,0.65,0.0,0.0,0.0,0.0,0.0,0.0,0.21,1.75,0.0,0.23,0.0,0.81,1.48,1.0,3.6015572993190784e-05
Ot7tb85Si_M,UCTfHKQ9fbUEiStUAQEax7dw,,,,,,,,,,,,,,,,,,,,,
OtCORnXCjxY,UCxOrk9Oi3SetDyZZq8SfPSg,Sights of Cy,17100.0,0.3271428571428571,0.3157142857142857,0.0,0.53,0.1285714285714286,0.4885714285714285,0.0,0.4714285714285715,0.1599999999999999,0.2285714285714286,0.2057142857142857,0.0542857142857142,0.2071428571428571,0.0,0.32,0.52,0.0,1.0,0.0016387085711901807
OtZqj0iKHsM,UCt58ZnSnFPr5XB6mqdQHOrQ,Jason Maoreen,1290.0,0.12,0.07,0.455,0.305,1.56,0.65,0.36,2.5700000000000003,2.5700000000000003,1.845,0.0,0.0,0.085,0.0,2.735,0.86,0.605,0.0,0.0016387085711901807
OtuA-_BiItQ,UCqwxJts-6yF33rupyF_DCsA,Life Where I'm From,1820000.0,,,,,,,,,,,,,,,,,,,0.0016387085711901807
Ou2zaMWAHfk,UCaNE4zwCwdCewUvVOHR5tfw,TRISTAN NDIANGA,3910.0,0.592,0.0,0.552,0.51,0.628,0.766,0.588,1.0799999999999998,1.12,1.276,0.55,0.024,0.398,0.472,1.0699999999999998,0.678,0.206,1.0,0.0016387085711901807
OusxeFragJU,UCRuoOpexSwWdBIByS7RZn8Q,Travel Guide International ,1630.0,1.32,0.08,0.0,1.89,0.23,0.0,0.0,0.0,1.25,0.95,0.0,0.0,1.46,0.0,0.52,0.0,0.0,1.0,0.0016387085711901807
OwtlyzaZvnI,UCzsch8xdb-N_ZEt6tvHfFJA,Gie in Holland,4550.0,0.895,0.29,0.235,0.585,0.0,0.115,0.23,1.705,0.17,0.915,0.185,0.825,0.0,0.235,0.0,0.02,0.17,1.0,0.0016387085711901807
OzNbCfQoj6U,UCuQn8TDdvfdx6vtkvf3ZfeA,INTERVIEWS AROUND THE WORLD ,5700.0,,,,,,,,,,,,,,,,,,,0.0006554834284760723
OzQhTL5rEOI,UCLwXLrLjw0bvnk1eGQBNJmg,Mac n Teens,24300.0,0.7649999999999999,0.185,0.885,0.465,0.5449999999999999,0.98,0.23,0.195,0.185,0.25,0.435,0.02,0.0,0.35,0.33,0.675,0.5800000000000001,1.0,0.0006554834284760723
P-9zC883vFE,UCrH_qGCqMX4PJX5W3LXBzTQ,Tim Tayag,1600.0,0.21,0.63,0.0,0.21,0.0,0.19,0.0,0.07,0.0,0.0,0.27,0.52,0.0,0.0,1.0,1.16,0.0,1.0,0.0008193542855950903
P-I4Bay5SXo,UCuCuEKq1xuRA0dFQj1qg9-Q,Knowledgia,2080000.0,0.0,0.0,0.0,0.85,0.0,0.0,0.44,0.13,0.0,0.0,1.3,1.77,0.0,0.14,0.0,1.55,0.1,1.0,0.0010924723807934538
P0XVeUTSHWw,UCWjSwkIn2gGgETcZZYaO-6g,RETIRING IN PARADISE,17000.0,1.2533333333333332,0.1733333333333333,0.2533333333333333,0.2633333333333333,0.2933333333333333,1.2000000000000002,0.0,0.3,0.4966666666666666,0.0,1.0366666666666664,0.5599999999999999,0.0,0.0,0.0,0.0,0.32,1.0,8.62478195363253e-05
P2bdfCm-FmM,UC-1ZY8bY46rX3ySgG3Qyn3g,Dany Dev,428000.0,1.65,1.98,0.0,1.9,0.31,1.92,0.0,0.33,0.77,0.22,0.25,0.0,1.01,0.0,2.38,1.73,0.0,2.0,0.0005462361903967269
P314z2YufoI,UC59u71tLfhC3_tYIQNc_m3g,Ychelle AUS Life,4880.0,0.0,0.0,0.0,0.03,0.485,0.2799999999999999,0.415,1.13,0.795,0.64,0.0,0.0,0.275,0.0,0.765,0.42,0.0,1.0,0.0010924723807934538
P3fzx5GAXF0,UCPNBc7ZRwmgk1I6j_lenAfw,The Love Train Nation,23900.0,0.0,0.0,0.0,0.0,2.34,0.0,0.0,0.0,1.18,0.3,0.0,0.0,1.35,0.01,0.0,0.0,1.09,1.0,0.00010924723807934537
P5A9qJfvj7w,UCv4DCWW6mt16kixPUSysKKQ,Uhwo - Acm,967.0,1.615,0.05,1.075,1.495,0.0,0.0,0.485,0.56,0.04,0.185,0.43,0.0,0.475,0.0,0.785,0.215,0.295,1.0,0.0010924723807934538
P6yTSOL8aLA,UCPAz3hWHiBC-c1x4K0-atsg,Waleska Herrera,1230000.0,0.6375,0.4225,0.47,2.1725,0.3725,1.19,0.25,0.4599999999999999,0.21,0.4925,0.7325,0.6475,1.345,0.2275,0.4149999999999999,0.36,0.2575,1.0,2.074314647076178e-05
P70Ukiqo7B0,UCoWQLZoPwn3mJ-oiPrwDpbA,Living abroad,163000.0,,,,,,,,,,,,,,,,,,,6.554834284760723e-05
P8L9mmLiESA,UCobYD8WgP3GPOqgvXF2Yy1w,Adam and Jane's Lifestyle,75500.0,0.8133333333333334,0.51,0.5499999999999999,0.7866666666666667,1.07,1.7766666666666666,0.5766666666666667,1.1333333333333333,1.0033333333333332,0.5299999999999999,0.4066666666666667,0.0,0.25,0.1233333333333333,0.7933333333333333,0.6266666666666666,0.1733333333333333,1.0,6.827952379959086e-05
P8bCngwMWRw,UCi9mzS8H-ez_30w5SCL2dmw,JREKML,1210000.0,,,,,,,,,,,,,,,,,,,6.827952379959086e-05
P9CZ7xCl4oQ,UCnOeTSQY_YmjxeY12y0xOPQ,Mars & Tobi,3620.0,,,,,,,,,,,,,,,,,,,0.0010924723807934538
P9Gox0bnrR4,UC1PwIaB8KklVK5iZqbtZErA,Flying Kell,205000.0,1.61,0.39,0.0,1.3,0.75,1.95,0.0,0.0,0.0,0.0,0.28,0.0,1.13,0.13,0.0,0.0,0.0,1.0,0.0002521090109523355
P9wpqcIWreA,UCpcVjkwSeZG6GJvLsIxK5Yw,Sol & Luna,88000.0,0.0,0.095,0.0,1.225,0.0,0.0,0.14,0.24,0.235,0.1649999999999999,0.0,0.0,0.13,0.0,0.0,0.415,0.37,1.0,0.0002341012244557401
PAyjxF2ZXaY,UC4uU4t50BHcaSmJ7_5JZWYA,Killermcknight,221000.0,0.73,0.45,0.475,0.0,1.1800000000000002,0.3249999999999999,0.905,1.975,0.735,2.375,0.465,1.04,0.55,0.0,0.53,0.0,0.54,0.0,0.0008193542855950903
PBYRzMuGXpA,UCLNoXf8gq6vhwsrYp-l0J-Q,Xiaomanyc 小马在纽约,6770000.0,1.2608333333333337,0.2341666666666666,0.485,0.5808333333333333,0.1491666666666666,0.4408333333333333,0.345,0.5975,0.4675,0.5341666666666667,0.6591666666666667,0.9608333333333334,0.6958333333333333,0.1066666666666666,0.3625,0.3866666666666667,0.1541666666666666,1.0,0.00021849447615869075
PBmhm4BKQV4,UCQQyW9Ki62OmGzHedws7xlQ,Bianca & Beyond,142000.0,0.83,0.0,0.165,1.545,0.0,0.0,0.0,0.02,0.04,0.19,0.755,0.295,0.0,0.52,0.06,1.245,0.0,1.0,0.00010241928569938629
PDh5AU4ciFk,UCHk-j6L93O3JrxhA87H0oWQ,On Tour With Dridgers #OTWD,109000.0,0.74,0.0,1.33,0.0,1.89,4.51,0.0,0.82,1.93,1.25,0.0,0.0,1.49,0.28,1.88,0.6,2.04,0.0,0.0008193542855950903
PEXN1KkEHcE,UCO5Jeark1e_JP36mY3ua19g,The Commodity,98300.0,0.89,0.24,0.0,0.565,0.6849999999999999,0.0,0.02,1.07,0.56,1.575,0.37,0.735,0.145,0.11,0.11,0.57,0.0,1.0,6.18380592901955e-05
PEYkAVCG5Ms,UC27C_HWo-UmKkdWGsRJZ8EA,Pailin's Kitchen,2190000.0,,,,,,,,,,,,,,,,,,,0.0010924723807934538
PFjydjyvjC8,UCPAz3hWHiBC-c1x4K0-atsg,Waleska Herrera,1230000.0,0.35375,0.31875,0.88375,0.5225,0.05,0.33875,0.2025,0.285,0.2525,0.1875,0.3562499999999999,0.5025,0.3299999999999999,0.3075,0.15875,0.37375,0.17625,1.0,2.074314647076178e-05
PHG9_G5mbE4,UC94q2SvtH1HgBpYAhceLBpA,Indian Reacts,2140.0,0.17,0.13,0.0,1.36,0.24,0.0,0.0,1.68,1.33,1.49,1.19,0.0,0.22,0.0,1.18,1.92,0.16,1.0,0.0016387085711901807
PIt3K3wlN_M,UCRzBNJTsBe2rq6pkyXeaj1A,TriFate Lifestyle,161000.0,1.56,0.31,0.45,0.26,0.0,0.62,0.0,0.62,0.99,2.09,0.33,0.0,0.0,0.61,0.98,0.2,1.88,1.0,0.0001724956390726506
PKTfNRIN8zo,UCG57u0jfLpuPuCAHRUtTxdg,Blonde&Bass,113000.0,1.0266666666666666,0.82,0.0,0.89,1.2033333333333334,0.2166666666666666,0.1999999999999999,0.9133333333333334,2.056666666666666,1.0799999999999998,0.1466666666666667,0.0,0.48,0.31,1.1833333333333331,0.7666666666666666,0.0033333333333333,0.0,0.00032774171423803616
PKWN0Nj38HI,UC5NofLGyaa9Q6PHsxSgXM0Q,Lloyd & Mandy,120000.0,1.46,1.08,0.0,0.95,1.43,3.17,1.41,0.05,0.03,0.0,1.39,1.92,2.19,1.06,0.0,0.0,0.06,1.0,0.0008193542855950903
PLKqex8OQDo,UCdkq517IaeUcnG5CIiFX9RA,Shin Smith,36200.0,,,,,,,,,,,,,,,,,,,0.00010241928569938629
PLg-uI1I1CI,UCuBgQMllxvxKLuABHZlV5KA,RELL 🕺🏽,446000.0,0.992,0.264,0.49,1.234,0.6679999999999999,0.268,0.188,1.068,0.762,0.986,0.5640000000000001,0.302,0.0,0.046,0.518,0.128,0.774,1.0,0.00036415746026448456
PLrJYgv3NM8,UCkaZoLnf0cJu6Peegep7AHQ,RapidVisa,19800.0,,,,,,,,,,,,,,,,,,,0.0006554834284760723
PNC0dJzWO5c,UCMGEUVgOJ3jqLfvogNjOH3w,Always on a Journey,38800.0,0.32,0.0,1.67,0.73,1.96,1.46,0.03,1.9,2.13,0.93,0.0,0.0,0.02,0.16,1.26,0.04,0.22,0.0,0.0008193542855950903
PNZi-IysoRY,UCryJ4vhASeu7uhXRPOL3WhA,What's up Philippines,311000.0,,,,,,,,,,,,,,,,,,,2.621933713904289e-05
POVNYKLqOv8,UCxqV2u6alqV9QDzQsOwbiog,Teens REACT,1100000.0,,,,,,,,,,,,,,,,,,,0.0008193542855950903
PPeHtj9A9uA,UC40Y57rwt1rh221R_USlriQ,Surf and Turf Travel,3340.0,,,,,,,,,,,,,,,,,,,0.0016387085711901807
PQrjHAz6vDw,UCxBWeubuZrc8sQE_bXytgUQ,Justin & Alina,138000.0,0.8066666666666666,0.0,0.0166666666666666,0.0433333333333333,1.04,0.8033333333333332,0.0266666666666666,1.08,1.4333333333333331,0.1833333333333333,0.1366666666666666,0.11,0.2933333333333333,0.31,1.51,0.5133333333333333,0.11,1.0,0.00013655904759918172
PRvLZQfT2yE,UCo5IPeTfhzXzzNB64ALUSUw,The Demouchets REACT,182000.0,0.465,0.68,1.23,1.735,0.0,0.5549999999999999,0.095,0.0,0.0,0.0,0.44,1.02,0.325,0.04,1.645,0.525,0.0,1.0,0.00018207873013224228
PT1AOfiFcHg,UCF3l_ACuhzW5QRn--37Tu7A,Taglish Coles,28100.0,0.0,0.0,0.1033333333333333,0.0,1.0833333333333333,0.18,0.2466666666666666,1.1666666666666667,1.95,1.3233333333333337,0.0,0.0,0.3533333333333333,0.0,0.9533333333333336,0.5033333333333333,0.5399999999999999,0.0,0.0010924723807934538
PVEeScXdSVU,UC_DmOS_FBvO4H27U7X0OtRg,Fearless & Far,3030000.0,1.42,0.0,2.03,1.41,1.84,1.77,0.73,2.36,1.23,2.37,1.04,1.5,0.27,0.04,0.61,1.3,0.13,0.0,0.00032774171423803616
PVM1x0uSTZU,UCC6aF7bgIEBnMJC2rV4XOmg,Kuya Mike,5000.0,,,,,,,,,,,,,,,,,,,0.0010924723807934538
PVXlBphcyYw,UC6CbAK73ohEL5XeRi0wbN9w,World Intellectual Property Organization – WIPO,69500.0,1.84,1.15,0.0,1.79,0.0,0.0,4.52,0.0,0.0,0.0,0.62,5.0,0.3,0.0,0.0,1.74,0.07,1.0,0.0016387085711901807
PVzqepG4nsM,UCxBWeubuZrc8sQE_bXytgUQ,Justin & Alina,138000.0,0.15,0.0,0.19,0.26,0.9475,1.25,0.2175,0.8075,0.4375,0.3325,0.6699999999999999,0.3075,0.6225,0.0,0.5575,0.2775,0.2125,1.0,0.00013655904759918172
PWtX4wDu7Uk,UCPAz3hWHiBC-c1x4K0-atsg,Waleska Herrera,1230000.0,1.06,0.426,0.346,1.444,0.368,0.3019999999999999,0.41,0.486,0.6140000000000001,0.4720000000000001,0.346,0.312,0.8059999999999998,0.118,0.994,0.396,0.286,1.0,2.074314647076178e-05
PYvuh9PoXp4,UCJWfRHhcgSz8EvRf_3Jig9A,A Kids Perspective,1140.0,0.0,0.0,0.0,0.0,0.0,0.38,1.45,0.0,0.0,0.15,0.78,0.0,0.36,0.0,1.33,1.5,0.0,1.0,0.0016387085711901807
PZGQP0Sa8g4,UCHpyKVf0Neqcm8WkHinfBkQ,BB Gahyun,11200.0,,,,,,,,,,,,,,,,,,,0.0008193542855950903
PZQOKlvmyHU,UCqMy-fbfky74L_EgKlYXTDw,The Playroom Studio,134000.0,,,,,,,,,,,,,,,,,,,0.0010924723807934538
P_1aJaBTcJg,UCSAQKyBcV2kH7Q1QQbOaI4g,Experienced Indian Traveller ,1400.0,0.175,0.0,0.06,0.0,1.685,1.37,0.5349999999999999,1.755,1.485,2.48,0.97,2.215,0.815,1.0,0.0,0.7100000000000001,0.0,0.0,0.0010924723807934538
P_BHc5TDk1Q,UC5NF_7WBa8OVDC0Xbs8yvOg,Japapino World ジャパピーノ,174000.0,0.8200000000000001,0.0,0.26,0.745,0.44,0.53,0.445,0.71,0.01,0.0,1.105,0.345,0.0,0.285,0.365,0.97,0.085,1.0,0.00018207873013224228
P_DaMI2RrLU,UCdkq517IaeUcnG5CIiFX9RA,Shin Smith,36200.0,,,,,,,,,,,,,,,,,,,0.00010241928569938629
PaFTqhQ3Vgg,UCXKOXXrW7wzKe_VGJIw2lkQ,True Pinoy Chef,207.0,0.42,0.0,0.43,0.3233333333333333,0.2266666666666666,0.4633333333333334,0.2166666666666666,0.8233333333333333,0.2366666666666666,0.21,0.3666666666666666,0.0,0.33,0.1533333333333333,0.0933333333333333,0.2466666666666666,0.1666666666666666,1.0,0.0016387085711901807
PbKC3t8ieZA,UCi9mzS8H-ez_30w5SCL2dmw,JREKML,1210000.0,,,,,,,,,,,,,,,,,,,6.827952379959086e-05
Pcn9MftZGyo,UCAzZ2_MX80BeKjD3mKD--DA,1000 Nomads,5190.0,0.715,0.2383333333333333,0.5583333333333333,0.4366666666666667,0.94,0.4766666666666667,0.17,1.471666666666667,1.4783333333333335,1.1616666666666668,0.155,0.15,0.59,0.1216666666666666,1.3099999999999998,0.3233333333333333,0.645,0.0,0.0016387085711901807
Pcv_bImJR3s,UC_DmOS_FBvO4H27U7X0OtRg,Fearless & Far,3030000.0,,,,,,,,,,,,,,,,,,,0.00032774171423803616
PeE8P3wGY9g,UCqdBWKP4_8bU-Rsk2LvVz6Q,BecomingFilipino,1140000.0,,,,,,,,,,,,,,,,,,,0.0001560674829704934
PfJtTLewriA,UCO5Jeark1e_JP36mY3ua19g,The Commodity,98300.0,1.0199999999999998,0.06,0.0,0.46,0.49,0.1166666666666666,0.0,0.9466666666666668,0.13,1.11,1.93,2.046666666666667,1.6666666666666667,0.0666666666666666,0.7166666666666667,2.216666666666667,0.0,1.0,6.18380592901955e-05
Pfs6BKqUnpM,UC7fga_Kycp9z6pg5Yhx7R-w,Bisayang Hilaw,1050000.0,,,,,,,,,,,,,,,,,,,0.0004682024489114802
PgLicTQr6dQ,UCWjSwkIn2gGgETcZZYaO-6g,RETIRING IN PARADISE,17000.0,2.25,0.4,0.73,1.3,1.08,2.88,0.0,0.71,0.84,0.0,1.03,0.15,0.42,0.0,0.0,0.0,0.0,1.0,8.62478195363253e-05
PiHKh6UGumg,UCAW9e0pCUr2XZQ6hCLe2ifA,Tarsier TV,4410.0,0.57,0.0,0.49,0.0,3.46,0.85,0.93,1.97,2.62,0.9,0.0,0.05,0.91,2.13,2.43,0.34,2.98,0.0,0.0008193542855950903
PjIoYOB0Juk,UCSvaH7DbguYJcp8PHTTv1Zw,Bigg World Cinema,34000.0,0.73,0.0,0.55,1.29,0.0,0.0,0.0,0.63,0.0,0.47,0.33,0.01,0.07,0.0,0.0,0.0,0.16,1.0,0.00019278924366943303
Pjc2H1wxots,UCdcWBJfb9fZngmw-2eiTcEg,AnthonyOK,16500.0,,,,,,,,,,,,,,,,,,,0.0016387085711901807
PkLk0iUX_bw,UCKMU-I4eYw-D9QF1YdUMUlw,Calvin Castiel,207000.0,,,,,,,,,,,,,,,,,,,0.0001489735064718346
PksNYJrcjQ8,UCoqGJPtvsPpALlhtqB1lcHA,Chris Lewis,1260000.0,,,,,,,,,,,,,,,,,,,0.0005462361903967269
Pl5BzYCVwIA,UCCgVh36x3hbuRnHMpwl443Q,Music Game News,1210000.0,0.2625,0.4175,0.2075,0.98,0.4575,0.8475,0.055,0.43,1.1375000000000002,0.8,0.0,0.0,0.405,0.0225,0.975,0.6174999999999999,0.0,1.0,8.193542855950904e-05
PmfG51GjLls,UCDRbz-Otyz57pRKQwUkr0ww,Walids Journey,31000.0,0.72,1.36,0.0,1.89,0.28,1.86,0.62,0.66,0.0,0.31,0.0,0.0,0.0,0.0,0.03,0.0,0.0,1.0,0.0008193542855950903
Pn2rq2Tn-PI,UCrPo31V8wpuuCMseyzEDZMQ,The Hungry Syrian Wanderer,5200000.0,,,,,,,,,,,,,,,,,,,0.0004682024489114802
PnSEFRLwv7U,UCORg6QV09GWtP1DDd6oH1iA,EXCLUSIVE TRAVEL REVIEWS,3750.0,0.33,0.75,0.0,2.5,1.01,1.66,0.0,1.26,2.54,1.76,0.0,0.0,0.25,0.0,2.66,0.18,0.0,0.0,0.0010924723807934538
PneE3ko2SSo,UCG57u0jfLpuPuCAHRUtTxdg,Blonde&Bass,113000.0,0.4875,0.0125,0.175,1.11,0.395,0.5,0.3625,0.77,0.4475,1.0625,0.38,0.0575,0.65,0.0,0.6175,1.0925,0.11,1.0,0.00032774171423803616
PoDAa2Bt9bU,UCLvnKTwSZEnCbTHNnqiivRQ,Dodo Explorers,188000.0,1.66,1.105,0.18,2.225,0.0,0.0,0.0,0.09,0.1,0.0,0.645,0.03,0.06,0.02,0.61,0.14,0.0,2.0,0.00020483857139877258
Ppj1EpdEyYs,UCqp39Bl6dlXyCy9J2FgDraA,UZUNO,7120.0,0.4066666666666667,0.24,0.18,1.0333333333333334,0.16,1.05,0.0933333333333333,0.5133333333333333,0.58,0.5166666666666667,0.3466666666666667,0.6366666666666667,0.67,0.1466666666666666,1.03,0.66,0.7399999999999999,1.0,0.0010924723807934538
Ppj5oh-2za8,UCHKoUFkbdX2LnWXGcbkC3jA,drew Nation,214000.0,0.6133333333333334,0.1233333333333333,1.11,0.2533333333333333,2.4266666666666663,2.18,1.4466666666666663,2.953333333333333,2.5933333333333333,2.4333333333333336,0.3766666666666666,0.0,0.4366666666666667,0.0933333333333333,2.873333333333333,0.6166666666666667,0.9533333333333336,0.0,0.0005462361903967269
PqPCB3X3vPo,UCgvTNqLFbMS8Wp73r00fGLA,ItsNomadTrinidad,3670.0,1.1,0.0,0.96,2.52,0.0,0.0,0.0,0.47,0.53,1.39,0.77,0.0,0.0,0.48,0.23,1.21,0.0,1.0,0.0004682024489114802
Pr4zrQxkK6g,UCfyehHM_eo4g5JUyWmms2LA,Sorted Food,2890000.0,0.46,0.0,0.095,0.48,0.385,0.11,0.3,0.805,0.515,0.335,0.365,0.13,0.8400000000000001,0.025,0.08,0.0,0.15,1.0,0.0008193542855950903
PsHEE0U-_mA,UCKMU-I4eYw-D9QF1YdUMUlw,Calvin Castiel,207000.0,,,,,,,,,,,,,,,,,,,0.0001489735064718346
PtRYZoMhY6A,UCTL128JylZO50B0MqbUuhSw,EL's Planet,232000.0,,,,,,,,,,,,,,,,,,,0.0002341012244557401
Puwiw_5qSEA,UCt9BTGSxATM6axwfTY4KnEg,A Foreigner in the Philippines,265000.0,,,,,,,,,,,,,,,,,,,5.462361903967269e-05
PvA4IHQh4wI,UCCgVh36x3hbuRnHMpwl443Q,Music Game News,1210000.0,0.61,0.01,0.78,3.62,0.65,0.55,0.0,1.35,1.1,2.44,0.0,0.0,1.03,0.0,3.62,3.02,0.0,2.0,8.193542855950904e-05
PviTPnU2ehk,UC7HxIb6bY4-ymtAOS_MGsOw,VI3ION,606000.0,1.086666666666667,1.356666666666667,0.24,0.73,1.2966666666666666,1.5733333333333333,0.2233333333333333,1.2066666666666668,1.3633333333333333,0.0566666666666666,0.85,0.0466666666666666,0.2266666666666666,0.1266666666666666,1.933333333333333,1.1733333333333331,0.1833333333333333,0.0,0.0001560674829704934
Px1ZJASd-8U,UC40tCi6qlNr-WS37JQSrSUQ,Travelwithchris,695000.0,1.2033333333333334,0.59,0.4533333333333333,1.16,0.7000000000000001,0.4466666666666667,1.0566666666666666,0.7166666666666667,0.22,0.7933333333333333,0.6166666666666667,0.41,0.4000000000000001,0.0,0.5533333333333333,0.34,0.0,1.0,0.0008193542855950903
PxbXOiA7wgE,UCO5Jeark1e_JP36mY3ua19g,The Commodity,98300.0,1.215,0.0,0.525,0.0,1.375,1.33,0.8800000000000001,1.02,1.47,1.62,0.74,0.58,1.585,0.335,1.295,0.355,0.035,0.0,6.18380592901955e-05
Py0b8cWz4es,UCQQyW9Ki62OmGzHedws7xlQ,Bianca & Beyond,142000.0,0.325,0.0,0.185,0.035,1.44,0.92,0.75,0.7949999999999999,1.075,0.755,0.055,0.43,0.965,0.185,0.275,0.085,0.065,1.0,0.00010241928569938629
Py_ZJ5q-MFo,UCHd62-u_v4DvJ8TCFtpi4GA,Washington Post,2790000.0,,,,,,,,,,,,,,,,,,,0.0010924723807934538
Pyu19b9uDxM,UC5H6gBTRd1sMBcrAHeZ4gKg,Meryll Solidum,1480.0,0.46,0.21,0.15,0.24,1.75,2.83,0.74,0.8049999999999999,1.785,0.67,0.1699999999999999,0.0,0.595,0.0,2.2,0.53,0.0,0.0,0.0016387085711901807
Q-UMFEF4icE,UCsfUASBEZR8ABdma0ee8Zbg,Jay Cee Max,49700.0,0.88,0.0,0.0,1.96,0.0,0.0,0.63,1.37,0.0,0.0,0.44,0.06,0.76,0.26,0.02,0.2,0.0,1.0,0.0005462361903967269
Q0A1uyH0hTE,UCM_LbQqMyM08jynil9vYEGg,Travel Interesante - Gökçe & Steve,17700.0,0.855,0.755,0.41,0.39,2.195,1.015,0.875,2.37,2.23,2.155,0.185,0.34,0.8150000000000001,0.04,2.5,0.73,0.85,0.0,0.0004682024489114802
Q0eZfmCjLeM,UCDiZhoVoHJDx-R_LnfUxftw,A Foreigner Escapes to the Philippines,2180.0,,,,,,,,,,,,,,,,,,,0.0010924723807934538
Q1PpPdkyIUk,UCo57S0HBediNd47Ew5ezkzw,Craig in Asia,8840.0,0.44,0.99,0.0,2.62,0.6,0.34,0.68,1.39,0.0,0.0,0.52,2.5,0.29,0.73,0.0,0.0,0.0,1.0,0.0008193542855950903
Q27RZL21368,UC0gFSdMnCETFhOHsDCB8I9g,Charlie Wayne Adventures,8510.0,0.39,0.63,0.0,1.42,1.1,0.0,0.36,0.16,0.25,0.0,0.0,0.0,0.0,0.0,0.84,0.21,0.0,1.0,0.0010924723807934538
Q2m3ngosX5Q,UC25HBOBYfc-scqCQcyYKVNw,Lifey,248000.0,0.0166666666666666,0.0,0.0,0.7933333333333333,1.34,1.1766666666666663,0.4366666666666667,1.0766666666666669,2.31,0.3633333333333333,0.1033333333333333,0.0,0.36,0.01,1.68,0.44,0.0,0.0,0.00040967714279754517
Q4Fp0GIp3rg,UCwjWUUCiv_TPoErI9AZv6Lg,BEYONDLOCALGODDESSES,340000.0,,,,,,,,,,,,,,,,,,,0.0004682024489114802
Q5uaUfFgrBE,UCdkq517IaeUcnG5CIiFX9RA,Shin Smith,36200.0,,,,,,,,,,,,,,,,,,,0.00010241928569938629
Q5xvaryTpXM,UCbfLaTfmCeR2aykiRSGBbTQ,Katriinka,536000.0,0.39,0.0,0.655,0.035,0.3,0.36,0.135,0.805,0.715,0.49,0.275,0.0,0.0,0.0,0.465,0.0,0.29,1.0,0.00027311809519836344
Q83ciuGHqGo,UCau87M9DnzSL5iDE9f4uVKQ,Scott Auchterlonie Music,77300.0,,,,,,,,,,,,,,,,,,,0.0004682024489114802
Q8B47uJeLdU,UCCz0biXWeNqw1zkVLs_I40A,Foodie Legends,2140.0,,,,,,,,,,,,,,,,,,,0.0005462361903967269
QBJxmfAfphE,UCtnyo-2ySIhmhm1Rxl_0rRg,Arika mda ,6150.0,0.7779999999999999,0.02,0.036,0.424,0.6479999999999999,0.6839999999999999,1.434,0.594,0.85,0.76,1.23,0.0,0.258,1.0,0.8220000000000001,0.0,0.282,1.0,0.0010924723807934538
QCN_ivNr2Qk,UCYr4VTQfBpXrccQw_H2S8RA,JUICY REACTS,318000.0,2.085,2.145,0.98,1.365,0.0,0.06,0.0,0.23,0.0,0.01,0.355,0.0,0.07,0.0,3.06,2.09,1.205,2.0,0.00012138582008816153
QDgZloUGRe4,UCl4I_ztLWgW8ybm9M0n1pyg,Nic & Rei,14700.0,0.97,0.56,0.0,0.0,1.12,1.47,0.0,1.06,2.0,1.05,0.0,0.09,0.0,0.07,0.2,0.09,0.63,0.0,0.00010572313362517294
QIi0httojvs,UCoHcRUQiJaeUve1136k1XDg,Manong George : Filipino UK Nurse,18300.0,0.0,0.0,0.0,0.0,0.81,1.57,0.7,1.68,0.8,1.61,0.37,0.08,0.0,0.0,1.26,0.76,0.0,0.0,0.0006554834284760723
QIlHrWat8S4,UCPyi-4WfF63TJ95zKShawcw,itsKEVO,490000.0,1.0275,0.225,0.4391666666666666,1.4883333333333333,0.525,0.12,0.3908333333333333,1.0741666666666667,0.6516666666666667,0.9191666666666666,0.4033333333333333,0.3758333333333333,0.15,0.1433333333333333,0.4466666666666667,0.7358333333333333,0.1425,1.0,0.0002341012244557401
QJ2juErC6gw,UC-wNjA3exMjeJlEU5TvJ4Tw,Big Guy Appetite,298000.0,0.37,0.0999999999999999,0.3133333333333333,1.5366666666666664,0.8099999999999999,0.8933333333333334,0.0366666666666666,0.7733333333333333,0.57,0.6833333333333332,0.7666666666666666,0.3366666666666666,0.57,0.1266666666666666,0.3366666666666666,0.1366666666666666,0.2533333333333333,1.0,0.00040967714279754517
QJDgbmiflgA,UChIGU8b4l5cj6i5D9REsqdg,YouTube Fanfest ,4880000.0,0.6275,0.4225,0.3775,1.425,0.995,1.655,0.3775,1.185,1.1775,0.55,0.7775,0.6575,0.63,0.0,1.5775,0.3525,0.0,1.0,0.0006554834284760723
QJQ-iZZp2Hw,UCFvQ_bDaalb-1ZyCb48LCpA,Chasing Kimberly,16500.0,1.83,0.0,0.33,0.92,1.22,0.0,0.0,1.67,2.28,0.84,0.0,0.0,0.59,0.0,1.74,0.0,0.09,0.0,0.00040967714279754517
QJyGPmMCfHI,UCt9BTGSxATM6axwfTY4KnEg,A Foreigner in the Philippines,265000.0,,,,,,,,,,,,,,,,,,,5.462361903967269e-05
QO7RdQboTVg,UC7Kgx3dsvL5rJcDiwyNrjpA,Rookie Collectibles,1330.0,1.8500000000000003,1.3733333333333333,0.5166666666666667,0.73,1.1,1.01,0.6033333333333334,1.47,1.5933333333333335,0.79,0.8666666666666667,0.2966666666666667,0.15,0.0466666666666666,1.3233333333333333,0.7233333333333333,0.3533333333333333,2.0,0.0016387085711901807
QPho4EUQ_OY,UCO5Jeark1e_JP36mY3ua19g,The Commodity,98300.0,0.506,0.09,0.462,0.0,0.858,0.34,0.294,0.67,0.8460000000000001,1.318,0.164,0.434,0.4679999999999999,0.182,0.722,0.674,0.032,1.0,6.18380592901955e-05
QRd5Hclfpdk,UCYY2mNcq7pv6IRW92JIT6DA,The Juicy Vlog,583000.0,,,,,,,,,,,,,,,,,,,0.00014249639749479832
QS7B8e-vq5E,UCD-wx9lLiFeulexN0Y00DMQ,Closer Lives: Jenn and Leon ,14800.0,0.5266666666666667,0.5833333333333334,0.04,0.5266666666666667,1.18,0.4466666666666667,0.0,1.37,2.0,0.8033333333333333,0.1133333333333333,0.0433333333333333,0.1966666666666666,0.1333333333333333,0.8766666666666666,0.31,0.24,0.0,0.0008193542855950903
QSqIy5TlHBo,UC0ffAL5IGWDEMriToPXKQVg,Nina Schofield,271000.0,1.0066666666666666,0.3666666666666667,0.35,1.4966666666666668,0.2666666666666666,0.4033333333333333,0.0,0.7599999999999999,0.5866666666666668,0.3133333333333333,0.2833333333333333,0.0,0.16,0.02,1.0466666666666666,0.5733333333333334,0.2033333333333333,1.0,0.0016387085711901807
QTmytXCEFYk,UCJIOEMm-cKo8uG82dUIfe1w,DR. ORFLI,12000.0,1.16,0.0,0.03,1.18,1.55,0.0,0.0,2.36,2.24,0.81,0.0,0.71,0.42,0.54,1.94,0.0,0.74,0.0,0.0008193542855950903
QUKFYwsVrAM,UCobYD8WgP3GPOqgvXF2Yy1w,Adam and Jane's Lifestyle,75500.0,2.745,1.835,0.0,0.765,0.47,0.705,0.215,1.85,1.2,0.825,0.01,0.165,0.395,0.0,1.255,0.0,0.31,2.0,6.827952379959086e-05
QV-bgDPiiro,UCxBWeubuZrc8sQE_bXytgUQ,Justin & Alina,138000.0,0.908,0.0,0.184,0.966,0.618,0.6759999999999999,0.208,0.968,0.708,0.132,0.408,0.2339999999999999,0.428,0.51,0.882,1.41,0.094,1.0,0.00013655904759918172
QXBdgwRuM0o,UCSjiVW9NV-mcJJ1t6RbMh7A,Down Under Visa,2650.0,,,,,,,,,,,,,,,,,,,0.00014249639749479832
QXCGv2x4GM4,UCeguYg1beQ9CiAh8SYyh4jQ,Eileen Aldis,132000.0,0.27,0.0,0.0,0.0,2.71,0.75,0.0,1.79,2.86,1.87,0.0,0.0,0.0,0.02,2.59,0.83,0.0,0.0,0.0006554834284760723
QXPDs1zcN_Y,UCatYGXWCXRt_0XLLKv1hkUw,Always Be Changing,501000.0,0.6666666666666666,0.2033333333333333,0.0,0.3899999999999999,0.7400000000000001,0.5366666666666667,0.2933333333333333,1.09,1.2033333333333334,1.0833333333333333,0.0866666666666666,0.12,0.53,0.0,0.33,0.0499999999999999,0.0,1.0,0.0002341012244557401
QXwmNIOT8R8,UCryJ4vhASeu7uhXRPOL3WhA,What's up Philippines,311000.0,,,,,,,,,,,,,,,,,,,2.621933713904289e-05
QZFUkmFNLqA,UCdjAt_fn19gBK3z5zL-tw1g,Cris Goosen,3470.0,,,,,,,,,,,,,,,,,,,0.0016387085711901807
Q_bSSUFafKE,UC1PwIaB8KklVK5iZqbtZErA,Flying Kell,205000.0,0.93,0.3733333333333333,0.2833333333333334,0.7433333333333333,1.0333333333333334,0.95,0.4166666666666667,0.8233333333333333,1.59,0.6666666666666666,0.61,0.0733333333333333,0.4133333333333333,0.0533333333333333,1.8833333333333333,0.3933333333333333,0.2266666666666666,0.0,0.0002521090109523355
Q_jL180mhH8,UCKLlmM881k4QZN-iUAFIQfw,Susie in the Philippines,128000.0,,,,,,,,,,,,,,,,,,,0.00013109668569521446
QaJU15-DIHU,UCqdBWKP4_8bU-Rsk2LvVz6Q,BecomingFilipino,1140000.0,,,,,,,,,,,,,,,,,,,0.0001560674829704934
QasoAsgImhQ,UCBhnGs1nD_ixIGWkJUYkfRQ,Building the Philippines with Wilma & Greg,14200.0,,,,,,,,,,,,,,,,,,,0.0005462361903967269
QaumqNGe8Oc,UC9lkTlYUoF1iGnHM3smXxlQ,Travel Snacks,95100.0,1.745,1.615,0.945,0.7200000000000001,1.27,1.765,0.715,1.46,0.735,0.57,0.545,0.785,0.095,0.0,1.81,0.0,1.295,0.0,0.0010924723807934538
QccYQmy8xeI,UCLPLXSPgySkBypwpi6BrMwg,Jessica Lee,1680000.0,,,,,,,,,,,,,,,,,,,0.0002521090109523355
Qdm15J-PYcI,UC_2iPQwn_V2SflddzbtalLg,Celinka Updates,102000.0,,,,,,,,,,,,,,,,,,,0.0008193542855950903
QeGa4Kk-S3A,UC7fga_Kycp9z6pg5Yhx7R-w,Bisayang Hilaw,1050000.0,,,,,,,,,,,,,,,,,,,0.0004682024489114802
QeGqPTs8kvo,UCLQ1V9BthBBZA_mE3QV18eA,Milky Coffee,1530.0,1.07,0.0,0.0,0.0,1.87,1.99,0.0,0.12,2.71,0.0,0.0,0.0,0.32,0.47,1.83,0.0,0.1,0.0,0.0005462361903967269
QeKYdEWg51k,UCUB6A2YY9soreMGNwDLh-zw,Combat Arms Channel,589000.0,0.7285714285714285,0.04,1.2885714285714285,0.8228571428571428,0.4842857142857143,1.802857142857143,0.4171428571428571,0.1528571428571428,0.1699999999999999,0.4471428571428571,0.1914285714285714,0.2614285714285714,0.1485714285714285,0.1171428571428571,0.0828571428571428,0.5671428571428572,0.1514285714285714,1.0,0.0008193542855950903
QeLr8WOOEfY,UCRrUJKpFAGgA9WVjSWhgk2Q,KIM n LEE,95200.0,0.295,0.0,0.615,0.56,0.31,2.02,0.12,0.0,0.15,0.195,0.09,0.355,0.52,0.105,0.055,0.475,0.0,1.0,0.00011301438422001247
QeYv9JNSYu8,UCbbw0svE3owMHUQcsL0nnUA,Happiness Boms,9330.0,,,,,,,,,,,,,,,,,,,0.00040967714279754517
QeaR2b2l-n8,UCRzBNJTsBe2rq6pkyXeaj1A,TriFate Lifestyle,161000.0,0.91,0.19,0.17,4.08,0.3,0.71,0.25,1.78,1.22,0.64,0.05,0.0,0.0,0.0,1.87,0.69,0.0,2.0,0.0001724956390726506
Qeozy6w3Jfk,UCGY-wd-aiR8rHX1XaJXII3A,Arty Travels ,10900.0,,,,,,,,,,,,,,,,,,,0.0010924723807934538
QflJ7MusWmU,UCnIG77gLrKwxZ-j0YhmstcA,Tales of Odyssey,43900.0,0.0,0.0,0.94,0.16,2.13,2.73,1.09,1.18,1.94,0.47,0.0,0.0,0.0,0.0,1.98,0.0,1.52,0.0,0.0010924723807934538
QiVHr19_h4k,UCNDk_kGqNSg60VNnzSeym_g,Chai Travel,95300.0,0.28,0.0,1.27,0.0,1.12,3.27,0.38,0.25,0.67,0.0,0.99,0.64,1.16,0.28,0.85,0.72,0.11,1.0,0.00040967714279754517
QifgQo4RK_g,UClnOJmWf3o_f6x-Q16rjorA,Dillon McClure,29400.0,,,,,,,,,,,,,,,,,,,0.0010924723807934538
QjW6a0VXsX0,UCPNBc7ZRwmgk1I6j_lenAfw,The Love Train Nation,23900.0,,,,,,,,,,,,,,,,,,,0.00010924723807934537
QkqDpf4NLqY,UCmUaeYKjQ7n0aMa1KjDHlQg,Travel Chronicles,35000.0,,,,,,,,,,,,,,,,,,,0.0006554834284760723
QlTSkPtqTRo,UCqp39Bl6dlXyCy9J2FgDraA,UZUNO,7120.0,,,,,,,,,,,,,,,,,,,0.0010924723807934538
Qm4QPWtB9TA,UCoQWcwy-nYVG6Er9VxyxJJA,Avelovinit,364000.0,,,,,,,,,,,,,,,,,,,0.0006554834284760723
Qn50ttkHGdQ,UCU03NklypYW1AAIoNE2Vh1g,Jeanelleats,1900000.0,0.03,0.67,0.0,1.64,0.55,0.0,0.0,1.06,1.65,0.45,0.84,0.0,0.0,0.0,2.99,1.8,0.0,1.0,0.0002341012244557401
QnHMIDrlqbA,UCuNTNj4oeNhdwA-nJYp-OIw,Borderless Asia,55400.0,0.0,0.06,0.0,0.0,1.8,2.05,0.35,1.47,2.56,0.91,0.0,0.0,0.0,0.0,2.09,0.2,0.17,0.0,0.0010924723807934538
Qo-Gs8w_P80,UCPAz3hWHiBC-c1x4K0-atsg,Waleska Herrera,1230000.0,0.502,0.1,0.616,0.8019999999999999,0.176,0.224,0.056,0.238,0.522,0.128,0.18,0.0,0.028,0.0,1.258,1.106,0.05,1.0,2.074314647076178e-05
QrN6BpfxsRE,UCbPHHOiOY_tA9BSytK0jDYw,Beryl Shereshewsky,859000.0,0.23,0.0,0.49,1.36,2.8,3.92,1.51,2.33,2.31,2.24,0.12,0.0,0.44,0.0,4.36,2.09,0.0,0.0,0.00019278924366943303
QsFi0SkZHsY,UCRzBNJTsBe2rq6pkyXeaj1A,TriFate Lifestyle,161000.0,2.005,1.795,0.0,3.515,0.465,0.81,0.045,0.675,0.52,0.0,0.25,0.08,0.175,0.0,2.45,0.445,0.0,2.0,0.0001724956390726506
Qve69G7VHb4,UCCOkdio2yvgl8tx_7C2ZyIw,Selfie Travellers,2380.0,,,,,,,,,,,,,,,,,,,0.0010924723807934538
Qy7t7R58QCY,UCn3xotTBbZ7CaH8Zv5WtHHg,Food and Footprints- Greg and Jumi,26000.0,,,,,,,,,,,,,,,,,,,0.0016387085711901807
R-xbSmJZuKQ,UCOtztOjWQPgzGaCdtArfWuw,Ije999 Reacts ,10800.0,,,,,,,,,,,,,,,,,,,0.0008193542855950903
R1fuPtrok3M,UCAUgY9e_n2DhyZTgvPRoJnQ,TriFate Geo,171000.0,0.7400000000000001,0.8433333333333334,0.7233333333333333,2.043333333333333,0.0,0.0,0.0,0.17,0.0,0.0,0.0566666666666666,0.16,0.0266666666666666,0.2033333333333333,0.1066666666666666,0.79,0.0033333333333333,1.0,6.426308122314434e-05
R3uIfHZPPm8,UCe61L4YJsAGFHRfqKlOPx6g,Magnify Studio,44100.0,0.38,0.0,0.05,1.67,0.15,0.0,0.0,0.34,0.755,0.0,0.0,0.68,0.0,0.0,0.0,0.885,0.175,1.0,0.0016387085711901807
R7KpmpPzCEQ,UCSvaH7DbguYJcp8PHTTv1Zw,Bigg World Cinema,34000.0,0.4828571428571428,0.0,0.1942857142857143,0.9228571428571428,0.6,0.54,0.2314285714285714,0.5314285714285715,0.59,0.6957142857142857,0.5114285714285713,0.9385714285714286,0.4928571428571429,0.3928571428571428,0.3385714285714286,0.6971428571428573,0.1014285714285714,1.0,0.00019278924366943303
R8-LyHgcl5I,UCbDelWG0lH_xzQjnH-bNB_w,josie lifts things,1080000.0,4.33,3.74,2.43,3.24,0.0,0.0,0.0,0.22,0.0,0.0,1.58,0.66,0.4,0.0,1.6,0.79,0.05,2.0,0.0002521090109523355
R83eEaGON9A,UC3PVtkwtqwCD4LEPguBEADA,Mia Sandoval,395000.0,0.13,0.0,1.7,0.0,1.51,1.45,1.03,1.97,1.82,1.76,0.08,0.0,0.59,0.09,1.52,0.77,0.0,0.0,0.00011705061222787004
R8IaZ0NdLC4,UC9DwgmJc-uKnxGavukOy_6w,Aaron Around,9540.0,0.0,0.0,0.0,0.0,2.65,3.47,0.59,1.11,2.74,0.44,2.73,0.0,0.0,0.0,3.85,0.0,0.0,0.0,0.00016387085711901808
R90_YemNcGs,UCAv7YCgnRo86h7gOMMBf-GQ,GagaOOLala - Find YourStory,727000.0,,,,,,,,,,,,,,,,,,,0.0006554834284760723
R92RpsgW9n8,UC_nGEYgqzTuyFbHCZELMC2w,Merryjuj,11400.0,,,,,,,,,,,,,,,,,,,0.00011301438422001247
R965if9bSGg,UCHEf6T_gVq4tlW5i91ESiWg,People Vs Food,12600000.0,1.5699999999999998,1.24,0.705,2.23,0.095,0.295,0.055,1.405,0.8200000000000001,1.14,0.855,0.0,0.125,0.135,2.275,1.475,0.445,2.0,0.00032774171423803616
R9VKxCvPTXE,UCDyDWQVNvHtbOosA39aslvw,AG WONDER 111,525.0,,,,,,,,,,,,,,,,,,,0.0010924723807934538
R9_qrjJwZp4,UCryJ4vhASeu7uhXRPOL3WhA,What's up Philippines,311000.0,,,,,,,,,,,,,,,,,,,2.621933713904289e-05
R9ya0jtNpGs,UCRMPRZ498l0Bu5xvcvaesuA,Part Time Travelling Family - Eleise and Lawrence,150000.0,1.17,0.99,0.235,1.425,0.0,0.0,0.14,0.375,0.0,0.07,0.385,0.425,0.0,0.0,1.05,1.735,0.0,2.0,0.0004682024489114802
RBVTAGtvwBo,UCmeJjgzpnN4OIZg4a9JJo1w,La Ferpection,20600.0,0.65,0.0,0.0,0.0,2.47,0.54,0.0,1.91,2.46,1.06,2.06,0.29,0.49,0.97,1.91,0.0,2.39,0.0,0.0010924723807934538
RBiLFsg_EbY,UCaAjLj9oGV6VKMYq8FxEwdQ,DORCAS Morounmubo,78500.0,,,,,,,,,,,,,,,,,,,0.00036415746026448456
RBlt4rwpyyo,UC2wTnMBvQ_TH0qn5rJl8hWQ,The YUH Family,2480000.0,0.14,0.0,0.0,0.39,2.61,2.75,1.98,2.98,2.93,2.65,0.05,0.0,0.0,0.0,3.57,0.58,0.39,0.0,0.0008193542855950903
RD0jioq8SO4,UCWjSwkIn2gGgETcZZYaO-6g,RETIRING IN PARADISE,17000.0,0.685,0.68,0.0,0.52,0.325,0.3,0.015,0.675,0.275,0.69,0.08,0.0,0.0,0.0,0.46,1.0,0.0,1.0,8.62478195363253e-05
RE9-FzyT28Q,UCdJAmuo-KkgcJvSoQjPxAWg,Ash and Kels,32200.0,0.785,0.0,0.265,0.26,2.23,3.02,1.1949999999999998,1.87,2.115,0.905,0.38,0.66,0.0,0.23,1.68,0.365,0.28,0.0,0.00032774171423803616
REAyiXNfwyo,UC9PivtU3L4FK5SpvKBXxeaQ,Aria Inthavong,78600.0,0.0,0.08,0.0,0.0,1.71,1.84,1.38,1.88,1.85,0.19,0.37,0.0,0.22,0.0,3.33,2.11,0.12,0.0,0.0016387085711901807
REvaHqT3uro,UCpL_tis0ertYh2DSOiCm51g,World Nomac,751000.0,0.845,0.38,0.965,1.37,0.395,0.575,0.295,1.365,0.51,0.51,0.2799999999999999,0.1,0.26,0.0,1.655,1.44,0.055,1.0,0.00020483857139877258
RH1o-98bOxI,UC9DwgmJc-uKnxGavukOy_6w,Aaron Around,9540.0,,,,,,,,,,,,,,,,,,,0.00016387085711901808
RIVsa9bHtbQ,UCPPBot1bmfYLSDK0lk9Tlcw,Hello Philippines,112000.0,,,,,,,,,,,,,,,,,,,0.0016387085711901807
RJ72QNP1Nws,UC_hN8xs99S6jnMdYCuJgoJA,Pinoy Planet,97800.0,0.0,0.0,1.3,0.0,0.63,2.25,0.94,0.18,0.52,1.2,0.23,0.0,1.01,0.42,0.38,0.22,0.43,1.0,3.6015572993190784e-05
RKjCW_RR8qk,UC7HxIb6bY4-ymtAOS_MGsOw,VI3ION,606000.0,0.0,0.8,0.0,2.27,0.0,0.0,0.0,0.07,0.0,0.0,0.0,0.0,0.0,0.0,1.65,1.42,0.0,1.0,0.0001560674829704934
RLwU9SQI2Qo,UC23SG4XKkSrbhz-bZ2f5Mfw,123JAPAN!,629000.0,,,,,,,,,,,,,,,,,,,0.0002341012244557401
RMk5m8q8rxU,UCky5varhC3PdITfCco7iWbA,ELVIE LINS,3830.0,,,,,,,,,,,,,,,,,,,0.0005462361903967269
RNp9dshmsqQ,UCPAz3hWHiBC-c1x4K0-atsg,Waleska Herrera,1230000.0,0.2775,0.2775,0.8475,1.7375,0.7725,0.7875,0.3425,0.7425,0.7725,0.365,0.35,0.0925,0.11,0.0,1.4675,0.9425,0.1475,1.0,2.074314647076178e-05
RPHoH_vpKRk,UCgT73SoCBkoLYnrR70iDr_g,Hunter Talks,6050.0,1.45,1.19,0.0,3.09,0.82,0.0,0.0,0.25,1.73,0.0,0.3,0.0,1.23,0.04,2.11,0.0,0.0,2.0,0.0016387085711901807
RSTFMBuUwwU,UCQZh7dlICtR6CPtB9R_ZzYA,Hindsight,322000.0,,,,,,,,,,,,,,,,,,,0.0010924723807934538
RUipBSnN2tA,UCdJAmuo-KkgcJvSoQjPxAWg,Ash and Kels,32200.0,0.0,0.0,0.23,3.06,0.26,0.0,0.01,0.0,0.0,0.66,0.57,0.35,0.0,0.0,0.0,1.37,0.0,1.0,0.00032774171423803616
RUmFeFqFUWw,UCbDelWG0lH_xzQjnH-bNB_w,josie lifts things,1080000.0,2.59,3.69,0.12,3.42,0.0,0.0,0.0,0.0,0.22,0.0,0.37,0.28,0.0,0.0,3.42,0.7,0.0,2.0,0.0002521090109523355
RWEssVacb00,UCQQyW9Ki62OmGzHedws7xlQ,Bianca & Beyond,142000.0,0.13,0.0,0.0,0.0,1.25,0.0,0.0,1.44,1.89,0.0,0.0,0.0,0.0,0.0,1.34,0.45,0.0,0.0,0.00010241928569938629
RWS5Ru8QNig,UCt3mOg88T0My5vZpbE0TG_g,Crunch,475000.0,,,,,,,,,,,,,,,,,,,0.0010924723807934538
RXrKUTh81oU,UCCgVh36x3hbuRnHMpwl443Q,Music Game News,1210000.0,0.4466666666666666,0.1233333333333333,0.0,1.0166666666666666,1.3666666666666665,0.8133333333333334,0.45,0.7133333333333334,1.6733333333333331,1.4733333333333334,0.6933333333333334,0.7933333333333333,0.0,0.3899999999999999,1.2433333333333334,0.2799999999999999,0.2833333333333333,0.0,8.193542855950904e-05
RXwlAB4nMJU,UCIgeYqubI5M8LoLCcZqwlpw,kelly,1460000.0,,,,,,,,,,,,,,,,,,,0.0008193542855950903
RYRP-hsBHik,UCvsb2dwX9pL-_QX8blpQ_Ag,Max & Sujy POL,48800.0,,,,,,,,,,,,,,,,,,,0.0005462361903967269
RYmsgBhcFcM,UCRzBNJTsBe2rq6pkyXeaj1A,TriFate Lifestyle,161000.0,,,,,,,,,,,,,,,,,,,0.0001724956390726506
RZH9EsQmYu4,UCt9BTGSxATM6axwfTY4KnEg,A Foreigner in the Philippines,265000.0,,,,,,,,,,,,,,,,,,,5.462361903967269e-05
Ra6ztNcUlsY,UCWkguf2p-KFU5uE7iXJuj5g,Marco Roams,135000.0,0.11,0.0,0.28,0.0,0.9,2.63,2.21,0.37,0.0,2.65,0.55,0.0,0.0,0.0,1.61,0.0,0.22,0.0,0.0010924723807934538
RaQcueErQYg,UCUGW2ubpsY5SDrGHfauQpWw,"선, 바이더웨이 / Seon, by the way",13400.0,1.125,0.635,0.355,0.4825,1.25,1.5825,0.2675,0.7250000000000001,1.015,0.48,0.0675,0.585,0.0775,0.57,0.9625,1.165,0.2075,1.0,0.0006554834284760723
RadVvPxGsZk,UCBhnGs1nD_ixIGWkJUYkfRQ,Building the Philippines with Wilma & Greg,14200.0,,,,,,,,,,,,,,,,,,,0.0005462361903967269
RanyrxILSDk,UCbDelWG0lH_xzQjnH-bNB_w,josie lifts things,1080000.0,0.85,0.95,2.18,0.0,1.78,2.14,2.02,1.98,2.15,1.22,0.12,0.0,0.0,0.0,1.99,1.05,0.0,0.0,0.0002521090109523355
Rb-vr5vfo8g,UCwmjQLxUeYS2qxpNH8cF0Rw,BossD3nnis,15000.0,,,,,,,,,,,,,,,,,,,0.0002521090109523355
RbZUbbTEgnA,UColnnUYyz7CWjhzpF1kASnw,NOW UNITED,7970000.0,0.61,0.115,1.6700000000000002,0.86,0.15,0.035,0.0,0.0,0.2,0.26,0.835,0.0,0.73,0.1,0.515,0.52,0.22,1.0,0.00019278924366943303
Rbw48sZhAdo,UCxBWeubuZrc8sQE_bXytgUQ,Justin & Alina,138000.0,0.27,0.0,0.0,0.865,1.13,0.315,0.0,0.7025,1.9825,1.0075,0.0,0.02,0.1,0.0,0.9375,0.0,0.1975,0.0,0.00013655904759918172
RdJ15yO1Vxo,UCiEpme4y4_PQGsPZHA3gK5w,Hoda & Hossam Vlogs,2870.0,,,,,,,,,,,,,,,,,,,0.0008193542855950903
RdV479yOk70,UCQYkvXhPNaRxlu-jAI5_5Zg,LeRoc Living Our Life Philippines,1240.0,,,,,,,,,,,,,,,,,,,0.00010572313362517294
Rg0du2jpPME,UCbRaUB7Hfe3clmKqqj8Nm1Q,laoshu505000,1230000.0,0.8166666666666665,0.6733333333333333,0.7333333333333334,0.68,0.5833333333333334,1.18,0.3833333333333333,0.2233333333333333,0.52,0.3933333333333333,0.2633333333333333,0.4366666666666667,0.3633333333333333,0.1633333333333333,0.65,0.71,0.8466666666666667,1.0,0.0008193542855950903
Rg1ONQOf4L8,UCvnH8hXGvQxe3uafTUMb2xg,Davion West,16300.0,2.29,0.99,1.02,2.32,2.16,1.8,0.59,3.29,3.0,3.13,0.0,0.0,0.0,0.67,3.6,0.39,0.12,0.0,0.0010924723807934538
Rh_Od2wkQcc,UCKLlmM881k4QZN-iUAFIQfw,Susie in the Philippines,128000.0,,,,,,,,,,,,,,,,,,,0.00013109668569521446
Ro8sQ6CGin8,UC9DwgmJc-uKnxGavukOy_6w,Aaron Around,9540.0,0.0,0.0,0.0,0.44,1.43,2.53,0.51,2.35,3.03,1.43,0.0,0.0,0.0,0.25,2.65,1.51,0.52,0.0,0.00016387085711901808
RoBe35avn8k,UCrPo31V8wpuuCMseyzEDZMQ,The Hungry Syrian Wanderer,5200000.0,,,,,,,,,,,,,,,,,,,0.0004682024489114802
RoKQM1n6gIA,UCPAz3hWHiBC-c1x4K0-atsg,Waleska Herrera,1230000.0,0.482,0.382,0.174,1.236,0.236,0.82,0.274,0.438,0.256,0.2339999999999999,0.482,0.146,0.222,0.018,0.38,0.216,0.062,1.0,2.074314647076178e-05
RoLBag1rh6A,UCi9mzS8H-ez_30w5SCL2dmw,JREKML,1210000.0,1.89,2.24,0.0,3.07,0.0,0.0,0.0,0.38,0.7,0.0,0.0,0.29,0.0,1.0,2.21,2.07,0.13,2.0,6.827952379959086e-05
RqwT81VWcfs,UCZaT_X_mc0BI-djXOlfhqWQ,VICE News,9220000.0,1.942,0.552,0.79,0.416,0.016,1.24,0.034,0.492,0.1319999999999999,0.2779999999999999,0.536,0.422,0.168,0.086,0.1399999999999999,0.6940000000000001,0.442,1.0,0.0010924723807934538
RsRT-S90As8,UCBGWdISBOCKGE0IbL7_S3oQ,kazincredible,80900.0,0.6433333333333333,0.8733333333333334,0.0,0.3666666666666667,0.02,0.36,0.0466666666666666,0.7133333333333333,0.62,0.97,0.1833333333333333,0.0,0.7799999999999999,0.0,0.9466666666666668,0.7233333333333333,0.0566666666666666,1.0,0.0008193542855950903
RslRT6B49rA,UCcOAQbB33b5Grzkv3SiAwpw,A PIECE OF DAILY LIFE BY LIGHT TRAVELS VLOGS,2700.0,,,,,,,,,,,,,,,,,,,0.0016387085711901807
RupvFbi5e2s,UCqCI4i-mZ4Cu6Kr8emMaf1A,RYU JAPAN,134000.0,1.04,0.12,0.88,0.395,0.635,0.37,0.165,0.855,0.82,0.275,0.23,0.06,0.33,0.04,1.3,1.02,0.0,1.0,0.00027311809519836344
Ruw_8VF8HPU,UCVWSmD7gyvZv7fpcgF-oiCQ,Mirco Tere & Bella,165000.0,,,,,,,,,,,,,,,,,,,0.0004682024489114802
Rw3TZ9pC6iU,UCTfHKQ9fbUEiStUAQEax7dw,,,,,,,,,,,,,,,,,,,,,
S-5ZBnkdra8,UCp0hYYBW6IMayGgR-WeoCvQ,TheEllenShow,38200000.0,0.0,0.0,0.0,0.13,0.0,0.0,0.0,0.41,0.26,0.76,0.45,2.16,0.0,0.0,0.0,1.66,0.18,1.0,0.0008193542855950903
S-TkP2Xew7I,UCwmjQLxUeYS2qxpNH8cF0Rw,BossD3nnis,15000.0,,,,,,,,,,,,,,,,,,,0.0002521090109523355
S-xx5NLNEuc,UC7nw2QvlDVw1RK1AZnuAdRg,AMAZING EVENTS,96000.0,0.53,2.17,0.0,0.06,0.0,0.59,0.4,0.0,0.0,0.0,0.28,0.0,0.12,0.0,0.73,1.49,0.01,1.0,0.0016387085711901807
S1ITUnYLqOQ,UCPAz3hWHiBC-c1x4K0-atsg,Waleska Herrera,1230000.0,0.0,0.0,0.9966666666666668,1.143333333333333,0.0833333333333333,0.2666666666666666,0.1833333333333333,0.2866666666666667,0.3133333333333333,0.2066666666666667,0.15,0.0,0.2566666666666666,0.0,1.1033333333333333,0.5766666666666667,0.2466666666666666,1.0,2.074314647076178e-05
S3N0vl_wBD0,UC_hN8xs99S6jnMdYCuJgoJA,Pinoy Planet,97800.0,1.665,2.165,0.795,4.0600000000000005,0.365,1.905,0.395,2.86,0.815,2.385,3.34,1.145,0.785,2.745,0.985,0.0,0.115,2.0,3.6015572993190784e-05
S4bNEgM483k,UCyV4yaPg3P2UMzFLo29tjsQ,Lucia Sinatra,105000.0,0.4842857142857143,0.2114285714285714,0.1528571428571428,0.4014285714285713,0.2228571428571428,0.2228571428571428,0.0671428571428571,0.6857142857142857,0.6885714285714286,0.3228571428571428,0.06,0.1457142857142857,0.0371428571428571,0.0,0.767142857142857,0.48,0.1628571428571428,1.0,0.0010924723807934538
S4dDVYH72MI,UCqdBWKP4_8bU-Rsk2LvVz6Q,BecomingFilipino,1140000.0,,,,,,,,,,,,,,,,,,,0.0001560674829704934
S6jRwPIKIVM,UC_hN8xs99S6jnMdYCuJgoJA,Pinoy Planet,97800.0,0.0,0.0,0.59,0.0,0.0,0.0,0.1,0.0,0.0,1.0,0.69,1.02,0.0,0.36,0.0,0.37,0.0,1.0,3.6015572993190784e-05
S7YFxw0oK6c,UCyEA3vUnlpg0xzkECEq1rOA,My Name Is Andong,702000.0,0.45,0.83,0.41,1.27,2.15,1.72,0.0,2.03,2.37,1.85,0.0,0.0,0.11,0.51,2.38,0.0,0.62,0.0,0.0016387085711901807
S8U0sCHork8,UCL8IPpUd7kIfEoPgTl2LzPA,Paul in the Philippines Old Dog New Tricks,108000.0,0.0,0.0,0.425,0.0,2.605,1.4,0.81,2.07,2.895,1.635,0.23,0.58,0.225,0.355,1.58,0.27,0.025,0.0,0.0008193542855950903
S9q3e8AL_-0,UCi9mzS8H-ez_30w5SCL2dmw,JREKML,1210000.0,1.49,0.0833333333333333,1.1033333333333333,1.1033333333333333,0.0,0.01,0.0,0.42,0.0,0.0166666666666666,0.2066666666666666,0.3766666666666666,0.0,0.26,0.0033333333333333,0.0966666666666666,0.3166666666666666,1.0,6.827952379959086e-05
SAh_qq8ipBU,UCiSfjwYIGaLIHI7fHbyCpiw,Military Combat Network,122000.0,,,,,,,,,,,,,,,,,,,0.0008193542855950903
SBWBp125e4Y,UCo5IPeTfhzXzzNB64ALUSUw,The Demouchets REACT,182000.0,1.7166666666666668,2.236666666666667,0.0,2.4266666666666667,0.47,0.6133333333333334,0.0766666666666666,0.43,0.8366666666666666,1.45,0.1266666666666666,0.3533333333333333,0.45,0.0699999999999999,1.55,1.1266666666666667,0.0,2.0,0.00018207873013224228
SDHspt6VI2s,UCobYD8WgP3GPOqgvXF2Yy1w,Adam and Jane's Lifestyle,75500.0,0.13,0.0,0.0566666666666666,0.13,0.7200000000000001,0.7166666666666667,0.08,0.7666666666666666,0.99,0.6833333333333332,0.6066666666666667,0.0566666666666666,0.1066666666666666,0.02,0.6466666666666666,0.6733333333333333,0.2133333333333333,1.0,6.827952379959086e-05
SH8YofIJ3zc,UCk0JYbzoYHPsNP2KD3NHYbQ,Hungry Two Travel,252000.0,1.72,1.355,0.6,2.685,0.0,0.0,0.125,0.03,0.06,0.175,0.975,1.28,0.0,0.0,0.495,0.61,0.78,2.0,0.0016387085711901807
SLB72qmrusk,UColnnUYyz7CWjhzpF1kASnw,NOW UNITED,7970000.0,0.904,0.0,0.507,0.5640000000000001,0.208,0.542,0.256,0.457,0.366,0.185,0.291,0.176,0.724,0.064,0.298,0.21,0.41,1.0,0.00019278924366943303
SLJriYf-8gY,UC_nGEYgqzTuyFbHCZELMC2w,Merryjuj,11400.0,,,,,,,,,,,,,,,,,,,0.00011301438422001247
SLfMX2eA7Lc,UCqEnWAU8x9752h2t-8x8gNw,Living With Grace In Japan,3150.0,1.05,0.48,0.0,0.0,0.0,0.8,0.0,0.0,0.45,0.0,0.0,0.0,0.53,0.0,0.0,0.13,0.0,1.0,0.0010924723807934538
SLq86U68qO8,UCSvaH7DbguYJcp8PHTTv1Zw,Bigg World Cinema,34000.0,1.43,0.6,0.02,0.6499999999999999,0.18,0.27,0.46,0.085,0.24,0.0,0.24,0.0,0.78,0.26,0.045,0.64,0.085,1.0,0.00019278924366943303
SMXEN03ymko,UCuDJlOZRQyZgmRdLmrsXwRw,Joachim Reyes,448.0,,,,,,,,,,,,,,,,,,,0.0010924723807934538
SMgDD-197xo,UCU03NklypYW1AAIoNE2Vh1g,Jeanelleats,1900000.0,,,,,,,,,,,,,,,,,,,0.0002341012244557401
SMgrOzLfPe8,UCryJ4vhASeu7uhXRPOL3WhA,What's up Philippines,311000.0,,,,,,,,,,,,,,,,,,,2.621933713904289e-05
SOAIc9ONdb4,UCNMCLJlFSqiUb1EnXII3zhQ,Harees Ameerali - Royal Sky Holidays,986000.0,0.99,0.29,0.86,1.87,0.685,1.57,0.215,0.84,0.34,0.0,1.19,0.0,0.0,1.18,1.325,0.0,0.09,1.0,0.00036415746026448456
SPWdJ9CQWns,UCuNaiEm7eKFj6E_S_IcfeOg,Sam Fujin,67.0,,,,,,,,,,,,,,,,,,,0.0010924723807934538
SQaCcZjsEKE,UCi9mzS8H-ez_30w5SCL2dmw,JREKML,1210000.0,,,,,,,,,,,,,,,,,,,6.827952379959086e-05
SQzmJ7lSvHk,UCpL_tis0ertYh2DSOiCm51g,World Nomac,751000.0,2.91,3.73,0.0,1.99,0.0,0.0,0.0,0.0,0.45,0.44,0.0,0.0,0.0,0.41,1.12,0.47,0.22,2.0,0.00020483857139877258
SR3MF-ZAvB0,UCnIG77gLrKwxZ-j0YhmstcA,Tales of Odyssey,43900.0,0.81,0.68,1.71,0.485,0.765,1.08,0.72,0.72,0.705,0.92,0.0,0.145,0.56,0.02,1.095,0.675,0.6900000000000001,1.0,0.0010924723807934538
SUNE9Kflopg,UCN6ssBUC5PNYUN9aG-iiA2A,A Day in the UK,5630.0,0.5499999999999999,0.02,0.8433333333333333,0.7833333333333333,0.7566666666666667,1.2333333333333334,0.6933333333333334,0.8633333333333333,0.9866666666666668,0.9866666666666668,0.2166666666666666,0.1999999999999999,0.5033333333333333,0.2766666666666666,0.57,0.0,0.0066666666666666,1.0,0.0010924723807934538
SW4AldBdyk8,UCRzBNJTsBe2rq6pkyXeaj1A,TriFate Lifestyle,161000.0,1.56,0.65,0.96,0.6950000000000001,1.455,0.715,0.45,1.62,1.615,1.5750000000000002,0.41,0.315,0.355,0.1699999999999999,1.86,0.255,0.1,0.0,0.0001724956390726506
SaMR6tkhh_M,UCuoZLURMs4av8y-n80eviFw,K-Pop Vocal Coach,286000.0,0.905,0.36,0.185,0.705,0.5,1.24,0.615,1.5750000000000002,0.745,1.11,0.19,0.0,1.335,0.0,0.65,0.03,0.44,1.0,0.0008193542855950903
SaiDP96j2P8,UCLQ1V9BthBBZA_mE3QV18eA,Milky Coffee,1530.0,2.19,2.57,0.0,0.57,2.52,0.28,0.0,1.2,3.69,1.85,0.0,2.02,0.65,1.77,0.0,0.0,0.06,0.0,0.0005462361903967269
SbWJwoz4n_I,UCryJ4vhASeu7uhXRPOL3WhA,What's up Philippines,311000.0,,,,,,,,,,,,,,,,,,,2.621933713904289e-05
Sbck87afvGU,UC-wdvwNBuVobJRbISwjA5Hw,Alex Oh Reacts,179000.0,,,,,,,,,,,,,,,,,,,0.0010924723807934538
SbdM8xETci4,UC9b5vUlohoM_Gli7NKzpHkg,The Eftimies,11700.0,,,,,,,,,,,,,,,,,,,0.0008193542855950903
SbxqHAg87Yo,UCmlfCI87gCasxVQR1_Y_DqQ,Red Zone Mindanao ,5570.0,,,,,,,,,,,,,,,,,,,0.0010924723807934538
SgpzJ9peq0Q,UCPAz3hWHiBC-c1x4K0-atsg,Waleska Herrera,1230000.0,0.5640000000000001,0.0,0.38,0.49,0.244,0.714,0.0,0.662,0.92,0.578,0.264,0.718,0.626,0.004,0.138,0.176,0.154,1.0,2.074314647076178e-05
SgrfCgr4cyU,UCcAd5Np7fO8SeejB1FVKcYw,Best Ever Food Review Show,11600000.0,0.33,0.27,0.0,2.16,0.0,0.0,0.05,0.28,0.0,0.21,0.33,1.15,0.0,0.43,0.37,1.49,0.0,1.0,0.0006554834284760723
Sjv1PS6UufI,UC9DwgmJc-uKnxGavukOy_6w,Aaron Around,9540.0,,,,,,,,,,,,,,,,,,,0.00016387085711901808
Sm78MYy2Mds,UCLPLXSPgySkBypwpi6BrMwg,Jessica Lee,1680000.0,,,,,,,,,,,,,,,,,,,0.0002521090109523355
SoYGZUnE-Iw,UCJsUPQs-NSevvUxKmtvdQxw,International Jasper 🇵🇭,56800.0,,,,,,,,,,,,,,,,,,,0.0006554834284760723
Sp2TPxvzKx8,UC9KcolSfd2YgFOiV9X3RAoQ,Mai Vibes,3850.0,,,,,,,,,,,,,,,,,,,0.0016387085711901807
SpIeqCNKrMQ,UCO5Jeark1e_JP36mY3ua19g,The Commodity,98300.0,0.7142857142857143,0.0714285714285714,0.2071428571428571,0.2971428571428571,0.7914285714285715,1.2414285714285715,0.38,0.3742857142857143,0.79,0.8914285714285715,0.4071428571428571,0.3085714285714285,0.9257142857142858,0.26,0.5228571428571429,0.4871428571428571,0.2571428571428571,1.0,6.18380592901955e-05
SqNw_SMrIQA,UCzuqE7-t13O4NIDYJfakrhw,Democracy Now!,2930000.0,1.0433333333333332,0.8633333333333334,0.41,0.11,0.18,0.3633333333333333,0.3033333333333333,0.0,0.1833333333333333,0.3033333333333333,0.7000000000000001,0.0,0.51,0.0,0.1766666666666666,0.85,0.7799999999999999,1.0,0.0010924723807934538
SrDm7kh_9wI,UCO6nDCimkF79NZRRb8YiDcA,Storied,1000000.0,,,,,,,,,,,,,,,,,,,0.0010924723807934538
Ss4sYHi7XZg,UC_DmOS_FBvO4H27U7X0OtRg,Fearless & Far,3030000.0,1.3266666666666669,0.47,0.0433333333333333,0.44,1.8733333333333333,1.403333333333333,0.3166666666666666,1.15,2.21,0.9866666666666668,0.0,0.0,0.96,0.0033333333333333,2.356666666666667,0.2033333333333333,0.0933333333333333,0.0,0.00032774171423803616
SsVMg3s2Ccg,UCKd9gq6eJCV7j5FO75q2_Fg,Frank,23800.0,,,,,,,,,,,,,,,,,,,0.0002979470129436692
StxUFN2tlDA,UCGtalU8FOYyLRcooDSUJ9aA,Marichu Baloro,9200.0,,,,,,,,,,,,,,,,,,,0.0016387085711901807
SuMb7QO8vh8,UCCb-6a1Fakv4QzwC2c-3vAg,Pinoy Luka,89000.0,,,,,,,,,,,,,,,,,,,0.0008193542855950903
SuWQAVOUikY,UCoWQLZoPwn3mJ-oiPrwDpbA,Living abroad,163000.0,,,,,,,,,,,,,,,,,,,6.554834284760723e-05
Sumub2tRXro,UCoWQLZoPwn3mJ-oiPrwDpbA,Living abroad,163000.0,,,,,,,,,,,,,,,,,,,6.554834284760723e-05
SutFZNd73qU,UCKie0svsFyBBsKaQIA4hx-w,American Entrepreneur in the Philippines,9850.0,0.505,0.0,0.8049999999999999,0.37,0.39,0.655,0.0,1.34,0.525,0.0,1.84,0.17,1.6,0.115,0.95,0.61,0.265,1.0,0.00020483857139877258
SvGbt99BHEg,UCpi8TJfiA4lKGkaXs__YdBA,The Try Guys,7920000.0,0.405,1.295,0.95,1.6949999999999998,0.87,1.19,0.225,1.7000000000000002,1.555,0.99,1.04,0.055,0.485,0.185,2.82,0.31,0.33,0.0,0.0008193542855950903
SvVELQ6_7PI,UCKjpl5dlRUP4C1qJCoHh-CA,BuzzFeedOz,225000.0,0.015,0.0,1.365,0.41,1.825,2.04,1.25,1.635,1.14,0.76,0.495,1.235,0.0,0.3249999999999999,0.7,1.04,0.665,0.0,0.0008193542855950903
SwMzy5qWGFk,UCgXQWI3jkQBn4PT1zvFK1QQ,WeAreOcampo,240000.0,,,,,,,,,,,,,,,,,,,0.0010924723807934538
SwRDqwudsE0,UCpL_tis0ertYh2DSOiCm51g,World Nomac,751000.0,0.875,0.6699999999999999,0.075,0.91,0.345,0.3399999999999999,0.645,0.345,0.015,0.395,0.16,0.215,0.465,0.03,0.225,0.3,0.86,1.0,0.00020483857139877258
SwvKOc1Gy40,UCMETRf3XBhjI7SpWVMSFNuA,Chris Kusinero Adventures,35400.0,0.0,0.0,0.0,0.0,1.225,1.125,1.53,2.165,1.79,1.12,0.23,1.56,1.265,0.335,1.105,0.605,0.235,0.0,0.0008193542855950903
SxvIkh5QiBE,UCVfF2cBhyatGQc_BcjSZ-_Q,Roaming Hogan,64500.0,1.36,0.0,2.0,1.59,0.47,0.0,1.39,0.44,0.0,0.86,1.38,0.0,0.0,1.0,1.29,0.0,0.25,1.0,0.0010924723807934538
Sy9xBeBhYZw,UCzjxQJtI4GqGaBwFagqv1AQ,Shev and Dev,560000.0,0.58,0.355,0.0,0.365,1.28,0.47,0.34,1.03,0.54,0.965,0.92,1.225,0.915,1.33,0.11,0.0,0.0,1.0,0.00036415746026448456
T02xQawRASk,UCmZEdaBmnUEoWAzLo4nFASA,Dean Hashim in The Philippines,471000.0,,,,,,,,,,,,,,,,,,,0.0008193542855950903
T1_A2TNM4L4,UCl4I_ztLWgW8ybm9M0n1pyg,Nic & Rei,14700.0,0.0,0.0,0.0,0.0,1.52,2.63,0.02,2.59,2.7,0.0,0.0,0.0,0.3,0.0,2.38,0.84,0.0,0.0,0.00010572313362517294
T1jJIhxXq-4,UCPAz3hWHiBC-c1x4K0-atsg,Waleska Herrera,1230000.0,0.5980000000000001,0.978,0.0,0.866,0.19,0.24,0.298,0.346,0.608,0.492,0.312,0.194,0.424,0.0699999999999999,0.558,0.354,0.422,1.0,2.074314647076178e-05
T2dRUFTgLCk,UC_hN8xs99S6jnMdYCuJgoJA,Pinoy Planet,97800.0,0.0,0.0,0.59,1.02,0.7,0.0,0.84,0.97,0.99,1.47,0.0,0.04,1.21,0.36,1.04,0.0,0.44,1.0,3.6015572993190784e-05
T38-dZmpaC4,UCFcKArH0uUhFgkTcZiDW3Ig,KPO TV,53900.0,,,,,,,,,,,,,,,,,,,0.0010924723807934538
T6IPaGlbbY4,UClC88Hwf0c115jFj-fhVj2A,Kano Harry,3930.0,,,,,,,,,,,,,,,,,,,0.00020483857139877258
T6p-4PGf-Cw,UCQ3i4wFECsKSLp8_9y-BkgA,Dustin Backpacks,160000.0,1.62,0.82,0.0,0.58,1.655,0.395,0.035,1.295,2.52,1.4249999999999998,0.0,0.0,0.545,0.025,1.38,0.0,0.51,0.0,0.00040967714279754517
T7Czd5VmmUY,UCoWQLZoPwn3mJ-oiPrwDpbA,Living abroad,163000.0,,,,,,,,,,,,,,,,,,,6.554834284760723e-05
T7O2EwCKjrE,UCoFoYQxIaKKivKYW4z_5D5A,Katie Tracy,214000.0,0.58,0.0,0.4833333333333333,0.0,1.89,2.43,0.4399999999999999,1.1166666666666667,1.7599999999999998,1.05,0.0633333333333333,0.0,0.7566666666666667,0.16,1.6900000000000002,0.3033333333333333,0.0333333333333333,0.0,0.0016387085711901807
T7_k2imOvDw,UCM31OXY_a1lrR2dSTOpeVkA,HeyoLeah,183000.0,,,,,,,,,,,,,,,,,,,0.0010924723807934538
T9zN_s3m5xM,UCPAz3hWHiBC-c1x4K0-atsg,Waleska Herrera,1230000.0,0.5618181818181818,0.0427272727272727,0.3081818181818181,0.52,0.1054545454545454,0.4981818181818182,0.209090909090909,0.2263636363636363,0.2572727272727272,0.3509090909090909,0.5090909090909091,0.2063636363636363,0.41,0.0072727272727272,0.2781818181818182,0.5227272727272727,0.24,1.0,2.074314647076178e-05
TA11qP7TuBg,UC_hN8xs99S6jnMdYCuJgoJA,Pinoy Planet,97800.0,1.23,2.39,0.0,2.82,0.59,0.15,0.8,1.69,0.77,1.73,2.11,0.0,1.78,0.0,1.6,0.0,0.0,2.0,3.6015572993190784e-05
TCOE79IOmLM,UCKCGOzNIJoDhH7IQMoa1ySQ,Heaven Peralejo,532000.0,0.34,0.0,1.54,0.31,2.47,4.1,0.42,2.26,2.79,0.74,0.0,0.0,0.0,0.0,2.44,0.2,0.0,0.0,0.0016387085711901807
TDVAcI-EL5I,UCt9BTGSxATM6axwfTY4KnEg,A Foreigner in the Philippines,265000.0,,,,,,,,,,,,,,,,,,,5.462361903967269e-05
TDwgAg-2BaY,UCYr4VTQfBpXrccQw_H2S8RA,JUICY REACTS,318000.0,0.31,0.0166666666666666,1.08,0.53,0.8433333333333333,0.3266666666666666,0.5533333333333333,1.9466666666666663,1.2766666666666666,1.07,0.29,0.1733333333333333,0.0,0.0,1.79,1.7133333333333336,0.5733333333333334,0.0,0.00012138582008816153
TENRdTvS8BQ,UCmw9oO138A4WRUbOZyUGhHA,The Hungry Syrian Family,1440000.0,,,,,,,,,,,,,,,,,,,0.0006554834284760723
TFEIZ4drK-k,UCgzC7SsCYSfGrVWoHQS5W8A,Cowsep,702000.0,0.52,0.0,0.0,0.3,0.75,0.32,0.0,0.78,2.6,0.07,0.0,0.25,0.33,0.11,1.3,0.47,0.0,1.0,0.0016387085711901807
TGZ46HAbePg,UCJIOEMm-cKo8uG82dUIfe1w,DR. ORFLI,12000.0,0.98,0.54,0.12,0.05,1.81,1.21,0.74,2.71,2.1,1.27,0.0,0.51,0.65,0.12,2.19,0.0,0.19,0.0,0.0008193542855950903
THAzTxjbi8k,UCflE-QMT5V5l74ivZ50jzIg,Grace Kim,35700.0,0.55,0.0,0.0,0.0,2.22,1.26,1.02,2.04,1.92,1.16,0.0,0.0,0.01,0.0,1.56,0.43,0.0,0.0,0.0010924723807934538
TIdar1knDhA,UC_hN8xs99S6jnMdYCuJgoJA,Pinoy Planet,97800.0,,,,,,,,,,,,,,,,,,,3.6015572993190784e-05
TJ-xXlc171c,UChJZein82KzV47Ef4L9Yh_g,Victor x Grace,44900.0,1.0366666666666668,0.7799999999999999,0.34,1.0033333333333332,0.87,0.08,0.08,2.09,1.98,2.2,0.0,0.49,0.1933333333333333,0.0,1.13,0.32,0.0,0.0,0.0008193542855950903
TJB9f95X4cg,UC3hNYaWQYd_kGo2rKAGQPYQ,Steve Yalo,179000.0,0.885,0.0,0.605,1.705,0.265,0.185,0.0,1.175,0.805,1.66,0.72,0.685,0.0,0.765,0.225,0.0,0.0,1.0,0.0006554834284760723
TJgg8WQefLw,UCryJ4vhASeu7uhXRPOL3WhA,What's up Philippines,311000.0,,,,,,,,,,,,,,,,,,,2.621933713904289e-05
TKQqKGOIHFM,UCTPxMCyJyYGF6H0eBhOvgsA,Pinay mom's blogs,7390.0,0.27,0.0,0.035,0.0,1.115,1.175,0.0,0.64,1.745,2.03,0.03,0.0,0.625,0.4499999999999999,0.26,0.18,0.25,0.0,0.0001724956390726506
TMjmRB6YSOo,UCPAz3hWHiBC-c1x4K0-atsg,Waleska Herrera,1230000.0,,,,,,,,,,,,,,,,,,,2.074314647076178e-05
TMsfrbzSayo,UCoHcRUQiJaeUve1136k1XDg,Manong George : Filipino UK Nurse,18300.0,,,,,,,,,,,,,,,,,,,0.0006554834284760723
TMxxLYavYMY,UC6i-b_82Fu9hCcgVnJEuV-Q,Handa Studio Philippines,107000.0,,,,,,,,,,,,,,,,,,,0.0008193542855950903
TN7lweGEmuk,UCLvnKTwSZEnCbTHNnqiivRQ,Dodo Explorers,188000.0,1.51,1.43,0.36,0.27,0.0,0.0,0.0,0.42,0.6,0.8,0.0,0.0,0.0,0.0,0.3,0.24,0.0,1.0,0.00020483857139877258
TOj-pssurng,UCLQ1V9BthBBZA_mE3QV18eA,Milky Coffee,1530.0,1.66,2.83,0.0,2.53,0.0,0.3,0.0,0.13,0.0,0.0,1.76,0.13,0.0,0.0,0.59,1.81,0.77,2.0,0.0005462361903967269
TSbFpQUdSAE,UCzfEqx1_-zs2xUUzI3jVRSg,FinnSnow,541000.0,,,,,,,,,,,,,,,,,,,0.00016387085711901808
TSv5dcZ_NRQ,UCHKoUFkbdX2LnWXGcbkC3jA,drew Nation,214000.0,0.5266666666666667,0.2966666666666667,0.2633333333333333,0.1866666666666666,1.11,0.6233333333333334,0.99,0.9733333333333332,1.75,1.1866666666666668,0.3533333333333333,0.0633333333333333,0.6433333333333333,0.0566666666666666,1.51,0.35,0.1666666666666666,0.0,0.0005462361903967269
TVO3aqHMPYk,UCRrUJKpFAGgA9WVjSWhgk2Q,KIM n LEE,95200.0,1.0766666666666669,0.3666666666666667,0.3833333333333333,0.9266666666666667,0.0,0.5,0.16,1.0933333333333335,0.4166666666666667,0.4599999999999999,0.6166666666666667,0.5966666666666667,0.58,0.2799999999999999,0.1266666666666666,0.3133333333333333,0.2266666666666666,1.0,0.00011301438422001247
TWCVGDHcXHs,UC1LlKAwycO8TjYKJIQo2QZA,Allen Relevo,1980.0,,,,,,,,,,,,,,,,,,,0.0008193542855950903
TWlpLlWaoZY,UCSp8fcx6N6EqteugsAHD9Vw,The Manifested Family,53500.0,,,,,,,,,,,,,,,,,,,0.0008193542855950903
TX_Yl6ssM9o,UCryJ4vhASeu7uhXRPOL3WhA,What's up Philippines,311000.0,,,,,,,,,,,,,,,,,,,2.621933713904289e-05
T_WmfJ7_bjE,UCDZP2n7wrjSrFA8_KENuJ3Q,MomDuty,244000.0,1.22,0.97,0.39,3.46,0.64,1.2,0.0,1.04,0.31,0.0,0.42,0.02,0.0,0.0,1.5,0.75,0.0,2.0,0.0008193542855950903
Tckjqy0jhG4,UCXOKEdfOFxsHO_-Su3K8SHg,Strictly Dumpling,4300000.0,0.7075,0.0775,0.0,0.645,1.84,1.595,0.5275000000000001,1.8275,2.215,0.7675000000000001,0.1649999999999999,0.0625,1.03,0.0,1.4675,0.2175,0.2575,0.0,0.0006554834284760723
Td1S2Oc__L8,UCryJ4vhASeu7uhXRPOL3WhA,What's up Philippines,311000.0,,,,,,,,,,,,,,,,,,,2.621933713904289e-05
TeWekX9VORg,UCi9mzS8H-ez_30w5SCL2dmw,JREKML,1210000.0,0.0,0.0,2.14,2.12,0.46,0.0,0.72,0.74,0.0,0.23,0.19,0.0,0.11,0.0,1.3,0.81,0.0,1.0,6.827952379959086e-05
TfwV2mSmwYM,UCdGbzWwg2oAxwbzvWw2FDIQ,Myn's Life,3340.0,,,,,,,,,,,,,,,,,,,0.0016387085711901807
TgCFbzBZakI,UCe3PDv7F4Uex3ii9zdMbvWQ,LifeBeyondTheSea - Philippines Podcast,133000.0,,,,,,,,,,,,,,,,,,,0.00040967714279754517
ThxG5a02aT0,UCSrMrcpvabewFQCSBRUAiWw,The Trips,12200.0,1.3,2.36,0.0,3.25,0.47,0.62,0.0,0.49,1.77,0.0,1.35,1.31,1.1,0.0,1.27,0.64,0.0,2.0,0.0005462361903967269
TiCHTyCel1M,UC_hN8xs99S6jnMdYCuJgoJA,Pinoy Planet,97800.0,0.24,0.0,0.3,1.095,0.705,1.295,0.235,1.53,1.17,1.045,0.0,0.09,0.07,0.38,0.365,0.15,0.1,1.0,3.6015572993190784e-05
TiyxdTPnL9o,UCRzPUBhXUZHclB7B5bURFXw,Eater,3860000.0,2.29,0.87,0.54,0.0,2.21,1.43,0.08,2.66,2.9,1.49,0.11,0.0,0.0,0.0,3.21,1.12,0.26,0.0,0.00021849447615869075
TjWU1wsxPFs,UC_nGEYgqzTuyFbHCZELMC2w,Merryjuj,11400.0,,,,,,,,,,,,,,,,,,,0.00011301438422001247
TjpuhXYRE48,UCpcVjkwSeZG6GJvLsIxK5Yw,Sol & Luna,88000.0,0.3241666666666666,0.0158333333333333,0.5566666666666666,0.0866666666666666,1.1408333333333334,0.8574999999999999,0.4083333333333334,1.1316666666666666,1.315,1.4783333333333333,0.1841666666666666,0.0566666666666666,0.3391666666666666,0.1316666666666666,0.6633333333333333,0.1658333333333333,0.2375,0.0,0.0002341012244557401
TkWqKiudnJk,UCilyWAYEBfQTJ9DhuVsh_NA,Pinoy Proud and Pride,1250.0,,,,,,,,,,,,,,,,,,,0.0008193542855950903
Tl--ubgEmks,UClDzEHfr0rouilqR5cO_HQw,Rekhram sahu,35200.0,0.166,0.0,0.0,0.244,1.19,1.6780000000000002,0.506,1.6920000000000002,1.4300000000000002,1.416,0.298,0.108,0.716,0.102,0.826,0.236,0.046,0.0,0.0016387085711901807
TmgLhC31C1o,UCHgKHbSc87ES-H_xLlh6j9A,Philippine Women,21300.0,0.767,0.02,0.366,0.222,0.636,0.656,0.101,0.623,1.111,0.395,0.237,0.219,0.166,0.061,0.791,0.392,0.128,1.0,0.0008193542855950903
Tn5OfBoGJwE,UC_hN8xs99S6jnMdYCuJgoJA,Pinoy Planet,97800.0,0.0,0.0,0.49,1.26,0.66,0.0,0.71,0.54,0.71,0.9,0.0,0.0,1.34,0.4,1.0,0.0,0.86,1.0,3.6015572993190784e-05
TnZN3Ae_A5U,UCUDTw1k24lKpj37k_h3pyWg,Rys Lane,11200.0,,,,,,,,,,,,,,,,,,,0.0008193542855950903
TnvBiUw2OUs,UCryJ4vhASeu7uhXRPOL3WhA,What's up Philippines,311000.0,,,,,,,,,,,,,,,,,,,2.621933713904289e-05
ToDydz2wCJ0,UCLvnKTwSZEnCbTHNnqiivRQ,Dodo Explorers,188000.0,0.755,0.0,0.36,0.075,1.395,1.72,0.25,2.4450000000000003,1.19,0.585,0.5,0.185,0.385,0.0,1.27,1.245,0.035,0.0,0.00020483857139877258
ToRePJ15vyY,UC2vIDEQ4WAYpLu5ijURQTwg,Fe Eli,1390.0,,,,,,,,,,,,,,,,,,,0.0016387085711901807
TopDN4gdHuw,UCxGP9pIiALg9qxZ3Q5hgPIw,Mabuhay Life Adventures ,515.0,,,,,,,,,,,,,,,,,,,0.0016387085711901807
Tt0xcVjqWEU,UCmMHuOVQroFnzMPtBBwtoCw,Mariia & Daryl Philippines Life,39500.0,,,,,,,,,,,,,,,,,,,0.0010924723807934538
Tu6Ke3KabnA,UCRe3yRMUuJkNeWLtO9kBGqg,Nurse Ruth Nook,8750.0,,,,,,,,,,,,,,,,,,,0.0004682024489114802
TvFpDzz-JYY,UC_nGEYgqzTuyFbHCZELMC2w,Merryjuj,11400.0,,,,,,,,,,,,,,,,,,,0.00011301438422001247
TvjH_5p7DfE,UC-YjZCIxGE1Al-I2rGTukyA,KATCHUP,59900.0,0.96,1.42,0.0833333333333333,1.153333333333333,0.0,0.3733333333333333,0.0,0.0,0.26,0.2566666666666666,0.0,0.2433333333333333,0.2433333333333333,0.0,1.11,0.7633333333333333,0.0,2.0,0.0016387085711901807
TxRwjf8BLmY,UCVa6ozIskHiTXeTBV4Z9SUw,Justin Roque,29000.0,1.46,2.07,0.0,2.39,0.06,1.3,0.0,0.0,1.05,0.0,1.23,0.0,0.0,0.0,1.89,0.43,0.0,2.0,0.0010924723807934538
TxuUU_9NbyY,UC1712XEXMIRQW1-spPVK0Ng,Travis Kraft,597000.0,,,,,,,,,,,,,,,,,,,0.0002979470129436692
Ty2GiwdE7jA,UC7HxIb6bY4-ymtAOS_MGsOw,VI3ION,606000.0,0.39,0.675,0.0,1.265,0.295,0.96,0.0,0.22,0.745,0.07,0.105,0.82,0.64,0.225,1.085,0.895,0.59,1.0,0.0001560674829704934
U-5l1A78ATs,UCeT1qAcQxLP6cEfbMe85QCQ,Yoshi the Japanese Guy,165000.0,1.09,0.0,0.355,0.84,0.8150000000000001,1.045,0.4649999999999999,1.57,0.81,1.97,0.32,0.0,0.38,0.0,1.195,0.0,0.82,0.0,0.0001489735064718346
U-oiJtbTD9Q,UCV34zLTn4A60jS8RTI96_sw,The Black Filipino TV,80200.0,,,,,,,,,,,,,,,,,,,0.0005462361903967269
U0ZXDKpReR8,UChoyPLPxhJ3SgSbdRQ0m4RQ,Top 10 World,525000.0,,,,,,,,,,,,,,,,,,,0.0010924723807934538
U0zW0mBu_p0,UC3PVtkwtqwCD4LEPguBEADA,Mia Sandoval,395000.0,0.37,0.0,0.0,0.66,1.12,2.47,0.33,2.75,0.93,2.35,1.46,0.81,1.87,0.0,0.19,0.0,0.0,0.0,0.00011705061222787004
U5EeBtECq2Q,UCIR0ZRd8fjsRioV7k8iaV5g,Stay Hopeful By Beloved Marianne,479.0,,,,,,,,,,,,,,,,,,,0.0016387085711901807
U5tOuCwgBpw,UCWjSwkIn2gGgETcZZYaO-6g,RETIRING IN PARADISE,17000.0,0.66,0.64,0.0,0.56,0.395,0.35,0.025,0.69,0.225,0.705,0.005,0.0,0.0,0.01,0.475,0.94,0.0,1.0,8.62478195363253e-05
U6UkokV76nM,UCjFqjcg0RR6ILLrZ32k4D9g,Jus' 2 React,326000.0,0.3033333333333333,0.2433333333333333,0.2566666666666666,1.41,0.81,1.4966666666666668,0.16,1.2833333333333334,1.1266666666666667,0.7999999999999999,0.16,0.0,0.0,0.0499999999999999,1.04,0.3066666666666667,0.0766666666666666,1.0,0.0010924723807934538
U6_5bg5108o,UC-VUzVsTFTXMU7aSf-lEsiA,Rare Soul Worldwide,95200.0,1.78,2.49,0.0,1.74,0.0,0.0,0.0,1.1,0.0,0.47,0.78,0.0,0.0,0.0,3.07,1.17,0.0,2.0,0.0008193542855950903
U6lgI1iNHpA,UC_hN8xs99S6jnMdYCuJgoJA,Pinoy Planet,97800.0,0.61,0.29,0.0,1.265,0.05,0.75,0.615,0.325,0.385,0.615,0.685,1.075,0.0,0.775,0.32,0.86,0.795,1.0,3.6015572993190784e-05
U6r8HVMCxx0,UCO5Jeark1e_JP36mY3ua19g,The Commodity,98300.0,0.365,0.0,0.76,0.605,0.71,0.725,1.075,0.955,0.745,0.275,0.7050000000000001,0.5449999999999999,1.595,0.26,0.76,1.04,0.09,1.0,6.18380592901955e-05
U7z3sa26oS4,UCKMU-I4eYw-D9QF1YdUMUlw,Calvin Castiel,207000.0,,,,,,,,,,,,,,,,,,,0.0001489735064718346
U8CJ_pQWIQ4,UC-ZBaZ53_4a9DU0HM0T2hyg,Gourmet Stories,406.0,,,,,,,,,,,,,,,,,,,0.0010924723807934538
U8XwxNBrsCA,UCsZsDjpf2Ppv_cT2K6_q2cw,Refinery29,3160000.0,1.28,0.0966666666666666,0.2766666666666666,1.89,0.8433333333333334,0.8166666666666665,0.45,0.5766666666666667,0.7600000000000001,0.69,0.4366666666666667,0.4433333333333333,0.3133333333333333,0.3999999999999999,0.5533333333333333,0.5733333333333334,0.1066666666666666,1.0,0.0010924723807934538
U8k30_tYExs,UCkPpAqpOa_MXLP2qOTSrPOg,Sukli,1280.0,,,,,,,,,,,,,,,,,,,0.0006554834284760723
U998QOM02GY,UCQQyW9Ki62OmGzHedws7xlQ,Bianca & Beyond,142000.0,0.0,0.0,0.0,0.0,1.35,1.2066666666666668,0.06,0.7266666666666667,0.99,0.6866666666666666,0.1999999999999999,0.3466666666666667,0.3033333333333333,0.0,0.7733333333333333,0.37,0.5466666666666666,1.0,0.00010241928569938629
U99tRHb8qY8,UCV34zLTn4A60jS8RTI96_sw,The Black Filipino TV,80200.0,,,,,,,,,,,,,,,,,,,0.0005462361903967269
UAC0jPgSaqc,UCpsivHVNaBnIAPhkLBZcWQg,Zane Travel,129000.0,1.36,1.55,0.0,2.15,0.0,0.15,0.54,0.02,0.07,0.0,0.96,0.0,0.0,0.49,0.83,1.67,0.0,2.0,0.0005462361903967269
UAf3AGAVPPY,UChJZEuE4O45M6CbcYOS3U1w,Mike's Philippine Retirement,54200.0,,,,,,,,,,,,,,,,,,,0.0010924723807934538
UB4BgwVJUjs,UC0v-tlzsn0QZwJnkiaUSJVQ,REACT,20100000.0,0.5325,0.5975,0.0,0.8375,0.1525,0.8225,0.4725,0.66,0.1075,0.08,0.665,0.575,0.0,0.0675,0.8675,0.5675,0.0,1.0,0.0006554834284760723
UBmkJdJj11Q,UCWjSwkIn2gGgETcZZYaO-6g,RETIRING IN PARADISE,17000.0,1.1766666666666667,0.48,0.11,0.52,0.3033333333333333,0.7200000000000001,0.0,0.42,0.3666666666666667,0.2666666666666666,0.0,0.91,0.0,0.2133333333333333,0.2566666666666666,0.34,0.0,1.0,8.62478195363253e-05
UD65igFlINE,UCPNBc7ZRwmgk1I6j_lenAfw,The Love Train Nation,23900.0,0.8855555555555555,0.3138888888888889,0.1277777777777777,1.103888888888889,0.1016666666666666,0.2066666666666666,0.0788888888888888,0.3022222222222221,0.2216666666666666,0.3033333333333333,0.3722222222222222,0.0088888888888888,0.0222222222222222,0.2477777777777777,0.125,0.2016666666666666,0.0027777777777777,1.0,0.00010924723807934537
UDixEHBz4XU,UCPNBc7ZRwmgk1I6j_lenAfw,The Love Train Nation,23900.0,0.0,0.0,0.43,0.0,0.23,0.31,0.34,0.0,0.0,0.99,1.69,0.0,0.31,0.0,0.17,0.0,0.0,1.0,0.00010924723807934537
UFQNp1v_XQU,UC_hN8xs99S6jnMdYCuJgoJA,Pinoy Planet,97800.0,,,,,,,,,,,,,,,,,,,3.6015572993190784e-05
UGi1IR4Ot6o,UCryJ4vhASeu7uhXRPOL3WhA,What's up Philippines,311000.0,,,,,,,,,,,,,,,,,,,2.621933713904289e-05
UI0Hgxan_LE,UC_YHP03qQytjAfBK6tFcnew,Isaac & Andrea Vlogs,337000.0,,,,,,,,,,,,,,,,,,,0.0008193542855950903
UIpun2spk5w,UCVv-y0k91qAA-uI_K46UBvg,Dabble and Travel,583000.0,,,,,,,,,,,,,,,,,,,0.00013109668569521446
UJjtKFi3vtI,UCryJ4vhASeu7uhXRPOL3WhA,What's up Philippines,311000.0,,,,,,,,,,,,,,,,,,,2.621933713904289e-05
UK4l_8mw9tk,UCQYkvXhPNaRxlu-jAI5_5Zg,LeRoc Living Our Life Philippines,1240.0,,,,,,,,,,,,,,,,,,,0.00010572313362517294
ULuet4N8eoU,UC-O5RPLXeKJXUzNXwwqIOgw,Mat Salleh TV,1590000.0,0.0,0.0,0.0,1.36,0.0,1.27,0.0,0.0,0.0,0.28,0.3,0.0,0.0,0.0,0.1,0.96,0.0,1.0,0.0010924723807934538
UM72FFHja04,UCSjiVW9NV-mcJJ1t6RbMh7A,Down Under Visa,2650.0,,,,,,,,,,,,,,,,,,,0.00014249639749479832
UNfq6ITddXI,UCurHnY2uGGxazkbc8PxFvFA,Exploring With Cody,417000.0,2.72,1.1766666666666663,0.5566666666666666,1.3133333333333332,0.2866666666666667,0.2233333333333333,0.0,0.9966666666666666,1.0733333333333337,0.3666666666666667,0.7633333333333333,0.5766666666666667,0.2966666666666667,0.0,0.8566666666666666,0.0,0.4299999999999999,2.0,0.0016387085711901807
UROm764SUSE,UC8qBrdamqYihT_xWo-zyo-A,Emirates Loves Philippines,17400.0,,,,,,,,,,,,,,,,,,,0.0010924723807934538
UTHUma6LUjA,UCZ30twqmPtR7YYim3D3J7LQ,Мемоарите на една мечта,3530.0,1.22,0.45,0.57,0.0,1.15,0.0,0.0,2.06,2.28,2.59,0.0,0.0,1.21,0.0,1.53,0.0,0.0,0.0,0.0005462361903967269
UTLSHq-4w74,UCPAz3hWHiBC-c1x4K0-atsg,Waleska Herrera,1230000.0,0.6828571428571429,0.1357142857142857,1.162857142857143,1.5171428571428571,0.1757142857142857,0.2042857142857142,0.7942857142857144,0.6285714285714287,0.3214285714285714,0.2685714285714285,0.7700000000000001,0.5342857142857143,0.1357142857142857,0.0,0.7642857142857142,0.2485714285714285,0.1142857142857143,1.0,2.074314647076178e-05
UTMynEqCGoQ,UCgYGSGVlws9VF1Z1u4rNPaw,Mantas Gričėnas,462.0,,,,,,,,,,,,,,,,,,,0.0008193542855950903
UXBd8hvKHzA,UCWm__g4cPmX-umorqM8VfWw,Travel with Luke Damant,1620000.0,1.4933333333333334,0.6733333333333333,0.9933333333333332,0.8633333333333334,0.0,0.1566666666666666,0.0,0.52,0.0166666666666666,1.04,0.7599999999999999,0.48,1.2433333333333334,0.0833333333333333,1.0033333333333334,0.32,0.6133333333333333,1.0,0.00027311809519836344
UXPqbMZG5ts,UC5wQUM_uqQ6bo6zxvEG6QJw,Proudly Nomadic,12000.0,0.57,0.0,0.0,2.58,1.42,0.77,0.0,0.0,1.0,0.0,2.99,1.12,0.0,1.4,0.0,4.26,0.0,1.0,0.0002341012244557401
UZXyOudgYpE,UC0iiDUXdJMHLEnLoqVFcdrg,to bring together (tobringtogether),2950.0,,,,,,,,,,,,,,,,,,,0.0016387085711901807
UZbWyU65_80,UCobYD8WgP3GPOqgvXF2Yy1w,Adam and Jane's Lifestyle,75500.0,0.55,0.0,0.3975,0.485,0.8150000000000001,1.5375,0.3625,1.025,1.245,0.92,0.185,0.025,0.455,0.065,1.375,0.515,0.24,0.0,6.827952379959086e-05
U_O4sbcLHGc,UC25HBOBYfc-scqCQcyYKVNw,Lifey,248000.0,,,,,,,,,,,,,,,,,,,0.00040967714279754517
UdwwDXhiPHA,UCxqV2u6alqV9QDzQsOwbiog,Teens REACT,1100000.0,,,,,,,,,,,,,,,,,,,0.0008193542855950903
Ue0mU-AZmpM,UCKie0svsFyBBsKaQIA4hx-w,American Entrepreneur in the Philippines,9850.0,0.7,0.0,0.91,0.0,0.68,2.66,1.98,1.8,0.45,0.0,1.18,0.0,1.57,0.0,0.61,0.0,0.0,1.0,0.00020483857139877258
UgMvzkBKWh8,UCoWQLZoPwn3mJ-oiPrwDpbA,Living abroad,163000.0,,,,,,,,,,,,,,,,,,,6.554834284760723e-05
Uge5taACXqo,UCo5IPeTfhzXzzNB64ALUSUw,The Demouchets REACT,182000.0,0.3275,0.14,0.0075,0.3,1.27,0.9975,0.425,1.0225,1.4475,0.96,0.2425,0.385,0.925,0.5249999999999999,1.1825,0.1725,0.505,0.0,0.00018207873013224228
Uhck2wAnabo,UCRzPUBhXUZHclB7B5bURFXw,Eater,3860000.0,0.0,0.09,0.0,0.0,1.4,0.0,0.64,0.92,2.44,2.42,0.0,0.0,1.14,0.44,0.36,0.0,0.0,0.0,0.00021849447615869075
UhgfEIZQzu4,UCl7giZXLlLIAEKV-TVoBW7Q,tryNsomethingnew,1200000.0,0.8300000000000001,0.035,0.0,0.59,2.27,1.47,0.34,1.6749999999999998,1.845,0.23,1.655,0.15,0.075,0.0,1.75,0.0,0.39,0.0,0.0002979470129436692
UiEY2KuMHQ8,UCGihl3bWPGHTxVo8RAySQEA,Leila & Remuel,1390.0,,,,,,,,,,,,,,,,,,,0.0016387085711901807
UiK5n3SYb-s,UCixD9UbKvDxzGNiPC_fgHyA,Paolo fromTOKYO,3620000.0,0.865,0.065,0.215,1.1975,0.81,1.2825,0.225,1.4325,1.04,0.745,0.715,0.505,0.9875,0.0575,0.9875,0.0,0.115,1.0,0.00032774171423803616
UiZns0bGEPA,UCCgVh36x3hbuRnHMpwl443Q,Music Game News,1210000.0,0.8140000000000001,0.406,0.29,0.716,1.216,0.8539999999999999,0.6599999999999999,1.974,0.758,1.198,0.798,0.692,0.624,0.284,1.264,0.5,0.148,0.0,8.193542855950904e-05
UipAKWq8YVM,UCobYD8WgP3GPOqgvXF2Yy1w,Adam and Jane's Lifestyle,75500.0,1.87,0.675,0.065,0.565,0.62,0.485,0.0,1.91,1.29,0.49,0.465,0.0,0.56,0.0,1.415,0.575,0.08,1.0,6.827952379959086e-05
Uj8nqPKEwLQ,UC9DwgmJc-uKnxGavukOy_6w,Aaron Around,9540.0,,,,,,,,,,,,,,,,,,,0.00016387085711901808
UkwwzJwcwJE,UCHza0GAxOvBOeLKkMeL8EcQ,Ken Abroad,510000.0,0.73,0.26,0.0,0.0,1.87,1.43,0.0,1.49,2.2,0.22,0.0,0.0,0.0,0.0,2.47,1.05,0.74,0.0,0.00012138582008816153
UltthoBQ7kQ,UCt9BTGSxATM6axwfTY4KnEg,A Foreigner in the Philippines,265000.0,,,,,,,,,,,,,,,,,,,5.462361903967269e-05
Um5Ps_krL7I,UC5NF_7WBa8OVDC0Xbs8yvOg,Japapino World ジャパピーノ,174000.0,0.475,0.04,0.53,0.4,0.935,0.875,0.21,2.21,1.955,0.0,0.48,0.0,0.0,0.0,1.765,0.0,0.485,0.0,0.00018207873013224228
UmIS7cfpis4,UC_nGEYgqzTuyFbHCZELMC2w,Merryjuj,11400.0,,,,,,,,,,,,,,,,,,,0.00011301438422001247
UmYskm92Zpo,UCouX1vaDY-aqCP3Jw9EzCdw,glaire,25400.0,,,,,,,,,,,,,,,,,,,0.0016387085711901807
UoYmVujptBg,UClC88Hwf0c115jFj-fhVj2A,Kano Harry,3930.0,,,,,,,,,,,,,,,,,,,0.00020483857139877258
UrPJdohIMUw,UCWjSwkIn2gGgETcZZYaO-6g,RETIRING IN PARADISE,17000.0,1.605,0.27,0.345,0.645,0.58,2.29,0.0,0.45,0.77,0.0,1.925,0.63,0.28,0.0,0.0,0.0,0.0,1.0,8.62478195363253e-05
UrXeU489jX4,UCCgVh36x3hbuRnHMpwl443Q,Music Game News,1210000.0,0.68,1.0599999999999998,0.0666666666666666,1.24,1.356666666666667,0.84,0.25,2.3466666666666667,2.0866666666666664,1.6233333333333333,0.0233333333333333,0.0433333333333333,0.33,0.17,2.303333333333333,0.7999999999999999,0.5366666666666667,0.0,8.193542855950904e-05
UrfMGb46J-s,UCo5IPeTfhzXzzNB64ALUSUw,The Demouchets REACT,182000.0,1.725,2.885,0.0,2.605,0.0,0.245,0.0,0.0,0.15,0.3,0.24,0.795,0.0,0.26,0.515,0.92,0.0,2.0,0.00018207873013224228
UtPSGNu07dU,UCCgVh36x3hbuRnHMpwl443Q,Music Game News,1210000.0,0.292,0.0819999999999999,0.198,0.818,0.68,1.026,0.19,0.702,0.496,0.5980000000000001,0.6060000000000001,0.062,0.172,0.174,0.5720000000000001,0.394,0.1639999999999999,1.0,8.193542855950904e-05
Utbss5cQ7JA,UCdkq517IaeUcnG5CIiFX9RA,Shin Smith,36200.0,,,,,,,,,,,,,,,,,,,0.00010241928569938629
Uuaw1APr9w8,UCRE7r7IHtuDeiYcPXdUXaVw,The Crowns Vlog,45400.0,,,,,,,,,,,,,,,,,,,0.0010924723807934538
Ux-54H76Deo,UCmKNW9ontOlTd_p4Dg51sRQ,Jon Barr,587000.0,,,,,,,,,,,,,,,,,,,0.0008193542855950903
UxFb17bx8H0,UCKMU-I4eYw-D9QF1YdUMUlw,Calvin Castiel,207000.0,,,,,,,,,,,,,,,,,,,0.0001489735064718346
UxRTmlmTlp8,UCxBWeubuZrc8sQE_bXytgUQ,Justin & Alina,138000.0,0.445,0.0,0.325,0.7575000000000001,1.5475,1.015,0.5549999999999999,1.0425,2.155,0.8925000000000001,0.02,0.0,0.76,0.0,1.7075,0.1625,0.0,0.0,0.00013655904759918172
Uxfu4ZEy7X0,UCGSLwd21qtaUh3mF-5X8b4A,Olivia Ortiz,127000.0,0.43,0.0,0.84,0.27,0.3,1.95,0.52,0.0,0.0,0.0,0.36,0.0,0.0,0.0,0.0,0.66,0.0,1.0,0.0004682024489114802
UxskTdzfIlI,UCRFj4Yj1nKhgrT-_8AUsaDg,DancingBacons,3320000.0,,,,,,,,,,,,,,,,,,,0.0010924723807934538
Uy-DfZdmhdI,UCryJ4vhASeu7uhXRPOL3WhA,What's up Philippines,311000.0,,,,,,,,,,,,,,,,,,,2.621933713904289e-05
Uz80mFnPR1w,UCoRXPcv8XK5fAplLbk9PTww,THE K-POP,2860000.0,0.5477777777777777,0.2111111111111111,0.32,0.3966666666666666,0.3255555555555556,0.4177777777777778,0.1744444444444444,0.8066666666666666,0.8444444444444444,0.2711111111111111,0.2866666666666667,0.0122222222222222,0.1388888888888889,0.01,0.8066666666666666,0.6422222222222222,0.2666666666666666,1.0,0.0006554834284760723
UzrtzYFkCyI,UC6VT3Fhk2z3-4leoCoZpyPQ,Reação Imediata,169000.0,0.0966666666666666,0.2466666666666666,0.0,0.4266666666666667,0.3633333333333333,0.2799999999999999,0.34,1.13,0.87,0.5766666666666667,0.1566666666666666,0.24,0.3133333333333333,0.0033333333333333,0.82,0.53,0.0933333333333333,1.0,0.00021849447615869075
V-r2M6E4iDM,UCGWoqB49Ux1G0Sbhl3CrN9A,nTravo - Travel with locals,3920.0,,,,,,,,,,,,,,,,,,,0.0010924723807934538
V0gH56RlhPQ,UCiEK-SwMjiYsiWzXvOKqKdg,AmysCrypt,324000.0,0.0,0.0,0.0,1.14,0.0,0.0,0.0,0.78,0.0,0.0,0.49,0.0,0.0,0.0,0.0,1.02,0.0,1.0,0.0004682024489114802
V1AixzXxEkM,UC6tTTsFKifxEhOIMI2HtLeQ,Jelena Kopilec,173000.0,,,,,,,,,,,,,,,,,,,0.00036415746026448456
V3TCTZuCGy4,UCtBIWmRRlItV4I8e_AMLWeA,Johanna Lukkarinen,11000.0,0.5820000000000001,0.19,0.172,0.542,0.9,1.154,0.5640000000000001,0.986,0.994,0.1699999999999999,0.312,0.0,0.126,0.006,0.514,0.5199999999999999,0.5860000000000001,1.0,0.0010924723807934538
V3eTskZkj4I,UCo5IPeTfhzXzzNB64ALUSUw,The Demouchets REACT,182000.0,1.0533333333333337,1.4366666666666663,0.0,1.2166666666666666,0.15,0.0,0.0,0.5766666666666667,0.6866666666666666,0.9266666666666667,0.26,1.0033333333333334,0.1233333333333333,0.0366666666666666,0.1866666666666666,0.3466666666666667,0.0533333333333333,2.0,0.00018207873013224228
V3t0eCwBv5U,UCEk1OaMTpc0qq1WyDRQFhQw,We Keep Coming Back,522.0,1.1675000000000002,0.27,0.155,0.085,1.1075,0.4425,0.18,1.4275,1.5525,1.27,0.2075,0.185,0.0525,0.0,0.925,0.7424999999999999,0.0,0.0,0.0008193542855950903
V4TxG7fVYUo,UCPAz3hWHiBC-c1x4K0-atsg,Waleska Herrera,1230000.0,0.0,0.2433333333333333,0.4533333333333333,0.5299999999999999,0.1633333333333333,0.5966666666666667,0.3466666666666667,0.2266666666666666,0.3533333333333333,0.3733333333333333,0.0633333333333333,0.0766666666666666,0.0699999999999999,0.0,0.8066666666666666,1.0166666666666666,0.0,1.0,2.074314647076178e-05
V4bqpSGnnA0,UCkGnjL3liLUAHfhAAljws3w,Max Reaction,120000.0,0.758,0.074,0.498,0.432,0.262,0.286,0.0,0.644,0.614,0.0,0.144,0.1619999999999999,0.2259999999999999,0.0839999999999999,0.258,0.0,0.018,1.0,0.0008193542855950903
V7V-PMUa1jM,UCzfEqx1_-zs2xUUzI3jVRSg,FinnSnow,541000.0,,,,,,,,,,,,,,,,,,,0.00016387085711901808
VA36h1gjHg8,UCgFKLJkz381t545douXDL_A,Kenzo Martini,116000.0,0.0,0.0,0.0,0.19,1.78,2.04,1.4,0.0,1.34,1.56,0.63,0.0,1.32,0.23,0.0,0.0,0.03,0.0,0.0008193542855950903
VAmLydvgvlI,UCo5IPeTfhzXzzNB64ALUSUw,The Demouchets REACT,182000.0,0.7525,1.235,0.025,1.4875,0.0325,0.3675,0.21,0.075,0.1825,0.3775,0.22,0.5775,0.5125,0.0799999999999999,0.2225,0.0,0.0,1.0,0.00018207873013224228
VBATNB1p0f4,UC6I1pNKRkHzFQhjxH83uaQg,Emy & Johan in the Philippines,29000.0,,,,,,,,,,,,,,,,,,,0.0005462361903967269
VBpyfBGjHJQ,UCRrUJKpFAGgA9WVjSWhgk2Q,KIM n LEE,95200.0,1.096666666666667,0.3333333333333333,0.0,0.6233333333333333,0.0433333333333333,0.11,0.1266666666666666,0.3766666666666666,0.71,0.3833333333333333,0.2466666666666666,0.43,0.5533333333333333,0.3266666666666666,0.1266666666666666,0.1033333333333333,0.7766666666666667,1.0,0.00011301438422001247
VD5E8E_6jPk,UCmXq0ZRIyR3eX9OhTrNHisA,Hobo Ventures ,19500.0,0.0,0.07,2.44,3.76,0.0,0.0,0.59,1.5,0.13,0.0,0.17,0.0,0.56,0.0,0.94,3.54,0.0,1.0,0.0005462361903967269
VD5u8UqW_WI,UCMUybt0QY2_3FNcEtVsKN_A,RJ Malabanan,895.0,,,,,,,,,,,,,,,,,,,0.0016387085711901807
VDeri66Gw5k,UCPAz3hWHiBC-c1x4K0-atsg,Waleska Herrera,1230000.0,0.2557142857142857,0.2585714285714285,0.0,0.5314285714285714,0.4742857142857142,0.2857142857142857,0.1142857142857142,0.4671428571428571,1.16,0.8442857142857143,0.0742857142857142,0.1314285714285714,0.1285714285714286,0.1628571428571428,1.1,0.4657142857142857,0.1928571428571428,1.0,2.074314647076178e-05
VDk96ErSKjk,UCYr4VTQfBpXrccQw_H2S8RA,JUICY REACTS,318000.0,0.7949999999999999,0.0,0.075,0.21,0.275,0.0,0.01,1.5,1.315,0.785,0.035,0.27,0.19,0.0,1.35,1.225,0.215,1.0,0.00012138582008816153
VFSAR-D2WCE,UCeT1qAcQxLP6cEfbMe85QCQ,Yoshi the Japanese Guy,165000.0,0.0,0.0,1.87,0.0,3.29,4.94,4.16,3.66,2.39,2.27,0.47,0.05,1.23,0.0,3.41,1.45,1.66,0.0,0.0001489735064718346
VGoWRsoQyr4,UCPAz3hWHiBC-c1x4K0-atsg,Waleska Herrera,1230000.0,0.634,0.344,0.106,0.7619999999999999,0.554,0.5700000000000001,0.2319999999999999,1.012,1.162,0.39,0.076,0.266,0.5640000000000001,0.22,0.696,0.278,0.25,1.0,2.074314647076178e-05
VI3ikxCDGms,UC7bjjCXpXx41KriftaL6Biw,Field of Visions,44900.0,1.625,0.55,0.865,0.0,0.98,1.07,0.445,1.255,0.78,1.445,0.285,0.385,0.155,0.025,1.42,0.515,1.405,0.0,0.0010924723807934538
VIBpeTBlF4c,UCyEd6QBSgat5kkC6svyjudA,Mark Wiens,11400000.0,,,,,,,,,,,,,,,,,,,0.00032774171423803616
VKoE3wGc3wI,UCONm3i2-__08mS14cU0rHPg,Livin La Vida Tagalog,58900.0,1.4,0.855,1.26,0.85,0.665,1.51,0.37,0.94,0.605,0.595,0.3399999999999999,0.115,0.5,0.0,1.62,0.615,0.095,1.0,0.0008193542855950903
VL3wgrgay3k,UC211QaCtk9p37_-cvtN3kxg,BINI JOSIE'S VLOGS: HEART OF PINOY IN SOUTH AFRICA,16800.0,1.16,0.94,0.0,0.8150000000000001,0.33,0.07,0.555,0.75,0.815,0.455,0.18,0.0,0.475,0.0,0.55,0.24,1.085,1.0,0.0008193542855950903
VLIVlWc_eII,UCG57u0jfLpuPuCAHRUtTxdg,Blonde&Bass,113000.0,0.915,0.0,0.535,0.44,0.0,0.0,0.275,0.22,0.045,0.0,0.185,0.215,0.0,0.0,0.86,1.47,0.0,1.0,0.00032774171423803616
VMCjnPNXoM8,UChOm_KQlCIuN80CsMLWmD8w,Every Day is CHUsDay,1410.0,0.0,0.0,0.24,0.0,0.0,0.58,0.31,1.37,0.15,0.0,0.14,0.0,0.8,0.0,2.06,1.51,0.04,1.0,0.0010924723807934538
VOSLLD1EPuY,UCbg9l669hUidVkb0rxXl0ow,Vlog on with Rj & Tin,30100.0,0.37,0.0,0.235,0.01,0.565,0.02,0.085,0.785,0.885,0.675,0.15,0.21,0.8899999999999999,0.0,1.055,0.0,0.535,1.0,0.0016387085711901807
VPWggm_YneI,UCzfEqx1_-zs2xUUzI3jVRSg,FinnSnow,541000.0,,,,,,,,,,,,,,,,,,,0.00016387085711901808
VPrX23ORDaQ,UCi9mzS8H-ez_30w5SCL2dmw,JREKML,1210000.0,1.185,0.0,1.28,0.465,0.09,1.36,0.0,0.185,0.0,0.59,0.125,0.835,0.0,0.17,0.615,1.075,0.25,1.0,6.827952379959086e-05
VPzTvF8UdcM,UCo5IPeTfhzXzzNB64ALUSUw,The Demouchets REACT,182000.0,1.4966666666666668,0.53,0.6433333333333333,0.7433333333333333,1.1833333333333331,0.5633333333333334,0.4066666666666667,0.8166666666666668,1.4933333333333334,1.0833333333333333,0.0433333333333333,0.2166666666666666,0.1533333333333333,0.1266666666666666,1.04,0.5033333333333333,0.1933333333333333,1.0,0.00018207873013224228
VQDYf9EfMwI,UCYr4VTQfBpXrccQw_H2S8RA,JUICY REACTS,318000.0,0.3833333333333333,0.03,0.24,0.3733333333333333,1.16,0.9566666666666668,0.41,1.8533333333333333,1.88,0.3133333333333333,0.0,0.0,0.1899999999999999,0.0,1.7366666666666666,0.6133333333333333,0.2633333333333333,0.0,0.00012138582008816153
VRswO3n1d40,UCAqEoRfgMCtErK0qsL1cCtw,BuzzFeed UK,461000.0,1.605,1.485,0.0,0.25,1.45,1.31,0.315,0.92,2.405,1.355,0.0,0.34,0.5800000000000001,0.0,1.43,0.0,0.045,0.0,0.00036415746026448456
VS8CzcfvUVw,UCxSJTo4uztbhXxNr0DhkFsA,FMA Discussion,4240.0,,,,,,,,,,,,,,,,,,,0.0008193542855950903
VS9PU8NW6jg,UCPAz3hWHiBC-c1x4K0-atsg,Waleska Herrera,1230000.0,0.4971428571428571,0.2214285714285714,0.5585714285714286,1.1728571428571428,0.2842857142857143,0.36,0.1514285714285714,0.7614285714285715,0.59,0.0857142857142857,0.2814285714285714,0.11,0.1814285714285714,0.0,0.7414285714285714,0.3028571428571429,0.0,1.0,2.074314647076178e-05
VSPRLe9igcc,UCP_y6xg3u3hF3pskXosMQyQ,Canadian In Philippines,17000.0,,,,,,,,,,,,,,,,,,,0.0002341012244557401
VUg23n16wuU,UCuBgQMllxvxKLuABHZlV5KA,RELL 🕺🏽,446000.0,1.325,0.0,0.8500000000000001,0.1525,0.49,0.305,0.3,0.97,0.5475,1.0625,0.5475,1.215,0.2075,0.43,0.245,0.48,0.0025,1.0,0.00036415746026448456
VVJsDz-omC0,UCc6RY7ZDvJIl_MTdyX7QP3w,blogTO,61300.0,0.8547058823529411,0.2476470588235294,0.3747058823529411,0.9047058823529412,0.1917647058823529,0.2558823529411764,0.5117647058823529,0.8711764705882353,0.4164705882352941,0.6305882352941177,0.6964705882352941,1.0364705882352945,0.3952941176470588,0.198235294117647,0.2723529411764706,0.6158823529411764,0.1188235294117647,1.0,0.0010924723807934538
VVh-iUfdHQs,UCKd9gq6eJCV7j5FO75q2_Fg,Frank,23800.0,,,,,,,,,,,,,,,,,,,0.0002979470129436692
VW1fCBRUBYk,UCNMCLJlFSqiUb1EnXII3zhQ,Harees Ameerali - Royal Sky Holidays,986000.0,0.5,0.0,0.1475,0.4625,0.235,0.5675,0.37,0.425,0.115,0.2975,0.15,0.395,0.8475,0.295,0.0125,0.26,0.0,1.0,0.00036415746026448456
VX3AgEC1JJ0,UCpL_tis0ertYh2DSOiCm51g,World Nomac,751000.0,0.73,0.2133333333333333,0.5733333333333334,0.1466666666666666,0.48,0.5866666666666667,0.3033333333333333,0.47,0.84,0.5766666666666667,1.31,0.4633333333333334,0.3766666666666666,0.5733333333333334,0.6266666666666667,0.0333333333333333,0.2633333333333333,1.0,0.00020483857139877258
VXWFdonv_-Q,UC-wNjA3exMjeJlEU5TvJ4Tw,Big Guy Appetite,298000.0,0.295,0.42,0.0,0.325,1.1,1.315,0.0,0.87,2.52,1.555,0.0,0.235,0.0,0.015,1.43,0.14,0.195,0.0,0.00040967714279754517
VYMSkjeA0qg,UCTfHKQ9fbUEiStUAQEax7dw,,,,,,,,,,,,,,,,,,,,,
VbOmWcb5_B0,UC_hN8xs99S6jnMdYCuJgoJA,Pinoy Planet,97800.0,1.17,1.22,0.5,0.29,1.37,0.0,0.89,1.72,2.58,0.8,0.0,0.0,0.0,0.3,3.33,0.56,0.0,0.0,3.6015572993190784e-05
VccHOpKy06Q,UCNMCLJlFSqiUb1EnXII3zhQ,Harees Ameerali - Royal Sky Holidays,986000.0,2.28,0.72,0.66,0.19,0.87,0.0,0.0,0.0,0.0,0.0,0.69,0.13,0.0,0.01,0.82,0.31,0.0,1.0,0.00036415746026448456
Ve2u-FIEzgY,UCoRXPcv8XK5fAplLbk9PTww,THE K-POP,2860000.0,0.235,0.0,0.3375,0.10875,1.04625,1.5575,0.66125,0.55625,1.15,0.47125,0.12125,0.0,0.9625,0.07,0.99375,0.32875,0.045,1.0,0.0006554834284760723
ViKahoBCRcw,UCfxp-s6Tcsd6fPjnY0NjJJw,Dian Feb,72500.0,2.1866666666666665,1.1466666666666667,0.3799999999999999,0.3233333333333333,0.36,1.0033333333333332,0.0733333333333333,0.0,0.2533333333333333,0.4133333333333333,0.5066666666666667,0.9666666666666668,0.2833333333333333,0.0,1.1933333333333334,0.3766666666666666,0.1133333333333333,2.0,0.0008193542855950903
VkxyXIhAXlA,UCbbw0svE3owMHUQcsL0nnUA,Happiness Boms,9330.0,,,,,,,,,,,,,,,,,,,0.00040967714279754517
VlDzJIgBk4w,UC8TejFCTSwkcpOubPVOcCaQ,Robbie Travels,3220.0,1.73,0.95,1.7,0.64,0.0,0.0,0.0,1.22,0.0,0.57,0.84,0.26,0.27,0.0,0.0,1.08,0.0,1.0,0.0005462361903967269
Vl_ApxUIAmE,UC2V7XAqnvbIKmlox8FEMkvA,Marker 44,40000.0,0.07,0.0,0.7,0.0,0.53,0.3,0.97,1.08,0.0,0.0,1.56,0.61,0.58,0.0,0.0,0.0,0.29,1.0,0.0006554834284760723
VmO94k6De_k,UC9YZFtyku73zkyXx1a8Ez-g,Eatbook,169000.0,1.6949999999999998,0.0,0.635,0.97,2.675,3.29,1.56,1.86,2.115,0.63,0.335,0.0,0.62,0.0,1.73,0.21,0.0,0.0,0.0010924723807934538
VoUdWRHkDwA,UCNDk_kGqNSg60VNnzSeym_g,Chai Travel,95300.0,0.02,0.0,0.0,0.55,1.91,2.99,0.9,1.72,1.3,2.58,0.53,0.0,1.85,0.62,2.75,2.24,0.0,0.0,0.00040967714279754517
VqZz_jaSGGk,UC_nGEYgqzTuyFbHCZELMC2w,Merryjuj,11400.0,,,,,,,,,,,,,,,,,,,0.00011301438422001247
VvSHdSdi2vY,UCj6wN8aXupC_RVWBD-Mof7g,Where Next Family,47900.0,0.2229411764705882,0.1111764705882353,0.1917647058823529,0.2358823529411764,1.724705882352941,1.6247058823529412,0.8870588235294118,1.1223529411764706,1.575294117647059,1.214705882352941,0.3435294117647058,0.1852941176470588,0.3047058823529411,0.1358823529411764,0.973529411764706,0.2194117647058824,0.1547058823529411,0.0,0.0010924723807934538
VwWCkl-CglI,UCuoZLURMs4av8y-n80eviFw,K-Pop Vocal Coach,286000.0,0.5366666666666667,0.2033333333333333,1.04,0.4866666666666666,1.1833333333333331,2.0,0.69,1.41,1.1566666666666667,1.72,0.3966666666666666,0.6333333333333333,0.43,0.1433333333333333,1.05,0.6766666666666667,0.5833333333333334,0.0,0.0008193542855950903
Vx0TqLbcVpc,UCqlthGjbLIci7i3x2gk8P4Q,Nadir On The Go,539000.0,0.395,0.0,0.0,0.065,2.155,1.795,0.3299999999999999,2.54,2.36,0.25,0.1,0.17,0.0,0.045,1.97,1.205,0.3,0.0,0.0004682024489114802
Vy12l-WwqlQ,UCPAz3hWHiBC-c1x4K0-atsg,Waleska Herrera,1230000.0,0.35,0.0,0.8375,0.26,0.4025,0.4875,0.625,0.59,0.8674999999999999,0.33,0.3225,0.0,0.2475,0.0,0.9525,0.25,0.7725,1.0,2.074314647076178e-05
VyT9m0MKU68,UCBLepDOut_qiOetyDqLBmKw,Oppa Jinyong,120000.0,,,,,,,,,,,,,,,,,,,0.0008193542855950903
W-ADbqq6ZQA,UCSjiVW9NV-mcJJ1t6RbMh7A,Down Under Visa,2650.0,,,,,,,,,,,,,,,,,,,0.00014249639749479832
W0XKBx8rEHI,UChOfNDlXR6XueB8IxMxeqBw,Chuckie's Kitchen,204000.0,0.8383333333333333,0.135,0.3333333333333333,0.3016666666666667,1.02,0.8483333333333333,0.465,1.2366666666666666,1.3266666666666669,0.6766666666666666,0.08,0.0666666666666666,0.165,0.02,0.995,0.2866666666666667,0.1633333333333333,0.0,0.0004682024489114802
W2FP5LKON34,UCWjSwkIn2gGgETcZZYaO-6g,RETIRING IN PARADISE,17000.0,1.98,0.3,0.6,1.42,1.24,2.68,0.0,0.94,1.11,0.0,1.14,0.52,1.3,0.0,0.0,0.0,0.0,1.0,8.62478195363253e-05
W35rxGezBgQ,UCATIycLIXMeetRVO-XS4p7g,Adventure Faktory,3780.0,0.0,0.0,0.19,0.61,0.02,0.0,0.81,0.51,0.52,0.05,0.84,0.98,0.0,0.63,0.39,0.0,0.0,1.0,0.0006554834284760723
W4ROTbyOARc,UCVv-y0k91qAA-uI_K46UBvg,Dabble and Travel,583000.0,,,,,,,,,,,,,,,,,,,0.00013109668569521446
W6KsUlgANow,UCCgVh36x3hbuRnHMpwl443Q,Music Game News,1210000.0,0.3441666666666667,0.0491666666666666,0.0941666666666666,0.2516666666666666,0.635,0.7533333333333333,0.2966666666666667,0.4933333333333332,0.645,0.5266666666666667,0.0483333333333333,0.1775,0.6966666666666667,0.2658333333333333,0.3858333333333333,0.4925,0.1608333333333333,1.0,8.193542855950904e-05
W6OXvnrq5fA,UCKq4M7f4vMmJh3tn0lJ_chA,Scenic Fights,970000.0,1.4,0.61,0.0,0.78,0.0,0.25,0.03,0.65,0.0,0.0,0.96,1.03,0.58,0.0,0.0,0.0,0.0,1.0,0.0010924723807934538
W7D9L49Ez-U,UCAUgY9e_n2DhyZTgvPRoJnQ,TriFate Geo,171000.0,1.79,2.28,0.41,2.08,0.54,0.155,0.0,0.835,1.59,0.06,0.0,0.0,0.0,0.095,1.85,0.53,0.0,2.0,6.426308122314434e-05
W7I3qmSf9NI,UCEDrRCC0qRtPd5-sSa1hajw,The Endless Adventure,628000.0,0.8792857142857143,0.2792857142857143,0.2842857142857143,0.78,0.3978571428571428,0.47,0.1228571428571428,0.7685714285714286,0.4871428571428571,0.6985714285714285,0.6364285714285715,0.3314285714285714,0.1571428571428571,0.2057142857142857,0.6050000000000001,0.7428571428571429,0.1821428571428571,1.0,0.0006554834284760723
W7Uxblb_Sxg,UCobYD8WgP3GPOqgvXF2Yy1w,Adam and Jane's Lifestyle,75500.0,0.29,0.0,0.1333333333333333,0.6833333333333332,0.7566666666666667,0.2699999999999999,0.2533333333333333,1.03,0.9366666666666666,0.3133333333333333,0.73,1.0433333333333332,0.29,0.2799999999999999,1.2466666666666666,0.3666666666666667,0.4666666666666667,1.0,6.827952379959086e-05
W9OyX8n8cRk,UCHza0GAxOvBOeLKkMeL8EcQ,Ken Abroad,510000.0,1.76,0.52,0.0,0.02,1.08,0.0,0.0,0.82,1.77,0.84,0.0,0.0,0.0,0.0,2.27,0.14,0.23,0.0,0.00012138582008816153
W9a4a1WXAuM,UC8hiiGm6GTyTVvO-LtZ2Xmw,FoodieMommaPH,41100.0,0.04,0.0,0.86,0.1,2.7,1.85,1.36,2.98,2.97,1.77,0.0,0.0,0.0,0.0,2.97,0.91,0.0,0.0,0.0002521090109523355
WCWlPNhAfX0,UC23SG4XKkSrbhz-bZ2f5Mfw,123JAPAN!,629000.0,,,,,,,,,,,,,,,,,,,0.0002341012244557401
WCsNRqG0PIM,UCvU278VonkFgEvpKqRuZs1Q,nazfromqueens,2700.0,1.23,0.0,0.15,0.0,0.78,0.23,1.24,0.79,1.47,1.15,0.06,0.67,0.0,0.99,0.0,0.54,0.0,1.0,0.00040967714279754517
WHhcj9jYdL8,UCO5Jeark1e_JP36mY3ua19g,The Commodity,98300.0,0.185,0.0,0.215,0.14,0.315,0.21,0.7999999999999999,0.295,0.025,1.28,0.995,1.075,1.13,0.0,0.0,0.76,0.11,1.0,6.18380592901955e-05
WHl8KIkWauY,UCSjiVW9NV-mcJJ1t6RbMh7A,Down Under Visa,2650.0,,,,,,,,,,,,,,,,,,,0.00014249639749479832
WI-TR7Ljjas,UCAqEoRfgMCtErK0qsL1cCtw,BuzzFeed UK,461000.0,1.255,0.6699999999999999,1.665,2.6950000000000003,0.16,0.375,0.0,0.5,0.365,0.44,0.74,0.3,0.89,0.0,0.57,0.235,1.055,1.0,0.00036415746026448456
WJSH3isKuoA,UCPAz3hWHiBC-c1x4K0-atsg,Waleska Herrera,1230000.0,1.356666666666667,1.68,0.2166666666666666,1.6866666666666663,0.02,0.0,0.06,0.1099999999999999,0.0233333333333333,0.0,0.52,0.2799999999999999,0.1433333333333333,0.0233333333333333,1.2933333333333334,0.7400000000000001,0.0,2.0,2.074314647076178e-05
WL89vihzjjk,UC_hN8xs99S6jnMdYCuJgoJA,Pinoy Planet,97800.0,0.72375,0.30625,0.7875,0.92375,0.6799999999999999,0.85125,0.3825,0.62,0.7725,0.315,0.4,0.55,0.1425,0.1962499999999999,0.67625,0.435,0.40875,1.0,3.6015572993190784e-05
WMR0eH5kM6I,UC1cQLh-Dlg7dgpXYXEJfviA,My Filipino Recipes,11100.0,,,,,,,,,,,,,,,,,,,0.0016387085711901807
WPW7Xsq8toA,UCuWBv9w0mYhXv-I_1fSaYSA,Juwonee,217000.0,0.0,0.0,3.26,0.0,0.52,2.49,2.07,0.22,0.0,0.0,0.0,0.0,0.0,0.0,1.45,1.62,0.0,1.0,0.0016387085711901807
WPimWiBBrVY,UCU03NklypYW1AAIoNE2Vh1g,Jeanelleats,1900000.0,,,,,,,,,,,,,,,,,,,0.0002341012244557401
WQIFuWt7KzM,UCYY2mNcq7pv6IRW92JIT6DA,The Juicy Vlog,583000.0,0.36,0.0,1.3199999999999998,0.205,0.155,0.985,0.075,0.685,0.0,0.6,0.62,0.675,0.04,0.0,0.75,0.0,0.02,1.0,0.00014249639749479832
WQdhMmfJAoc,UCPAz3hWHiBC-c1x4K0-atsg,Waleska Herrera,1230000.0,0.2249999999999999,0.15,0.4,1.93,0.285,0.0,0.495,0.58,0.0,0.0,0.725,0.625,0.0,0.0,0.0,0.8600000000000001,0.04,1.0,2.074314647076178e-05
WRHwXkLghAQ,UC_hN8xs99S6jnMdYCuJgoJA,Pinoy Planet,97800.0,0.445,0.0,1.06,0.03,0.73,2.005,0.53,0.01,0.73,0.555,1.13,2.275,2.545,1.085,0.33,0.185,0.825,1.0,3.6015572993190784e-05
WS8eYFLtwSY,UC6VT3Fhk2z3-4leoCoZpyPQ,Reação Imediata,169000.0,0.0,0.0,0.705,0.455,1.82,0.615,1.0,1.505,1.215,1.975,1.185,0.54,0.08,0.19,0.66,0.465,0.0,0.0,0.00021849447615869075
WULADRQQbgI,UCP_y6xg3u3hF3pskXosMQyQ,Canadian In Philippines,17000.0,,,,,,,,,,,,,,,,,,,0.0002341012244557401
WUfRtk1F6ps,UCMETRf3XBhjI7SpWVMSFNuA,Chris Kusinero Adventures,35400.0,0.0,0.0,1.135,0.0,1.855,1.805,1.645,0.53,1.22,1.36,0.455,0.0,1.1949999999999998,0.55,0.41,0.235,0.175,0.0,0.0008193542855950903
WUq2mDgxJJg,UCOtztOjWQPgzGaCdtArfWuw,Ije999 Reacts ,10800.0,,,,,,,,,,,,,,,,,,,0.0008193542855950903
WVM79wc579E,UCryJ4vhASeu7uhXRPOL3WhA,What's up Philippines,311000.0,,,,,,,,,,,,,,,,,,,2.621933713904289e-05
WW9Kyk-QMMw,UCRzBNJTsBe2rq6pkyXeaj1A,TriFate Lifestyle,161000.0,,,,,,,,,,,,,,,,,,,0.0001724956390726506
WWyZKkQecY4,UCatYGXWCXRt_0XLLKv1hkUw,Always Be Changing,501000.0,0.474,0.0,0.19,0.3,1.31,1.006,0.072,0.5820000000000001,1.6,2.054,0.24,0.094,0.7,0.146,0.984,0.096,0.192,0.0,0.0002341012244557401
WX0t13vt5h4,UC_hN8xs99S6jnMdYCuJgoJA,Pinoy Planet,97800.0,0.8375,0.1675,0.6975,0.4725,0.1925,0.5675,0.1125,0.83,0.025,0.225,0.69,1.4125,0.2825,0.17,0.4625,0.3225,0.115,1.0,3.6015572993190784e-05
WYzY9I7BztM,UCVv-y0k91qAA-uI_K46UBvg,Dabble and Travel,583000.0,,,,,,,,,,,,,,,,,,,0.00013109668569521446
WaDHQ4QHRdI,UCmJLkX-7JLWZAf3o2In6Srg,Meet Jacky,79400.0,,,,,,,,,,,,,,,,,,,0.0006554834284760723
Wb74SmzO0Hg,UCNJMk1fthpnqZNFg7Ke_DKg,McEastlands in America,1840.0,1.79,0.57,0.0,1.22,0.0,0.0,0.0,0.15,0.05,0.0,1.29,0.0,0.0,0.0,0.13,0.0,0.0,1.0,0.0016387085711901807
WbRUmB0fkX4,UCbn5xzRrAOY9DWJlbyPBsvg,Joel and Emilia,257000.0,,,,,,,,,,,,,,,,,,,0.00040967714279754517
Wfjhdicwj60,UCFvQ_bDaalb-1ZyCb48LCpA,Chasing Kimberly,16500.0,0.0,0.0,2.26,0.0,0.71,1.13,1.01,0.08,0.0,0.41,0.29,0.0,0.0,0.0,0.65,0.31,2.04,1.0,0.00040967714279754517
WhqgEcnZCFI,UCWjSwkIn2gGgETcZZYaO-6g,RETIRING IN PARADISE,17000.0,2.46,0.43,0.63,1.63,1.1,3.0,0.0,0.49,0.88,0.0,1.19,0.19,0.32,0.0,0.0,0.0,0.01,1.0,8.62478195363253e-05
WiwntzOmL8s,UCWY-dF_PUP7mcsNatDd0Gog,Marylou Chanel ,139000.0,0.8466666666666667,0.1566666666666666,0.84,1.0466666666666666,0.1566666666666666,1.32,0.4266666666666667,0.1399999999999999,0.0,0.1366666666666666,2.0466666666666664,1.7433333333333334,1.6666666666666667,0.2666666666666666,0.0,0.3,0.4766666666666666,1.0,0.0010924723807934538
WkRpk4bxUIc,UC_hN8xs99S6jnMdYCuJgoJA,Pinoy Planet,97800.0,0.14,0.0,0.48,0.25,2.58,3.05,1.04,1.92,3.14,1.13,0.0,0.0,0.51,0.64,3.15,0.06,0.1,0.0,3.6015572993190784e-05
Wl9hVsx8y9Y,UCzfEqx1_-zs2xUUzI3jVRSg,FinnSnow,541000.0,,,,,,,,,,,,,,,,,,,0.00016387085711901808
WlMShsAZcvc,UCPAz3hWHiBC-c1x4K0-atsg,Waleska Herrera,1230000.0,0.18,0.0,0.41,1.03,0.6225,1.1925,0.7525,0.6225,0.3899999999999999,0.6525,0.6575,0.02,0.745,0.0,1.0499999999999998,0.4525,0.0,1.0,2.074314647076178e-05
WlQiV5soGOs,UCAUgY9e_n2DhyZTgvPRoJnQ,TriFate Geo,171000.0,0.9975,1.335,0.0,1.1625,1.0775,0.9625,0.4975,0.9425,1.42,0.76,0.0925,0.0,0.085,0.0425,1.7425,0.0975,0.065,0.0,6.426308122314434e-05
Wmthd_tHH8E,UCkJ1rbOrsyPfBuHNfnLPm-Q,THE BOYZ,2300000.0,0.5833333333333334,0.2166666666666666,0.4733333333333334,0.51,0.0,0.4333333333333333,0.2599999999999999,0.42,0.2566666666666666,0.0,0.0966666666666666,0.0,0.0166666666666666,0.0733333333333333,0.2733333333333333,0.4633333333333334,0.0033333333333333,1.0,0.0010924723807934538
Wnc6d-DQpNs,UCHeFV2atoLtgdKH4iu29orA,Delightful Travellers,164000.0,1.735,1.195,0.105,0.96,0.37,0.67,0.56,1.01,0.7,0.425,0.275,0.485,0.0,0.405,1.515,0.56,0.37,2.0,0.0008193542855950903
WnlivU5fYD4,UCtBIWmRRlItV4I8e_AMLWeA,Johanna Lukkarinen,11000.0,1.9466666666666663,2.776666666666667,0.0,1.2433333333333334,0.0,0.0,0.22,0.1233333333333333,0.7866666666666666,0.26,0.0,0.27,0.25,0.0699999999999999,0.41,0.4666666666666666,0.04,2.0,0.0010924723807934538
Wo47xLE5fuI,UCTL128JylZO50B0MqbUuhSw,EL's Planet,232000.0,,,,,,,,,,,,,,,,,,,0.0002341012244557401
WoRXoX0MPdM,UCryJ4vhASeu7uhXRPOL3WhA,What's up Philippines,311000.0,,,,,,,,,,,,,,,,,,,2.621933713904289e-05
WpTYLtIrPt8,UC_nGEYgqzTuyFbHCZELMC2w,Merryjuj,11400.0,,,,,,,,,,,,,,,,,,,0.00011301438422001247
WpTu2EmNRJI,UC5Z-B5tHlqN6jho5_1BYdXg,KorPinay Family,29600.0,,,,,,,,,,,,,,,,,,,0.0010924723807934538
Wr1PRU25AE0,UCAv7YCgnRo86h7gOMMBf-GQ,GagaOOLala - Find YourStory,727000.0,0.17,0.86,0.0,0.16,0.0,0.0,0.0,0.09,0.0,0.21,0.13,1.56,0.0,0.67,0.05,0.58,0.63,1.0,0.0006554834284760723
Wrlx37DRrrs,UCliTC4r2ebj56nTwqNuhcuw,Pogiboy Productions,5910.0,,,,,,,,,,,,,,,,,,,0.0016387085711901807
Wst4kBA9jnQ,UCrKyaMpaBvsSxsb5zSeAZzA,Gospel Light Filipino,526.0,0.4183333333333334,0.1983333333333333,0.4916666666666667,0.58,0.0666666666666666,0.4783333333333333,0.5583333333333333,0.3383333333333333,0.3733333333333333,0.0783333333333333,0.2366666666666666,0.29,0.62,0.13,0.0,0.0883333333333333,0.0533333333333333,1.0,0.0016387085711901807
WtunSqKWMcY,UCoWQLZoPwn3mJ-oiPrwDpbA,Living abroad,163000.0,,,,,,,,,,,,,,,,,,,6.554834284760723e-05
Wv7VO6sSQzM,UCDnzN6Kr9DBlQB9ixKqt1Ng,Tom from Texas,648000.0,1.21,0.0,0.0,1.19,0.0,0.0,0.0,0.0,0.4,0.0,0.26,0.0,0.0,0.0,0.66,0.0,0.0,1.0,0.0016387085711901807
Wx-K2LXrxxM,UCUH7ZA3KqBUQVGzR5dfxV8g,2 Wheels Across,6700.0,0.1875,0.0,0.8075,0.2225,0.19,0.5225,0.6074999999999999,0.4575,0.1575,0.26,0.5825,0.9825,0.7475,0.055,0.035,0.2049999999999999,0.1649999999999999,1.0,0.0010924723807934538
Wx3cDP7oI5g,UC_nGEYgqzTuyFbHCZELMC2w,Merryjuj,11400.0,,,,,,,,,,,,,,,,,,,0.00011301438422001247
WxudL917gkA,UCHJuQZuzapBh-CuhRYxIZrg,Insider,9250000.0,0.125,0.0,0.085,1.625,0.37,1.12,0.0,0.23,0.0,0.21,0.71,0.0,0.0,0.0,1.56,1.52,0.235,1.0,0.0016387085711901807
Wyu0OCB7dn4,UCeJ5AjddCuEnZxtUggbzeDA,Bags Packed Family,269000.0,0.286,0.01,0.0,0.5900000000000001,0.68,0.186,0.4939999999999999,0.622,0.572,0.346,0.316,0.8539999999999999,0.182,0.406,0.142,0.13,0.112,1.0,0.00036415746026448456
WzWJUP1lCHo,UC_nGEYgqzTuyFbHCZELMC2w,Merryjuj,11400.0,,,,,,,,,,,,,,,,,,,0.00011301438422001247
X0x8XPorJ50,UCU78xbApo9_MCzS7B_tfY8w,AceBachelorCool,13700.0,,,,,,,,,,,,,,,,,,,0.0006554834284760723
X0y3NKQwTUs,UCuz8KBA9YP2JpaHorBVTp7Q,The Bailey Squad,12700.0,,,,,,,,,,,,,,,,,,,0.00040967714279754517
X3LPZbDZ5FA,UCoqGJPtvsPpALlhtqB1lcHA,Chris Lewis,1260000.0,,,,,,,,,,,,,,,,,,,0.0005462361903967269
X3LS5ja0sqk,UCRnUerHPnis0OpBMZzIJCbg,Pipe Vlogs,203000.0,,,,,,,,,,,,,,,,,,,0.0010924723807934538
X3csbe8mZnY,UCHd62-u_v4DvJ8TCFtpi4GA,Washington Post,2790000.0,0.19,0.0,1.78,0.0,0.2,1.74,0.38,0.28,0.0,0.0,1.03,0.0,2.43,0.0,1.42,0.77,1.51,1.0,0.0010924723807934538
X4CudpliB9I,UCdkq517IaeUcnG5CIiFX9RA,Shin Smith,36200.0,,,,,,,,,,,,,,,,,,,0.00010241928569938629
X6qNGn3QxTU,UCl7giZXLlLIAEKV-TVoBW7Q,tryNsomethingnew,1200000.0,1.136,0.054,0.0819999999999999,1.2120000000000002,1.292,0.784,0.102,1.33,1.44,1.29,0.12,0.346,1.002,0.296,1.202,0.348,0.2299999999999999,0.0,0.0002979470129436692
X6yDJs77kro,UC6I1pNKRkHzFQhjxH83uaQg,Emy & Johan in the Philippines,29000.0,,,,,,,,,,,,,,,,,,,0.0005462361903967269
X7QwsSVQKD4,UCmJLkX-7JLWZAf3o2In6Srg,Meet Jacky,79400.0,0.45,0.505,0.955,0.61,0.605,0.835,0.24,0.795,0.965,0.77,0.665,0.11,0.59,0.0,0.875,0.64,1.135,1.0,0.0006554834284760723
X7f8Vb1BpMw,UCt9BTGSxATM6axwfTY4KnEg,A Foreigner in the Philippines,265000.0,,,,,,,,,,,,,,,,,,,5.462361903967269e-05
X8n3RZ9pjYo,UCUrJTuFfXKKjVYLKHYQpCOA,iwantmylauren,311000.0,0.6625,0.12,0.1949999999999999,0.3175,0.6425,0.5575,0.2175,1.105,0.8099999999999999,0.5700000000000001,0.6025,0.35,0.5475,0.1025,0.645,0.0025,0.0,1.0,0.0016387085711901807
X9tzqe1sqiE,UCdkq517IaeUcnG5CIiFX9RA,Shin Smith,36200.0,,,,,,,,,,,,,,,,,,,0.00010241928569938629
XAOsZHe93LQ,UCJXfUnmNgN9KLJMAkPa7jHw,Cav and Nicole,9490.0,0.235,0.12,0.0,0.0,0.965,0.485,0.0,0.165,1.96,0.0,0.0,0.53,0.0,0.015,1.345,0.0,0.56,1.0,0.0010924723807934538
XAWlVODAJ5s,UCuS5fmeEDpnW5JPMdRhGm7A,Making it happen Vlog,591000.0,1.1257142857142857,0.4771428571428571,0.4014285714285714,0.9214285714285716,0.65,0.6728571428571428,0.2628571428571428,0.7557142857142857,0.7657142857142858,0.2442857142857142,0.1571428571428571,0.21,0.58,0.2042857142857142,0.9871428571428572,0.2514285714285714,0.31,1.0,0.0016387085711901807
XBYoFIvcMfo,UCo5IPeTfhzXzzNB64ALUSUw,The Demouchets REACT,182000.0,1.3,1.8166666666666669,0.2433333333333333,0.6233333333333334,0.1666666666666666,0.3066666666666667,0.0,0.46,0.3766666666666667,0.7966666666666665,0.34,0.3633333333333333,0.1866666666666666,0.0,0.6766666666666667,0.3633333333333333,0.13,2.0,0.00018207873013224228
XBuwCTU5HR4,UCRzBNJTsBe2rq6pkyXeaj1A,TriFate Lifestyle,161000.0,,,,,,,,,,,,,,,,,,,0.0001724956390726506
XCDR6eJpc0M,UCAUgY9e_n2DhyZTgvPRoJnQ,TriFate Geo,171000.0,1.835,2.31,0.0,3.5,0.595,0.6,0.0,1.065,1.41,1.02,0.05,0.0,0.0,0.0,2.0,0.73,0.04,2.0,6.426308122314434e-05
XCnOh8Vp4fA,UCdJAmuo-KkgcJvSoQjPxAWg,Ash and Kels,32200.0,1.89,0.21,0.0,0.33,0.74,0.0,0.69,1.82,0.91,0.76,1.18,0.0,0.0,0.0,1.99,1.03,0.0,1.0,0.00032774171423803616
XF3-hRlrfNQ,UCFM_mObf-0e_VtmU8iq081w,TabiEats Food Reviews,15700.0,0.45,0.26,0.0,2.64,0.41,0.0,0.69,0.0,0.0,0.0,4.7,0.0,0.0,0.0,0.72,0.0,1.51,1.0,0.0010924723807934538
XGxXwtHmpK4,UCPAz3hWHiBC-c1x4K0-atsg,Waleska Herrera,1230000.0,0.0,0.0,0.344,0.284,0.148,1.276,0.4979999999999999,0.2619999999999999,0.354,0.414,0.2339999999999999,0.212,0.446,0.214,0.2719999999999999,0.244,0.52,1.0,2.074314647076178e-05
XHCseJbfqVs,UCqCI4i-mZ4Cu6Kr8emMaf1A,RYU JAPAN,134000.0,,,,,,,,,,,,,,,,,,,0.00027311809519836344
XHgxISMPs5M,UCzqbfYjQmf9nLQPMxVgPhiA,emmymade,3100000.0,1.59,1.41,0.0,0.0,0.0,0.35,0.13,1.77,0.0,0.0,0.99,1.28,0.67,0.0,1.07,0.52,1.29,1.0,0.0004682024489114802
XI0AsIl2bZ0,UCt_NLJ4McJlCyYM-dSPRo7Q,Lost LeBlanc,2220000.0,1.17,0.0,0.26,0.27,1.215,2.035,0.79,1.485,0.945,0.725,0.09,0.0,0.01,0.34,1.105,0.27,0.165,0.0,0.0010924723807934538
XIMQ5o2to_s,UCeT1qAcQxLP6cEfbMe85QCQ,Yoshi the Japanese Guy,165000.0,0.432,0.0,0.564,0.432,0.5740000000000001,0.922,0.416,0.974,0.94,0.648,0.136,0.1139999999999999,0.568,0.032,1.26,0.104,0.142,1.0,0.0001489735064718346
XJDPP26KS_o,UCRr9zB_nU973TtqHBD7N4dg,Pinoy Gastronomers,1260.0,,,,,,,,,,,,,,,,,,,0.0010924723807934538
XKOs_p60BHs,UCCgVh36x3hbuRnHMpwl443Q,Music Game News,1210000.0,0.7766666666666667,0.4116666666666667,0.1433333333333333,1.08,0.0,0.0,0.0,0.2883333333333333,0.1433333333333333,0.4049999999999999,0.005,0.0,0.1266666666666666,0.035,0.9433333333333334,1.3216666666666663,0.0,1.0,8.193542855950904e-05
XMPOW5DS71Q,UCl4I_ztLWgW8ybm9M0n1pyg,Nic & Rei,14700.0,0.73,0.62,0.0,0.0,1.26,1.93,0.0,1.22,1.99,0.94,0.0,0.29,0.03,0.26,0.4,0.56,0.54,0.0,0.00010572313362517294
XMfnDnulMLo,UCl4I_ztLWgW8ybm9M0n1pyg,Nic & Rei,14700.0,0.0,0.0,0.0,0.0,1.47,2.25,0.09,2.61,2.59,0.01,0.0,0.0,0.24,0.0,2.33,0.88,0.0,0.0,0.00010572313362517294
XMuEnzg0gmU,UCLPLXSPgySkBypwpi6BrMwg,Jessica Lee,1680000.0,,,,,,,,,,,,,,,,,,,0.0002521090109523355
XONfKXDAtAA,UC3hNYaWQYd_kGo2rKAGQPYQ,Steve Yalo,179000.0,0.81,0.3066666666666667,0.2066666666666667,0.1566666666666666,1.836666666666667,0.9233333333333332,0.7666666666666667,1.8833333333333333,2.48,1.5566666666666666,0.0833333333333333,0.0833333333333333,0.4166666666666667,0.3233333333333333,2.21,0.0,0.5800000000000001,0.0,0.0006554834284760723
XOwJsnCILhw,UCl4I_ztLWgW8ybm9M0n1pyg,Nic & Rei,14700.0,0.81,0.53,0.0,0.0,1.2,1.84,0.0,1.08,2.07,0.98,0.0,0.07,0.0,0.12,0.24,0.05,0.52,0.0,0.00010572313362517294
XUqomp-z5T8,UC-UmKQ_TcbaUnwenqRudEiA,Seara Travels,90700.0,1.32,1.17,0.0,1.01,1.48,1.03,0.0,1.8,2.2,1.05,0.0,0.0,0.0,0.0,3.16,0.49,0.0,0.0,0.0006554834284760723
XaXEpPcGMeI,UCryJ4vhASeu7uhXRPOL3WhA,What's up Philippines,311000.0,,,,,,,,,,,,,,,,,,,2.621933713904289e-05
XdmzMZkk0co,UC0Ize0RLIbGdH5x4wI45G-A,Drew Binsky,5640000.0,1.66,0.2,0.0,2.51,0.48,1.47,0.0,0.0,0.82,0.0,0.0,1.88,0.0,0.55,0.0,0.0,0.02,1.0,0.0016387085711901807
XfHV3FHwMI8,UC_DmOS_FBvO4H27U7X0OtRg,Fearless & Far,3030000.0,0.43,0.0,0.51,1.4,0.0,0.49,0.24,1.23,0.0,0.0,0.0,0.14,0.81,0.13,0.89,0.0,0.64,1.0,0.00032774171423803616
XfagDObAdLk,UCENHwjTptE-I6PTAmymYrLw,Global Marissa,1320.0,0.69,0.7266666666666667,0.2666666666666666,0.94,0.8633333333333333,1.0633333333333332,0.4866666666666666,1.5266666666666666,1.22,0.8133333333333334,0.2366666666666667,0.02,0.69,0.0133333333333333,1.2133333333333332,0.7133333333333334,0.0366666666666666,0.0,0.0010924723807934538
Xfz_kglF6ZU,UCpko_-a4wgz2u_DgDgd9fqA,BuzzFeedVideo,19800000.0,1.375,0.365,1.45,0.845,1.5750000000000002,1.85,0.215,1.845,1.57,2.635,0.97,0.315,0.0,0.845,2.445,0.585,0.395,0.0,0.0002521090109523355
Xg7V4R6oiNg,UCU3bXpOvu7imTFlOhMT8-hw,Travis Atreo,316000.0,1.97,0.0,0.3,0.0,0.24,0.44,0.0,1.91,0.0,0.0,1.44,0.37,0.24,0.0,1.05,0.0,0.36,1.0,0.0010924723807934538
XiAeP_bcYvk,UC7jxOv-Ns6nIyMmBCh0LXNw,Jesxica Wan,468.0,1.2,0.12,1.085,0.5800000000000001,0.0,0.6950000000000001,0.0,1.215,0.895,0.0,0.325,0.04,0.15,0.0,1.5299999999999998,1.255,0.395,1.0,0.0010924723807934538
Xiy9sQRt6Lw,UC2vcjazcVurVmpn5svBRA-Q,FTD Facts,1460000.0,1.15,2.0,0.0,2.11,0.0,0.0,0.0,0.2,0.0,0.04,0.0,0.0,0.0,0.0,0.0,0.59,0.0,2.0,0.0006554834284760723
XlooH2CLTIk,UC2wTnMBvQ_TH0qn5rJl8hWQ,The YUH Family,2480000.0,0.48,0.69,0.0,0.84,1.3199999999999998,1.125,0.48,1.26,1.965,0.93,0.45,0.535,0.0,0.0,1.945,1.225,0.04,0.0,0.0008193542855950903
XndDPtkXmTs,UCam1q_TN5QauJdk07T0bteA,Samantha Lisa ,102000.0,0.1,0.0,0.0,0.0,1.84,0.32,0.2,1.54,1.41,1.4,0.06,0.31,0.0,0.0,0.0,0.0,0.56,0.0,0.0004682024489114802
XoXF-xXxTIQ,UCVa6ozIskHiTXeTBV4Z9SUw,Justin Roque,29000.0,1.16,0.0,1.75,0.0,0.55,0.0,0.49,0.0,0.16,1.32,0.0,0.0,0.0,0.0,1.24,1.93,1.48,1.0,0.0010924723807934538
XpKdCowImvU,UCM5PsLystlm5bVMk3kCA2DQ,Blessing’s React,22300.0,,,,,,,,,,,,,,,,,,,0.0008193542855950903
XpgFSSrUoro,UCQQyW9Ki62OmGzHedws7xlQ,Bianca & Beyond,142000.0,0.6475,0.07,0.3725,0.5625,0.32,0.59,0.3675,0.38,0.245,0.0,0.435,0.47,0.395,0.11,0.5,0.3775,0.0,1.0,0.00010241928569938629
XqNY7aG8gxo,UCIk6DASPsMiUXnU6Y1Lz8Ww,We Vybz Tv,116000.0,,,,,,,,,,,,,,,,,,,0.0004682024489114802
XqQ6QqWzQ7U,UCQQyW9Ki62OmGzHedws7xlQ,Bianca & Beyond,142000.0,1.235,0.475,0.0,0.515,0.23,0.0,0.29,1.105,0.26,0.965,0.555,1.04,0.0,0.355,0.15,1.08,0.0,1.0,0.00010241928569938629
XuAR0zlllaM,UCAUgY9e_n2DhyZTgvPRoJnQ,TriFate Geo,171000.0,1.78,2.065,0.0,2.545,0.95,0.5,0.04,0.655,1.225,1.01,0.0,0.0,0.0,0.145,1.99,0.78,0.105,2.0,6.426308122314434e-05
XvUxJAtnxwQ,UCVGxrPOe4sO05dsepa42l8w,Brad Newton - Fitness Street,27300.0,0.93,0.0,0.0,0.0,2.96,4.29,1.12,1.71,2.7,0.72,0.03,0.0,0.82,0.32,2.24,0.72,0.64,0.0,0.0004682024489114802
Y11ih1OEszY,UCiEK-SwMjiYsiWzXvOKqKdg,AmysCrypt,324000.0,0.0,0.0,0.0,2.74,0.0,0.0,0.0,0.0,0.0,0.0,0.59,0.0,0.3,0.0,0.0,1.14,0.0,1.0,0.0004682024489114802
Y1zJSJiK2Mk,UC7HxIb6bY4-ymtAOS_MGsOw,VI3ION,606000.0,1.09,1.125,0.38,0.745,1.625,1.09,0.18,2.07,2.205,0.49,0.16,0.35,0.0,0.085,2.105,0.6950000000000001,1.45,0.0,0.0001560674829704934
Y2VvAiXtP_Y,UCl4I_ztLWgW8ybm9M0n1pyg,Nic & Rei,14700.0,0.68,0.76,0.0,0.0,1.21,2.12,0.0,1.12,1.97,1.02,0.0,0.29,0.18,0.11,0.38,0.0,0.7,0.0,0.00010572313362517294
Y3GdJZiemDk,UCl7giZXLlLIAEKV-TVoBW7Q,tryNsomethingnew,1200000.0,0.7300000000000001,0.0,0.128,0.436,0.542,0.826,0.2279999999999999,0.208,1.082,0.682,0.09,0.0,0.648,0.12,0.558,0.536,0.018,1.0,0.0002979470129436692
Y3RgZGwLA6Y,UCfot-hD35IfUqXC9JXcVatg,Island Life,63400.0,,,,,,,,,,,,,,,,,,,0.0006554834284760723
Y3XKpz8C_bM,UCobYD8WgP3GPOqgvXF2Yy1w,Adam and Jane's Lifestyle,75500.0,0.43,0.0,1.25,0.0,1.3199999999999998,2.675,1.07,1.015,1.045,0.955,0.215,0.0,0.8599999999999999,0.005,1.295,0.7350000000000001,0.295,0.0,6.827952379959086e-05
Y8-4rbZnrIk,UColnnUYyz7CWjhzpF1kASnw,NOW UNITED,7970000.0,0.7275,0.35125,0.1912499999999999,1.41,0.5625,1.43,0.25625,0.55375,0.36,0.55375,0.40125,0.18,0.8412499999999999,0.03625,0.805,0.2875,0.1025,1.0,0.00019278924366943303
YBANF9KQl0M,UC_nGEYgqzTuyFbHCZELMC2w,Merryjuj,11400.0,,,,,,,,,,,,,,,,,,,0.00011301438422001247
YCFNwp8TH90,UC2vcjazcVurVmpn5svBRA-Q,FTD Facts,1460000.0,0.65,0.0,0.0,0.0,1.08,0.38,0.0,0.6,1.05,0.35,0.0,0.0,0.0,0.0,0.0,0.15,0.0,1.0,0.0006554834284760723
YE6BquBXgmo,UCTYLltHLCjnZc7g9ltZeDVw,Meet The Nomads,14500.0,1.665,0.09,0.09,0.105,2.385,2.1,0.52,1.565,1.475,1.6749999999999998,0.485,0.26,0.115,0.955,1.5650000000000002,0.0,0.875,0.0,0.0005462361903967269
YEghAYdSOaI,UCrOmnHUEWYsGia51g9QNG7g,Japanese Shu channel,5550.0,,,,,,,,,,,,,,,,,,,0.0006554834284760723
YFOx5_ozQH8,UCSKyr0rInDNW2jAWKVy4OcA,Discovery Amuse,16800.0,0.35,0.44,0.395,0.0,0.7999999999999999,1.35,0.43,0.6849999999999999,0.7449999999999999,0.72,0.395,0.0,1.605,0.0,0.89,2.43,0.68,1.0,0.0010924723807934538
YI_-JEdo83Y,UC2xFAIV5shzGSzX-F2J_1QA,Korean Filipino Jobs,1790.0,,,,,,,,,,,,,,,,,,,0.0010924723807934538
YJn6kJcDDTA,UCpi8TJfiA4lKGkaXs__YdBA,The Try Guys,7920000.0,0.425,0.0,1.045,0.01,0.61,1.39,0.855,0.82,0.75,0.815,0.065,0.0,0.16,0.0,1.55,1.86,0.005,1.0,0.0008193542855950903
YJpqmd1FM_8,UCeT1qAcQxLP6cEfbMe85QCQ,Yoshi the Japanese Guy,165000.0,1.445,0.105,0.7525,0.4775,1.245,1.55,0.3725,1.1025,0.77,0.5525,2.065,0.34,0.7025,0.0225,1.8775,0.515,0.3,1.0,0.0001489735064718346
YK8hGMfNgzE,UCQCSVhADyImwelDYKzro-JQ,Ronette Jenkins,5180.0,0.7066666666666667,0.4216666666666666,0.02,0.4316666666666667,0.4266666666666667,0.465,0.2533333333333333,0.5983333333333333,0.4883333333333333,0.61,0.2383333333333333,0.3266666666666666,0.4533333333333333,0.265,0.1616666666666666,0.3016666666666667,0.0,1.0,0.0016387085711901807
YLPogsvk7ew,UCGTluZeop66lDGa2rOHY8aA,Cascade PBS,39800.0,0.87,0.0,0.79,0.0,0.16,0.0,0.1,0.92,0.18,0.83,0.32,0.33,0.0,0.0,0.0,0.0,0.5,1.0,0.0016387085711901807
YMblJMX0G40,UCLdHxodB8o1nAhJTstCoWlw,Kirby Araullo (Historian),115000.0,0.85,0.2925,0.185,0.8075,0.1725,0.25,0.12,0.83,0.5800000000000001,0.4275,0.255,0.0,0.3125,0.0,0.32,0.3125,0.0,1.0,0.0010924723807934538
YNgCg9eF474,UCOL1S-pRMl51fJ2V6ocljAA,HYEW.,64000.0,,,,,,,,,,,,,,,,,,,0.0016387085711901807
YNjluhmwrOk,UCCz0biXWeNqw1zkVLs_I40A,Foodie Legends,2140.0,,,,,,,,,,,,,,,,,,,0.0005462361903967269
YNjvhHBsX9M,UCQQyW9Ki62OmGzHedws7xlQ,Bianca & Beyond,142000.0,0.19,0.0,0.0,0.0,1.52,0.43,1.16,2.26,1.76,0.0,1.31,0.29,0.83,0.0,2.04,0.0,0.0,0.0,0.00010241928569938629
YO49D7SH130,UCixD9UbKvDxzGNiPC_fgHyA,Paolo fromTOKYO,3620000.0,0.765,0.565,1.395,0.8,0.0,0.285,0.145,0.08,0.0,0.13,1.135,0.1,0.23,0.0,0.435,0.36,0.0,1.0,0.00032774171423803616
YQ5Jv4x_Hp0,UColnnUYyz7CWjhzpF1kASnw,NOW UNITED,7970000.0,0.5716666666666667,0.36,0.7316666666666666,0.125,0.355,1.0066666666666666,0.235,0.6916666666666668,0.8583333333333334,0.165,0.1533333333333333,0.0249999999999999,0.1966666666666666,0.0183333333333333,1.0066666666666666,0.4766666666666666,0.0016666666666666,1.0,0.00019278924366943303
YQGnYrAuHi8,UCAUgY9e_n2DhyZTgvPRoJnQ,TriFate Geo,171000.0,1.335,0.58,0.64,0.38,2.1950000000000003,2.425,0.03,2.485,2.68,1.08,0.0,0.0,0.0,0.09,2.0700000000000003,0.0,0.28,0.0,6.426308122314434e-05
YQVNQmbKwSE,UCt9BTGSxATM6axwfTY4KnEg,A Foreigner in the Philippines,265000.0,,,,,,,,,,,,,,,,,,,5.462361903967269e-05
YR0ftQ2eIis,UC3hNYaWQYd_kGo2rKAGQPYQ,Steve Yalo,179000.0,2.48,2.92,0.93,2.17,0.0,0.0,0.0,0.64,0.49,0.0,0.0,0.0,0.0,0.0,0.21,1.3,0.76,2.0,0.0006554834284760723
YSVXbP18z0Y,UCeT1qAcQxLP6cEfbMe85QCQ,Yoshi the Japanese Guy,165000.0,3.35,4.67,0.0,2.48,0.04,1.67,0.0,0.0,1.4,0.55,0.01,0.0,0.11,0.0,2.58,1.91,0.01,2.0,0.0001489735064718346
YT48HwKrJFg,UCqdBWKP4_8bU-Rsk2LvVz6Q,BecomingFilipino,1140000.0,,,,,,,,,,,,,,,,,,,0.0001560674829704934
YUuJGAv3Tpc,UCi9mzS8H-ez_30w5SCL2dmw,JREKML,1210000.0,,,,,,,,,,,,,,,,,,,6.827952379959086e-05
YUxJ-pihbXc,UCbPHHOiOY_tA9BSytK0jDYw,Beryl Shereshewsky,859000.0,3.19,1.93,0.38,2.81,1.45,0.98,0.0,2.02,1.72,0.74,0.88,0.0,1.8,0.0,4.54,0.35,0.0,2.0,0.00019278924366943303
YVEXxOhYjrA,UCwLjaI2aS5HaM4sD5DjUBcg,lightKiraSS,1560.0,0.895,0.655,0.0,0.855,0.44,1.03,0.0,0.585,1.285,0.325,0.19,0.09,0.15,0.0,1.405,0.5800000000000001,0.16,1.0,0.0008193542855950903
YWAKuKOG4xU,UCQZh7dlICtR6CPtB9R_ZzYA,Hindsight,322000.0,,,,,,,,,,,,,,,,,,,0.0010924723807934538
YY0-yK2SRi4,UCobYD8WgP3GPOqgvXF2Yy1w,Adam and Jane's Lifestyle,75500.0,0.0,0.0,0.31,0.0,2.32,2.64,0.79,1.27,2.33,1.81,0.18,0.62,0.68,1.06,0.55,0.44,0.0,0.0,6.827952379959086e-05
Y_iMpzLuUUQ,UCbDelWG0lH_xzQjnH-bNB_w,josie lifts things,1080000.0,0.71,2.73,0.27,3.51,0.0,0.0,0.44,0.0,0.35,0.0,0.37,0.0,0.0,0.0,3.86,2.33,0.0,2.0,0.0002521090109523355
YafWN3flXTU,UCvOxZARbKQLR4WB59oyq45g,PURPLE TWINS,89700.0,1.0133333333333334,0.0566666666666666,0.9483333333333333,0.3316666666666666,0.7683333333333334,1.086666666666667,0.3583333333333333,0.9983333333333334,0.975,0.9433333333333334,0.7833333333333333,0.4516666666666666,0.4733333333333333,0.1183333333333333,0.9433333333333334,0.615,0.8116666666666666,1.0,0.0008193542855950903
YamEZfcS3mU,UCcT6w3xUyVshyR2_2vrMp1w,WUSA9,571000.0,,,,,,,,,,,,,,,,,,,0.0010924723807934538
Yao1GGe9HQI,UCb24bpyTx2fhqiXAnhek26Q,Dating Beyond Borders,677000.0,,,,,,,,,,,,,,,,,,,0.0010924723807934538
YdQVgdHpk20,UCaAjLj9oGV6VKMYq8FxEwdQ,DORCAS Morounmubo,78500.0,,,,,,,,,,,,,,,,,,,0.00036415746026448456
YdUNrsq6eTE,UCWjSwkIn2gGgETcZZYaO-6g,RETIRING IN PARADISE,17000.0,2.41,0.57,0.69,0.99,0.46,2.61,0.0,0.19,0.46,0.0,0.59,0.07,0.0,0.0,0.0,0.0,0.0,1.0,8.62478195363253e-05
Yfu02WSFtR0,UCPAz3hWHiBC-c1x4K0-atsg,Waleska Herrera,1230000.0,0.9825,0.725,1.1675,1.62,0.495,0.835,0.27,0.8999999999999999,0.5975,0.2875,0.5125,0.5825,0.4225,0.0,1.195,0.6749999999999999,0.07,1.0,2.074314647076178e-05
YhL6ZF2luIc,UCxLPAGgcDvEdaZBJxMrSsmw,ItsFaime,118.0,0.0,0.92,0.0,1.32,0.56,0.0,0.54,0.0,0.07,0.0,2.82,1.68,0.0,1.71,0.0,0.0,0.39,1.0,0.0016387085711901807
YhVy0eZdUb8,UCKygRpISlqs5TufcT3JtRng,Dale Philip,3760000.0,0.425,0.27,0.0,1.38,1.395,1.995,0.11,0.825,1.175,0.0,1.6,1.045,0.28,0.4499999999999999,0.85,0.485,0.39,1.0,0.00036415746026448456
Yk-C5nmpVIQ,UC8kzXjU7cagSDFZoFL7mvkA,Taiwan Philippine Marriage,12000.0,0.825,0.82,0.0,0.0,1.265,2.03,0.325,1.73,1.89,0.69,0.35,0.705,0.6950000000000001,0.245,1.58,0.53,0.165,0.0,0.0016387085711901807
YkPiTga-xNI,UCi1ynaf3mWz-mgim7LvqjzQ,Smile Squad Comedy,2620000.0,0.0,0.0,0.0,0.75,3.38,2.77,0.19,1.71,3.66,1.92,0.0,0.0,0.04,0.0,2.79,0.0,0.38,0.0,0.0010924723807934538
YlCbs7D1-Aw,UCOvLWcHoB4aujwiWKme_pFg,Kumander Daot,241000.0,,,,,,,,,,,,,,,,,,,0.0005462361903967269
YrUIlaG0c3c,UCuDJlOZRQyZgmRdLmrsXwRw,Joachim Reyes,448.0,,,,,,,,,,,,,,,,,,,0.0010924723807934538
YtZKFFtX-G0,UCYERz7Fgao2aG2l-TJWjujg,Vacationsgram,10400.0,,,,,,,,,,,,,,,,,,,0.0010924723807934538
Yvz9sWS6Tfc,UCryJ4vhASeu7uhXRPOL3WhA,What's up Philippines,311000.0,,,,,,,,,,,,,,,,,,,2.621933713904289e-05
YwLkZXeGCDI,UCCgVh36x3hbuRnHMpwl443Q,Music Game News,1210000.0,0.2799999999999999,0.2339999999999999,0.7060000000000001,0.764,0.5660000000000001,0.364,0.42,0.3299999999999999,0.212,0.652,1.238,0.4,0.482,0.458,0.392,0.936,0.138,1.0,8.193542855950904e-05
YxKxOYvDqcg,UCryJ4vhASeu7uhXRPOL3WhA,What's up Philippines,311000.0,,,,,,,,,,,,,,,,,,,2.621933713904289e-05
YxrNHJmh1OI,UCTfHKQ9fbUEiStUAQEax7dw,,,,,,,,,,,,,,,,,,,,,
Z-N_NyiQhbY,UC1bBg-b6exIwz092l5Ra1pw,Luke's HomeTube (LukesHomeTube),1650.0,0.41,0.0,1.46,0.0,1.56,0.0,0.41,2.95,2.27,3.01,0.59,0.25,0.0,0.0,2.1,0.4,0.0,0.0,0.0008193542855950903
Z2BsmG-sqdY,UCKLlmM881k4QZN-iUAFIQfw,Susie in the Philippines,128000.0,,,,,,,,,,,,,,,,,,,0.00013109668569521446
Z2h_Jj0ahGc,UCc7cpDLG-lt7VaJZBJ-97Mg,Dave On Arrival,36900.0,0.79,0.0,0.4,0.415,1.245,1.3,0.045,0.6,1.28,0.0,0.55,0.07,0.5900000000000001,0.0,0.17,0.06,0.46,1.0,0.0010924723807934538
Z5EEYQ-lepE,UC0lOVWlP5E5Wd_Zwbh6piGg,Sarah N Rica,2530.0,2.1725,1.75,0.84,2.7,0.0,0.0,0.0,0.365,0.225,0.1725,1.29,1.18,0.0,0.01,0.05,0.1475,0.0,2.0,0.0016387085711901807
Z5koqfgUcls,UC8lVqk3EQ1wiUeyOMD24N7g,otakoyakisoba,776000.0,0.0,0.0,0.0,0.0,1.87,1.15,1.08,1.92,1.71,0.44,0.07,0.0,0.68,0.0,2.25,0.0,0.0,0.0,0.00036415746026448456
Z6yUuuPG7EQ,UC-DRHzd-YOh22jB8-nTU5nw,Oxford Pinoy,3240.0,,,,,,,,,,,,,,,,,,,0.0016387085711901807
Z7RIYLXahfE,UCGW5DXYdKZ4ULEdeAZn2AlQ,Wistl Family Adventures,22300.0,0.0,0.0,0.23,0.0,0.43,0.0,0.0,0.95,1.87,0.55,0.0,0.0,0.0,0.0,3.47,0.68,3.46,0.0,0.0010924723807934538
Z8g0zOt_c9g,UCbPHHOiOY_tA9BSytK0jDYw,Beryl Shereshewsky,859000.0,2.01,1.0,0.24,1.9,0.15,0.0,0.0,0.33,1.28,0.66,0.38,1.26,2.2,0.37,0.0,0.0,0.0,2.0,0.00019278924366943303
Z9M_EQ3hszQ,UCWAcu4MI9Nmqs7-OPQmVsTw,Zeus Reacts & Arts,98900.0,0.615,0.78,0.4599999999999999,1.355,0.77,1.21,0.355,1.14,1.455,1.745,0.335,0.255,0.03,0.095,0.34,0.0,0.295,1.0,0.0016387085711901807
Z9Uz-NUaCG8,UCe3PDv7F4Uex3ii9zdMbvWQ,LifeBeyondTheSea - Philippines Podcast,133000.0,,,,,,,,,,,,,,,,,,,0.00040967714279754517
ZB1JAWYtIbg,UC3PVtkwtqwCD4LEPguBEADA,Mia Sandoval,395000.0,0.74,0.0,0.14,0.25,2.63,3.94,2.55,2.25,2.03,1.9,0.0,0.0,0.0,0.0,5.0,0.0,0.0,0.0,0.00011705061222787004
ZCUtAYlt-eA,UCPAz3hWHiBC-c1x4K0-atsg,Waleska Herrera,1230000.0,0.9755555555555556,0.2355555555555555,0.7333333333333333,1.0766666666666669,0.2133333333333333,0.55,0.1455555555555555,0.6322222222222222,0.4311111111111111,0.3955555555555555,0.4522222222222222,0.61,0.1155555555555555,0.0,0.4077777777777778,0.8655555555555555,0.1211111111111111,1.0,2.074314647076178e-05
ZDNvw9fsmMg,UCATIycLIXMeetRVO-XS4p7g,Adventure Faktory,3780.0,1.385,0.9883333333333332,0.1149999999999999,1.0066666666666666,2.0483333333333333,1.9383333333333328,0.2483333333333333,2.0466666666666664,1.94,0.9066666666666666,0.9966666666666668,0.0499999999999999,0.3849999999999999,0.835,2.5033333333333334,1.4283333333333337,0.0333333333333333,0.0,0.0006554834284760723
ZDQP4SRfrpg,UCLvnKTwSZEnCbTHNnqiivRQ,Dodo Explorers,188000.0,1.5,1.99,0.0,0.29,1.43,0.8,0.0,1.66,3.18,1.4,0.07,0.0,0.0,0.0,2.6,0.95,0.0,0.0,0.00020483857139877258
ZEVLabGmE9w,UCMJlGrPk73l9U6qahc8D_gA,Randy Santel,1790000.0,0.0,0.0,0.0,0.0,1.76,1.76,0.9,1.295,2.1900000000000004,1.215,0.0,0.06,0.09,0.17,1.46,0.46,0.37,0.0,0.0005462361903967269
ZFpnR0xpdRI,UC3PVtkwtqwCD4LEPguBEADA,Mia Sandoval,395000.0,0.58,1.36,0.0,1.49,0.0,0.64,0.17,1.01,0.19,0.0,0.06,0.0,0.0,0.0,0.0,0.0,0.0,1.0,0.00011705061222787004
ZHxnWGnmTEk,UCAUgY9e_n2DhyZTgvPRoJnQ,TriFate Geo,171000.0,0.4955555555555555,0.7100000000000001,0.0,1.261111111111111,1.1255555555555556,1.0666666666666669,0.3111111111111111,0.9288888888888888,0.8977777777777778,0.7355555555555555,0.4422222222222222,0.0,0.7822222222222223,0.0066666666666666,1.1577777777777778,0.1888888888888888,0.0055555555555555,1.0,6.426308122314434e-05
ZIrqsRSprnY,UC-ec9E2-f7XstQMsJNc9ehw,Jack & Sophia Torr,275000.0,0.23,0.0,0.76,1.02,1.655,1.44,0.49,2.31,1.675,1.545,0.64,0.0,0.49,0.215,1.545,0.48,0.235,0.0,0.0010924723807934538
ZKC2DpeBaOw,UChOm_KQlCIuN80CsMLWmD8w,Every Day is CHUsDay,1410.0,0.0,0.25,0.92,0.0,0.0,0.69,0.36,0.0,0.02,0.0,0.28,0.0,0.72,0.0,0.67,0.0,0.34,1.0,0.0010924723807934538
ZKv35nYm5aw,UC0kRouseKcdvPylRVa75Uag,Ron Digao,18800.0,0.0,0.0,0.0,1.47,0.0,0.0,0.98,0.41,0.39,0.0,0.0,1.6,1.03,0.65,0.0,0.0,0.0,1.0,0.0008193542855950903
ZLZYGufLzE4,UC0gFSdMnCETFhOHsDCB8I9g,Charlie Wayne Adventures,8510.0,3.09,1.27,0.0,0.0,0.45,0.0,0.0,0.71,0.52,0.93,0.14,0.39,0.38,0.13,0.0,0.0,0.0,2.0,0.0010924723807934538
ZLfzADdFjMQ,UC_hN8xs99S6jnMdYCuJgoJA,Pinoy Planet,97800.0,0.64,0.0,0.0,0.26,0.0,0.38,0.0,1.05,0.99,1.27,0.82,0.19,1.29,0.0,1.24,1.19,0.69,1.0,3.6015572993190784e-05
ZMHdMN0B3QI,UC_hN8xs99S6jnMdYCuJgoJA,Pinoy Planet,97800.0,0.945,0.57,0.635,0.5349999999999999,0.76,0.885,0.43,1.375,0.715,0.995,0.29,0.535,0.0,0.055,0.0,0.74,0.085,1.0,3.6015572993190784e-05
ZMHvYD5TXb4,UC8hiiGm6GTyTVvO-LtZ2Xmw,FoodieMommaPH,41100.0,0.8857142857142858,0.3885714285714285,0.0357142857142857,0.8228571428571428,0.8457142857142858,0.4542857142857142,0.1442857142857143,0.7142857142857143,0.7342857142857142,0.3728571428571428,0.4914285714285714,0.0,0.2042857142857142,0.4828571428571428,0.5599999999999999,0.2042857142857143,0.0,1.0,0.0002521090109523355
ZO1C9yQkQIw,UCCAh-tDKBja88N59E-KwL3g,Village People Philippines,182000.0,,,,,,,,,,,,,,,,,,,0.0008193542855950903
ZPZD8BZjXX4,UCl4I_ztLWgW8ybm9M0n1pyg,Nic & Rei,14700.0,0.98,0.74,0.0,0.0,1.24,1.92,0.0,1.06,1.95,1.03,0.0,0.07,0.0,0.18,0.32,0.0,0.59,0.0,0.00010572313362517294
ZPgfFMFylaY,UC7HxIb6bY4-ymtAOS_MGsOw,VI3ION,606000.0,0.965,1.29,0.75,0.8400000000000001,0.0,0.285,0.0,0.78,1.165,1.225,0.48,0.095,0.0,0.18,0.935,1.365,0.38,1.0,0.0001560674829704934
ZScibK4HDx4,UCryJ4vhASeu7uhXRPOL3WhA,What's up Philippines,311000.0,,,,,,,,,,,,,,,,,,,2.621933713904289e-05
ZTiFnGBMgKU,UCHza0GAxOvBOeLKkMeL8EcQ,Ken Abroad,510000.0,0.575,0.2525,0.835,0.3375,0.44,0.9675,0.3375,0.795,0.455,1.83,0.895,0.035,0.605,0.405,0.8875,0.74,0.47,1.0,0.00012138582008816153
ZUWFIXxkWhs,UCKie0svsFyBBsKaQIA4hx-w,American Entrepreneur in the Philippines,9850.0,2.32,1.03,1.12,0.42,0.26,0.55,1.53,1.39,0.77,0.0,1.35,0.0,1.42,0.0,0.48,0.0,0.0,1.0,0.00020483857139877258
ZVby29B088Q,UCTL128JylZO50B0MqbUuhSw,EL's Planet,232000.0,,,,,,,,,,,,,,,,,,,0.0002341012244557401
ZW1OlEou84s,UCt9BTGSxATM6axwfTY4KnEg,A Foreigner in the Philippines,265000.0,,,,,,,,,,,,,,,,,,,5.462361903967269e-05
ZWGDjgZ76q8,UCtnyo-2ySIhmhm1Rxl_0rRg,Arika mda ,6150.0,0.0,0.0,0.0,0.55,0.0,0.0,0.285,0.0,0.67,0.375,0.31,0.0,0.04,0.0,1.025,0.0,0.0,1.0,0.0010924723807934538
ZWTRWKPcndE,UCG57u0jfLpuPuCAHRUtTxdg,Blonde&Bass,113000.0,0.6875,0.5499999999999999,0.5125,0.8374999999999999,0.01,0.3175,0.235,0.31,0.0,0.185,0.53,0.37,0.0125,0.015,0.3575,0.255,0.115,1.0,0.00032774171423803616
ZXJ1Ebsux4g,UCPGDvVGtdbkJgnWmSXLXI1A,Twins SF,19600.0,1.29,1.155,0.0,1.24,0.145,0.0,0.22,0.355,0.55,0.07,0.105,0.0,0.0,0.085,0.855,0.0,0.4599999999999999,1.0,0.0008193542855950903
ZXRChhajpic,UCATEfq-fUMoK-zftoyppJqA,Leeman reacts,39500.0,0.3,0.1525,0.08,0.3875,0.105,0.375,0.005,0.7550000000000001,0.18,1.135,0.7425,0.6925,0.2775,0.2675,0.5449999999999999,1.245,0.1925,1.0,0.0016387085711901807
ZZ0ASsbRO6w,UC23SG4XKkSrbhz-bZ2f5Mfw,123JAPAN!,629000.0,,,,,,,,,,,,,,,,,,,0.0002341012244557401
Z_-0yXSa-tM,UCi9mzS8H-ez_30w5SCL2dmw,JREKML,1210000.0,,,,,,,,,,,,,,,,,,,6.827952379959086e-05
Z_hNMcayu2A,UCuCuEKq1xuRA0dFQj1qg9-Q,Knowledgia,2080000.0,0.0,0.0,1.69,1.47,0.74,0.0,0.0,0.0,0.0,0.0,3.86,1.37,0.8,0.0,0.82,0.0,0.0,1.0,0.0010924723807934538
ZaFOr3yomLg,UC23SG4XKkSrbhz-bZ2f5Mfw,123JAPAN!,629000.0,,,,,,,,,,,,,,,,,,,0.0002341012244557401
ZcyO-ggx5tQ,UCLNoXf8gq6vhwsrYp-l0J-Q,Xiaomanyc 小马在纽约,6770000.0,0.142,0.0,0.272,0.0419999999999999,1.3139999999999998,0.792,0.458,0.954,1.15,0.36,0.944,0.332,0.5740000000000001,0.212,1.356,0.478,0.012,1.0,0.00021849447615869075
ZdELq23qUTQ,UChOfNDlXR6XueB8IxMxeqBw,Chuckie's Kitchen,204000.0,0.462,0.0,0.232,0.45,0.446,0.428,0.0839999999999999,0.306,0.292,0.386,0.026,0.016,0.382,0.058,0.4019999999999999,0.718,0.36,1.0,0.0004682024489114802
ZddfrVMyJH8,UCky5varhC3PdITfCco7iWbA,ELVIE LINS,3830.0,1.21,0.0,0.8733333333333334,1.4933333333333334,0.2333333333333333,0.5933333333333334,0.4833333333333333,0.0,0.21,0.34,0.59,0.1233333333333333,0.3733333333333333,0.3933333333333333,0.2733333333333333,0.0,0.0366666666666666,1.0,0.0005462361903967269
ZfRf8dyBgBg,UCKie0svsFyBBsKaQIA4hx-w,American Entrepreneur in the Philippines,9850.0,1.36,0.0,0.04,0.78,1.99,0.0,1.55,3.0,3.62,1.32,0.42,0.0,0.0,0.0,1.87,0.77,0.48,0.0,0.00020483857139877258
ZiQ2oipEO5M,UC_nGEYgqzTuyFbHCZELMC2w,Merryjuj,11400.0,,,,,,,,,,,,,,,,,,,0.00011301438422001247
Zih_iGT9wM8,UCmXq0ZRIyR3eX9OhTrNHisA,Hobo Ventures ,19500.0,1.485,0.0,0.045,0.6,1.3650000000000002,0.63,0.335,0.8,1.07,0.71,0.0,0.0,0.64,0.16,0.8150000000000001,0.0,0.0,1.0,0.0005462361903967269
ZiyjvKUTBjA,UC2wTnMBvQ_TH0qn5rJl8hWQ,The YUH Family,2480000.0,1.2,0.825,0.0,0.46,1.73,2.065,0.745,2.02,2.225,1.385,0.735,0.05,0.79,0.0,2.14,0.18,0.145,0.0,0.0008193542855950903
Zj13Z_H48nA,UCKLlmM881k4QZN-iUAFIQfw,Susie in the Philippines,128000.0,,,,,,,,,,,,,,,,,,,0.00013109668569521446
ZjZ9hap6gGI,UCegwghWDySliAEORgjaZqYA,A Brit in the Philippines,27000.0,1.07,0.0,0.53,1.84,0.0,1.75,0.52,0.63,0.0,0.03,0.55,0.31,0.0,0.0,0.39,0.0,0.0,1.0,0.0010924723807934538
Zo6TM_iRyJc,UCAUgY9e_n2DhyZTgvPRoJnQ,TriFate Geo,171000.0,0.175,0.495,0.0,2.04,0.0,0.0,0.0,0.14,0.0,0.08,0.245,0.235,0.0,0.4,0.13,1.06,0.0,1.0,6.426308122314434e-05
Zoo8qhijf5Y,UCvU278VonkFgEvpKqRuZs1Q,nazfromqueens,2700.0,1.41,0.14,0.91,1.435,0.0,0.135,0.0,0.035,0.0,0.525,0.185,1.115,1.01,0.31,0.19,0.995,0.11,1.0,0.00040967714279754517
Zs6Gpbw29ZQ,UCTfHKQ9fbUEiStUAQEax7dw,,,,,,,,,,,,,,,,,,,,,
ZtFc9FT0N2c,UCVjTrw4vz5hpf-jwJzqy8Gg,Chubby Stick,255.0,,,,,,,,,,,,,,,,,,,0.0008193542855950903
ZvEL7DCJs5k,UCAv7YCgnRo86h7gOMMBf-GQ,GagaOOLala - Find YourStory,727000.0,0.8200000000000001,0.51,1.31,0.105,0.0,0.0,1.105,0.065,0.0,0.0,2.5,0.31,0.0,2.99,0.025,3.01,0.5700000000000001,1.0,0.0006554834284760723
ZvRGNzNuUx8,UC-UmKQ_TcbaUnwenqRudEiA,Seara Travels,90700.0,0.6366666666666667,0.085,0.8183333333333334,0.8666666666666667,0.0933333333333333,0.1,0.01,0.1966666666666666,0.36,0.2783333333333333,0.3883333333333333,0.8783333333333334,0.3266666666666666,0.2233333333333333,0.015,0.5583333333333333,0.3533333333333333,1.0,0.0006554834284760723
Zw9Cj-bT-5U,UCqlthGjbLIci7i3x2gk8P4Q,Nadir On The Go,539000.0,0.1133333333333333,0.1133333333333333,0.0,0.18,1.4666666666666668,1.5833333333333333,0.8333333333333334,1.21,1.2466666666666666,0.6699999999999999,0.1266666666666666,0.4599999999999999,0.08,0.3333333333333333,1.7566666666666668,1.21,0.0,0.0,0.0004682024489114802
ZwnCQ9UB2gM,UCBhnGs1nD_ixIGWkJUYkfRQ,Building the Philippines with Wilma & Greg,14200.0,,,,,,,,,,,,,,,,,,,0.0005462361903967269
ZwpVhNFsfPM,UC6Je3-ZV_x38NqQAxKiCCyQ,TabiEats,599000.0,0.65,0.21,0.0,0.0,0.49,0.9,0.91,1.78,0.23,0.0,0.2,0.0,0.0,0.0,2.68,1.07,1.32,0.0,0.0010924723807934538
Zx2f6g7x_FI,UCCgVh36x3hbuRnHMpwl443Q,Music Game News,1210000.0,,,,,,,,,,,,,,,,,,,8.193542855950904e-05
ZxL58tCcTOQ,UC6VT3Fhk2z3-4leoCoZpyPQ,Reação Imediata,169000.0,0.4833333333333334,0.0733333333333333,0.0,0.1166666666666666,0.0,0.0,0.2033333333333333,0.49,0.3366666666666666,0.6033333333333334,0.43,0.7933333333333333,0.3833333333333333,0.0,0.25,0.7200000000000001,0.6133333333333334,1.0,0.00021849447615869075
ZyHLNHQMlCg,UCP_y6xg3u3hF3pskXosMQyQ,Canadian In Philippines,17000.0,,,,,,,,,,,,,,,,,,,0.0002341012244557401
_0flcFZKaH8,UC-wNjA3exMjeJlEU5TvJ4Tw,Big Guy Appetite,298000.0,0.57,1.36,0.0,0.18,0.21,1.43,0.0,0.28,2.24,1.58,0.0,0.0,0.33,0.0,0.87,0.01,0.09,0.0,0.00040967714279754517
_1IE7uMo8iU,UCM31OXY_a1lrR2dSTOpeVkA,HeyoLeah,183000.0,0.53,0.62,0.0,0.48,0.93,1.78,0.66,0.0,1.84,0.0,0.17,0.0,0.66,0.0,2.76,1.37,0.25,0.0,0.0010924723807934538
_3hVuFqtGA8,UCYuOZy_oPeZL_1BdHxf-Y2Q,One Down,69600.0,0.8233333333333333,0.4733333333333333,0.1433333333333333,0.5533333333333333,0.2166666666666666,1.1466666666666667,0.3666666666666667,0.7233333333333333,0.7266666666666666,0.9733333333333332,0.1866666666666666,0.0,0.7166666666666667,0.0,0.8333333333333334,0.38,0.4233333333333333,1.0,0.00032774171423803616
_4SSzYOzkG0,UCWm__g4cPmX-umorqM8VfWw,Travel with Luke Damant,1620000.0,0.9066666666666666,0.0,0.13,0.5733333333333334,0.47,0.04,0.0533333333333333,0.9966666666666668,0.3066666666666667,0.38,1.356666666666667,0.57,0.5766666666666667,1.0266666666666666,0.79,0.11,0.1766666666666666,1.0,0.00027311809519836344
_5ZwLBjVJ30,UCPAz3hWHiBC-c1x4K0-atsg,Waleska Herrera,1230000.0,1.2175,0.5725,0.1125,1.27,0.2275,0.1999999999999999,0.0,0.7525,0.6025,0.615,0.39,0.3025,0.0725,0.0275,0.435,0.5325,0.3175,1.0,2.074314647076178e-05
_79OZZQRZN4,UC5NF_7WBa8OVDC0Xbs8yvOg,Japapino World ジャパピーノ,174000.0,1.2,0.0,1.18,0.0,0.185,0.82,0.07,0.905,0.47,1.08,0.325,0.85,0.785,0.04,0.165,0.0,0.585,1.0,0.00018207873013224228
_8WB6DhU0PE,UCcqMEET3JKUsN9RGnMPdiyg,WonderFull Company,7250.0,1.255,0.48,0.375,0.5950000000000001,0.265,0.525,0.0,0.13,0.555,0.925,0.27,0.8,0.945,0.115,0.515,0.915,0.74,1.0,0.0008193542855950903
_8Zl2WqkLkA,UCwmjQLxUeYS2qxpNH8cF0Rw,BossD3nnis,15000.0,,,,,,,,,,,,,,,,,,,0.0002521090109523355
_AWKKCUJnk0,UC-1ZY8bY46rX3ySgG3Qyn3g,Dany Dev,428000.0,2.69,2.86,0.0,3.11,0.19,1.02,0.0,0.96,0.88,0.73,0.65,0.85,0.72,0.0,0.9,0.72,0.0,2.0,0.0005462361903967269
_DWXlySq7p4,UCmXq0ZRIyR3eX9OhTrNHisA,Hobo Ventures ,19500.0,1.315,0.035,0.395,0.745,0.11,0.565,0.0,0.38,0.385,0.715,1.235,0.475,0.0,0.63,0.325,0.73,0.185,1.0,0.0005462361903967269
_DsfnSv_ATY,UCt9BTGSxATM6axwfTY4KnEg,A Foreigner in the Philippines,265000.0,,,,,,,,,,,,,,,,,,,5.462361903967269e-05
_E793opBr8A,UCM5PsLystlm5bVMk3kCA2DQ,Blessing’s React,22300.0,,,,,,,,,,,,,,,,,,,0.0008193542855950903
_GbBvDWLMn4,UCPAz3hWHiBC-c1x4K0-atsg,Waleska Herrera,1230000.0,0.515,0.72,0.1625,1.3575000000000002,0.3825,0.7675000000000001,0.6525000000000001,0.925,0.7450000000000001,0.2675,0.395,0.32,0.0525,0.0825,0.8525,0.8374999999999999,0.435,1.0,2.074314647076178e-05
_GiN0VZUEyA,UCQYkvXhPNaRxlu-jAI5_5Zg,LeRoc Living Our Life Philippines,1240.0,,,,,,,,,,,,,,,,,,,0.00010572313362517294
_GpDIW5r5uw,UC7fga_Kycp9z6pg5Yhx7R-w,Bisayang Hilaw,1050000.0,,,,,,,,,,,,,,,,,,,0.0004682024489114802
_HSQsi3Ol-Q,UC-Cf5_vTOtmN8tkR3Bs_TSg,Lazisoo,76200.0,1.65,1.68,2.22,1.3,0.0,0.81,0.65,1.0,0.01,0.0,0.0,0.75,0.0,0.0,0.31,0.54,0.0,2.0,0.0016387085711901807
_I8wNd_0Cng,UCT350j4u6alUKyF9eu2bGug,ABC10,450000.0,0.26375,0.12625,0.445,0.4225,0.8075,1.165,0.33875,0.63125,1.07,1.08375,0.27375,0.05875,1.0125,0.11375,0.76125,0.27125,0.08,1.0,0.0010924723807934538
_IjUsVx6WVg,UCQQyW9Ki62OmGzHedws7xlQ,Bianca & Beyond,142000.0,1.14,0.435,0.33,0.57,0.385,0.585,0.97,0.55,0.4,0.0,1.255,2.5,0.0,0.0,0.56,0.755,0.0,1.0,0.00010241928569938629
_Ix_PQ-EePU,UCQYkvXhPNaRxlu-jAI5_5Zg,LeRoc Living Our Life Philippines,1240.0,,,,,,,,,,,,,,,,,,,0.00010572313362517294
_KB5xVXcRUs,UCaGbxfCf3D4pwjR2kXTYhZg,D&J TV,21400.0,,,,,,,,,,,,,,,,,,,0.00040967714279754517
_L2Uqpw4MtU,UCVv-y0k91qAA-uI_K46UBvg,Dabble and Travel,583000.0,,,,,,,,,,,,,,,,,,,0.00013109668569521446
_M3ScFB7d8w,UCWzRbhclh3HeYPU3jkC_MWw,The Passport Couple,55800.0,3.14,1.02,2.24,4.61,0.0,1.68,1.13,1.21,0.0,0.0,1.86,0.11,0.2,0.0,2.67,0.0,0.0,2.0,0.0010924723807934538
_MRKWqd3L3w,UCXJryYh6xcW5iEeJGzK191A,CBS Miami,659000.0,0.0,0.0,0.12,0.095,1.525,1.405,0.625,1.25,1.62,0.055,0.0699999999999999,0.0,0.515,0.0,0.89,0.39,0.13,0.0,0.0010924723807934538
_NDGwUzXNFM,UCobYD8WgP3GPOqgvXF2Yy1w,Adam and Jane's Lifestyle,75500.0,0.595,0.0,0.445,0.5800000000000001,0.7849999999999999,0.46,0.57,0.58,0.58,0.0,0.405,0.0,0.0,0.25,0.95,0.0,0.285,1.0,6.827952379959086e-05
_NIcXlLGzmo,UCCz0biXWeNqw1zkVLs_I40A,Foodie Legends,2140.0,,,,,,,,,,,,,,,,,,,0.0005462361903967269
_NM4uI_ntX8,UCPAz3hWHiBC-c1x4K0-atsg,Waleska Herrera,1230000.0,0.5566666666666666,0.8233333333333333,0.3833333333333333,1.11,0.11,0.4466666666666667,0.51,0.83,0.6366666666666667,0.34,0.4066666666666667,0.0266666666666666,0.0,0.02,0.3799999999999999,0.3333333333333333,0.2033333333333333,1.0,2.074314647076178e-05
_N_a7oVNfrg,UCHk-j6L93O3JrxhA87H0oWQ,On Tour With Dridgers #OTWD,109000.0,1.605,2.44,0.215,2.51,0.86,1.115,0.135,1.5550000000000002,1.335,1.225,0.455,0.395,0.285,0.0,2.165,1.44,0.0,2.0,0.0008193542855950903
_NzvNZ-dMuA,UCEDrRCC0qRtPd5-sSa1hajw,The Endless Adventure,628000.0,0.89,0.03,0.0,0.61,1.8,0.74,1.04,1.51,1.36,0.1,0.0,0.0,0.0,0.05,2.07,1.08,0.0,0.0,0.0006554834284760723
_SqrtpMVLOc,UCPAz3hWHiBC-c1x4K0-atsg,Waleska Herrera,1230000.0,0.6307692307692307,0.4115384615384615,0.6246153846153847,1.0723076923076922,0.0815384615384615,0.2869230769230769,0.1515384615384615,0.2784615384615385,0.2553846153846154,0.2946153846153846,0.2953846153846153,0.2692307692307692,0.2330769230769231,0.053076923076923,0.6569230769230769,0.5576923076923077,0.2015384615384615,1.0,2.074314647076178e-05
_TI7w3rOAyg,UCVWSmD7gyvZv7fpcgF-oiCQ,Mirco Tere & Bella,165000.0,,,,,,,,,,,,,,,,,,,0.0004682024489114802
_U68ozbzkqg,UCRzBNJTsBe2rq6pkyXeaj1A,TriFate Lifestyle,161000.0,2.15,2.06,0.0,2.38,1.42,0.88,0.0,1.525,0.95,0.96,2.31,2.04,0.91,0.345,0.945,1.52,0.0,2.0,0.0001724956390726506
_UgMjYOmuZI,UCPAz3hWHiBC-c1x4K0-atsg,Waleska Herrera,1230000.0,0.9442857142857142,0.3228571428571428,0.7914285714285715,1.0342857142857145,0.3642857142857142,0.25,0.1928571428571428,0.722857142857143,0.7285714285714285,0.5214285714285715,0.4228571428571429,0.1028571428571428,0.52,0.0271428571428571,0.3842857142857143,0.06,0.4171428571428571,1.0,2.074314647076178e-05
_VyIplCMi4A,UC_hN8xs99S6jnMdYCuJgoJA,Pinoy Planet,97800.0,1.86,1.33,0.0,2.42,1.31,1.23,0.86,2.81,2.22,0.05,0.17,0.0,0.45,0.29,1.5,0.92,0.04,2.0,3.6015572993190784e-05
_WhpGoorhDE,UCrPo31V8wpuuCMseyzEDZMQ,The Hungry Syrian Wanderer,5200000.0,,,,,,,,,,,,,,,,,,,0.0004682024489114802
_XGyyuBHo0o,UCYY2mNcq7pv6IRW92JIT6DA,The Juicy Vlog,583000.0,0.57,0.0966666666666666,0.8466666666666666,0.4833333333333334,0.88,0.51,0.2766666666666666,0.86,1.0833333333333333,0.17,0.15,0.0,0.23,0.0,2.356666666666667,0.6133333333333334,0.0699999999999999,1.0,0.00014249639749479832
_YzEYbX8Ju0,UC3XwA9aaZdWfojyo9wKaFtw,Awesome World 어썸월드,1270000.0,0.32,0.0,0.3916666666666666,0.2633333333333333,0.5516666666666666,1.4633333333333336,0.475,0.7666666666666666,0.9516666666666668,0.2233333333333333,0.1116666666666666,0.03,0.3433333333333332,0.085,0.7399999999999999,0.63,0.0966666666666666,1.0,0.0016387085711901807
__MnmdBYVoc,UC-ec9E2-f7XstQMsJNc9ehw,Jack & Sophia Torr,275000.0,,,,,,,,,,,,,,,,,,,0.0010924723807934538
_aAeGztwbpw,UC7bjjCXpXx41KriftaL6Biw,Field of Visions,44900.0,0.6433333333333333,0.9466666666666668,0.0,3.0,0.4533333333333333,0.4599999999999999,0.17,0.86,0.8966666666666666,1.663333333333333,0.11,0.8133333333333334,0.6233333333333334,0.3166666666666666,0.93,1.12,0.0,2.0,0.0010924723807934538
_aE7MDvvfJc,UCoWQLZoPwn3mJ-oiPrwDpbA,Living abroad,163000.0,,,,,,,,,,,,,,,,,,,6.554834284760723e-05
_axaqyGbSmk,UCO6nDCimkF79NZRRb8YiDcA,Storied,1000000.0,3.3,1.28,2.24,0.28,0.0,0.0,0.0,0.0,0.0,1.92,0.13,0.07,0.0,1.07,0.11,0.0,0.0,2.0,0.0010924723807934538
_c4HJnpPJJM,UCl4I_ztLWgW8ybm9M0n1pyg,Nic & Rei,14700.0,0.87,0.59,0.0,0.0,1.25,2.03,0.0,1.06,1.99,1.03,0.0,0.2,0.12,0.06,0.43,0.12,0.68,0.0,0.00010572313362517294
_c_LJimQ1zg,UCryJ4vhASeu7uhXRPOL3WhA,What's up Philippines,311000.0,,,,,,,,,,,,,,,,,,,2.621933713904289e-05
_eGxfDkte9Y,UCPyi-4WfF63TJ95zKShawcw,itsKEVO,490000.0,1.97,0.0,0.62,1.46,0.15,0.0,0.76,1.25,0.88,1.09,0.6,1.77,0.0,0.3,1.07,0.41,0.45,1.0,0.0002341012244557401
_eeqXw2u67c,UCRzPUBhXUZHclB7B5bURFXw,Eater,3860000.0,,,,,,,,,,,,,,,,,,,0.00021849447615869075
_fIQurJlK-0,UCQQyW9Ki62OmGzHedws7xlQ,Bianca & Beyond,142000.0,0.98,0.83,0.0,0.55,0.0,0.0,0.0,0.0,0.0,0.0,0.13,0.0,0.0,0.0,0.0,0.0,0.0,1.0,0.00010241928569938629
_gpzeC-DjFw,UCzLY1mM_li78EGhtDztNt8Q,Filipina Petite,28900.0,,,,,,,,,,,,,,,,,,,0.0006554834284760723
_hFmYL8mBUg,UC2dn2ccv6YDVPWzbG9NrQCw,Kriz Thayn,315.0,,,,,,,,,,,,,,,,,,,0.0016387085711901807
_imBxendSy4,UCWjSwkIn2gGgETcZZYaO-6g,RETIRING IN PARADISE,17000.0,0.715,0.65,0.0,0.44,0.295,0.075,0.0,0.605,0.3,0.435,0.005,0.0,0.0,0.0,0.41,0.42,0.0,1.0,8.62478195363253e-05
_iwYr_FG9f8,UCi9mzS8H-ez_30w5SCL2dmw,JREKML,1210000.0,2.59,0.0,1.06,1.72,0.0,0.0,0.22,0.0,0.0,2.0,0.26,0.6,0.0,0.0,0.47,0.27,0.36,1.0,6.827952379959086e-05
_jiVtXsfupo,UCp0hYYBW6IMayGgR-WeoCvQ,TheEllenShow,38200000.0,1.2366666666666666,0.1833333333333333,1.02,1.0233333333333334,0.3266666666666666,0.6233333333333334,0.1466666666666666,0.8099999999999999,0.64,1.06,0.45,0.38,0.0,0.1933333333333333,0.4033333333333333,0.7666666666666666,0.0,1.0,0.0008193542855950903
_kIxo5o5w5Y,UCEOsP00dFUPSkLzEf12H3cA,T&A Travel Vlogs,3680.0,,,,,,,,,,,,,,,,,,,0.00036415746026448456
_kKm-OqzmWs,UCruAEhvRwMJ2oogDXdy8afQ,Arvie Chin,1200.0,2.73,0.9,0.55,1.88,2.13,3.83,0.76,0.84,1.28,0.6,0.89,0.37,3.32,0.99,0.76,0.0,0.0,0.0,0.0010924723807934538
_nJkaMeJESU,UCuNKAAuJjj6Rnqua8miiO8w,Loloy meets Hyojina횰로커플,219000.0,0.13,0.0,0.0,1.59,0.0,0.99,0.36,0.0,0.0,0.0,1.49,0.51,0.38,0.0,0.0,0.0,0.0,1.0,0.0008193542855950903
_o75JPAZM1c,UCPAz3hWHiBC-c1x4K0-atsg,Waleska Herrera,1230000.0,0.7766666666666667,0.3899999999999999,1.02,1.0366666666666668,0.2066666666666666,0.5399999999999999,0.0,0.53,0.69,1.4633333333333332,0.47,0.6633333333333333,0.7333333333333334,0.4200000000000001,0.61,0.59,0.99,1.0,2.074314647076178e-05
_oqTNpCNkWs,UC4F6cEecMl6nE7osq2ecxxA,Alexander Travelbum II,71900.0,,,,,,,,,,,,,,,,,,,0.0010924723807934538
_pKWT4ZcobQ,UCe5wLGScEw2VUiDP-zdBzpw,Joint Base Podcast,15100.0,1.42,0.38,1.285,0.0,0.855,2.065,0.765,1.95,0.83,0.0,0.475,1.345,0.72,0.43,0.0,0.18,0.0,1.0,0.0008193542855950903
_q5xGr3Hs04,UCpT17zbToGANwa8hcwYeG_w,Rafa & Aikah,11300.0,0.12,0.0,0.0,0.02,1.745,1.085,0.2,1.235,2.805,0.845,0.035,0.0,0.14,0.0,1.905,0.035,0.0,0.0,0.0010924723807934538
_qAiuve2Hus,UCe7op4W-6YKJOpsG9TOi2CA,Timeout with Dami,19500.0,,,,,,,,,,,,,,,,,,,0.0008193542855950903
_qWi95cDlAA,UCWWa-FFbxZY-Qm93YxdnpBA,Ginessa Nessy,40400.0,0.68,0.0425,0.1325,0.8125,1.3825,1.2875,0.4625,1.09,0.9975,0.5175,0.4475,0.3399999999999999,1.2575,1.1525,1.4500000000000002,0.645,0.0,1.0,0.0016387085711901807
_qZsmW5IW20,UCHHsLgcp82jsTUdULULDjbA,GoTime Travels,100000.0,1.62,1.31,0.0,0.78,1.14,1.87,0.0,3.97,2.64,1.79,0.45,0.0,0.76,0.0,2.08,0.0,0.36,0.0,0.0004682024489114802
_qoxcsCD7kw,UC_hN8xs99S6jnMdYCuJgoJA,Pinoy Planet,97800.0,0.0,0.0,4.0,0.0,0.0,0.0,1.53,0.0,0.0,0.0,0.5,0.36,0.0,0.0,0.0,0.11,2.14,1.0,3.6015572993190784e-05
_sR1cALLCVg,UCPNBc7ZRwmgk1I6j_lenAfw,The Love Train Nation,23900.0,0.0,0.0,0.0,0.0,2.53,1.07,0.0,1.81,2.5,1.76,0.66,0.98,0.89,0.0,0.87,0.07,0.0,0.0,0.00010924723807934537
_tTSdojGOtc,UCryJ4vhASeu7uhXRPOL3WhA,What's up Philippines,311000.0,,,,,,,,,,,,,,,,,,,2.621933713904289e-05
_uim6Fi53TU,UCoqGJPtvsPpALlhtqB1lcHA,Chris Lewis,1260000.0,,,,,,,,,,,,,,,,,,,0.0005462361903967269
_ximeemA3OI,UChIGU8b4l5cj6i5D9REsqdg,YouTube Fanfest ,4880000.0,0.9325,0.3125,1.4575,0.4525,0.28,0.6975,0.0,0.7025,0.8525,0.34,0.39,0.485,1.4525,0.01,0.4349999999999999,0.61,0.105,1.0,0.0006554834284760723
_xuMLlPPhtc,UCRzPUBhXUZHclB7B5bURFXw,Eater,3860000.0,2.05,2.89,0.0,1.92,0.52,0.0,0.0,0.0,1.24,0.55,0.0,0.0,0.05,0.03,1.97,1.22,0.0,2.0,0.00021849447615869075
a-lkM4TJwdQ,UC_nGEYgqzTuyFbHCZELMC2w,Merryjuj,11400.0,,,,,,,,,,,,,,,,,,,0.00011301438422001247
a0Yr4CejPXg,UCuBgQMllxvxKLuABHZlV5KA,RELL 🕺🏽,446000.0,0.5066666666666667,0.4433333333333333,0.0033333333333333,0.75,0.9066666666666666,0.7233333333333333,0.13,0.8666666666666667,0.45,1.2833333333333334,0.15,0.2633333333333333,0.0033333333333333,0.0,1.0599999999999998,0.2833333333333333,0.0,1.0,0.00036415746026448456
a1Pd3XPaAuE,UCatYGXWCXRt_0XLLKv1hkUw,Always Be Changing,501000.0,0.685,0.0033333333333333,0.1083333333333333,1.0983333333333334,0.4933333333333333,0.43,0.1366666666666667,1.1483333333333334,0.955,0.7983333333333333,0.3216666666666667,0.84,0.5416666666666666,0.3516666666666666,0.6983333333333333,1.085,0.445,1.0,0.0002341012244557401
a1g3kt4XLfo,UCxBWeubuZrc8sQE_bXytgUQ,Justin & Alina,138000.0,0.0,0.0,0.1,0.0,0.895,0.55,0.055,0.8800000000000001,2.115,1.06,0.0,0.0,0.18,0.0,1.81,0.525,0.0,0.0,0.00013655904759918172
a1jF-AokfCQ,UCwtnkRZcvL4bfopzJ-Von8Q,merrelltwins,6220000.0,1.0725,0.3,0.6725,0.3025,0.5974999999999999,1.4575,0.5175,0.7,0.55,0.4075,0.0525,0.0,0.5275,0.1325,0.7925,0.7274999999999999,0.04,1.0,0.0006554834284760723
a5cK154znmQ,UCnpnhxcQT-97-otlG4XUqCQ,Filipina Life with Mia,26600.0,,,,,,,,,,,,,,,,,,,0.0016387085711901807
a7_MFtNKfHc,UCdkq517IaeUcnG5CIiFX9RA,Shin Smith,36200.0,,,,,,,,,,,,,,,,,,,0.00010241928569938629
a8kwJYMSyFI,UCSvaH7DbguYJcp8PHTTv1Zw,Bigg World Cinema,34000.0,0.72,0.0,0.355,0.24,1.42,2.055,1.15,0.495,0.31,1.16,0.445,0.35,0.8799999999999999,0.14,0.315,0.3349999999999999,1.005,1.0,0.00019278924366943303
a9PyRuEJlbM,UCMY6vXA3cYbUuSf4zYmTwIQ,BookwormHead,2850.0,0.95,0.98,0.0,0.22,0.0,0.0,0.0,0.0,0.36,0.08,0.17,0.0,0.0,0.12,0.0,0.0,0.0,1.0,0.0006554834284760723
a9ss9hxdc_g,UCAUgY9e_n2DhyZTgvPRoJnQ,TriFate Geo,171000.0,1.885,2.565,0.085,2.19,0.0,0.0,0.0,0.1649999999999999,0.14,0.065,0.06,0.0,0.0,0.0,1.54,0.19,0.04,2.0,6.426308122314434e-05
aA8hpFdp8rk,UCRWyeNqc6IugffUVueM4sDw,Travel Man Today,29900.0,0.21,0.0,0.0,0.0,0.72,0.93,1.19,1.35,1.53,2.14,0.0,0.0,0.32,0.0,0.54,0.11,0.03,0.0,0.0016387085711901807
aBBKBpmtfTU,UCCc0WJjvRZto3I7qlPzoWUA,Liza Quin,194000.0,0.335,0.0,0.76,0.0,1.99,1.38,1.285,2.06,2.02,1.62,0.3,0.0,0.375,0.165,2.815,1.365,1.32,0.0,0.0006554834284760723
aDAR65Fcp7E,UCuDAPedRN3STOhhHu6v7Xxg,1tsmeZeus,322.0,0.7,0.0,1.45,0.1,0.05,0.08,0.39,0.48,1.23,1.86,0.0,0.64,0.42,0.03,0.03,0.0,0.25,1.0,0.0008193542855950903
aDMij0Q5trA,UCWjSwkIn2gGgETcZZYaO-6g,RETIRING IN PARADISE,17000.0,2.08,0.05,0.39,1.52,1.32,2.69,0.0,0.98,1.13,0.34,1.46,0.5,1.61,0.0,0.0,0.0,0.02,1.0,8.62478195363253e-05
aDQQVIQowL0,UCt9BTGSxATM6axwfTY4KnEg,A Foreigner in the Philippines,265000.0,,,,,,,,,,,,,,,,,,,5.462361903967269e-05
aFsqqv6Hy8k,UCravC7dPHG83M4LP4SYpXvg,Spencer & Kristy,11000.0,,,,,,,,,,,,,,,,,,,0.0010924723807934538
aHXJvqCqhyc,UCPAz3hWHiBC-c1x4K0-atsg,Waleska Herrera,1230000.0,0.6,0.3142857142857143,0.6228571428571428,0.8200000000000001,0.33,0.51,0.27,0.6185714285714285,0.38,0.5057142857142857,0.2485714285714285,0.2757142857142857,0.1457142857142857,0.0,0.5242857142857142,0.5157142857142857,0.0,1.0,2.074314647076178e-05
aIOMYGTHqqA,UC7HxIb6bY4-ymtAOS_MGsOw,VI3ION,606000.0,0.0,0.29,1.29,2.54,0.0,0.0,0.0,0.0,0.0,0.0,0.0,0.0,0.0,0.0,1.37,1.7,0.0,1.0,0.0001560674829704934
aJ3H99d41l0,UC3dRoIz2ld-8iAHvQMa4iAA,Melanie Guintu,17500.0,0.3,0.0,0.0,0.05,2.56,2.16,0.0,3.01,3.0,2.62,0.0,0.0,0.88,0.0,2.49,0.0,0.0,0.0,0.0010924723807934538
aJKIYEvF8u8,UCP_y6xg3u3hF3pskXosMQyQ,Canadian In Philippines,17000.0,,,,,,,,,,,,,,,,,,,0.0002341012244557401
aKAUrBBUfhU,UCIXF5imRgt4znbMthMfTo3Q,Princess Pat,5800.0,,,,,,,,,,,,,,,,,,,0.0016387085711901807
aLXp5M1mdoo,UCye4j_cBvIj3GdIlkDZKOGw,LaterTofuEats,28800.0,0.92,1.255,0.0,0.085,0.13,0.49,0.0,0.205,0.3,0.0,0.775,0.21,0.27,0.055,0.16,0.16,0.495,1.0,0.0010924723807934538
aNTEtfr81E4,UCPNBc7ZRwmgk1I6j_lenAfw,The Love Train Nation,23900.0,2.16,0.21,1.03,1.4,0.0,0.76,0.0,0.8,0.0,0.0,2.15,0.37,0.0,1.67,0.15,0.77,0.6,1.0,0.00010924723807934537
aPgwD05HHKE,UCvZYC01eWj-ftzwRIWhPS_w,Off to Bliss,468.0,0.0,0.0,0.0,0.0,0.68,0.1,0.74,0.19,0.13,1.1,0.53,2.23,2.17,0.43,0.0,0.0,0.0,1.0,0.0006554834284760723
aRVWwPgSOkk,UCUI4T7riAxLPSV4htxMFLqw,Robyn Kimberly,135000.0,0.57,1.59,0.0,0.0,0.5,1.11,0.39,0.0,0.78,0.0,0.0,0.0,0.0,0.0,1.99,1.37,0.0,1.0,0.0008193542855950903
aRhLGffqjgk,UCi9mzS8H-ez_30w5SCL2dmw,JREKML,1210000.0,2.02,0.43,1.23,0.75,0.92,3.52,1.14,1.36,0.0,0.0,0.71,0.0,0.0,0.0,2.19,1.68,0.47,0.0,6.827952379959086e-05
aSvGcCDoVt0,UCQQyW9Ki62OmGzHedws7xlQ,Bianca & Beyond,142000.0,0.0,0.0,0.0,2.62,0.71,0.0,0.08,0.78,0.41,0.0,0.0,0.0,0.0,0.0,0.0,0.0,0.0,1.0,0.00010241928569938629
aTiISTBaLkg,UCSjiVW9NV-mcJJ1t6RbMh7A,Down Under Visa,2650.0,,,,,,,,,,,,,,,,,,,0.00014249639749479832
aW1C2JvSSHg,UCdJAmuo-KkgcJvSoQjPxAWg,Ash and Kels,32200.0,1.14,0.0,0.69,0.07,1.965,3.225,0.76,1.875,2.03,0.6950000000000001,0.285,0.445,0.255,0.34,1.245,0.285,0.105,0.0,0.00032774171423803616
aW91mGf5Wqk,UCo5IPeTfhzXzzNB64ALUSUw,The Demouchets REACT,182000.0,,,,,,,,,,,,,,,,,,,0.00018207873013224228
aWZn_t9j6YA,UC1Vtf3OTZatknIne-a-5LKg,AlixGrace ,2990.0,,,,,,,,,,,,,,,,,,,0.0008193542855950903
aYJ0w1ZQfYg,UC9Ic007Q-wRpbW0DGLPWAgg,Brock in the World,5470.0,,,,,,,,,,,,,,,,,,,0.0010924723807934538
aYc5vE28Big,UC7HxIb6bY4-ymtAOS_MGsOw,VI3ION,606000.0,1.11,0.77,0.335,1.62,0.0,0.0,0.0,0.595,0.565,0.0,0.0,0.0,0.225,0.0,1.5950000000000002,2.08,0.0,2.0,0.0001560674829704934
aYxT9tCrADc,UCbn5xzRrAOY9DWJlbyPBsvg,Joel and Emilia,257000.0,,,,,,,,,,,,,,,,,,,0.00040967714279754517
a_nHmORJuW0,UCoWQLZoPwn3mJ-oiPrwDpbA,Living abroad,163000.0,,,,,,,,,,,,,,,,,,,6.554834284760723e-05
abYIe3yt2E8,UCPAz3hWHiBC-c1x4K0-atsg,Waleska Herrera,1230000.0,0.69,0.9566666666666668,0.6166666666666667,2.37,0.3933333333333333,0.2933333333333333,0.4266666666666667,0.0666666666666666,0.03,0.2733333333333333,0.2533333333333333,0.1966666666666666,0.2366666666666666,0.0366666666666666,0.5433333333333333,1.1733333333333331,0.0,1.0,2.074314647076178e-05
acKZvccZpiI,UCryJ4vhASeu7uhXRPOL3WhA,What's up Philippines,311000.0,,,,,,,,,,,,,,,,,,,2.621933713904289e-05
acp-2bET9Tk,UCPAz3hWHiBC-c1x4K0-atsg,Waleska Herrera,1230000.0,0.345,0.175,0.0,1.0325,0.3075,0.27,0.0,0.4475,0.695,0.4175,0.0,0.235,0.1225,0.0975,1.0699999999999998,0.47,0.225,1.0,2.074314647076178e-05
affyMammfp4,UCQQyW9Ki62OmGzHedws7xlQ,Bianca & Beyond,142000.0,0.38,0.16,0.145,0.38,0.92,0.585,0.77,0.18,0.19,0.345,1.37,0.17,0.6699999999999999,0.3,0.59,1.67,0.0,1.0,0.00010241928569938629
afsIRMFQR3U,UCobYD8WgP3GPOqgvXF2Yy1w,Adam and Jane's Lifestyle,75500.0,0.66,0.2033333333333333,0.9333333333333332,0.8533333333333334,1.3666666666666665,2.3866666666666667,0.7133333333333333,1.2966666666666666,0.7200000000000001,0.1466666666666666,0.9433333333333334,1.106666666666667,0.2166666666666666,0.97,0.7200000000000001,0.9666666666666668,0.0,1.0,6.827952379959086e-05
ag1cLigOqas,UCryJ4vhASeu7uhXRPOL3WhA,What's up Philippines,311000.0,,,,,,,,,,,,,,,,,,,2.621933713904289e-05
agJmf_4RkHQ,UCinjnmQEwCddOudyCC1v7qA,KTLA 5,1350000.0,,,,,,,,,,,,,,,,,,,0.0010924723807934538
aiF84sKG90U,UCLwXLrLjw0bvnk1eGQBNJmg,Mac n Teens,24300.0,1.2,1.85,0.275,0.46,0.245,0.5549999999999999,0.135,0.455,2.44,0.29,0.055,0.415,0.0,0.115,1.89,1.835,0.485,2.0,0.0006554834284760723
aiWO5CxPUXk,UCobYD8WgP3GPOqgvXF2Yy1w,Adam and Jane's Lifestyle,75500.0,1.0125,0.4275,0.28,1.9625,1.38,0.78,0.295,1.265,1.5375,0.7725,0.0325,0.2475,0.3425,0.19,1.315,0.3575,0.0,0.0,6.827952379959086e-05
aj6yPs9Z5sc,UC_hN8xs99S6jnMdYCuJgoJA,Pinoy Planet,97800.0,0.0,0.0,0.05,0.0,2.67,3.65,1.05,2.07,2.2,1.18,0.0,0.0,0.37,0.9,2.45,0.0,0.0,0.0,3.6015572993190784e-05
aj7o4FXVsFE,UC5Z-B5tHlqN6jho5_1BYdXg,KorPinay Family,29600.0,,,,,,,,,,,,,,,,,,,0.0010924723807934538
alFcZ3YZSig,UCRN5aoMVbZgaFrzqwUqMyWw,Isla Pamilya,50900.0,0.41,0.0,0.59,0.5066666666666667,0.48,0.7733333333333333,1.2366666666666666,1.0166666666666666,0.5433333333333333,0.8099999999999999,1.4500000000000002,1.6666666666666667,0.0,0.0999999999999999,0.95,0.27,0.0,1.0,0.0016387085711901807
alXi7ylcI14,UCryJ4vhASeu7uhXRPOL3WhA,What's up Philippines,311000.0,,,,,,,,,,,,,,,,,,,2.621933713904289e-05
amMgWUW2zS0,UCiEnP3H6iYm_weynPgA-0mQ,Becca's Shoppe,108.0,,,,,,,,,,,,,,,,,,,0.0016387085711901807
anOwLiXRa5w,UCxBWeubuZrc8sQE_bXytgUQ,Justin & Alina,138000.0,0.0,0.0,0.24,0.14,1.565,2.095,1.105,2.45,1.89,2.005,0.015,0.0,0.435,0.0,2.685,0.3399999999999999,0.0,0.0,0.00013655904759918172
anSOkTr4ugk,UCTPxMCyJyYGF6H0eBhOvgsA,Pinay mom's blogs,7390.0,0.0,0.0,0.305,0.06,0.0,0.0,0.26,0.035,0.675,0.115,0.47,0.7,0.0,0.25,0.0,0.0,0.21,1.0,0.0001724956390726506
apd8JY86i4s,UCkocmrlkySgOdt9RYamw6dQ,Tal Oran Clips ,13300.0,1.105,0.4,0.76,1.7950000000000002,0.285,1.085,0.895,0.675,0.225,0.0,1.48,0.42,0.0,0.36,0.0,0.715,0.0,1.0,0.0016387085711901807
apfF4AzYE0Q,UCKMU-I4eYw-D9QF1YdUMUlw,Calvin Castiel,207000.0,,,,,,,,,,,,,,,,,,,0.0001489735064718346
asVHaM9QXzQ,UC_hN8xs99S6jnMdYCuJgoJA,Pinoy Planet,97800.0,0.0,0.0,1.3,0.0,2.0,2.12,1.32,1.72,1.98,1.87,0.0,0.0,0.0,0.12,1.59,0.0,0.0,0.0,3.6015572993190784e-05
asu08Wn49HE,UCzfEqx1_-zs2xUUzI3jVRSg,FinnSnow,541000.0,,,,,,,,,,,,,,,,,,,0.00016387085711901808
atMwIFVnrnk,UCSjiVW9NV-mcJJ1t6RbMh7A,Down Under Visa,2650.0,,,,,,,,,,,,,,,,,,,0.00014249639749479832
ata_KjyCz4M,UCtAkYahXNSJ8RVOil0O_Rnw,Captain Steve,55500.0,0.82,0.0,0.19,0.0,0.87,0.0,0.0,0.9,1.16,0.0,1.25,1.79,2.52,0.55,0.22,1.05,0.0,1.0,0.0016387085711901807
atnu-6Av7KQ,UC3V5_2DFqamGSrzYPg-Wggw,Hey Joe,615.0,,,,,,,,,,,,,,,,,,,0.0005462361903967269
auC65HEaRQI,UCAUgY9e_n2DhyZTgvPRoJnQ,TriFate Geo,171000.0,0.605,0.36,0.3075,0.2274999999999999,2.2625,2.28,0.65,1.9725,2.14,0.8425,0.11,0.1,0.0,0.1,1.7925,0.03,0.1075,0.0,6.426308122314434e-05
avVOKbL4dpI,UC9DwgmJc-uKnxGavukOy_6w,Aaron Around,9540.0,0.445,0.0,0.0,0.205,1.08,2.295,0.375,0.65,0.83,0.77,0.79,0.67,0.375,0.445,0.42,0.185,0.4499999999999999,1.0,0.00016387085711901808
ax27NUdQQz8,UCmw9oO138A4WRUbOZyUGhHA,The Hungry Syrian Family,1440000.0,,,,,,,,,,,,,,,,,,,0.0006554834284760723
b-b-n3jj9Zk,UCryJ4vhASeu7uhXRPOL3WhA,What's up Philippines,311000.0,,,,,,,,,,,,,,,,,,,2.621933713904289e-05
b0Sd5upIc6o,UC0NGOXcSHs4Jq6FDpIYWkJA,Życie na Filipinach - Rafał Baran,73600.0,,,,,,,,,,,,,,,,,,,0.0006554834284760723
b21dwnHHSig,UC5wQUM_uqQ6bo6zxvEG6QJw,Proudly Nomadic,12000.0,0.365,0.0,0.0,0.57,2.7350000000000003,0.755,0.225,1.295,1.88,0.0,0.045,0.0,0.24,0.085,1.41,0.0,0.0,0.0,0.0002341012244557401
b2BiKjTyqII,UCO5Jeark1e_JP36mY3ua19g,The Commodity,98300.0,1.596666666666667,0.0866666666666666,0.7999999999999999,0.2533333333333333,0.6233333333333334,0.6633333333333334,0.5233333333333333,1.1866666666666668,0.63,1.49,0.3333333333333333,0.0066666666666666,0.5766666666666667,0.04,0.82,0.7866666666666666,0.0733333333333333,1.0,6.18380592901955e-05
b2OS-bv_9ts,UCQ3i4wFECsKSLp8_9y-BkgA,Dustin Backpacks,160000.0,0.94,0.0,0.0,2.06,0.0,0.0,0.0,0.0,0.0,0.0,1.23,2.11,0.0,0.16,0.0,1.08,0.0,1.0,0.00040967714279754517
b4CKtc5lKNM,UC1Vtf3OTZatknIne-a-5LKg,AlixGrace ,2990.0,,,,,,,,,,,,,,,,,,,0.0008193542855950903
b4lIezLc0ZY,UCrS31AtZaU_1ZxpGt9PPvWA,Happy Hour with Oli,650.0,1.05,0.0,1.21,1.21,0.0,3.4,0.0,0.0,0.0,0.0,1.2,0.26,0.0,0.0,0.87,0.0,0.14,1.0,0.0016387085711901807
b5tDEbQggXM,UCU03NklypYW1AAIoNE2Vh1g,Jeanelleats,1900000.0,,,,,,,,,,,,,,,,,,,0.0002341012244557401
b6qUzEN6--g,UC7HxIb6bY4-ymtAOS_MGsOw,VI3ION,606000.0,0.0,0.0,2.2,2.51,0.0,0.0,0.0,0.0,0.0,0.0,0.0,0.0,0.0,0.0,1.2,1.32,0.0,1.0,0.0001560674829704934
b7Who3YUfzE,UClC88Hwf0c115jFj-fhVj2A,Kano Harry,3930.0,,,,,,,,,,,,,,,,,,,0.00020483857139877258
b9oguyK0IPQ,UCguRKiLcbY9yIG9fxmd9BuQ,Nicole and Mico,82000.0,1.365,0.94,0.87,0.5249999999999999,2.365,1.94,1.095,2.29,2.395,1.075,0.0,0.0,0.155,0.0,2.135,0.785,0.015,0.0,0.00040967714279754517
bAn0qP3BHcI,UCZ30twqmPtR7YYim3D3J7LQ,Мемоарите на една мечта,3530.0,1.1775,0.055,0.5925,0.3875,1.34,0.0425,0.33,0.9125,1.295,1.0175,0.155,0.0875,1.2174999999999998,0.1124999999999999,1.1625,0.065,0.11,1.0,0.0005462361903967269
bB-WXYd-KM4,UC2xL9lM-JAxfDKdq6v1FOeQ,DaGrapes,8940.0,,,,,,,,,,,,,,,,,,,0.0010924723807934538
bBET4ReZWME,UCKMU-I4eYw-D9QF1YdUMUlw,Calvin Castiel,207000.0,,,,,,,,,,,,,,,,,,,0.0001489735064718346
bC0eqpysh-k,UCoWQLZoPwn3mJ-oiPrwDpbA,Living abroad,163000.0,,,,,,,,,,,,,,,,,,,6.554834284760723e-05
bCyhP-OagTg,UCWk9ho4wXA43KZvxE58WSXg,Steven Banamu,14500.0,,,,,,,,,,,,,,,,,,,0.0006554834284760723
bDhhBLga2I0,UCl4I_ztLWgW8ybm9M0n1pyg,Nic & Rei,14700.0,0.0,0.0,0.215,0.92,0.7799999999999999,1.95,0.055,1.52,1.58,0.305,0.26,0.0,0.275,0.29,1.24,1.505,0.0,0.0,0.00010572313362517294
bGf09p0olOE,UCt9BTGSxATM6axwfTY4KnEg,A Foreigner in the Philippines,265000.0,,,,,,,,,,,,,,,,,,,5.462361903967269e-05
bGpXVxq_7iU,UColnnUYyz7CWjhzpF1kASnw,NOW UNITED,7970000.0,0.8859999999999999,0.1,0.0,0.364,1.174,0.836,0.208,0.65,1.146,0.6,0.104,0.098,0.714,0.176,0.492,0.0,0.36,1.0,0.00019278924366943303
bH_TiXuz5ng,UC5NF_7WBa8OVDC0Xbs8yvOg,Japapino World ジャパピーノ,174000.0,0.4,0.0,1.105,0.545,1.545,0.765,0.105,1.7399999999999998,2.51,0.78,0.0,0.0,0.5900000000000001,0.0,2.695,0.0,0.595,0.0,0.00018207873013224228
bHa9LfG38bA,UCPAz3hWHiBC-c1x4K0-atsg,Waleska Herrera,1230000.0,0.355,0.0,0.155,0.1825,1.6625,0.87,0.3075,1.685,2.2225,1.05,0.0275,0.0,0.545,0.06,1.9575,0.4825,0.21,0.0,2.074314647076178e-05
bJHVULK8pAs,UCi9mzS8H-ez_30w5SCL2dmw,JREKML,1210000.0,,,,,,,,,,,,,,,,,,,6.827952379959086e-05
bJLNegQonAY,UC6I1pNKRkHzFQhjxH83uaQg,Emy & Johan in the Philippines,29000.0,,,,,,,,,,,,,,,,,,,0.0005462361903967269
bJW0DRu1U3Y,UCxGWrltVGIR3kAK2VsEvc_Q,Rita and Pedro,5240.0,,,,,,,,,,,,,,,,,,,0.0010924723807934538
bJyXT6HK7Us,UCxXBZJLc5qGH8xXqbviQ2hQ,Lost and Jetlagged,6390.0,1.17,0.2466666666666666,0.3633333333333333,0.8533333333333334,0.1866666666666666,0.3333333333333333,0.4266666666666667,0.7866666666666667,0.5066666666666667,0.5766666666666667,1.6833333333333331,1.1333333333333333,0.0,1.6666666666666667,1.2100000000000002,1.88,0.0,1.0,0.0008193542855950903
bKCr62Dk7Us,UCflE-QMT5V5l74ivZ50jzIg,Grace Kim,35700.0,2.42,2.17,0.0,3.59,0.0,0.59,0.0,0.0,0.0,0.0,0.74,0.0,0.0,0.0,0.0,0.0,0.0,2.0,0.0010924723807934538
bKqurWYev2U,UCam1q_TN5QauJdk07T0bteA,Samantha Lisa ,102000.0,,,,,,,,,,,,,,,,,,,0.0004682024489114802
bLo1sQ56oZQ,UCryJ4vhASeu7uhXRPOL3WhA,What's up Philippines,311000.0,,,,,,,,,,,,,,,,,,,2.621933713904289e-05
bOyMWEtlGC0,UCryJ4vhASeu7uhXRPOL3WhA,What's up Philippines,311000.0,,,,,,,,,,,,,,,,,,,2.621933713904289e-05
bPUI6knEB7w,UCO5Jeark1e_JP36mY3ua19g,The Commodity,98300.0,0.6699999999999999,0.0,0.28,1.27,0.6366666666666667,0.4866666666666666,0.42,0.7966666666666667,0.17,0.8266666666666667,1.7233333333333334,1.2033333333333334,1.0,0.82,0.6166666666666667,0.3433333333333333,0.0,1.0,6.18380592901955e-05
bPmYS3LC01w,UCNZyLULUQBp5e9Q1cKtvk6Q,CBS New York,1130000.0,,,,,,,,,,,,,,,,,,,0.0006554834284760723
bQBVLIkzcrw,UCaGbxfCf3D4pwjR2kXTYhZg,D&J TV,21400.0,,,,,,,,,,,,,,,,,,,0.00040967714279754517
bQdfoCTjU7E,UCYY2mNcq7pv6IRW92JIT6DA,The Juicy Vlog,583000.0,1.4233333333333331,0.1566666666666666,0.2833333333333333,0.15,0.3666666666666667,1.0266666666666666,0.4666666666666666,1.58,0.7733333333333333,1.0433333333333332,0.5666666666666667,0.2733333333333334,0.61,0.0,1.7933333333333337,0.6633333333333333,0.2066666666666666,1.0,0.00014249639749479832
bRLJhD0Js5U,UC24QUYgHDRVPq-CqzDAXDcQ,Rob Wanders,23700.0,1.18,0.94,0.18,0.345,0.73,1.4449999999999998,0.405,1.375,0.245,0.79,0.5900000000000001,0.82,1.14,0.28,0.48,1.025,0.0,1.0,0.0008193542855950903
bSaPw3r8lkc,UC8fwExOkHg0_fX_XJcR31NA,Harry Jaggard,2530000.0,0.5266666666666667,0.2333333333333333,0.2666666666666666,0.24,0.5766666666666667,1.0799999999999998,0.32,0.8366666666666666,0.4266666666666667,0.8300000000000001,0.06,0.29,0.6900000000000001,0.1733333333333333,0.58,0.3799999999999999,0.2866666666666667,1.0,0.0008193542855950903
bSzr04ae_Jg,UCe5u7x4NJQieXeijNCMmbOg,The Singhs TV,3220.0,,,,,,,,,,,,,,,,,,,0.0016387085711901807
bTLMJvuPbZc,UC_hN8xs99S6jnMdYCuJgoJA,Pinoy Planet,97800.0,1.92,2.51,0.0,3.19,0.57,1.95,0.0,2.07,2.14,0.94,0.37,0.0,0.62,0.33,1.95,0.0,0.0,2.0,3.6015572993190784e-05
bV6nCPRX5XU,UCKMU-I4eYw-D9QF1YdUMUlw,Calvin Castiel,207000.0,,,,,,,,,,,,,,,,,,,0.0001489735064718346
bW_WaXqlE9Q,UCqz1WM1LPEP_nkMMYeEyBVQ,We Wander,35000.0,,,,,,,,,,,,,,,,,,,0.0006554834284760723
baIR7eMg5Ug,UC_hN8xs99S6jnMdYCuJgoJA,Pinoy Planet,97800.0,0.0,0.0,0.56,0.0,2.15,2.62,0.6,2.03,2.29,1.92,0.0,0.0,0.09,0.33,1.59,0.0,0.0,0.0,3.6015572993190784e-05
bbHLfaq8LzQ,UCYr4VTQfBpXrccQw_H2S8RA,JUICY REACTS,318000.0,1.645,1.065,0.825,1.13,0.0,0.0,0.345,0.075,0.0,0.0,0.33,0.785,0.465,0.155,1.03,1.45,0.685,2.0,0.00012138582008816153
bbkUGFFjX_c,UCBSVopSgHJar0vGaaDuxZGw,The Canadian Traveller,1630.0,0.0,0.0,0.86,0.0,1.455,2.12,0.6,0.89,1.335,0.6,0.33,0.825,1.25,0.22,0.6699999999999999,0.8300000000000001,0.0,0.0,0.0008193542855950903
bczHb_J9wVU,UCKMU-I4eYw-D9QF1YdUMUlw,Calvin Castiel,207000.0,,,,,,,,,,,,,,,,,,,0.0001489735064718346
bfn9tndD9iM,UC_hN8xs99S6jnMdYCuJgoJA,Pinoy Planet,97800.0,2.48,1.67,0.0,2.15,0.0,0.0,0.0,0.0,0.0,0.0,0.0,0.0,0.02,0.0,1.9,0.07,0.0,2.0,3.6015572993190784e-05
biJBN1vOIDA,UCAUgY9e_n2DhyZTgvPRoJnQ,TriFate Geo,171000.0,0.725,0.52,0.0,2.76,0.865,0.69,0.0,1.345,1.585,0.16,0.0,0.0,0.085,0.19,1.215,0.255,0.0,2.0,6.426308122314434e-05
bi__9Vzhnc4,UCi9mzS8H-ez_30w5SCL2dmw,JREKML,1210000.0,,,,,,,,,,,,,,,,,,,6.827952379959086e-05
bj4tLSZnIqM,UC_hN8xs99S6jnMdYCuJgoJA,Pinoy Planet,97800.0,1.3,2.62,0.0,2.67,0.74,2.2,1.44,1.83,1.81,1.25,1.36,0.0,0.0,3.63,4.77,1.65,0.0,2.0,3.6015572993190784e-05
bkjKixwujk0,UCmXq0ZRIyR3eX9OhTrNHisA,Hobo Ventures ,19500.0,2.74,1.53,0.4,1.01,0.69,0.7,0.0,1.82,1.16,0.0,0.0,0.0,1.09,0.0,2.26,2.33,0.19,2.0,0.0005462361903967269
bksKSfElfX0,UCoWQLZoPwn3mJ-oiPrwDpbA,Living abroad,163000.0,,,,,,,,,,,,,,,,,,,6.554834284760723e-05
blgx0OxEuiM,UCu2VsQol474IboUn1DHIoqA,TK Top Travel,53200.0,,,,,,,,,,,,,,,,,,,0.0010924723807934538
bmXbtVaYFQ8,UC_nGEYgqzTuyFbHCZELMC2w,Merryjuj,11400.0,,,,,,,,,,,,,,,,,,,0.00011301438422001247
bnPKPdfgGKE,UC_nGEYgqzTuyFbHCZELMC2w,Merryjuj,11400.0,,,,,,,,,,,,,,,,,,,0.00011301438422001247
bqO6iZcLrv4,UCzjxQJtI4GqGaBwFagqv1AQ,Shev and Dev,560000.0,0.1399999999999999,0.0,0.0,0.775,1.175,2.47,0.28,1.205,1.595,1.21,0.025,0.0,0.045,0.04,1.89,0.945,0.0,0.0,0.00036415746026448456
bsTb5vMw1dQ,UC40tCi6qlNr-WS37JQSrSUQ,Travelwithchris,695000.0,1.27,0.8600000000000001,0.11,1.23,0.47,2.46,0.92,0.74,0.62,0.8400000000000001,1.085,0.8049999999999999,0.37,0.575,0.49,0.0,0.155,1.0,0.0008193542855950903
bssydiJg8LI,UCiXAAaqS9py7TzHzQ9A5Ftg,Trending Ni Andres,128000.0,,,,,,,,,,,,,,,,,,,0.0006554834284760723
bsuiRiyjFPY,UCravC7dPHG83M4LP4SYpXvg,Spencer & Kristy,11000.0,,,,,,,,,,,,,,,,,,,0.0010924723807934538
btEYK52Dwsc,UCmJLkX-7JLWZAf3o2In6Srg,Meet Jacky,79400.0,0.53,0.0,0.915,0.0,2.105,2.54,0.765,2.26,2.035,0.735,0.36,0.285,0.875,0.0,1.855,0.77,0.8150000000000001,0.0,0.0006554834284760723
bwQ1ifGRKGY,UCCc0WJjvRZto3I7qlPzoWUA,Liza Quin,194000.0,1.01,0.49,0.6733333333333333,0.0333333333333333,0.65,0.4133333333333333,0.5366666666666667,1.11,1.1,0.21,0.0,0.0,0.2633333333333333,0.0,2.4166666666666665,0.66,0.7733333333333333,1.0,0.0006554834284760723
bwp3C1HRCzk,UCO5Jeark1e_JP36mY3ua19g,The Commodity,98300.0,0.5377777777777778,0.1944444444444444,1.002222222222222,0.3822222222222222,0.7344444444444445,0.96,0.5855555555555556,0.5011111111111111,0.6244444444444445,0.9233333333333332,0.5466666666666666,1.0844444444444443,0.7755555555555556,0.26,0.5055555555555555,0.5211111111111111,0.4944444444444444,1.0,6.18380592901955e-05
bxU3BHbt4ZY,UCf8njWwyxdHr0q9Fg8mFmRQ,JoshuaSalom,1050000.0,0.37,0.05,0.0,0.22,1.68,2.29,0.0,1.45,1.65,0.64,1.17,0.97,2.98,0.0,1.54,1.69,0.61,0.0,0.0008193542855950903
by4HzfWRbT4,UCEScbJ_iUulVoAeHEAkpRLw,Finding Paradise,110000.0,0.92,0.0,1.68,0.0,2.4,2.06,1.14,1.74,1.59,1.67,0.0,0.02,0.0,0.54,0.2,0.0,0.2,0.0,0.0016387085711901807
byOqHHUBlVg,UCQXBq7djFA_xTSVgNGLJ0LQ,Let's Meet Abroad,109000.0,1.48,2.24,0.98,1.48,0.97,0.51,0.92,0.84,1.04,1.62,0.32,0.0,0.33,0.0,2.2,0.46,0.0,2.0,0.0005462361903967269
bzjxxzxdeuM,UCAUgY9e_n2DhyZTgvPRoJnQ,TriFate Geo,171000.0,1.3166666666666669,1.58,0.6733333333333333,1.21,0.5066666666666667,0.0,0.3366666666666666,0.8466666666666667,0.2533333333333333,0.7733333333333333,0.0,0.1733333333333333,0.3433333333333333,0.11,0.6633333333333333,1.1900000000000002,0.2366666666666666,2.0,6.426308122314434e-05
c-fijV9L28k,UC9sKVZ0Y9blsS1OXFpJOrTA,Travelling Sticks,2670.0,0.7175,0.0,0.0575,0.6950000000000001,1.505,0.7575,0.4525,0.88,1.3,1.725,0.4449999999999999,0.6275,1.39,0.2925,0.91,0.7475,0.125,0.0,0.0008193542855950903
c0_yjwProzU,UCRrUJKpFAGgA9WVjSWhgk2Q,KIM n LEE,95200.0,,,,,,,,,,,,,,,,,,,0.00011301438422001247
c12zRnFUTdo,UCXOKEdfOFxsHO_-Su3K8SHg,Strictly Dumpling,4300000.0,1.23,1.97,0.0,2.29,0.22,0.58,0.03,1.46,0.81,0.51,0.06,0.59,0.0,0.0,2.04,1.56,0.0,2.0,0.0006554834284760723
c185R3zpFQk,UCaAZvrIgL8C0q4mWORLA6vQ,Sannin & Eric Reactions,24100.0,0.4966666666666666,0.7833333333333333,0.26,0.6622222222222223,0.1288888888888889,0.8666666666666667,0.1277777777777777,0.4322222222222222,0.3355555555555555,0.0,0.5133333333333333,0.1744444444444444,0.5266666666666667,0.0188888888888888,0.7666666666666667,0.7377777777777778,0.0733333333333333,1.0,0.0016387085711901807
c4kMjhSt73k,UCuz8KBA9YP2JpaHorBVTp7Q,The Bailey Squad,12700.0,0.0,0.0,0.0,0.0,1.7799999999999998,2.865,0.465,1.705,2.705,0.855,0.03,0.0,0.025,0.0,1.78,0.1,0.0,0.0,0.00040967714279754517
c64OjV9lNvw,UCRrUJKpFAGgA9WVjSWhgk2Q,KIM n LEE,95200.0,1.413333333333333,0.3733333333333333,0.5966666666666667,0.4966666666666666,0.6766666666666666,1.1133333333333333,0.3166666666666666,0.0,0.6033333333333334,0.2366666666666666,0.0,0.01,0.1233333333333333,0.0533333333333333,0.6066666666666667,0.0333333333333333,0.49,1.0,0.00011301438422001247
cANij8_TIdI,UCZemRLjTG7_Iz1O5mYOTv5w,Travelling Yearbook,7910.0,2.11,1.23,0.0,2.12,0.0,0.0,0.0,0.0,0.0,0.46,0.67,0.0,0.0,0.0,1.81,2.28,0.0,2.0,0.0008193542855950903
cARc1t-KsqU,UCoWQLZoPwn3mJ-oiPrwDpbA,Living abroad,163000.0,,,,,,,,,,,,,,,,,,,6.554834284760723e-05
cApYOQViXbo,UClxWKvWC-xiJ9FlUkPn7xnw,Dinah Klein ,1480.0,,,,,,,,,,,,,,,,,,,0.0008193542855950903
cBXHIQdKWBM,UC1712XEXMIRQW1-spPVK0Ng,Travis Kraft,597000.0,0.41,0.0,0.27,0.0,2.145,2.02,0.375,1.235,1.585,0.695,0.02,0.0,0.33,0.0,2.48,0.38,0.0,0.0,0.0002979470129436692
cBrceYb6S3w,UCeT1qAcQxLP6cEfbMe85QCQ,Yoshi the Japanese Guy,165000.0,,,,,,,,,,,,,,,,,,,0.0001489735064718346
cCGGFF_fq8k,UCXNSrWyXThUkQT5NYa0t2vg,TheFamChannel,499.0,0.5599999999999999,0.2114285714285714,0.6985714285714286,0.7485714285714286,0.5257142857142857,0.7242857142857143,0.6442857142857142,0.6014285714285714,0.65,0.8899999999999999,0.0957142857142857,0.0042857142857142,0.38,0.0257142857142857,0.5142857142857143,0.4957142857142856,0.09,1.0,0.0016387085711901807
cDIn33CZSI0,UCuVEvEzDJORUxstVLfql4oA,,,,,,,,,,,,,,,,,,,,,
cDa3rn2haL4,UC6VT3Fhk2z3-4leoCoZpyPQ,Reação Imediata,169000.0,0.57,0.52,0.2133333333333333,1.5700000000000005,0.0,0.0,0.0466666666666666,0.0866666666666666,0.1033333333333333,0.0,0.2799999999999999,0.0,0.0933333333333333,0.1399999999999999,0.3066666666666667,0.2266666666666666,0.0066666666666666,1.0,0.00021849447615869075
cDaBzBo6JOU,UCeguYg1beQ9CiAh8SYyh4jQ,Eileen Aldis,132000.0,1.54,0.74,0.34,1.37,0.41,1.97,0.75,1.54,1.67,1.55,0.0,0.0,0.0,0.0,0.3,0.0,0.0,0.0,0.0006554834284760723
cDfcwMk03SU,UCiuFR-m7cy1GW-JMMYBd1TQ,Cheryl Porter Vocal Coach,12500000.0,0.0,0.0,0.0,0.04,1.77,0.99,1.69,2.94,1.89,1.7,0.51,0.0,0.63,0.0,3.32,0.41,0.42,0.0,0.0016387085711901807
cENNaC4LkC8,UCoS-mm5bC5eY07AaKntKzgw,Human Rights Watch,150000.0,,,,,,,,,,,,,,,,,,,0.0010924723807934538
cFSIBImwMR0,UC5NF_7WBa8OVDC0Xbs8yvOg,Japapino World ジャパピーノ,174000.0,1.71,0.0,0.0,0.95,1.11,0.0,0.35,0.9,2.0,2.65,0.08,0.18,2.66,0.15,1.69,0.0,0.28,0.0,0.00018207873013224228
cFWKWEGIiOc,UCHHsLgcp82jsTUdULULDjbA,GoTime Travels,100000.0,0.52,0.585,0.0,0.3399999999999999,1.515,0.92,0.445,2.2750000000000004,2.69,1.025,0.045,0.295,0.045,0.0,2.365,0.48,0.0,0.0,0.0004682024489114802
cHc0025eF_4,UCbRaUB7Hfe3clmKqqj8Nm1Q,laoshu505000,1230000.0,0.3625,0.0175,0.1175,1.55,0.12,0.0,0.1375,1.075,0.765,0.615,0.48,0.1325,0.8675,0.1775,0.085,0.05,0.1,1.0,0.0008193542855950903
cJ3nBjgCf2o,UCWFMGU8jwnfnkHOtWgCUmKA,Backpacking Gals,19800.0,,,,,,,,,,,,,,,,,,,0.0010924723807934538
cLWymhJnwts,UC5D3ztXVDZOUB8Gp7XPsuPA,Dennis Asuncion,44.0,,,,,,,,,,,,,,,,,,,0.0008193542855950903
cMKx2sNhyfo,UCqVZm6w_65N8kEQAhpg5vwA,Cherry and Trevor,1640.0,0.32,0.11,0.57,0.0,0.71,0.595,0.545,0.675,1.28,1.08,0.0,0.05,0.33,0.345,0.77,0.185,0.245,1.0,0.0010924723807934538
cMfqUT8RW80,UCLldECzrVl0YEzq4nVzlvVA,Travelling on a Shoestring,2360.0,0.03,0.09,0.01,0.0,0.905,1.555,0.66,0.72,1.145,0.8600000000000001,0.66,0.0,0.64,0.0,1.39,0.69,0.485,0.0,0.0016387085711901807
cN3jKaXSN6o,UCVv-y0k91qAA-uI_K46UBvg,Dabble and Travel,583000.0,,,,,,,,,,,,,,,,,,,0.00013109668569521446
cN87h1Z8bF4,UC0p8-e3hIdkP4F09hQc1Uow,The Wineding Down Podcast,16300.0,,,,,,,,,,,,,,,,,,,0.0006554834284760723
cNJDwmEiie8,UCHza0GAxOvBOeLKkMeL8EcQ,Ken Abroad,510000.0,3.37,2.73,0.0,0.44,0.0,0.0,0.0,0.0,0.0,0.0,0.0,0.77,0.0,0.0,0.0,0.0,0.58,2.0,0.00012138582008816153
cNr50q5iEaU,UCaNjRBHCKnvqWKM22wg0ItA,It’s Me,78100.0,1.35,1.08,0.14,1.66,0.32,0.02,0.035,0.765,0.47,0.19,0.34,0.42,0.48,0.0,0.23,0.51,0.0,2.0,0.0010924723807934538
cOwDeDzZK0U,UCPAz3hWHiBC-c1x4K0-atsg,Waleska Herrera,1230000.0,0.5875,0.4125,0.3425,1.82,0.055,0.3875,0.3775,0.025,0.0775,0.105,0.18,0.1725,0.1125,0.0,0.3325,1.0325000000000002,0.1075,1.0,2.074314647076178e-05
cPeu09bCPwA,UCN6ssBUC5PNYUN9aG-iiA2A,A Day in the UK,5630.0,0.3766666666666667,0.0183333333333333,0.385,0.6716666666666667,0.5366666666666667,1.0133333333333334,0.3349999999999999,0.9683333333333332,0.61,0.5366666666666666,0.6933333333333334,0.0566666666666666,0.5650000000000001,0.0533333333333333,0.9316666666666666,0.6816666666666666,0.0216666666666666,1.0,0.0010924723807934538
cPqI_8eDqTg,UCsfUbIyotnXsKv9paUan0lQ,Pinoy Floyd 🇵🇭,111000.0,,,,,,,,,,,,,,,,,,,0.0010924723807934538
cQdlPyDBHcw,UC0kRouseKcdvPylRVa75Uag,Ron Digao,18800.0,0.975,0.235,0.725,0.175,1.395,1.365,0.235,1.07,1.495,1.65,0.375,0.0,0.88,0.8799999999999999,1.725,1.045,1.635,0.0,0.0008193542855950903
cRop2TQOFOw,UC6VT3Fhk2z3-4leoCoZpyPQ,Reação Imediata,169000.0,0.52,0.0,0.5125,0.4125,1.2125,0.325,0.89,0.8200000000000001,1.04,1.0275,0.7474999999999999,0.355,0.7125,0.165,0.975,0.6225,0.4624999999999999,1.0,0.00021849447615869075
cTScqZ85VjU,UC_nGEYgqzTuyFbHCZELMC2w,Merryjuj,11400.0,,,,,,,,,,,,,,,,,,,0.00011301438422001247
cTVQJFKO47c,UCqCI4i-mZ4Cu6Kr8emMaf1A,RYU JAPAN,134000.0,,,,,,,,,,,,,,,,,,,0.00027311809519836344
cUb3tmKrZyI,UC7yK84cgpIy9iRjk1uoM8WA,PINAY AFAM TV🇦🇺,5770.0,,,,,,,,,,,,,,,,,,,0.0006554834284760723
cUsVaMMdicc,UCtFLH4pA8J-a7JVSLoLbXUQ,Top 10 Daily,32800.0,,,,,,,,,,,,,,,,,,,0.0010924723807934538
cVkJ6Qn5JNI,UCzzjW8ls5mSsMoAwjy6bZ_A,ena francia,10500.0,0.0,0.0,0.0,0.46,1.27,0.88,1.27,1.82,1.77,1.55,0.0,0.0,0.0,0.0,1.67,0.35,0.0,0.0,0.0010924723807934538
cW7IXyH60VE,UCPAz3hWHiBC-c1x4K0-atsg,Waleska Herrera,1230000.0,0.3566666666666667,0.2766666666666666,0.215,1.0983333333333334,0.2066666666666666,0.7566666666666667,0.3116666666666667,0.5566666666666666,0.5800000000000001,0.2933333333333333,0.44,0.2833333333333333,0.7216666666666667,0.0,0.6633333333333334,0.35,0.2183333333333333,1.0,2.074314647076178e-05
cYDdNL_rF9A,UCVjTrw4vz5hpf-jwJzqy8Gg,Chubby Stick,255.0,,,,,,,,,,,,,,,,,,,0.0008193542855950903
cYn7RhlFksI,UC9YWmmRmSvug3HYYnq2dcqw,Illustrado Magazine,2600.0,,,,,,,,,,,,,,,,,,,0.0010924723807934538
cZxCDeyNN0g,UCQQyW9Ki62OmGzHedws7xlQ,Bianca & Beyond,142000.0,0.0,0.0,0.0,0.52,1.19,0.31,0.0,1.34,2.06,1.39,0.0,0.0,0.0,0.0,1.4,0.0,0.0,0.0,0.00010241928569938629
ccMsoQJIW5s,UC7fga_Kycp9z6pg5Yhx7R-w,Bisayang Hilaw,1050000.0,,,,,,,,,,,,,,,,,,,0.0004682024489114802
cfIkMJHx5RI,UCWGcbY5JBzcUenFwl4A1eNw,Charles & Alyssa Forever,2480000.0,2.19,1.305,0.4,0.895,0.35,0.055,0.075,1.64,1.17,1.935,0.415,0.03,0.315,0.0,1.65,0.42,0.63,2.0,0.0010924723807934538
cfKXmi1Plt4,UCt9BTGSxATM6axwfTY4KnEg,A Foreigner in the Philippines,265000.0,,,,,,,,,,,,,,,,,,,5.462361903967269e-05
cfgd4erLBL4,UCKygRpISlqs5TufcT3JtRng,Dale Philip,3760000.0,4.51,5.0,0.0,4.41,0.0,0.0,0.0,0.0,1.02,0.0,0.84,0.0,1.23,0.0,3.2,0.0,0.0,2.0,0.00036415746026448456
cgCt4TRvrmo,UC8S3gQ0LjFLx4cFrzBXytrw,Go With Ali,1410000.0,0.4233333333333333,0.0,0.2466666666666666,0.3166666666666667,0.4666666666666666,2.203333333333333,0.3066666666666667,0.5233333333333333,0.24,0.0,2.096666666666667,0.0,0.09,0.0266666666666666,0.8500000000000001,0.27,0.6533333333333333,1.0,0.0010924723807934538
cgnBQ9qOqmY,UCZ7Cxp6r5JMhpSrIETCXzdQ,Mikey Bustos,1400000.0,,,,,,,,,,,,,,,,,,,0.0006554834284760723
ch3QACqOhEA,UCUk8aRBVog6G9ipBSN_Ow1g,biggy travels,54800.0,,,,,,,,,,,,,,,,,,,0.0006554834284760723
ciBt2cteN-U,UCF_weu4xhghTUXAgaijrafw,Romanians On The Road,19100.0,0.845,0.0,0.04,1.135,0.7949999999999999,0.6599999999999999,0.15,1.15,0.73,0.255,0.325,0.0,0.97,0.0,1.045,0.0,0.045,1.0,0.0008193542855950903
cifzQypGnnM,UCAUgY9e_n2DhyZTgvPRoJnQ,TriFate Geo,171000.0,0.7766666666666667,0.42,0.7733333333333334,2.6266666666666665,0.0,0.1633333333333333,0.0,0.0,0.2833333333333333,0.0,0.41,0.0133333333333333,0.0,0.3899999999999999,0.0999999999999999,0.41,0.1133333333333333,1.0,6.426308122314434e-05
cjOMiFsjCvY,UC1712XEXMIRQW1-spPVK0Ng,Travis Kraft,597000.0,,,,,,,,,,,,,,,,,,,0.0002979470129436692
ckgTnTg9TPw,UCo5IPeTfhzXzzNB64ALUSUw,The Demouchets REACT,182000.0,1.1233333333333333,1.1333333333333335,0.3999999999999999,0.6333333333333333,1.58,1.1966666666666663,1.0033333333333332,1.5166666666666666,1.72,2.0,0.0,0.1033333333333333,0.4599999999999999,0.1833333333333333,1.606666666666667,0.2666666666666666,0.13,0.0,0.00018207873013224228
cm2oIEkmbGk,UCoWQLZoPwn3mJ-oiPrwDpbA,Living abroad,163000.0,,,,,,,,,,,,,,,,,,,6.554834284760723e-05
cm4yNGTlQOw,UCzqbfYjQmf9nLQPMxVgPhiA,emmymade,3100000.0,,,,,,,,,,,,,,,,,,,0.0004682024489114802
cm9m-gyMlXs,UCUH7ZA3KqBUQVGzR5dfxV8g,2 Wheels Across,6700.0,0.47,0.5,0.89,0.0,0.0,0.0,0.0,0.0,0.0,0.0,0.45,0.0,0.0,0.0,0.08,0.0,1.27,1.0,0.0010924723807934538
cmBaWYIfR5c,UCP1TtgcChvhLL5aqxe45CPQ,Fun And Talk,4460.0,1.715,1.9425,0.4575,2.595,0.2425,0.175,0.06,0.895,0.47,1.26,0.4449999999999999,0.7075,0.085,0.64,0.87,0.985,0.1,2.0,0.0008193542855950903
cmlM0cS98qo,UCdkq517IaeUcnG5CIiFX9RA,Shin Smith,36200.0,,,,,,,,,,,,,,,,,,,0.00010241928569938629
cmv5gtLAWPM,UC9DwgmJc-uKnxGavukOy_6w,Aaron Around,9540.0,1.18,0.0,0.0,0.0,2.24,3.1,0.32,2.95,3.25,1.63,0.0,0.0,0.0,0.41,2.35,0.66,0.39,0.0,0.00016387085711901808
cnkfymvUoGI,UCobYD8WgP3GPOqgvXF2Yy1w,Adam and Jane's Lifestyle,75500.0,1.085,0.38,0.98,0.425,0.575,2.25,0.235,0.0,0.755,0.0,0.28,0.07,0.855,0.39,1.205,1.65,0.27,1.0,6.827952379959086e-05
cntVFWMLfFI,UCCgVh36x3hbuRnHMpwl443Q,Music Game News,1210000.0,0.7833333333333333,0.3133333333333333,0.3866666666666666,0.5,0.66,1.7933333333333332,0.1433333333333333,0.53,0.86,0.6933333333333334,0.01,0.0133333333333333,0.0533333333333333,0.0,0.8366666666666666,0.59,0.0,1.0,8.193542855950904e-05
coIXi26Ktk8,UC3PVtkwtqwCD4LEPguBEADA,Mia Sandoval,395000.0,1.084,0.324,0.052,1.024,0.924,1.152,0.188,1.318,0.904,0.7160000000000001,0.914,0.172,0.588,0.248,0.78,0.446,0.162,1.0,0.00011705061222787004
coayhixmBBk,UCatYGXWCXRt_0XLLKv1hkUw,Always Be Changing,501000.0,0.205,0.0575,0.0,0.7925000000000001,1.2775,1.0025,0.1325,1.17,1.8625,0.7025,0.0,0.0,0.6325,0.0725,1.66,0.6325000000000001,0.0,0.0,0.0002341012244557401
cp0wyuBU7Oc,UCG3whWNsZ0jfau5KqA3MZQA,Skint Northerners,150000.0,1.485,0.37,1.07,1.38,0.07,0.065,0.0,0.545,0.0,1.08,0.435,0.67,0.375,0.39,0.205,0.385,0.035,1.0,0.0010924723807934538
cqVlFvPd9So,UCau87M9DnzSL5iDE9f4uVKQ,Scott Auchterlonie Music,77300.0,,,,,,,,,,,,,,,,,,,0.0004682024489114802
crsuIRAr0rE,UCPAz3hWHiBC-c1x4K0-atsg,Waleska Herrera,1230000.0,0.14,0.24,0.775,1.255,0.095,0.0,0.0,1.12,0.49,0.405,0.34,0.02,0.0,0.0,0.75,1.635,0.225,1.0,2.074314647076178e-05
cwklx0IhAxs,UCv2tnGWajxVXCFsRdyHSPow,Jennifer Estella,10300.0,0.25,0.0,0.27,0.1,0.16,0.6,0.0,1.64,1.14,0.0,0.0,0.0,0.0,0.0,2.52,2.23,0.0,1.0,0.0010924723807934538
cwxu2dA5Dv4,UCraOIV5tXbWQtq7ORVOG4gg,Quang Tran,2750000.0,,,,,,,,,,,,,,,,,,,0.0010924723807934538
cxb8w5kSWaM,UCPAz3hWHiBC-c1x4K0-atsg,Waleska Herrera,1230000.0,,,,,,,,,,,,,,,,,,,2.074314647076178e-05
cz2xBnhjY6U,UCb9F1guxTPSBI-TIj1HtoyA,AyChristene,702000.0,,,,,,,,,,,,,,,,,,,0.0016387085711901807
d-GbnwI0jcs,UCSjiVW9NV-mcJJ1t6RbMh7A,Down Under Visa,2650.0,,,,,,,,,,,,,,,,,,,0.00014249639749479832
d17jz3qfKUg,UCug1b-bW8JE3jz5ZyckhnPw,ADOBO & SCHNITZEL,20100.0,,,,,,,,,,,,,,,,,,,0.0016387085711901807
d2I4jSEAHyc,UC8hiiGm6GTyTVvO-LtZ2Xmw,FoodieMommaPH,41100.0,1.92,0.23,0.73,0.27,0.0,0.0,0.89,0.41,0.0,0.83,1.36,1.07,0.0,0.13,0.0,3.37,0.0,1.0,0.0002521090109523355
d3dRw-098OQ,UCdWNddb5oFmdC-UaG3nQdGA,MarjandFam,2280.0,0.095,0.0,0.2775,0.0,2.41,1.255,0.4575,1.1125,1.495,1.6549999999999998,0.42,0.5775,0.92,0.4725,0.0,0.0,0.6325000000000001,0.0,0.0016387085711901807
d51Kl8fdOPg,UCAqEoRfgMCtErK0qsL1cCtw,BuzzFeed UK,461000.0,,,,,,,,,,,,,,,,,,,0.00036415746026448456
d5z3vG74xmY,UCPAz3hWHiBC-c1x4K0-atsg,Waleska Herrera,1230000.0,0.9425,0.9525,0.0,1.3625,0.81,0.6325,0.36,1.625,0.375,0.2125,0.855,0.3,0.3425,0.3275,0.8475,1.12,0.0525,1.0,2.074314647076178e-05
d631FlkmmUA,UCt9BTGSxATM6axwfTY4KnEg,A Foreigner in the Philippines,265000.0,,,,,,,,,,,,,,,,,,,5.462361903967269e-05
d6I82GDhv4U,UCQYkvXhPNaRxlu-jAI5_5Zg,LeRoc Living Our Life Philippines,1240.0,,,,,,,,,,,,,,,,,,,0.00010572313362517294
d7otlQw-9U0,UCrvUGNVWWyrQmx6SeVxJ9nQ,AnyCont,2580.0,,,,,,,,,,,,,,,,,,,0.0010924723807934538
d8Pm0p-g23k,UClC3n3LmXGfe_45Mu9R3eaw,Davlorito,2980.0,0.0,0.0,0.08,0.0,3.0,2.22,1.9,1.88,3.31,1.09,0.0,0.0,0.33,0.0,2.91,0.28,1.51,0.0,0.0016387085711901807
d9KaWtyIqYg,UCoWQLZoPwn3mJ-oiPrwDpbA,Living abroad,163000.0,,,,,,,,,,,,,,,,,,,6.554834284760723e-05
dBhVBUwG-fE,UCryJ4vhASeu7uhXRPOL3WhA,What's up Philippines,311000.0,,,,,,,,,,,,,,,,,,,2.621933713904289e-05
dD3jQhawZ7g,UC5QCza-qtDmujX_lzIs9SJw,세부부부,111000.0,0.7436363636363637,0.1018181818181818,0.4209090909090909,0.2863636363636364,0.1418181818181818,0.8027272727272727,0.1781818181818182,0.36,0.3627272727272727,0.3090909090909091,0.5618181818181818,0.4581818181818182,0.6536363636363637,0.2,0.4754545454545455,0.4563636363636363,0.0054545454545454,1.0,0.0005462361903967269
dFB91YBhoYY,UCl7giZXLlLIAEKV-TVoBW7Q,tryNsomethingnew,1200000.0,0.6966666666666667,0.0,0.06,0.4066666666666667,1.24,2.1633333333333336,0.5166666666666667,1.06,1.3500000000000003,0.7033333333333333,0.0,0.0,1.4733333333333334,0.1566666666666666,1.596666666666667,0.75,0.0066666666666666,0.0,0.0002979470129436692
dGIZPdLOYQ8,UCTPxMCyJyYGF6H0eBhOvgsA,Pinay mom's blogs,7390.0,,,,,,,,,,,,,,,,,,,0.0001724956390726506
dGM9kDXdWcQ,UCPNBc7ZRwmgk1I6j_lenAfw,The Love Train Nation,23900.0,0.0,0.0,0.0,0.0,1.4200000000000002,0.12,0.475,0.96,1.5499999999999998,2.415,0.195,0.705,1.235,0.06,0.545,0.8200000000000001,0.03,0.0,0.00010924723807934537
dGxnilrs8aU,UCPNBc7ZRwmgk1I6j_lenAfw,The Love Train Nation,23900.0,,,,,,,,,,,,,,,,,,,0.00010924723807934537
dJzgm-dNXuQ,UCQYkvXhPNaRxlu-jAI5_5Zg,LeRoc Living Our Life Philippines,1240.0,,,,,,,,,,,,,,,,,,,0.00010572313362517294
dKYTWDErNzo,UC7HxIb6bY4-ymtAOS_MGsOw,VI3ION,606000.0,0.27,0.99,0.36,1.655,0.155,0.0,0.0,0.13,0.285,0.66,0.0,0.0,0.395,0.16,1.61,1.4400000000000002,0.06,1.0,0.0001560674829704934
dKcEfMqLatw,UCQQyW9Ki62OmGzHedws7xlQ,Bianca & Beyond,142000.0,0.5971428571428571,0.0271428571428571,0.2328571428571428,0.9085714285714286,0.2457142857142857,0.4614285714285714,0.2471428571428571,0.3528571428571428,0.1742857142857143,0.5085714285714286,0.5014285714285714,0.2042857142857142,0.42,0.2185714285714285,0.2428571428571428,0.8285714285714285,0.0828571428571428,1.0,0.00010241928569938629
dKexXf84Znk,UC2V7XAqnvbIKmlox8FEMkvA,Marker 44,40000.0,,,,,,,,,,,,,,,,,,,0.0006554834284760723
dKp3ROPMXD0,UCYr4VTQfBpXrccQw_H2S8RA,JUICY REACTS,318000.0,,,,,,,,,,,,,,,,,,,0.00012138582008816153
dLo695R9_oU,UCCgVh36x3hbuRnHMpwl443Q,Music Game News,1210000.0,0.925,0.345,1.005,1.98,0.27,1.125,0.48,1.27,0.56,0.83,0.0,0.0,0.54,0.0,2.35,0.25,0.0,1.0,8.193542855950904e-05
dLs1qHISrbk,UC_nGEYgqzTuyFbHCZELMC2w,Merryjuj,11400.0,,,,,,,,,,,,,,,,,,,0.00011301438422001247
dOYkqc9ec1I,UC1WRWKFPce0M6elipGZ8eMg,Life With The Rose Fam,4250.0,1.48,1.65,1.4,1.14,0.0,2.05,0.02,0.0,0.0,0.0,0.0,0.01,0.0,0.0,0.98,1.41,0.44,2.0,0.0016387085711901807
dRidbogoKLo,UCl4I_ztLWgW8ybm9M0n1pyg,Nic & Rei,14700.0,,,,,,,,,,,,,,,,,,,0.00010572313362517294
dSpW5Xc180Q,UCxBWeubuZrc8sQE_bXytgUQ,Justin & Alina,138000.0,1.3,0.03,0.13,0.0,1.92,1.61,0.17,0.98,2.31,2.58,0.0,0.0,0.44,0.24,3.24,1.24,0.31,0.0,0.00013655904759918172
dSqIcdng1hM,UCM6tNJ3yyhIQFCH_OfCWFTQ,Travel with Simon,26500.0,,,,,,,,,,,,,,,,,,,0.0010924723807934538
dVWiQDALCoY,UCixD9UbKvDxzGNiPC_fgHyA,Paolo fromTOKYO,3620000.0,0.565,0.0,0.7,1.8,0.0,0.15,0.17,1.705,0.11,0.885,1.02,1.28,0.33,0.195,0.89,0.95,0.0,1.0,0.00032774171423803616
dVYCpiIzIKQ,UCvXWOQLFNKYmw7olWeiU7Iw,,,,,,,,,,,,,,,,,,,,,
dWhyFfsb74g,UCUNC9hmB6I7MvY2w2LF5fUQ,MANILA GREY,195000.0,,,,,,,,,,,,,,,,,,,0.0010924723807934538
dZdOnCkA988,UCmXq0ZRIyR3eX9OhTrNHisA,Hobo Ventures ,19500.0,1.34,0.34,0.26,0.16,2.52,1.6466666666666665,0.2066666666666666,2.43,2.0933333333333333,1.0,0.3066666666666667,0.6966666666666667,0.1766666666666666,0.1566666666666666,1.4466666666666663,0.0,0.0,0.0,0.0005462361903967269
d_pI6qPlizQ,UCTRKbVsBIAowTvU4B4yxJTA,Andjobe,1260000.0,,,,,,,,,,,,,,,,,,,0.0010924723807934538
datYaDOz2R8,UCHza0GAxOvBOeLKkMeL8EcQ,Ken Abroad,510000.0,2.13,2.43,0.0,1.52,0.0,0.0,0.0,0.0,0.42,0.0,0.0,0.18,1.17,0.22,0.0,0.0,0.0,2.0,0.00012138582008816153
dbdGpkHLx9Y,UCGWoqB49Ux1G0Sbhl3CrN9A,nTravo - Travel with locals,3920.0,,,,,,,,,,,,,,,,,,,0.0010924723807934538
decQL8TcTPQ,UCPAz3hWHiBC-c1x4K0-atsg,Waleska Herrera,1230000.0,0.13,0.2385714285714285,0.1842857142857143,0.5928571428571429,0.8885714285714286,0.8828571428571428,0.2985714285714285,0.7028571428571428,1.477142857142857,0.7028571428571428,0.0028571428571428,0.0,0.0742857142857142,0.0314285714285714,1.7014285714285715,0.6071428571428571,0.1185714285714285,0.0,2.074314647076178e-05
deevFn0oNNo,UC3V5_2DFqamGSrzYPg-Wggw,Hey Joe,615.0,,,,,,,,,,,,,,,,,,,0.0005462361903967269
dgSvonx7PxY,UCrOmnHUEWYsGia51g9QNG7g,Japanese Shu channel,5550.0,,,,,,,,,,,,,,,,,,,0.0006554834284760723
dh5czgZJIwo,UCPAz3hWHiBC-c1x4K0-atsg,Waleska Herrera,1230000.0,0.775,1.21,0.23,1.92,0.02,0.405,0.0,0.105,0.875,0.7,0.0,0.0,0.135,0.0,2.22,0.715,0.0,2.0,2.074314647076178e-05
dkd_72evovo,UCUDTw1k24lKpj37k_h3pyWg,Rys Lane,11200.0,,,,,,,,,,,,,,,,,,,0.0008193542855950903
dlHS2kdmxNE,UC5fQirmGG9V8ftLwuAcB1Ag,Hector Cermeño,110000.0,0.3666666666666667,0.0633333333333333,0.2633333333333333,0.2533333333333333,0.8416666666666667,1.14,0.1216666666666666,0.7466666666666667,1.5666666666666669,1.03,0.0033333333333333,0.0483333333333333,0.4166666666666667,0.1316666666666666,1.0933333333333335,0.3733333333333333,0.0,0.0,0.0008193542855950903
dnvb9MRVJd4,UCWfxD_HI8o7SmpWB758ymCw,Eat With Turner,2100.0,,,,,,,,,,,,,,,,,,,0.0010924723807934538
doapxNsSkrY,UC3PVtkwtqwCD4LEPguBEADA,Mia Sandoval,395000.0,2.03,0.28,0.0,0.98,0.21,0.97,0.0,0.0,0.44,1.3,1.53,0.0,0.0,5.0,0.0,0.0,0.0,1.0,0.00011705061222787004
dqB5LB7i-30,UC5japFGK3tTDIaVhpEbxepg,1001 Trips - #1001Trips,3730.0,1.455,0.03,1.73,0.0,2.6500000000000004,1.88,0.615,2.625,2.895,0.695,0.0,0.08,0.18,0.2,2.66,0.18,0.03,0.0,0.0016387085711901807
dshX0csKCoE,UCn4HljYMUfp26ylZ8w5dttg,Travel n'2,7000.0,,,,,,,,,,,,,,,,,,,0.0008193542855950903
dtq3cGT8MGM,UC-wNjA3exMjeJlEU5TvJ4Tw,Big Guy Appetite,298000.0,0.65,0.0,0.09,0.0,0.06,2.38,1.9,1.89,0.0,0.49,0.67,1.88,0.0,0.0,1.03,0.28,1.62,1.0,0.00040967714279754517
dtzX0da4h9k,UCUNC9hmB6I7MvY2w2LF5fUQ,MANILA GREY,195000.0,0.6679999999999999,0.098,0.3259999999999999,0.562,0.89,0.2219999999999999,0.4319999999999999,0.7340000000000001,1.486,0.4519999999999999,1.388,0.036,0.6699999999999999,0.034,1.584,0.3179999999999999,0.562,1.0,0.0010924723807934538
dumd2OhjSFI,UC2V7XAqnvbIKmlox8FEMkvA,Marker 44,40000.0,0.3,0.0,0.0,0.0,0.2,0.09,1.13,1.2,0.0,0.0,0.0,0.0,0.2,0.35,0.0,0.0,0.0,1.0,0.0006554834284760723
dvbJCDZuWhc,UCPAz3hWHiBC-c1x4K0-atsg,Waleska Herrera,1230000.0,0.09125,0.16625,0.20875,0.62,0.3425,0.46875,0.37,0.1624999999999999,0.37,0.35,0.31375,0.59625,0.12125,0.2025,0.115,0.18125,0.04,1.0,2.074314647076178e-05
dwaGrJ65gUg,UC7HxIb6bY4-ymtAOS_MGsOw,VI3ION,606000.0,0.54,0.3366666666666666,0.7866666666666667,0.9833333333333334,0.02,0.2233333333333333,0.4533333333333333,0.21,0.0,0.0,0.0533333333333333,0.0,0.0,0.0,0.8866666666666667,0.9166666666666666,0.5066666666666667,1.0,0.0001560674829704934
dy-A9_Vr7OI,UCPAz3hWHiBC-c1x4K0-atsg,Waleska Herrera,1230000.0,0.2266666666666666,0.12,0.1833333333333333,1.055,0.4749999999999999,0.3466666666666667,0.1333333333333333,0.445,0.7566666666666667,0.48,0.1316666666666666,0.0,0.0066666666666666,0.0783333333333333,1.345,0.3733333333333333,0.0683333333333333,1.0,2.074314647076178e-05
dyzpn_ggo3g,UCwivAqc3tPrvbionZl5SjJQ,PH Dot Net,195000.0,,,,,,,,,,,,,,,,,,,0.0010924723807934538
dzg9C7KsP4M,UCHEf6T_gVq4tlW5i91ESiWg,People Vs Food,12600000.0,0.49,0.395,2.535,0.0,0.65,1.4,0.76,1.475,0.395,0.54,0.595,0.0,1.29,0.0,3.08,2.155,0.23,0.0,0.00032774171423803616
e0-n3mGN63U,UCryJ4vhASeu7uhXRPOL3WhA,What's up Philippines,311000.0,,,,,,,,,,,,,,,,,,,2.621933713904289e-05
e01UyRnuAYY,UCKLlmM881k4QZN-iUAFIQfw,Susie in the Philippines,128000.0,,,,,,,,,,,,,,,,,,,0.00013109668569521446
e0iPtuNtnJg,UClC88Hwf0c115jFj-fhVj2A,Kano Harry,3930.0,,,,,,,,,,,,,,,,,,,0.00020483857139877258
e0ozbHBGnGM,UCH084jZBDgYLedTTl8OXMKw,The TyKo Fam,2750.0,,,,,,,,,,,,,,,,,,,0.0010924723807934538
e0pA38VUHEs,UCO5Jeark1e_JP36mY3ua19g,The Commodity,98300.0,1.275,0.36,0.56,0.5900000000000001,0.545,1.265,0.31,0.815,0.125,1.065,0.855,0.31,0.665,0.0,0.43,1.77,0.0,1.0,6.18380592901955e-05
e2W9UaVhsX0,UC5wQUM_uqQ6bo6zxvEG6QJw,Proudly Nomadic,12000.0,0.81,0.375,0.34,0.415,3.3200000000000003,2.445,0.43,2.8200000000000003,3.385,1.965,0.0,0.0,0.0,0.25,3.25,1.765,0.0,0.0,0.0002341012244557401
e5mAUbRosCY,UCKie0svsFyBBsKaQIA4hx-w,American Entrepreneur in the Philippines,9850.0,0.3296153846153846,0.0115384615384615,0.2407692307692307,0.5261538461538462,0.5226923076923077,1.2853846153846151,0.4061538461538462,0.2515384615384615,0.3607692307692307,0.4907692307692307,0.7507692307692307,0.86,1.1715384615384616,0.5880769230769232,0.1053846153846153,0.4476923076923077,0.1907692307692307,1.0,0.00020483857139877258
e7-T73BQ7js,UCHk-j6L93O3JrxhA87H0oWQ,On Tour With Dridgers #OTWD,109000.0,,,,,,,,,,,,,,,,,,,0.0008193542855950903
e7eggKProwI,UC_hN8xs99S6jnMdYCuJgoJA,Pinoy Planet,97800.0,0.4772727272727273,0.25,0.5581818181818181,0.8472727272727273,0.4027272727272727,0.3972727272727273,0.2927272727272727,0.2772727272727273,0.6181818181818182,0.5445454545454544,0.4327272727272727,0.4781818181818181,0.3363636363636363,0.0709090909090909,0.5218181818181818,0.1072727272727272,0.0563636363636363,1.0,3.6015572993190784e-05
e7kTR2E9Wlc,UCKLlmM881k4QZN-iUAFIQfw,Susie in the Philippines,128000.0,,,,,,,,,,,,,,,,,,,0.00013109668569521446
e8d-RyhSehM,UCBQjTfMEcxMlI49KCQAHwYQ,2Passports 1Dream,234000.0,2.37,1.63,0.77,0.0,1.41,0.0,0.4,0.54,0.74,2.26,0.19,2.02,1.35,0.85,0.83,0.0,0.97,1.0,0.0004682024489114802
e9iFewbAcTk,UCdkq517IaeUcnG5CIiFX9RA,Shin Smith,36200.0,,,,,,,,,,,,,,,,,,,0.00010241928569938629
e9waYroSPgo,UClC88Hwf0c115jFj-fhVj2A,Kano Harry,3930.0,,,,,,,,,,,,,,,,,,,0.00020483857139877258
eB_2R_Pockc,UCG3whWNsZ0jfau5KqA3MZQA,Skint Northerners,150000.0,1.03,0.92,0.0,0.0,1.09,1.52,0.0,1.12,1.94,0.45,0.0,0.0,0.0,0.0,1.43,0.34,1.01,0.0,0.0010924723807934538
eFgpfgkhalM,UCi9mzS8H-ez_30w5SCL2dmw,JREKML,1210000.0,,,,,,,,,,,,,,,,,,,6.827952379959086e-05
eFu2w2KX4ss,UCTrp1gkrbzase5fzlAFGtPg,Russian Boy,56200.0,0.86,0.0,0.945,1.3050000000000002,0.32,0.27,0.72,0.135,0.0,0.015,1.46,0.305,0.0,0.205,0.285,1.74,0.17,1.0,0.0010924723807934538
eJukunJZDU8,UCRzPUBhXUZHclB7B5bURFXw,Eater,3860000.0,1.61,0.85,0.44,0.41,0.19,0.0,0.0,3.21,0.0,0.0,0.42,0.0,2.43,0.0,1.61,0.79,0.98,1.0,0.00021849447615869075
eKPzWxJ4nKI,UCjq1ddBxopU2uW7efYz5_9w,JND,129000.0,0.5,0.0,0.0,0.34,0.0,0.32,0.0,0.0,0.0,0.0,0.85,0.74,0.0,0.0,0.0,0.75,0.0,1.0,0.0010924723807934538
eKVvurYk5kQ,UCQYkvXhPNaRxlu-jAI5_5Zg,LeRoc Living Our Life Philippines,1240.0,,,,,,,,,,,,,,,,,,,0.00010572313362517294
eOvseBciXHo,UC2xL9lM-JAxfDKdq6v1FOeQ,DaGrapes,8940.0,,,,,,,,,,,,,,,,,,,0.0010924723807934538
eOyIpRJqw20,UCdJAmuo-KkgcJvSoQjPxAWg,Ash and Kels,32200.0,1.95,0.22,1.29,0.88,0.93,0.0,0.9,0.78,1.05,0.87,0.0,0.0,0.0,0.12,2.32,1.86,0.0,1.0,0.00032774171423803616
eQgF7_x5fmY,UC_hN8xs99S6jnMdYCuJgoJA,Pinoy Planet,97800.0,1.27,1.39,0.0,0.23,0.92,0.11,0.76,1.84,2.1,0.74,0.08,0.0,0.75,0.0,3.44,0.48,1.89,0.0,3.6015572993190784e-05
eRq_6dNf7cc,UCi9mzS8H-ez_30w5SCL2dmw,JREKML,1210000.0,,,,,,,,,,,,,,,,,,,6.827952379959086e-05
eSjAFI-wdic,UCAUgY9e_n2DhyZTgvPRoJnQ,TriFate Geo,171000.0,1.6933333333333334,2.286666666666666,0.0,3.0933333333333337,0.3,0.3866666666666666,0.0266666666666666,0.9366666666666666,1.1266666666666667,0.7000000000000001,0.0,0.0,0.0,0.0999999999999999,1.393333333333333,1.01,0.1566666666666666,2.0,6.426308122314434e-05
eTpjRwg-R2c,UCEhQEvar9m9divTBuwuTzXQ,Ella Patrice Fajardo,128000.0,,,,,,,,,,,,,,,,,,,0.0010924723807934538
eTx-r4ZI0Q0,UCLvnKTwSZEnCbTHNnqiivRQ,Dodo Explorers,188000.0,1.075,0.405,0.34,0.65,0.645,1.645,0.0,0.53,0.92,0.0,0.26,0.0,0.2,0.0,1.04,0.165,0.0,1.0,0.00020483857139877258
eUmMxxACvLU,UC9DwgmJc-uKnxGavukOy_6w,Aaron Around,9540.0,0.64,0.0,0.0,0.0,2.61,2.54,0.0,2.95,3.65,2.02,0.0,0.0,0.39,0.51,3.54,1.65,0.1,0.0,0.00016387085711901808
eUxW9-M-cHU,UCYr4VTQfBpXrccQw_H2S8RA,JUICY REACTS,318000.0,0.96,0.5166666666666666,0.3966666666666666,1.35,0.2633333333333333,0.0,0.0,0.0933333333333333,0.2166666666666666,0.3699999999999999,0.12,0.11,0.0333333333333333,0.0,0.8633333333333333,0.8666666666666667,0.2566666666666666,1.0,0.00012138582008816153
eYvf1qMp5pQ,UCW0ulUd4BZY4k_vHqLFWTuw,Mariah and Bill,5210000.0,0.775,0.61,0.0,0.395,1.14,0.915,0.37,1.44,1.41,0.0,0.0,0.0,0.0,0.0,2.25,1.365,0.81,0.0,0.0010924723807934538
e_k9LuicBvo,UCP_y6xg3u3hF3pskXosMQyQ,Canadian In Philippines,17000.0,,,,,,,,,,,,,,,,,,,0.0002341012244557401
eb5A0w2r-O4,UCNZyLULUQBp5e9Q1cKtvk6Q,CBS New York,1130000.0,,,,,,,,,,,,,,,,,,,0.0006554834284760723
ebQ6Ev1-4rc,UC0NLJ-e3fuuxbhssGYNoIlg,Elena For Reels,551.0,,,,,,,,,,,,,,,,,,,0.0010924723807934538
ecv6X5ZWGnQ,UCRNpa4QyVGKYAgUzxOi2NLw,JA Hokson (#JAnsaJAPAN),2070.0,0.5449999999999999,0.0,1.215,0.045,1.295,1.425,1.385,1.6,1.38,1.12,0.495,0.0,0.15,0.325,1.64,0.935,0.115,0.0,0.0010924723807934538
ed06JdrU4BM,UC4r6JBPiafpR2J7L_-KRM0Q,Owl of Dating,34800.0,,,,,,,,,,,,,,,,,,,0.0006554834284760723
eiP4XJAsrLY,UC8lVqk3EQ1wiUeyOMD24N7g,otakoyakisoba,776000.0,1.55,2.53,0.0,1.0,2.15,0.0,0.18,2.2,1.69,0.0,0.05,0.0,0.0,0.0,2.02,0.8,0.0,2.0,0.00036415746026448456
ejnZYVzPPLw,UCsQD6RsJiIJQRAYu1G9aJHQ,Mary In India,1680.0,2.21,3.22,0.22,2.13,0.82,1.65,0.05,0.09,0.71,0.0,0.0,0.0,0.0,0.0,2.25,0.47,0.0,2.0,0.0010924723807934538
emt2OKarVZM,UCruAEhvRwMJ2oogDXdy8afQ,Arvie Chin,1200.0,1.74,0.805,0.0,1.605,0.375,1.205,0.005,0.0,0.405,0.0,0.5,0.445,0.77,0.3,0.0,0.6,0.215,1.0,0.0010924723807934538
engJhkyoqwI,UCzfEqx1_-zs2xUUzI3jVRSg,FinnSnow,541000.0,,,,,,,,,,,,,,,,,,,0.00016387085711901808
eo9wFVoUpf4,UC23SG4XKkSrbhz-bZ2f5Mfw,123JAPAN!,629000.0,,,,,,,,,,,,,,,,,,,0.0002341012244557401
eqEtDuC_at8,UCKMU-I4eYw-D9QF1YdUMUlw,Calvin Castiel,207000.0,,,,,,,,,,,,,,,,,,,0.0001489735064718346
eqQpkGaA7bU,UC3V5_2DFqamGSrzYPg-Wggw,Hey Joe,615.0,,,,,,,,,,,,,,,,,,,0.0005462361903967269
eqqVFOvtOcs,UCuz8KBA9YP2JpaHorBVTp7Q,The Bailey Squad,12700.0,0.585,0.31,0.0,0.0,2.315,2.695,0.18,2.125,2.84,1.015,0.0,0.0,0.035,0.245,2.215,0.65,0.0,0.0,0.00040967714279754517
erHYTArmkZ0,UCryJ4vhASeu7uhXRPOL3WhA,What's up Philippines,311000.0,,,,,,,,,,,,,,,,,,,2.621933713904289e-05
erI3UulSmSw,UCZS5z8C9fsQ8By-Enik7LZw,Vivre aux Philippines,2290.0,,,,,,,,,,,,,,,,,,,0.0008193542855950903
erOy91eDW5w,UCfow9qUPXMbZJ7iG6gfAQyA,Marcy lee,42800.0,,,,,,,,,,,,,,,,,,,0.0010924723807934538
erTvw8KJ44Q,UCryJ4vhASeu7uhXRPOL3WhA,What's up Philippines,311000.0,,,,,,,,,,,,,,,,,,,2.621933713904289e-05
euOfRk3mInE,UCFjh6CdEwrQrKf4o9QUnoEA,ONE FILIPINO TV,145000.0,0.51,0.2375,0.225,1.08,0.7925,1.42,0.1775,0.9475,1.135,0.9725,0.4375,0.855,0.3525,0.265,0.1275,0.1175,0.0075,1.0,0.00036415746026448456
ev6GL49Qcgo,UC1c0d39TNAKSS446H46VAlA,Asian Entertainment and Culture,42300.0,,,,,,,,,,,,,,,,,,,0.0010924723807934538
evIUyVRHfIc,UCPAz3hWHiBC-c1x4K0-atsg,Waleska Herrera,1230000.0,0.1899999999999999,0.29,0.45,1.4233333333333336,0.5666666666666667,0.7999999999999999,0.8700000000000001,0.7133333333333334,0.6966666666666667,0.3166666666666666,0.2433333333333333,0.2733333333333333,0.0,0.0,0.86,0.6133333333333333,0.0,1.0,2.074314647076178e-05
evTFGDVlQ4s,UCLNoXf8gq6vhwsrYp-l0J-Q,Xiaomanyc 小马在纽约,6770000.0,0.304,0.076,0.3219999999999999,0.524,0.618,0.364,0.078,0.3379999999999999,0.304,0.086,0.208,0.0,0.0,0.0,1.076,0.972,0.294,1.0,0.00021849447615869075
ewwBedvAhY4,UCVv-y0k91qAA-uI_K46UBvg,Dabble and Travel,583000.0,,,,,,,,,,,,,,,,,,,0.00013109668569521446
exB--zv3N4U,UCQ_M-mpuRZyz0W6gJYIfdGA,Voltaire Travels,17200.0,0.28,0.64,0.0,0.34,0.0,0.0,0.0,0.05,0.21,0.0,0.0,0.0,0.0,0.0,0.05,0.26,0.0,1.0,0.0008193542855950903
eyqPUI8wKdc,UCOBhPv7iSNPNeyyBTkY1VtA,Sebin Kim 세빈킴,44400.0,,,,,,,,,,,,,,,,,,,0.0010924723807934538
eyydfWC9N_w,UCGXNJZwl3W9qaT27yUZjPzA,Kyle and Madie,14000.0,0.0,0.0,0.0,0.38,2.19,2.245,2.25,1.635,1.6,1.045,2.62,0.0,0.015,2.5,2.765,2.925,0.645,0.0,0.0010924723807934538
ezYVlu1hx_k,UCSjiVW9NV-mcJJ1t6RbMh7A,Down Under Visa,2650.0,,,,,,,,,,,,,,,,,,,0.00014249639749479832
f0PA-yr-OHo,UCU03NklypYW1AAIoNE2Vh1g,Jeanelleats,1900000.0,,,,,,,,,,,,,,,,,,,0.0002341012244557401
f0rq_-Wupeg,UCAtoU5rzWIGE9WMj7aVdUrg,Top 10 Today,1080.0,0.49,0.2925,0.06,0.385,0.68,0.5425,0.55,0.7725000000000001,0.71,0.26,0.2075,0.0,0.1025,0.0,1.1775,0.6625,0.0225,1.0,0.0016387085711901807
f16ujuGgXOo,UCAUgY9e_n2DhyZTgvPRoJnQ,TriFate Geo,171000.0,1.2533333333333332,0.8833333333333333,0.5866666666666666,2.223333333333333,0.0,0.0,0.0,0.0,0.0,0.0,0.1399999999999999,0.3999999999999999,0.0,0.12,0.5166666666666666,0.9533333333333333,0.0,2.0,6.426308122314434e-05
f3uXJY4HiIk,UCYr4VTQfBpXrccQw_H2S8RA,JUICY REACTS,318000.0,0.45,0.2083333333333333,0.36,0.3466666666666667,0.3533333333333333,0.625,0.17,0.7166666666666667,0.6183333333333333,0.365,0.415,0.5733333333333334,0.0716666666666666,0.05,0.525,0.08,0.425,1.0,0.00012138582008816153
f4AsvKY-wBk,UCbPHHOiOY_tA9BSytK0jDYw,Beryl Shereshewsky,859000.0,3.17,1.98,0.9,3.95,0.53,0.63,0.0,0.82,0.01,0.0,0.63,0.0,1.33,0.0,4.38,1.59,0.0,2.0,0.00019278924366943303
f5fD_oFGdzU,UC3gaj-0tlmz-1G6foK3E5hw,Мэри Джейн Филиппинка,200000.0,2.81,2.89,0.0,2.42,0.0,0.0,0.0,0.89,1.36,0.64,0.16,0.0,0.0,0.0,1.42,0.01,0.0,2.0,0.0008193542855950903
f6UXRBaKPU0,UC41GuD_I41eEuo7KJUbnnRQ,훈타민 Hoontamin,313000.0,0.755,0.19,1.5750000000000002,0.0,1.43,1.875,0.21,1.34,1.6649999999999998,0.8,0.65,0.925,1.35,0.4,0.275,0.0,0.6950000000000001,0.0,0.0010924723807934538
f706f6KNCEM,UC9lkTlYUoF1iGnHM3smXxlQ,Travel Snacks,95100.0,1.33,0.0,0.41,0.83,0.0,0.0,0.0,0.0,0.0,0.0,0.17,0.0,0.04,0.0,0.78,0.41,0.0,1.0,0.0010924723807934538
f88NacJzekY,UCrvUGNVWWyrQmx6SeVxJ9nQ,AnyCont,2580.0,,,,,,,,,,,,,,,,,,,0.0010924723807934538
fA0m-LaA_7c,UCfyehHM_eo4g5JUyWmms2LA,Sorted Food,2890000.0,1.15,0.32,0.58,1.07,0.2,0.5,0.0,0.595,0.16,0.6799999999999999,0.265,1.64,0.315,0.18,0.675,0.45,0.0,1.0,0.0008193542855950903
fB3fu_OUQCU,UClC88Hwf0c115jFj-fhVj2A,Kano Harry,3930.0,,,,,,,,,,,,,,,,,,,0.00020483857139877258
fBKaY6eD5vs,UCPAz3hWHiBC-c1x4K0-atsg,Waleska Herrera,1230000.0,0.6100000000000001,0.35,0.8999999999999999,0.26,0.545,0.4975,0.315,1.14,0.955,0.9025,0.3325,0.5599999999999999,0.2225,0.0925,0.8875,0.3425,0.035,1.0,2.074314647076178e-05
fBVhdswz8Is,UCS4UqwbOUj7YGgCHi7Lvulw,Marrow Of Life,492.0,,,,,,,,,,,,,,,,,,,0.0016387085711901807
fChooDx5q-s,UCGSLwd21qtaUh3mF-5X8b4A,Olivia Ortiz,127000.0,0.455,0.0,1.21,0.11,0.2,0.0,0.555,0.275,0.11,0.4,0.23,0.16,0.03,0.0,0.04,0.0,0.075,1.0,0.0004682024489114802
fD8CxHFngFk,UCYlxLFwSj8CRAzQM4z96pSg,Erik Shoji,180000.0,0.47,0.0,0.0,1.43,0.0,0.55,0.0,0.21,0.0,0.26,0.91,0.64,0.0,0.0,0.0,0.52,0.16,1.0,0.0016387085711901807
fFsR_vs4_sE,UCoWQLZoPwn3mJ-oiPrwDpbA,Living abroad,163000.0,,,,,,,,,,,,,,,,,,,6.554834284760723e-05
fGHZBpxJkrw,UC3PVtkwtqwCD4LEPguBEADA,Mia Sandoval,395000.0,1.2000000000000002,0.125,0.455,0.59,1.33,1.645,0.595,1.455,1.725,1.89,0.56,0.07,0.375,0.28,2.06,0.25,0.215,0.0,0.00011705061222787004
fH9ceqvvNkI,UCKMU-I4eYw-D9QF1YdUMUlw,Calvin Castiel,207000.0,,,,,,,,,,,,,,,,,,,0.0001489735064718346
fI6f3sGZmz0,UCvAnukxcU2-0ZJUzIaQTAgQ,SALT PAPI,676000.0,0.655,0.135,0.495,0.205,0.63,1.895,0.5650000000000001,0.07,0.825,0.11,0.8350000000000001,2.055,0.41,0.0,0.365,0.27,0.32,1.0,0.0016387085711901807
fIi3T50w1KA,UCobYD8WgP3GPOqgvXF2Yy1w,Adam and Jane's Lifestyle,75500.0,0.01,0.0,0.0,0.295,1.26,2.33,0.605,0.6799999999999999,1.99,0.855,0.0,0.055,0.29,0.21,0.85,0.395,0.065,0.0,6.827952379959086e-05
fJJgE8K2u2w,UCixD9UbKvDxzGNiPC_fgHyA,Paolo fromTOKYO,3620000.0,,,,,,,,,,,,,,,,,,,0.00032774171423803616
fJVlMA3Fw_g,UCUk8aRBVog6G9ipBSN_Ow1g,biggy travels,54800.0,0.1328571428571428,0.0,0.0528571428571428,0.0014285714285714,1.1042857142857143,1.304285714285714,0.2285714285714286,1.1757142857142855,1.5257142857142856,1.122857142857143,0.5185714285714286,0.2314285714285714,0.5042857142857143,0.2014285714285714,1.1385714285714286,0.16,0.0928571428571428,0.0,0.0006554834284760723
fJZ0IQQBOvw,UCNMCLJlFSqiUb1EnXII3zhQ,Harees Ameerali - Royal Sky Holidays,986000.0,0.38,0.0,0.29,2.07,0.14,1.19,0.0,0.8,0.05,1.11,0.84,0.0,1.56,0.0,0.43,1.93,0.19,1.0,0.00036415746026448456
fKW8cSIw50A,UCvZYC01eWj-ftzwRIWhPS_w,Off to Bliss,468.0,0.67,0.0,0.0,0.425,0.26,0.0,0.0,0.0,0.4599999999999999,0.65,0.0,0.0,0.735,0.015,0.0,0.0,0.085,1.0,0.0006554834284760723
fL56kvqw9K4,UCCgVh36x3hbuRnHMpwl443Q,Music Game News,1210000.0,0.76,1.285,0.0,1.84,0.0,0.0,0.05,0.285,0.61,0.25,0.16,0.615,0.225,0.08,0.39,0.725,0.055,2.0,8.193542855950904e-05
fLBP3RjnVKs,UCJ_7NsTniv09HWWq2Ht_PZQ,Van & Joe,8960.0,,,,,,,,,,,,,,,,,,,0.0016387085711901807
fLuv234IqaI,UC3_V-0b3JS1cYs07nH0uSdQ,UPBeaconVideo,385.0,1.2766666666666666,0.59,1.3,0.7833333333333332,0.7600000000000001,0.8766666666666666,0.6699999999999999,1.1833333333333331,1.1233333333333333,0.86,0.0733333333333333,0.2433333333333333,0.5066666666666667,0.2266666666666666,1.1966666666666663,0.4533333333333333,0.8233333333333333,1.0,0.0016387085711901807
fMvXX6sYPp0,UCJA0JxljAIViGmZcKf61_vw,El Mike Space,5750.0,,,,,,,,,,,,,,,,,,,0.0016387085711901807
fOE4NCgK4DI,UC_hN8xs99S6jnMdYCuJgoJA,Pinoy Planet,97800.0,0.0,0.0,0.725,0.0,2.865,1.9425,1.6175,1.965,2.3675,1.9175,0.125,0.165,0.6825,0.0475,1.625,0.0,0.205,0.0,3.6015572993190784e-05
fSExytZS5Qo,UCxBWeubuZrc8sQE_bXytgUQ,Justin & Alina,138000.0,0.035,0.0,0.0,0.0,2.445,1.88,0.04,2.66,1.93,2.03,0.0,0.735,0.41,0.2,2.0,1.325,0.62,0.0,0.00013655904759918172
fTdNG9dhoBY,UC1PwIaB8KklVK5iZqbtZErA,Flying Kell,205000.0,1.16,0.5,0.0,2.28,0.0,0.0,0.06,0.0,0.01,0.0,0.78,1.26,0.57,0.85,0.0,0.0,0.0,1.0,0.0002521090109523355
fTnaZwbgRCE,UCYY2mNcq7pv6IRW92JIT6DA,The Juicy Vlog,583000.0,1.23,0.835,0.55,2.02,0.475,0.735,0.31,1.45,0.865,0.0,0.66,0.93,0.275,0.0,2.19,0.025,0.085,2.0,0.00014249639749479832
fVZqyIJNmbg,UC_hN8xs99S6jnMdYCuJgoJA,Pinoy Planet,97800.0,0.93625,0.065,0.4825,0.87875,0.475,0.64125,0.1925,0.44125,0.67125,0.6799999999999999,0.65625,0.42625,0.90875,0.11375,0.5700000000000001,0.355,0.15625,1.0,3.6015572993190784e-05
fXg9Ybo0P-M,UCLQ1V9BthBBZA_mE3QV18eA,Milky Coffee,1530.0,2.52,2.49,0.0,0.94,0.0,0.0,0.0,0.0,0.17,1.33,0.0,0.0,0.4,0.15,0.86,0.0,0.72,2.0,0.0005462361903967269
fYEtozCbX-g,UCi9mzS8H-ez_30w5SCL2dmw,JREKML,1210000.0,,,,,,,,,,,,,,,,,,,6.827952379959086e-05
fZ4XAWBDpFc,UC5NF_7WBa8OVDC0Xbs8yvOg,Japapino World ジャパピーノ,174000.0,0.0,0.0,0.46,0.0,0.18,0.82,0.59,0.46,0.04,0.23,0.0,0.0,0.39,0.0,0.16,0.0,1.19,1.0,0.00018207873013224228
f_zPPqUdWCg,UC3PVtkwtqwCD4LEPguBEADA,Mia Sandoval,395000.0,0.36,0.0,0.22,0.16,1.23,1.5,0.98,1.86,1.17,0.79,0.16,0.15,0.0,0.0,0.9,0.0,0.09,0.0,0.00011705061222787004
f_zZz6jZM3E,UCQYkvXhPNaRxlu-jAI5_5Zg,LeRoc Living Our Life Philippines,1240.0,,,,,,,,,,,,,,,,,,,0.00010572313362517294
fe-67xOe62Q,UCwjWUUCiv_TPoErI9AZv6Lg,BEYONDLOCALGODDESSES,340000.0,,,,,,,,,,,,,,,,,,,0.0004682024489114802
ffK6oaXh3Z8,UCZfYUKBwN396zj6I3DA2k0A,TripTips Podcast,59800.0,0.7355555555555555,0.36,0.3588888888888888,0.7222222222222222,0.4333333333333333,0.4733333333333333,0.1877777777777777,1.0255555555555556,0.6666666666666666,0.4411111111111111,0.2155555555555555,0.2711111111111111,0.3788888888888889,0.0288888888888888,0.6755555555555556,0.55,0.22,1.0,0.0005462361903967269
ffZ2Hqxc_Bg,UCobYD8WgP3GPOqgvXF2Yy1w,Adam and Jane's Lifestyle,75500.0,0.4833333333333333,0.1133333333333333,0.52,0.4533333333333333,0.6266666666666666,1.5466666666666666,0.65,0.7466666666666667,0.8666666666666667,0.3666666666666667,0.5566666666666666,0.09,0.2533333333333333,0.0733333333333333,0.64,1.1233333333333333,0.0866666666666666,1.0,6.827952379959086e-05
fg-aZiawDDI,UCFlBzAKy6NLK_q8eONXE-kg,Mister Shin,52300.0,0.25,0.25,0.0,1.66,1.52,0.23,1.07,0.71,1.18,0.0,0.0,0.0,0.0,0.0,0.12,0.0,0.0,1.0,0.0010924723807934538
fhQ5PvzQolk,UC23SG4XKkSrbhz-bZ2f5Mfw,123JAPAN!,629000.0,,,,,,,,,,,,,,,,,,,0.0002341012244557401
fi-1XRsB_CM,UCkwFvFQ5eIoqsTU7ixK_fqg,Oppa OJay,2920.0,1.0499999999999998,0.0422222222222222,0.4133333333333333,0.3122222222222222,0.5055555555555555,0.5455555555555556,0.2122222222222222,0.9555555555555556,0.9888888888888888,0.5499999999999999,0.2155555555555555,0.0733333333333333,0.3422222222222222,0.0644444444444444,0.3888888888888889,0.2722222222222222,0.1444444444444444,1.0,0.0010924723807934538
fi_yKfF-VWs,UCWY-dF_PUP7mcsNatDd0Gog,Marylou Chanel ,139000.0,,,,,,,,,,,,,,,,,,,0.0010924723807934538
firToZ3-2uk,UC6VT3Fhk2z3-4leoCoZpyPQ,Reação Imediata,169000.0,0.7633333333333333,0.31,0.5366666666666667,1.1866666666666668,0.0633333333333333,0.0733333333333333,0.3766666666666666,0.8866666666666667,0.1966666666666666,0.6233333333333333,0.3333333333333333,0.0566666666666666,0.1566666666666666,0.0133333333333333,0.0466666666666666,0.18,0.4733333333333333,1.0,0.00021849447615869075
fjMzIPNUKXg,UCVv-y0k91qAA-uI_K46UBvg,Dabble and Travel,583000.0,,,,,,,,,,,,,,,,,,,0.00013109668569521446
fjavcf1Nb1g,UCt9BTGSxATM6axwfTY4KnEg,A Foreigner in the Philippines,265000.0,,,,,,,,,,,,,,,,,,,5.462361903967269e-05
fkOld9v1k9c,UCZ8sKDdn4_0utHht48oXyWg,Clarijoy,56.0,,,,,,,,,,,,,,,,,,,0.0010924723807934538
fldZt4yHDU0,UCPAz3hWHiBC-c1x4K0-atsg,Waleska Herrera,1230000.0,0.3725,0.415,0.1,1.1875,0.8525,0.545,0.19,0.945,1.16,0.815,0.5975,0.5675,0.31,0.005,0.69,0.4424999999999999,0.085,1.0,2.074314647076178e-05
fltDl3izfLE,UCO5Jeark1e_JP36mY3ua19g,The Commodity,98300.0,0.0,0.0,0.365,0.0,0.43,0.46,0.63,0.12,0.12,0.38,0.58,1.285,0.95,0.275,0.225,0.5700000000000001,0.33,1.0,6.18380592901955e-05
fmEzwWg6pLY,UC5srj0Tgfq-FuFyk9HFl0Rw,GoldenTV Network,261000.0,,,,,,,,,,,,,,,,,,,0.00032774171423803616
foRhyfUPKe0,UCIk6DASPsMiUXnU6Y1Lz8Ww,We Vybz Tv,116000.0,,,,,,,,,,,,,,,,,,,0.0004682024489114802
foooiQW2Kug,UCQYkvXhPNaRxlu-jAI5_5Zg,LeRoc Living Our Life Philippines,1240.0,,,,,,,,,,,,,,,,,,,0.00010572313362517294
fp19JCP2pCs,UCbPHHOiOY_tA9BSytK0jDYw,Beryl Shereshewsky,859000.0,2.84,0.82,1.17,2.68,0.64,0.4,0.0,0.0,0.0,0.0,1.22,0.3,2.09,0.0,0.0,0.0,0.0,2.0,0.00019278924366943303
fqJRKSNryFU,UC9jKcnqQ1TziJRAkSXbNISA,Happiness Crossing,106000.0,0.2433333333333333,0.02,0.0416666666666666,0.2433333333333333,1.0816666666666668,0.645,0.4083333333333334,0.5566666666666666,1.4883333333333333,1.2133333333333334,0.1133333333333333,0.0,0.24,0.0,0.8583333333333334,0.0833333333333333,0.06,0.0,0.0006554834284760723
frFCKsWidu8,UCp17yfUHfvmjHpHa0xKOmig,Mr BulBul,339000.0,0.0,0.0,1.15,1.3,0.45,0.47,1.4,0.0,0.05,0.53,0.49,1.72,0.16,0.9,0.47,1.96,0.11,1.0,0.0006554834284760723
ftwXLK-RYvQ,UCbfLaTfmCeR2aykiRSGBbTQ,Katriinka,536000.0,0.25,0.0,0.05,0.0,1.605,1.195,0.085,1.31,2.67,1.17,0.235,0.0,0.0,0.09,1.97,0.41,1.355,0.0,0.00027311809519836344
fujA6IeNcZA,UCLvnKTwSZEnCbTHNnqiivRQ,Dodo Explorers,188000.0,1.445,1.14,0.0,1.1,1.435,2.265,0.405,1.43,1.425,0.7,0.46,0.0,0.13,0.07,1.4,0.875,0.0,0.0,0.00020483857139877258
fvzcwqQtk4I,UC_hN8xs99S6jnMdYCuJgoJA,Pinoy Planet,97800.0,0.02,0.0,1.14,0.0,0.07,1.39,0.42,0.0,0.0,0.0,0.32,0.0,1.48,0.31,1.04,0.89,0.0,1.0,3.6015572993190784e-05
fwBAEa4VFUc,UCaGbxfCf3D4pwjR2kXTYhZg,D&J TV,21400.0,0.785,0.52,2.14,1.505,1.315,1.5650000000000002,1.175,0.52,0.17,0.425,0.48,1.14,0.7,0.335,1.89,1.225,0.0,1.0,0.00040967714279754517
fwu5PHkejMQ,UCtA6aAfZDMu9KPFNFvYz18A,American Foreigner,1260.0,,,,,,,,,,,,,,,,,,,0.0016387085711901807
fybqI8z9jhk,UCAUgY9e_n2DhyZTgvPRoJnQ,TriFate Geo,171000.0,1.3233333333333333,1.79,0.3166666666666667,1.9833333333333327,0.36,0.9466666666666668,0.1166666666666666,0.6533333333333334,0.31,0.02,0.1766666666666666,0.0,0.0,0.0,1.403333333333333,0.2866666666666667,0.1833333333333333,2.0,6.426308122314434e-05
fzb_OTsJQ9s,UC8fwExOkHg0_fX_XJcR31NA,Harry Jaggard,2530000.0,1.54,1.51,1.6,0.2,1.55,0.0,0.0,1.6,2.18,2.43,0.0,0.0,0.0,0.73,2.53,0.98,1.93,0.0,0.0008193542855950903
g2QVIR2UGyM,UCV2Ge_U5k5tSxmCFt4DjvxA,ROYAL TEHILLAH TV REACTS,123000.0,1.26,2.51,0.0,3.23,0.0,0.0,0.0,0.0,0.0,0.0,0.0,0.08,0.0,0.0,0.0,0.22,0.0,2.0,0.0010924723807934538
g2a8zpm2_Y0,UC7HxIb6bY4-ymtAOS_MGsOw,VI3ION,606000.0,0.8125,0.2625,0.4525,1.385,0.8525,0.54,0.385,0.7875,0.9625,0.68,0.155,0.5575,0.3825,0.04,1.1725,0.7875,0.1625,1.0,0.0001560674829704934
g5ADP70RX5I,UC5D3ztXVDZOUB8Gp7XPsuPA,Dennis Asuncion,44.0,,,,,,,,,,,,,,,,,,,0.0008193542855950903
g75rWQokYBA,UC6S7VHnNAiUhWYETfqXbUww,WenBellelife,2970.0,1.245,1.82,0.115,0.4,0.03,1.08,0.0,0.255,0.245,0.21,0.32,0.225,0.345,0.0,0.55,0.335,0.37,1.0,0.0010924723807934538
g7CpdlAtw-M,UCV9l2OvfTRuRaCpewolcAww,Just be free,56400.0,2.23,1.48,0.0,1.67,0.15,0.58,0.92,1.31,0.0,1.15,1.28,0.16,0.53,0.0,1.52,1.9,0.0,2.0,0.0016387085711901807
g7H5W79J3fc,UC3PVtkwtqwCD4LEPguBEADA,Mia Sandoval,395000.0,0.5950000000000001,0.0,0.175,0.535,0.925,1.4,0.075,1.715,1.06,0.14,0.62,0.595,0.0,0.0,0.665,0.0,0.0,1.0,0.00011705061222787004
g9c_LPCjA4Y,UC7HxIb6bY4-ymtAOS_MGsOw,VI3ION,606000.0,1.1366666666666667,1.1033333333333333,0.1466666666666666,1.19,0.3833333333333333,0.1933333333333333,0.0433333333333333,0.3066666666666667,0.1233333333333333,0.0,0.0566666666666666,0.4533333333333333,0.7933333333333333,0.0366666666666666,0.6766666666666666,0.5433333333333333,0.0999999999999999,1.0,0.0001560674829704934
g9lf5YyB4Nc,UCLmnb38gWWR2E9h6hP4nBUA,Mithilesh Backpacker,1090000.0,0.47,0.0,0.0,0.11,1.6349999999999998,0.745,0.0,0.7949999999999999,2.145,1.65,0.0,0.455,0.845,0.495,0.79,0.0,0.0,0.0,0.0008193542855950903
gC4nON-snQM,UCTYLltHLCjnZc7g9ltZeDVw,Meet The Nomads,14500.0,0.265,0.0,0.0,0.395,1.5099999999999998,2.705,0.945,2.1,0.74,1.055,0.7000000000000001,1.22,0.535,0.84,1.0,2.095,0.115,0.0,0.0005462361903967269
gCXHC924bg4,UCQYkvXhPNaRxlu-jAI5_5Zg,LeRoc Living Our Life Philippines,1240.0,,,,,,,,,,,,,,,,,,,0.00010572313362517294
gCq3LL5YKc0,UCuPeIORnvAlUqxqPNd4cu-Q,Jobstob,190.0,,,,,,,,,,,,,,,,,,,0.0010924723807934538
gDc-8jQq9ss,UCo5IPeTfhzXzzNB64ALUSUw,The Demouchets REACT,182000.0,0.71,1.0025,0.0,0.5125,1.02,0.2675,0.4025,0.945,1.595,1.8475,0.3225,0.945,0.5525,0.235,0.7000000000000001,0.375,0.0525,1.0,0.00018207873013224228
gESc3obVL1c,UCPAz3hWHiBC-c1x4K0-atsg,Waleska Herrera,1230000.0,0.4983333333333333,0.0825,0.1933333333333333,0.625,0.3458333333333334,0.5733333333333334,0.2233333333333333,0.6941666666666667,0.7883333333333334,0.5258333333333334,0.2266666666666666,0.3116666666666667,0.1924999999999999,0.0225,0.6033333333333334,0.4075,0.0058333333333333,1.0,2.074314647076178e-05
gEdn370z8Qg,UCIy2G4YYM7zSEkNA3RI3-Xw,Nomad Escape,1080.0,2.17,0.43,0.16,1.48,0.48,1.59,0.0,1.24,0.84,0.09,0.12,0.5,0.0,0.52,0.97,0.64,0.0,2.0,0.0016387085711901807
gFLuLmSjVCI,UCt9BTGSxATM6axwfTY4KnEg,A Foreigner in the Philippines,265000.0,,,,,,,,,,,,,,,,,,,5.462361903967269e-05
gFOYVZiyCXA,UC_hN8xs99S6jnMdYCuJgoJA,Pinoy Planet,97800.0,0.93,0.0,1.57,2.07,0.0,0.0,0.98,0.36,0.0,0.63,1.33,0.07,0.0,0.43,0.09,0.96,0.0,1.0,3.6015572993190784e-05
gGlQ3dPGLOg,UCQ_M-mpuRZyz0W6gJYIfdGA,Voltaire Travels,17200.0,,,,,,,,,,,,,,,,,,,0.0008193542855950903
gJ5DDXZtJbE,UCPAz3hWHiBC-c1x4K0-atsg,Waleska Herrera,1230000.0,0.3533333333333333,0.51,0.4733333333333333,0.5766666666666667,0.57,0.3833333333333333,0.13,0.83,1.4666666666666668,1.1766666666666667,0.1366666666666666,0.2433333333333333,0.5833333333333334,0.1233333333333333,0.57,0.64,0.0733333333333333,1.0,2.074314647076178e-05
gJ9rEQGJBF4,UCcAd5Np7fO8SeejB1FVKcYw,Best Ever Food Review Show,11600000.0,,,,,,,,,,,,,,,,,,,0.0006554834284760723
gL_3rTTAsoE,UCPAz3hWHiBC-c1x4K0-atsg,Waleska Herrera,1230000.0,0.6766666666666667,0.0,0.61,0.8066666666666666,0.29,0.5066666666666667,0.2233333333333333,0.6366666666666666,0.4933333333333333,0.5566666666666666,0.5166666666666667,0.0,0.63,0.3699999999999999,0.5033333333333333,0.7200000000000001,0.0566666666666666,1.0,2.074314647076178e-05
gOLEdV2Ry64,UCO-BUJCM03NS-rwr1VonV4A,Divert Living,315000.0,0.5599999999999999,0.112,0.3319999999999999,1.0699999999999998,0.688,0.7,0.508,0.704,0.474,0.102,0.726,1.258,0.304,0.3379999999999999,0.432,1.338,0.056,1.0,0.00032774171423803616
gOoPte3IXUg,UCLPLXSPgySkBypwpi6BrMwg,Jessica Lee,1680000.0,,,,,,,,,,,,,,,,,,,0.0002521090109523355
gQU_GTWKHyA,UClLLgUzJ-blYmmxLvv-hkGw,Rebecca Vocal Athlete,1270000.0,,,,,,,,,,,,,,,,,,,0.0010924723807934538
gR7AcCJWkiQ,UCPAz3hWHiBC-c1x4K0-atsg,Waleska Herrera,1230000.0,0.2166666666666666,0.9033333333333332,0.5033333333333333,1.913333333333333,0.77,1.51,0.59,1.1833333333333331,1.2866666666666666,0.98,0.45,0.2633333333333333,0.8799999999999999,0.0,2.1633333333333336,1.2233333333333334,0.1399999999999999,0.0,2.074314647076178e-05
gT9mUbAE0lA,UCeT1qAcQxLP6cEfbMe85QCQ,Yoshi the Japanese Guy,165000.0,0.97,1.3,0.0,1.2,0.0,0.8466666666666667,0.16,0.13,0.32,0.0,0.5733333333333334,0.6233333333333334,1.0166666666666666,0.4433333333333333,0.6666666666666666,0.3533333333333333,0.1166666666666666,1.0,0.0001489735064718346
gTQjM29EbrM,UCoqGJPtvsPpALlhtqB1lcHA,Chris Lewis,1260000.0,,,,,,,,,,,,,,,,,,,0.0005462361903967269
gTeTykurNzg,UCeT1qAcQxLP6cEfbMe85QCQ,Yoshi the Japanese Guy,165000.0,0.0,0.0,0.54,0.0,3.95,3.935,2.56,3.04,3.18,1.02,0.0,0.0,0.815,0.015,3.235,1.01,1.47,0.0,0.0001489735064718346
gVMU4O0QKCo,UCbbw0svE3owMHUQcsL0nnUA,Happiness Boms,9330.0,,,,,,,,,,,,,,,,,,,0.00040967714279754517
gXm5OrH8lAA,UCKd9gq6eJCV7j5FO75q2_Fg,Frank,23800.0,,,,,,,,,,,,,,,,,,,0.0002979470129436692
gYW5By-VDYs,UCRFj4Yj1nKhgrT-_8AUsaDg,DancingBacons,3320000.0,,,,,,,,,,,,,,,,,,,0.0010924723807934538
gYgT67a5DXg,UC3ZnKcjVu7GszgdBe4uRZ3A,Dwaine Woolley,1390000.0,,,,,,,,,,,,,,,,,,,0.00040967714279754517
gYmK61cLH1E,UCryJ4vhASeu7uhXRPOL3WhA,What's up Philippines,311000.0,,,,,,,,,,,,,,,,,,,2.621933713904289e-05
g_u5v6tPnD0,UCAxCIp9ngVqLFSDtX5o4LXw,"CebuWomen,com",20900.0,1.272,0.108,0.5700000000000001,0.8219999999999998,0.8620000000000001,1.5559999999999998,0.712,1.3199999999999998,0.6880000000000001,1.6960000000000002,0.426,0.79,0.89,0.674,0.912,0.99,0.438,1.0,0.0008193542855950903
gcVlJzYshHY,UCWjSwkIn2gGgETcZZYaO-6g,RETIRING IN PARADISE,17000.0,0.77,0.41,0.0,1.2,0.61,0.0,0.07,2.17,0.85,0.79,0.06,0.88,0.0,0.26,0.15,1.67,0.0,1.0,8.62478195363253e-05
gca99X5zCuE,UCRMFxneB9LL4oSkLYUq4-fA,Travel Pictorial,1590.0,,,,,,,,,,,,,,,,,,,0.0016387085711901807
gcjP_DqdA28,UCi9mzS8H-ez_30w5SCL2dmw,JREKML,1210000.0,,,,,,,,,,,,,,,,,,,6.827952379959086e-05
gdpF56G4_mo,UCCmOEA_pHWssQQRvLFHJh5A,PILIPINO .COM,3430.0,1.355,0.11,0.0,0.2,0.495,1.515,0.0,0.435,0.905,0.905,0.4,0.02,1.205,0.92,0.15,0.055,0.0,1.0,0.0016387085711901807
ge_Aax3qguI,UCU3bXpOvu7imTFlOhMT8-hw,Travis Atreo,316000.0,0.655,0.005,0.495,0.0,0.395,1.86,0.925,0.91,0.325,0.18,0.145,0.0,0.135,0.0,0.745,1.07,0.86,1.0,0.0010924723807934538
ghVDPDJQOo4,UCZfYUKBwN396zj6I3DA2k0A,TripTips Podcast,59800.0,0.758,0.0,0.41,0.6639999999999999,0.6060000000000001,1.0719999999999998,0.744,0.726,0.472,0.05,0.63,0.094,0.196,0.09,0.438,0.624,0.002,1.0,0.0005462361903967269
ghsdnqHHVUI,UCwvenK2H-fNo4uUE7SRJL9g,Glasses Kingdom,283000.0,5.0,5.0,0.0,5.0,1.96,5.0,0.0,5.0,0.0,3.89,5.0,0.0,0.0,5.0,3.91,5.0,0.0,2.0,0.0010924723807934538
giuIZyBvR78,UCf3X_a7dNwSerXn74Kh88LA,Noname,4500.0,2.11,1.895,0.83,0.3399999999999999,0.525,1.975,0.39,1.355,0.33,0.515,0.5700000000000001,0.73,0.0,0.0,0.56,0.22,0.19,2.0,0.0008193542855950903
gkliaVV_wHk,UCi1ynaf3mWz-mgim7LvqjzQ,Smile Squad Comedy,2620000.0,1.814,1.144,0.296,0.8619999999999999,0.8899999999999999,0.728,0.5579999999999999,0.778,1.0379999999999998,0.22,0.926,0.998,0.0,0.76,1.356,0.046,0.018,1.0,0.0010924723807934538
glHqnIsRB9o,UC0v-tlzsn0QZwJnkiaUSJVQ,REACT,20100000.0,,,,,,,,,,,,,,,,,,,0.0006554834284760723
glx5sAPxdvo,UCRzBNJTsBe2rq6pkyXeaj1A,TriFate Lifestyle,161000.0,1.81,0.0,0.0,0.0,1.59,3.31,1.38,1.31,0.0,3.6,1.71,1.17,1.21,1.77,0.99,0.0,0.07,0.0,0.0001724956390726506
gn241YM147E,UCl4I_ztLWgW8ybm9M0n1pyg,Nic & Rei,14700.0,0.0,0.53,0.0,0.0,1.125,1.975,0.0,0.665,2.35,0.145,0.0,0.0,0.345,0.0,1.55,0.6499999999999999,0.055,0.0,0.00010572313362517294
gnYEDeL-jys,UC_hN8xs99S6jnMdYCuJgoJA,Pinoy Planet,97800.0,1.66,2.8,0.0,2.35,0.09,0.35,0.0,0.0,1.12,1.43,0.0,0.44,0.0,0.88,0.18,0.0,0.0,2.0,3.6015572993190784e-05
gneWTTqkMb0,UCPyi-4WfF63TJ95zKShawcw,itsKEVO,490000.0,0.755,0.53,1.315,1.995,0.755,0.0,0.605,0.805,0.67,0.04,0.545,0.03,0.0,0.335,1.36,0.115,0.1,1.0,0.0002341012244557401
gomF10frVJg,UCWjSwkIn2gGgETcZZYaO-6g,RETIRING IN PARADISE,17000.0,1.7033333333333331,0.1666666666666666,0.42,0.7400000000000001,0.2466666666666666,1.6133333333333333,0.2366666666666666,0.2666666666666666,0.3966666666666666,0.0,1.403333333333333,0.5433333333333333,0.0266666666666666,0.0,0.3266666666666666,0.0,0.0,1.0,8.62478195363253e-05
gqwRdGC87hY,UC-VUzVsTFTXMU7aSf-lEsiA,Rare Soul Worldwide,95200.0,0.38,0.0,0.8,0.02,0.715,2.015,1.245,2.185,0.0,0.0,0.755,0.505,0.0,0.11,0.545,0.1,0.505,1.0,0.0008193542855950903
gtmx2uDj6lA,UCTPxMCyJyYGF6H0eBhOvgsA,Pinay mom's blogs,7390.0,,,,,,,,,,,,,,,,,,,0.0001724956390726506
gu3UXQ57Ixc,UCCz0biXWeNqw1zkVLs_I40A,Foodie Legends,2140.0,0.0,0.0,0.0,0.64,0.4,0.0,0.01,1.39,1.01,2.83,1.06,0.0,0.0,4.45,0.14,0.0,0.19,1.0,0.0005462361903967269
gvZQWaSkUyk,UCPAz3hWHiBC-c1x4K0-atsg,Waleska Herrera,1230000.0,0.787,0.272,0.2469999999999999,0.434,0.404,0.433,0.152,0.639,0.926,0.7289999999999999,0.403,0.109,0.519,0.094,0.631,0.348,0.025,1.0,2.074314647076178e-05
h0_SUfJyUNE,UCKwZl6q61VdPVQOiPV6INsw,Filip Nikoloski,1440.0,,,,,,,,,,,,,,,,,,,0.0016387085711901807
h1C0BhDX_J0,UCRNHIq5_JclKEK4Gbx1UFDw,한인타운리조트 호텔&풀빌라,245000.0,,,,,,,,,,,,,,,,,,,0.00036415746026448456
h3oDBiMbiak,UCFjh6CdEwrQrKf4o9QUnoEA,ONE FILIPINO TV,145000.0,0.8099999999999999,0.0499999999999999,0.0,0.7799999999999999,1.6366666666666667,1.8166666666666669,0.4366666666666667,0.98,1.9566666666666668,0.6933333333333334,0.0,0.0,0.9133333333333334,0.1533333333333333,1.5366666666666668,0.0133333333333333,0.0633333333333333,0.0,0.00036415746026448456
h4Az7Vp2d5c,UCW66Ck8Lc8M39UHY3TaKf4A,Dan and Lyn,16300.0,0.23,0.0,0.5549999999999999,0.0,2.6900000000000004,1.64,0.425,1.745,2.52,1.3250000000000002,0.0,0.0,0.0,0.04,1.705,0.215,0.355,0.0,0.0004682024489114802
h4dAbH5Gok8,UCzfEqx1_-zs2xUUzI3jVRSg,FinnSnow,541000.0,,,,,,,,,,,,,,,,,,,0.00016387085711901808
h665wY-sy9E,UCWjSwkIn2gGgETcZZYaO-6g,RETIRING IN PARADISE,17000.0,1.805,0.255,0.34,0.45,0.57,2.035,0.0,0.39,0.7,0.0,1.81,0.7100000000000001,0.01,0.0,0.0,0.0,0.0,1.0,8.62478195363253e-05
h6w9txRvoHs,UCvsb2dwX9pL-_QX8blpQ_Ag,Max & Sujy POL,48800.0,1.106666666666667,0.5466666666666666,0.31,0.9433333333333334,0.71,0.49,0.47,0.5,0.4433333333333333,0.0,0.0833333333333333,0.0,0.3466666666666667,0.0999999999999999,1.2366666666666666,0.9966666666666666,0.0166666666666666,1.0,0.0005462361903967269
h9FLZWWDO1M,UCCgVh36x3hbuRnHMpwl443Q,Music Game News,1210000.0,1.65,3.29,0.21,3.39,0.0,0.0,0.0,0.35,0.83,0.0,0.09,0.0,0.75,0.0,3.25,2.67,0.0,2.0,8.193542855950904e-05
h9Sz_ruSRS8,UC-BKXdCFnPmTpljrxxYu7dQ,IFCGuam,21000.0,,,,,,,,,,,,,,,,,,,0.0010924723807934538
hD5quR_Rdg8,UCobYD8WgP3GPOqgvXF2Yy1w,Adam and Jane's Lifestyle,75500.0,0.1766666666666666,0.0,0.0,0.0533333333333333,1.22,2.276666666666667,0.3033333333333333,0.9466666666666668,1.4866666666666666,0.3033333333333333,0.02,0.0,0.18,0.1033333333333333,0.5933333333333334,0.4966666666666666,0.0,0.0,6.827952379959086e-05
hDqk1d-s-0s,UC_hN8xs99S6jnMdYCuJgoJA,Pinoy Planet,97800.0,0.715,0.185,0.72,1.31,0.0,0.185,0.13,0.05,0.0,0.295,1.03,0.1,0.405,0.51,0.29,0.295,0.21,1.0,3.6015572993190784e-05
hFTeMAm_-SY,UCVSdxedjinPBsW9oMdFbNng,Baked Mhack,3360.0,0.79,0.0,0.0,1.38,0.0,0.0,0.12,0.09,0.18,0.87,1.07,1.06,0.22,0.8,0.0,0.0,0.0,1.0,0.0016387085711901807
hGycDlUAM5w,UCKd9gq6eJCV7j5FO75q2_Fg,Frank,23800.0,,,,,,,,,,,,,,,,,,,0.0002979470129436692
hHBhgilEpYo,UCtzKfl7mVo9Bi-DzGMFmnqg,Flora and Note,202000.0,0.685,0.36,0.04,0.115,2.23,1.1749999999999998,0.0,2.285,2.5,1.0,0.67,0.0,0.0,0.0,1.96,0.255,0.0,0.0,0.0006554834284760723
hHOijT_ab2w,UCIf4OAWnvOnJwoGrOuFu3xg,Eoin and Aisling,52700.0,2.13,2.27,0.0,0.0,2.44,0.38,0.09,3.39,1.76,0.0,0.0,0.0,0.46,0.0,3.01,0.21,0.0,0.0,0.0010924723807934538
hKdMzQxH_kY,UCzx36kqBqXsl6kSEkpQbwCw,Simple Street Interview,9230.0,,,,,,,,,,,,,,,,,,,0.0005462361903967269
hNtIZtr4V_A,UCobYD8WgP3GPOqgvXF2Yy1w,Adam and Jane's Lifestyle,75500.0,0.52,0.0,0.3633333333333333,0.0333333333333333,0.3966666666666666,0.99,0.2799999999999999,1.0433333333333332,0.7399999999999999,0.6266666666666667,1.0133333333333334,0.27,0.84,0.18,0.8133333333333334,0.91,0.3133333333333333,1.0,6.827952379959086e-05
hO8DBCJyIQc,UCewharJXyf740yMFg9qNcbw,3 stars and a sun,124000.0,,,,,,,,,,,,,,,,,,,0.0016387085711901807
hOeiBb1UYV4,UCAUgY9e_n2DhyZTgvPRoJnQ,TriFate Geo,171000.0,1.31,2.245,0.0,3.2350000000000003,0.0,0.0,0.0,0.0,0.0,0.0,0.1,0.0,0.06,0.025,0.78,0.47,0.0,2.0,6.426308122314434e-05
hRQ-lBxLciY,UCQYkvXhPNaRxlu-jAI5_5Zg,LeRoc Living Our Life Philippines,1240.0,,,,,,,,,,,,,,,,,,,0.00010572313362517294
hSUCsi3FdCU,UC6wVxQeATe3O2XaANCjWFGA,The Rage and The Worst,143000.0,0.5966666666666667,0.7533333333333333,0.61,1.0433333333333332,0.4633333333333334,1.18,0.19,0.2299999999999999,0.5933333333333334,1.1733333333333331,0.41,0.11,0.03,0.1899999999999999,0.8266666666666667,0.0,0.0433333333333333,1.0,0.0016387085711901807
hSyCMoCcrFY,UCtNK-R1uX4hKBYU-GM54gHQ,JJ's Journey,12600.0,0.0,0.0,0.0,0.0,1.3050000000000002,0.82,0.28,1.55,2.43,0.74,0.3,0.0,0.0,0.37,2.44,0.8,0.05,0.0,0.0008193542855950903
hT3yEHLX53g,UCPAz3hWHiBC-c1x4K0-atsg,Waleska Herrera,1230000.0,0.384,0.118,0.3,0.6439999999999999,0.6060000000000001,0.474,0.614,0.37,0.472,0.378,0.4,0.346,0.168,0.312,0.826,0.836,0.394,1.0,2.074314647076178e-05
hT9aR5J2v0U,UCQKWCDl0BKMIAj-mrjLIySg,Sylvia Kim,492000.0,1.23,1.46,0.0,0.4,0.32,0.0,0.0,0.34,1.36,0.0,0.0,0.0,0.0,0.0,2.14,1.28,0.0,2.0,0.0006554834284760723
hUAsMMhIM-A,UCAUgY9e_n2DhyZTgvPRoJnQ,TriFate Geo,171000.0,1.45,1.88,0.0,2.77,1.405,0.85,0.095,2.09,2.655,0.82,0.0,0.0,0.0,0.06,3.02,0.065,0.0,2.0,6.426308122314434e-05
hUogazKVhDQ,UCJQGZLrvW7rFb-E2HLSlG1A,Huller Dorothy,146000.0,1.125,0.265,0.68,0.76,0.84,1.3450000000000002,0.705,0.325,1.055,0.365,0.27,0.0,0.0,0.835,0.0,1.415,0.09,1.0,0.0010924723807934538
hVZCrVzgTlI,UCCAh-tDKBja88N59E-KwL3g,Village People Philippines,182000.0,,,,,,,,,,,,,,,,,,,0.0008193542855950903
hVeDaOAjFGo,UCzfEqx1_-zs2xUUzI3jVRSg,FinnSnow,541000.0,,,,,,,,,,,,,,,,,,,0.00016387085711901808
hWIMspWuVEI,UC59u71tLfhC3_tYIQNc_m3g,Ychelle AUS Life,4880.0,0.785,0.0,0.0,0.275,1.04,0.955,0.26,0.605,1.55,0.115,0.14,0.0,0.12,0.6,1.43,0.0,0.0,1.0,0.0010924723807934538
hWUdgZbOD6o,UC9DwgmJc-uKnxGavukOy_6w,Aaron Around,9540.0,1.94,1.85,0.0,2.85,0.42,0.4,0.46,1.83,1.19,1.86,0.49,0.0,0.53,0.0,1.98,1.23,0.0,2.0,0.00016387085711901808
hWw6Ua4wyMs,UCV3Nm3T-XAgVhKH9jT0ViRg,AJ+,2350000.0,1.335,0.13,1.3,1.005,0.635,1.815,0.0,0.6,0.4,0.425,0.815,0.475,0.0,0.0,0.145,0.965,0.045,1.0,0.0010924723807934538
hXNgY7JiKdA,UCOvLWcHoB4aujwiWKme_pFg,Kumander Daot,241000.0,,,,,,,,,,,,,,,,,,,0.0005462361903967269
hXSsMzaopZo,UCQeId4nRsnx62iXv7-6_-OQ,Explore ORZ,515.0,0.0,0.0,0.0,0.64,2.35,1.71,0.0,1.64,3.21,1.53,0.0,0.0,0.68,0.0,2.14,0.17,0.0,0.0,0.0016387085711901807
hXSxTOWc_Lk,UCZfYUKBwN396zj6I3DA2k0A,TripTips Podcast,59800.0,0.078,0.0,0.186,0.018,1.4419999999999995,1.988,0.53,1.094,1.648,1.14,0.048,0.0,0.368,0.0,1.72,0.264,0.212,0.0,0.0005462361903967269
hXqd0Uz6-e0,UCAUgY9e_n2DhyZTgvPRoJnQ,TriFate Geo,171000.0,1.04,1.2333333333333334,0.0,1.4666666666666668,0.3266666666666666,0.7333333333333334,0.3466666666666667,0.48,0.22,0.2066666666666666,0.3033333333333333,0.5733333333333334,0.4566666666666667,0.0366666666666666,1.18,0.7000000000000001,0.0566666666666666,2.0,6.426308122314434e-05
hcWVcx2dnUs,UCryJ4vhASeu7uhXRPOL3WhA,What's up Philippines,311000.0,,,,,,,,,,,,,,,,,,,2.621933713904289e-05
hdZydzqcaiU,UCPAz3hWHiBC-c1x4K0-atsg,Waleska Herrera,1230000.0,0.3142857142857143,0.1657142857142857,0.3357142857142857,1.1871428571428573,0.2428571428571428,0.5428571428571428,0.2485714285714285,0.5285714285714286,0.39,0.1542857142857143,0.1928571428571428,0.11,0.1399999999999999,0.0,0.45,0.852857142857143,0.0,1.0,2.074314647076178e-05
hdo7ZFTK4ZE,UC2BFx9glnPZ-fK3UPDo3V3A,Foodbeast,352000.0,2.35,1.0,0.0,1.88,0.86,0.0,0.0,2.31,2.0,1.45,0.0,1.23,0.0,0.0,1.25,0.0,0.0,2.0,0.0010924723807934538
heLXsSzsaC0,UCryJ4vhASeu7uhXRPOL3WhA,What's up Philippines,311000.0,,,,,,,,,,,,,,,,,,,2.621933713904289e-05
hfXFgWZdQFE,UCt9CPuWfS9HgRZmSYpGPFaw,SUCCESS Vlogs,53600.0,,,,,,,,,,,,,,,,,,,0.00027311809519836344
hgBgdXzgxvo,UCYVEmKA1m5Y6TiErpVv1RnQ,Lucky Doyun Family 🇰🇷,226000.0,0.5249999999999999,0.48,0.7625,0.0175,0.32,0.23,0.065,0.9625,0.655,0.295,1.0825,0.92,0.2125,0.1425,0.9325,0.7725,1.2575,1.0,0.0016387085711901807
hgulTvzsAHk,UCdCnKT0VRYYs8naihV8y1Rg,OurSignedWorld,381000.0,0.49,0.0,0.55,0.655,0.49,0.375,0.0,1.125,0.78,0.51,0.54,0.0,0.0,0.0,1.1800000000000002,1.115,0.0,1.0,0.0016387085711901807
hh2IkTHssl8,UCRzPUBhXUZHclB7B5bURFXw,Eater,3860000.0,0.0,0.0,0.0,0.0,1.31,1.41,1.32,1.13,1.01,1.78,0.56,1.11,0.32,0.53,0.0,0.31,0.02,0.0,0.00021849447615869075
hiNEYRY3h9Y,UCKLlmM881k4QZN-iUAFIQfw,Susie in the Philippines,128000.0,,,,,,,,,,,,,,,,,,,0.00013109668569521446
hjXcUMjQVOQ,UCPAz3hWHiBC-c1x4K0-atsg,Waleska Herrera,1230000.0,0.06,0.0,0.8475,0.2225,0.5599999999999999,0.68,0.7325,0.7,0.9775,0.585,0.1999999999999999,0.0,0.22,0.0,1.3025,0.07,0.34,1.0,2.074314647076178e-05
hjfRy74D8os,UC8TejFCTSwkcpOubPVOcCaQ,Robbie Travels,3220.0,0.525,0.37,0.52,0.29,0.685,0.7150000000000001,0.415,0.64,0.425,0.6,0.365,0.415,0.395,0.43,0.44,1.28,0.19,1.0,0.0005462361903967269
hmSjexjwW1M,UCeT1qAcQxLP6cEfbMe85QCQ,Yoshi the Japanese Guy,165000.0,,,,,,,,,,,,,,,,,,,0.0001489735064718346
hp6WBMNS9p8,UCuNaiEm7eKFj6E_S_IcfeOg,Sam Fujin,67.0,,,,,,,,,,,,,,,,,,,0.0010924723807934538
hp_gdBK2_y0,UC9DwgmJc-uKnxGavukOy_6w,Aaron Around,9540.0,0.49,0.56,0.415,0.145,2.205,1.895,0.485,2.44,1.715,0.835,0.61,0.46,0.49,0.015,1.7,0.0,0.765,0.0,0.00016387085711901808
hqSAIh6wLSg,UCEDrRCC0qRtPd5-sSa1hajw,The Endless Adventure,628000.0,0.985,0.735,0.0,1.12,1.205,1.895,0.175,1.33,2.645,1.4700000000000002,0.0,0.0,0.985,0.0,2.38,0.205,0.0,0.0,0.0006554834284760723
hrECwxk0Tvo,UCRkBBXlng9x1PBS4bZs9oZg,니후Nihoo,701000.0,0.9399999999999998,0.072,1.158,1.534,0.618,0.784,0.506,0.5660000000000001,0.45,1.058,0.8039999999999999,0.106,0.396,0.156,0.462,0.6220000000000001,0.0419999999999999,1.0,0.0010924723807934538
hs8bgxuPzjU,UCQKWCDl0BKMIAj-mrjLIySg,Sylvia Kim,492000.0,0.0499999999999999,0.0,0.2671428571428571,0.1228571428571428,0.3428571428571428,0.8385714285714286,0.14,0.1042857142857142,0.38,0.0757142857142857,0.0942857142857142,0.2742857142857143,0.19,0.0,0.3157142857142857,0.5642857142857143,0.15,1.0,0.0006554834284760723
hsnlBpKVFnI,UCYr4VTQfBpXrccQw_H2S8RA,JUICY REACTS,318000.0,0.895,0.405,0.4275,0.8175,0.58,2.06,0.8425,0.4499999999999999,0.5125,0.8049999999999999,1.0775,0.495,0.4925,0.0,0.525,0.405,0.4675,1.0,0.00012138582008816153
ht-EU_RWPg0,UCbPHHOiOY_tA9BSytK0jDYw,Beryl Shereshewsky,859000.0,2.17,1.76,0.57,0.22,0.77,0.57,0.0,1.38,1.35,0.9,0.23,0.0,0.98,0.0,2.18,1.5,1.9,2.0,0.00019278924366943303
hwxmHRrlMwY,UCbPHHOiOY_tA9BSytK0jDYw,Beryl Shereshewsky,859000.0,1.305,0.525,0.315,1.57,1.6949999999999998,1.19,0.0,1.19,1.865,0.415,0.0,0.745,0.665,0.195,1.25,0.39,0.015,0.0,0.00019278924366943303
hx87rior7Q0,UC1PwIaB8KklVK5iZqbtZErA,Flying Kell,205000.0,1.5,0.43,0.0,1.26,0.63,1.39,0.52,1.44,1.04,0.14,0.0,0.0,0.0,0.0,1.72,0.09,1.62,0.0,0.0002521090109523355
hxBihR-xLM4,UCPAz3hWHiBC-c1x4K0-atsg,Waleska Herrera,1230000.0,0.8049999999999999,1.02,0.6725,0.5875,0.03,0.3475,0.0875,0.0,0.0,0.0,0.4725,0.0,0.0,0.0,0.39,0.25,0.1325,1.0,2.074314647076178e-05
hyOrmKeF32k,UCfot-hD35IfUqXC9JXcVatg,Island Life,63400.0,,,,,,,,,,,,,,,,,,,0.0006554834284760723
hyaQkvX-gOs,UC_hN8xs99S6jnMdYCuJgoJA,Pinoy Planet,97800.0,0.57,0.64,0.0,0.0,1.28,1.37,0.0,1.69,3.1,1.89,0.0,0.6,0.0,0.27,2.35,0.0,0.0,0.0,3.6015572993190784e-05
i-jUGRMh3vQ,UChAO_nsjsixwuFHtjPIgz2A,Story of Monika,3130.0,,,,,,,,,,,,,,,,,,,0.0008193542855950903
i0AjtpI81xs,UColnnUYyz7CWjhzpF1kASnw,NOW UNITED,7970000.0,,,,,,,,,,,,,,,,,,,0.00019278924366943303
i19jJbU8n3o,UC1PwIaB8KklVK5iZqbtZErA,Flying Kell,205000.0,0.025,0.0,0.485,0.385,0.78,1.66,0.295,1.31,0.925,1.115,1.955,1.0,0.0,1.175,0.31,0.01,0.0,1.0,0.0002521090109523355
i2ivLsfmFoQ,UCMJlGrPk73l9U6qahc8D_gA,Randy Santel,1790000.0,0.0,0.0,0.0,0.0,1.85,1.58,0.95,2.21,2.91,1.45,0.0,0.0,0.0,0.0,2.93,0.12,0.58,0.0,0.0005462361903967269
i3Y9xl9ckWU,UCbDelWG0lH_xzQjnH-bNB_w,josie lifts things,1080000.0,0.0,0.0,0.0,0.465,1.74,2.0500000000000003,0.39,1.41,1.63,1.54,0.0,0.0,1.36,0.0,3.115,1.03,0.32,0.0,0.0002521090109523355
i3jJKdIw3ms,UCU1wi0E8d98o0KTaOGJbieg,Paddy Doyle,303000.0,,,,,,,,,,,,,,,,,,,0.0005462361903967269
i72wSZ07GRY,UCQYkvXhPNaRxlu-jAI5_5Zg,LeRoc Living Our Life Philippines,1240.0,,,,,,,,,,,,,,,,,,,0.00010572313362517294
i73vBiLo2PA,UCqtKusmK7Z9ea5CkqznGr9g,TripsPlus,27.0,0.43,0.0,0.27,1.485,0.91,1.385,0.755,1.78,0.755,1.085,1.11,0.67,0.275,0.22,0.945,0.765,0.01,1.0,0.0016387085711901807
i8QYpq1TFZs,UCdkq517IaeUcnG5CIiFX9RA,Shin Smith,36200.0,,,,,,,,,,,,,,,,,,,0.00010241928569938629
i8qS2r4Mws0,UCRrUJKpFAGgA9WVjSWhgk2Q,KIM n LEE,95200.0,0.9933333333333336,0.1033333333333333,1.41,0.0266666666666666,0.77,0.4366666666666667,0.3133333333333333,1.0766666666666669,0.9,0.8233333333333333,0.2299999999999999,0.79,0.1399999999999999,0.1766666666666666,0.5666666666666668,1.0766666666666669,1.05,1.0,0.00011301438422001247
i9vGQ0kx-fQ,UCO-BUJCM03NS-rwr1VonV4A,Divert Living,315000.0,1.38,1.7999999999999998,0.0,0.76,0.215,0.105,0.35,0.19,0.075,0.485,0.045,0.185,0.0,0.0,0.265,0.28,0.0,2.0,0.00032774171423803616
iAAB_4LgB14,UCPAz3hWHiBC-c1x4K0-atsg,Waleska Herrera,1230000.0,0.6216666666666667,0.0516666666666666,0.905,0.92,0.3116666666666666,0.7516666666666666,0.65,0.4383333333333333,0.5216666666666666,0.32,0.2766666666666666,0.0,0.3133333333333333,0.0583333333333333,0.4433333333333333,0.315,0.3366666666666666,1.0,2.074314647076178e-05
iC2Q4euQZws,UC_hN8xs99S6jnMdYCuJgoJA,Pinoy Planet,97800.0,1.695,0.435,0.21,0.845,0.0,0.0,0.0,0.435,0.215,0.78,0.695,1.3050000000000002,1.44,0.8899999999999999,0.13,0.0,1.93,1.0,3.6015572993190784e-05
iC2s7Vx4tCc,UCo5IPeTfhzXzzNB64ALUSUw,The Demouchets REACT,182000.0,0.855,0.9125,0.3575,1.215,0.9125,2.115,0.49,0.24,0.5925,0.9975,0.37,0.7675,0.8175000000000001,0.375,0.05,0.45,0.0,1.0,0.00018207873013224228
iCCuWDTfYY8,UCHza0GAxOvBOeLKkMeL8EcQ,Ken Abroad,510000.0,0.35,0.0,0.0,0.0,2.24,1.23,0.0,1.37,2.7,0.39,0.0,0.0,0.04,0.12,2.34,0.0,0.79,0.0,0.00012138582008816153
iDTQDzqoWyk,UCcSa9BmYHenGseFdNvNYPLA,KJ Web & Media Blogs,3540.0,0.0925,0.1525,0.0,1.115,0.2375,0.51,0.2699999999999999,0.5025,0.1425,0.18,0.3725,0.3325,0.0,0.0,0.2925,0.445,0.0,1.0,0.0016387085711901807
iDXYFRX5RP4,UCguRKiLcbY9yIG9fxmd9BuQ,Nicole and Mico,82000.0,2.1,2.02,0.0,0.0,2.36,2.43,1.03,1.98,2.2,1.5,0.12,0.0,0.55,0.0,2.16,0.49,0.0,0.0,0.00040967714279754517
iEq0Lc_sWjM,UCPAz3hWHiBC-c1x4K0-atsg,Waleska Herrera,1230000.0,0.6233333333333333,0.1266666666666666,0.3922222222222222,0.6777777777777777,1.1677777777777778,1.3411111111111111,0.3211111111111111,0.9288888888888888,0.9944444444444444,0.6788888888888889,0.4288888888888889,0.0866666666666666,0.29,0.1144444444444444,0.4844444444444444,0.0922222222222222,0.1544444444444444,1.0,2.074314647076178e-05
iGcS_QsiCwA,UCAUgY9e_n2DhyZTgvPRoJnQ,TriFate Geo,171000.0,1.33,1.7525,0.0,1.375,0.4549999999999999,0.485,0.0,1.3025,0.6275,0.0,0.5,0.1475,0.615,0.0,1.57,0.2175,0.04,2.0,6.426308122314434e-05
iGt6ggbI0oY,UCzfEqx1_-zs2xUUzI3jVRSg,FinnSnow,541000.0,,,,,,,,,,,,,,,,,,,0.00016387085711901808
iH4IPymkagQ,UCSvaH7DbguYJcp8PHTTv1Zw,Bigg World Cinema,34000.0,0.0,0.0,0.0,0.12,2.31,0.45,1.4,1.61,1.92,2.05,0.0,0.32,0.0,0.0,1.65,0.07,0.0,0.0,0.00019278924366943303
iHQ2lhGvL7Y,UCSjiVW9NV-mcJJ1t6RbMh7A,Down Under Visa,2650.0,,,,,,,,,,,,,,,,,,,0.00014249639749479832
iHyEzFFHD1g,UCp17yfUHfvmjHpHa0xKOmig,Mr BulBul,339000.0,1.04,1.56,0.0,0.0,1.08,0.0,0.55,1.08,1.76,0.21,0.65,0.0,1.43,0.0,0.82,0.09,1.43,1.0,0.0006554834284760723
iIPDkX2QfHA,UCkPpAqpOa_MXLP2qOTSrPOg,Sukli,1280.0,,,,,,,,,,,,,,,,,,,0.0006554834284760723
iM43LN5gdgs,UCW66Ck8Lc8M39UHY3TaKf4A,Dan and Lyn,16300.0,0.9,0.3,1.33,0.94,0.02,1.65,0.56,0.0,0.0,0.0,0.52,0.0,0.0,0.0,0.41,0.0,0.0,1.0,0.0004682024489114802
iMKVBr1gLYI,UCryJ4vhASeu7uhXRPOL3WhA,What's up Philippines,311000.0,,,,,,,,,,,,,,,,,,,2.621933713904289e-05
iOIgLr2nxbg,UCPNBc7ZRwmgk1I6j_lenAfw,The Love Train Nation,23900.0,,,,,,,,,,,,,,,,,,,0.00010924723807934537
iSRAQkTwCzw,UC8hiiGm6GTyTVvO-LtZ2Xmw,FoodieMommaPH,41100.0,,,,,,,,,,,,,,,,,,,0.0002521090109523355
iTeW0PTPEwE,UCixD9UbKvDxzGNiPC_fgHyA,Paolo fromTOKYO,3620000.0,2.665,1.66,0.74,1.44,0.0,0.14,0.08,0.625,0.275,0.35,0.875,0.0,0.23,0.0,1.42,0.76,0.0,2.0,0.00032774171423803616
iTuXj5_kD4I,UCryJ4vhASeu7uhXRPOL3WhA,What's up Philippines,311000.0,,,,,,,,,,,,,,,,,,,2.621933713904289e-05
iWMyjfgyCYU,UCp3SQp-gytNc4cQ5iqrZv5Q,Tommyland,4350.0,,,,,,,,,,,,,,,,,,,0.0010924723807934538
iXDvw2_BIqM,UC94bSvWltDS6I0U_u7mn8VQ,Two Broskis,24800.0,0.69,0.175,0.895,1.05,0.55,1.175,0.34,0.445,0.3,0.0,1.43,3.055,0.955,1.155,0.0,1.115,0.0,1.0,0.00036415746026448456
iXcVgehbnHQ,UCLPLXSPgySkBypwpi6BrMwg,Jessica Lee,1680000.0,,,,,,,,,,,,,,,,,,,0.0002521090109523355
iXd277VEQuI,UCKygRpISlqs5TufcT3JtRng,Dale Philip,3760000.0,0.5700000000000001,0.03,0.42,0.335,1.505,1.195,0.05,2.27,2.3600000000000003,1.435,0.0,0.0,0.25,0.0,2.625,0.7250000000000001,0.0,0.0,0.00036415746026448456
iYvBDtk8z-4,UCYr4VTQfBpXrccQw_H2S8RA,JUICY REACTS,318000.0,0.4633333333333333,0.0,0.0,0.3566666666666667,0.1066666666666666,0.3066666666666667,0.0,0.2466666666666666,0.31,0.1233333333333333,0.4266666666666667,0.0933333333333333,0.1333333333333333,0.0,0.5066666666666667,0.71,0.2833333333333333,1.0,0.00012138582008816153
i_CpSPD2O4Q,UCKLlmM881k4QZN-iUAFIQfw,Susie in the Philippines,128000.0,,,,,,,,,,,,,,,,,,,0.00013109668569521446
ifLKnE2WgPE,UCbPHHOiOY_tA9BSytK0jDYw,Beryl Shereshewsky,859000.0,1.81,1.41,0.01,3.43,0.0,0.0,0.0,0.0,0.1,0.0,0.0,0.93,0.0,0.0,0.25,0.89,0.0,2.0,0.00019278924366943303
igKebYBEP14,UCTPxMCyJyYGF6H0eBhOvgsA,Pinay mom's blogs,7390.0,,,,,,,,,,,,,,,,,,,0.0001724956390726506
igSoZvr7lnw,UChE2XVkaaQBR-ly3LaDjheA,Top 5 Scary Videos ,1140000.0,,,,,,,,,,,,,,,,,,,0.0016387085711901807
ihEQOF8_SXs,UCM_LbQqMyM08jynil9vYEGg,Travel Interesante - Gökçe & Steve,17700.0,1.78,2.89,1.12,3.13,0.0,0.0,0.0,0.58,0.02,0.0,0.38,0.0,0.32,0.0,1.83,0.23,0.0,2.0,0.0004682024489114802
ihQCje3qADE,UC0kn28AeYnmyMi4iAUIrgiQ,TheJavierLifestyle,43800.0,0.2866666666666667,0.8033333333333333,0.0,0.5866666666666666,1.2466666666666668,1.02,0.5266666666666667,1.0066666666666666,1.6766666666666667,1.346666666666667,0.05,0.7233333333333333,0.5733333333333333,0.2299999999999999,0.73,0.1333333333333333,0.3566666666666667,0.0,0.0010924723807934538
iha3y_Oj_-o,UC4S7Ca53tVPuNQhAJKxzlzw,FINIX,202000.0,0.8685714285714285,0.0957142857142857,0.2657142857142857,0.2414285714285714,0.4557142857142857,0.91,0.3928571428571428,0.91,0.4771428571428571,0.3914285714285714,0.8242857142857144,0.3357142857142857,0.4742857142857142,0.3571428571428571,0.4728571428571428,0.6799999999999999,0.4985714285714285,1.0,0.0008193542855950903
ihvJR-1WujU,UCt9BTGSxATM6axwfTY4KnEg,A Foreigner in the Philippines,265000.0,,,,,,,,,,,,,,,,,,,5.462361903967269e-05
iii3w48jeJU,UCOBhPv7iSNPNeyyBTkY1VtA,Sebin Kim 세빈킴,44400.0,,,,,,,,,,,,,,,,,,,0.0010924723807934538
ikCeI-HNWKU,UCi6FGUxJ0qELkA5Cpj8YpUQ,Adam & Yaz,69300.0,0.84,0.13,0.0,1.56,0.0,1.13,0.64,0.54,0.42,0.1,0.08,0.79,0.6,1.0,0.0,1.32,0.0,1.0,0.0010924723807934538
ikODCYiD1FE,UCTPxMCyJyYGF6H0eBhOvgsA,Pinay mom's blogs,7390.0,,,,,,,,,,,,,,,,,,,0.0001724956390726506
ikd-EHbgyEY,UCRe3yRMUuJkNeWLtO9kBGqg,Nurse Ruth Nook,8750.0,,,,,,,,,,,,,,,,,,,0.0004682024489114802
ilvgg0xoqXg,UCUGW2ubpsY5SDrGHfauQpWw,"선, 바이더웨이 / Seon, by the way",13400.0,0.535,0.0,0.095,0.0,0.33,1.905,0.74,0.775,0.0,0.0,0.215,0.77,0.665,0.03,0.0,0.13,0.635,1.0,0.0006554834284760723
im9_1MMzw3c,UCIpnQnRBlaNqDa-Di0DsHyw,Tengkers World [PHIL-KOR Family],202000.0,1.035,0.195,0.0,0.485,1.15,1.41,0.045,0.8300000000000001,1.715,1.32,0.0,0.0,0.415,0.0,1.27,0.015,0.0,0.0,0.0005462361903967269
iqd1MUUIJHM,UCSvaH7DbguYJcp8PHTTv1Zw,Bigg World Cinema,34000.0,0.59,0.0,0.235,1.2,0.095,0.0,0.0,0.2249999999999999,0.29,0.28,0.765,0.125,0.065,0.65,0.0,1.4900000000000002,0.0,1.0,0.00019278924366943303
irehyChnrqI,UC_nGEYgqzTuyFbHCZELMC2w,Merryjuj,11400.0,,,,,,,,,,,,,,,,,,,0.00011301438422001247
it4RYgwYIDg,UCHza0GAxOvBOeLKkMeL8EcQ,Ken Abroad,510000.0,0.805,0.0,0.405,0.41,1.55,1.575,0.5,0.35,1.22,0.075,0.6,1.155,0.65,0.06,0.785,0.63,0.14,1.0,0.00012138582008816153
iuOb6l6vbOY,UCjW5n1CTxVxmYtX1l2TrMjw,Regular Guy,70800.0,0.43,0.165,0.045,0.005,0.83,1.27,0.19,0.54,1.345,0.5449999999999999,0.04,0.385,1.285,0.525,1.215,0.0,0.08,1.0,0.0006554834284760723
iwINm7MQonw,UCt9BTGSxATM6axwfTY4KnEg,A Foreigner in the Philippines,265000.0,,,,,,,,,,,,,,,,,,,5.462361903967269e-05
iwzPLQ6-BDs,UCAUgY9e_n2DhyZTgvPRoJnQ,TriFate Geo,171000.0,1.22,1.37,0.585,4.255,0.0,0.0,0.0,0.0,0.51,0.365,0.0,0.0,0.0,0.15,1.19,1.495,0.0,2.0,6.426308122314434e-05
ix3pRU76vIc,UCl4I_ztLWgW8ybm9M0n1pyg,Nic & Rei,14700.0,2.36,2.5,0.0,2.5,1.305,2.83,0.03,2.055,1.855,0.38,0.96,0.0,0.06,1.125,2.035,0.71,0.0,2.0,0.00010572313362517294
iz-Jvx0AmuM,UCO5Jeark1e_JP36mY3ua19g,The Commodity,98300.0,0.35,0.0,0.165,0.0,0.185,0.0,0.895,0.315,0.1,0.73,0.365,0.0,0.775,0.0,0.2,0.515,0.0,1.0,6.18380592901955e-05
j-1qqpISL-M,UC23SG4XKkSrbhz-bZ2f5Mfw,123JAPAN!,629000.0,,,,,,,,,,,,,,,,,,,0.0002341012244557401
j1ZDjp7CS9I,UCPAz3hWHiBC-c1x4K0-atsg,Waleska Herrera,1230000.0,0.2066666666666666,0.0,0.8333333333333334,0.36,0.7266666666666667,0.0,0.7166666666666667,0.8066666666666666,0.6366666666666667,0.1999999999999999,0.1766666666666666,0.06,0.9933333333333332,0.1933333333333333,1.0733333333333337,0.3733333333333333,0.2299999999999999,1.0,2.074314647076178e-05
j1knOWYwnMM,UCguRKiLcbY9yIG9fxmd9BuQ,Nicole and Mico,82000.0,0.8200000000000001,0.27,0.12,0.17,1.9,2.725,1.14,1.485,2.425,1.77,0.0,0.0,1.08,0.0,2.8,1.025,0.265,0.0,0.00040967714279754517
j2YWXAqzmX4,UC_hN8xs99S6jnMdYCuJgoJA,Pinoy Planet,97800.0,0.0,0.0,1.06,0.0,2.8,2.48,0.93,2.06,3.45,3.35,0.0,0.0,0.0,0.0,2.5,0.0,0.11,0.0,3.6015572993190784e-05
j3KbfsiKtJI,UC_nGEYgqzTuyFbHCZELMC2w,Merryjuj,11400.0,,,,,,,,,,,,,,,,,,,0.00011301438422001247
j4pBIs30HQc,UCpL_tis0ertYh2DSOiCm51g,World Nomac,751000.0,0.33,0.0,0.315,0.425,2.28,1.5499999999999998,0.605,2.615,2.965,2.8,0.12,0.23,0.24,0.195,1.815,0.485,0.395,0.0,0.00020483857139877258
j4yx3NvLEH0,UCTfHKQ9fbUEiStUAQEax7dw,,,,,,,,,,,,,,,,,,,,,
j5wy6RXVVCY,UC9Ic007Q-wRpbW0DGLPWAgg,Brock in the World,5470.0,2.66,1.78,0.19,3.66,0.18,0.0,0.0,0.29,2.02,0.99,0.0,0.0,0.05,0.52,1.63,0.21,0.0,2.0,0.0010924723807934538
j61BEpr1OSg,UCPAz3hWHiBC-c1x4K0-atsg,Waleska Herrera,1230000.0,0.73,0.29,1.4400000000000002,1.0,0.6633333333333333,1.1,0.0666666666666666,0.6333333333333333,1.6166666666666665,1.096666666666667,0.0466666666666666,0.0,0.0,0.0,1.5766666666666669,1.03,0.1566666666666666,1.0,2.074314647076178e-05
j69a0yB08gs,UC3gaj-0tlmz-1G6foK3E5hw,Мэри Джейн Филиппинка,200000.0,0.0,0.0,0.0,0.0,0.78,0.59,0.0,0.09,1.52,1.51,0.03,0.0,0.61,0.28,0.24,0.0,0.52,1.0,0.0008193542855950903
j75LDK7JDSs,UCH_Vqw8RBcMhjh_nODV0TdA,maakudesuyo,3150.0,,,,,,,,,,,,,,,,,,,0.0016387085711901807
j7HlJ4Nm-4Y,UCRr9zB_nU973TtqHBD7N4dg,Pinoy Gastronomers,1260.0,,,,,,,,,,,,,,,,,,,0.0010924723807934538
j7u0a_WH7hQ,UCoWQLZoPwn3mJ-oiPrwDpbA,Living abroad,163000.0,,,,,,,,,,,,,,,,,,,6.554834284760723e-05
j8wC8ZajIQA,UC4K-p09jBTGH-nvqj-UqELQ,Our Philippines' Adventures,5130.0,,,,,,,,,,,,,,,,,,,0.0006554834284760723
jAi_grkVCFY,UCqCI4i-mZ4Cu6Kr8emMaf1A,RYU JAPAN,134000.0,1.365,0.2,0.43,0.6799999999999999,1.21,1.975,0.095,0.11,0.3349999999999999,0.23,0.335,0.285,0.23,0.255,0.605,0.33,0.295,1.0,0.00027311809519836344
jB3WygJ47A0,UCp1KrVaZDZ7BOI_QBuTWWmg,KING 5 Seattle,538000.0,,,,,,,,,,,,,,,,,,,0.0010924723807934538
jBlBIhyPGpQ,UCzfEqx1_-zs2xUUzI3jVRSg,FinnSnow,541000.0,,,,,,,,,,,,,,,,,,,0.00016387085711901808
jC86fVeUeZA,UCvlVuntLjdURVD3b3Hx7kxw,Dry Bar Comedy,2930000.0,1.38,2.08,0.0,0.78,0.0,0.12,0.38,0.0,0.0,0.14,1.61,1.42,1.68,0.0,0.0,0.25,0.0,2.0,0.0010924723807934538
jDtgVcVUTVs,UCLQ1V9BthBBZA_mE3QV18eA,Milky Coffee,1530.0,0.0,0.0,0.0,1.11,1.79,1.27,0.0,1.94,1.88,0.0,0.98,0.0,0.99,0.0,1.97,0.0,0.0,0.0,0.0005462361903967269
jDxJk9l0Wp4,UCPAz3hWHiBC-c1x4K0-atsg,Waleska Herrera,1230000.0,0.5475,0.6950000000000001,0.3299999999999999,1.1925,0.5,0.225,0.0,0.4925,1.0425,0.27,0.0125,0.0,0.2475,0.0,1.93,0.48,0.5875,1.0,2.074314647076178e-05
jH4Vp_JplzI,UCOtztOjWQPgzGaCdtArfWuw,Ije999 Reacts ,10800.0,,,,,,,,,,,,,,,,,,,0.0008193542855950903
jI23S-mYYeg,UCGqG1RI-3ktA0BkzJH5N0RA,Travelling Foodie,49900.0,3.16,1.37,0.0,1.31,2.0,1.85,0.0,1.53,0.69,0.0,1.22,0.43,0.37,0.0,2.69,0.0,0.0,2.0,0.0016387085711901807
jIwaoO26ClU,UCryJ4vhASeu7uhXRPOL3WhA,What's up Philippines,311000.0,,,,,,,,,,,,,,,,,,,2.621933713904289e-05
jJaymuewPYw,UCKygRpISlqs5TufcT3JtRng,Dale Philip,3760000.0,1.36,0.0,0.8233333333333334,1.16,0.4133333333333333,0.8666666666666666,0.35,0.7966666666666667,0.5266666666666667,0.5233333333333333,0.6233333333333334,0.0499999999999999,0.6733333333333333,0.0066666666666666,0.15,0.0933333333333333,0.0866666666666666,1.0,0.00036415746026448456
jJyZzmYeHiQ,UCaFgN6V43Xo1pRjQ4PjlSqw,WSLS 10,106000.0,2.095,1.03,0.81,1.945,0.0,0.0,0.16,0.745,0.34,0.08,0.95,0.73,0.12,0.045,0.325,0.68,0.135,2.0,0.0010924723807934538
jKwVWyHj7no,UCnOeTSQY_YmjxeY12y0xOPQ,Mars & Tobi,3620.0,,,,,,,,,,,,,,,,,,,0.0010924723807934538
jMLdbmElS8w,UCW9ip0HhnzbvyFZgKKTFPLg,Luckas Kim,4010.0,0.6316666666666667,0.745,0.3233333333333333,0.5833333333333334,0.2916666666666667,1.0933333333333335,0.36,0.2749999999999999,0.2799999999999999,0.1616666666666666,0.2383333333333333,0.1883333333333333,0.5,0.1433333333333333,0.48,0.4233333333333333,0.0499999999999999,1.0,0.0008193542855950903
jNh9sBsYgss,UCjFqjcg0RR6ILLrZ32k4D9g,Jus' 2 React,326000.0,0.6733333333333335,1.106666666666667,0.3966666666666666,1.41,0.33,0.7733333333333333,0.3633333333333333,0.62,0.2299999999999999,0.5433333333333333,0.4366666666666667,0.3966666666666666,0.0666666666666666,0.2333333333333333,0.5366666666666666,0.4966666666666666,0.1533333333333333,1.0,0.0010924723807934538
jOwLMt8-WQs,UCuDAPedRN3STOhhHu6v7Xxg,1tsmeZeus,322.0,2.99,1.24,1.1,2.15,0.0,0.27,0.0,0.34,0.91,2.11,0.0,0.39,0.76,0.0,0.03,0.78,0.0,2.0,0.0008193542855950903
jPAf5X7D_5E,UCobYD8WgP3GPOqgvXF2Yy1w,Adam and Jane's Lifestyle,75500.0,1.2533333333333332,0.8433333333333334,0.0,0.6466666666666666,0.9733333333333332,1.2833333333333334,0.1933333333333333,1.0733333333333333,1.6233333333333333,0.8433333333333333,0.3266666666666666,0.3166666666666666,0.6699999999999999,0.7966666666666667,1.6900000000000002,0.7133333333333333,0.0,0.0,6.827952379959086e-05
jPUSclSyUiQ,UCHeFV2atoLtgdKH4iu29orA,Delightful Travellers,164000.0,0.775,0.385,0.0,0.345,0.53,1.17,0.465,0.075,0.91,1.045,0.285,0.325,0.38,0.055,0.475,0.225,0.345,1.0,0.0008193542855950903
jQSa-RVxOGw,UCoWQLZoPwn3mJ-oiPrwDpbA,Living abroad,163000.0,,,,,,,,,,,,,,,,,,,6.554834284760723e-05
jQaxzqZztNM,UCRrUJKpFAGgA9WVjSWhgk2Q,KIM n LEE,95200.0,0.295,0.64,0.0,0.935,0.05,1.745,0.175,0.0,0.235,0.035,0.01,0.055,0.375,0.04,0.555,0.45,0.0,1.0,0.00011301438422001247
jR1wybhuFEU,UCOvLWcHoB4aujwiWKme_pFg,Kumander Daot,241000.0,,,,,,,,,,,,,,,,,,,0.0005462361903967269
jRcDmAbP2Wk,UCryJ4vhASeu7uhXRPOL3WhA,What's up Philippines,311000.0,,,,,,,,,,,,,,,,,,,2.621933713904289e-05
jSVt-jwgQ1U,UCI_4xw1y0CV-1gVYK2PgW-A,Tastes Seoul Good테이스트서울굿,45600.0,0.92,0.0,0.17,0.0,2.09,0.99,0.0,2.12,1.77,1.45,0.0,0.0,0.0,0.0,1.89,0.06,0.08,0.0,0.0010924723807934538
jSktkWAbLAk,UCWjSwkIn2gGgETcZZYaO-6g,RETIRING IN PARADISE,17000.0,1.895,0.6950000000000001,0.475,1.3250000000000002,0.77,1.41,0.0,1.0950000000000002,1.075,0.83,1.46,0.37,1.025,0.06,0.025,0.0,0.005,1.0,8.62478195363253e-05
jTHtIfk1Nyo,UC1PwIaB8KklVK5iZqbtZErA,Flying Kell,205000.0,0.84,0.0,0.41,1.17,0.85,0.0,0.51,0.0,0.88,0.63,0.23,0.0,1.04,0.63,0.0,0.0,0.0,1.0,0.0002521090109523355
jTPe32FwjEI,UCYuOZy_oPeZL_1BdHxf-Y2Q,One Down,69600.0,1.525,0.98,0.44,0.275,1.055,1.34,0.31,0.735,0.945,0.31,0.0,0.175,0.31,0.105,0.9,1.275,0.0,1.0,0.00032774171423803616
jUL1cRzKQlE,UCM6tNJ3yyhIQFCH_OfCWFTQ,Travel with Simon,26500.0,,,,,,,,,,,,,,,,,,,0.0010924723807934538
jVtWRVmMVGg,UCPyi-4WfF63TJ95zKShawcw,itsKEVO,490000.0,0.52,0.7725,0.2574999999999999,1.03,0.04,0.0325,0.0125,0.535,0.2675,0.475,0.095,0.1225,0.1974999999999999,0.0,0.725,1.36,0.055,1.0,0.0002341012244557401
jWuz8p4lZIY,UCdkq517IaeUcnG5CIiFX9RA,Shin Smith,36200.0,,,,,,,,,,,,,,,,,,,0.00010241928569938629
jXNyEN-zn1w,UCWmjG_iL6dNUWTUtquYMLQA,Gracejon Filipina lifestyle ,254.0,,,,,,,,,,,,,,,,,,,0.0010924723807934538
jZgqkyRu0Nc,UCIk6DASPsMiUXnU6Y1Lz8Ww,We Vybz Tv,116000.0,,,,,,,,,,,,,,,,,,,0.0004682024489114802
jZn35O_ja4Q,UCpL_tis0ertYh2DSOiCm51g,World Nomac,751000.0,0.495,0.0,0.0,1.41,0.58,1.355,0.7050000000000001,1.81,0.49,0.585,1.14,0.33,0.95,0.45,1.22,0.74,0.27,1.0,0.00020483857139877258
j_G9pHUL-wY,UC_hN8xs99S6jnMdYCuJgoJA,Pinoy Planet,97800.0,0.71,0.0,0.0,1.06,1.16,0.02,0.0,0.51,2.45,1.01,0.0,0.0,1.29,0.78,1.38,0.0,0.0,0.0,3.6015572993190784e-05
jahAi_wkHAs,UCQ_M-mpuRZyz0W6gJYIfdGA,Voltaire Travels,17200.0,,,,,,,,,,,,,,,,,,,0.0008193542855950903
jbdN_Uwuosc,UCThXENFGUMVoW5MRhURk9Hg,Camille Stenhouse,457.0,0.84,0.0,1.45,1.03,0.64,0.91,0.0,0.1,0.73,1.2,0.24,1.64,1.64,1.45,0.0,0.58,0.0,1.0,0.0016387085711901807
jeyDC8xrwt4,UCCgVh36x3hbuRnHMpwl443Q,Music Game News,1210000.0,1.145,0.505,0.0,1.3675,0.38,0.3725,0.325,0.4525,0.65,0.0825,0.9075,0.6625,0.395,0.185,1.1075000000000002,1.01,0.025,1.0,8.193542855950904e-05
jgSxogFcp3U,UCZONFq4yLrXpEUGZI94Tn9Q,choir panda,7950.0,,,,,,,,,,,,,,,,,,,0.0016387085711901807
jgy0EWT3esY,UCx4Aq3NVSNa01zkWRG9MjyQ,Meghan Laurie,1970.0,,,,,,,,,,,,,,,,,,,0.0016387085711901807
jiQ7Grr33oA,UCRrUJKpFAGgA9WVjSWhgk2Q,KIM n LEE,95200.0,0.7600000000000001,0.21,0.5366666666666667,0.2366666666666666,0.2966666666666666,0.7833333333333332,0.0,0.3833333333333333,0.4466666666666666,0.0066666666666666,0.7399999999999999,0.5366666666666666,0.4666666666666666,0.0666666666666666,0.82,0.5066666666666667,0.5266666666666667,1.0,0.00011301438422001247
jjfscrmmUF0,UCUb_Ryp4MZHWnsTOVTA3txA,Pirate Cove Philippines,4210.0,,,,,,,,,,,,,,,,,,,0.0010924723807934538
jmNvjOJNzxw,UCkPpAqpOa_MXLP2qOTSrPOg,Sukli,1280.0,,,,,,,,,,,,,,,,,,,0.0006554834284760723
jmntzm5yBYY,UCbpMy0Fg74eXXkvxJrtEn3w,Bon Appétit,7020000.0,1.65,1.51,0.0,1.35,0.64,0.7,0.0,1.15,1.53,1.39,0.71,0.06,1.24,0.0,1.45,0.0,0.0,2.0,0.0016387085711901807
jnHxX6Woj8Q,UCmw9oO138A4WRUbOZyUGhHA,The Hungry Syrian Family,1440000.0,,,,,,,,,,,,,,,,,,,0.0006554834284760723
jnP26DJ4Eok,UCeT1qAcQxLP6cEfbMe85QCQ,Yoshi the Japanese Guy,165000.0,0.8633333333333333,0.35,0.0433333333333333,0.3266666666666666,1.903333333333333,1.8833333333333333,0.8466666666666667,1.7400000000000002,1.9266666666666663,1.096666666666667,0.1999999999999999,0.0,0.57,0.0,2.27,0.27,1.2533333333333334,0.0,0.0001489735064718346
joeAUU_Gwko,UCxBWeubuZrc8sQE_bXytgUQ,Justin & Alina,138000.0,0.0,0.0,0.51,0.08,0.445,0.91,0.085,1.325,0.65,0.845,0.0,0.0,0.835,0.0,0.54,1.25,0.05,1.0,0.00013655904759918172
jpBpQKazIsk,UCcT6w3xUyVshyR2_2vrMp1w,WUSA9,571000.0,,,,,,,,,,,,,,,,,,,0.0010924723807934538
jqEDYZ_jq3s,UCAUgY9e_n2DhyZTgvPRoJnQ,TriFate Geo,171000.0,2.09,2.505,0.0,1.38,1.94,1.195,0.24,2.0,3.485,1.72,0.0,0.0,0.0,0.0,2.69,0.42,0.195,0.0,6.426308122314434e-05
jqKQfexB7To,UCHza0GAxOvBOeLKkMeL8EcQ,Ken Abroad,510000.0,,,,,,,,,,,,,,,,,,,0.00012138582008816153
jqrEYX5MMks,UCRrUJKpFAGgA9WVjSWhgk2Q,KIM n LEE,95200.0,0.8733333333333334,0.8866666666666667,0.13,0.0,0.1033333333333333,0.7833333333333333,0.6966666666666667,0.2966666666666666,0.0733333333333333,0.3333333333333333,1.7366666666666666,2.2333333333333334,0.2666666666666666,0.1466666666666666,0.7766666666666667,0.5366666666666666,1.5233333333333334,1.0,0.00011301438422001247
jrppaG01-F0,UCFvQ_bDaalb-1ZyCb48LCpA,Chasing Kimberly,16500.0,2.21,3.66,0.0,1.93,0.0,0.0,0.0,0.0,0.0,0.0,0.0,0.31,0.0,0.0,0.0,0.0,1.36,2.0,0.00040967714279754517
jrxk0pWFe-I,UCeBL09KpOrsEPZhsbI7WT1Q,Luis Portelles,294000.0,0.5,0.34,0.0,1.26,2.03,0.07,0.12,1.41,2.35,0.92,0.0,0.0,0.0,0.0,3.28,1.38,0.0,0.0,0.0010924723807934538
jrzvf28SgyA,UCc7cpDLG-lt7VaJZBJ-97Mg,Dave On Arrival,36900.0,,,,,,,,,,,,,,,,,,,0.0010924723807934538
jsv1yjFjZx0,UC-jq_OD2e2xIcm5RdTrBcNg,Amazing Philippines,47200.0,,,,,,,,,,,,,,,,,,,0.0008193542855950903
jumDvsiJ9BI,UCuyMhLIzWRBnJ6dNdPXfXMQ,Travel With Mansoureh,57700.0,0.72,0.0,0.16,0.44,0.09,2.03,0.21,1.13,1.02,0.0,0.72,0.0,0.23,0.0,0.95,1.58,0.0,1.0,0.0006554834284760723
jw1ScfGOB4U,UCjW5n1CTxVxmYtX1l2TrMjw,Regular Guy,70800.0,0.0,0.0,0.09,0.0,1.98,4.08,0.21,1.49,2.4,1.86,0.0,0.0,0.0,0.0,2.47,0.51,0.0,0.0,0.0006554834284760723
jw7ykAwVGH0,UCSlVq7Ox6piUTevMEAVXJJw,MR Halal,358000.0,0.0,0.0,0.0,0.0,0.81,0.85,0.8,2.11,0.04,0.47,1.2,1.97,0.0,0.65,2.02,0.0,1.45,1.0,0.0010924723807934538
jwhcFIoDFNg,UCPAz3hWHiBC-c1x4K0-atsg,Waleska Herrera,1230000.0,0.615,0.52,0.3,0.455,0.145,0.0,0.005,0.375,0.865,1.1949999999999998,0.0,0.06,0.21,0.13,0.965,0.06,0.94,1.0,2.074314647076178e-05
jxZgccTWzcg,UC5NF_7WBa8OVDC0Xbs8yvOg,Japapino World ジャパピーノ,174000.0,0.16,0.0,0.64,0.18,2.015,2.66,0.735,2.15,2.43,1.93,0.0,0.0,0.0,0.0,3.315,0.8500000000000001,0.0,0.0,0.00018207873013224228
jxi7MHhur20,UCWkguf2p-KFU5uE7iXJuj5g,Marco Roams,135000.0,0.42,0.0,1.73,1.35,0.15,0.7,0.51,0.61,0.0,0.0,0.0,0.26,0.0,0.0,0.0,1.09,0.0,1.0,0.0010924723807934538
jyNFfoeQkDc,UCSjiVW9NV-mcJJ1t6RbMh7A,Down Under Visa,2650.0,,,,,,,,,,,,,,,,,,,0.00014249639749479832
jyWS46pHtdA,UCyIDA64A8oeAnz9tMGxu2wQ,Alexander College,108000.0,0.798,0.184,0.0,0.2219999999999999,0.574,0.4019999999999999,0.386,0.19,1.038,0.778,0.1379999999999999,0.0,0.2319999999999999,0.056,0.984,0.0,0.078,1.0,0.0016387085711901807
jzS627fKCvc,UCFjh6CdEwrQrKf4o9QUnoEA,ONE FILIPINO TV,145000.0,0.24,0.0133333333333333,0.0,0.1033333333333333,1.5233333333333334,1.876666666666667,0.6166666666666667,1.6166666666666665,2.1466666666666665,1.21,0.4833333333333334,0.4833333333333334,1.16,0.0033333333333333,1.0166666666666666,0.4366666666666667,0.0866666666666666,0.0,0.00036415746026448456
k1kiz4GUt6M,UCDiZhoVoHJDx-R_LnfUxftw,A Foreigner Escapes to the Philippines,2180.0,,,,,,,,,,,,,,,,,,,0.0010924723807934538
k3dilnwfcec,UCuBgQMllxvxKLuABHZlV5KA,RELL 🕺🏽,446000.0,2.275,1.62,0.075,0.835,0.72,0.0,0.01,0.5,0.655,0.0,0.8,1.42,1.535,0.965,0.755,0.24,0.265,2.0,0.00036415746026448456
k4VbpUl8U9I,UCl7giZXLlLIAEKV-TVoBW7Q,tryNsomethingnew,1200000.0,1.264,0.18,0.288,1.162,1.112,0.476,0.174,1.032,0.986,0.974,0.3219999999999999,0.458,0.986,0.128,0.946,0.85,0.178,1.0,0.0002979470129436692
k4cn8eVRCDo,UC41GuD_I41eEuo7KJUbnnRQ,훈타민 Hoontamin,313000.0,0.5525,1.165,0.0,1.0125,0.0,0.3575,0.4625,0.02,0.1649999999999999,0.2324999999999999,0.22,0.21,0.085,0.0,0.1075,0.505,0.0175,1.0,0.0010924723807934538
k5DdXvzvQ9g,UCam1q_TN5QauJdk07T0bteA,Samantha Lisa ,102000.0,0.73,0.0,0.4583333333333333,1.0783333333333334,0.0916666666666666,0.3433333333333333,0.1016666666666666,0.8850000000000001,0.3916666666666666,0.7000000000000001,0.7433333333333333,0.0283333333333333,0.1649999999999999,0.0616666666666666,0.4133333333333333,0.515,0.0866666666666666,1.0,0.0004682024489114802
k5To-PlW3C4,UCe3PDv7F4Uex3ii9zdMbvWQ,LifeBeyondTheSea - Philippines Podcast,133000.0,,,,,,,,,,,,,,,,,,,0.00040967714279754517
k5iXUMHPXb8,UCTS0OE6du3iaBE8JC8azILg,Chumimot 🧿,5640.0,1.7133333333333332,0.8833333333333334,0.2033333333333333,0.73,0.8066666666666666,0.61,0.0,1.54,0.82,0.8966666666666666,0.8566666666666668,0.1533333333333333,1.34,0.1033333333333333,1.1,0.0,0.3933333333333333,1.0,0.0010924723807934538
k5k5NraunyA,UCiXAAaqS9py7TzHzQ9A5Ftg,Trending Ni Andres,128000.0,,,,,,,,,,,,,,,,,,,0.0006554834284760723
k66Txci4sY0,UCYr4VTQfBpXrccQw_H2S8RA,JUICY REACTS,318000.0,,,,,,,,,,,,,,,,,,,0.00012138582008816153
kAsWumwTUjQ,UCFM_mObf-0e_VtmU8iq081w,TabiEats Food Reviews,15700.0,1.8,2.15,0.14,1.53,0.45,0.52,0.0,0.0,0.0,0.0,5.0,0.0,0.0,0.04,0.48,0.0,0.95,2.0,0.0010924723807934538
kBRmepdDuGk,UC5NF_7WBa8OVDC0Xbs8yvOg,Japapino World ジャパピーノ,174000.0,0.7,0.24,0.205,2.365,0.035,0.015,0.0,0.0,0.25,1.81,0.765,0.045,0.525,0.065,0.26,0.15,0.145,1.0,0.00018207873013224228
kEdhl7xNluM,UCB4xVfXAzWBDLtThrGM3Rrg,Canada International Student Magazine,3720.0,0.0,0.0,0.0733333333333333,0.0,1.02,0.9766666666666668,0.8766666666666666,1.15,1.5633333333333332,1.97,0.2433333333333333,0.0,0.3966666666666666,0.33,0.0999999999999999,0.0699999999999999,0.0233333333333333,0.0,0.0016387085711901807
kFBwyWHgkXg,UC8w6rSJhWmzLMBtL0daNkPw,FLYING THE WORLD,661000.0,0.0,0.0,0.03,1.03,0.78,0.0,0.0,0.98,1.24,2.55,0.68,0.0,1.65,0.75,0.0,0.0,0.0,1.0,0.0006554834284760723
kGBsb55xnOE,UCTL128JylZO50B0MqbUuhSw,EL's Planet,232000.0,,,,,,,,,,,,,,,,,,,0.0002341012244557401
kIbYhhIPwy8,UCryJ4vhASeu7uhXRPOL3WhA,What's up Philippines,311000.0,,,,,,,,,,,,,,,,,,,2.621933713904289e-05
kIbd4DORB-8,UCA3Vg2gqR-aycc8WoVewouw,Jez Prada,150000.0,0.3928571428571428,0.0714285714285714,0.5042857142857143,0.1757142857142857,0.6607142857142857,0.9607142857142856,0.235,0.2614285714285714,0.8757142857142857,0.8071428571428572,0.3964285714285714,0.4928571428571428,0.665,0.0428571428571428,0.4128571428571428,0.1185714285714285,0.2142857142857142,1.0,0.0010924723807934538
kImXctXCmLs,UCu56J-caWbTVL_b_3E-Q3cQ,PH Rider Dave,134.0,,,,,,,,,,,,,,,,,,,0.0010924723807934538
kL1xAYUTx2o,UCHHsLgcp82jsTUdULULDjbA,GoTime Travels,100000.0,0.38,0.5,0.0,0.0,1.17,0.73,0.0,1.38,2.56,0.87,0.0,0.0,0.0,0.0,2.04,0.0,0.0,0.0,0.0004682024489114802
kOUQW-YbAeY,UCAUgY9e_n2DhyZTgvPRoJnQ,TriFate Geo,171000.0,1.4333333333333331,1.3333333333333333,0.0,1.7233333333333334,0.0,0.0,0.0,0.5733333333333334,0.0,0.0,0.4633333333333334,0.64,0.1933333333333333,0.0466666666666666,0.95,0.4033333333333333,0.0366666666666666,2.0,6.426308122314434e-05
kOf9riihh1g,UCOnj7dA6j1iTFtudrackMag,8 Miles from Home,348000.0,0.526,0.0,0.312,0.098,1.47,1.89,1.01,1.302,1.682,0.868,0.132,1.0779999999999998,1.514,0.0,1.412,1.448,0.388,0.0,0.00036415746026448456
kOsUV2DvXwE,UCt9BTGSxATM6axwfTY4KnEg,A Foreigner in the Philippines,265000.0,,,,,,,,,,,,,,,,,,,5.462361903967269e-05
kTrjYBGGol0,UCl4I_ztLWgW8ybm9M0n1pyg,Nic & Rei,14700.0,,,,,,,,,,,,,,,,,,,0.00010572313362517294
kVfqhcWspQw,UCajXeitgFL-rb5-gXI-aG8Q,Great Big Story,6310000.0,0.79,0.0,0.0,0.0,0.0,0.19,0.39,1.96,0.0,0.49,3.67,0.0,0.0,3.26,0.45,0.0,0.0,1.0,0.0010924723807934538
kWRYJ4P1h-A,UCBQjTfMEcxMlI49KCQAHwYQ,2Passports 1Dream,234000.0,0.22,0.58,0.0,0.38,0.55,0.0,0.0,0.33,0.38,0.0,0.79,0.75,1.96,0.0,0.0,0.0,0.0,1.0,0.0004682024489114802
kWXTPmPd_gk,UComAntq7Iq5SxYHUJuJ6ekg,BACKPAEGER แบกเป้เกอร์,1080000.0,0.5625,0.0925,0.76,1.3325,0.5725,0.795,0.2,0.98,0.635,0.39,0.535,0.38,0.8400000000000001,0.835,0.5325,0.06,0.1325,1.0,0.0010924723807934538
kXPQK-Gxkl8,UCraOIV5tXbWQtq7ORVOG4gg,Quang Tran,2750000.0,0.62,0.0,0.0,0.0,0.56,0.76,3.02,0.0,0.0,0.0,0.0,0.0,2.22,0.0,0.0,3.22,0.0,1.0,0.0010924723807934538
kXq_pc1ug3s,UCcaIZBgmiYTJP9fpO_xjMTQ,Travel Escapes,246000.0,0.61,1.68,0.0,3.34,0.78,0.18,0.01,0.5,2.14,0.0,0.0,0.0,0.0,0.66,2.57,0.0,0.0,2.0,0.00032774171423803616
kYTUmK8f52A,UCKie0svsFyBBsKaQIA4hx-w,American Entrepreneur in the Philippines,9850.0,2.73,0.92,0.25,0.44,0.22,0.65,0.28,1.41,0.83,0.29,1.16,0.0,1.0,0.1,0.15,0.0,0.0,1.0,0.00020483857139877258
ka3YSB9zoLc,UCmZEdaBmnUEoWAzLo4nFASA,Dean Hashim in The Philippines,471000.0,,,,,,,,,,,,,,,,,,,0.0008193542855950903
kaK0QUeJDs4,UCWjSwkIn2gGgETcZZYaO-6g,RETIRING IN PARADISE,17000.0,1.274,0.16,0.546,0.366,1.026,1.976,0.546,0.552,0.954,0.74,0.8480000000000001,0.8380000000000001,0.41,0.24,0.51,0.732,0.062,1.0,8.62478195363253e-05
kcUTnM5Flpg,UCO-BUJCM03NS-rwr1VonV4A,Divert Living,315000.0,,,,,,,,,,,,,,,,,,,0.00032774171423803616
kceHa2XteNs,UCfyehHM_eo4g5JUyWmms2LA,Sorted Food,2890000.0,1.44,1.82,0.25,3.19,0.0,0.0,0.52,0.86,0.29,0.0,0.23,0.0,0.0,0.0,2.22,1.87,0.0,2.0,0.0008193542855950903
kckB7upE7D4,UCt9BTGSxATM6axwfTY4KnEg,A Foreigner in the Philippines,265000.0,,,,,,,,,,,,,,,,,,,5.462361903967269e-05
kd3VpvLtCdo,UCoWQLZoPwn3mJ-oiPrwDpbA,Living abroad,163000.0,,,,,,,,,,,,,,,,,,,6.554834284760723e-05
kdQjdQUFzBo,UCguRKiLcbY9yIG9fxmd9BuQ,Nicole and Mico,82000.0,1.295,1.08,0.57,0.7999999999999999,1.675,2.925,0.625,1.555,1.665,1.345,0.0,0.295,1.0,0.055,1.225,0.175,0.375,0.0,0.00040967714279754517
kgG1oJiE5qs,UCZ7Cxp6r5JMhpSrIETCXzdQ,Mikey Bustos,1400000.0,0.6133333333333334,1.2166666666666666,0.0,1.3333333333333333,1.346666666666667,0.6266666666666666,0.7966666666666665,1.163333333333333,0.96,0.1933333333333333,0.4166666666666667,0.1366666666666666,0.3266666666666666,0.18,0.1166666666666666,0.32,0.45,1.0,0.0006554834284760723
kkiNTet5G-Q,UCuNKAAuJjj6Rnqua8miiO8w,Loloy meets Hyojina횰로커플,219000.0,1.005,0.605,0.725,0.52,1.27,1.895,0.63,0.455,1.57,1.915,0.335,0.565,1.2049999999999998,0.185,0.155,0.0,0.745,0.0,0.0008193542855950903
klMo0d2-VOs,UC3PVtkwtqwCD4LEPguBEADA,Mia Sandoval,395000.0,0.165,0.255,0.0,0.595,1.335,0.375,0.5700000000000001,1.655,1.245,0.615,0.255,0.21,0.17,0.0,1.765,0.355,0.0,0.0,0.00011705061222787004
klx-_N0XMEY,UC_hN8xs99S6jnMdYCuJgoJA,Pinoy Planet,97800.0,1.44,1.89,0.0,0.05,1.87,2.04,0.17,1.99,3.02,2.09,0.0,0.0,1.09,0.16,4.07,0.98,0.26,0.0,3.6015572993190784e-05
kmEe1kb3aAQ,UCdkq517IaeUcnG5CIiFX9RA,Shin Smith,36200.0,,,,,,,,,,,,,,,,,,,0.00010241928569938629
koNVREBxap8,UCVfF2cBhyatGQc_BcjSZ-_Q,Roaming Hogan,64500.0,0.0,0.0,0.0,0.935,0.895,0.0,0.085,1.235,1.125,0.12,0.21,0.07,0.0,0.0,0.445,0.165,0.0,1.0,0.0010924723807934538
konXumXsoFE,UCygn9pOnMw5St5Mva69z5nA,RegenerationNationTV,335000.0,0.285,0.21,0.555,0.09,0.92,1.78,0.465,0.045,0.7949999999999999,0.995,0.565,0.96,0.795,0.48,0.0,0.115,1.545,1.0,0.0005462361903967269
kq2oO7fRbB4,UCfStLP-mz4nXI1iNBkehytA,Therese's Nook,1160.0,0.82,0.43,0.0,0.0,1.43,2.91,0.79,0.94,1.36,0.0,0.36,0.44,0.0,0.37,0.42,0.22,0.0,0.0,0.0010924723807934538
krOzZPUb738,UCAUgY9e_n2DhyZTgvPRoJnQ,TriFate Geo,171000.0,1.815,0.61,0.61,1.73,1.5,1.4,0.03,1.33,1.6,0.81,0.0,0.0,0.0,0.1,1.305,0.405,0.285,0.0,6.426308122314434e-05
ks8kkvFdD0A,UCTPxMCyJyYGF6H0eBhOvgsA,Pinay mom's blogs,7390.0,,,,,,,,,,,,,,,,,,,0.0001724956390726506
kskYkzRzE40,UCKMU-I4eYw-D9QF1YdUMUlw,Calvin Castiel,207000.0,,,,,,,,,,,,,,,,,,,0.0001489735064718346
kssJ-jhOFPA,UCW66Ck8Lc8M39UHY3TaKf4A,Dan and Lyn,16300.0,0.51,0.125,0.19,0.395,1.545,0.615,0.64,2.3600000000000003,1.46,0.79,0.8150000000000001,0.33,0.38,0.0,1.815,0.4,0.02,0.0,0.0004682024489114802
kupDrmKBW4w,UCEk1OaMTpc0qq1WyDRQFhQw,We Keep Coming Back,522.0,0.9975,0.075,1.2475,0.17,1.7225,0.925,0.4375,1.375,2.265,1.975,0.1575,0.1025,0.4049999999999999,0.24,1.365,0.3275,0.145,0.0,0.0008193542855950903
kv7cn2yuUCc,UC0NGOXcSHs4Jq6FDpIYWkJA,Życie na Filipinach - Rafał Baran,73600.0,,,,,,,,,,,,,,,,,,,0.0006554834284760723
kwMIisZ35QQ,UCAUgY9e_n2DhyZTgvPRoJnQ,TriFate Geo,171000.0,1.15,0.9625,0.9975,2.0075000000000003,1.045,1.07,0.1,1.32,1.47,0.425,0.0825,0.0425,0.16,0.0,1.69,0.215,0.0,2.0,6.426308122314434e-05
kxVFwfWXSSE,UCQQyW9Ki62OmGzHedws7xlQ,Bianca & Beyond,142000.0,0.645,1.095,0.0,2.075,0.0,0.0,0.0,0.7250000000000001,0.285,0.345,0.63,0.09,0.0,0.12,0.135,0.0,0.0,1.0,0.00010241928569938629
kxphTNBJyRE,UC_nGEYgqzTuyFbHCZELMC2w,Merryjuj,11400.0,,,,,,,,,,,,,,,,,,,0.00011301438422001247
kyefcNqiZOA,UCG57u0jfLpuPuCAHRUtTxdg,Blonde&Bass,113000.0,0.56,0.4466666666666666,0.3733333333333333,0.9866666666666668,0.8633333333333333,0.6566666666666666,0.5566666666666666,1.5200000000000002,1.51,0.28,0.0766666666666666,0.0,0.0633333333333333,0.0,2.11,1.2733333333333334,0.0,0.0,0.00032774171423803616
kykUbX2xTw4,UC_nGEYgqzTuyFbHCZELMC2w,Merryjuj,11400.0,,,,,,,,,,,,,,,,,,,0.00011301438422001247
kz8L5quDgYU,UC34uT3C8-_AyHTLnZxdzIuw,Ingrid in Bosnia,81700.0,0.8333333333333334,0.0,0.95,0.5366666666666667,0.3066666666666667,0.7133333333333333,0.0266666666666666,0.1733333333333333,0.34,0.7733333333333334,0.3066666666666667,0.7200000000000001,0.3366666666666666,0.2933333333333333,0.3766666666666666,0.2033333333333333,0.32,1.0,0.0005462361903967269
l-lPCxX7ySg,UCLvnKTwSZEnCbTHNnqiivRQ,Dodo Explorers,188000.0,1.81,1.0550000000000002,0.175,1.775,2.67,1.315,0.33,2.805,2.77,1.08,0.15,0.0,0.0,0.0,2.895,1.15,0.0,0.0,0.00020483857139877258
l0eB8kD2EHY,UCHEf6T_gVq4tlW5i91ESiWg,People Vs Food,12600000.0,1.21,1.75,1.12,3.835,0.21,0.385,0.93,1.065,0.0,0.04,0.6,0.525,0.295,0.0,2.56,0.93,0.0,2.0,0.00032774171423803616
l2YVDriQtmo,UCam1q_TN5QauJdk07T0bteA,Samantha Lisa ,102000.0,0.1966666666666666,0.5966666666666667,0.1266666666666666,1.1,0.0866666666666666,0.0,0.15,0.0,0.19,0.97,0.1466666666666666,0.1733333333333333,0.0833333333333333,0.1866666666666666,0.3866666666666666,0.9766666666666668,0.5,1.0,0.0004682024489114802
l3050mDF35E,UCQzpQN0PTfIx1ARe7lL1jXQ,PhillyinthePhilippines,134000.0,0.4,0.0,0.95,1.785,0.525,0.0,0.49,1.01,0.0,0.61,0.545,0.7,0.0,0.905,0.0,1.19,0.36,1.0,0.0008193542855950903
l37i8s1uUx0,UC6VT3Fhk2z3-4leoCoZpyPQ,Reação Imediata,169000.0,0.195,0.035,0.7975,0.3725,1.215,0.79,0.5225,1.235,1.24,2.0725,0.85,0.375,0.4375,0.18,0.9175,0.675,0.2075,0.0,0.00021849447615869075
l3q53uYhG5c,UCmlfCI87gCasxVQR1_Y_DqQ,Red Zone Mindanao ,5570.0,,,,,,,,,,,,,,,,,,,0.0010924723807934538
l4EuyIXEFoQ,UCoWQLZoPwn3mJ-oiPrwDpbA,Living abroad,163000.0,,,,,,,,,,,,,,,,,,,6.554834284760723e-05
l4jA9-Kinks,UCryJ4vhASeu7uhXRPOL3WhA,What's up Philippines,311000.0,,,,,,,,,,,,,,,,,,,2.621933713904289e-05
l5K-jH6FWcQ,UCtzKfl7mVo9Bi-DzGMFmnqg,Flora and Note,202000.0,1.065,0.7350000000000001,0.0,0.55,1.485,3.06,0.31,1.495,1.85,0.155,0.175,0.0,0.195,0.255,1.705,0.5,1.3050000000000002,0.0,0.0006554834284760723
l62LKcUAKgI,UCQ3i4wFECsKSLp8_9y-BkgA,Dustin Backpacks,160000.0,0.64,0.0,0.34,0.0,0.0,0.0,0.62,1.14,0.0,1.24,0.66,2.06,0.0,0.0,0.0,3.2,0.0,1.0,0.00040967714279754517
l8c3tgZNm0I,UCOvLWcHoB4aujwiWKme_pFg,Kumander Daot,241000.0,,,,,,,,,,,,,,,,,,,0.0005462361903967269
l9hIJpOP5Fo,UCPNBc7ZRwmgk1I6j_lenAfw,The Love Train Nation,23900.0,0.0,0.0,0.0,1.01,0.66,0.0,0.43,0.92,2.13,1.29,0.78,0.0,0.52,0.0,0.81,0.0,0.32,1.0,0.00010924723807934537
lDc5m69DlKk,UCQQyW9Ki62OmGzHedws7xlQ,Bianca & Beyond,142000.0,0.56,0.89,0.0,1.39,0.0,0.0,0.0,0.0,1.19,0.0,0.0,0.95,0.0,0.37,0.0,0.0,0.0,1.0,0.00010241928569938629
lDkAhaR_cyA,UCbDelWG0lH_xzQjnH-bNB_w,josie lifts things,1080000.0,0.2033333333333333,0.0,0.5633333333333334,0.24,0.7733333333333334,1.98,0.6916666666666665,0.2533333333333333,0.4033333333333333,0.9933333333333332,1.143333333333333,0.9266666666666667,0.7699999999999999,1.0733333333333337,0.9716666666666668,0.6883333333333334,0.4133333333333333,1.0,0.0002521090109523355
lEgYxTAN36I,UCRzBNJTsBe2rq6pkyXeaj1A,TriFate Lifestyle,161000.0,2.3,0.69,0.58,1.86,1.2,3.55,1.2,0.66,0.49,0.0,2.31,0.0,1.87,0.0,2.09,1.75,0.0,2.0,0.0001724956390726506
lFDIdJ71AWQ,UCPAz3hWHiBC-c1x4K0-atsg,Waleska Herrera,1230000.0,0.52,0.42,0.4666666666666666,1.653333333333333,0.4266666666666667,0.3766666666666666,0.6466666666666667,0.43,1.4166666666666667,1.0066666666666666,0.0033333333333333,0.2799999999999999,0.0,0.0,0.5433333333333333,1.21,0.1766666666666666,1.0,2.074314647076178e-05
lG54jwwvTrc,UCHzr18TqOdx4Kk7B1HmqXAQ,TRI VLOGS UNLIMITED,6300.0,0.87,0.74,0.0,1.38,1.05,0.1,0.6,2.26,1.37,2.93,0.0,0.0,0.0,0.0,2.23,0.0,0.0,0.0,0.0016387085711901807
lGlWteaA0G4,UCYRDdicBXeo2zYB6Lg-oK7w,Raphael Gomes,2040000.0,0.76,0.94,0.0,1.25,0.0,0.19,0.0,0.83,0.0,0.0,2.12,2.16,0.0,0.0,0.5,1.3,0.52,1.0,0.0010924723807934538
lH-ebkL3l9w,UC4uU4t50BHcaSmJ7_5JZWYA,Killermcknight,221000.0,0.3333333333333333,0.1366666666666667,0.51,0.3533333333333333,1.3933333333333335,1.2266666666666666,0.7033333333333333,1.8033333333333328,1.0366666666666668,1.2166666666666666,0.8166666666666668,0.5533333333333333,0.0,0.2799999999999999,1.54,2.2433333333333336,0.1333333333333333,0.0,0.0008193542855950903
lHdUFJCkAfQ,UCn1XB-jvmd9fXMzhiA6IR0w,Domics,7210000.0,,,,,,,,,,,,,,,,,,,0.0010924723807934538
lIqdJj4T1Cw,UCVv-y0k91qAA-uI_K46UBvg,Dabble and Travel,583000.0,,,,,,,,,,,,,,,,,,,0.00013109668569521446
lJwPQhuSE1A,UCwjWUUCiv_TPoErI9AZv6Lg,BEYONDLOCALGODDESSES,340000.0,,,,,,,,,,,,,,,,,,,0.0004682024489114802
lLQcFpgbMOk,UCydVvomDSz2uIMBlydkpYqA,worldofmama,159000.0,0.2666666666666666,0.2066666666666666,0.94,0.3,0.6,1.93,0.3266666666666666,0.1633333333333333,0.9233333333333332,0.1999999999999999,0.0266666666666666,0.0,0.2833333333333333,0.0633333333333333,1.1033333333333333,0.6233333333333333,0.36,1.0,0.0016387085711901807
lNndYqSObXs,UCMJlGrPk73l9U6qahc8D_gA,Randy Santel,1790000.0,,,,,,,,,,,,,,,,,,,0.0005462361903967269
lOF4vVxBQ-s,UC8fwExOkHg0_fX_XJcR31NA,Harry Jaggard,2530000.0,0.0,0.0,2.23,0.0,0.0,1.01,0.52,0.6,0.0,0.0,1.15,0.06,0.39,0.0,0.0,0.0,0.0,1.0,0.0008193542855950903
lPCnUCvh-pg,UC_DmOS_FBvO4H27U7X0OtRg,Fearless & Far,3030000.0,,,,,,,,,,,,,,,,,,,0.00032774171423803616
lQ_4IeSVUrQ,UCLNoXf8gq6vhwsrYp-l0J-Q,Xiaomanyc 小马在纽约,6770000.0,0.59,0.1266666666666666,0.9033333333333332,0.21,1.403333333333333,2.186666666666667,0.9333333333333332,1.5633333333333337,1.3666666666666665,0.57,0.47,0.6166666666666667,0.1566666666666666,0.1266666666666666,1.0633333333333332,0.4433333333333333,0.38,0.0,0.00021849447615869075
lQfMYUon9fM,UCo5IPeTfhzXzzNB64ALUSUw,The Demouchets REACT,182000.0,0.91,0.836,0.298,0.4559999999999999,1.778,2.334,0.696,1.42,1.636,1.522,0.154,0.238,0.5660000000000001,0.174,1.12,0.726,0.048,0.0,0.00018207873013224228
lQxl7v4iZRU,UCO5Jeark1e_JP36mY3ua19g,The Commodity,98300.0,0.0,0.0,0.005,0.165,0.665,0.44,0.465,1.215,1.005,1.905,0.69,0.0,0.575,0.0,1.1949999999999998,0.545,0.55,0.0,6.18380592901955e-05
lQznuY3DJME,UCiSfjwYIGaLIHI7fHbyCpiw,Military Combat Network,122000.0,,,,,,,,,,,,,,,,,,,0.0008193542855950903
lSHh9qJOKjs,UCdCcBT4F1nsVs46w3sG8Pjg,Kumusta Philippines,2310.0,0.968,0.074,0.8960000000000001,0.2799999999999999,0.674,1.73,0.6679999999999999,1.574,0.734,0.7,0.8939999999999999,0.528,1.08,0.02,1.184,1.012,0.4319999999999999,1.0,0.0010924723807934538
lSNCL4_9PRQ,UC5QCza-qtDmujX_lzIs9SJw,세부부부,111000.0,,,,,,,,,,,,,,,,,,,0.0005462361903967269
lU6kLVcswVo,UCryJ4vhASeu7uhXRPOL3WhA,What's up Philippines,311000.0,,,,,,,,,,,,,,,,,,,2.621933713904289e-05
lUm0atjqE28,UCZS5z8C9fsQ8By-Enik7LZw,Vivre aux Philippines,2290.0,,,,,,,,,,,,,,,,,,,0.0008193542855950903
lUy-hP3V-1o,UC_hN8xs99S6jnMdYCuJgoJA,Pinoy Planet,97800.0,0.0,0.0,0.75,0.0,1.89,2.59,1.03,1.63,1.56,2.51,0.75,0.16,0.18,0.42,2.03,0.88,0.0,0.0,3.6015572993190784e-05
lVXOTTJ22rg,UCDQ2M--Pc_L6kdZCDw7kjYw,TOM And RUTH 🇵🇭 Adventures,46900.0,,,,,,,,,,,,,,,,,,,0.0010924723807934538
laMjQjbAHPg,UC-BKXdCFnPmTpljrxxYu7dQ,IFCGuam,21000.0,,,,,,,,,,,,,,,,,,,0.0010924723807934538
lbR5yzJz4uA,UCobYD8WgP3GPOqgvXF2Yy1w,Adam and Jane's Lifestyle,75500.0,0.5966666666666667,0.1066666666666666,0.15,0.5533333333333333,0.68,0.43,0.1933333333333333,1.0266666666666666,1.336666666666667,0.6333333333333333,0.09,0.0,0.26,0.14,1.08,0.2833333333333333,0.0,1.0,6.827952379959086e-05
ldUZ0fTOj7Y,UCLPLXSPgySkBypwpi6BrMwg,Jessica Lee,1680000.0,,,,,,,,,,,,,,,,,,,0.0002521090109523355
lfBJnEJRlt8,UCPAz3hWHiBC-c1x4K0-atsg,Waleska Herrera,1230000.0,0.5725,0.0,0.8574999999999999,0.74,0.6000000000000001,0.365,0.5125000000000001,1.1475,0.4125,0.495,0.7825,0.0875,0.13,0.245,1.0675,0.4599999999999999,0.215,1.0,2.074314647076178e-05
lfq08YKgIDE,UCbn5xzRrAOY9DWJlbyPBsvg,Joel and Emilia,257000.0,0.065,0.17,0.045,2.67,0.475,0.5700000000000001,0.535,0.8,0.97,0.87,0.0,0.41,0.185,0.175,0.405,0.595,0.0,1.0,0.00040967714279754517
lkJ2Zj82u4g,UCwmjQLxUeYS2qxpNH8cF0Rw,BossD3nnis,15000.0,,,,,,,,,,,,,,,,,,,0.0002521090109523355
lmE0KCYGpSY,UCKMU-I4eYw-D9QF1YdUMUlw,Calvin Castiel,207000.0,,,,,,,,,,,,,,,,,,,0.0001489735064718346
lmisnxYQvhg,UC_hN8xs99S6jnMdYCuJgoJA,Pinoy Planet,97800.0,1.995,0.835,2.49,0.0,0.14,0.895,0.355,0.915,0.2,0.53,1.215,1.755,0.25,0.5549999999999999,0.37,0.595,1.365,1.0,3.6015572993190784e-05
lmrf2EjUVa0,UCRzPUBhXUZHclB7B5bURFXw,Eater,3860000.0,0.87,0.43,0.0,0.07,0.44,0.0,0.97,0.0,0.33,0.0,0.0,1.24,0.0,0.3,0.0,1.78,0.87,1.0,0.00021849447615869075
lnxi--Rx6Po,UCONm3i2-__08mS14cU0rHPg,Livin La Vida Tagalog,58900.0,0.73,0.0,0.65,0.0,1.59,0.09,0.01,1.24,1.89,0.8,0.0,0.0,0.85,0.05,2.71,0.0,0.25,0.0,0.0008193542855950903
lqpsgJpgVBw,UCWjSwkIn2gGgETcZZYaO-6g,RETIRING IN PARADISE,17000.0,0.79,0.0,0.0,0.0,0.28,1.54,0.0,0.0,0.84,0.0,2.68,1.33,0.0,0.0,0.0,0.0,0.0,1.0,8.62478195363253e-05
lvaLXUyP_OA,UCoWQLZoPwn3mJ-oiPrwDpbA,Living abroad,163000.0,,,,,,,,,,,,,,,,,,,6.554834284760723e-05
lvnYzUBzNWA,UCqdBWKP4_8bU-Rsk2LvVz6Q,BecomingFilipino,1140000.0,,,,,,,,,,,,,,,,,,,0.0001560674829704934
lw0W4iSHbaw,UCRzPUBhXUZHclB7B5bURFXw,Eater,3860000.0,,,,,,,,,,,,,,,,,,,0.00021849447615869075
lwno0Z10TDg,UCO5Jeark1e_JP36mY3ua19g,The Commodity,98300.0,1.095,0.3225,0.28,0.465,0.2299999999999999,0.615,0.3175,0.92,0.5850000000000001,1.5875,0.63,0.5,0.135,0.275,0.4,1.015,0.0,1.0,6.18380592901955e-05
lx21W-OILMA,UCTPxMCyJyYGF6H0eBhOvgsA,Pinay mom's blogs,7390.0,,,,,,,,,,,,,,,,,,,0.0001724956390726506
lxiqhrQ0LK4,UClC88Hwf0c115jFj-fhVj2A,Kano Harry,3930.0,,,,,,,,,,,,,,,,,,,0.00020483857139877258
lylnNLNNcbA,UCbfLaTfmCeR2aykiRSGBbTQ,Katriinka,536000.0,0.21,0.0,0.275,0.435,0.01,0.0,0.21,1.205,0.35,1.075,0.525,0.0,0.29,0.0,0.475,1.015,0.56,1.0,0.00027311809519836344
lyoIryqJ08A,UCpi8TJfiA4lKGkaXs__YdBA,The Try Guys,7920000.0,1.67,3.48,1.08,2.64,0.14,0.04,0.0,0.0,0.69,0.0,0.17,0.0,0.0,0.36,3.31,2.56,0.32,2.0,0.0008193542855950903
m-s5vnq0n-w,UCGlbl3vrWQ85xp49JSWgM6A,Maria Dorothy,5210.0,1.37,2.43,0.0,0.97,0.0,0.27,0.0,0.0,0.0,0.0,0.0,0.0,0.0,0.0,1.04,1.39,0.24,2.0,0.0016387085711901807
m1j_vdxoAPo,UC5srj0Tgfq-FuFyk9HFl0Rw,GoldenTV Network,261000.0,,,,,,,,,,,,,,,,,,,0.00032774171423803616
m1tQXkTN47Y,UCumDKkURYIw_dKqtn9hN-Ew,Alina Mcleod,344000.0,1.11,0.81,0.0,0.71,2.19,2.75,0.83,1.85,3.13,0.55,0.0,0.0,0.36,0.0,2.69,0.0,0.02,0.0,0.0005462361903967269
m2rZfVLkRJ8,UCTL128JylZO50B0MqbUuhSw,EL's Planet,232000.0,,,,,,,,,,,,,,,,,,,0.0002341012244557401
m42_YBQeQ7w,UCLvnKTwSZEnCbTHNnqiivRQ,Dodo Explorers,188000.0,1.01,0.445,0.41,0.775,0.7,0.66,0.095,1.4500000000000002,0.935,0.6799999999999999,0.595,1.155,0.0,0.03,0.425,0.8200000000000001,0.14,1.0,0.00020483857139877258
m44h896PTUg,UCVv-y0k91qAA-uI_K46UBvg,Dabble and Travel,583000.0,,,,,,,,,,,,,,,,,,,0.00013109668569521446
m4MbuuTmMM8,UChhgX4EBfO9lzybw2qvujIQ,Sj & Mel Intl. 커플,383000.0,0.96,1.385,0.0,0.34,2.57,1.005,0.625,1.3,2.62,1.82,0.63,0.335,0.885,0.11,2.025,0.985,0.72,0.0,0.0016387085711901807
m5YtJQLW_Jg,UCeT1qAcQxLP6cEfbMe85QCQ,Yoshi the Japanese Guy,165000.0,1.0166666666666666,0.1566666666666666,1.2366666666666666,0.3233333333333333,1.9566666666666668,2.1533333333333338,1.02,1.9,1.9166666666666667,1.0633333333333337,0.24,0.02,0.51,0.0,1.893333333333333,0.25,1.2066666666666668,0.0,0.0001489735064718346
m9CvfPR2L5U,UCqdBWKP4_8bU-Rsk2LvVz6Q,BecomingFilipino,1140000.0,,,,,,,,,,,,,,,,,,,0.0001560674829704934
mBFUFsBtQX8,UC4uU4t50BHcaSmJ7_5JZWYA,Killermcknight,221000.0,0.6466666666666666,0.0,0.47,0.5833333333333334,0.3,0.5499999999999999,0.4000000000000001,1.7,0.5433333333333333,0.6966666666666667,0.2833333333333333,0.8466666666666667,0.21,0.1466666666666666,0.3066666666666667,0.34,0.4533333333333333,1.0,0.0008193542855950903
mBTU2jyn6yU,UCO5Jeark1e_JP36mY3ua19g,The Commodity,98300.0,0.175,0.0,0.395,0.87,0.55,0.7649999999999999,0.91,0.935,1.065,1.005,0.7150000000000001,0.0,0.18,0.0,0.58,0.545,0.19,1.0,6.18380592901955e-05
mBqdFmLnKCE,UCwHu8fi3Vg4lxPHUp3BNW0w,Meows Stories,1590.0,1.48,0.13,0.0,1.72,1.64,1.27,0.13,1.36,1.51,2.47,0.0,0.0,0.0,0.0,0.0,0.0,0.0,0.0,0.0008193542855950903
mCGXIuMuMkM,UCoWQLZoPwn3mJ-oiPrwDpbA,Living abroad,163000.0,,,,,,,,,,,,,,,,,,,6.554834284760723e-05
mCGanrWZeu0,UCi9mzS8H-ez_30w5SCL2dmw,JREKML,1210000.0,,,,,,,,,,,,,,,,,,,6.827952379959086e-05
mD_eFV8Igr8,UCO-BUJCM03NS-rwr1VonV4A,Divert Living,315000.0,1.6166666666666665,0.8166666666666665,0.0,0.9266666666666666,1.2166666666666666,0.99,0.1866666666666666,0.8799999999999999,0.9133333333333334,0.1733333333333333,0.2533333333333333,0.0,0.62,0.0933333333333333,0.1366666666666666,0.4766666666666666,0.6433333333333333,1.0,0.00032774171423803616
mEGowrcIw9E,UCKie0svsFyBBsKaQIA4hx-w,American Entrepreneur in the Philippines,9850.0,1.21,0.0,0.0,0.28,0.84,0.52,0.06,1.45,1.42,0.33,0.09,0.0,0.88,0.49,0.02,0.0,0.56,1.0,0.00020483857139877258
mE_u_aqJxMU,UCrH_qGCqMX4PJX5W3LXBzTQ,Tim Tayag,1600.0,0.0,0.0,0.47,0.6,0.27,1.11,0.31,0.0,0.0,0.0,1.0,0.18,0.34,0.0,0.26,1.0,0.41,1.0,0.0008193542855950903
mEd-p7Qq4jQ,UCAn1xZqc_LzZc3D7DpcFcFw,Tosa Dela Tusveld,3490.0,0.6,0.45,0.0,1.96,0.72,0.0,1.42,2.12,0.25,1.29,1.32,0.0,0.0,0.0,1.53,2.05,0.25,1.0,0.0008193542855950903
mF98At7oSY4,UCpL_tis0ertYh2DSOiCm51g,World Nomac,751000.0,0.8049999999999999,0.155,0.55,0.915,0.315,0.53,0.3625,0.055,0.235,0.3225,0.485,0.41,0.5349999999999999,0.3575,0.44,0.975,0.025,1.0,0.00020483857139877258
mHSzgYb-6iI,UCkaZoLnf0cJu6Peegep7AHQ,RapidVisa,19800.0,0.255,0.0,0.575,0.15,1.15,1.275,0.31,1.22,2.275,1.7,0.0,0.0,0.0,0.0,1.5499999999999998,0.0,0.0,0.0,0.0006554834284760723
mIWo9H1wfc4,UCzjxQJtI4GqGaBwFagqv1AQ,Shev and Dev,560000.0,0.28,0.0,0.0,0.085,1.045,1.645,0.175,1.525,1.6,0.435,0.0,0.0,0.08,0.0,2.49,1.07,0.0,0.0,0.00036415746026448456
mIghkGjG3oI,UCWU1QFjS3Lil6hm5rdAypxg,Psynergic,32200.0,0.12,0.0,0.93,0.0,0.49,0.0,0.81,0.0,0.2,0.62,0.24,0.0,0.0,0.2,0.5,3.17,0.0,1.0,0.0010924723807934538
mJECT0x7ick,UCv40ea7sXNocRP4qF1giSHQ,Dulana Sisters,1030.0,,,,,,,,,,,,,,,,,,,0.0016387085711901807
mKa-PucSqdY,UCEOA5dqY5Qzz5MaKBImavYg,,,,,,,,,,,,,,,,,,,,,
mOxxtznRdeg,UC_hN8xs99S6jnMdYCuJgoJA,Pinoy Planet,97800.0,2.44,2.34,0.0,1.68,0.0,0.0,0.0,0.0,0.0,0.0,0.09,0.13,0.0,0.0,0.01,0.0,0.0,2.0,3.6015572993190784e-05
mPNc4t5W8Ig,UC0lLKwsajj4Q1EA13ogAJRA,EVN REAX,1430.0,,,,,,,,,,,,,,,,,,,0.0016387085711901807
mRGsu99YAPQ,UC_hN8xs99S6jnMdYCuJgoJA,Pinoy Planet,97800.0,0.565,0.245,0.5,0.82,0.0,0.28,0.09,0.0,0.09,0.165,0.25,0.49,0.435,0.195,1.075,0.3299999999999999,0.065,1.0,3.6015572993190784e-05
mRSmk9PBRmA,UCQQyW9Ki62OmGzHedws7xlQ,Bianca & Beyond,142000.0,0.2699999999999999,0.0,0.1807692307692307,0.1107692307692307,1.4723076923076923,1.3507692307692307,0.5492307692307693,0.8484615384615386,1.4715384615384617,0.75,0.1084615384615384,0.07,0.6692307692307692,0.0,1.2692307692307692,0.1984615384615384,0.0861538461538461,0.0,0.00010241928569938629
mSqSqtg3jTY,UCTrAdQJ_Uyg5mbottTCZVPQ,Ciaran Daragh ,8430.0,,,,,,,,,,,,,,,,,,,0.0010924723807934538
mT754_cnPBs,UCAUgY9e_n2DhyZTgvPRoJnQ,TriFate Geo,171000.0,1.4449999999999998,2.425,0.0,4.29,0.0,0.0,0.0,0.055,0.0,0.0,0.0,0.02,0.005,0.075,0.255,0.415,0.09,2.0,6.426308122314434e-05
mTCgnJCyz2Q,UCRzPUBhXUZHclB7B5bURFXw,Eater,3860000.0,0.885,0.245,0.805,0.71,0.805,0.12,0.56,2.35,1.77,0.68,0.22,0.48,0.0,0.0,1.12,0.0,0.0,0.0,0.00021849447615869075
mTVITLQ8Wq8,UCi9mzS8H-ez_30w5SCL2dmw,JREKML,1210000.0,,,,,,,,,,,,,,,,,,,6.827952379959086e-05
mUV_Gr4ob9Y,UCEOsP00dFUPSkLzEf12H3cA,T&A Travel Vlogs,3680.0,,,,,,,,,,,,,,,,,,,0.00036415746026448456
mVOn6Uss_7c,UCoNbjiMmQ3c8CdiHu-TaYKw,Philippine Family Life With Leah,39300.0,,,,,,,,,,,,,,,,,,,0.0006554834284760723
mVTtTCPfJT0,UCryJ4vhASeu7uhXRPOL3WhA,What's up Philippines,311000.0,,,,,,,,,,,,,,,,,,,2.621933713904289e-05
mW4PwgpwCGE,UCi9mzS8H-ez_30w5SCL2dmw,JREKML,1210000.0,,,,,,,,,,,,,,,,,,,6.827952379959086e-05
mX9rUsrSadc,UC-O5RPLXeKJXUzNXwwqIOgw,Mat Salleh TV,1590000.0,0.345,0.0,0.03,0.0,0.415,0.545,0.0,0.075,0.42,0.275,0.7050000000000001,0.965,0.32,0.1,0.255,0.525,0.0,1.0,0.0010924723807934538
mYaLS7CmGdQ,UCKjpl5dlRUP4C1qJCoHh-CA,BuzzFeedOz,225000.0,1.0875,1.0425,0.8600000000000001,1.0625,1.3,1.3650000000000002,1.3025,1.9875,1.6475,0.115,0.44,0.0325,0.25,0.2774999999999999,2.3625,1.395,0.17,0.0,0.0008193542855950903
mYmYKGhBeIY,UCaAjLj9oGV6VKMYq8FxEwdQ,DORCAS Morounmubo,78500.0,,,,,,,,,,,,,,,,,,,0.00036415746026448456
mZEyGBo1SwU,UCWjSwkIn2gGgETcZZYaO-6g,RETIRING IN PARADISE,17000.0,1.94,0.37,0.61,1.91,1.05,2.53,0.0,0.83,0.94,0.0,1.28,0.45,1.33,0.0,0.0,0.0,0.0,1.0,8.62478195363253e-05
mZOoi-ogbuI,UC9x4-ABRx6eyoTAaPLBSlHA,Avelina Encabo.CHANNEL,1530.0,0.66,1.9,0.87,2.01,0.0,0.28,0.0,0.06,0.0,0.0,0.25,0.0,0.0,0.0,1.53,0.47,0.54,2.0,0.0008193542855950903
mcWEmkXF4ik,UCKygRpISlqs5TufcT3JtRng,Dale Philip,3760000.0,0.332,0.0,0.8539999999999999,0.734,0.494,1.134,0.308,0.4559999999999999,0.7140000000000001,0.248,0.242,0.0,0.4639999999999999,0.04,0.99,0.6539999999999999,0.182,1.0,0.00036415746026448456
mdDtV17StXQ,UCIk6DASPsMiUXnU6Y1Lz8Ww,We Vybz Tv,116000.0,,,,,,,,,,,,,,,,,,,0.0004682024489114802
mgwJt140qFI,UCPNBc7ZRwmgk1I6j_lenAfw,The Love Train Nation,23900.0,0.0,0.0,0.0,0.0,1.48,0.0,0.86,0.33,1.56,0.0,0.0,0.0,0.0,0.0,0.0,0.0,0.12,1.0,0.00010924723807934537
mjZXOo365-E,UC4F6cEecMl6nE7osq2ecxxA,Alexander Travelbum II,71900.0,,,,,,,,,,,,,,,,,,,0.0010924723807934538
mlwNNnWiGrU,UCOvLWcHoB4aujwiWKme_pFg,Kumander Daot,241000.0,,,,,,,,,,,,,,,,,,,0.0005462361903967269
mm79FIZQfO8,UCryJ4vhASeu7uhXRPOL3WhA,What's up Philippines,311000.0,,,,,,,,,,,,,,,,,,,2.621933713904289e-05
moyCKiESj4E,UCPAz3hWHiBC-c1x4K0-atsg,Waleska Herrera,1230000.0,0.4866666666666666,0.5483333333333333,0.37,0.5616666666666666,0.6883333333333334,0.215,0.0616666666666666,0.4233333333333333,0.9916666666666668,0.9933333333333332,0.2466666666666666,0.1133333333333333,0.08,0.09,0.6316666666666667,0.7333333333333334,0.155,1.0,2.074314647076178e-05
mpDjtthov0E,UCeT1qAcQxLP6cEfbMe85QCQ,Yoshi the Japanese Guy,165000.0,0.855,0.05,0.15,0.15,2.635,2.26,0.575,1.195,2.94,0.84,0.0,0.08,0.38,0.0,2.34,0.395,0.5549999999999999,0.0,0.0001489735064718346
ms0C6r58tiQ,UC6tTTsFKifxEhOIMI2HtLeQ,Jelena Kopilec,173000.0,,,,,,,,,,,,,,,,,,,0.00036415746026448456
ms0mFEOfiu8,UCvezSDMyptnJPLzAVzoTg2w,Emily and Dane Travel,178.0,,,,,,,,,,,,,,,,,,,0.0010924723807934538
muuvdPI1XvQ,UCPAz3hWHiBC-c1x4K0-atsg,Waleska Herrera,1230000.0,,,,,,,,,,,,,,,,,,,2.074314647076178e-05
mwFU88IBe0s,UC6I1pNKRkHzFQhjxH83uaQg,Emy & Johan in the Philippines,29000.0,,,,,,,,,,,,,,,,,,,0.0005462361903967269
mz9__Z7wrwM,UCYr4VTQfBpXrccQw_H2S8RA,JUICY REACTS,318000.0,0.54,0.0,0.505,0.0,0.36,0.565,0.26,0.295,0.915,1.46,0.02,0.0,0.37,0.0,1.375,0.68,1.81,1.0,0.00012138582008816153
mzLG91slZYI,UCRbxApsHPfN2huG4Z6D0MeA,Dave Roams,53400.0,,,,,,,,,,,,,,,,,,,0.0008193542855950903
mzQatvdmAEI,UC2-_WWPT_124iN6jiym4fOw,Asian Boss,3840000.0,0.0,0.0,0.35,0.5,0.02,0.63,0.22,1.87,0.97,0.0,0.95,0.0,0.0,0.0,1.93,0.68,0.1,1.0,0.0006554834284760723
mzlQGtKF2nc,UC_kaCfiQ_WIpXPuP-KWLYCg,Davidecult Tv ,293000.0,0.6166666666666667,0.0,1.1366666666666667,0.6133333333333334,0.2033333333333333,0.625,0.1033333333333333,0.295,0.3899999999999999,0.3133333333333333,0.5133333333333333,0.2383333333333333,0.1783333333333333,0.0,0.2416666666666666,0.545,0.3083333333333333,1.0,0.0010924723807934538
n1-q5-1NcD4,UC6VT3Fhk2z3-4leoCoZpyPQ,Reação Imediata,169000.0,0.2633333333333333,0.4266666666666667,0.3066666666666667,0.4666666666666666,0.02,0.0,0.17,0.6933333333333334,0.3233333333333333,0.12,0.1899999999999999,0.01,0.5233333333333333,0.0,0.3533333333333333,0.7133333333333333,0.4433333333333333,1.0,0.00021849447615869075
n1jPXONfxjI,UC7jxOv-Ns6nIyMmBCh0LXNw,Jesxica Wan,468.0,0.395,0.0,0.0,0.15,0.8400000000000001,0.725,0.0,1.14,1.97,0.7949999999999999,0.0,0.0,0.0,0.245,1.43,0.375,0.44,0.0,0.0010924723807934538
n3rW_AoutiI,UCJQGZLrvW7rFb-E2HLSlG1A,Huller Dorothy,146000.0,1.17,0.0,0.04,0.0,0.0,0.78,1.1,0.5,0.0,1.98,0.21,0.0,0.0,0.0,0.94,0.34,0.0,1.0,0.0010924723807934538
n4DJD2NH7ns,UCCgVh36x3hbuRnHMpwl443Q,Music Game News,1210000.0,1.4799999999999998,0.4366666666666667,0.01,1.4933333333333334,0.4733333333333333,1.0366666666666666,0.3666666666666667,1.2266666666666668,0.3733333333333333,0.4666666666666666,0.3066666666666667,0.46,0.2366666666666666,0.1166666666666666,0.49,0.28,0.5466666666666666,1.0,8.193542855950904e-05
n4fnyoOI1Aw,UCxVMI3H_O2PW5O4qpORkZ_Q,FIRE Psy Chat,67500.0,,,,,,,,,,,,,,,,,,,0.0016387085711901807
n4gq6DmWX8E,UCobYD8WgP3GPOqgvXF2Yy1w,Adam and Jane's Lifestyle,75500.0,0.1742857142857143,0.0,0.2971428571428571,0.1942857142857142,1.7685714285714285,1.82,0.5057142857142857,1.3757142857142857,1.8571428571428568,0.6571428571428573,0.0328571428571428,0.0871428571428571,0.3128571428571428,0.1271428571428571,1.39,0.4157142857142857,0.19,0.0,6.827952379959086e-05
n6b30Kc9ZOw,UC1LiTfGNZiweSTu8_NFVi1g,찬우살이,767000.0,3.9,3.12,0.99,1.17,0.0,0.31,0.0,0.8,0.5,1.12,0.46,0.16,0.39,0.0,0.22,0.16,0.0,2.0,0.0010924723807934538
n94GQFkz5_E,UC_hN8xs99S6jnMdYCuJgoJA,Pinoy Planet,97800.0,,,,,,,,,,,,,,,,,,,3.6015572993190784e-05
n9BkO2j54os,UCTfHKQ9fbUEiStUAQEax7dw,,,,,,,,,,,,,,,,,,,,,
n9jXkVvpDvM,UCPAz3hWHiBC-c1x4K0-atsg,Waleska Herrera,1230000.0,0.12,0.0,0.365,0.1425,0.9425,0.39,0.3175,1.095,1.255,0.5725,0.1575,0.24,0.8200000000000001,0.2125,0.5625,0.1825,0.16,1.0,2.074314647076178e-05
n9mk2WCvW9I,UCkHUvUa2tFTDefs2fzwuiRA,Backpacker Tampan,190000.0,,,,,,,,,,,,,,,,,,,0.0016387085711901807
nBQHwf-gi2k,UCPyi-4WfF63TJ95zKShawcw,itsKEVO,490000.0,1.19,0.3166666666666667,0.11,1.0033333333333332,0.2233333333333333,0.7333333333333334,0.6233333333333334,0.3,0.1233333333333333,0.4833333333333334,1.5,0.3766666666666666,0.7433333333333333,0.6033333333333333,0.4966666666666666,0.2033333333333333,0.4433333333333333,1.0,0.0002341012244557401
nBknI_wzeDY,UCKLlmM881k4QZN-iUAFIQfw,Susie in the Philippines,128000.0,,,,,,,,,,,,,,,,,,,0.00013109668569521446
nCbla8yws6k,UCmOWdRRJ-0yyxOlpQ9-Jy_A,Cindy Casimira Caroline,4530.0,0.39,0.01,0.0,0.0,0.51,1.0,0.73,0.56,1.42,1.24,0.0,0.17,0.74,0.0,0.13,0.0,0.0,1.0,0.0010924723807934538
nD04ZXWkC7A,UCeT1qAcQxLP6cEfbMe85QCQ,Yoshi the Japanese Guy,165000.0,,,,,,,,,,,,,,,,,,,0.0001489735064718346
nF23NLVBcdk,UCQYkvXhPNaRxlu-jAI5_5Zg,LeRoc Living Our Life Philippines,1240.0,,,,,,,,,,,,,,,,,,,0.00010572313362517294
nFaPIsfZRDM,UC0NLJ-e3fuuxbhssGYNoIlg,Elena For Reels,551.0,0.13,0.375,0.2,1.29,0.375,0.19,0.28,1.055,0.7549999999999999,1.2,0.76,0.625,0.0,0.0,0.745,0.0,0.0,1.0,0.0010924723807934538
nFm6POmCyrk,UCgvTNqLFbMS8Wp73r00fGLA,ItsNomadTrinidad,3670.0,0.94,0.0,0.0,0.17,1.88,2.37,0.135,0.8999999999999999,1.73,1.075,0.215,0.105,1.145,0.09,0.955,0.0,0.345,0.0,0.0004682024489114802
nGCOmxDWVLw,UCarSZcFQ6-0eqZrAG4pKoMA,Island Hopper TV,458000.0,,,,,,,,,,,,,,,,,,,0.0008193542855950903
nGak4DeFtDc,UCo5IPeTfhzXzzNB64ALUSUw,The Demouchets REACT,182000.0,0.6514285714285714,0.0885714285714285,0.2757142857142857,0.2071428571428571,1.2442857142857144,1.0057142857142858,0.8185714285714286,1.2957142857142858,1.2100000000000002,1.2357142857142858,0.2442857142857142,0.1214285714285714,0.63,0.1057142857142857,1.0257142857142856,0.7942857142857144,0.3757142857142857,0.0,0.00018207873013224228
nGhFWhfZKpM,UC5wQUM_uqQ6bo6zxvEG6QJw,Proudly Nomadic,12000.0,2.635,2.08,0.0,1.93,0.8049999999999999,0.665,0.29,1.025,0.57,0.355,0.98,0.71,0.0,0.06,0.26,0.0,0.0,2.0,0.0002341012244557401
nHJFqf5YRXc,UCwLjaI2aS5HaM4sD5DjUBcg,lightKiraSS,1560.0,0.0,0.0,0.0,0.275,1.055,2.185,0.055,0.72,1.15,0.185,1.195,0.175,0.295,0.065,1.33,0.62,0.0,1.0,0.0008193542855950903
nHLYrVD5npo,UCGEuAIsJLs7hTUAZ_0JNNyA,MAVIC TV USA,2570.0,,,,,,,,,,,,,,,,,,,0.0010924723807934538
nJ0ZeFQoyOY,UCZS5z8C9fsQ8By-Enik7LZw,Vivre aux Philippines,2290.0,,,,,,,,,,,,,,,,,,,0.0008193542855950903
nJUXPpqB6VE,UCF_weu4xhghTUXAgaijrafw,Romanians On The Road,19100.0,0.75,1.29,1.16,0.24,0.0,0.0,0.0,0.0,0.0,1.15,0.0,0.37,1.22,0.06,0.0,0.0,0.17,1.0,0.0008193542855950903
nJrAdKC_6Og,UCxBWeubuZrc8sQE_bXytgUQ,Justin & Alina,138000.0,1.09,0.0675,0.38,0.275,1.385,1.3575,0.345,1.3425,1.7175,1.2325,0.0,0.0,0.1725,0.0025,1.2975,0.07,0.2175,0.0,0.00013655904759918172
nL6f2JVWkzc,UCGyTJBom8TTHa9pc_VlZXfA,Dream Filipina,171000.0,0.0,0.0,1.03,0.41,1.29,0.2,1.45,0.43,0.0,0.93,1.27,0.52,0.0,1.46,0.0,0.4,0.68,1.0,0.0010924723807934538
nM1lb3EnBbk,UCRBl2r79LSWOpMh-ZeHWNTg,𝐍𝐎𝐘𝐂𝐇𝐈 𝐅𝐀𝐌𝐈𝐋𝐘 𝐈𝐍 𝐂𝐇𝐈𝐍𝐀,19400.0,,,,,,,,,,,,,,,,,,,0.0010924723807934538
nM8VDXb7Qog,UCp17yfUHfvmjHpHa0xKOmig,Mr BulBul,339000.0,1.03,1.12,0.0,0.0,0.0,0.0,0.39,1.36,0.47,0.79,1.51,0.0,0.52,0.12,0.38,0.27,1.11,1.0,0.0006554834284760723
nMAO6hx8w6A,UCUk8aRBVog6G9ipBSN_Ow1g,biggy travels,54800.0,,,,,,,,,,,,,,,,,,,0.0006554834284760723
nMmYXQGZ_LM,UCZ30twqmPtR7YYim3D3J7LQ,Мемоарите на една мечта,3530.0,0.3736363636363636,0.1581818181818181,0.16,0.2963636363636363,0.64,0.3472727272727273,0.2509090909090909,1.0190909090909093,1.000909090909091,1.208181818181818,0.1681818181818181,0.3318181818181818,0.279090909090909,0.0427272727272727,0.4827272727272728,0.2372727272727272,0.0209090909090909,1.0,0.0005462361903967269
nNyjXu2oaIU,UCXV-Jt3UPJPstvLVx6A1Z7Q,Kristypata,328000.0,,,,,,,,,,,,,,,,,,,0.0008193542855950903
nOsxxtVS7fE,UC_hN8xs99S6jnMdYCuJgoJA,Pinoy Planet,97800.0,0.925,0.345,0.83,0.8999999999999999,0.64,1.34,0.405,0.79,0.725,0.285,0.845,0.0,0.0,0.0,1.095,0.5700000000000001,0.015,1.0,3.6015572993190784e-05
nPYbWkiGveo,UCinjnmQEwCddOudyCC1v7qA,KTLA 5,1350000.0,3.08,0.21,0.0,3.4,0.06,0.0,0.0,0.0,0.0,0.0,0.85,0.0,0.0,0.19,0.0,0.0,0.0,2.0,0.0010924723807934538
nQ-4mPO_rug,UCkI3oDLbB2K0iQWXvPnKvmw,NOMAD FRANCE,5040.0,2.29,3.37,0.0,2.93,0.0,0.0,0.0,0.0,0.13,0.05,0.7,2.59,0.0,0.0,0.0,0.0,0.0,2.0,0.0005462361903967269
nRQq8eSvSIQ,UCAUgY9e_n2DhyZTgvPRoJnQ,TriFate Geo,171000.0,0.4216666666666667,0.1666666666666666,0.3516666666666666,1.0633333333333332,0.4949999999999999,0.7866666666666667,0.235,0.795,0.9683333333333332,0.285,0.1399999999999999,0.0,0.08,0.0983333333333333,0.9316666666666666,0.3266666666666666,0.0,1.0,6.426308122314434e-05
nRs-LD0Wd0M,UC3hNYaWQYd_kGo2rKAGQPYQ,Steve Yalo,179000.0,1.4725,1.4300000000000002,0.0,0.6425000000000001,0.7775,0.8775,0.245,0.1475,1.5725,0.76,1.1675,0.0,0.195,0.2975,1.845,1.34,0.47,2.0,0.0006554834284760723
nTTnNqw1awg,UColnnUYyz7CWjhzpF1kASnw,NOW UNITED,7970000.0,0.0,0.0,0.0,0.0,0.98,2.55,0.76,0.14,2.46,1.1,0.15,0.0,0.0,0.0,1.79,0.78,0.67,0.0,0.00019278924366943303
nTvBsO0v-Ws,UCRrUJKpFAGgA9WVjSWhgk2Q,KIM n LEE,95200.0,1.2,0.615,0.21,0.2299999999999999,0.115,0.88,0.38,1.12,0.27,0.34,0.195,0.13,0.2,0.0,0.0,0.0,0.0,1.0,0.00011301438422001247
nU9LtLvwaQc,UCkaZoLnf0cJu6Peegep7AHQ,RapidVisa,19800.0,,,,,,,,,,,,,,,,,,,0.0006554834284760723
nYBYvw74-DQ,UCAUgY9e_n2DhyZTgvPRoJnQ,TriFate Geo,171000.0,1.336666666666667,1.5466666666666669,0.0,2.31,0.7733333333333334,0.5133333333333333,0.1433333333333333,1.29,1.893333333333333,0.8033333333333333,0.5633333333333334,0.2966666666666667,0.0,0.0266666666666666,1.68,0.5966666666666667,0.0,2.0,6.426308122314434e-05
nYMpN3oOhuM,UCPAz3hWHiBC-c1x4K0-atsg,Waleska Herrera,1230000.0,0.4649999999999999,0.03,0.1175,0.29,0.94,0.7325,0.2175,0.895,1.55,1.0750000000000002,0.3625,0.1125,0.285,0.0,1.3575,0.6224999999999999,0.0,0.0,2.074314647076178e-05
n_EVldaWng0,UColnnUYyz7CWjhzpF1kASnw,NOW UNITED,7970000.0,,,,,,,,,,,,,,,,,,,0.00019278924366943303
n_u7sgSZkYo,UC6_2wj3vR_j5EiqB-hZ7BUA,Yad Ventures,85100.0,1.7,0.83,0.37,0.0,1.58,1.51,0.61,1.23,1.18,0.1,0.65,0.0,0.09,0.0,1.55,0.0,1.0,0.0,0.0008193542855950903
naDhqgjtHp0,UCdFJ8tCnWWY8Low9bDg8eNw,SYLEWO,1000.0,0.0,0.0,0.0,0.415,2.185,1.505,0.6599999999999999,2.15,2.285,1.63,0.33,0.415,0.0,0.05,1.68,0.045,0.0,0.0,0.0010924723807934538
naba_kFPCcY,UCU03NklypYW1AAIoNE2Vh1g,Jeanelleats,1900000.0,,,,,,,,,,,,,,,,,,,0.0002341012244557401
nc8JE6Jznb8,UCiSfjwYIGaLIHI7fHbyCpiw,Military Combat Network,122000.0,0.93,0.0,0.6,0.0,0.0,0.0,0.0,0.06,0.0,0.83,0.81,0.0,0.0,0.07,0.62,0.67,0.0,1.0,0.0008193542855950903
ncGIO6kcN84,UCPAz3hWHiBC-c1x4K0-atsg,Waleska Herrera,1230000.0,0.1,0.0,1.105,0.985,0.3025,0.8975000000000001,0.365,0.1425,0.38,0.0424999999999999,0.1325,0.0,0.12,0.0,0.9675,0.59,0.1725,1.0,2.074314647076178e-05
nd1jBO0llK0,UCzLY1mM_li78EGhtDztNt8Q,Filipina Petite,28900.0,,,,,,,,,,,,,,,,,,,0.0006554834284760723
nffyrYzzQG8,UCPAz3hWHiBC-c1x4K0-atsg,Waleska Herrera,1230000.0,1.1175,0.7374999999999999,0.2075,1.06,0.755,1.205,0.2475,1.025,1.09,0.145,0.1975,0.0,0.1275,0.175,1.635,1.375,0.1475,1.0,2.074314647076178e-05
ngMwK3xf6uc,UCCgVh36x3hbuRnHMpwl443Q,Music Game News,1210000.0,0.775,0.2933333333333333,0.1816666666666666,0.9566666666666668,0.3966666666666666,0.6166666666666666,0.1733333333333333,0.1466666666666666,0.355,0.4783333333333333,0.505,0.1483333333333333,0.9683333333333332,0.35,0.425,0.43,0.0466666666666666,1.0,8.193542855950904e-05
nivYSwmGz2o,UCHHsLgcp82jsTUdULULDjbA,GoTime Travels,100000.0,0.73,1.16,0.0,0.0,0.86,1.04,0.0,1.63,3.09,1.17,0.0,0.0,0.0,0.0,3.1,0.49,0.41,0.0,0.0004682024489114802
nlaKstONAaI,UCPAz3hWHiBC-c1x4K0-atsg,Waleska Herrera,1230000.0,0.395,0.245,0.07,2.67,0.0,0.0,0.0,0.01,0.065,0.0,0.12,0.0,0.0,0.0,0.115,0.8300000000000001,0.0,1.0,2.074314647076178e-05
nmAINhpI8j4,UC4wdBTbD8lWlhZdggG2YBlw,LOST iN,372000.0,1.143333333333333,0.16,0.24,0.6266666666666667,0.7266666666666667,0.75,0.3366666666666666,1.26,0.8233333333333334,0.3966666666666666,0.0,0.0,0.0833333333333333,0.0699999999999999,1.5066666666666668,0.8833333333333333,0.0733333333333333,1.0,0.0010924723807934538
nqhBVM5-SmU,UC8lVqk3EQ1wiUeyOMD24N7g,otakoyakisoba,776000.0,,,,,,,,,,,,,,,,,,,0.00036415746026448456
nqz1BBMWWMQ,UCCgVh36x3hbuRnHMpwl443Q,Music Game News,1210000.0,2.01,1.11,0.0,3.46,0.18,1.3,0.04,0.0,0.0,0.0,0.66,0.0,0.22,0.0,1.04,0.87,0.0,2.0,8.193542855950904e-05
nsCCqw1l4-8,UC_2iPQwn_V2SflddzbtalLg,Celinka Updates,102000.0,,,,,,,,,,,,,,,,,,,0.0008193542855950903
nyJWmeHnutM,UCOLpVvmfr5bWQBvhIgiPlFw,Edges Of Earth,41800.0,,,,,,,,,,,,,,,,,,,0.0016387085711901807
nyZymQyUji0,UCx9c2yaN404tcZx6ILLGWiw,Cowsep Mobile Legends,59500.0,,,,,,,,,,,,,,,,,,,0.0016387085711901807
nzfo9HbB1P8,UCSjiVW9NV-mcJJ1t6RbMh7A,Down Under Visa,2650.0,,,,,,,,,,,,,,,,,,,0.00014249639749479832
o-I3x_-b9MA,UCPyi-4WfF63TJ95zKShawcw,itsKEVO,490000.0,1.945,0.44,0.795,1.445,0.555,0.47,0.51,1.85,0.49,0.405,0.78,0.6200000000000001,0.07,0.0,0.99,0.195,0.2299999999999999,1.0,0.0002341012244557401
o-e1coyBf_0,UCqdBWKP4_8bU-Rsk2LvVz6Q,BecomingFilipino,1140000.0,,,,,,,,,,,,,,,,,,,0.0001560674829704934
o0KJ72pOmL0,UCUDTw1k24lKpj37k_h3pyWg,Rys Lane,11200.0,,,,,,,,,,,,,,,,,,,0.0008193542855950903
o2EUaGcpErw,UCMVp1rW2TU7Jbm6PAmkHfbg,roamaniacs,3390.0,,,,,,,,,,,,,,,,,,,0.0010924723807934538
o56PwyvyeaQ,UCLmhJSAYxGKLCR493TUNF1Q,Artsy Juls,554.0,2.56,0.0,0.0,0.0,0.0,0.0,0.0,1.34,0.58,0.0,1.04,1.44,0.0,0.52,0.0,0.39,0.0,1.0,0.0016387085711901807
o8rlDKzIQik,UCOzLRbrX5UVsHRoMl2pNICQ,LEBIB FAMILY,45900.0,0.772,0.074,0.762,0.748,0.096,0.41,0.428,0.952,0.3419999999999999,0.2799999999999999,0.8059999999999998,0.176,0.958,0.0819999999999999,0.3339999999999999,0.604,0.022,1.0,0.0016387085711901807
o90DCY4e2k0,UCVKbyRqjqC6w3Ah4oWzPucQ,Mrs. Dayanara,5950.0,0.15,0.0,0.0,1.02,1.16,1.19,0.0,1.23,2.28,0.26,0.0,0.0,0.0,0.0,2.25,0.0,0.0,0.0,0.0016387085711901807
oA8W_Guoeo4,UCiNCvGzwadWCZIzTUjoApRQ,Daniel Marsh,466000.0,,,,,,,,,,,,,,,,,,,0.00040967714279754517
oAvtmdAnZCU,UCHKoUFkbdX2LnWXGcbkC3jA,drew Nation,214000.0,0.785,0.815,2.345,0.11,0.565,1.315,0.4549999999999999,0.475,0.325,0.785,2.625,0.0,0.6,2.565,0.01,2.5,0.68,1.0,0.0005462361903967269
oBRC6CxfzZI,UCZSDpqvIlkiwZNqMgiMazdQ,Eat Drink Kwento by 7000 Islands®,40.0,,,,,,,,,,,,,,,,,,,0.0016387085711901807
oBt--EcqJ24,UCwIr2JfmmbbiQJWGOsJR7Wg,Geechee Lion's Journey YT Channel,1140.0,0.5,0.33,0.725,0.445,0.26,0.35,0.1,1.255,1.0,0.805,0.5,0.465,0.045,0.065,0.37,0.03,0.0,1.0,0.0016387085711901807
oCjN8zrUzFM,UCyEd6QBSgat5kkC6svyjudA,Mark Wiens,11400000.0,,,,,,,,,,,,,,,,,,,0.00032774171423803616
oDnKeBPvr0o,UCKMU-I4eYw-D9QF1YdUMUlw,Calvin Castiel,207000.0,,,,,,,,,,,,,,,,,,,0.0001489735064718346
oDw3zpHDS3w,UC8hiiGm6GTyTVvO-LtZ2Xmw,FoodieMommaPH,41100.0,1.205,0.0174999999999999,1.6125,0.9225,2.0475,1.385,0.3475,1.715,2.4325,1.8275,0.01,0.075,0.5575,0.035,2.0925,0.66,0.0,0.0,0.0002521090109523355
oDz3xLHFUsA,UC5srj0Tgfq-FuFyk9HFl0Rw,GoldenTV Network,261000.0,,,,,,,,,,,,,,,,,,,0.00032774171423803616
oEnVBNnNBYA,UCi9mzS8H-ez_30w5SCL2dmw,JREKML,1210000.0,1.285,0.0,0.925,0.265,0.84,1.36,0.565,1.24,0.365,0.465,0.54,0.0,0.485,0.0,1.41,0.115,0.44,1.0,6.827952379959086e-05
oGMXfF3F50I,UCt9BTGSxATM6axwfTY4KnEg,A Foreigner in the Philippines,265000.0,,,,,,,,,,,,,,,,,,,5.462361903967269e-05
oGuEcctNshI,UCPyi-4WfF63TJ95zKShawcw,itsKEVO,490000.0,1.914,0.908,1.042,0.974,0.206,0.836,0.4679999999999999,0.796,0.178,0.262,0.958,1.144,0.806,0.066,0.476,0.3279999999999999,0.2679999999999999,1.0,0.0002341012244557401
oHznBlRBcPo,UCPyi-4WfF63TJ95zKShawcw,itsKEVO,490000.0,0.61,0.5660000000000001,0.306,0.4619999999999999,0.928,0.604,0.486,1.4600000000000002,1.518,1.434,0.194,0.0,0.516,0.22,2.024,1.16,0.756,0.0,0.0002341012244557401
oIB4GxgZ5eY,UCWjSwkIn2gGgETcZZYaO-6g,RETIRING IN PARADISE,17000.0,0.67,0.675,0.0,0.625,0.325,0.395,0.065,0.715,0.26,0.65,0.04,0.0,0.0,0.0,0.5,0.955,0.0,1.0,8.62478195363253e-05
oJVVWNM8828,UCoWQLZoPwn3mJ-oiPrwDpbA,Living abroad,163000.0,,,,,,,,,,,,,,,,,,,6.554834284760723e-05
oJwF_XNDZ9g,UCi9mzS8H-ez_30w5SCL2dmw,JREKML,1210000.0,,,,,,,,,,,,,,,,,,,6.827952379959086e-05
oK2l2dMDGlg,UCY1Yc3xA1aY0lqnKUTDTi7A,HellthyJunkFood,2960000.0,1.94,1.45,0.0,2.22,1.51,0.0,0.0,1.45,2.99,1.67,0.0,0.0,0.75,0.0,2.99,0.14,0.04,2.0,0.0010924723807934538
oLUiDrMuopA,UCXJryYh6xcW5iEeJGzK191A,CBS Miami,659000.0,0.2183333333333333,0.0,0.8616666666666667,0.0,0.695,1.596666666666667,0.3516666666666666,0.225,0.745,0.7416666666666667,0.6083333333333333,0.4333333333333333,1.4900000000000002,0.1666666666666666,0.3933333333333333,0.1833333333333333,0.3799999999999999,1.0,0.0010924723807934538
oNsQS9n2CFI,UCLNoXf8gq6vhwsrYp-l0J-Q,Xiaomanyc 小马在纽约,6770000.0,0.5290909090909092,0.0954545454545454,0.2027272727272727,0.3363636363636363,0.8681818181818183,1.0336363636363637,0.0972727272727272,1.019090909090909,1.4200000000000002,0.8327272727272728,0.1027272727272727,0.0,0.1663636363636363,0.0627272727272727,1.27,0.1627272727272727,0.3372727272727273,0.0,0.00021849447615869075
oSNp7V9ZVUY,UCKLlmM881k4QZN-iUAFIQfw,Susie in the Philippines,128000.0,,,,,,,,,,,,,,,,,,,0.00013109668569521446
oUG5pTb0q-k,UCRBl2r79LSWOpMh-ZeHWNTg,𝐍𝐎𝐘𝐂𝐇𝐈 𝐅𝐀𝐌𝐈𝐋𝐘 𝐈𝐍 𝐂𝐇𝐈𝐍𝐀,19400.0,,,,,,,,,,,,,,,,,,,0.0010924723807934538
oVpDXIKA69Q,UCLPLXSPgySkBypwpi6BrMwg,Jessica Lee,1680000.0,,,,,,,,,,,,,,,,,,,0.0002521090109523355
oXPwnLZyO1w,UCwHu8fi3Vg4lxPHUp3BNW0w,Meows Stories,1590.0,0.415,1.09,0.0,1.59,0.275,0.48,0.0,0.84,0.19,0.0,0.57,0.425,0.31,0.0,0.0,0.405,0.0,1.0,0.0008193542855950903
oYNHeWjc6EM,UCPAz3hWHiBC-c1x4K0-atsg,Waleska Herrera,1230000.0,0.3899999999999999,0.205,0.5483333333333333,0.655,0.5008333333333334,0.6166666666666667,0.3008333333333333,0.2783333333333333,0.6233333333333334,0.29,0.3675,0.1183333333333333,0.6491666666666667,0.065,0.6866666666666666,0.2525,0.2158333333333333,1.0,2.074314647076178e-05
o_eKAIxHJ7o,UCPNBc7ZRwmgk1I6j_lenAfw,The Love Train Nation,23900.0,1.92,0.0,0.0,0.0,1.37,0.22,0.82,3.01,2.05,3.2,0.9,0.39,0.62,0.17,0.19,0.1,0.0,0.0,0.00010924723807934537
oa-GMIo3dpQ,UCMETRf3XBhjI7SpWVMSFNuA,Chris Kusinero Adventures,35400.0,0.515,0.59,0.25,0.0,1.955,1.155,0.58,1.595,1.245,1.035,0.165,0.0,0.245,0.31,1.155,0.695,0.675,0.0,0.0008193542855950903
oa3GVLOfWws,UC8lVqk3EQ1wiUeyOMD24N7g,otakoyakisoba,776000.0,0.0,0.05,0.0,0.0,2.31,1.05,0.84,2.28,1.78,1.39,0.05,0.0,0.33,0.0,3.1,0.65,0.0,0.0,0.00036415746026448456
od5uyckfZZ0,UCf0MMnw0Qj-dxahBbmwLkHQ,Kevin meets Chanel,18500.0,,,,,,,,,,,,,,,,,,,0.0016387085711901807
ogKvfsYCP3U,UCQXBq7djFA_xTSVgNGLJ0LQ,Let's Meet Abroad,109000.0,1.6,0.83,0.16,0.68,1.03,0.0,0.0,0.3,1.0,2.01,0.55,0.0,0.32,0.58,1.38,0.02,0.27,1.0,0.0005462361903967269
ohwPQhHSwfc,UCbfLaTfmCeR2aykiRSGBbTQ,Katriinka,536000.0,1.205,0.23,1.91,0.485,0.92,1.295,0.75,1.625,1.25,0.575,0.26,0.0,0.39,0.0,0.6950000000000001,0.0,0.635,1.0,0.00027311809519836344
ok1Ig_5oq-w,UC_hN8xs99S6jnMdYCuJgoJA,Pinoy Planet,97800.0,0.24,1.18,0.0,0.0,1.77,2.33,0.96,2.72,2.86,2.68,0.08,0.0,0.59,0.3,3.06,0.76,0.36,0.0,3.6015572993190784e-05
olL0cyfRwFs,UC8TejFCTSwkcpOubPVOcCaQ,Robbie Travels,3220.0,0.24,0.0,0.8799999999999999,0.0,0.665,1.02,0.72,0.635,0.41,0.57,0.12,0.005,0.09,0.2,0.955,0.01,0.52,1.0,0.0005462361903967269
oodW8q8MMsk,UCmgOl8oU6fUxn59NaL0u01w,Onn Rathy,476000.0,,,,,,,,,,,,,,,,,,,0.0016387085711901807
osKk1bFVPZI,UC8hiiGm6GTyTVvO-LtZ2Xmw,FoodieMommaPH,41100.0,,,,,,,,,,,,,,,,,,,0.0002521090109523355
oul9IITqAoA,UCTRKbVsBIAowTvU4B4yxJTA,Andjobe,1260000.0,,,,,,,,,,,,,,,,,,,0.0010924723807934538
ovQi8q94wtk,UCKLlmM881k4QZN-iUAFIQfw,Susie in the Philippines,128000.0,,,,,,,,,,,,,,,,,,,0.00013109668569521446
p10wmSrEE2Q,UCygn9pOnMw5St5Mva69z5nA,RegenerationNationTV,335000.0,0.49,0.2866666666666667,0.68,0.7533333333333333,0.5233333333333333,1.3033333333333337,0.4000000000000001,0.1433333333333333,0.5566666666666666,0.52,0.2533333333333333,0.4199999999999999,0.67,0.0266666666666666,0.0699999999999999,0.0,0.0166666666666666,1.0,0.0005462361903967269
p17KlvHYRL0,UCU78xbApo9_MCzS7B_tfY8w,AceBachelorCool,13700.0,,,,,,,,,,,,,,,,,,,0.0006554834284760723
p1LaUfLyYpQ,UCVGxrPOe4sO05dsepa42l8w,Brad Newton - Fitness Street,27300.0,0.955,0.1,0.74,0.58,1.715,2.235,0.505,0.95,1.855,0.75,0.175,0.42,0.06,0.105,1.21,0.0,0.345,0.0,0.0004682024489114802
p2azeYV3YN8,UCRMPRZ498l0Bu5xvcvaesuA,Part Time Travelling Family - Eleise and Lawrence,150000.0,0.71,0.24,0.0,1.85,1.14,1.09,0.0,2.48,2.97,2.05,0.0,0.0,0.81,0.0,3.55,1.16,0.0,0.0,0.0004682024489114802
p5hF3mbtswo,UCPNBc7ZRwmgk1I6j_lenAfw,The Love Train Nation,23900.0,1.11,0.23,2.65,0.2,3.17,0.98,2.9,3.49,2.22,1.27,0.0,0.0,0.24,0.0,4.23,0.59,0.0,0.0,0.00010924723807934537
p5hraaDYPM8,UC_hN8xs99S6jnMdYCuJgoJA,Pinoy Planet,97800.0,1.31,0.03,1.05,0.0,1.17,1.07,2.43,1.9,0.24,1.24,0.16,0.61,0.81,0.0,0.34,0.0,0.0,0.0,3.6015572993190784e-05
p6fyehGwPc0,UCzfEqx1_-zs2xUUzI3jVRSg,FinnSnow,541000.0,,,,,,,,,,,,,,,,,,,0.00016387085711901808
p7unyZ4U1HA,UCO5IhWS7_CIU1HoAkffBzcg,keis one,107000.0,0.95,1.13,0.0,1.74,0.33,0.0,0.32,1.36,0.37,0.66,0.99,0.89,0.77,0.0,0.0,0.0,0.01,1.0,0.0010924723807934538
p8RR0srNNDw,UCO5Jeark1e_JP36mY3ua19g,The Commodity,98300.0,0.33,0.06,0.0,0.11,0.55,0.52,0.855,0.6,0.72,1.155,0.355,0.865,0.785,0.035,0.005,0.145,0.035,1.0,6.18380592901955e-05
p8h1aFve05E,UCUb_Ryp4MZHWnsTOVTA3txA,Pirate Cove Philippines,4210.0,,,,,,,,,,,,,,,,,,,0.0010924723807934538
p9vyz_HYKZM,UC_DmOS_FBvO4H27U7X0OtRg,Fearless & Far,3030000.0,,,,,,,,,,,,,,,,,,,0.00032774171423803616
pAyhlW6r84M,UCv2tnGWajxVXCFsRdyHSPow,Jennifer Estella,10300.0,0.0,0.0,0.0,0.81,0.0,0.0,0.2,0.35,0.63,0.23,0.0,0.44,0.32,0.0,0.04,0.3,0.0,1.0,0.0010924723807934538
pCxtEYH9I84,UCL8IPpUd7kIfEoPgTl2LzPA,Paul in the Philippines Old Dog New Tricks,108000.0,0.05,0.01,0.0,0.38,0.24,0.0,0.0,0.0,0.15,0.0,1.54,0.45,0.0,1.39,0.0,0.0,0.0,1.0,0.0008193542855950903
pDvS1mifo2o,UCPAz3hWHiBC-c1x4K0-atsg,Waleska Herrera,1230000.0,0.639,0.286,0.217,1.5470000000000002,0.022,0.258,0.18,0.747,0.4019999999999999,0.371,0.161,0.092,0.015,0.057,0.783,0.998,0.228,1.0,2.074314647076178e-05
pFRJ4zqHo-M,UCX9TowVN7dt9OcrNq9idSSg,Vikachka & Eugene,1640000.0,,,,,,,,,,,,,,,,,,,0.0010924723807934538
pG9xb8OBzvM,UCt9BTGSxATM6axwfTY4KnEg,A Foreigner in the Philippines,265000.0,,,,,,,,,,,,,,,,,,,5.462361903967269e-05
pIhJ6PLKelg,UC1bBg-b6exIwz092l5Ra1pw,Luke's HomeTube (LukesHomeTube),1650.0,0.6783333333333333,0.1683333333333333,0.4216666666666667,0.7583333333333334,0.5083333333333333,0.96,0.3683333333333333,1.12,0.87,1.0666666666666669,0.585,0.175,1.0,0.4333333333333333,0.5033333333333333,0.9116666666666666,0.2383333333333333,1.0,0.0008193542855950903
pKG8iA2oDbg,UCoWQLZoPwn3mJ-oiPrwDpbA,Living abroad,163000.0,,,,,,,,,,,,,,,,,,,6.554834284760723e-05
pKNo_mP-2dc,UCD58HBLhMozUsE6JwK3y10g,Bowzer’s reaction Pit,276000.0,1.355,0.3075,0.555,1.2325,0.605,1.09,0.5725,0.525,0.38,0.435,0.3875,0.2975,0.6325000000000001,0.0325,1.0525,1.0125,0.475,1.0,0.0008193542855950903
pLT2-jZTPi8,UCPAz3hWHiBC-c1x4K0-atsg,Waleska Herrera,1230000.0,0.6371428571428571,0.31,0.5,1.15,0.3314285714285714,0.6214285714285713,0.4242857142857142,0.43,0.63,0.1642857142857142,0.3214285714285714,0.03,0.1914285714285714,0.0,0.9157142857142856,0.4314285714285714,0.1185714285714285,1.0,2.074314647076178e-05
pNAjL71DIzA,UCpko_-a4wgz2u_DgDgd9fqA,BuzzFeedVideo,19800000.0,0.4,1.34,0.0,0.0,0.0,0.0,0.0,0.12,0.69,0.0,0.13,0.86,0.0,0.0,0.52,1.47,1.1,1.0,0.0002521090109523355
pNQ5t1cazro,UCEOsP00dFUPSkLzEf12H3cA,T&A Travel Vlogs,3680.0,,,,,,,,,,,,,,,,,,,0.00036415746026448456
pNvt3OL0HYI,UCl3z7kQ9GlwAyAlwYgcOOmw,Videolux Philippines,25400.0,,,,,,,,,,,,,,,,,,,0.0010924723807934538
pOt30zljCYg,UCGSLwd21qtaUh3mF-5X8b4A,Olivia Ortiz,127000.0,0.59,0.0,0.83,0.73,0.65,0.0,1.01,0.77,0.0,0.07,0.0,0.0,0.0,0.0,0.0,0.0,0.34,1.0,0.0004682024489114802
pQqcWZCvt1o,UCPNBc7ZRwmgk1I6j_lenAfw,The Love Train Nation,23900.0,0.62,0.69,0.0,0.0,0.12,1.42,0.32,0.0,0.12,0.0,1.27,0.46,0.0,0.0,1.13,2.51,0.89,1.0,0.00010924723807934537
pRuQHFmwfbo,UCGEuAIsJLs7hTUAZ_0JNNyA,MAVIC TV USA,2570.0,0.33,0.1366666666666667,0.1433333333333333,0.0,0.88,0.6933333333333334,0.15,1.1466666666666667,1.2,1.2666666666666666,0.1733333333333333,0.5333333333333333,0.71,0.4966666666666666,0.1533333333333333,0.1633333333333333,0.6233333333333334,1.0,0.0010924723807934538
pSZY47YY_AI,UCaGbxfCf3D4pwjR2kXTYhZg,D&J TV,21400.0,1.346666666666667,0.67,0.3366666666666666,1.8433333333333333,0.0,1.2966666666666666,0.0,1.5666666666666664,0.4833333333333334,1.55,0.87,1.346666666666667,0.0,0.9866666666666668,0.3133333333333333,0.0,0.36,1.0,0.00040967714279754517
pVi_0uV4oO4,UCYY2mNcq7pv6IRW92JIT6DA,The Juicy Vlog,583000.0,0.1766666666666666,0.0,0.4833333333333333,0.0433333333333333,0.9866666666666668,1.3433333333333335,1.07,0.9566666666666668,1.06,0.4666666666666666,0.1733333333333333,0.6499999999999999,0.84,0.0633333333333333,1.36,0.0499999999999999,0.6566666666666666,0.0,0.00014249639749479832
pXNjpmV79xY,UCsfUASBEZR8ABdma0ee8Zbg,Jay Cee Max,49700.0,0.34,0.0,0.0,1.42,0.01,0.0,0.0,0.36,0.67,0.0,0.68,3.28,0.0,0.0,0.0,4.61,0.0,1.0,0.0005462361903967269
pYglfEMYj68,UCxLf1jDD8b2VH8cgKOhtUXw,The Egypino Couple,482.0,,,,,,,,,,,,,,,,,,,0.0010924723807934538
pZ9JIf7Tqb4,UCBLepDOut_qiOetyDqLBmKw,Oppa Jinyong,120000.0,,,,,,,,,,,,,,,,,,,0.0008193542855950903
pZCZT41ikYs,UC94bSvWltDS6I0U_u7mn8VQ,Two Broskis,24800.0,0.4966666666666666,0.0,0.6233333333333334,0.3966666666666666,1.2666666666666666,1.74,0.11,1.57,1.4799999999999998,0.3899999999999999,0.2433333333333333,0.84,0.8666666666666667,0.33,0.7633333333333333,0.5966666666666667,0.2,0.0,0.00036415746026448456
pa9NtmUtI9Q,UC23SG4XKkSrbhz-bZ2f5Mfw,123JAPAN!,629000.0,,,,,,,,,,,,,,,,,,,0.0002341012244557401
paUexVQQ_0Y,UCdJAmuo-KkgcJvSoQjPxAWg,Ash and Kels,32200.0,0.515,0.0,0.0,0.585,0.45,0.0,0.38,0.37,0.605,0.41,0.14,0.0,0.41,0.105,0.405,0.7,0.0,1.0,0.00032774171423803616
pcJ4LAgfevg,UC1Vtf3OTZatknIne-a-5LKg,AlixGrace ,2990.0,,,,,,,,,,,,,,,,,,,0.0008193542855950903
pfFdYPD3tyM,UCwmjQLxUeYS2qxpNH8cF0Rw,BossD3nnis,15000.0,,,,,,,,,,,,,,,,,,,0.0002521090109523355
pgMFAbT66Xs,UC9b5vUlohoM_Gli7NKzpHkg,The Eftimies,11700.0,,,,,,,,,,,,,,,,,,,0.0008193542855950903
pgyCi7W-gbg,UCUB6A2YY9soreMGNwDLh-zw,Combat Arms Channel,589000.0,1.18,0.0,0.21,0.0,0.48,0.71,0.68,0.0,0.26,0.66,0.3,0.97,0.62,0.0,0.17,1.16,0.15,1.0,0.0008193542855950903
pgyfXG8mmtw,UCPAz3hWHiBC-c1x4K0-atsg,Waleska Herrera,1230000.0,0.1157142857142857,0.0614285714285714,0.2514285714285714,0.2842857142857143,1.0685714285714285,1.1371428571428572,0.2042857142857143,0.8057142857142857,1.0857142857142856,1.042857142857143,0.0157142857142857,0.2799999999999999,0.4228571428571429,0.0671428571428571,1.0285714285714287,0.2342857142857143,0.1142857142857143,1.0,2.074314647076178e-05
phG_X5ks5xI,UCpTCjuNOcqSyjvmu1sEES4w,The Stepanov Family,33900.0,,,,,,,,,,,,,,,,,,,0.0010924723807934538
piY6UPFcg4E,UCbn5xzRrAOY9DWJlbyPBsvg,Joel and Emilia,257000.0,0.42,0.02,0.0,1.975,0.04,0.0,0.0,0.0,0.72,0.81,0.0,0.0,0.0,0.16,0.0,0.0,0.0,1.0,0.00040967714279754517
pikBCAGvTQQ,UCzjxQJtI4GqGaBwFagqv1AQ,Shev and Dev,560000.0,0.2,0.0,1.035,0.585,2.305,2.695,0.205,2.215,1.88,1.19,0.0,0.0,0.905,0.0,2.4,0.0,0.0,0.0,0.00036415746026448456
pj8e1qh_pFw,UCO5Jeark1e_JP36mY3ua19g,The Commodity,98300.0,0.43,0.0,0.53,0.0,1.315,1.235,1.14,1.065,1.025,1.425,0.465,0.7749999999999999,1.245,0.115,0.41,0.22,0.0,0.0,6.18380592901955e-05
plIRuVCIHoo,UCPAz3hWHiBC-c1x4K0-atsg,Waleska Herrera,1230000.0,0.345,0.08,0.6075,0.4825,0.565,0.1075,0.1,0.8300000000000001,0.57,0.1925,0.25,0.0,0.375,0.0,0.9975,1.3675000000000002,0.3199999999999999,1.0,2.074314647076178e-05
plrmKm8s24E,UCoQWcwy-nYVG6Er9VxyxJJA,Avelovinit,364000.0,,,,,,,,,,,,,,,,,,,0.0006554834284760723
pluh28qwVSU,UCLNoXf8gq6vhwsrYp-l0J-Q,Xiaomanyc 小马在纽约,6770000.0,0.5,0.0,0.0,0.02,2.1766666666666667,3.1633333333333336,1.32,1.893333333333333,1.2033333333333334,1.3133333333333332,0.3566666666666667,0.0866666666666666,0.8566666666666668,0.0066666666666666,1.67,0.68,0.0166666666666666,0.0,0.00021849447615869075
poCFGyWuPAI,UCNDk_kGqNSg60VNnzSeym_g,Chai Travel,95300.0,0.01,0.095,0.15,0.0,1.14,1.19,0.55,0.665,1.435,0.855,0.005,0.0,0.055,0.0,2.155,1.41,0.265,0.0,0.00040967714279754517
poP4WEHiHFg,UCatYGXWCXRt_0XLLKv1hkUw,Always Be Changing,501000.0,0.7150000000000001,0.2275,0.06,0.8425,0.5125000000000001,0.2625,0.0,1.475,1.61,0.92,0.0,0.0,0.4075,0.225,0.7375,0.3925,0.4,1.0,0.0002341012244557401
pod4UBLV_so,UCnPg1XCi1ZY7TbL3Yru__FQ,Squared,940000.0,,,,,,,,,,,,,,,,,,,0.0010924723807934538
ppw15KnP5ZI,UC4ypznkS1QNOSTxLOScKG6A,Irene_Eneri,1850.0,,,,,,,,,,,,,,,,,,,0.0008193542855950903
pqEiNd-BodQ,UCWMl6Xw3M37ti_C964vmYvg,Delish,1260000.0,3.55,3.63,0.0,0.67,0.0,0.0,0.0,0.0,0.0,0.0,0.16,0.11,0.0,0.0,0.33,0.0,0.0,2.0,0.0016387085711901807
ps_futMHK_w,UCswuss4ouZ293r024xXpiIg,THE SKWAD,38200.0,0.8266666666666667,0.8833333333333333,0.1866666666666666,2.07,0.45,1.1,0.1333333333333333,0.4599999999999999,1.1033333333333333,0.7666666666666666,1.923333333333333,0.3666666666666667,0.13,0.0966666666666666,2.44,0.64,0.2799999999999999,2.0,0.0004682024489114802
puxKH-_9xGM,UCLt0VD58m_3DpKVrrfkGAcA,Doug Barnard,636000.0,1.03,0.46,1.72,1.15,1.93,2.05,0.41,1.85,1.74,0.65,0.0,0.34,0.0,0.48,1.27,0.94,0.0,0.0,0.0010924723807934538
pyUP952W988,UC3PVtkwtqwCD4LEPguBEADA,Mia Sandoval,395000.0,5.0,5.0,0.0,5.0,0.3,5.0,0.0,0.85,0.23,0.96,3.53,0.24,0.67,1.19,1.39,4.29,0.0,2.0,0.00011705061222787004
pzATTm3D-30,UCWjSwkIn2gGgETcZZYaO-6g,RETIRING IN PARADISE,17000.0,2.36,0.34,0.58,1.99,1.03,2.54,0.0,0.78,0.93,0.0,1.09,0.12,1.04,0.0,0.0,0.0,0.01,1.0,8.62478195363253e-05
q-ZoD7nfwnk,UCryJ4vhASeu7uhXRPOL3WhA,What's up Philippines,311000.0,,,,,,,,,,,,,,,,,,,2.621933713904289e-05
q0jiplnLE6A,UCwmjQLxUeYS2qxpNH8cF0Rw,BossD3nnis,15000.0,1.67,1.035,0.635,0.365,0.7,0.705,0.025,1.74,1.535,1.345,0.0,0.095,0.0,0.0,1.415,0.0,0.5,0.0,0.0002521090109523355
q14xrmd8R6s,UCkaZoLnf0cJu6Peegep7AHQ,RapidVisa,19800.0,,,,,,,,,,,,,,,,,,,0.0006554834284760723
q16j0aCbC-A,UCuQn8TDdvfdx6vtkvf3ZfeA,INTERVIEWS AROUND THE WORLD ,5700.0,0.18,0.0,0.56,0.0,1.66,1.07,0.0,1.22,2.58,0.85,0.0,0.0,0.11,0.0,2.66,0.59,0.07,0.0,0.0006554834284760723
q2lXryDiXLk,UCKLlmM881k4QZN-iUAFIQfw,Susie in the Philippines,128000.0,,,,,,,,,,,,,,,,,,,0.00013109668569521446
q3ITD7_5zXU,UCQYkvXhPNaRxlu-jAI5_5Zg,LeRoc Living Our Life Philippines,1240.0,,,,,,,,,,,,,,,,,,,0.00010572313362517294
q4a7AtJTjGQ,UCVv-y0k91qAA-uI_K46UBvg,Dabble and Travel,583000.0,,,,,,,,,,,,,,,,,,,0.00013109668569521446
q5Y4j8oBtRY,UC4S7Ca53tVPuNQhAJKxzlzw,FINIX,202000.0,0.4525,0.055,0.59,0.2725,0.325,0.3974999999999999,0.205,0.9125,0.6525,0.365,0.7225,0.1875,1.0825,0.0,1.1175,0.1999999999999999,0.4775,1.0,0.0008193542855950903
q7GvJdxx8v4,UCQXBq7djFA_xTSVgNGLJ0LQ,Let's Meet Abroad,109000.0,0.0,0.21,0.0,1.2,1.86,1.93,0.38,1.95,2.54,1.77,0.0,0.0,0.26,0.0,3.77,2.03,0.0,0.0,0.0005462361903967269
q7QzU8Q4ocE,UCKie0svsFyBBsKaQIA4hx-w,American Entrepreneur in the Philippines,9850.0,0.67,0.0,0.0,0.0,1.78,1.88,0.8,2.0,2.92,0.09,0.04,0.0,0.56,0.34,2.09,0.0,0.0,0.0,0.00020483857139877258
q7w7QXvUVEw,UCPAz3hWHiBC-c1x4K0-atsg,Waleska Herrera,1230000.0,0.187,0.048,0.377,0.41,0.772,0.86,0.231,1.138,1.176,1.268,0.3969999999999999,0.0699999999999999,0.069,0.119,0.71,0.295,0.213,1.0,2.074314647076178e-05
q86_2e-nnqE,UCRzBNJTsBe2rq6pkyXeaj1A,TriFate Lifestyle,161000.0,1.77,0.35,1.23,0.18,1.61,2.49,0.36,1.27,1.65,2.47,0.0,0.0,1.22,0.0,1.12,0.75,1.6,0.0,0.0001724956390726506
q9KqyXi6IRM,UCO5Jeark1e_JP36mY3ua19g,The Commodity,98300.0,0.025,0.0,0.0,1.305,0.525,0.0,0.02,1.505,0.685,0.1699999999999999,1.53,0.12,0.755,0.685,0.78,1.395,0.0,1.0,6.18380592901955e-05
q9lM70QYN78,UCAzXqFoW1Y7KDqwZ1x5m9EA,Fight Commentary Breakdowns,228000.0,,,,,,,,,,,,,,,,,,,0.0016387085711901807
qFcd1RYcufE,UCPAz3hWHiBC-c1x4K0-atsg,Waleska Herrera,1230000.0,1.8966666666666665,2.2266666666666666,0.73,2.8166666666666664,0.41,0.0,0.0033333333333333,0.5566666666666666,0.9566666666666668,0.4199999999999999,0.3999999999999999,0.13,0.0,0.0,1.413333333333333,0.5933333333333334,0.0,2.0,2.074314647076178e-05
qGs-DWaJS3I,UCeguYg1beQ9CiAh8SYyh4jQ,Eileen Aldis,132000.0,1.7000000000000002,0.92,0.81,0.64,0.925,1.365,0.525,2.01,1.085,2.85,0.28,0.72,0.0,0.0,1.185,1.73,0.575,0.0,0.0006554834284760723
qGwibq3JTdI,UCyEd6QBSgat5kkC6svyjudA,Mark Wiens,11400000.0,,,,,,,,,,,,,,,,,,,0.00032774171423803616
qGz31Hy9jxw,UC6tTTsFKifxEhOIMI2HtLeQ,Jelena Kopilec,173000.0,,,,,,,,,,,,,,,,,,,0.00036415746026448456
qIbwMzcY-Fs,UCbfLaTfmCeR2aykiRSGBbTQ,Katriinka,536000.0,0.575,0.195,0.0,1.105,0.8049999999999999,0.65,0.0,0.7699999999999999,1.94,1.895,0.24,0.14,0.545,0.305,1.44,0.505,0.37,0.0,0.00027311809519836344
qJVr5xOoQGo,UCnPg1XCi1ZY7TbL3Yru__FQ,Squared,940000.0,,,,,,,,,,,,,,,,,,,0.0010924723807934538
qJjZNfhWbiw,UCprn4bngJwsHKitrtVDTK5Q,Pierre Lendo,335.0,1.12,0.0,1.18,0.46,0.0,0.0,0.37,0.91,0.0,0.19,1.04,0.81,0.0,0.0,0.0,0.0,0.0,1.0,0.0016387085711901807
qKfeGCqI1Nk,UC1LiTfGNZiweSTu8_NFVi1g,찬우살이,767000.0,1.13,1.27,1.59,1.55,0.0,1.8,0.0,0.0,0.0,0.0,0.0,0.0,0.0,0.0,0.52,1.28,0.0,1.0,0.0010924723807934538
qMmHIjfF4d0,UCLt0VD58m_3DpKVrrfkGAcA,Doug Barnard,636000.0,0.0,0.0,0.73,0.84,1.65,2.54,0.75,0.0,0.0,0.0,3.86,0.06,0.0,0.0,1.23,0.0,0.0,1.0,0.0010924723807934538
qMwRJXEZJ6k,UCSjiVW9NV-mcJJ1t6RbMh7A,Down Under Visa,2650.0,,,,,,,,,,,,,,,,,,,0.00014249639749479832
qNK6fd81u2I,UCl4I_ztLWgW8ybm9M0n1pyg,Nic & Rei,14700.0,0.97,0.57,0.0,0.0,0.99,1.33,0.0,1.23,2.01,1.27,0.0,0.09,0.0,0.06,0.21,0.0,0.71,0.0,0.00010572313362517294
qNflC8kvKjE,UCAxCIp9ngVqLFSDtX5o4LXw,"CebuWomen,com",20900.0,,,,,,,,,,,,,,,,,,,0.0008193542855950903
qPIzoLmZwsk,UCuNKAAuJjj6Rnqua8miiO8w,Loloy meets Hyojina횰로커플,219000.0,0.345,0.055,0.0,0.92,0.535,0.535,0.5,0.625,0.255,0.0,1.005,0.155,0.585,0.08,0.0,0.0,0.0,1.0,0.0008193542855950903
qPLQ2AR_Cu8,UCZemRLjTG7_Iz1O5mYOTv5w,Travelling Yearbook,7910.0,1.28,0.51,0.37,1.21,0.0,0.0,0.04,0.03,0.0,0.0,0.16,1.47,0.0,1.12,0.0,5.0,0.24,1.0,0.0008193542855950903
qRD-e9S9IgU,UCPAz3hWHiBC-c1x4K0-atsg,Waleska Herrera,1230000.0,0.26,0.0,0.735,0.315,0.125,0.725,0.0,0.655,0.025,0.0,0.0,0.0,0.0,0.0,0.415,0.135,0.195,1.0,2.074314647076178e-05
qRd5BG4FSA8,UCrrc2wG-F1mPuah_Lb7FJvg,켈리벨스Kellybells,3400.0,0.48,0.0,0.44,0.196,0.694,0.482,0.398,1.1720000000000002,0.8400000000000001,0.2599999999999999,0.186,0.204,0.258,0.0,0.412,0.1399999999999999,0.188,1.0,0.00040967714279754517
qX5hBgRIG8Q,UCc6RY7ZDvJIl_MTdyX7QP3w,blogTO,61300.0,0.445,0.0,0.0,0.785,1.13,0.62,0.14,1.015,1.4900000000000002,1.81,0.26,1.28,0.59,0.0,1.52,0.27,0.035,0.0,0.0010924723807934538
qY-Y3dr76K8,UCKd9gq6eJCV7j5FO75q2_Fg,Frank,23800.0,,,,,,,,,,,,,,,,,,,0.0002979470129436692
qY4fwe4_FDA,UCryJ4vhASeu7uhXRPOL3WhA,What's up Philippines,311000.0,,,,,,,,,,,,,,,,,,,2.621933713904289e-05
qYdctclNUjo,UC9I_iB31MrxbvFSJKaZiHqw,The Bing Buzz,63300.0,0.825,0.685,0.02,0.9,1.07,1.53,0.705,1.625,1.88,0.53,0.26,0.0,0.465,0.235,2.015,0.535,0.065,0.0,0.0010924723807934538
qZgAQP1EhPY,UCYr4VTQfBpXrccQw_H2S8RA,JUICY REACTS,318000.0,0.0,0.0,0.25,0.0,0.0,0.0,0.0,0.8500000000000001,0.0,0.245,0.325,0.09,0.0,0.0,0.995,1.3199999999999998,0.65,1.0,0.00012138582008816153
q_brJ0LF58Q,UCVv-y0k91qAA-uI_K46UBvg,Dabble and Travel,583000.0,,,,,,,,,,,,,,,,,,,0.00013109668569521446
qbISQ7JAYBU,UCIpnQnRBlaNqDa-Di0DsHyw,Tengkers World [PHIL-KOR Family],202000.0,1.395,0.21,0.875,1.725,0.0,0.0,0.885,0.35,0.04,0.07,1.665,0.0,0.0,0.73,0.3,1.145,0.16,1.0,0.0005462361903967269
qe16IBUcZmY,UCbfLaTfmCeR2aykiRSGBbTQ,Katriinka,536000.0,0.0,0.0,0.37,0.0,0.945,1.66,0.985,0.59,0.88,0.325,0.105,0.225,0.175,0.335,1.045,1.145,1.405,1.0,0.00027311809519836344
qeIaAt1wEdo,UCau87M9DnzSL5iDE9f4uVKQ,Scott Auchterlonie Music,77300.0,,,,,,,,,,,,,,,,,,,0.0004682024489114802
qfbf05K7iZo,UC7HxIb6bY4-ymtAOS_MGsOw,VI3ION,606000.0,0.954,0.2319999999999999,0.374,1.556,0.522,0.376,0.068,0.2259999999999999,0.408,0.008,0.26,0.8140000000000001,0.996,0.086,0.5599999999999999,0.524,0.014,1.0,0.0001560674829704934
qgWHYyIYy2Q,UCQYkvXhPNaRxlu-jAI5_5Zg,LeRoc Living Our Life Philippines,1240.0,,,,,,,,,,,,,,,,,,,0.00010572313362517294
qjUo60HwVuo,UCm3CG7lhRB0VkiefjhCCwZw,Tim Troetschel,92100.0,,,,,,,,,,,,,,,,,,,0.0008193542855950903
qkZW_IqoBBo,UC8lVqk3EQ1wiUeyOMD24N7g,otakoyakisoba,776000.0,0.09,0.0,0.0,0.0,2.68,3.06,0.88,1.9,1.92,0.68,0.54,0.0,1.06,0.0,2.35,0.41,0.0,0.0,0.00036415746026448456
qkknfCePY8o,UCP_y6xg3u3hF3pskXosMQyQ,Canadian In Philippines,17000.0,,,,,,,,,,,,,,,,,,,0.0002341012244557401
ql1RNZzrs2E,UCikKSFqLjGXmw6Ky2GpuQhQ,The Kit Chronicles,1140.0,,,,,,,,,,,,,,,,,,,0.0010924723807934538
qlIjiP0U7iA,UCEOV7DU1UfzH05r3KBq0OaQ,Jared Hartmann,118000.0,0.5733333333333334,0.0866666666666666,0.31,0.2366666666666666,1.086666666666667,0.92,0.2199999999999999,0.6433333333333334,0.7366666666666667,0.4366666666666667,0.3666666666666667,0.3366666666666666,0.9266666666666666,0.1433333333333333,1.3433333333333335,0.8366666666666666,0.0533333333333333,1.0,0.0005462361903967269
qoNACuakc78,UCPNBc7ZRwmgk1I6j_lenAfw,The Love Train Nation,23900.0,,,,,,,,,,,,,,,,,,,0.00010924723807934537
qohm3c5K8m8,UCmUaeYKjQ7n0aMa1KjDHlQg,Travel Chronicles,35000.0,,,,,,,,,,,,,,,,,,,0.0006554834284760723
qqHxrueU4iY,UC7LmUSpRuUGzlA0Ye3s9sYQ,Chazeen,5840.0,1.88,2.53,0.0,0.18,0.0,0.0,0.0,1.2,0.84,0.56,0.0,0.0,0.03,0.0,0.09,0.0,0.0,2.0,0.0016387085711901807
qqVDjrh93xA,UCi9mzS8H-ez_30w5SCL2dmw,JREKML,1210000.0,,,,,,,,,,,,,,,,,,,6.827952379959086e-05
qsKE39fIXE4,UCKd9gq6eJCV7j5FO75q2_Fg,Frank,23800.0,,,,,,,,,,,,,,,,,,,0.0002979470129436692
qugduxazBBg,UC3ScyryU9Oy9Wse3a8OAmYQ,FRONTLINE PBS | Official,3150000.0,,,,,,,,,,,,,,,,,,,0.0010924723807934538
qvx33hV_fUY,UCkJ1rbOrsyPfBuHNfnLPm-Q,THE BOYZ,2300000.0,,,,,,,,,,,,,,,,,,,0.0010924723807934538
qwpsa6u29u0,UCKMU-I4eYw-D9QF1YdUMUlw,Calvin Castiel,207000.0,,,,,,,,,,,,,,,,,,,0.0001489735064718346
qzdU92L30NA,UC0kn28AeYnmyMi4iAUIrgiQ,TheJavierLifestyle,43800.0,0.75,0.17,0.215,1.14,0.48,0.805,0.57,0.76,0.0,0.21,1.735,0.175,0.12,1.775,0.8,0.62,0.92,1.0,0.0010924723807934538
qziP7Oa67wg,UCau87M9DnzSL5iDE9f4uVKQ,Scott Auchterlonie Music,77300.0,,,,,,,,,,,,,,,,,,,0.0004682024489114802
r3dDJtUw-XE,UCQYkvXhPNaRxlu-jAI5_5Zg,LeRoc Living Our Life Philippines,1240.0,,,,,,,,,,,,,,,,,,,0.00010572313362517294
r44uV9wRSK8,UCeJ5AjddCuEnZxtUggbzeDA,Bags Packed Family,269000.0,1.1525,0.0,0.1775,0.0525,0.5475,0.3725,0.6325000000000001,0.71,0.3575,1.335,0.915,0.4375,0.1375,0.635,0.9475,0.2875,0.4325,1.0,0.00036415746026448456
r5_rGPunG-w,UCqie0bD3ltJm2qGDbiKjm-Q,Our Half Asian Adventure,96900.0,1.715,1.78,0.0,0.89,2.285,1.455,0.495,1.255,3.0,0.76,0.09,0.0,0.63,0.24,1.635,0.385,0.0,0.0,0.0016387085711901807
r68y-IoMGtk,UClLLgUzJ-blYmmxLvv-hkGw,Rebecca Vocal Athlete,1270000.0,,,,,,,,,,,,,,,,,,,0.0010924723807934538
r6QmTo_yFRk,UCryJ4vhASeu7uhXRPOL3WhA,What's up Philippines,311000.0,,,,,,,,,,,,,,,,,,,2.621933713904289e-05
r8Eek4UDtaQ,UCVv-y0k91qAA-uI_K46UBvg,Dabble and Travel,583000.0,,,,,,,,,,,,,,,,,,,0.00013109668569521446
rA5HR1G8rfI,UCFHhnyA9HGtBxGhtMQ_FEpQ,The Front,540000.0,,,,,,,,,,,,,,,,,,,0.0008193542855950903
rDwuNncdXkI,UCqlthGjbLIci7i3x2gk8P4Q,Nadir On The Go,539000.0,0.7250000000000001,0.0,0.2,0.56,0.265,0.0,0.4,0.155,0.14,0.365,0.63,0.05,0.0,0.02,0.0,0.0,0.0,1.0,0.0004682024489114802
rE7d8tNmxJo,UCqdBWKP4_8bU-Rsk2LvVz6Q,BecomingFilipino,1140000.0,,,,,,,,,,,,,,,,,,,0.0001560674829704934
rEt8Cfm0DLs,UCqEnWAU8x9752h2t-8x8gNw,Living With Grace In Japan,3150.0,,,,,,,,,,,,,,,,,,,0.0010924723807934538
rGBo_Xr5JT8,UCK3ifkouRrKpmS1yiXSLhsQ,TOP 100 Travel,691.0,,,,,,,,,,,,,,,,,,,0.0016387085711901807
rGI-ybl6hmQ,UC1Uvuror_cl9cRcl3h8QhSg,Dr Laway,43900.0,1.52,0.57,2.5,0.17,0.37,0.04,0.0,1.72,0.0,0.76,0.0,1.78,0.08,0.0,0.0,0.0,0.12,1.0,0.0010924723807934538
rH0goRmv83s,UC_hN8xs99S6jnMdYCuJgoJA,Pinoy Planet,97800.0,0.92,2.51,0.0,0.0,0.0,0.0,0.0,0.08,0.74,0.0,0.0,0.18,0.11,0.0,1.15,1.57,2.63,2.0,3.6015572993190784e-05
rJ3BBhCpx4M,UCJsUPQs-NSevvUxKmtvdQxw,International Jasper 🇵🇭,56800.0,,,,,,,,,,,,,,,,,,,0.0006554834284760723
rL7THDp44bo,UCO5Jeark1e_JP36mY3ua19g,The Commodity,98300.0,0.5775,0.0,0.3249999999999999,0.5925,0.29,1.1475,0.5775,0.44,0.05,0.95,0.5775,0.655,1.0925,0.2325,0.2025,0.315,0.04,1.0,6.18380592901955e-05
rMhh-T_3850,UCu_qyK-ytRUct82zucRBpwQ,Vin's Korean class,7280.0,,,,,,,,,,,,,,,,,,,0.0016387085711901807
rPaYydO--dU,UC34uT3C8-_AyHTLnZxdzIuw,Ingrid in Bosnia,81700.0,0.2568421052631578,0.0194736842105263,0.2178947368421052,0.3268421052631579,0.7684210526315789,1.0557894736842104,0.4515789473684211,0.4010526315789474,0.8289473684210527,0.7910526315789475,0.3468421052631579,0.2657894736842105,0.648421052631579,0.1963157894736842,0.5221052631578947,0.3757894736842105,0.0394736842105263,1.0,0.0005462361903967269
rQ0zqHlIs3A,UCSrMrcpvabewFQCSBRUAiWw,The Trips,12200.0,2.19,0.08,0.18,2.0,0.0,0.48,0.0,1.71,0.0,1.01,1.93,2.27,0.0,0.59,0.0,0.0,0.0,1.0,0.0005462361903967269
rSlt7kxx1fk,UCPAz3hWHiBC-c1x4K0-atsg,Waleska Herrera,1230000.0,1.1385714285714286,0.3757142857142857,0.5314285714285715,0.6328571428571428,0.3071428571428571,0.5928571428571429,0.1842857142857143,0.8142857142857143,0.3442857142857143,0.6971428571428572,0.5157142857142857,0.0257142857142857,0.3071428571428571,0.0071428571428571,0.5071428571428571,0.8671428571428572,0.2457142857142857,1.0,2.074314647076178e-05
rTXxkwnfLQw,UC5wQUM_uqQ6bo6zxvEG6QJw,Proudly Nomadic,12000.0,0.02,0.0,0.0,0.29,2.065,0.0,0.235,2.345,2.22,0.905,0.135,0.0,0.04,0.035,1.155,0.175,0.0,0.0,0.0002341012244557401
rTgV48kZuts,UCe3PDv7F4Uex3ii9zdMbvWQ,LifeBeyondTheSea - Philippines Podcast,133000.0,,,,,,,,,,,,,,,,,,,0.00040967714279754517
rUqY_dUpCDY,UCRrUJKpFAGgA9WVjSWhgk2Q,KIM n LEE,95200.0,0.0,0.0,0.18,0.0,1.71,2.38,1.57,2.69,1.87,0.0,0.52,0.0,0.0,0.0,2.72,2.78,0.0,0.0,0.00011301438422001247
rVv4f68pPoA,UC5fQirmGG9V8ftLwuAcB1Ag,Hector Cermeño,110000.0,0.08,0.0,0.21,0.6433333333333333,1.7533333333333332,1.656666666666667,0.51,1.5766666666666669,2.32,1.51,0.0,0.0,0.11,0.0633333333333333,2.3666666666666667,1.5433333333333332,0.1033333333333333,0.0,0.0008193542855950903
r_sGpp6plHQ,UC22s8H_E-F6-KfCGWVyYDQQ,Brazilian and Filipino couple - Van e Rico ,44500.0,0.94,1.48,0.0,2.02,0.11,0.295,0.095,0.66,1.36,0.635,0.05,0.13,0.095,0.05,1.225,0.6749999999999999,0.0,2.0,0.0016387085711901807
rbCTleUcjqc,UCps-DY2gS0h4fowXa92HQKw,A Better Life in the Philippines,2200.0,,,,,,,,,,,,,,,,,,,0.0010924723807934538
rbvXpMfZl2I,UCRzPUBhXUZHclB7B5bURFXw,Eater,3860000.0,0.47,0.145,0.545,0.795,2.655,1.84,1.51,2.75,2.575,1.745,0.01,0.0,1.17,0.33,2.21,0.5,0.01,0.0,0.00021849447615869075
ricDgJt5sCQ,UC5QCza-qtDmujX_lzIs9SJw,세부부부,111000.0,2.01,0.0,0.0,0.0,0.85,1.9,0.92,0.0,1.41,0.95,0.0,0.0,1.29,0.0,1.19,0.28,2.81,0.0,0.0005462361903967269
rlIV6RC-sK4,UCTPxMCyJyYGF6H0eBhOvgsA,Pinay mom's blogs,7390.0,,,,,,,,,,,,,,,,,,,0.0001724956390726506
rmQDjbvJVik,UCpsivHVNaBnIAPhkLBZcWQg,Zane Travel,129000.0,0.395,0.1,0.0,2.0,0.23,0.0,0.05,0.185,0.275,1.36,1.035,0.035,0.48,0.23,0.8999999999999999,0.885,0.0,1.0,0.0005462361903967269
rnd9Hqot5RY,UCKie0svsFyBBsKaQIA4hx-w,American Entrepreneur in the Philippines,9850.0,1.02,0.25,0.0,2.14,0.77,0.0,0.1,1.76,1.33,1.98,1.47,2.19,0.4,0.0,0.0,0.21,0.0,1.0,0.00020483857139877258
roCaFODDTbM,UC_hN8xs99S6jnMdYCuJgoJA,Pinoy Planet,97800.0,0.57,0.335,0.485,0.06,1.4549999999999998,1.405,0.48,1.56,0.745,0.01,0.655,0.505,0.0,0.005,1.03,1.41,0.645,1.0,3.6015572993190784e-05
roeCpEfT7r8,UCt9BTGSxATM6axwfTY4KnEg,A Foreigner in the Philippines,265000.0,,,,,,,,,,,,,,,,,,,5.462361903967269e-05
rqhfSZHmbmo,UCia6oQqdV5kXk7aXf3gJsYw,0ne lucas live br,249.0,,,,,,,,,,,,,,,,,,,0.0010924723807934538
rr9vlpo96d8,UCumDKkURYIw_dKqtn9hN-Ew,Alina Mcleod,344000.0,0.38,0.0,0.0,0.0,1.6,0.0,0.62,1.99,3.23,1.75,0.0,0.0,0.0,0.0,2.5,0.0,1.36,0.0,0.0005462361903967269
rrDe-q9Div4,UCKie0svsFyBBsKaQIA4hx-w,American Entrepreneur in the Philippines,9850.0,0.76,0.0,0.0,0.5,1.49,0.53,0.99,1.95,2.45,0.13,0.21,0.0,0.97,0.0,1.88,0.0,0.0,0.0,0.00020483857139877258
ruBgmdFjSMQ,UC5NF_7WBa8OVDC0Xbs8yvOg,Japapino World ジャパピーノ,174000.0,0.235,0.3,0.7050000000000001,0.055,2.515,2.175,1.225,2.02,2.49,0.605,0.38,0.0,0.34,0.0,3.495,0.8450000000000001,0.86,0.0,0.00018207873013224228
ruElibcApIE,UCO5Jeark1e_JP36mY3ua19g,The Commodity,98300.0,0.3366666666666666,0.2766666666666666,0.4266666666666667,0.0,0.8133333333333334,0.0833333333333333,0.6766666666666667,1.4466666666666663,0.9166666666666664,0.7966666666666667,0.7033333333333333,0.7233333333333333,0.8666666666666667,0.0,1.0033333333333334,0.3566666666666667,0.4833333333333333,1.0,6.18380592901955e-05
ruVGGgnY-wY,UCbn5xzRrAOY9DWJlbyPBsvg,Joel and Emilia,257000.0,1.355,0.105,1.735,0.36,0.795,1.075,0.315,1.085,0.815,0.25,0.48,0.0,0.17,0.0,1.255,0.665,0.465,1.0,0.00040967714279754517
rvToEKQvF50,UCYY2mNcq7pv6IRW92JIT6DA,The Juicy Vlog,583000.0,1.3199999999999998,1.865,0.095,1.38,0.315,0.0,0.21,0.93,0.565,0.32,0.525,0.485,0.0,0.52,1.055,2.325,0.0,2.0,0.00014249639749479832
rwDJonZagL8,UC23SG4XKkSrbhz-bZ2f5Mfw,123JAPAN!,629000.0,,,,,,,,,,,,,,,,,,,0.0002341012244557401
rxxIlxGqOvI,UCPAz3hWHiBC-c1x4K0-atsg,Waleska Herrera,1230000.0,0.2085714285714285,0.0,0.3728571428571429,0.87,0.7042857142857143,0.5828571428571429,0.4471428571428571,1.0928571428571427,0.9628571428571427,0.7985714285714286,0.4371428571428571,0.2357142857142857,0.8742857142857143,0.0357142857142857,0.99,0.0485714285714285,0.13,1.0,2.074314647076178e-05
rybqxACqCNs,UCQQ8I5Qrm-hvV0tt8szsfyg,GD   is --FOOTLOOSE !,1530.0,,,,,,,,,,,,,,,,,,,0.0016387085711901807
s-7XxMvb09M,UC_hN8xs99S6jnMdYCuJgoJA,Pinoy Planet,97800.0,0.0,0.0,0.28,0.0,1.315,1.515,0.505,1.075,1.215,1.0,1.135,0.035,1.745,0.325,1.335,0.315,0.0,0.0,3.6015572993190784e-05
s1_Bc_E67y0,UCHEf6T_gVq4tlW5i91ESiWg,People Vs Food,12600000.0,1.1,1.4300000000000002,0.0,0.735,0.935,0.615,0.0,1.1,1.57,1.475,0.8049999999999999,0.0,0.0,0.0,2.18,0.64,1.06,0.0,0.00032774171423803616
s2OEykrNIhw,UCCOkdio2yvgl8tx_7C2ZyIw,Selfie Travellers,2380.0,,,,,,,,,,,,,,,,,,,0.0010924723807934538
s6J8ZfrnXoI,UCvOxZARbKQLR4WB59oyq45g,PURPLE TWINS,89700.0,0.4533333333333333,0.1966666666666666,0.9733333333333332,0.27,0.1266666666666666,0.1033333333333333,0.16,0.9233333333333332,0.6366666666666666,0.5166666666666667,0.12,0.3033333333333333,0.0,0.2966666666666666,1.106666666666667,1.2233333333333334,1.01,1.0,0.0008193542855950903
s6WO91bUoaM,UCl7giZXLlLIAEKV-TVoBW7Q,tryNsomethingnew,1200000.0,,,,,,,,,,,,,,,,,,,0.0002979470129436692
s6njeSpydbc,UCobYD8WgP3GPOqgvXF2Yy1w,Adam and Jane's Lifestyle,75500.0,0.705,0.705,0.15,0.35,0.815,0.945,0.855,1.15,1.075,0.595,0.86,1.315,0.715,0.17,1.345,0.915,0.0,1.0,6.827952379959086e-05
s6qypKUMctI,UCbn5xzRrAOY9DWJlbyPBsvg,Joel and Emilia,257000.0,0.07,0.0,0.15,0.61,2.56,2.16,0.615,2.74,2.495,1.25,0.0,0.0,0.295,0.0,2.5,1.0,0.105,0.0,0.00040967714279754517
s7csFCp5Adg,UCoWQLZoPwn3mJ-oiPrwDpbA,Living abroad,163000.0,,,,,,,,,,,,,,,,,,,6.554834284760723e-05
s826RP5rv5E,UCPAz3hWHiBC-c1x4K0-atsg,Waleska Herrera,1230000.0,0.7224999999999999,0.5225,0.1525,0.81,0.4599999999999999,1.2174999999999998,0.1475,0.8025,0.6625,0.4025,0.3825,0.0,0.375,0.0,2.5875,1.4025,0.0075,1.0,2.074314647076178e-05
s98azhtH3Dw,UCcaIZBgmiYTJP9fpO_xjMTQ,Travel Escapes,246000.0,0.0,0.0,0.0,0.37,1.35,2.96,1.32,1.57,1.33,0.16,0.57,0.0,0.0,0.26,2.7,0.05,0.29,0.0,0.00032774171423803616
sATsGNBRD9k,UCAUgY9e_n2DhyZTgvPRoJnQ,TriFate Geo,171000.0,1.525,2.595,0.0,4.21,0.0,0.055,0.0,0.0,0.465,0.335,0.0,0.02,0.005,0.07,1.565,1.225,0.0,2.0,6.426308122314434e-05
sAiddfV6n0g,UCPNBc7ZRwmgk1I6j_lenAfw,The Love Train Nation,23900.0,0.0,0.0,0.0,0.27,1.61,1.81,0.23,1.79,2.32,0.51,0.0,0.0,0.0,0.0,3.45,0.42,0.0,0.0,0.00010924723807934537
sBeunz-bOlA,UCVGxrPOe4sO05dsepa42l8w,Brad Newton - Fitness Street,27300.0,1.96,0.28,0.0,1.27,0.0,1.82,0.58,0.0,0.0,0.0,1.82,0.6,0.0,0.01,0.39,1.91,0.0,1.0,0.0004682024489114802
sCaAOkdjzkU,UCmz6VlIkVZLuZ_zKDnzYV0g,Travel 2 Where,5030.0,0.76,0.0,0.0,0.36,0.9,0.0,0.0,0.29,0.32,0.0,1.31,2.09,0.0,0.0,0.0,0.0,0.62,1.0,0.0010924723807934538
sD7I3u5xxUo,UCWzRbhclh3HeYPU3jkC_MWw,The Passport Couple,55800.0,1.89,2.38,0.0,4.48,1.02,0.43,0.0,1.06,1.78,0.55,0.0,0.0,0.0,0.0,2.32,1.59,0.0,2.0,0.0010924723807934538
sEdc4HVFOfY,UCryJ4vhASeu7uhXRPOL3WhA,What's up Philippines,311000.0,,,,,,,,,,,,,,,,,,,2.621933713904289e-05
sGNo1Z2uHio,UCJsUPQs-NSevvUxKmtvdQxw,International Jasper 🇵🇭,56800.0,,,,,,,,,,,,,,,,,,,0.0006554834284760723
sIDgYpGccWA,UCLwXLrLjw0bvnk1eGQBNJmg,Mac n Teens,24300.0,,,,,,,,,,,,,,,,,,,0.0006554834284760723
sJtqUEZe5b0,UCOnj7dA6j1iTFtudrackMag,8 Miles from Home,348000.0,0.624,0.0,0.52,0.5700000000000001,1.154,0.6900000000000001,0.294,0.642,1.672,0.702,0.204,0.504,0.44,0.1679999999999999,1.308,0.5980000000000001,0.212,1.0,0.00036415746026448456
sLG4lh63BLA,UC_DmOS_FBvO4H27U7X0OtRg,Fearless & Far,3030000.0,0.5549999999999999,0.67,0.0,0.065,1.735,1.03,0.425,0.79,1.35,1.215,1.11,0.5449999999999999,0.985,0.035,2.105,0.76,0.0,0.0,0.00032774171423803616
sNKK3aX8Bd4,UCpcVjkwSeZG6GJvLsIxK5Yw,Sol & Luna,88000.0,1.335,0.83,0.425,0.99,0.525,0.435,0.0,0.72,0.9825,0.83,0.1475,0.055,0.3,0.0,1.9975,0.3,0.0,1.0,0.0002341012244557401
sO2swdX-5SY,UClC88Hwf0c115jFj-fhVj2A,Kano Harry,3930.0,,,,,,,,,,,,,,,,,,,0.00020483857139877258
sOz1Zyg42Gs,UCPAz3hWHiBC-c1x4K0-atsg,Waleska Herrera,1230000.0,0.6375,0.84,0.71,1.4625,0.0175,0.5575,0.2925,0.2375,0.055,0.085,0.265,0.1525,0.21,0.025,0.6725000000000001,0.74,0.58,1.0,2.074314647076178e-05
sOzt7izjONc,UCDZP2n7wrjSrFA8_KENuJ3Q,MomDuty,244000.0,0.5325,0.17,0.78,0.55,0.0,0.265,0.0025,0.0925,0.3075,0.5125,0.095,0.1175,0.75,0.03,0.355,0.605,0.0,1.0,0.0008193542855950903
sPa-KzBF5fw,UCU03NklypYW1AAIoNE2Vh1g,Jeanelleats,1900000.0,,,,,,,,,,,,,,,,,,,0.0002341012244557401
sQ8-amHR7tY,UCTYLltHLCjnZc7g9ltZeDVw,Meet The Nomads,14500.0,1.11,1.14,0.0,0.4,0.85,1.78,0.36,0.0,0.32,0.0,1.62,1.2,0.0,0.72,1.43,1.86,1.14,1.0,0.0005462361903967269
sR9Ns0aZMK8,UCt9BTGSxATM6axwfTY4KnEg,A Foreigner in the Philippines,265000.0,,,,,,,,,,,,,,,,,,,5.462361903967269e-05
sRX0LWY7eCE,UCYY2mNcq7pv6IRW92JIT6DA,The Juicy Vlog,583000.0,1.265,0.4,0.35,2.1100000000000003,0.36,0.0,0.0,0.355,0.65,1.19,0.32,0.46,0.1,0.24,0.6,0.275,0.0,1.0,0.00014249639749479832
sRXO7kjhCA8,UC23SG4XKkSrbhz-bZ2f5Mfw,123JAPAN!,629000.0,,,,,,,,,,,,,,,,,,,0.0002341012244557401
sRd_FC4U5d0,UCooOp70lTrrOi4bqG531JOA,Crazy Filipina Love,18900.0,0.045,0.0,0.0,0.56,0.4549999999999999,0.0,0.09,1.065,0.69,0.62,1.03,0.0,1.155,0.0,0.01,0.51,0.0,1.0,0.0010924723807934538
sSNoIF-wAmw,UC5wQUM_uqQ6bo6zxvEG6QJw,Proudly Nomadic,12000.0,0.52,0.0,0.58,2.01,0.57,1.67,0.0,0.19,0.0,0.19,5.0,1.35,0.0,1.06,1.05,0.0,0.32,1.0,0.0002341012244557401
sSv5BMvqVPw,UCQYkvXhPNaRxlu-jAI5_5Zg,LeRoc Living Our Life Philippines,1240.0,,,,,,,,,,,,,,,,,,,0.00010572313362517294
sSwPw5r5iHY,UCryJ4vhASeu7uhXRPOL3WhA,What's up Philippines,311000.0,,,,,,,,,,,,,,,,,,,2.621933713904289e-05
sTAp9uDvlPs,UCuBgQMllxvxKLuABHZlV5KA,RELL 🕺🏽,446000.0,0.5349999999999999,0.2025,0.01,0.37,2.105,0.9675,0.3349999999999999,2.0625,2.5925,1.4525,0.33,0.295,0.0,0.1525,2.5025,0.3875,0.4325,0.0,0.00036415746026448456
sTU4mOcJvEI,UC34uT3C8-_AyHTLnZxdzIuw,Ingrid in Bosnia,81700.0,0.7633333333333333,0.1666666666666666,1.08,0.0766666666666666,0.5233333333333333,1.5199999999999998,0.0,0.5299999999999999,0.0833333333333333,1.21,0.5033333333333333,0.4433333333333333,0.5833333333333334,0.1999999999999999,0.2466666666666666,0.2833333333333333,0.1,1.0,0.0005462361903967269
sTnV8lcXHz4,UCdkq517IaeUcnG5CIiFX9RA,Shin Smith,36200.0,,,,,,,,,,,,,,,,,,,0.00010241928569938629
sUM-kDlNiWg,UCdkq517IaeUcnG5CIiFX9RA,Shin Smith,36200.0,,,,,,,,,,,,,,,,,,,0.00010241928569938629
sVTDPKvQfjw,UCaFhs6xTFwNK8J8XGM6yRiQ,Ammar,104000.0,0.15,0.0,0.2,0.65,2.22,2.95,2.79,3.55,0.47,1.66,2.06,0.0,0.0,2.91,2.18,1.93,1.65,0.0,0.0010924723807934538
sXsHYugynnI,UCfXT2sohC0RuRDBo49ARTuQ,Ay Kaptyur,2580.0,,,,,,,,,,,,,,,,,,,0.0010924723807934538
sYFJwt_OU_c,UCNDk_kGqNSg60VNnzSeym_g,Chai Travel,95300.0,,,,,,,,,,,,,,,,,,,0.00040967714279754517
sZb2_4VWzVw,UC_hN8xs99S6jnMdYCuJgoJA,Pinoy Planet,97800.0,0.0,0.0,1.29,0.0,2.06,2.18,1.22,1.76,1.98,1.92,0.0,0.0,0.0,0.12,1.52,0.0,0.0,0.0,3.6015572993190784e-05
sa07Wfk2HQs,UC1712XEXMIRQW1-spPVK0Ng,Travis Kraft,597000.0,,,,,,,,,,,,,,,,,,,0.0002979470129436692
savv4fk8B4U,UCoWQLZoPwn3mJ-oiPrwDpbA,Living abroad,163000.0,,,,,,,,,,,,,,,,,,,6.554834284760723e-05
sbQqdfjhets,UCAk9RQwVhfirnwxn_hKVBAA,A British Expat In The Philippines,9200.0,,,,,,,,,,,,,,,,,,,0.0010924723807934538
sf4wICUY4xU,UC1PwIaB8KklVK5iZqbtZErA,Flying Kell,205000.0,0.35,0.0,0.0,1.99,1.15,0.0,0.0,0.0,1.78,0.0,0.0,0.0,1.02,0.0,1.74,0.0,0.73,1.0,0.0002521090109523355
skoiHrfdETA,UCYr4VTQfBpXrccQw_H2S8RA,JUICY REACTS,318000.0,1.065,0.2425,0.42,0.7775,0.2875,1.3199999999999998,0.28,0.495,0.4525,0.5125,0.25,0.2375,0.0,0.075,0.75,0.5874999999999999,0.1425,1.0,0.00012138582008816153
slOnKFQc__Y,UC_DmOS_FBvO4H27U7X0OtRg,Fearless & Far,3030000.0,,,,,,,,,,,,,,,,,,,0.00032774171423803616
sn8zpmSPWds,UCQvZnhzOeb5FSGU--TZqt0Q,Fil-American Made,17100.0,,,,,,,,,,,,,,,,,,,0.0008193542855950903
sov2E84wmhQ,UCQ3i4wFECsKSLp8_9y-BkgA,Dustin Backpacks,160000.0,,,,,,,,,,,,,,,,,,,0.00040967714279754517
stIB8C41h0I,UCRNHIq5_JclKEK4Gbx1UFDw,한인타운리조트 호텔&풀빌라,245000.0,1.2,0.1533333333333333,1.3633333333333333,1.7966666666666666,0.3566666666666667,0.4866666666666666,0.15,1.3133333333333332,0.7200000000000001,0.5733333333333334,0.0666666666666666,0.0,0.9,0.06,0.6233333333333334,0.0,0.3866666666666667,1.0,0.00036415746026448456
svwxw7iB-W4,UCOVPHypKtkqQQbNO3R7xKsA,fonsi abroad,44500.0,1.665,0.25,0.88,0.935,1.005,1.155,0.58,1.515,1.3,1.755,0.7949999999999999,0.02,0.0,0.29,1.405,0.17,0.83,0.0,0.0010924723807934538
swOdShaXNps,UCFHhnyA9HGtBxGhtMQ_FEpQ,The Front,540000.0,0.92,0.0,0.33,0.97,1.28,1.54,0.78,1.46,1.39,1.4,0.0,0.0,0.0,0.0,1.58,1.33,0.0,0.0,0.0008193542855950903
sxPHlv-5d1s,UCryJ4vhASeu7uhXRPOL3WhA,What's up Philippines,311000.0,,,,,,,,,,,,,,,,,,,2.621933713904289e-05
sxqDOWgkFL8,UC_w4jVsJPq4RdNnqOnQjaSA,Shaine Hong,46100.0,1.31,1.25,0.0,0.07,0.0,0.04,0.0,0.0,0.73,0.34,0.33,0.0,0.81,0.0,0.0,0.0,0.0,1.0,0.0016387085711901807
t-4N9G4C_bk,UCryJ4vhASeu7uhXRPOL3WhA,What's up Philippines,311000.0,,,,,,,,,,,,,,,,,,,2.621933713904289e-05
t0DyWkA_wbI,UCobYD8WgP3GPOqgvXF2Yy1w,Adam and Jane's Lifestyle,75500.0,0.205,0.385,0.005,0.37,1.595,2.81,0.46,1.1949999999999998,1.97,0.485,0.0,0.0,0.46,0.045,2.355,0.775,0.025,0.0,6.827952379959086e-05
t0L4HtR01hw,UC_nGEYgqzTuyFbHCZELMC2w,Merryjuj,11400.0,,,,,,,,,,,,,,,,,,,0.00011301438422001247
t1KCgUL62GM,UCFKiXXD3aVWU60VQCuUvPHA,Myer Travels,151000.0,0.6,0.045,0.0,1.3225,1.0,0.61,0.69,0.8825000000000001,0.8474999999999999,0.5874999999999999,0.7875,0.445,0.0,0.75,1.06,0.4925,0.2175,1.0,0.0010924723807934538
t35VVrWzd4g,UCryJ4vhASeu7uhXRPOL3WhA,What's up Philippines,311000.0,,,,,,,,,,,,,,,,,,,2.621933713904289e-05
t5-r4LJNCQ8,UCSjiVW9NV-mcJJ1t6RbMh7A,Down Under Visa,2650.0,,,,,,,,,,,,,,,,,,,0.00014249639749479832
t50jstuxy1Y,UC5NofLGyaa9Q6PHsxSgXM0Q,Lloyd & Mandy,120000.0,1.25,0.0,0.0,0.0,1.7,1.44,0.49,1.6,2.86,0.17,0.0,0.0,0.62,0.0,3.21,0.03,0.24,0.0,0.0008193542855950903
t7HHM_T8i2U,UCdkq517IaeUcnG5CIiFX9RA,Shin Smith,36200.0,,,,,,,,,,,,,,,,,,,0.00010241928569938629
t8V2_4KB-LI,UClxGlpO6TzyJcW7gPCJe94g,GLOCO,1260000.0,1.085,0.335,0.67,0.895,0.855,1.6749999999999998,0.48,1.28,0.875,0.57,0.45,0.29,0.79,0.76,0.27,0.0,0.4649999999999999,1.0,0.0010924723807934538
tB8xTODnh0I,UCD58HBLhMozUsE6JwK3y10g,Bowzer’s reaction Pit,276000.0,0.27,0.0824999999999999,0.145,0.32,0.2875,1.3075,0.395,0.9975,0.665,0.635,0.7124999999999999,0.3725,0.0,0.1625,0.615,0.3399999999999999,0.18,1.0,0.0008193542855950903
tBLvHKSuWaE,UC2vcjazcVurVmpn5svBRA-Q,FTD Facts,1460000.0,0.65,0.74,0.0,1.72,0.0,0.0,0.0,0.0,0.01,0.0,0.0,0.0,0.0,0.0,0.0,0.86,0.0,1.0,0.0006554834284760723
tCBSddrRG0E,UCvU278VonkFgEvpKqRuZs1Q,nazfromqueens,2700.0,2.705,3.065,0.95,1.465,0.95,0.11,0.245,1.98,2.685,1.48,0.32,0.2,0.0,0.0,2.9850000000000003,0.905,0.395,2.0,0.00040967714279754517
tCu38d1ycMM,UCfow9qUPXMbZJ7iG6gfAQyA,Marcy lee,42800.0,0.24,0.0,0.0,0.0,1.68,1.4,0.0,0.42,2.15,0.85,0.0,0.0,0.18,0.0,1.21,0.0,0.0,0.0,0.0010924723807934538
tD9YGqa-xrA,UC9YZFtyku73zkyXx1a8Ez-g,Eatbook,169000.0,0.9,0.295,1.235,1.19,0.515,1.075,0.4449999999999999,0.86,0.79,0.02,0.775,0.475,0.0,0.09,0.875,0.11,0.0,1.0,0.0010924723807934538
tDD1cQALLv8,UCKLlmM881k4QZN-iUAFIQfw,Susie in the Philippines,128000.0,,,,,,,,,,,,,,,,,,,0.00013109668569521446
tDUdeWR0FMo,UCeBL09KpOrsEPZhsbI7WT1Q,Luis Portelles,294000.0,0.41,1.16,0.0,1.9,1.57,0.52,0.0,2.36,2.46,3.34,0.0,0.0,0.0,0.29,4.22,2.61,0.0,0.0,0.0010924723807934538
tDajKo9R3cE,UCSjiVW9NV-mcJJ1t6RbMh7A,Down Under Visa,2650.0,,,,,,,,,,,,,,,,,,,0.00014249639749479832
tDmrvUEqcnQ,UCAW9e0pCUr2XZQ6hCLe2ifA,Tarsier TV,4410.0,2.32,2.37,2.52,1.03,1.43,0.0,1.36,0.82,0.0,0.85,1.69,1.91,0.0,0.0,1.83,2.51,0.95,2.0,0.0008193542855950903
tED_WGpnHVo,UCiSdshZ1CEC4C1VE4K1Lbhw,J.E.I. (jayson's escapade ideas),11400.0,,,,,,,,,,,,,,,,,,,0.0016387085711901807
tF_WXKk7TYY,UCQQyW9Ki62OmGzHedws7xlQ,Bianca & Beyond,142000.0,0.5725,0.0,0.7675000000000001,0.6925,1.0375,2.3275,0.105,0.525,1.0025,0.5700000000000001,0.18,0.0,0.515,0.0525,1.0525,0.2575,0.175,1.0,0.00010241928569938629
tG3Uh1cLEao,UCxKN5z9rc4DlZ-7gI7mHKFg,T HUBS 22,101000.0,1.6233333333333333,1.346666666666667,0.42,0.3766666666666666,0.3866666666666666,0.5733333333333334,0.2833333333333333,0.5666666666666667,0.4599999999999999,0.2733333333333333,0.1033333333333333,0.0,0.0633333333333333,0.0,2.5,1.086666666666667,0.89,2.0,0.0010924723807934538
tHksfBT2y8M,UCryJ4vhASeu7uhXRPOL3WhA,What's up Philippines,311000.0,,,,,,,,,,,,,,,,,,,2.621933713904289e-05
tIEV_f99IQ0,UCiNCvGzwadWCZIzTUjoApRQ,Daniel Marsh,466000.0,,,,,,,,,,,,,,,,,,,0.00040967714279754517
tIal-tUqUV4,UCTfHKQ9fbUEiStUAQEax7dw,,,,,,,,,,,,,,,,,,,,,
tIxUUl_nPbo,UCt9BTGSxATM6axwfTY4KnEg,A Foreigner in the Philippines,265000.0,,,,,,,,,,,,,,,,,,,5.462361903967269e-05
tJngrUIZ10w,UCTPxMCyJyYGF6H0eBhOvgsA,Pinay mom's blogs,7390.0,,,,,,,,,,,,,,,,,,,0.0001724956390726506
tKuABQSveuQ,UCwmjQLxUeYS2qxpNH8cF0Rw,BossD3nnis,15000.0,,,,,,,,,,,,,,,,,,,0.0002521090109523355
tLnvXS6NFaQ,UCvG1JotA9_B1y8Mo5_ePOfw,Mike Still,359000.0,0.905,0.435,0.01,0.56,0.0,1.23,0.025,0.0,0.17,0.515,0.0,0.145,0.725,0.27,0.0,0.55,0.395,1.0,0.0010924723807934538
tLzf_0-3KtU,UCfROmtFIX0dVDpJq1W98Cxg,BOBBY'S ANGELS,1850.0,,,,,,,,,,,,,,,,,,,0.0010924723807934538
tMWvqEKsldQ,UCoqxuZY1dt2Z_KHZHDDKguw,Master of Voice,604000.0,0.0,0.0,0.0,0.4066666666666667,1.3633333333333333,1.913333333333333,0.9566666666666666,0.6333333333333333,1.1866666666666668,0.2966666666666667,0.2266666666666666,0.1566666666666666,0.1633333333333333,0.1066666666666666,0.9166666666666666,0.5966666666666667,0.3133333333333333,0.0,0.0010924723807934538
tO9HkIQt_KM,UCbbw0svE3owMHUQcsL0nnUA,Happiness Boms,9330.0,,,,,,,,,,,,,,,,,,,0.00040967714279754517
tQh8umgs1CE,UCpko_-a4wgz2u_DgDgd9fqA,BuzzFeedVideo,19800000.0,0.375,0.3,0.0,0.215,1.505,1.83,0.515,1.665,1.785,0.815,0.6849999999999999,0.545,0.375,0.0,1.57,0.615,0.07,0.0,0.0002521090109523355
tSF9Le9A2PU,UCryJ4vhASeu7uhXRPOL3WhA,What's up Philippines,311000.0,,,,,,,,,,,,,,,,,,,2.621933713904289e-05
tSWAd-BjvO0,UCoWQLZoPwn3mJ-oiPrwDpbA,Living abroad,163000.0,,,,,,,,,,,,,,,,,,,6.554834284760723e-05
tSZk3cPWbTA,UCiEK-SwMjiYsiWzXvOKqKdg,AmysCrypt,324000.0,0.0,0.0,0.04,1.29,0.41,0.62,2.26,0.71,0.0,0.0,0.0,0.0,0.0,0.0,0.23,0.0,0.0,1.0,0.0004682024489114802
tSyEn2w15BY,UCQKWCDl0BKMIAj-mrjLIySg,Sylvia Kim,492000.0,1.3666666666666665,1.3866666666666667,0.0233333333333333,1.05,0.2366666666666666,0.5,0.0166666666666666,0.34,0.0633333333333333,0.0,1.13,1.0433333333333332,0.0333333333333333,0.0,0.0233333333333333,0.1666666666666666,0.2833333333333333,1.0,0.0006554834284760723
tTwux4luqJc,UCryJ4vhASeu7uhXRPOL3WhA,What's up Philippines,311000.0,,,,,,,,,,,,,,,,,,,2.621933713904289e-05
tVCNar6UXZI,UCdJAmuo-KkgcJvSoQjPxAWg,Ash and Kels,32200.0,1.49,0.3,0.0,2.12,1.42,2.11,0.55,0.695,1.315,0.0,0.2,0.0,0.0,0.14,3.88,0.575,0.0,0.0,0.00032774171423803616
tW9cnzMZXhk,UCSvaH7DbguYJcp8PHTTv1Zw,Bigg World Cinema,34000.0,0.0,0.0,0.62,0.0,1.67,1.12,0.29,1.03,1.94,2.0,0.0,0.0,0.57,0.36,0.35,0.0,1.84,0.0,0.00019278924366943303
tYALRFw3Ox0,UCYuOZy_oPeZL_1BdHxf-Y2Q,One Down,69600.0,0.15,0.0,0.0,1.14,0.92,0.97,0.04,0.92,0.99,1.005,0.0,0.1,0.83,0.0,1.445,1.11,0.0,1.0,0.00032774171423803616
tYLFoUTJuGU,UC2-_WWPT_124iN6jiym4fOw,Asian Boss,3840000.0,0.32,0.14,0.0,0.0,1.92,0.55,0.53,3.45,2.73,0.56,0.02,0.0,0.0,0.0,2.33,0.0,0.2,0.0,0.0006554834284760723
tYjJMG2m4kE,UCKygRpISlqs5TufcT3JtRng,Dale Philip,3760000.0,0.23,0.0,2.22,2.22,0.88,2.62,0.65,4.04,0.0,0.0,1.62,0.0,1.63,0.0,2.11,1.56,0.0,0.0,0.00036415746026448456
tYlsZMI9Ag8,UCeoRAN5sr02w8_9aFWxIM4g,Tech Travel Eat by Sujith Bhakthan,2280000.0,1.1166666666666667,0.09,0.8333333333333334,0.82,0.9966666666666666,0.5199999999999999,0.6699999999999999,1.1,0.7133333333333334,0.13,0.1466666666666666,0.59,1.1766666666666667,0.0866666666666666,0.7166666666666668,0.8366666666666666,0.0333333333333333,1.0,0.0010924723807934538
tZp68JiFAQI,UC_nGEYgqzTuyFbHCZELMC2w,Merryjuj,11400.0,,,,,,,,,,,,,,,,,,,0.00011301438422001247
tcwkL4L5P2w,UCPAz3hWHiBC-c1x4K0-atsg,Waleska Herrera,1230000.0,0.4325,0.21375,0.1775,0.49875,0.38375,0.42125,0.2225,0.3225,0.815,0.39125,0.1375,0.18875,0.625,0.17,0.84,0.16625,0.07,1.0,2.074314647076178e-05
tgBcEpjxw7A,UC1MNjDRpoEsl_tiogaRYt1A,The Philippines Project,6150.0,0.52,0.275,1.045,1.57,0.76,0.0,0.39,1.37,0.72,1.37,0.115,0.41,0.0,0.365,0.865,0.16,0.02,1.0,0.0005462361903967269
tgzwr7hOgK4,UCmBZnXBBEgSOgPIV_f0G05g,Locke Family TV,1490.0,0.6733333333333333,0.02,1.42,1.1666666666666667,0.27,0.6366666666666666,0.0566666666666666,2.023333333333333,0.6233333333333334,1.12,1.0533333333333332,0.1166666666666666,0.9966666666666668,0.0,0.0466666666666666,0.0,0.1733333333333333,1.0,0.0016387085711901807
thA7BQWeWfM,UC0v-tlzsn0QZwJnkiaUSJVQ,REACT,20100000.0,1.0766666666666669,1.02,0.52,0.4466666666666667,0.5366666666666666,1.106666666666667,0.2633333333333333,0.8566666666666666,1.11,0.79,0.0,0.5333333333333333,0.1833333333333333,0.11,1.2866666666666666,0.8566666666666666,0.1566666666666666,1.0,0.0006554834284760723
thz5G93p5E0,UCXV-Jt3UPJPstvLVx6A1Z7Q,Kristypata,328000.0,,,,,,,,,,,,,,,,,,,0.0008193542855950903
tiiHMwVolQI,UCvsb2dwX9pL-_QX8blpQ_Ag,Max & Sujy POL,48800.0,,,,,,,,,,,,,,,,,,,0.0005462361903967269
tjDZ9-6PxiQ,UCRJsTt5C_CCKtst-pqMzYVA,Chad Foster Explores,86800.0,,,,,,,,,,,,,,,,,,,0.0016387085711901807
tjMhoid4jVc,UC94bSvWltDS6I0U_u7mn8VQ,Two Broskis,24800.0,2.12,2.395,0.52,2.725,0.81,0.0,0.0,1.19,1.66,1.27,0.0,0.0,0.485,0.03,1.845,0.245,0.66,2.0,0.00036415746026448456
tjdneKZMLXU,UCryJ4vhASeu7uhXRPOL3WhA,What's up Philippines,311000.0,,,,,,,,,,,,,,,,,,,2.621933713904289e-05
tkXzcF_kxeg,UCdBpCFv_RTOOBrImOlPT97g,RodVivKids Family Vlog Philippines 🇵🇭 ,9760.0,1.24,0.712,0.932,2.068,1.112,0.492,0.176,1.73,1.598,1.132,0.5780000000000001,0.058,0.6359999999999999,0.236,1.34,0.2279999999999999,0.124,0.0,0.0008193542855950903
tlGCPRGJ4yo,UCqVZm6w_65N8kEQAhpg5vwA,Cherry and Trevor,1640.0,,,,,,,,,,,,,,,,,,,0.0010924723807934538
tlpEsiMjKs0,UC-TF1J18w4xVhdUrd-604KQ,Globetrotting Schoolers,1170.0,,,,,,,,,,,,,,,,,,,0.0016387085711901807
tmVl6tiBPug,UCm3CG7lhRB0VkiefjhCCwZw,Tim Troetschel,92100.0,,,,,,,,,,,,,,,,,,,0.0008193542855950903
tmVmWrLa-PA,UCG57u0jfLpuPuCAHRUtTxdg,Blonde&Bass,113000.0,1.3166666666666669,0.9266666666666666,0.41,0.5233333333333333,0.1866666666666666,0.0266666666666666,0.4533333333333333,0.6466666666666666,0.5,0.0,0.5433333333333333,0.3633333333333333,0.0433333333333333,0.1433333333333333,0.93,0.8366666666666666,0.0,1.0,0.00032774171423803616
tovnfQwtros,UCD-wx9lLiFeulexN0Y00DMQ,Closer Lives: Jenn and Leon ,14800.0,1.485,1.145,0.17,0.795,1.275,1.45,0.095,1.94,1.705,1.09,0.155,0.0,0.505,0.0,2.39,0.58,0.27,0.0,0.0008193542855950903
tp_sWmrWdrs,UCpsivHVNaBnIAPhkLBZcWQg,Zane Travel,129000.0,1.26,0.0,0.0,0.0,0.0,0.0,0.37,1.15,0.11,0.0,0.0,0.0,0.0,0.0,1.08,0.9,0.0,1.0,0.0005462361903967269
tx-F7DKfzmk,UC2kvZvwj0eVT09ijlcbwUyQ,Gio,35100.0,0.6950000000000001,0.535,0.29,0.0,1.445,0.855,1.175,1.205,1.32,0.205,0.23,0.2,0.0,0.0,3.395,1.81,1.0,0.0,0.0010924723807934538
u-XWJ8QUFQk,UCRrUJKpFAGgA9WVjSWhgk2Q,KIM n LEE,95200.0,0.3566666666666667,0.1833333333333333,0.5166666666666667,0.1133333333333333,0.7266666666666667,1.4266666666666667,0.7400000000000001,0.2733333333333334,0.5966666666666667,0.3766666666666666,0.8933333333333334,0.02,0.1333333333333333,1.0833333333333333,0.9966666666666666,0.8266666666666667,1.2933333333333334,1.0,0.00011301438422001247
u2x9TXyWXPE,UC4r6JBPiafpR2J7L_-KRM0Q,Owl of Dating,34800.0,,,,,,,,,,,,,,,,,,,0.0006554834284760723
u3GQfQNRsFE,UCP1TtgcChvhLL5aqxe45CPQ,Fun And Talk,4460.0,1.270909090909091,0.8772727272727271,0.31,0.7472727272727272,0.3163636363636363,0.8072727272727274,0.0745454545454545,0.5318181818181819,0.4118181818181818,0.449090909090909,0.5,0.81,0.209090909090909,0.0227272727272727,0.620909090909091,0.109090909090909,0.3754545454545454,1.0,0.0008193542855950903
u45J9aTLMbM,UCTL128JylZO50B0MqbUuhSw,EL's Planet,232000.0,,,,,,,,,,,,,,,,,,,0.0002341012244557401
u4GsXRzTqf8,UCqa2MPu8bLY1PwVFUpSyVhQ,HiHo Kids,5610000.0,0.0,0.0,0.91,0.0,0.0,2.42,1.6,0.0,0.0,0.0,0.54,0.0,0.0,0.0,0.77,0.0,0.0,1.0,0.0010924723807934538
u4VmYiULPBo,UCPAz3hWHiBC-c1x4K0-atsg,Waleska Herrera,1230000.0,0.6214285714285713,0.4271428571428571,0.8114285714285714,1.417142857142857,0.0942857142857142,0.6428571428571429,0.1128571428571428,0.3714285714285714,0.1942857142857143,0.4842857142857143,0.35,0.46,0.1542857142857143,0.0,0.94,0.9914285714285712,0.2785714285714286,1.0,2.074314647076178e-05
u4xWsDR5axI,UCWjSwkIn2gGgETcZZYaO-6g,RETIRING IN PARADISE,17000.0,0.945,1.1,0.125,1.5625,0.345,0.945,0.2525,1.5,0.38,1.0550000000000002,0.88,0.36,0.5425,1.21,0.4475,0.3325,0.025,1.0,8.62478195363253e-05
u5FDJtdE2jk,UCpko_-a4wgz2u_DgDgd9fqA,BuzzFeedVideo,19800000.0,0.77,0.19,0.215,0.0,1.74,1.34,0.97,3.08,2.095,1.6,0.8,1.56,1.6800000000000002,0.15,1.5,0.43,1.05,0.0,0.0002521090109523355
u6uj4yjTn-k,UCF1cU5gh5eVKZg4rcNoO64Q,핫바와 쿠키(HotBa),7750.0,1.215,0.135,1.4,1.155,0.34,1.345,0.0,0.55,1.04,0.72,0.02,0.0,0.5,0.075,0.22,0.145,0.09,1.0,0.0016387085711901807
u7cm6QhT1Dg,UCvP8p-ZA6cBWw4pT4IVUK3A,sat YOUR day Vlogs in Oz,3700.0,,,,,,,,,,,,,,,,,,,0.0016387085711901807
u8DnYviWHA0,UC6VT3Fhk2z3-4leoCoZpyPQ,Reação Imediata,169000.0,0.5133333333333333,0.1899999999999999,0.0,0.3733333333333333,0.21,0.83,0.2166666666666666,0.42,0.87,0.8066666666666666,0.5266666666666667,0.0,1.2466666666666666,0.2766666666666666,0.8966666666666666,1.24,0.1766666666666666,1.0,0.00021849447615869075
u8V1Cp1Wsnk,UCtzKfl7mVo9Bi-DzGMFmnqg,Flora and Note,202000.0,0.485,1.015,0.08,0.885,1.435,3.325,0.0,1.345,1.565,0.715,0.0,0.0,0.0,0.05,1.525,0.705,0.225,0.0,0.0006554834284760723
u9lyT0XBuOw,UCrrc2wG-F1mPuah_Lb7FJvg,켈리벨스Kellybells,3400.0,0.0,0.0,0.17,0.0,2.82,2.03,1.59,2.07,2.58,0.86,0.15,0.0,0.0,0.0,3.35,0.81,0.0,0.0,0.00040967714279754517
u9sOUhj389c,UCt9BTGSxATM6axwfTY4KnEg,A Foreigner in the Philippines,265000.0,,,,,,,,,,,,,,,,,,,5.462361903967269e-05
uATKVv_CJhA,UCqdBWKP4_8bU-Rsk2LvVz6Q,BecomingFilipino,1140000.0,,,,,,,,,,,,,,,,,,,0.0001560674829704934
uBP6eCTV6ew,UCWm__g4cPmX-umorqM8VfWw,Travel with Luke Damant,1620000.0,0.39,0.0,0.12,0.755,0.0,0.15,0.0,0.0,0.0,0.0,1.67,0.46,0.495,0.0,0.125,0.265,0.21,1.0,0.00027311809519836344
uDou6Hy4ZJY,UCP_y6xg3u3hF3pskXosMQyQ,Canadian In Philippines,17000.0,,,,,,,,,,,,,,,,,,,0.0002341012244557401
uFJbwUDWwQ0,UCHza0GAxOvBOeLKkMeL8EcQ,Ken Abroad,510000.0,2.66,3.27,0.0,0.27,0.74,0.61,0.0,1.45,2.0,1.92,0.07,0.0,0.05,0.0,1.92,0.0,0.63,2.0,0.00012138582008816153
uHlpkicokAA,UC9b5vUlohoM_Gli7NKzpHkg,The Eftimies,11700.0,,,,,,,,,,,,,,,,,,,0.0008193542855950903
uHzkGJZsQVc,UC9uSazh46l6kAkTADDEjKBA,Aileen’s JOURNAL,2640.0,1.01,1.17,0.38,0.68,1.07,0.0,0.0,2.53,2.56,0.0,0.0,0.0,0.0,0.0,2.0,0.19,0.0,0.0,0.0010924723807934538
uJ7xcSwQC3I,UCQYkvXhPNaRxlu-jAI5_5Zg,LeRoc Living Our Life Philippines,1240.0,,,,,,,,,,,,,,,,,,,0.00010572313362517294
uJnrqPXBWXk,UCF3l_ACuhzW5QRn--37Tu7A,Taglish Coles,28100.0,0.74,0.0,0.415,0.025,1.485,2.19,1.06,1.025,1.685,1.2999999999999998,0.0,0.0,0.925,0.425,1.385,1.35,0.0,0.0,0.0010924723807934538
uJxvnpDlRvQ,UCPyi-4WfF63TJ95zKShawcw,itsKEVO,490000.0,2.195,0.245,0.98,1.505,0.065,0.29,0.975,1.24,0.0,0.45,0.945,0.33,0.0,0.57,1.43,1.695,0.3,1.0,0.0002341012244557401
uMcu2rbrnIo,UCBEzIEPpJnkdiB3yZ8V3JRg,2 French in Manila,39800.0,,,,,,,,,,,,,,,,,,,0.0016387085711901807
uMfsQI351-Y,UCryJ4vhASeu7uhXRPOL3WhA,What's up Philippines,311000.0,,,,,,,,,,,,,,,,,,,2.621933713904289e-05
uNCO4gPu3C0,UCvZYC01eWj-ftzwRIWhPS_w,Off to Bliss,468.0,,,,,,,,,,,,,,,,,,,0.0006554834284760723
uOzvJDk6ZiQ,UCgFKLJkz381t545douXDL_A,Kenzo Martini,116000.0,1.2,2.09,0.0,0.67,0.0,0.22,0.0,0.0,0.78,0.38,0.1,0.0,0.04,0.0,1.24,0.0,0.34,2.0,0.0008193542855950903
uSqIB7qvxnw,UCPAz3hWHiBC-c1x4K0-atsg,Waleska Herrera,1230000.0,0.6233333333333334,0.4633333333333333,0.1899999999999999,2.0866666666666664,0.0366666666666666,0.0,0.0,0.84,0.25,0.4133333333333333,0.0066666666666666,0.0966666666666666,0.3833333333333333,0.0,0.66,0.49,0.3233333333333333,1.0,2.074314647076178e-05
uTPpdi5OIig,UCTPxMCyJyYGF6H0eBhOvgsA,Pinay mom's blogs,7390.0,,,,,,,,,,,,,,,,,,,0.0001724956390726506
uTwEpSEWkm4,UCQQyW9Ki62OmGzHedws7xlQ,Bianca & Beyond,142000.0,,,,,,,,,,,,,,,,,,,0.00010241928569938629
uVHQlP8uYIg,UCPAz3hWHiBC-c1x4K0-atsg,Waleska Herrera,1230000.0,0.8525,1.0325,0.1699999999999999,1.5125000000000002,0.0,0.1,0.0,0.08,0.225,0.075,0.1025,0.0,0.1325,0.0325,0.49,0.46,0.56,1.0,2.074314647076178e-05
uWBzWoEpZt8,UCzQp8phxcJxPneOPRh7VpGw,KAPILYAN TV,3270.0,,,,,,,,,,,,,,,,,,,0.0016387085711901807
uWdQxpfwWs4,UCn4HljYMUfp26ylZ8w5dttg,Travel n'2,7000.0,0.14,0.0,0.0,2.64,0.42,0.0,0.36,0.0,0.0,0.0,0.0,1.11,0.0,0.0,0.0,0.0,0.0,1.0,0.0008193542855950903
uXaGRKM2whs,UCPAz3hWHiBC-c1x4K0-atsg,Waleska Herrera,1230000.0,0.424,0.1359999999999999,0.308,0.498,0.088,0.244,0.034,0.616,0.5820000000000001,0.5599999999999999,0.108,0.056,0.4599999999999999,0.258,0.384,0.206,0.362,1.0,2.074314647076178e-05
uXjQAtBEuds,UCtw7q4SyOeoCwM1i_3x8lDg,Comedy Central Stand-Up,2750000.0,1.086666666666667,0.9866666666666668,0.4966666666666666,0.8066666666666666,0.7866666666666666,1.3266666666666669,0.33,1.663333333333333,0.7266666666666667,1.1933333333333334,0.4066666666666667,1.486666666666667,0.1899999999999999,0.11,1.096666666666667,2.1266666666666665,0.41,1.0,0.0008193542855950903
uY3vtYJns9U,UCAUgY9e_n2DhyZTgvPRoJnQ,TriFate Geo,171000.0,1.265,0.8200000000000001,0.0,0.66,2.265,1.955,0.285,2.455,3.38,1.645,0.0,0.0,0.0,0.105,2.565,0.365,0.17,0.0,6.426308122314434e-05
uZ2KNNuK2B4,UCYY2mNcq7pv6IRW92JIT6DA,The Juicy Vlog,583000.0,0.845,0.555,0.0,0.315,0.09,0.45,0.06,0.45,0.685,0.0,0.85,0.08,0.01,0.0,1.34,1.37,0.23,1.0,0.00014249639749479832
uZo00oLFS0s,UCoWQLZoPwn3mJ-oiPrwDpbA,Living abroad,163000.0,,,,,,,,,,,,,,,,,,,6.554834284760723e-05
u_LTA0hlwYI,UCLPLXSPgySkBypwpi6BrMwg,Jessica Lee,1680000.0,,,,,,,,,,,,,,,,,,,0.0002521090109523355
u_zd3MQ0OyY,UCe7op4W-6YKJOpsG9TOi2CA,Timeout with Dami,19500.0,,,,,,,,,,,,,,,,,,,0.0008193542855950903
uaBTyt6uFQA,UC1PEGwrUGWkcIKxQZY-jUMA,Pinay Mom in South Korea,516000.0,0.7450000000000001,0.085,0.2216666666666666,0.345,0.4833333333333333,0.5583333333333332,0.2299999999999999,1.1083333333333332,0.3799999999999999,0.2716666666666666,0.6266666666666667,0.1033333333333333,0.1033333333333333,0.0983333333333333,0.455,0.4933333333333333,0.1816666666666666,1.0,0.0010924723807934538
uav_WP4G5IQ,UC2rkgW49nwJyQp3JHZxh5IQ,Travel Droner,53500.0,,,,,,,,,,,,,,,,,,,0.0010924723807934538
ubO784YDsN0,UCBg3YEt99SLKKj26_pF29ew,THE KPOPSIS,94500.0,,,,,,,,,,,,,,,,,,,0.0016387085711901807
udbuo-zyWAs,UCPAz3hWHiBC-c1x4K0-atsg,Waleska Herrera,1230000.0,0.2774999999999999,0.125,0.5825,0.8475,0.43125,0.40125,0.14875,0.41,0.27875,0.1325,0.3575,0.05,0.68625,0.03875,0.82375,0.24875,0.0,1.0,2.074314647076178e-05
udxRkas0bhY,UCCgVh36x3hbuRnHMpwl443Q,Music Game News,1210000.0,1.67,0.0,0.63,1.65,1.52,0.0,0.0,1.64,1.8,1.55,0.37,0.0,0.97,0.0,2.35,0.0,0.0,0.0,8.193542855950904e-05
ue9toKAhTtA,UCAvW3R_81M2Dx6jXE_9DgDQ,Paint Your Lifestyle,12900.0,0.0033333333333333,0.0,0.44,0.66,0.58,0.35,0.7833333333333333,0.7133333333333334,0.3433333333333333,0.6166666666666667,0.9266666666666667,0.0,0.0766666666666666,0.17,0.73,0.0,0.5833333333333334,1.0,0.0010924723807934538
uemHFgDwS7Q,UCt9BTGSxATM6axwfTY4KnEg,A Foreigner in the Philippines,265000.0,,,,,,,,,,,,,,,,,,,5.462361903967269e-05
ufL2Oj1EtxA,UCF--4fKKFc0W92Xgm2ky8_g,The Porkchop Bun,727.0,0.5650000000000001,0.29,0.0666666666666666,0.1083333333333333,0.8016666666666667,1.0799999999999998,0.0966666666666666,0.9783333333333334,1.805,1.0,0.2183333333333333,0.0,0.2283333333333333,0.09,1.5233333333333334,0.5650000000000001,0.0,0.0,0.0010924723807934538
ufkYAsf_GM8,UCbDelWG0lH_xzQjnH-bNB_w,josie lifts things,1080000.0,0.0,0.0,0.62,0.09,2.1,1.55,1.23,2.07,2.55,0.89,0.05,0.0,1.76,0.0,4.28,1.47,0.51,0.0,0.0002521090109523355
ug5wZ_siXug,UCYuOZy_oPeZL_1BdHxf-Y2Q,One Down,69600.0,0.4333333333333333,0.0,0.9833333333333334,0.29,1.5066666666666666,1.14,0.7133333333333334,1.85,1.5,1.6366666666666667,0.0466666666666666,0.35,0.6233333333333333,0.0833333333333333,1.0266666666666666,0.35,0.1266666666666666,0.0,0.00032774171423803616
uh6w-omp9W0,UCWfxD_HI8o7SmpWB758ymCw,Eat With Turner,2100.0,,,,,,,,,,,,,,,,,,,0.0010924723807934538
uhI487_cXag,UCwvenK2H-fNo4uUE7SRJL9g,Glasses Kingdom,283000.0,,,,,,,,,,,,,,,,,,,0.0010924723807934538
ujsu7-KV6pI,UCaFhs6xTFwNK8J8XGM6yRiQ,Ammar,104000.0,0.5233333333333333,0.0,0.47,0.1966666666666666,0.6699999999999999,0.6633333333333334,0.2966666666666667,1.61,0.48,0.58,0.93,0.56,0.5566666666666666,0.8266666666666667,0.9333333333333332,1.6133333333333333,0.89,1.0,0.0010924723807934538
ukGmWQmG4MY,UCi9mzS8H-ez_30w5SCL2dmw,JREKML,1210000.0,,,,,,,,,,,,,,,,,,,6.827952379959086e-05
ulArT3oWyyw,UCQXBq7djFA_xTSVgNGLJ0LQ,Let's Meet Abroad,109000.0,0.2,0.0,0.0,0.59,0.915,1.47,0.185,1.23,1.21,1.175,0.78,0.0,0.18,0.0,1.625,0.74,0.0,0.0,0.0005462361903967269
ulGmdV_1Zyc,UC9DwgmJc-uKnxGavukOy_6w,Aaron Around,9540.0,0.0,0.0,0.0,1.14,2.73,1.24,0.89,2.78,3.25,2.03,0.16,0.0,0.0,0.0,3.44,0.0,0.0,0.0,0.00016387085711901808
um8hZrjflRA,UCCRUTTLI1JDmLBkTBf8ekCg,Fog TV 포그티비,59400.0,1.84,0.13,4.13,0.0,1.62,2.32,0.57,1.48,0.76,0.34,0.32,0.0,0.0,0.0,1.66,0.22,1.07,0.0,0.0010924723807934538
umyv2V49chI,UCpcVjkwSeZG6GJvLsIxK5Yw,Sol & Luna,88000.0,1.3849999999999998,1.88,0.0,1.47,0.355,0.8400000000000001,0.195,0.87,0.605,1.9,0.335,0.28,0.28,0.0,1.165,0.355,0.06,2.0,0.0002341012244557401
unQpufdoYWw,UCeT1qAcQxLP6cEfbMe85QCQ,Yoshi the Japanese Guy,165000.0,,,,,,,,,,,,,,,,,,,0.0001489735064718346
unTM04ne7wk,UCCgVh36x3hbuRnHMpwl443Q,Music Game News,1210000.0,0.9725,0.8425,0.1175,1.5875,0.24,0.1325,0.3725,0.44,0.3175,0.315,0.5525,0.9525,0.26,0.2825,0.0475,0.6325000000000001,0.0,1.0,8.193542855950904e-05
unnmgu4MUWA,UC5QCza-qtDmujX_lzIs9SJw,세부부부,111000.0,0.0,0.0,0.0,1.2,0.3,0.0,0.04,0.31,0.0,0.0,1.69,1.19,1.98,0.3,0.06,1.42,0.18,1.0,0.0005462361903967269
uphWgpwpxT0,UCRMPRZ498l0Bu5xvcvaesuA,Part Time Travelling Family - Eleise and Lawrence,150000.0,0.7125,0.0625,0.0125,0.3949999999999999,1.0025,1.195,0.535,0.9125,1.3,1.0875,0.77,0.125,0.1099999999999999,0.19,1.35,0.4175,0.6025,0.0,0.0004682024489114802
uq1trByhmfc,UC_hN8xs99S6jnMdYCuJgoJA,Pinoy Planet,97800.0,0.0,0.0,1.42,0.0,1.11,0.96,1.07,1.1,1.86,1.62,0.0,0.0,0.42,0.27,1.52,0.33,0.0,0.0,3.6015572993190784e-05
uqGlGjFR4LE,UCt9CPuWfS9HgRZmSYpGPFaw,SUCCESS Vlogs,53600.0,,,,,,,,,,,,,,,,,,,0.00027311809519836344
ursL3pGfq5o,UCAk9RQwVhfirnwxn_hKVBAA,A British Expat In The Philippines,9200.0,,,,,,,,,,,,,,,,,,,0.0010924723807934538
uu2B7zXLDO4,UCAUgY9e_n2DhyZTgvPRoJnQ,TriFate Geo,171000.0,2.1133333333333333,2.983333333333333,0.5599999999999999,2.1300000000000003,0.9766666666666666,1.7233333333333334,0.5766666666666667,1.2066666666666668,1.2133333333333332,0.8666666666666667,0.4433333333333333,0.5599999999999999,0.54,0.16,2.38,0.18,0.1733333333333333,2.0,6.426308122314434e-05
uv7XLmg9o9k,UCo5IPeTfhzXzzNB64ALUSUw,The Demouchets REACT,182000.0,1.27,1.35,0.25,1.77,1.375,0.38,0.0,1.45,1.81,1.405,0.88,1.185,0.0,2.525,1.035,0.19,0.155,2.0,0.00018207873013224228
uvh2XtMN9W8,UCMGEUVgOJ3jqLfvogNjOH3w,Always on a Journey,38800.0,0.435,0.045,0.2125,1.1325,0.625,0.7675,0.0325,1.02,0.545,0.44,0.9225,0.23,0.775,0.085,0.6074999999999999,0.975,0.0,1.0,0.0008193542855950903
uxAUPU1Gi0U,UCYr4VTQfBpXrccQw_H2S8RA,JUICY REACTS,318000.0,0.4275,0.0,0.45,0.035,1.42,1.32,0.435,2.0125,1.4625,1.09,0.5,0.0425,0.4649999999999999,0.025,1.6975,0.8075,0.375,0.0,0.00012138582008816153
uy5fH4KJfgU,UCU03NklypYW1AAIoNE2Vh1g,Jeanelleats,1900000.0,,,,,,,,,,,,,,,,,,,0.0002341012244557401
uym-1BErfOc,UC23SG4XKkSrbhz-bZ2f5Mfw,123JAPAN!,629000.0,,,,,,,,,,,,,,,,,,,0.0002341012244557401
v2DFIQl3JjQ,UCa__kMdkhFJvXcx1WALJ3hg,Martin Solhaugen,196000.0,0.625,0.26,0.0,0.225,2.68,1.98,1.07,2.515,2.5,0.32,0.0,1.61,0.485,0.75,2.005,1.665,1.13,0.0,0.0016387085711901807
v2SAhs5jy4k,UCPAz3hWHiBC-c1x4K0-atsg,Waleska Herrera,1230000.0,0.0,0.02,0.75,1.425,0.7550000000000001,0.375,0.6599999999999999,0.8,0.395,0.575,0.0,0.0,0.225,0.0,0.88,0.4,0.0,1.0,2.074314647076178e-05
v2ZSSZQHk_8,UCPAz3hWHiBC-c1x4K0-atsg,Waleska Herrera,1230000.0,0.1066666666666666,1.02,0.0,2.23,0.0,0.97,0.1133333333333333,0.66,0.7433333333333333,0.9666666666666668,0.3733333333333333,0.2633333333333333,0.2699999999999999,0.0,0.93,1.14,0.08,1.0,2.074314647076178e-05
v2vBaW9CmRw,UCTiiATtoPg3WeBs9uFb6DoQ,EL Akira,4420.0,1.72,1.0175,1.01,1.12,0.5549999999999999,0.6425000000000001,0.0,0.6575,1.1475,0.5875,0.6775,0.12,0.55,0.03,1.3925,0.17,0.2525,2.0,0.0016387085711901807
v47IN7NYB_c,UCo5IPeTfhzXzzNB64ALUSUw,The Demouchets REACT,182000.0,0.9675,1.015,0.0,1.295,0.68,1.2975,0.335,0.9375,0.835,0.54,0.165,0.0,0.1325,0.0,1.74,0.2425,0.0625,1.0,0.00018207873013224228
v4EwZ2B05qM,UCaLfMkkHhSA_LaCta0BzyhQ,Munchies,5320000.0,1.005,0.49,0.33,0.0,2.3,1.565,0.655,1.06,2.7750000000000004,1.435,0.07,0.0,1.155,0.605,2.63,0.305,0.12,0.0,0.0004682024489114802
v5AZyo6G2eE,UCPNBc7ZRwmgk1I6j_lenAfw,The Love Train Nation,23900.0,0.71625,0.115,0.77375,0.8175,0.0175,0.49875,0.255,0.36,0.42625,0.77625,0.66375,0.08875,0.0825,0.32625,0.46,0.33375,0.275,1.0,0.00010924723807934537
v8RYbc8PvuY,UC9sKVZ0Y9blsS1OXFpJOrTA,Travelling Sticks,2670.0,0.6633333333333333,0.0,0.0,0.8433333333333333,0.5299999999999999,0.16,0.3666666666666667,0.7733333333333334,0.7666666666666667,0.7866666666666666,0.1033333333333333,0.0033333333333333,1.6933333333333334,0.3266666666666666,0.07,0.0,0.5766666666666668,1.0,0.0008193542855950903
vBu6fEVIZFY,UCrPo31V8wpuuCMseyzEDZMQ,The Hungry Syrian Wanderer,5200000.0,,,,,,,,,,,,,,,,,,,0.0004682024489114802
vCXiadRSUBQ,UCVeI0cfcnZoIskW-cEyufMg,Maman Sudirman,4460.0,0.5940000000000001,0.1359999999999999,0.02,0.522,0.794,1.106,0.0,0.538,1.228,0.674,0.0,0.0,0.354,0.11,0.876,0.184,0.026,1.0,0.0016387085711901807
vDyDvo-4tg0,UC2kvZvwj0eVT09ijlcbwUyQ,Gio,35100.0,0.9,0.325,0.0,0.465,0.71,1.5750000000000002,1.34,1.375,0.3,0.42,0.8700000000000001,0.0,0.495,0.0,0.685,0.135,0.26,1.0,0.0010924723807934538
vE-aYCxIRaQ,UCl4I_ztLWgW8ybm9M0n1pyg,Nic & Rei,14700.0,0.0,0.0,0.0,0.0,1.45,2.4,0.0,2.64,2.59,0.07,0.0,0.0,0.15,0.0,2.4,0.76,0.0,0.0,0.00010572313362517294
vFTVwADvGKY,UCobYD8WgP3GPOqgvXF2Yy1w,Adam and Jane's Lifestyle,75500.0,1.0166666666666666,0.4133333333333333,0.9066666666666668,0.0,1.0933333333333335,1.72,0.4599999999999999,0.9766666666666666,1.356666666666667,0.8433333333333333,0.4666666666666666,1.0333333333333334,0.5233333333333333,0.12,0.8133333333333334,0.86,0.3533333333333333,1.0,6.827952379959086e-05
vFU8Yf8O0c8,UCDyDWQVNvHtbOosA39aslvw,AG WONDER 111,525.0,,,,,,,,,,,,,,,,,,,0.0010924723807934538
vGj44tTlVIs,UC6S7VHnNAiUhWYETfqXbUww,WenBellelife,2970.0,1.165,0.6525,0.34,0.965,0.1575,0.8374999999999999,0.105,0.7575000000000001,0.1025,0.35,0.445,0.16,0.9925,0.0,0.2725,0.3825,0.16,1.0,0.0010924723807934538
vIofLAWdvKU,UC_nGEYgqzTuyFbHCZELMC2w,Merryjuj,11400.0,,,,,,,,,,,,,,,,,,,0.00011301438422001247
vJTj_7fLTzM,UCi9mzS8H-ez_30w5SCL2dmw,JREKML,1210000.0,,,,,,,,,,,,,,,,,,,6.827952379959086e-05
vJs4hZVbcEs,UC3PVtkwtqwCD4LEPguBEADA,Mia Sandoval,395000.0,1.29,0.1333333333333333,0.4866666666666666,0.5066666666666667,1.4400000000000002,2.293333333333333,0.0066666666666666,1.893333333333333,1.7666666666666668,0.8833333333333333,0.0,0.0,0.1733333333333333,0.0,1.596666666666667,0.3433333333333333,0.2966666666666667,0.0,0.00011705061222787004
vKXcGei-oi8,UCzfEqx1_-zs2xUUzI3jVRSg,FinnSnow,541000.0,,,,,,,,,,,,,,,,,,,0.00016387085711901808
vLZ0q5eV2Uw,UCPAz3hWHiBC-c1x4K0-atsg,Waleska Herrera,1230000.0,0.7288888888888888,0.0144444444444444,0.2522222222222222,0.1544444444444444,0.8011111111111111,1.38,0.4788888888888888,1.108888888888889,0.9533333333333334,0.5855555555555556,0.3188888888888889,0.0911111111111111,0.5955555555555556,0.44,0.8788888888888889,0.508888888888889,0.16,1.0,2.074314647076178e-05
vOXSTaAlJuQ,UCqdBWKP4_8bU-Rsk2LvVz6Q,BecomingFilipino,1140000.0,,,,,,,,,,,,,,,,,,,0.0001560674829704934
vSJ-MNUKzVU,UCHza0GAxOvBOeLKkMeL8EcQ,Ken Abroad,510000.0,2.87,0.74,0.6,1.72,0.0,0.12,0.0,1.51,0.0,1.21,1.26,1.3,0.39,0.0,0.55,0.44,0.0,2.0,0.00012138582008816153
vT0d85_9n30,UC5LpvwSNZSWDSS1AHoK4NZg,Raff De Leon,3000.0,,,,,,,,,,,,,,,,,,,0.0008193542855950903
vTJBF9loXG0,UC0p8-e3hIdkP4F09hQc1Uow,The Wineding Down Podcast,16300.0,,,,,,,,,,,,,,,,,,,0.0006554834284760723
vUxd3yDGHP4,UCt9BTGSxATM6axwfTY4KnEg,A Foreigner in the Philippines,265000.0,,,,,,,,,,,,,,,,,,,5.462361903967269e-05
vWMLmmhyBFQ,UCO5Jeark1e_JP36mY3ua19g,The Commodity,98300.0,0.48,0.0,0.34,0.0,0.78,1.2,0.8250000000000001,0.625,0.19,0.175,0.93,2.33,1.3199999999999998,0.28,0.75,0.255,0.15,1.0,6.18380592901955e-05
vXhuGqugEOQ,UCaAjLj9oGV6VKMYq8FxEwdQ,DORCAS Morounmubo,78500.0,,,,,,,,,,,,,,,,,,,0.00036415746026448456
vY45ASw41X8,UCWjSwkIn2gGgETcZZYaO-6g,RETIRING IN PARADISE,17000.0,2.0,0.0,0.5,1.82,1.37,2.61,0.0,0.81,1.22,0.63,1.64,0.6,1.62,0.01,0.0,0.0,0.0,1.0,8.62478195363253e-05
vYkKLnFBW6c,UCryJ4vhASeu7uhXRPOL3WhA,What's up Philippines,311000.0,,,,,,,,,,,,,,,,,,,2.621933713904289e-05
vZMYvrUw8jc,UCmOWdRRJ-0yyxOlpQ9-Jy_A,Cindy Casimira Caroline,4530.0,0.28,0.0,0.0,0.1,0.59,1.53,0.31,0.35,0.78,1.05,0.38,0.0,1.37,0.0,0.24,0.0,0.0,1.0,0.0010924723807934538
vbCWfYUqZIg,UCRzBNJTsBe2rq6pkyXeaj1A,TriFate Lifestyle,161000.0,0.84,0.0,0.88,0.13,1.81,1.75,0.01,1.79,2.22,2.0,0.0,0.0,0.0,0.28,2.24,0.35,0.0,0.0,0.0001724956390726506
ve-gGv0VjDM,UCHza0GAxOvBOeLKkMeL8EcQ,Ken Abroad,510000.0,0.91,0.255,0.11,0.85,0.12,0.48,0.405,0.865,0.195,1.335,0.37,0.685,0.185,0.51,0.23,1.095,0.0,1.0,0.00012138582008816153
veTsMNQ0HOQ,UCWmjG_iL6dNUWTUtquYMLQA,Gracejon Filipina lifestyle ,254.0,,,,,,,,,,,,,,,,,,,0.0010924723807934538
vfsJ9M74ZP4,UCUQPGGBkluwPMxRyY8n1DWQ,Ali Yui Club｜Filipino Japanese couple ,70800.0,,,,,,,,,,,,,,,,,,,0.0010924723807934538
vgGYRK_AFMM,UCRe3yRMUuJkNeWLtO9kBGqg,Nurse Ruth Nook,8750.0,,,,,,,,,,,,,,,,,,,0.0004682024489114802
vgHfpMFRDnA,UCOnj7dA6j1iTFtudrackMag,8 Miles from Home,348000.0,0.11,0.0,0.0,0.0,1.93,2.53,0.35,0.62,2.3,0.0,0.31,0.0,0.26,0.31,2.24,0.12,0.44,0.0,0.00036415746026448456
vgPFgIilI9A,UCPAz3hWHiBC-c1x4K0-atsg,Waleska Herrera,1230000.0,0.34375,0.03375,0.11875,0.52625,0.30625,0.185,0.14875,0.15,0.2825,0.28625,0.2525,0.0,0.57125,0.155,0.07625,0.17125,0.2249999999999999,1.0,2.074314647076178e-05
vge15YEaLbk,UCsfUASBEZR8ABdma0ee8Zbg,Jay Cee Max,49700.0,1.035,0.205,0.5800000000000001,0.0,0.78,0.935,0.165,0.385,0.37,0.36,0.53,0.0,0.025,0.175,0.725,0.04,0.095,1.0,0.0005462361903967269
vjg1AXumXR4,UCd2GYeVAsuDE-qUdxtUEs8A,Learn Filipino with Papa Jedder,4780.0,,,,,,,,,,,,,,,,,,,0.0008193542855950903
vk7_uI-V_9I,UCPNBc7ZRwmgk1I6j_lenAfw,The Love Train Nation,23900.0,1.005,1.15,1.625,0.34,1.395,0.15,0.515,1.6800000000000002,2.33,1.685,0.5449999999999999,1.235,0.945,0.105,0.4599999999999999,1.245,0.915,0.0,0.00010924723807934537
vl0HKxs2Q6k,UC5wQUM_uqQ6bo6zxvEG6QJw,Proudly Nomadic,12000.0,0.51,0.155,1.415,0.4649999999999999,1.17,1.165,1.08,2.35,1.03,1.555,0.77,1.825,0.105,0.62,0.3,1.09,0.07,0.0,0.0002341012244557401
vlXUmXkTaCs,UC_hN8xs99S6jnMdYCuJgoJA,Pinoy Planet,97800.0,0.27,0.0,0.0,0.06,0.34,0.51,0.07,0.89,1.58,1.33,0.0,0.0,0.0,0.0,2.49,0.07,0.0,0.0,3.6015572993190784e-05
vloz79X9EeI,UCCqW89kkbLYRK912SLPsEmw,ANN FLORES,7610.0,,,,,,,,,,,,,,,,,,,0.0010924723807934538
vnwQEJmFtLo,UCryJ4vhASeu7uhXRPOL3WhA,What's up Philippines,311000.0,,,,,,,,,,,,,,,,,,,2.621933713904289e-05
voJl8cH8Zpo,UC5wQUM_uqQ6bo6zxvEG6QJw,Proudly Nomadic,12000.0,2.0,0.35,0.6200000000000001,0.14,0.69,0.63,0.6,0.885,0.545,1.45,0.215,0.485,1.175,0.27,0.635,0.05,0.26,1.0,0.0002341012244557401
volmZv1dva8,UCaLfMkkHhSA_LaCta0BzyhQ,Munchies,5320000.0,0.85,0.0,0.0,0.0,1.8,0.0,0.24,1.94,2.85,1.16,0.47,0.0,1.53,0.13,2.27,0.0,0.0,0.0,0.0004682024489114802
vpGYmk0kg1E,UCl4I_ztLWgW8ybm9M0n1pyg,Nic & Rei,14700.0,0.0,0.0,0.0,0.0,1.36,2.71,0.0,2.92,2.78,0.0,0.0,0.0,0.47,0.0,2.37,0.92,0.0,0.0,0.00010572313362517294
vrwkd3W1lD0,UC_hN8xs99S6jnMdYCuJgoJA,Pinoy Planet,97800.0,0.7949999999999999,0.15,1.23,0.085,0.235,0.63,0.25,1.225,0.0,0.0,0.91,2.25,0.035,0.025,0.0,0.14,0.17,1.0,3.6015572993190784e-05
vu9nh-A7VH4,UCryJ4vhASeu7uhXRPOL3WhA,What's up Philippines,311000.0,,,,,,,,,,,,,,,,,,,2.621933713904289e-05
vuQqCtkpOTc,UCVdvbdhaXo01c1G4mNp1RsQ,Be My Travel Muse,73800.0,2.21,1.52,0.0,0.58,0.48,0.14,0.0,0.63,1.17,0.91,0.71,1.9,0.03,0.0,0.0,0.98,0.46,2.0,0.0008193542855950903
vwIIeiOhTJ0,UCmLQqA5g62GIfQa9oME05wQ,Origins Explained,3870000.0,,,,,,,,,,,,,,,,,,,0.0016387085711901807
vwmwPlFX3e0,UCPAz3hWHiBC-c1x4K0-atsg,Waleska Herrera,1230000.0,0.584,0.0,0.21,0.6559999999999999,0.6859999999999999,0.302,0.168,1.654,1.144,0.966,0.112,0.098,0.404,0.316,0.8059999999999998,0.088,0.362,1.0,2.074314647076178e-05
vwwKin-TBRk,UCdPMSeAq-wRA3aINYBiO77g,It's Time To Relax,3160.0,0.7899999999999999,0.605,0.41,0.07,0.96,1.485,0.995,0.565,0.3,0.0,0.265,0.39,0.205,0.235,0.0,0.0,0.87,1.0,0.0016387085711901807
vxjo6RH7hz0,UCt9CPuWfS9HgRZmSYpGPFaw,SUCCESS Vlogs,53600.0,,,,,,,,,,,,,,,,,,,0.00027311809519836344
vyezxhPOZsg,UChoyPLPxhJ3SgSbdRQ0m4RQ,Top 10 World,525000.0,0.195,0.01,0.09,0.33,1.065,0.39,0.385,1.805,1.905,1.39,0.0,0.085,0.125,0.01,1.51,0.375,0.0,0.0,0.0010924723807934538
vynTh30p49k,UCobYD8WgP3GPOqgvXF2Yy1w,Adam and Jane's Lifestyle,75500.0,0.72,0.05,0.65,0.5,0.81,1.055,0.185,1.475,1.005,0.99,0.25,0.225,0.46,0.335,1.595,0.375,0.055,0.0,6.827952379959086e-05
vz6yb_rjCKk,UCQYkvXhPNaRxlu-jAI5_5Zg,LeRoc Living Our Life Philippines,1240.0,,,,,,,,,,,,,,,,,,,0.00010572313362517294
vzSmLYoOMc0,UClxWKvWC-xiJ9FlUkPn7xnw,Dinah Klein ,1480.0,1.3,0.0966666666666666,0.96,0.6,0.8666666666666667,0.5066666666666667,0.17,1.7466666666666668,0.9466666666666668,0.5566666666666666,0.58,0.7566666666666667,0.0,0.4599999999999999,0.3,0.0433333333333333,0.0,1.0,0.0008193542855950903
vzcfL9C9TEg,UCanKoEK_ypqAsjo9r3H6VhA,Miopogon,1020.0,,,,,,,,,,,,,,,,,,,0.0016387085711901807
w-uejeoxpLg,UC9DwgmJc-uKnxGavukOy_6w,Aaron Around,9540.0,2.41,1.72,0.0,1.95,0.0,0.0,0.0,0.79,0.54,1.22,0.56,0.0,1.61,0.0,0.89,0.29,0.0,2.0,0.00016387085711901808
w01-9uhP6qk,UC5LpvwSNZSWDSS1AHoK4NZg,Raff De Leon,3000.0,,,,,,,,,,,,,,,,,,,0.0008193542855950903
w0J2LGBV6-I,UCZ30twqmPtR7YYim3D3J7LQ,Мемоарите на една мечта,3530.0,0.68,0.0,0.825,0.935,0.6799999999999999,0.93,0.845,0.465,1.215,0.235,0.0,0.0,1.075,0.0,0.915,0.0,0.19,1.0,0.0005462361903967269
w3XLgvayYFs,UCLvnKTwSZEnCbTHNnqiivRQ,Dodo Explorers,188000.0,0.96,0.585,0.15,1.22,1.06,2.18,0.495,1.425,1.17,0.8500000000000001,0.42,0.0,0.26,0.31,1.475,0.905,0.0,0.0,0.00020483857139877258
w46Fslwmujo,UCXOKEdfOFxsHO_-Su3K8SHg,Strictly Dumpling,4300000.0,1.63,0.94,0.71,0.0,1.43,2.49,1.31,1.32,0.78,1.31,0.0,0.82,0.0,0.54,0.4,0.7,0.62,0.0,0.0006554834284760723
w4KFbZKTj28,UCryJ4vhASeu7uhXRPOL3WhA,What's up Philippines,311000.0,,,,,,,,,,,,,,,,,,,2.621933713904289e-05
w6iYMAgUpxA,UCKLlmM881k4QZN-iUAFIQfw,Susie in the Philippines,128000.0,,,,,,,,,,,,,,,,,,,0.00013109668569521446
w7W6NcwvFic,UCUI4T7riAxLPSV4htxMFLqw,Robyn Kimberly,135000.0,1.09,0.64,0.3,2.24,0.7,0.0,0.5,0.0,0.3,1.17,1.16,1.18,0.0,1.34,1.62,2.79,0.57,2.0,0.0008193542855950903
w8GdDhQDvsM,UCygn9pOnMw5St5Mva69z5nA,RegenerationNationTV,335000.0,0.7833333333333333,0.7933333333333333,0.0499999999999999,0.77,0.5133333333333333,0.8066666666666666,0.4133333333333333,0.34,0.6466666666666666,0.2566666666666666,0.2933333333333333,0.1266666666666666,0.5666666666666667,0.0,1.08,0.3966666666666666,0.0,1.0,0.0005462361903967269
w8b31St7GpM,UC7AB80x51RwhxZpJmIUQiZQ,SecretLifeofLauren,158000.0,,,,,,,,,,,,,,,,,,,0.0008193542855950903
wB-NrGhIW6s,UC_hN8xs99S6jnMdYCuJgoJA,Pinoy Planet,97800.0,0.325,0.0,0.7150000000000001,0.065,0.145,1.33,0.325,0.3,0.0,0.365,0.695,1.165,0.34,0.33,0.255,0.32,0.465,1.0,3.6015572993190784e-05
wDqIA8MYXYI,UCLvnKTwSZEnCbTHNnqiivRQ,Dodo Explorers,188000.0,0.29,0.0,0.3433333333333333,0.1566666666666666,1.5266666666666666,1.5433333333333332,0.5766666666666667,1.3433333333333335,1.4400000000000002,0.3766666666666667,0.45,0.21,0.0833333333333333,0.1066666666666666,1.3,0.8566666666666668,0.3466666666666667,0.0,0.00020483857139877258
wDtgH88TpmU,UCPNBc7ZRwmgk1I6j_lenAfw,The Love Train Nation,23900.0,,,,,,,,,,,,,,,,,,,0.00010924723807934537
wFX5hVPDxg0,UC7HxIb6bY4-ymtAOS_MGsOw,VI3ION,606000.0,0.53,0.7133333333333334,0.3799999999999999,1.4866666666666666,0.4266666666666666,0.43,0.3966666666666666,0.7433333333333333,0.2933333333333333,0.6666666666666666,1.37,1.0533333333333337,0.0633333333333333,0.15,1.25,0.8633333333333333,0.58,1.0,0.0001560674829704934
wGyBP1ec3Kc,UCFH-Qa1s6rQRTrQjFg8N84Q,BlueWorldTV,1230000.0,,,,,,,,,,,,,,,,,,,0.0010924723807934538
wHGYz9tbcEw,UCzqbfYjQmf9nLQPMxVgPhiA,emmymade,3100000.0,0.29,0.0,1.07,0.3,1.93,0.39,1.25,4.59,2.62,1.71,0.54,0.0,0.1,0.0,3.06,0.57,0.0,0.0,0.0004682024489114802
wJ-wYa4aBgQ,UCobYD8WgP3GPOqgvXF2Yy1w,Adam and Jane's Lifestyle,75500.0,0.835,0.0,0.015,0.8500000000000001,0.92,0.835,0.835,1.775,1.885,0.8700000000000001,0.175,0.0,0.17,0.0,1.115,0.0,0.0,0.0,6.827952379959086e-05
wJJIlf6NBpQ,UCqdBWKP4_8bU-Rsk2LvVz6Q,BecomingFilipino,1140000.0,,,,,,,,,,,,,,,,,,,0.0001560674829704934
wKlxcr-judM,UCLvnKTwSZEnCbTHNnqiivRQ,Dodo Explorers,188000.0,2.42,2.89,0.0,1.8,1.37,2.01,0.0,0.91,0.83,0.21,0.86,0.37,0.73,0.61,0.8,1.32,0.07,2.0,0.00020483857139877258
wMRE70ewaRc,UCcaIZBgmiYTJP9fpO_xjMTQ,Travel Escapes,246000.0,2.27,2.79,0.0,4.4,0.0,0.0,0.0,0.0,0.19,0.0,0.05,0.0,0.0,0.0,1.06,1.29,0.0,2.0,0.00032774171423803616
wMW_Uk9M5CY,UCswuss4ouZ293r024xXpiIg,THE SKWAD,38200.0,0.6675,0.3875,0.675,0.3725,0.4575,0.76,0.125,0.905,0.6775,0.0475,0.135,0.0,0.01,0.0,1.6375000000000002,1.1975,0.6024999999999999,1.0,0.0004682024489114802
wNoxFXUQqWc,UColnnUYyz7CWjhzpF1kASnw,NOW UNITED,7970000.0,0.44,0.0,0.26,1.955,0.0,0.2,0.475,0.335,0.175,0.0,0.0,0.0,0.0,0.0,0.24,0.485,0.0,1.0,0.00019278924366943303
wOI7I95Oxsg,UCRrUJKpFAGgA9WVjSWhgk2Q,KIM n LEE,95200.0,0.125,0.08,0.0,0.41,0.0,0.2,0.0,0.0,0.0,0.0,0.12,0.0,0.04,0.01,0.0,0.11,0.0,1.0,0.00011301438422001247
wQEX3zBZUiM,UCbbw0svE3owMHUQcsL0nnUA,Happiness Boms,9330.0,,,,,,,,,,,,,,,,,,,0.00040967714279754517
wQlPhqtjSVg,UC34uT3C8-_AyHTLnZxdzIuw,Ingrid in Bosnia,81700.0,0.83,0.0575,0.09,0.7625,0.1125,0.2199999999999999,0.13,0.4575,0.1125,0.2825,0.415,0.145,0.965,0.1025,0.3225,0.075,0.4524999999999999,1.0,0.0005462361903967269
wRTxSXwB6Og,UClC88Hwf0c115jFj-fhVj2A,Kano Harry,3930.0,,,,,,,,,,,,,,,,,,,0.00020483857139877258
wTJoFjIF5pY,UCxXBZJLc5qGH8xXqbviQ2hQ,Lost and Jetlagged,6390.0,1.19,0.3,0.13,1.6800000000000002,0.845,0.79,0.58,0.12,0.91,0.0,1.38,0.0,0.0,0.48,1.505,0.0,0.0,1.0,0.0008193542855950903
wU0G5wpORow,UCQYkvXhPNaRxlu-jAI5_5Zg,LeRoc Living Our Life Philippines,1240.0,,,,,,,,,,,,,,,,,,,0.00010572313362517294
wV_suE18nfA,UC-ZBaZ53_4a9DU0HM0T2hyg,Gourmet Stories,406.0,,,,,,,,,,,,,,,,,,,0.0010924723807934538
wVjM7B4wT1M,UC3ZnKcjVu7GszgdBe4uRZ3A,Dwaine Woolley,1390000.0,,,,,,,,,,,,,,,,,,,0.00040967714279754517
wVjiQIFbcE4,UC0EQSC9tQA40qM-x9bRj67A,Team CorGi,1660.0,,,,,,,,,,,,,,,,,,,0.0016387085711901807
wYK5yOptg9g,UCzjxQJtI4GqGaBwFagqv1AQ,Shev and Dev,560000.0,1.04,0.65,0.865,2.81,0.49,1.0499999999999998,0.22,0.205,0.9,0.385,0.48,0.0,0.5549999999999999,0.0,1.86,0.335,0.0,2.0,0.00036415746026448456
wYcB-0h-b68,UClC88Hwf0c115jFj-fhVj2A,Kano Harry,3930.0,,,,,,,,,,,,,,,,,,,0.00020483857139877258
wa9nSRu9bA0,UCArVi6FH57DfXJWn1Gc8iAQ,Pero Like,1310000.0,0.0,0.0,0.195,0.045,0.775,0.79,0.415,1.19,1.365,0.7949999999999999,0.11,0.0,0.24,0.0,1.14,0.56,0.0,0.0,0.0010924723807934538
wax0d3rTiJU,UC1SdRkIBGIUYfyDnnEL8J7g,Kinéaste | Sport & Performance,8360.0,,,,,,,,,,,,,,,,,,,0.0010924723807934538
wbA9Bk4Xy3A,UCvsb2dwX9pL-_QX8blpQ_Ag,Max & Sujy POL,48800.0,,,,,,,,,,,,,,,,,,,0.0005462361903967269
wfch_D1JahM,UCGSLwd21qtaUh3mF-5X8b4A,Olivia Ortiz,127000.0,,,,,,,,,,,,,,,,,,,0.0004682024489114802
whOVT9bgvg8,UCU03NklypYW1AAIoNE2Vh1g,Jeanelleats,1900000.0,,,,,,,,,,,,,,,,,,,0.0002341012244557401
whQvP6x2yMY,UC6snmG1j-s6zzSc5i_L1hoA,Moto Touro,12600.0,0.67,0.0,0.0,1.55,1.285,1.885,0.535,1.015,1.02,0.965,0.925,0.4649999999999999,0.475,0.21,0.93,0.205,0.0,1.0,0.0010924723807934538
wi2JR9vZvm4,UCuPeIORnvAlUqxqPNd4cu-Q,Jobstob,190.0,,,,,,,,,,,,,,,,,,,0.0010924723807934538
wiZfB517o3I,UC-lJp32tY1Yft-lQFBbIltQ,Goldilocks USA Official,1190.0,,,,,,,,,,,,,,,,,,,0.0016387085711901807
wira2nf3DFo,UC_hN8xs99S6jnMdYCuJgoJA,Pinoy Planet,97800.0,0.0,0.0,0.525,0.66,1.41,1.37,0.6950000000000001,1.62,1.0,1.565,0.975,0.885,0.135,0.415,0.415,1.045,0.0,0.0,3.6015572993190784e-05
wkBlLJhebX0,UCAqEoRfgMCtErK0qsL1cCtw,BuzzFeed UK,461000.0,2.555,1.83,0.08,2.7,0.0,0.425,0.065,0.175,0.26,0.0,0.29,0.79,0.175,0.0,0.075,0.0,0.585,2.0,0.00036415746026448456
wmCecoqwQXo,UCJIOEMm-cKo8uG82dUIfe1w,DR. ORFLI,12000.0,0.945,0.0,0.43,0.595,0.89,1.29,0.59,1.02,1.19,0.79,1.335,0.405,0.24,0.015,0.91,2.495,0.3,1.0,0.0008193542855950903
wmSnxN-zQsw,UCo57S0HBediNd47Ew5ezkzw,Craig in Asia,8840.0,1.98,3.0,0.0,4.02,0.0,0.0,0.0,0.0,0.0,0.0,1.08,0.58,0.0,0.0,0.0,0.0,0.0,2.0,0.0008193542855950903
wpnWOgl3MVc,UCLdHxodB8o1nAhJTstCoWlw,Kirby Araullo (Historian),115000.0,,,,,,,,,,,,,,,,,,,0.0010924723807934538
wtutMF2rOqA,UCikKSFqLjGXmw6Ky2GpuQhQ,The Kit Chronicles,1140.0,,,,,,,,,,,,,,,,,,,0.0010924723807934538
wv0dKyMn3HA,UCzqbfYjQmf9nLQPMxVgPhiA,emmymade,3100000.0,1.79,1.48,0.0,0.98,0.0,0.0,0.0,1.85,0.0,0.0,1.43,1.18,0.98,0.17,1.36,0.14,0.0,2.0,0.0004682024489114802
wvKDyTTMFUw,UC4ypznkS1QNOSTxLOScKG6A,Irene_Eneri,1850.0,,,,,,,,,,,,,,,,,,,0.0008193542855950903
wvo4y6_Hy34,UCuBgQMllxvxKLuABHZlV5KA,RELL 🕺🏽,446000.0,0.795,0.89,0.45,0.0,0.575,0.94,0.1,1.15,1.305,1.8,0.04,0.0,0.4,0.0,1.85,1.285,0.63,0.0,0.00036415746026448456
wwhHD6xa70I,UCPAz3hWHiBC-c1x4K0-atsg,Waleska Herrera,1230000.0,0.7754545454545455,0.2063636363636363,0.3563636363636364,0.7690909090909092,0.32,0.28,0.0863636363636363,0.5627272727272727,0.5572727272727273,0.1554545454545454,0.2881818181818181,0.0,0.3881818181818182,0.0699999999999999,0.3972727272727273,0.2463636363636363,0.3045454545454545,1.0,2.074314647076178e-05
wx3uGOoKJRc,UCPW4cwN1hlbzPjNLf2dEjPQ,Edgar S (Gary),328.0,,,,,,,,,,,,,,,,,,,0.0016387085711901807
wxGmR3RfBqw,UC4K-p09jBTGH-nvqj-UqELQ,Our Philippines' Adventures,5130.0,,,,,,,,,,,,,,,,,,,0.0006554834284760723
x4DXHbnG8Sw,UCam1q_TN5QauJdk07T0bteA,Samantha Lisa ,102000.0,1.93,1.37,1.6,1.47,0.0,0.305,0.0,0.35,0.0,0.6900000000000001,0.495,1.025,0.065,0.17,0.085,0.81,0.0,2.0,0.0004682024489114802
x5BPfHKtH_Q,UCZjRgv73affDRgUbiLJtBUg,Addie Reacts,18900.0,0.855,0.0,1.405,0.8200000000000001,0.525,0.595,0.11,1.11,0.635,1.1,0.485,1.06,1.975,0.0,0.54,0.165,0.645,1.0,0.0008193542855950903
x7djETYCzu0,UCHgKHbSc87ES-H_xLlh6j9A,Philippine Women,21300.0,0.3,0.45,0.0,0.25,0.03,0.0,0.0,0.0,1.32,1.31,0.0,0.0,0.15,0.07,0.35,0.19,0.0,1.0,0.0008193542855950903
x7m3Cr6bK3s,UCbbw0svE3owMHUQcsL0nnUA,Happiness Boms,9330.0,,,,,,,,,,,,,,,,,,,0.00040967714279754517
x94mHa0LeRs,UCPAz3hWHiBC-c1x4K0-atsg,Waleska Herrera,1230000.0,0.3685714285714286,0.0957142857142857,0.0385714285714285,0.4842857142857143,0.2357142857142857,0.8185714285714285,0.0971428571428571,0.2857142857142857,0.36,0.3785714285714285,0.2685714285714285,0.0,0.3057142857142857,0.0371428571428571,0.2585714285714285,0.2471428571428571,0.3128571428571428,1.0,2.074314647076178e-05
x9ONPpzEytw,UCPNBc7ZRwmgk1I6j_lenAfw,The Love Train Nation,23900.0,1.15,1.38,0.0,0.51,0.93,0.43,0.0,1.03,2.39,1.8,0.0,0.35,0.07,0.2,0.86,0.35,0.0,0.0,0.00010924723807934537
xAxBCaYbUPI,UC2dqBC-sMDS2d6RYlcihEmw,Almost Polyglot,757.0,,,,,,,,,,,,,,,,,,,0.0010924723807934538
xCc9yVq6Ag4,UCd2GYeVAsuDE-qUdxtUEs8A,Learn Filipino with Papa Jedder,4780.0,0.745,0.935,0.0,0.305,0.435,0.8,1.0,0.975,0.4,0.615,1.14,0.0,0.86,0.0,1.515,1.01,0.125,1.0,0.0008193542855950903
xDf1G8C5oF0,UCP_y6xg3u3hF3pskXosMQyQ,Canadian In Philippines,17000.0,,,,,,,,,,,,,,,,,,,0.0002341012244557401
xEC_W6DHRjk,UCYY2mNcq7pv6IRW92JIT6DA,The Juicy Vlog,583000.0,0.51,0.0,0.04,0.0,2.29,3.04,0.73,1.16,1.97,0.0,0.0,0.0,0.18,0.0,2.62,1.13,0.0,0.0,0.00014249639749479832
xEjMwF5MrVk,UCKMU-I4eYw-D9QF1YdUMUlw,Calvin Castiel,207000.0,,,,,,,,,,,,,,,,,,,0.0001489735064718346
xFsA-svlEUQ,UCEOV7DU1UfzH05r3KBq0OaQ,Jared Hartmann,118000.0,0.715,0.235,0.885,1.02,1.2,1.23,0.8150000000000001,1.415,1.435,0.605,0.755,1.015,1.0550000000000002,0.165,2.01,0.07,0.56,0.0,0.0005462361903967269
xHrqHulxK7c,UCKq4M7f4vMmJh3tn0lJ_chA,Scenic Fights,970000.0,1.42,0.76,0.95,0.34,0.325,0.125,0.35,1.11,0.535,0.86,0.41,0.67,0.215,0.105,0.505,1.505,0.0,1.0,0.0010924723807934538
xJqJLaox2Yw,UCWm__g4cPmX-umorqM8VfWw,Travel with Luke Damant,1620000.0,0.0,0.0,1.17,0.0,2.55,3.53,0.72,1.63,2.43,1.06,0.0,0.0,0.0,0.0,2.41,0.04,0.86,0.0,0.00027311809519836344
xKOsZCpCVm4,UCi9mzS8H-ez_30w5SCL2dmw,JREKML,1210000.0,1.2033333333333334,0.0,0.6766666666666666,0.3266666666666666,0.3433333333333333,1.846666666666667,0.7133333333333334,0.0833333333333333,0.0566666666666666,0.4166666666666667,0.3066666666666666,0.09,0.01,0.2633333333333333,0.0,0.2366666666666666,0.1866666666666666,1.0,6.827952379959086e-05
xLbvAdzxmhY,UCZemRLjTG7_Iz1O5mYOTv5w,Travelling Yearbook,7910.0,0.8300000000000001,0.0,0.0,0.835,0.44,0.675,0.0,0.515,1.13,1.02,0.3399999999999999,0.3,0.0,0.14,0.5,0.595,0.0,1.0,0.0008193542855950903
xN-bsk3LZ0I,UCSjiVW9NV-mcJJ1t6RbMh7A,Down Under Visa,2650.0,,,,,,,,,,,,,,,,,,,0.00014249639749479832
xNhBvveK9rM,UCFr0o7rHZ0oToelztCUkJZQ,THE KITO FAMILY,555000.0,1.5,0.995,0.43,2.395,0.0,0.455,0.09,1.085,0.14,0.0,1.175,0.585,0.49,0.0,0.88,0.0,0.3,2.0,0.0016387085711901807
xPS2OWccG1g,UCdBpCFv_RTOOBrImOlPT97g,RodVivKids Family Vlog Philippines 🇵🇭 ,9760.0,1.216,0.986,0.54,0.974,0.044,0.8,0.228,0.0,0.01,0.2259999999999999,0.884,0.23,0.518,0.316,0.122,0.724,1.208,1.0,0.0008193542855950903
xPvDiUGi9lU,UCpcVjkwSeZG6GJvLsIxK5Yw,Sol & Luna,88000.0,0.6980000000000001,0.214,0.1359999999999999,0.448,0.808,1.118,0.094,0.764,0.976,0.6679999999999999,0.178,0.186,0.428,0.072,0.926,0.304,0.2299999999999999,1.0,0.0002341012244557401
xSDlst1c67U,UC1p52v_lxWvchKZn-ToX86g,Glenn Javier,312.0,0.0,0.0,0.785,0.475,2.34,1.265,0.325,2.5,2.355,1.925,0.22,0.0,0.475,0.0,1.7,0.0,1.305,0.0,0.0016387085711901807
xSq5MtZjG3c,UCWjSwkIn2gGgETcZZYaO-6g,RETIRING IN PARADISE,17000.0,0.97,0.8166666666666668,0.0,0.7433333333333333,0.6466666666666666,0.16,0.0466666666666666,1.3333333333333333,0.7666666666666666,0.8366666666666666,0.1166666666666666,0.7266666666666667,0.1166666666666666,0.2866666666666667,0.2966666666666666,0.4633333333333334,0.0,1.0,8.62478195363253e-05
xTZblAWYS4s,UCpsivHVNaBnIAPhkLBZcWQg,Zane Travel,129000.0,1.49,1.74,0.0,3.0,1.08,0.6,0.84,0.3,0.44,1.31,0.38,0.71,0.0,0.49,0.27,0.51,0.0,2.0,0.0005462361903967269
xUPYc411duE,UCPAz3hWHiBC-c1x4K0-atsg,Waleska Herrera,1230000.0,0.7866666666666666,0.115,0.1741666666666666,0.6866666666666666,0.2166666666666666,0.3891666666666666,0.1808333333333333,0.49,0.2466666666666666,0.1191666666666666,0.4116666666666667,0.1758333333333333,0.2375,0.0491666666666666,0.3274999999999999,1.0525,0.1425,1.0,2.074314647076178e-05
xW4FXlf7JlQ,UCJXfUnmNgN9KLJMAkPa7jHw,Cav and Nicole,9490.0,0.3866666666666667,0.0,0.0766666666666666,0.8599999999999999,0.7033333333333333,1.42,0.0366666666666666,0.41,1.2833333333333332,0.3466666666666667,0.3566666666666667,1.1966666666666668,0.2266666666666666,0.1966666666666666,0.7966666666666667,0.0,0.32,1.0,0.0010924723807934538
xXuErZaTcbc,UC7fga_Kycp9z6pg5Yhx7R-w,Bisayang Hilaw,1050000.0,,,,,,,,,,,,,,,,,,,0.0004682024489114802
xY6FZioxlgw,UCgFP46yVT-GG4o1TgXn-04Q,China Uncensored,2130000.0,0.76,0.13,0.26,0.0,1.4,1.56,1.49,1.71,0.0,0.5,0.88,0.0,0.0,0.0,0.65,0.26,0.15,1.0,0.0004682024489114802
xYmlSjp22wo,UCp0hYYBW6IMayGgR-WeoCvQ,TheEllenShow,38200000.0,0.5733333333333334,0.0,0.73,1.75,0.3,1.8266666666666669,0.0,0.3766666666666666,0.0766666666666666,0.2266666666666666,0.7566666666666667,1.0733333333333337,0.4333333333333333,0.0,0.3733333333333333,1.43,0.0,1.0,0.0008193542855950903
xZBccbBIV7U,UCumDKkURYIw_dKqtn9hN-Ew,Alina Mcleod,344000.0,1.77,1.78,0.0,1.8,0.0,0.0,0.0,0.0,0.0,0.0,0.94,0.0,0.7,0.0,0.0,0.0,0.0,2.0,0.0005462361903967269
xayG_VtzUIE,UC3PVtkwtqwCD4LEPguBEADA,Mia Sandoval,395000.0,1.38,0.56,0.0,0.82,0.9,0.0,1.01,1.505,1.115,0.68,0.405,0.61,0.305,0.0,0.965,0.38,0.0,1.0,0.00011705061222787004
xbyWkrMkSC8,UCLPLXSPgySkBypwpi6BrMwg,Jessica Lee,1680000.0,,,,,,,,,,,,,,,,,,,0.0002521090109523355
xd-4sPjzFfI,UCgvTNqLFbMS8Wp73r00fGLA,ItsNomadTrinidad,3670.0,1.93,0.0,0.0,0.0,1.61,1.44,0.26,1.94,2.44,0.99,0.0,1.02,1.06,0.0,1.07,0.0,0.0,0.0,0.0004682024489114802
xdD7iQ6sEK4,UCU03NklypYW1AAIoNE2Vh1g,Jeanelleats,1900000.0,,,,,,,,,,,,,,,,,,,0.0002341012244557401
xedLjMIRRRE,UCzjxQJtI4GqGaBwFagqv1AQ,Shev and Dev,560000.0,,,,,,,,,,,,,,,,,,,0.00036415746026448456
xfH6KnFaCK4,UCVv-y0k91qAA-uI_K46UBvg,Dabble and Travel,583000.0,,,,,,,,,,,,,,,,,,,0.00013109668569521446
xfV7AeFg90A,UCOnj7dA6j1iTFtudrackMag,8 Miles from Home,348000.0,0.82,0.0,0.0,0.0,0.0,0.0,0.0,0.7,0.02,0.1,1.14,0.73,0.0,0.0,0.1,1.93,0.63,1.0,0.00036415746026448456
xfnxjGiz2Uo,UCPAz3hWHiBC-c1x4K0-atsg,Waleska Herrera,1230000.0,0.2233333333333333,0.1,0.3566666666666667,0.7711111111111111,0.7755555555555556,0.8333333333333334,0.4299999999999999,0.6022222222222222,0.8,0.6033333333333334,0.1788888888888888,0.2488888888888889,0.2722222222222222,0.1444444444444444,0.5788888888888889,0.4244444444444444,0.1222222222222222,1.0,2.074314647076178e-05
xg98i7oWINE,UCvZYC01eWj-ftzwRIWhPS_w,Off to Bliss,468.0,0.4599999999999999,0.0,0.1666666666666666,1.3433333333333335,0.1066666666666666,0.25,0.1133333333333333,0.2166666666666666,0.0,0.01,0.4666666666666666,0.3633333333333333,0.7999999999999999,0.16,0.0,0.51,0.13,1.0,0.0006554834284760723
xgOjm4cqXoQ,UCt9BTGSxATM6axwfTY4KnEg,A Foreigner in the Philippines,265000.0,,,,,,,,,,,,,,,,,,,5.462361903967269e-05
xiMoenxcnbU,UCerpBymeYRegYP3LSuhesGw,Ali and Lyn Diaries,44000.0,0.455,1.0950000000000002,0.0,1.455,0.0,0.0,0.0,0.0,0.0,0.0,0.16,0.0,0.005,0.0,0.24,0.495,0.0,1.0,0.0016387085711901807
xid2dKmJKbU,UCQbOiQeIttbMhL2_PkA09_Q,Ponte Travels,120000.0,0.74,0.0,0.21,0.0,0.92,1.07,0.0,1.43,0.48,2.44,1.04,1.13,0.0,0.84,0.21,0.0,0.0,1.0,0.0016387085711901807
xkNjdS5myEk,UC_hN8xs99S6jnMdYCuJgoJA,Pinoy Planet,97800.0,,,,,,,,,,,,,,,,,,,3.6015572993190784e-05
xkO1xSutXmE,UCIf4OAWnvOnJwoGrOuFu3xg,Eoin and Aisling,52700.0,0.93,0.645,0.0,0.39,0.725,0.715,0.435,0.875,0.645,0.375,0.11,0.295,0.185,0.44,0.015,0.02,0.0,1.0,0.0010924723807934538
xmJ8TmUtpdg,UC6VT3Fhk2z3-4leoCoZpyPQ,Reação Imediata,169000.0,1.36,0.4133333333333333,0.0,1.94,0.0,0.2533333333333333,0.1466666666666666,0.2766666666666666,0.4033333333333333,0.0,0.3966666666666666,0.0,0.0,0.17,0.5,0.0,0.0,1.0,0.00021849447615869075
xon9s2T0Xxc,UC1PwIaB8KklVK5iZqbtZErA,Flying Kell,205000.0,0.2766666666666666,0.0,0.3266666666666666,0.48,2.223333333333333,1.5666666666666669,0.53,1.6233333333333333,2.2466666666666666,0.9933333333333332,0.0,0.0,0.2366666666666666,0.0,1.5166666666666668,0.5166666666666667,0.1766666666666666,0.0,0.0002521090109523355
xq6cedD4-eo,UCLNoXf8gq6vhwsrYp-l0J-Q,Xiaomanyc 小马在纽约,6770000.0,0.7799999999999999,0.0,0.5599999999999999,0.9533333333333336,1.0433333333333332,0.94,0.01,1.1166666666666667,0.52,0.09,0.1833333333333333,0.0633333333333333,0.3966666666666666,0.0666666666666666,0.8133333333333334,0.06,0.6866666666666666,1.0,0.00021849447615869075
xrKtvEh2wO8,UCi9mzS8H-ez_30w5SCL2dmw,JREKML,1210000.0,0.415,0.135,0.3899999999999999,0.2799999999999999,0.31,0.02,0.055,0.15,0.065,0.735,0.42,0.0,0.0,0.065,0.1,0.785,0.295,1.0,6.827952379959086e-05
xryGmTIdfs0,UCGXsS5BC_0EB7Qjx_jsEyWQ,Filipino British Couple,28900.0,0.3249999999999999,0.0,0.0,0.175,1.21,2.33,0.195,1.295,0.91,0.65,0.84,0.045,0.675,0.155,0.31,0.0,0.14,1.0,0.0010924723807934538
xuW78dDvdW0,UC3ZnKcjVu7GszgdBe4uRZ3A,Dwaine Woolley,1390000.0,,,,,,,,,,,,,,,,,,,0.00040967714279754517
xw-fQEQx8ls,UC2xFAIV5shzGSzX-F2J_1QA,Korean Filipino Jobs,1790.0,,,,,,,,,,,,,,,,,,,0.0010924723807934538
xyZH8XQqjEk,UCf3X_a7dNwSerXn74Kh88LA,Noname,4500.0,,,,,,,,,,,,,,,,,,,0.0008193542855950903
xyzndr2MA0w,UCFjh6CdEwrQrKf4o9QUnoEA,ONE FILIPINO TV,145000.0,0.31,0.0,0.3233333333333333,0.4433333333333333,0.4033333333333333,0.7133333333333334,0.0,0.24,0.97,0.7233333333333333,0.2,0.01,0.4733333333333333,0.0,0.4766666666666666,0.49,0.21,1.0,0.00036415746026448456
y-cb3qVBDb8,UC3PVtkwtqwCD4LEPguBEADA,Mia Sandoval,395000.0,0.565,0.645,0.0,0.025,1.555,1.91,0.58,2.26,1.6700000000000002,1.465,0.0,0.0,0.18,0.0,3.075,1.29,0.0,0.0,0.00011705061222787004
y0ArM7kMPnA,UCoWQLZoPwn3mJ-oiPrwDpbA,Living abroad,163000.0,,,,,,,,,,,,,,,,,,,6.554834284760723e-05
y0gG7Tc-wHw,UC_hN8xs99S6jnMdYCuJgoJA,Pinoy Planet,97800.0,1.33,2.39,0.0,0.75,2.14,2.51,0.46,1.84,3.29,1.74,0.0,0.0,0.53,0.0,4.49,0.61,0.29,0.0,3.6015572993190784e-05
y0i2HU4C3R0,UCkwFvFQ5eIoqsTU7ixK_fqg,Oppa OJay,2920.0,0.36,0.0,0.2633333333333333,0.79,1.0366666666666666,1.1166666666666667,0.7366666666666667,0.7633333333333333,0.8166666666666668,0.4633333333333334,0.61,0.61,0.3566666666666667,0.1833333333333333,0.52,0.0,0.3566666666666667,1.0,0.0010924723807934538
y12Ms-DaXv8,UCoWQLZoPwn3mJ-oiPrwDpbA,Living abroad,163000.0,,,,,,,,,,,,,,,,,,,6.554834284760723e-05
y3-6ivWqqr0,UCi6FGUxJ0qELkA5Cpj8YpUQ,Adam & Yaz,69300.0,1.995,1.56,0.46,1.35,0.0,0.0,0.075,0.065,0.01,0.0,1.135,1.05,0.96,0.325,0.115,0.565,0.38,2.0,0.0010924723807934538
y3EZ-yeGqyk,UCIKW6h0Ea7kSTyBgHxfBXkQ,Welcome Abroad,3570.0,,,,,,,,,,,,,,,,,,,0.0016387085711901807
y3UA461qou4,UCgWIx5mUx0gMNgrnEoFpzNQ,Pinay Married to Taiwanese,1890.0,,,,,,,,,,,,,,,,,,,0.0016387085711901807
y49Gx6k4TjY,UCryJ4vhASeu7uhXRPOL3WhA,What's up Philippines,311000.0,,,,,,,,,,,,,,,,,,,2.621933713904289e-05
y6uJTEA_I6M,UCHHsLgcp82jsTUdULULDjbA,GoTime Travels,100000.0,2.66,0.7,0.07,0.53,0.0,0.0,0.0,0.0,0.07,0.2,0.3,0.1,0.14,0.78,0.12,0.48,0.0,1.0,0.0004682024489114802
y6yrAADHdog,UC9sKVZ0Y9blsS1OXFpJOrTA,Travelling Sticks,2670.0,0.388,0.0,1.12,0.332,2.384,1.754,0.6779999999999999,1.528,2.18,0.776,0.134,0.1379999999999999,0.3099999999999999,0.062,0.784,0.0,0.112,0.0,0.0008193542855950903
y7DQc6s7LwA,UC94bSvWltDS6I0U_u7mn8VQ,Two Broskis,24800.0,1.13,0.52,0.0,1.67,1.84,0.3,0.0,1.855,2.76,1.45,0.0,0.0,0.355,0.355,3.19,0.32,1.005,0.0,0.00036415746026448456
y7ECCYITe9U,UC1SdRkIBGIUYfyDnnEL8J7g,Kinéaste | Sport & Performance,8360.0,0.5549999999999999,0.23,0.0,0.515,0.84,0.965,0.475,1.4049999999999998,2.1100000000000003,0.83,0.055,0.0,0.0,0.0,1.76,0.4549999999999999,0.14,0.0,0.0010924723807934538
y7fYG7n55p4,UCo2v8V-zLSiYZ908UyVSLBA,Frakking Creations,24000.0,,,,,,,,,,,,,,,,,,,0.0016387085711901807
y8txqt2exjQ,UCbPHHOiOY_tA9BSytK0jDYw,Beryl Shereshewsky,859000.0,1.31,0.6,0.0,3.14,0.47,0.89,0.0,0.77,0.91,1.22,0.83,1.27,0.01,0.3,0.0,0.21,0.0,2.0,0.00019278924366943303
y9ApSkrvLKg,UCzjxQJtI4GqGaBwFagqv1AQ,Shev and Dev,560000.0,0.4266666666666667,0.1966666666666666,0.0,0.9266666666666666,1.2300000000000002,2.01,0.4433333333333333,1.096666666666667,1.5266666666666666,1.1333333333333333,0.2433333333333333,0.0,0.3666666666666666,0.03,2.3233333333333333,1.0933333333333333,0.0,0.0,0.00036415746026448456
y9iCFcSaD58,UCM_LbQqMyM08jynil9vYEGg,Travel Interesante - Gökçe & Steve,17700.0,0.0,0.0,0.9,0.005,1.655,1.17,1.125,1.725,1.155,1.045,0.475,0.0,0.64,0.0,2.08,1.13,0.31,0.0,0.0004682024489114802
y9xOKcZD0xE,UCJw43wYwH04f7Y2Z-OulIrg,Навстречу Солнцу,27000.0,,,,,,,,,,,,,,,,,,,0.0016387085711901807
yBPYd8MUBqA,UCWjSwkIn2gGgETcZZYaO-6g,RETIRING IN PARADISE,17000.0,2.29,0.22,0.62,1.55,1.16,2.66,0.0,1.12,1.04,0.0,1.28,0.25,0.76,0.0,0.0,0.0,0.04,1.0,8.62478195363253e-05
yBeRdhX1FMk,UCwhk0Isq9crz6MeRDbtlFdg,Not Tristan,1080.0,0.28,0.01,0.0783333333333333,0.2583333333333333,0.6433333333333334,1.4,0.6333333333333333,0.3883333333333333,1.415,0.8883333333333333,0.2816666666666667,0.405,0.4433333333333333,0.0,0.7600000000000001,0.3849999999999999,0.2733333333333334,1.0,0.0010924723807934538
yDhPeWxwDmU,UCqdBWKP4_8bU-Rsk2LvVz6Q,BecomingFilipino,1140000.0,,,,,,,,,,,,,,,,,,,0.0001560674829704934
yGULu6ml0mg,UCuNTNj4oeNhdwA-nJYp-OIw,Borderless Asia,55400.0,0.13,0.5,0.0,0.14,1.8,2.15,0.54,1.58,2.53,1.06,0.0,0.0,0.0,0.0,2.02,0.0,0.01,0.0,0.0010924723807934538
yIw_cMjgYGM,UCPAz3hWHiBC-c1x4K0-atsg,Waleska Herrera,1230000.0,,,,,,,,,,,,,,,,,,,2.074314647076178e-05
yJvHgcgUd2c,UCVBn2I55zk8ToyfbK-4l0EQ,Island Media Asia,18100.0,,,,,,,,,,,,,,,,,,,0.0010924723807934538
yLK-4bcZVtQ,UCqCI4i-mZ4Cu6Kr8emMaf1A,RYU JAPAN,134000.0,1.3233333333333333,0.0,0.5866666666666667,1.15,0.43,2.106666666666667,0.0666666666666666,0.4866666666666666,0.2433333333333333,0.4266666666666667,0.4066666666666667,0.2633333333333333,0.01,1.3166666666666669,0.4766666666666666,0.6233333333333334,0.3433333333333333,1.0,0.00027311809519836344
yOw0sYXvbIc,UCRzPUBhXUZHclB7B5bURFXw,Eater,3860000.0,0.0,0.0,0.0,0.0,1.88,2.4,0.4,2.12,2.61,0.96,0.44,0.0,0.74,0.06,2.52,1.29,0.0,0.0,0.00021849447615869075
yPUCs7KoFXQ,UC6FiTw12ADzV65hvyRYntsw,morita koki,960.0,,,,,,,,,,,,,,,,,,,0.0016387085711901807
yQX0pb0wbiI,UCl4I_ztLWgW8ybm9M0n1pyg,Nic & Rei,14700.0,0.97,0.78,0.0,0.0,1.08,1.59,0.0,0.9,1.96,1.01,0.0,0.24,0.0,0.21,0.25,0.04,0.65,0.0,0.00010572313362517294
yR6a9-ufsZc,UCvU278VonkFgEvpKqRuZs1Q,nazfromqueens,2700.0,,,,,,,,,,,,,,,,,,,0.00040967714279754517
yRD2VSyC9n4,UCrrc2wG-F1mPuah_Lb7FJvg,켈리벨스Kellybells,3400.0,0.0,0.0,0.0,0.0,1.37,1.79,0.97,0.69,2.56,0.26,0.39,0.0,0.29,0.0,2.66,0.0,0.17,0.0,0.00040967714279754517
yT-AvSw1sfQ,UCwmjQLxUeYS2qxpNH8cF0Rw,BossD3nnis,15000.0,,,,,,,,,,,,,,,,,,,0.0002521090109523355
yTodbkvVU9Q,UCgV_i-XHrdvcOOeb613cXcw,Fabian J,45700.0,,,,,,,,,,,,,,,,,,,0.0016387085711901807
yUfIdxgnUnM,UCPAz3hWHiBC-c1x4K0-atsg,Waleska Herrera,1230000.0,0.2988888888888888,0.1877777777777777,0.3344444444444445,0.7611111111111111,0.2111111111111111,0.0222222222222222,0.19,0.4666666666666667,0.4911111111111111,0.3933333333333333,0.63,0.1244444444444444,0.2444444444444444,0.0655555555555555,0.7255555555555556,0.3555555555555555,0.3311111111111111,1.0,2.074314647076178e-05
yVhLRI8p7dU,UCGXsS5BC_0EB7Qjx_jsEyWQ,Filipino British Couple,28900.0,,,,,,,,,,,,,,,,,,,0.0010924723807934538
yWSK0yj7hw4,UCFvQ_bDaalb-1ZyCb48LCpA,Chasing Kimberly,16500.0,2.33,3.17,0.02,3.15,0.51,0.0,0.29,1.3,1.68,2.05,0.13,0.09,0.0,0.0,1.21,1.18,0.0,2.0,0.00040967714279754517
yWWj-45afQ8,UCpL_tis0ertYh2DSOiCm51g,World Nomac,751000.0,0.07,0.0,0.0,0.025,1.825,0.88,0.22,2.04,2.245,0.655,0.14,0.0,0.0,0.0,1.95,0.82,0.0,0.0,0.00020483857139877258
yWzNzZ1GGXQ,UCt9BTGSxATM6axwfTY4KnEg,A Foreigner in the Philippines,265000.0,,,,,,,,,,,,,,,,,,,5.462361903967269e-05
yY2sPSkzK4k,UC25HBOBYfc-scqCQcyYKVNw,Lifey,248000.0,0.32,0.2833333333333333,0.2266666666666666,1.4466666666666663,1.6133333333333333,0.7566666666666667,0.7333333333333333,1.9666666666666663,2.29,1.14,0.4033333333333333,0.0,0.6633333333333333,0.0,2.8966666666666665,0.7566666666666667,0.0,0.0,0.00040967714279754517
y_l2ueSJ55c,UCQvZnhzOeb5FSGU--TZqt0Q,Fil-American Made,17100.0,,,,,,,,,,,,,,,,,,,0.0008193542855950903
yaTecmbw82Q,UC9DwgmJc-uKnxGavukOy_6w,Aaron Around,9540.0,0.255,0.0,0.0,0.0,0.36,0.405,0.37,1.795,0.915,1.51,0.0,0.0,0.22,0.0,0.0,0.635,0.56,1.0,0.00016387085711901808
ydk4GIjo4cU,UC_hN8xs99S6jnMdYCuJgoJA,Pinoy Planet,97800.0,0.0,0.0,1.295,0.23,0.88,1.46,0.4,0.905,0.75,0.35,0.0,0.0,0.63,0.155,0.9,1.47,0.27,1.0,3.6015572993190784e-05
ye9AqyZ9B84,UC8lVqk3EQ1wiUeyOMD24N7g,otakoyakisoba,776000.0,0.0,0.0,0.0,0.0,2.02,2.62,0.29,1.64,1.03,0.37,0.46,0.0,1.5,0.0,2.55,0.29,0.0,0.0,0.00036415746026448456
yeBSDsvG6rg,UCiNCvGzwadWCZIzTUjoApRQ,Daniel Marsh,466000.0,,,,,,,,,,,,,,,,,,,0.00040967714279754517
yh0JGWznqmM,UCpT17zbToGANwa8hcwYeG_w,Rafa & Aikah,11300.0,,,,,,,,,,,,,,,,,,,0.0010924723807934538
yipgsW7zfbE,UCryJ4vhASeu7uhXRPOL3WhA,What's up Philippines,311000.0,,,,,,,,,,,,,,,,,,,2.621933713904289e-05
yjIldaM4C48,UCobYD8WgP3GPOqgvXF2Yy1w,Adam and Jane's Lifestyle,75500.0,1.275,0.0,0.32,0.23,1.625,2.195,0.4,1.79,1.54,0.625,0.91,0.68,0.135,0.17,1.6549999999999998,0.3,0.15,0.0,6.827952379959086e-05
ylwiOLab5AA,UC510QYlOlKNyhy_zdQxnGYw,Simple History,5030000.0,,,,,,,,,,,,,,,,,,,0.0010924723807934538
yofJizucK4E,UCzfEqx1_-zs2xUUzI3jVRSg,FinnSnow,541000.0,,,,,,,,,,,,,,,,,,,0.00016387085711901808
ypeYMJuMoSM,UCtOXruSampZT4DrPsnuz7AA,Chris Urbano,59800.0,,,,,,,,,,,,,,,,,,,0.0008193542855950903
ysLKE6PrK8k,UCl4I_ztLWgW8ybm9M0n1pyg,Nic & Rei,14700.0,0.81,0.46,0.0,0.0,1.17,1.31,0.0,1.26,2.02,1.07,0.0,0.08,0.0,0.08,0.15,0.0,0.57,0.0,0.00010572313362517294
ytqjKNY9kzY,UCeT1qAcQxLP6cEfbMe85QCQ,Yoshi the Japanese Guy,165000.0,0.685,0.375,0.0,1.195,0.145,1.13,0.29,0.945,1.01,0.25,1.09,0.76,0.0,2.275,0.82,0.33,0.0,1.0,0.0001489735064718346
ytwrgKdB6Oc,UCzx36kqBqXsl6kSEkpQbwCw,Simple Street Interview,9230.0,,,,,,,,,,,,,,,,,,,0.0005462361903967269
yu0ln-ehXOw,UCfxp-s6Tcsd6fPjnY0NjJJw,Dian Feb,72500.0,1.03,0.9,0.335,0.145,0.74,0.84,0.0,0.575,0.67,0.185,0.095,0.0,0.02,0.07,1.44,0.215,0.26,1.0,0.0008193542855950903
yv8Bi2xcSK4,UCPGDvVGtdbkJgnWmSXLXI1A,Twins SF,19600.0,0.345,0.0625,0.0,0.6625,0.195,0.2475,0.0,0.15,0.5225,0.27,0.305,0.0,0.285,0.045,0.67,0.0424999999999999,0.15,1.0,0.0008193542855950903
yvURXdc9xlE,UCtOXruSampZT4DrPsnuz7AA,Chris Urbano,59800.0,,,,,,,,,,,,,,,,,,,0.0008193542855950903
yvX6GqOU9OI,UCHza0GAxOvBOeLKkMeL8EcQ,Ken Abroad,510000.0,0.49,0.0,0.04,0.525,1.88,1.855,0.0,1.585,2.805,0.9,0.0,0.0,0.925,0.215,1.685,0.0,0.655,0.0,0.00012138582008816153
yv_SeX8Q7hA,UCryJ4vhASeu7uhXRPOL3WhA,What's up Philippines,311000.0,,,,,,,,,,,,,,,,,,,2.621933713904289e-05
ywHn0gQQGgg,UCXisjO3r0KC_Vh-PWwPTbBA,MontWRLD,114000.0,0.84,0.0,1.78,0.57,1.15,1.36,1.27,1.19,0.0,0.0,0.0,2.2,0.0,0.85,0.0,0.0,0.13,1.0,0.0006554834284760723
yxiy_9Cxd94,UCTrAdQJ_Uyg5mbottTCZVPQ,Ciaran Daragh ,8430.0,,,,,,,,,,,,,,,,,,,0.0010924723807934538
yxwM2RwbT0s,UCgSzb_oBUzvdJhCwiepju-Q,Cleta D,1970.0,0.79,0.0,0.0,1.8,0.68,0.0,0.0,0.12,1.26,0.19,0.0,0.0,0.38,0.0,1.99,0.19,0.0,1.0,0.0016387085711901807
yy4-v6lxAIE,UC1712XEXMIRQW1-spPVK0Ng,Travis Kraft,597000.0,,,,,,,,,,,,,,,,,,,0.0002979470129436692
yzfknC8_wr0,UCKLlmM881k4QZN-iUAFIQfw,Susie in the Philippines,128000.0,,,,,,,,,,,,,,,,,,,0.00013109668569521446
z-Cv6PQfaF0,UCQYkvXhPNaRxlu-jAI5_5Zg,LeRoc Living Our Life Philippines,1240.0,,,,,,,,,,,,,,,,,,,0.00010572313362517294
z-HStsCLZ9g,UCbPHHOiOY_tA9BSytK0jDYw,Beryl Shereshewsky,859000.0,2.18,1.96,0.0,2.98,0.0,0.0,0.0,0.0,0.0,0.0,0.22,0.0,0.0,0.0,0.0,0.0,0.0,2.0,0.00019278924366943303
z-jA5xiynNE,UC_vFLohxs5PkAxlk7Y6jEtw,ABC 7 Chicago,1140000.0,,,,,,,,,,,,,,,,,,,0.0016387085711901807
z-t9cXwncQg,UCoWQLZoPwn3mJ-oiPrwDpbA,Living abroad,163000.0,,,,,,,,,,,,,,,,,,,6.554834284760723e-05
z0hJW69kD4k,UC4K-p09jBTGH-nvqj-UqELQ,Our Philippines' Adventures,5130.0,,,,,,,,,,,,,,,,,,,0.0006554834284760723
z3xTNxYE5S8,UCiNCvGzwadWCZIzTUjoApRQ,Daniel Marsh,466000.0,,,,,,,,,,,,,,,,,,,0.00040967714279754517
z6hB2QM4xNo,UCVv-y0k91qAA-uI_K46UBvg,Dabble and Travel,583000.0,,,,,,,,,,,,,,,,,,,0.00013109668569521446
z71dKXpOaOs,UCFvQ_bDaalb-1ZyCb48LCpA,Chasing Kimberly,16500.0,0.0,0.31,0.15,3.16,0.45,0.0,0.0,0.0,0.0,0.47,0.16,0.0,0.0,0.0,0.0,0.15,0.0,1.0,0.00040967714279754517
z79phJOsx8k,UCoWQLZoPwn3mJ-oiPrwDpbA,Living abroad,163000.0,,,,,,,,,,,,,,,,,,,6.554834284760723e-05
z8A61wzZV20,UCvnH8hXGvQxe3uafTUMb2xg,Davion West,16300.0,1.7,0.56,0.0,1.19,0.91,0.0,0.03,0.52,0.72,0.91,1.62,1.46,0.59,0.0,0.0,0.0,0.0,1.0,0.0010924723807934538
z8ZbTzb7xmA,UCNgtF8NaZ0laTkpymKd5cCA,VST Edits 369,3550.0,,,,,,,,,,,,,,,,,,,0.0016387085711901807
z91GDl8-CgM,UC0sEIyXXalzD1lbwm3D2xpA,RuPaul's Drag Race,1510000.0,0.0,0.0,0.0,1.46,0.0,0.0,0.0,0.96,0.28,0.0,0.53,0.0,0.0,0.0,1.7,0.0,0.0,1.0,0.0010924723807934538
z9f12-_t544,UCPAz3hWHiBC-c1x4K0-atsg,Waleska Herrera,1230000.0,0.4442857142857143,0.0028571428571428,0.2242857142857142,0.2285714285714286,1.3414285714285714,1.7414285714285715,0.8785714285714287,0.8571428571428571,0.9485714285714284,0.8371428571428572,1.06,0.2342857142857142,0.3528571428571428,0.54,0.8857142857142858,0.6671428571428571,0.3671428571428571,1.0,2.074314647076178e-05
zCgmAjnTu1o,UCLNoXf8gq6vhwsrYp-l0J-Q,Xiaomanyc 小马在纽约,6770000.0,1.2675,0.5725,0.2075,0.9725,1.2125,0.9175,0.15,0.9,1.4125,1.19,0.165,0.1225,0.73,0.1125,1.5275,0.3849999999999999,0.27,0.0,0.00021849447615869075
zEEH4Q0D4LE,UCmKNW9ontOlTd_p4Dg51sRQ,Jon Barr,587000.0,0.545,0.0,0.91,0.63,0.035,1.79,0.405,0.57,0.425,0.675,1.07,1.225,0.7250000000000001,0.255,0.0,0.615,0.01,1.0,0.0008193542855950903
zEKxj6RnLjc,UCoWQLZoPwn3mJ-oiPrwDpbA,Living abroad,163000.0,,,,,,,,,,,,,,,,,,,6.554834284760723e-05
zELwsGI67oQ,UCaxaaz3CaYc8TN7crt_LvpA,Alpha F,17200.0,,,,,,,,,,,,,,,,,,,0.0010924723807934538
zFhymOPz2lI,UCQYkvXhPNaRxlu-jAI5_5Zg,LeRoc Living Our Life Philippines,1240.0,,,,,,,,,,,,,,,,,,,0.00010572313362517294
zHG8KJhnkNA,UCTfHKQ9fbUEiStUAQEax7dw,,,,,,,,,,,,,,,,,,,,,
zHlIB6ypY3A,UC9uSazh46l6kAkTADDEjKBA,Aileen’s JOURNAL,2640.0,1.83,0.66,1.03,0.0,0.93,1.21,0.38,0.77,0.18,0.09,0.0,0.0,0.21,0.0,0.51,0.0,0.0,1.0,0.0010924723807934538
zJaj2kaCd74,UCW66Ck8Lc8M39UHY3TaKf4A,Dan and Lyn,16300.0,0.195,0.25,0.735,0.0,1.815,1.865,0.195,1.2049999999999998,2.335,1.51,0.17,0.37,0.0,0.28,0.91,0.0,0.51,0.0,0.0004682024489114802
zKEeeOArHc0,UCrOmnHUEWYsGia51g9QNG7g,Japanese Shu channel,5550.0,,,,,,,,,,,,,,,,,,,0.0006554834284760723
zNdxSfHDt6g,UCI5uXzQE77KZ8FLjy76U7Lw,Pinkmud,1260.0,,,,,,,,,,,,,,,,,,,0.0016387085711901807
zNxi-9LlS6g,UC_hN8xs99S6jnMdYCuJgoJA,Pinoy Planet,97800.0,,,,,,,,,,,,,,,,,,,3.6015572993190784e-05
zOULceGOeSc,UC7HxIb6bY4-ymtAOS_MGsOw,VI3ION,606000.0,0.0,0.0,1.68,1.41,1.69,1.33,0.0,1.73,3.05,1.86,0.0,0.0,0.0,0.05,1.29,0.0,0.0,0.0,0.0001560674829704934
zOk103o-LDg,UCpko_-a4wgz2u_DgDgd9fqA,BuzzFeedVideo,19800000.0,0.065,0.225,0.0,0.72,1.24,2.255,1.575,0.8300000000000001,0.16,0.255,0.605,0.245,0.35,0.0,0.745,0.265,0.0,1.0,0.0002521090109523355
zOxzHZdN6HA,UCQYkvXhPNaRxlu-jAI5_5Zg,LeRoc Living Our Life Philippines,1240.0,,,,,,,,,,,,,,,,,,,0.00010572313362517294
zPZjoBJikro,UCL8IPpUd7kIfEoPgTl2LzPA,Paul in the Philippines Old Dog New Tricks,108000.0,1.63,0.0,0.35,0.16,0.0,0.0,0.0,0.06,0.0,0.0,0.69,0.0,0.0,0.0,0.29,0.0,0.0,1.0,0.0008193542855950903
zSSGBbOkxUM,UCHza0GAxOvBOeLKkMeL8EcQ,Ken Abroad,510000.0,0.1025,0.215,0.0825,0.1275,0.5800000000000001,0.2274999999999999,0.295,0.85,0.78,0.7025,0.41,0.3375,0.5549999999999999,0.0,0.6125,0.4449999999999999,0.0275,1.0,0.00012138582008816153
zTCNb5qPw3A,UC5NF_7WBa8OVDC0Xbs8yvOg,Japapino World ジャパピーノ,174000.0,0.325,0.175,0.205,0.0,1.015,1.15,0.295,1.27,1.685,1.36,0.305,0.26,0.0,0.84,2.115,1.115,0.0,0.0,0.00018207873013224228
zTcCSyucYqI,UCVJkBqXcJjERTM3-pcv7SYA,Dr Anuj Gaba - FMGE ,1380.0,0.0,0.0,0.0,0.0,0.0,0.0,0.0,0.44,1.13,1.69,0.0,0.88,0.0,0.1,1.11,0.15,0.0,1.0,0.0016387085711901807
zVarrDvOmIc,UCumDKkURYIw_dKqtn9hN-Ew,Alina Mcleod,344000.0,0.06,0.0,0.2666666666666666,0.0,0.4933333333333333,1.4633333333333336,0.1566666666666666,0.0766666666666666,0.6833333333333335,0.2433333333333333,0.0,0.0,0.0699999999999999,0.0,0.3999999999999999,0.36,0.5499999999999999,1.0,0.0005462361903967269
zWexXpego-o,UC9DwgmJc-uKnxGavukOy_6w,Aaron Around,9540.0,0.815,0.085,0.0,0.225,0.995,0.195,0.165,1.87,1.88,1.16,0.02,0.425,0.615,0.0,1.01,0.0,0.0,0.0,0.00016387085711901808
zX41c4ZXH9w,UCoYVSCQ0BlM6s33p41gYjRA,Rubeauti,97600.0,,,,,,,,,,,,,,,,,,,0.0010924723807934538
zYZfK4WvGhk,UCdFJ8tCnWWY8Low9bDg8eNw,SYLEWO,1000.0,,,,,,,,,,,,,,,,,,,0.0010924723807934538
zZqpG54vou8,UCVULbH8Ox7HsMpotD0cAo2g,socialprotection.org,3270.0,,,,,,,,,,,,,,,,,,,0.0016387085711901807
zb79c2x8JY4,UCyEd6QBSgat5kkC6svyjudA,Mark Wiens,11400000.0,,,,,,,,,,,,,,,,,,,0.00032774171423803616
zdfnFZDU-Yo,UCryJ4vhASeu7uhXRPOL3WhA,What's up Philippines,311000.0,,,,,,,,,,,,,,,,,,,2.621933713904289e-05
zdk8yETuBcw,UCSjiVW9NV-mcJJ1t6RbMh7A,Down Under Visa,2650.0,,,,,,,,,,,,,,,,,,,0.00014249639749479832
zedJAOBgHMw,UCSrMrcpvabewFQCSBRUAiWw,The Trips,12200.0,1.7733333333333334,2.9566666666666666,0.0,2.763333333333333,0.3033333333333333,0.0,0.0,0.0499999999999999,1.1033333333333333,0.0,0.5666666666666667,0.1133333333333333,0.3266666666666666,0.1533333333333333,0.8733333333333334,0.4966666666666666,0.0,2.0,0.0005462361903967269
zem70-C1JaI,UCLmnb38gWWR2E9h6hP4nBUA,Mithilesh Backpacker,1090000.0,0.32,0.225,0.0,0.515,1.335,0.72,0.0,1.65,1.96,0.925,0.0699999999999999,0.0,0.775,0.0,1.565,0.36,0.0,0.0,0.0008193542855950903
zgorXUEC_dk,UCobYD8WgP3GPOqgvXF2Yy1w,Adam and Jane's Lifestyle,75500.0,0.46,0.0,0.305,0.425,0.69,1.46,0.015,0.96,0.215,0.22,0.53,0.0,0.555,0.0,0.955,0.395,0.0,1.0,6.827952379959086e-05
zgvwrv3Q77U,UCYERz7Fgao2aG2l-TJWjujg,Vacationsgram,10400.0,,,,,,,,,,,,,,,,,,,0.0010924723807934538
zhTGl8I3Z7Y,UCR7wOXiCqQqeZkOjZrcFAuQ,Orphan's Promise,14200.0,0.74,0.18,0.7949999999999999,1.17,0.0,0.0,0.3,0.0,0.455,1.26,0.12,0.085,0.0,0.09,0.045,0.525,0.955,1.0,0.0016387085711901807
zjJOawV31lo,UCTYLltHLCjnZc7g9ltZeDVw,Meet The Nomads,14500.0,0.17,0.0,0.71,0.0,1.49,0.0,0.32,1.36,0.93,0.0,0.79,0.0,0.44,0.0,0.0,0.0,0.0,1.0,0.0005462361903967269
zjLcCRtS-Vc,UCgFP46yVT-GG4o1TgXn-04Q,China Uncensored,2130000.0,2.77,0.0,2.72,0.62,1.02,3.58,2.57,2.66,0.0,0.0,5.0,1.15,0.0,5.0,0.56,0.0,1.69,1.0,0.0004682024489114802
zl071FhqyJI,UCYY2mNcq7pv6IRW92JIT6DA,The Juicy Vlog,583000.0,0.325,0.0,0.04,0.775,0.11,0.0,0.0,0.595,0.285,0.0,0.0,0.0,1.445,0.03,0.505,0.0,0.5,1.0,0.00014249639749479832
zlnkzcqwe3E,UC_hN8xs99S6jnMdYCuJgoJA,Pinoy Planet,97800.0,0.0,0.0,0.08,0.0,2.43,3.78,0.21,1.68,3.16,0.76,0.0,0.0,0.63,0.55,2.71,0.32,0.2,0.0,3.6015572993190784e-05
zm_8N4vFnZw,UCobYD8WgP3GPOqgvXF2Yy1w,Adam and Jane's Lifestyle,75500.0,0.636,0.056,0.8099999999999999,0.51,0.412,0.61,0.206,0.554,0.422,0.8640000000000001,0.286,0.15,0.506,0.0,0.102,0.122,0.24,1.0,6.827952379959086e-05
zpT46etTP6E,UCAv7YCgnRo86h7gOMMBf-GQ,GagaOOLala - Find YourStory,727000.0,1.8966666666666665,0.2566666666666666,1.7,1.12,0.0699999999999999,0.16,0.0,0.7333333333333334,0.0766666666666666,0.4366666666666667,0.7766666666666667,0.8799999999999999,0.32,0.0,0.4233333333333333,0.8266666666666667,0.0666666666666666,1.0,0.0006554834284760723
zqvDHfgxWh8,UC5srj0Tgfq-FuFyk9HFl0Rw,GoldenTV Network,261000.0,,,,,,,,,,,,,,,,,,,0.00032774171423803616
zrUXJ9Ul4ak,UCGSLwd21qtaUh3mF-5X8b4A,Olivia Ortiz,127000.0,0.9,0.0,0.89,0.8,3.01,3.28,1.44,1.91,2.58,0.88,0.02,0.0,0.0,0.01,2.5,2.07,0.0,0.0,0.0004682024489114802
zud0s365CNY,UCe6eisvsctSPvBhmincn6kA,Joe HaTTab,17900000.0,0.0,0.5,0.0,1.39,0.18,0.14,0.82,1.72,0.0,0.29,1.44,2.3,0.0,0.09,0.0,0.0,0.0,1.0,0.0010924723807934538
zurBNvmMQ2Y,UCVGxrPOe4sO05dsepa42l8w,Brad Newton - Fitness Street,27300.0,0.36,0.0,0.0,0.24,1.13,2.07,0.48,1.75,1.38,1.1,0.0,0.0,0.0,0.95,1.99,2.69,0.0,0.0,0.0004682024489114802
zvTP6wl9sTU,UCt9BTGSxATM6axwfTY4KnEg,A Foreigner in the Philippines,265000.0,,,,,,,,,,,,,,,,,,,5.462361903967269e-05
zwOJjQuL4i4,UCig5Kw1Z2cLtSv0D-Fu8I8g,Starone TV,3340.0,0.19,0.22,0.0,0.0,0.38,1.36,0.09,0.0,0.87,0.0,0.0,0.0,0.0,0.0,1.36,0.45,0.28,1.0,0.0006554834284760723
zx-bATPSFaM,UCobYD8WgP3GPOqgvXF2Yy1w,Adam and Jane's Lifestyle,75500.0,1.2733333333333332,0.7866666666666667,0.9933333333333332,0.0,0.52,0.5066666666666667,0.41,0.7533333333333334,1.1166666666666667,0.91,0.2266666666666666,0.18,0.3333333333333333,0.3633333333333333,0.7466666666666667,0.1133333333333333,1.2466666666666666,1.0,6.827952379959086e-05
